I0,I1,I2,½Ç¶Èrad,½ÇËÙ¶Èrad/s,Å¤¾ØNm
-1.206607,0.007328,-0.061050,2.083576,0.021978,-0.637362
-1.206607,0.007328,-0.061050,2.083195,0.007326,-0.632479
-1.206607,-0.021978,-0.056166,2.083576,0.007326,-0.632479
-1.206607,-0.021978,-0.056166,2.083576,0.007326,-0.632479
-1.206607,0.007328,-0.056166,2.083576,0.021978,-0.632479
-1.206607,-0.007326,-0.056166,2.083576,0.021978,-0.632479
-1.206607,-0.007326,-0.056166,2.083195,0.007326,-0.632479
-1.206607,-0.021978,-0.056166,2.083576,0.007326,-0.637362
-1.206607,-0.007326,-0.056166,2.083576,0.021978,-0.637362
-1.206607,-0.021978,-0.056166,2.083576,0.007326,-0.632479
-1.206607,-0.007326,-0.056166,2.083576,0.007326,-0.632479
-1.206607,-0.007326,-0.056166,2.083195,0.007326,-0.632479
-1.206607,-0.007326,-0.061050,2.083576,0.007326,-0.637362
-1.206607,-0.007326,-0.056166,2.083195,0.007326,-0.637362
-1.206607,-0.007326,-0.061050,2.083576,0.007326,-0.632479
-1.206607,0.007328,-0.056166,2.083195,0.007326,-0.632479
-1.206607,-0.007326,-0.061050,2.083576,0.007326,-0.632479
-1.206607,-0.021978,-0.061050,2.083576,0.007326,-0.632479
-1.206607,-0.007326,-0.061050,2.083576,0.007326,-0.632479
-1.206607,-0.007326,-0.061050,2.083576,0.007326,-0.627595
-1.206607,-0.007326,-0.061050,2.083576,0.021978,-0.632479
-1.206607,-0.007326,-0.061050,2.083576,0.007326,-0.632479
-1.206607,-0.007326,-0.061050,2.083576,0.007326,-0.637362
-1.206607,-0.007326,-0.061050,2.083195,0.007326,-0.637362
-1.206607,-0.007326,-0.061050,2.083576,-0.007328,-0.637362
-1.206607,0.007328,-0.061050,2.083576,0.021978,-0.637362
-1.206607,-0.007326,-0.061050,2.083576,0.007326,-0.637362
-1.206607,-0.007326,-0.061050,2.083576,0.007326,-0.637362
-1.206607,-0.021978,-0.056166,2.083576,0.021978,-0.642246
-1.206607,-0.007326,-0.056166,2.083576,-0.007328,-0.642246
-1.206607,-0.007326,-0.061050,2.083195,0.007326,-0.637362
-1.206607,-0.007326,-0.061050,2.083576,0.007326,-0.637362
-1.206607,-0.007326,-0.056166,2.083576,0.007326,-0.632479
-1.206607,-0.007326,-0.061050,2.083576,0.007326,-0.632479
-1.206607,-0.021978,-0.061050,2.083195,-0.007328,-0.632479
-1.206607,-0.007326,-0.056166,2.083576,0.007326,-0.632479
-1.206607,-0.007326,-0.056166,2.083576,0.021978,-0.637362
-1.206607,-0.007326,-0.056166,2.083576,-0.007328,-0.637362
-1.206607,-0.007326,-0.056166,2.083576,0.007326,-0.637362
-1.206607,-0.021978,-0.056166,2.083576,0.007326,-0.637362
-1.206607,-0.007326,-0.056166,2.083576,0.007326,-0.632479
-1.206607,-0.021978,-0.056166,2.083195,-0.007328,-0.632479
-1.206607,-0.007326,-0.056166,2.083195,0.007326,-0.637362
-1.206607,-0.007326,-0.061050,2.083576,0.007326,-0.637362
-1.206607,-0.021978,-0.056166,2.083576,0.021978,-0.632479
-1.206607,-0.007326,-0.056166,2.083195,0.007326,-0.632479
-1.206607,-0.007326,-0.061050,2.083576,0.007326,-0.632479
-1.206607,0.007328,-0.056166,2.083576,0.007326,-0.632479
-1.206607,-0.007326,-0.056166,2.083576,0.007326,-0.637362
-1.206607,-0.021978,-0.056166,2.083576,0.007326,-0.637362
-1.206607,-0.007326,-0.061050,2.083576,0.007326,-0.642246
-1.206607,-0.007326,-0.061050,2.083195,-0.007328,-0.642246
-1.206607,-0.021978,-0.056166,2.083576,0.021978,-0.642246
-1.206607,-0.007326,-0.061050,2.083576,0.007326,-0.637362
-1.206607,-0.007326,-0.061050,2.083576,-0.007328,-0.642246
-1.206607,-0.007326,-0.061050,2.083195,0.007326,-0.642246
-1.206607,-0.007326,-0.056166,2.083576,0.007326,-0.642246
-1.206607,-0.007326,-0.056166,2.083576,-0.007328,-0.642246
-1.206607,0.007328,-0.056166,2.083576,0.007326,-0.642246
-1.206607,-0.007326,-0.061050,2.083576,0.007326,-0.642246
-1.206607,-0.007326,-0.056166,2.083576,0.007326,-0.642246
-1.206607,-0.021978,-0.056166,2.083576,0.021978,-0.642246
-1.206607,-0.007326,-0.056166,2.083576,0.021978,-0.637362
-1.206607,-0.007326,-0.056166,2.083576,0.021978,-0.637362
-1.206607,-0.007326,-0.056166,2.083576,0.007326,-0.642246
-1.206607,-0.007326,-0.056166,2.083576,0.007326,-0.642246
-1.206607,-0.021978,-0.061050,2.083195,0.007326,-0.642246
-1.206607,-0.007326,-0.061050,2.083195,0.007326,-0.642246
-1.206607,0.007328,-0.056166,2.083576,0.007326,-0.637362
-1.206607,-0.007326,-0.056166,2.083195,0.007326,-0.642246
-1.206607,0.007328,-0.056166,2.083576,0.007326,-0.642246
-1.206607,-0.021978,-0.061050,2.083576,-0.007328,-0.637362
-1.206607,-0.007326,-0.061050,2.083576,0.007326,-0.642246
-1.206607,-0.007326,-0.056166,2.083576,0.021978,-0.642246
-1.206607,0.007328,-0.056166,2.083576,0.021978,-0.637362
-1.206607,-0.007326,-0.056166,2.083195,-0.007328,-0.632479
-1.206607,-0.007326,-0.056166,2.083195,0.007326,-0.632479
-1.206607,-0.007326,-0.056166,2.083576,0.007326,-0.637362
-1.206607,-0.021978,-0.056166,2.083576,0.007326,-0.637362
-1.206607,-0.021978,-0.056166,2.083576,-0.007328,-0.637362
-1.206607,-0.007326,-0.056166,2.083576,0.007326,-0.642246
-1.206607,-0.007326,-0.056166,2.083576,0.007326,-0.637362
-1.206607,-0.007326,-0.056166,2.083576,0.007326,-0.637362
-1.206607,0.007328,-0.056166,2.083576,0.007326,-0.637362
-1.206607,-0.007326,-0.056166,2.083576,0.021978,-0.642246
-1.206607,-0.021978,-0.061050,2.083576,0.007326,-0.642246
-1.206607,-0.007326,-0.061050,2.083576,0.007326,-0.637362
-1.206607,-0.021978,-0.061050,2.083576,0.007326,-0.637362
-1.206607,0.007328,-0.056166,2.083576,0.007326,-0.642246
-1.206607,0.007328,-0.061050,2.083576,-0.007328,-0.642246
-1.206607,-0.007326,-0.061050,2.083576,0.007326,-0.642246
-1.206607,-0.007326,-0.061050,2.083195,-0.007328,-0.642246
-1.206607,-0.007326,-0.061050,2.083576,0.007326,-0.637362
-1.206607,-0.007326,-0.056166,2.083576,0.007326,-0.642246
-1.206607,-0.007326,-0.061050,2.083576,0.007326,-0.642246
-1.206607,-0.021978,-0.061050,2.083576,0.007326,-0.637362
-1.206607,-0.007326,-0.061050,2.083576,-0.007328,-0.637362
-1.206988,-0.021978,-0.061050,2.083576,0.007326,-0.637362
-1.206607,-0.007326,-0.056166,2.083576,0.007326,-0.637362
-1.206607,-0.007326,-0.061050,2.083576,0.007326,-0.637362
-1.206607,-0.021978,-0.061050,2.083576,0.021978,-0.637362
-1.206607,-0.007326,-0.061050,2.083576,-0.007328,-0.642246
-1.206607,-0.021978,-0.061050,2.083576,0.021978,-0.642246
-1.206607,-0.007326,-0.061050,2.083576,0.007326,-0.642246
-1.206607,-0.007326,-0.061050,2.083576,0.007326,-0.642246
-1.206607,-0.007326,-0.061050,2.083576,0.007326,-0.647131
-1.206607,-0.007326,-0.061050,2.083576,0.007326,-0.642246
-1.206607,-0.007326,-0.061050,2.083576,0.007326,-0.642246
-1.206607,0.007328,-0.061050,2.083576,0.007326,-0.642246
-1.206607,-0.007326,-0.056166,2.083576,0.021978,-0.642246
-1.206607,-0.007326,-0.061050,2.083576,0.007326,-0.637362
-1.206607,-0.007326,-0.061050,2.083576,0.007326,-0.637362
-1.206607,-0.007326,-0.061050,2.083195,0.007326,-0.637362
-1.206607,-0.007326,-0.056166,2.083195,0.007326,-0.637362
-1.206607,-0.007326,-0.056166,2.083576,0.021978,-0.637362
-1.206607,-0.007326,-0.056166,2.083576,-0.007328,-0.632479
-1.206607,-0.007326,-0.056166,2.083195,0.007326,-0.637362
-1.206607,-0.007326,-0.056166,2.083576,0.007326,-0.642246
-1.206607,0.007328,-0.061050,2.083195,0.007326,-0.642246
-1.206607,-0.021978,-0.056166,2.083576,0.007326,-0.642246
-1.206607,-0.021978,-0.061050,2.083576,0.007326,-0.642246
-1.206607,-0.007326,-0.061050,2.083576,0.007326,-0.642246
-1.206607,-0.007326,-0.061050,2.083195,0.007326,-0.637362
-1.206607,-0.007326,-0.056166,2.083576,0.007326,-0.637362
-1.206607,-0.021978,-0.061050,2.083576,0.007326,-0.642246
-1.206607,-0.007326,-0.061050,2.083576,0.021978,-0.642246
-1.206607,-0.007326,-0.056166,2.083576,0.007326,-0.642246
-1.206607,-0.007326,-0.061050,2.083576,0.007326,-0.637362
-1.206607,-0.007326,-0.056166,2.083195,0.007326,-0.637362
-1.206607,-0.007326,-0.056166,2.083576,0.007326,-0.642246
-1.206607,-0.007326,-0.056166,2.083576,0.007326,-0.642246
-1.206607,-0.036631,-0.056166,2.083576,0.007326,-0.642246
-1.206607,-0.007326,-0.056166,2.083576,0.007326,-0.637362
-1.206607,-0.007326,-0.056166,2.083576,0.021978,-0.642246
-1.206607,-0.007326,-0.056166,2.083576,0.007326,-0.637362
-1.206607,-0.007326,-0.056166,2.083576,0.007326,-0.637362
-1.206607,-0.007326,-0.056166,2.083576,0.007326,-0.642246
-1.206607,-0.007326,-0.056166,2.083576,0.007326,-0.637362
-1.206607,-0.007326,-0.056166,2.083576,0.021978,-0.637362
-1.206607,-0.007326,-0.056166,2.083576,0.021978,-0.637362
-1.206607,-0.021978,-0.056166,2.083576,0.007326,-0.637362
-1.206607,-0.007326,-0.061050,2.083576,0.007326,-0.637362
-1.206607,0.007328,-0.061050,2.083576,0.007326,-0.642246
-1.206607,-0.007326,-0.061050,2.083576,0.007326,-0.642246
-1.206607,-0.007326,-0.056166,2.083576,0.007326,-0.637362
-1.206607,0.007328,-0.056166,2.083195,-0.007328,-0.642246
-1.206607,-0.007326,-0.056166,2.083576,-0.007328,-0.642246
-1.206607,0.007328,-0.056166,2.083576,0.007326,-0.647131
-1.206607,0.007328,-0.061050,2.083576,-0.007328,-0.642246
-1.206607,-0.007326,-0.061050,2.083576,0.021978,-0.642246
-1.206607,-0.021978,-0.061050,2.083576,0.021978,-0.642246
-1.206607,0.007328,-0.056166,2.083576,0.021978,-0.642246
-1.206607,0.007328,-0.056166,2.083576,-0.007328,-0.637362
-1.206607,-0.007326,-0.056166,2.083576,0.007326,-0.637362
-1.206607,-0.007326,-0.056166,2.083576,-0.007328,-0.637362
-1.206607,-0.007326,-0.056166,2.083195,-0.007328,-0.637362
-1.206607,-0.007326,-0.061050,2.083576,0.021978,-0.632479
-1.206607,-0.007326,-0.056166,2.083195,-0.007328,-0.637362
-1.206607,-0.021978,-0.056166,2.083576,0.007326,-0.637362
-1.206607,-0.007326,-0.061050,2.083576,0.007326,-0.637362
-1.206607,-0.007326,-0.056166,2.083576,0.007326,-0.642246
-1.206607,0.007328,-0.061050,2.083576,0.007326,-0.642246
-1.206607,-0.021978,-0.056166,2.083576,0.007326,-0.647131
-1.206607,-0.007326,-0.056166,2.083576,0.007326,-0.652015
-1.206607,-0.007326,-0.056166,2.083576,0.007326,-0.656898
-1.206607,-0.007326,-0.056166,2.083576,0.007326,-0.661782
-1.206607,0.007328,-0.056166,2.083576,0.007326,-0.666667
-1.206607,-0.007326,-0.056166,2.083576,0.021978,-0.671551
-1.206607,-0.007326,-0.061050,2.083576,0.007326,-0.676435
-1.206607,-0.007326,-0.056166,2.083576,0.021978,-0.686203
-1.206607,-0.007326,-0.061050,2.083576,0.007326,-0.695971
-1.206607,-0.007326,-0.056166,2.083576,0.007326,-0.700854
-1.206607,0.007328,-0.061050,2.083576,0.007326,-0.705739
-1.206607,-0.021978,-0.056166,2.083958,0.021978,-0.710623
-1.206607,-0.007326,-0.056166,2.083958,0.021978,-0.720390
-1.206607,-0.007326,-0.061050,2.083958,0.021978,-0.725275
-1.206607,-0.021978,-0.056166,2.083958,0.007326,-0.730159
-1.206607,-0.007326,-0.056166,2.083958,0.007326,-0.730159
-1.206607,-0.007326,-0.056166,2.083958,0.021978,-0.739926
-1.206607,-0.021978,-0.056166,2.083958,0.021978,-0.739926
-1.206607,-0.007326,-0.061050,2.083958,0.021978,-0.744811
-1.206607,0.007328,-0.061050,2.083958,0.007326,-0.744811
-1.206607,-0.007326,-0.056166,2.084339,0.036631,-0.744811
-1.206607,-0.007326,-0.056166,2.084339,0.021978,-0.744811
-1.206607,-0.007326,-0.056166,2.084339,0.021978,-0.744811
-1.206607,-0.007326,-0.056166,2.084339,0.036631,-0.744811
-1.206607,-0.007326,-0.056166,2.084339,0.021978,-0.739926
-1.206607,0.007328,-0.056166,2.084339,0.021978,-0.735043
-1.206607,-0.007326,-0.061050,2.084721,0.021978,-0.730159
-1.206607,-0.021978,-0.056166,2.084721,0.007326,-0.725275
-1.206607,-0.007326,-0.056166,2.084721,0.021978,-0.720390
-1.206607,-0.007326,-0.056166,2.084721,0.007326,-0.710623
-1.206607,-0.007326,-0.061050,2.084339,-0.007328,-0.695971
-1.206607,-0.007326,-0.061050,2.084339,-0.007328,-0.686203
-1.206607,-0.007326,-0.061050,2.084339,-0.021980,-0.676435
-1.206607,-0.021978,-0.056166,2.084339,-0.007328,-0.661782
-1.206607,-0.007326,-0.056166,2.083958,-0.051285,-0.647131
-1.206607,0.007328,-0.056166,2.083958,-0.036633,-0.637362
-1.206607,-0.007326,-0.056166,2.083958,-0.021980,-0.617826
-1.206607,0.007328,-0.061050,2.083576,-0.036633,-0.603174
-1.206607,-0.007326,-0.056166,2.083576,-0.036633,-0.583638
-1.206607,-0.007326,-0.056166,2.083195,-0.051285,-0.568987
-1.206607,-0.007326,-0.061050,2.083195,-0.021980,-0.549451
-1.206607,-0.007326,-0.056166,2.082814,-0.051285,-0.534799
-1.206607,-0.021978,-0.056166,2.082814,-0.036633,-0.515263
-1.206607,-0.007326,-0.056166,2.082432,-0.036633,-0.495727
-1.206607,0.007328,-0.056166,2.082432,-0.036633,-0.476191
-1.206607,-0.007326,-0.056166,2.082051,-0.036633,-0.461538
-1.206607,-0.021978,-0.056166,2.082051,-0.036633,-0.442002
-1.206607,-0.007326,-0.056166,2.081669,-0.065935,-0.432235
-1.206607,0.007328,-0.061050,2.081288,-0.080587,-0.422466
-1.206607,0.007328,-0.061050,2.080525,-0.124544,-0.407814
-1.206607,0.007328,-0.061050,2.079762,-0.183151,-0.393163
-1.206607,-0.007326,-0.061050,2.078999,-0.183151,-0.373627
-1.206607,0.007328,-0.056166,2.078235,-0.183151,-0.368742
-1.206607,-0.021978,-0.056166,2.076709,-0.300367,-0.388278
-1.206607,-0.007326,-0.056166,2.074802,-0.402931,-0.398046
-1.206607,0.021980,-0.061050,2.072513,-0.432236,-0.373627
-1.206607,-0.007326,-0.061050,2.070606,-0.476192,-0.344322
-1.206607,-0.007326,-0.061050,2.068317,-0.505497,-0.354091
-1.206607,-0.007326,-0.061050,2.066028,-0.578756,-0.373627
-1.206607,-0.007326,-0.061050,2.062976,-0.695972,-0.373627
-1.206607,-0.007326,-0.061050,2.059543,-0.769232,-0.373627
-1.206607,-0.021978,-0.061050,2.056491,-0.769232,-0.368742
-1.206607,0.007328,-0.061050,2.053058,-0.827841,-0.383394
-1.206607,-0.007326,-0.061050,2.049625,-0.842493,-0.388278
-1.206607,-0.007326,-0.061050,2.045810,-0.915752,-0.412699
-1.206607,-0.007326,-0.061050,2.041995,-0.915752,-0.412699
-1.206607,0.007328,-0.061050,2.038181,-0.945057,-0.422466
-1.206607,-0.007326,-0.056166,2.034366,-0.930405,-0.437119
-1.206607,-0.007326,-0.061050,2.030551,-0.945057,-0.466422
-1.206607,0.007328,-0.061050,2.026354,-1.018316,-0.500610
-1.206607,-0.021978,-0.061050,2.022158,-1.003664,-0.515263
-1.206607,-0.007326,-0.061050,2.018343,-0.989014,-0.525030
-1.206607,-0.007326,-0.056166,2.014529,-0.945057,-0.544566
-1.206607,-0.007326,-0.056166,2.011477,-0.871796,-0.568987
-1.206607,-0.007326,-0.056166,2.008425,-0.842493,-0.603174
-1.206607,-0.007326,-0.061050,2.004992,-0.798536,-0.642246
-1.206607,-0.007326,-0.061050,2.002321,-0.739929,-0.661782
-1.206607,-0.007326,-0.061050,1.999651,-0.681320,-0.676435
-1.206607,-0.007326,-0.061050,1.998125,-0.476192,-0.691087
-1.206607,-0.007326,-0.056166,1.996599,-0.432236,-0.744811
-1.206607,-0.021978,-0.056166,1.995455,-0.344324,-0.769231
-1.206607,-0.007326,-0.061050,1.994692,-0.227108,-0.793651
-1.206607,-0.007326,-0.056166,1.994692,-0.109892,-0.827839
-1.206607,-0.007326,-0.056166,1.995074,0.007326,-0.857142
-1.206607,-0.007326,-0.056166,1.995455,0.109890,-0.891331
-1.206607,0.007328,-0.056166,1.996599,0.183149,-0.920635
-1.206607,-0.007326,-0.056166,1.997744,0.241758,-0.949939
-1.206607,-0.007326,-0.056166,1.999270,0.358974,-0.964591
-1.206607,0.007328,-0.056166,2.001940,0.549450,-0.974359
-1.206607,-0.007326,-0.056166,2.004610,0.608059,-1.008547
-1.206607,-0.007326,-0.056166,2.007662,0.725275,-1.018315
-1.206607,-0.007326,-0.061050,2.011858,0.901098,-1.018315
-1.206607,-0.007326,-0.061050,2.016054,1.032967,-1.037851
-1.206607,-0.007326,-0.061050,2.021395,1.164835,-1.032967
-1.206607,-0.007326,-0.061050,2.026736,1.282051,-1.047619
-1.206607,-0.007326,-0.061050,2.032840,1.428572,-1.052503
-1.206607,-0.007326,-0.061050,2.039706,1.604395,-1.037851
-1.206607,0.007328,-0.061050,2.046954,1.736263,-1.052503
-1.206607,-0.007326,-0.056166,2.054202,1.794872,-1.052503
-1.206607,-0.007326,-0.056166,2.062213,1.926741,-1.028083
-1.206607,-0.007326,-0.056166,2.070987,2.102564,-1.003663
-1.206607,-0.007326,-0.051282,2.080143,2.190475,-1.003663
-1.206607,-0.007326,-0.056166,2.089298,2.322344,-0.979243
-1.206607,-0.007326,-0.056166,2.099217,2.380953,-0.974359
-1.206607,-0.007326,-0.056166,2.108753,2.410255,-0.954823
-1.206607,-0.007326,-0.056166,2.119053,2.468864,-0.910867
-1.206607,-0.007326,-0.056166,2.129353,2.571428,-0.876678
-1.206607,-0.007326,-0.056166,2.140034,2.630037,-0.852259
-1.206607,-0.007326,-0.056166,2.150715,2.630037,-0.822955
-1.206607,-0.007326,-0.056166,2.161015,2.615385,-0.798534
-1.206607,0.007328,-0.061050,2.170933,2.571428,-0.764347
-1.206607,-0.021978,-0.056166,2.181234,2.542124,-0.715507
-1.206607,-0.007326,-0.061050,2.191152,2.527472,-0.676435
-1.206607,0.007328,-0.056166,2.201070,2.498169,-0.632479
-1.206607,-0.007326,-0.056166,2.210225,2.395605,-0.603174
-1.206607,-0.007326,-0.056166,2.218999,2.278389,-0.564102
-1.206607,-0.007326,-0.056166,2.227392,2.175823,-0.525030
-1.206607,-0.007326,-0.056166,2.235022,2.014652,-0.490843
-1.206607,-0.007326,-0.061050,2.242270,1.868132,-0.432235
-1.206607,-0.007326,-0.061050,2.248755,1.765568,-0.383394
-1.206607,-0.007326,-0.061050,2.254477,1.575092,-0.368742
-1.206607,-0.007326,-0.061050,2.259054,1.326008,-0.339438
-1.206607,0.007328,-0.061050,2.262488,1.047619,-0.315019
-1.206607,-0.007326,-0.065934,2.265921,0.901098,-0.261294
-1.206607,-0.007326,-0.065934,2.267828,0.652014,-0.236875
-1.206607,-0.007326,-0.061050,2.268973,0.446886,-0.222222
-1.206607,-0.021978,-0.061050,2.268973,0.139194,-0.217339
-1.206607,0.007328,-0.061050,2.267828,-0.080587,-0.183150
-1.206607,-0.021978,-0.061050,2.266302,-0.256413,-0.144078
-1.206607,0.007328,-0.061050,2.264014,-0.432236,-0.129426
-1.206607,-0.007326,-0.056166,2.260962,-0.666668,-0.129426
-1.206607,0.007328,-0.056166,2.256384,-0.945057,-0.134310
-1.206607,-0.021978,-0.056166,2.251044,-1.150185,-0.119658
-1.206607,-0.007326,-0.056166,2.245703,-1.252748,-0.105006
-1.206607,-0.007326,-0.056166,2.239599,-1.413921,-0.114774
-1.206607,0.007328,-0.056166,2.232733,-1.604397,-0.144078
-1.206607,-0.007326,-0.056166,2.224721,-1.868134,-0.173382
-1.206607,-0.021978,-0.051282,2.216329,-1.985350,-0.168498
-1.206607,-0.007326,-0.051282,2.207555,-2.117218,-0.183150
-1.206607,-0.007326,-0.051282,2.198400,-2.175827,-0.207570
-1.206607,-0.021978,-0.051282,2.188863,-2.307693,-0.231990
-1.206607,-0.007326,-0.051282,2.178945,-2.439564,-0.290598
-1.206607,0.021980,-0.051282,2.168263,-2.571430,-0.310134
-1.206607,-0.007326,-0.046398,2.157963,-2.600735,-0.329670
-1.206607,-0.007326,-0.046398,2.147282,-2.615387,-0.373627
-1.206607,-0.007326,-0.046398,2.136601,-2.673996,-0.412699
-1.206607,-0.007326,-0.046398,2.125538,-2.703297,-0.471307
-1.206607,-0.007326,-0.046398,2.114475,-2.732601,-0.500610
-1.206607,-0.007326,-0.046398,2.103794,-2.703297,-0.544566
-1.206607,-0.007326,-0.046398,2.093495,-2.630039,-0.583638
-1.206607,-0.021978,-0.046398,2.083195,-2.571430,-0.617826
-1.206607,0.007328,-0.046398,2.073276,-2.512821,-0.681318
-1.206607,-0.007326,-0.046398,2.063739,-2.439564,-0.720390
-1.206607,-0.021978,-0.046398,2.054965,-2.278389,-0.739926
-1.206607,0.007328,-0.046398,2.046954,-2.117218,-0.793651
-1.206607,-0.007326,-0.046398,2.038944,-2.000000,-0.832723
-1.206607,-0.007326,-0.046398,2.032459,-1.809525,-0.857142
-1.206607,-0.007326,-0.046398,2.025973,-1.633701,-0.915751
-1.206607,-0.007326,-0.046398,2.020632,-1.472528,-0.959707
-1.206607,-0.021978,-0.051282,2.016054,-1.252748,-0.969475
-1.206607,0.007328,-0.056166,2.012621,-1.018316,-1.003663
-1.206607,-0.007326,-0.056166,2.009951,-0.783884,-1.023199
-1.206607,-0.021978,-0.056166,2.008425,-0.534800,-1.052503
-1.206607,-0.007326,-0.061050,2.008044,-0.285717,-1.072039
-1.206607,-0.007326,-0.061050,2.008425,-0.051285,-1.096459
-1.206607,-0.007326,-0.061050,2.009569,0.124542,-1.120879
-1.206607,-0.007326,-0.061050,2.011477,0.373627,-1.115995
-1.206607,0.007328,-0.061050,2.014529,0.622711,-1.120879
-1.206607,-0.007326,-0.061050,2.018343,0.827839,-1.135531
-1.206607,-0.007326,-0.061050,2.022921,1.003662,-1.140415
-1.206607,-0.007326,-0.065934,2.027880,1.179487,-1.135531
-1.206607,-0.007326,-0.065934,2.033984,1.369963,-1.130647
-1.206607,-0.021978,-0.061050,2.040469,1.560440,-1.111111
-1.206607,-0.021978,-0.061050,2.047717,1.706959,-1.106227
-1.206607,-0.007326,-0.061050,2.054965,1.780220,-1.091575
-1.206607,-0.007326,-0.061050,2.063358,1.941391,-1.047619
-1.206607,-0.007326,-0.061050,2.071750,2.102564,-1.018315
-1.206607,-0.007326,-0.061050,2.081288,2.205128,-0.989011
-1.206607,-0.007326,-0.061050,2.090824,2.336996,-0.949939
-1.206607,-0.007326,-0.061050,2.100361,2.410255,-0.935287
-1.206607,-0.007326,-0.056166,2.110279,2.424908,-0.905983
-1.206607,-0.007326,-0.056166,2.120198,2.468864,-0.842491
-1.206607,-0.007326,-0.056166,2.130497,2.527472,-0.803419
-1.206607,-0.021978,-0.056166,2.140797,2.571428,-0.769231
-1.206607,-0.007326,-0.051282,2.150715,2.542124,-0.725275
-1.206607,-0.007326,-0.051282,2.160633,2.468864,-0.691087
-1.206607,-0.007326,-0.051282,2.169789,2.380953,-0.647131
-1.206607,-0.007326,-0.051282,2.178945,2.322344,-0.598290
-1.206607,-0.021978,-0.051282,2.187719,2.249084,-0.549451
-1.206607,0.007328,-0.051282,2.196111,2.161173,-0.495727
-1.206607,-0.021978,-0.051282,2.203740,2.029305,-0.466422
-1.206607,0.007328,-0.051282,2.210607,1.838827,-0.437119
-1.206607,-0.007326,-0.051282,2.217092,1.692308,-0.393163
-1.206607,-0.007326,-0.056166,2.222814,1.531136,-0.349206
-1.206607,-0.007326,-0.056166,2.227392,1.326008,-0.319902
-1.206607,-0.007326,-0.056166,2.231207,1.091576,-0.290598
-1.206607,-0.007326,-0.056166,2.234259,0.886446,-0.266178
-1.206607,0.007328,-0.056166,2.235785,0.593407,-0.241758
-1.206607,0.007328,-0.056166,2.236548,0.344322,-0.207570
-1.206607,-0.021978,-0.061050,2.236929,0.168499,-0.173382
-1.206607,-0.007326,-0.056166,2.235785,-0.065935,-0.163614
-1.206607,-0.007326,-0.061050,2.233496,-0.344324,-0.168498
-1.206607,0.007328,-0.061050,2.230444,-0.608061,-0.153846
-1.206607,-0.007326,-0.061050,2.227011,-0.783884,-0.129426
-1.206607,-0.021978,-0.061050,2.222432,-1.003664,-0.124542
-1.206607,-0.007326,-0.065934,2.217473,-1.135532,-0.109890
-1.206607,-0.007326,-0.065934,2.211751,-1.311357,-0.129426
-1.206607,-0.007326,-0.065934,2.204885,-1.545790,-0.153846
-1.206607,-0.007326,-0.065934,2.197255,-1.750917,-0.158731
-1.206607,-0.007326,-0.065934,2.189626,-1.838829,-0.158731
-1.206607,-0.007326,-0.061050,2.181615,-1.941393,-0.183150
-1.206607,-0.021978,-0.056166,2.172840,-2.087914,-0.222222
-1.206607,-0.007326,-0.056166,2.163685,-2.190479,-0.256411
-1.206607,-0.007326,-0.056166,2.154148,-2.307693,-0.295483
-1.206607,0.007328,-0.056166,2.144230,-2.410259,-0.324786
-1.206607,-0.007326,-0.056166,2.134312,-2.454216,-0.363858
-1.206607,-0.007326,-0.051282,2.124012,-2.498169,-0.402930
-1.206607,-0.007326,-0.051282,2.113713,-2.542126,-0.442002
-1.206607,-0.007326,-0.051282,2.103794,-2.527473,-0.495727
-1.206607,-0.007326,-0.051282,2.093495,-2.527473,-0.539682
-1.206607,0.007328,-0.051282,2.083576,-2.483517,-0.578754
-1.206607,-0.021978,-0.051282,2.074039,-2.424911,-0.632479
-1.206607,-0.007326,-0.051282,2.064502,-2.366302,-0.681318
-1.206607,-0.021978,-0.046398,2.056110,-2.234432,-0.700854
-1.206607,-0.007326,-0.046398,2.048099,-2.102566,-0.759462
-1.206607,0.007328,-0.046398,2.040088,-2.000000,-0.803419
-1.206607,-0.007326,-0.041514,2.033221,-1.838829,-0.827839
-1.206607,-0.007326,-0.041514,2.026736,-1.663006,-0.886447
-1.206607,0.007328,-0.041514,2.021395,-1.501833,-0.930403
-1.206607,-0.021978,-0.041514,2.016817,-1.296705,-0.949939
-1.206607,-0.007326,-0.046398,2.013003,-1.062273,-0.989011
-1.206607,-0.007326,-0.041514,2.009951,-0.857145,-1.008547
-1.206607,-0.007326,-0.046398,2.008044,-0.608061,-1.042735
-1.206607,-0.007326,-0.046398,2.007281,-0.344324,-1.062271
-1.206607,-0.007326,-0.046398,2.007662,-0.080587,-1.086691
-1.206607,-0.007326,-0.051282,2.008806,0.109890,-1.115995
-1.206607,-0.007326,-0.056166,2.010332,0.329670,-1.115995
-1.206607,-0.007326,-0.051282,2.013384,0.593407,-1.111111
-1.206607,0.007328,-0.056166,2.017199,0.798534,-1.125763
-1.206607,-0.021978,-0.056166,2.021776,1.032967,-1.130647
-1.206607,-0.007326,-0.061050,2.027117,1.179487,-1.135531
-1.206607,-0.007326,-0.061050,2.032840,1.355310,-1.135531
-1.206607,-0.021978,-0.061050,2.039325,1.531136,-1.106227
-1.206607,0.007328,-0.061050,2.046573,1.692308,-1.096459
-1.206607,-0.007326,-0.061050,2.053821,1.809525,-1.081807
-1.206607,0.007328,-0.065934,2.062213,1.941391,-1.042735
-1.206607,-0.007326,-0.065934,2.070606,2.087912,-1.008547
-1.206607,-0.007326,-0.065934,2.079762,2.175823,-0.984127
-1.206607,-0.007326,-0.065934,2.089298,2.307692,-0.935287
-1.206607,-0.007326,-0.065934,2.098835,2.366301,-0.915751
-1.206607,-0.007326,-0.065934,2.108372,2.366301,-0.886447
-1.206607,-0.007326,-0.065934,2.117909,2.424908,-0.827839
-1.206607,-0.007326,-0.065934,2.128208,2.454212,-0.774115
-1.206607,0.007328,-0.061050,2.137745,2.483517,-0.735043
-1.206607,-0.007326,-0.061050,2.147282,2.439560,-0.691087
-1.206607,0.007328,-0.056166,2.156819,2.366301,-0.652015
-1.206607,-0.007326,-0.056166,2.165592,2.278389,-0.608059
-1.206607,-0.007326,-0.056166,2.174366,2.175823,-0.554335
-1.206607,-0.007326,-0.056166,2.182378,2.102564,-0.510379
-1.206607,-0.007326,-0.051282,2.189626,1.970695,-0.461538
-1.206607,-0.007326,-0.056166,2.196874,1.868132,-0.412699
-1.206607,-0.007326,-0.056166,2.202977,1.677656,-0.388278
-1.206607,-0.007326,-0.061050,2.208318,1.457876,-0.358974
-1.206607,-0.007326,-0.061050,2.212896,1.252747,-0.310134
-1.206607,-0.007326,-0.061050,2.216710,1.091576,-0.275947
-1.206607,0.007328,-0.061050,2.219762,0.901098,-0.231990
-1.206607,-0.007326,-0.061050,2.222051,0.681318,-0.217339
-1.206607,-0.007326,-0.056166,2.222814,0.432234,-0.197803
-1.206607,0.007328,-0.056166,2.222814,0.153847,-0.183150
-1.206607,-0.021978,-0.056166,2.222051,-0.036633,-0.148962
-1.206607,-0.007326,-0.056166,2.220906,-0.183151,-0.124542
-1.206607,-0.007326,-0.051282,2.218999,-0.388281,-0.124542
-1.206607,-0.007326,-0.051282,2.215947,-0.564104,-0.124542
-1.206607,0.007328,-0.051282,2.212133,-0.827841,-0.134310
-1.206607,-0.007326,-0.051282,2.207555,-1.003664,-0.134310
-1.206607,-0.007326,-0.051282,2.202596,-1.179489,-0.139194
-1.206607,-0.007326,-0.056166,2.196874,-1.296705,-0.144078
-1.206607,-0.007326,-0.056166,2.190770,-1.413921,-0.163614
-1.206607,-0.007326,-0.056166,2.183904,-1.604397,-0.207570
-1.206607,-0.021978,-0.061050,2.176274,-1.780222,-0.241758
-1.206607,-0.007326,-0.056166,2.168263,-1.882786,-0.256411
-1.206607,-0.007326,-0.056166,2.160633,-1.941393,-0.280830
-1.206607,-0.007326,-0.056166,2.152241,-2.000000,-0.324786
-1.206607,-0.007326,-0.056166,2.143849,-2.087914,-0.378510
-1.206607,-0.007326,-0.061050,2.134693,-2.175827,-0.427350
-1.206607,-0.007326,-0.056166,2.125920,-2.205132,-0.481074
-1.206607,-0.021978,-0.056166,2.117146,-2.175827,-0.510379
-1.206607,-0.007326,-0.056166,2.108372,-2.146523,-0.539682
-1.206607,-0.007326,-0.056166,2.100361,-2.087914,-0.598290
-1.206607,0.007328,-0.051282,2.092350,-2.043957,-0.656898
-1.206607,-0.021978,-0.051282,2.084721,-1.970697,-0.695971
-1.206607,-0.021978,-0.051282,2.077091,-1.868134,-0.739926
-1.206607,-0.007326,-0.051282,2.070606,-1.765570,-0.793651
-1.206607,-0.007326,-0.046398,2.064502,-1.604397,-0.832723
-1.206607,-0.007326,-0.046398,2.059161,-1.413921,-0.866911
-1.206607,-0.007326,-0.046398,2.054965,-1.194141,-0.910867
-1.206607,-0.007326,-0.046398,2.051151,-1.047621,-0.959707
-1.206607,-0.007326,-0.046398,2.048099,-0.842493,-0.989011
-1.206607,-0.007326,-0.046398,2.046191,-0.652016,-1.028083
-1.206607,-0.007326,-0.046398,2.045047,-0.417583,-1.028083
-1.206607,-0.007326,-0.046398,2.045429,-0.080587,-1.062271
-1.206607,0.007328,-0.046398,2.046191,0.036631,-1.115995
-1.206607,0.007328,-0.051282,2.046954,0.168499,-1.145299
-1.206607,-0.007326,-0.051282,2.048480,0.329670,-1.145299
-1.206607,-0.021978,-0.051282,2.051151,0.534798,-1.135531
-1.206607,0.007328,-0.051282,2.054965,0.798534,-1.125763
-1.206607,0.007328,-0.056166,2.059543,0.959707,-1.140415
-1.206607,-0.021978,-0.056166,2.064121,1.106228,-1.145299
-1.206607,-0.007326,-0.056166,2.069461,1.208792,-1.140415
-1.206607,-0.007326,-0.056166,2.075183,1.369963,-1.111111
-1.206607,-0.007326,-0.056166,2.082051,1.575092,-1.062271
-1.206607,-0.007326,-0.056166,2.089680,1.794872,-1.037851
-1.206607,-0.007326,-0.056166,2.097691,1.882784,-1.037851
-1.206607,-0.021978,-0.056166,2.105320,1.926741,-1.013431
-1.206607,-0.007326,-0.061050,2.113331,2.000000,-0.964591
-1.206607,0.007328,-0.061050,2.122105,2.102564,-0.910867
-1.206607,-0.021978,-0.056166,2.130879,2.190475,-0.866911
-1.206607,-0.007326,-0.056166,2.140415,2.263737,-0.827839
-1.206607,0.007328,-0.056166,2.149571,2.263737,-0.793651
-1.206607,-0.007326,-0.056166,2.157963,2.190475,-0.754579
-1.206607,-0.021978,-0.056166,2.166355,2.161173,-0.695971
-1.206607,-0.007326,-0.056166,2.175129,2.161173,-0.632479
-1.206607,-0.007326,-0.056166,2.183141,2.087912,-0.593407
-1.206607,-0.007326,-0.061050,2.191152,2.000000,-0.544566
-1.206607,-0.007326,-0.061050,2.198400,1.926741,-0.495727
-1.206607,-0.021978,-0.061050,2.205266,1.765568,-0.456655
-1.206607,-0.021978,-0.061050,2.210607,1.575092,-0.417583
-1.206607,-0.021978,-0.061050,2.216329,1.428572,-0.368742
-1.206607,-0.007326,-0.065934,2.220906,1.267399,-0.315019
-1.206607,-0.007326,-0.065934,2.224721,1.091576,-0.295483
-1.206607,-0.007326,-0.065934,2.227392,0.827839,-0.266178
-1.206607,-0.007326,-0.061050,2.228918,0.578754,-0.246642
-1.206607,-0.007326,-0.061050,2.229300,0.315018,-0.207570
-1.206607,-0.007326,-0.056166,2.229681,0.153847,-0.173382
-1.206607,-0.007326,-0.056166,2.228918,-0.036633,-0.153846
-1.206607,-0.007326,-0.056166,2.227011,-0.300367,-0.148962
-1.206607,-0.007326,-0.056166,2.224340,-0.534800,-0.148962
-1.206607,-0.007326,-0.056166,2.220906,-0.725277,-0.124542
-1.206607,-0.007326,-0.056166,2.216710,-0.871796,-0.119658
-1.206607,-0.007326,-0.056166,2.212133,-1.062273,-0.124542
-1.206607,0.007328,-0.056166,2.206411,-1.267401,-0.148962
-1.206607,-0.007326,-0.056166,2.199926,-1.472528,-0.168498
-1.206607,-0.007326,-0.056166,2.193059,-1.619049,-0.178267
-1.206607,-0.007326,-0.051282,2.185811,-1.692310,-0.197803
-1.206607,-0.007326,-0.051282,2.178182,-1.853481,-0.236875
-1.206607,-0.007326,-0.051282,2.169789,-1.985350,-0.271062
-1.206607,-0.007326,-0.051282,2.161396,-2.058609,-0.305250
-1.206607,-0.007326,-0.051282,2.152241,-2.146523,-0.349206
-1.206607,-0.007326,-0.051282,2.143467,-2.190479,-0.388278
-1.206607,-0.007326,-0.051282,2.134693,-2.219780,-0.437119
-1.206607,-0.007326,-0.051282,2.125538,-2.249084,-0.495727
-1.206607,-0.007326,-0.051282,2.116383,-2.263737,-0.539682
-1.206607,-0.007326,-0.056166,2.107609,-2.190479,-0.573871
-1.206607,-0.021978,-0.051282,2.099217,-2.131870,-0.632479
-1.206607,-0.007326,-0.051282,2.090824,-2.073261,-0.686203
-1.206607,-0.007326,-0.051282,2.083195,-1.970697,-0.725275
-1.206607,-0.007326,-0.051282,2.076328,-1.853481,-0.778998
-1.206607,-0.007326,-0.051282,2.069461,-1.750917,-0.832723
-1.206607,-0.007326,-0.046398,2.063358,-1.589745,-0.862027
-1.206607,-0.007326,-0.051282,2.058780,-1.355312,-0.896214
-1.206607,-0.007326,-0.051282,2.054584,-1.135532,-0.940171
-1.206607,-0.007326,-0.051282,2.051151,-0.945057,-0.989011
-1.206607,0.007328,-0.051282,2.048862,-0.739929,-1.023199
-1.206607,-0.007326,-0.046398,2.046954,-0.564104,-1.062271
-1.206607,-0.007326,-0.051282,2.046191,-0.329672,-1.072039
-1.206607,-0.007326,-0.051282,2.046573,-0.080587,-1.096459
-1.206607,-0.007326,-0.051282,2.047336,0.065933,-1.135531
-1.206607,-0.021978,-0.051282,2.048480,0.227106,-1.150183
-1.206607,-0.007326,-0.056166,2.050388,0.402931,-1.150183
-1.206607,-0.021978,-0.056166,2.053439,0.608059,-1.145299
-1.206607,0.007328,-0.056166,2.057254,0.783882,-1.140415
-1.206607,-0.007326,-0.056166,2.061450,0.959707,-1.125763
-1.206607,0.007328,-0.056166,2.066409,1.135530,-1.106227
-1.206607,-0.007326,-0.056166,2.071750,1.252747,-1.101343
-1.206607,-0.021978,-0.056166,2.077472,1.384615,-1.072039
-1.206607,-0.021978,-0.056166,2.084339,1.575092,-1.023199
-1.206607,-0.007326,-0.056166,2.091969,1.750916,-0.993895
-1.206607,-0.007326,-0.056166,2.099217,1.809525,-0.979243
-1.206607,-0.007326,-0.056166,2.106465,1.838827,-0.935287
-1.206607,-0.007326,-0.056166,2.114475,1.912088,-0.886447
-1.206607,0.007328,-0.056166,2.122486,1.970695,-0.837606
-1.206607,-0.021978,-0.051282,2.130497,2.014652,-0.783883
-1.206607,-0.007326,-0.051282,2.138890,2.029305,-0.735043
-1.206607,-0.021978,-0.051282,2.146900,2.014652,-0.695971
-1.206607,-0.007326,-0.051282,2.154148,1.941391,-0.647131
-1.206607,-0.021978,-0.051282,2.161396,1.853479,-0.593407
-1.206607,-0.007326,-0.051282,2.168263,1.809525,-0.534799
-1.206607,-0.021978,-0.056166,2.174748,1.677656,-0.485958
-1.206607,-0.007326,-0.061050,2.180471,1.545788,-0.446886
-1.206607,-0.007326,-0.061050,2.185430,1.369963,-0.407814
-1.206607,-0.021978,-0.061050,2.190007,1.223444,-0.358974
-1.206607,-0.007326,-0.065934,2.193441,1.018314,-0.310134
-1.206607,-0.007326,-0.061050,2.196874,0.901098,-0.266178
-1.206607,-0.021978,-0.061050,2.198781,0.622711,-0.256411
-1.206607,-0.007326,-0.061050,2.199163,0.344322,-0.236875
-1.206607,-0.007326,-0.061050,2.199163,0.139194,-0.192918
-1.206607,0.007328,-0.061050,2.198400,-0.051285,-0.163614
-1.206607,0.007328,-0.061050,2.196874,-0.271065,-0.148962
-1.206607,-0.007326,-0.061050,2.194585,-0.417583,-0.129426
-1.206607,0.007328,-0.061050,2.191533,-0.637363,-0.129426
-1.206607,0.007328,-0.061050,2.186956,-0.915752,-0.148962
-1.206607,-0.007326,-0.056166,2.181997,-1.120880,-0.134310
-1.206607,0.007328,-0.056166,2.176656,-1.267401,-0.134310
-1.206607,-0.007326,-0.056166,2.170552,-1.399269,-0.139194
-1.206607,-0.007326,-0.061050,2.164448,-1.487181,-0.158731
-1.206607,-0.007326,-0.061050,2.157200,-1.677658,-0.212454
-1.206607,0.007328,-0.056166,2.149189,-1.853481,-0.256411
-1.206607,-0.021978,-0.056166,2.141178,-1.985350,-0.280830
-1.206607,-0.021978,-0.056166,2.132786,-2.043957,-0.305250
-1.206607,-0.021978,-0.051282,2.124012,-2.102566,-0.349206
-1.206607,-0.007326,-0.051282,2.115238,-2.131870,-0.393163
-1.206607,-0.007326,-0.051282,2.106465,-2.161175,-0.437119
-1.206607,-0.007326,-0.051282,2.097691,-2.205132,-0.505494
-1.206607,-0.021978,-0.051282,2.088536,-2.205132,-0.554335
-1.206607,-0.007326,-0.051282,2.080143,-2.146523,-0.598290
-1.206607,0.007328,-0.051282,2.072131,-2.087914,-0.661782
-1.206607,-0.021978,-0.051282,2.064121,-2.043957,-0.705739
-1.206607,-0.021978,-0.051282,2.056873,-1.882786,-0.739926
-1.206607,0.007328,-0.051282,2.050006,-1.750917,-0.803419
-1.206607,-0.007326,-0.051282,2.043903,-1.633701,-0.857142
-1.206607,-0.007326,-0.051282,2.038944,-1.428574,-0.886447
-1.206607,0.007328,-0.046398,2.034366,-1.223446,-0.920635
-1.206607,-0.007326,-0.046398,2.030933,-0.989014,-0.974359
-1.206607,-0.007326,-0.046398,2.027880,-0.798536,-1.008547
-1.206607,-0.007326,-0.051282,2.026354,-0.578756,-1.032967
-1.206607,-0.007326,-0.051282,2.025591,-0.315020,-1.057387
-1.206607,-0.007326,-0.051282,2.025973,-0.065935,-1.081807
-1.206607,0.007328,-0.051282,2.027117,0.168499,-1.106227
-1.206607,0.007328,-0.056166,2.029024,0.358974,-1.135531
-1.206607,-0.007326,-0.056166,2.032077,0.564102,-1.145299
-1.206607,0.007328,-0.056166,2.035892,0.798534,-1.120879
-1.206607,0.007328,-0.056166,2.040469,1.047619,-1.120879
-1.206607,-0.007326,-0.056166,2.045429,1.179487,-1.135531
-1.206607,-0.021978,-0.056166,2.051151,1.296703,-1.130647
-1.206607,-0.007326,-0.056166,2.056873,1.428572,-1.091575
-1.206607,-0.007326,-0.061050,2.064121,1.619047,-1.047619
-1.206607,-0.007326,-0.061050,2.071750,1.794872,-1.023199
-1.206607,-0.007326,-0.061050,2.079380,1.882784,-1.003663
-1.206607,0.007328,-0.056166,2.087391,1.970695,-0.959707
-1.206607,-0.007326,-0.056166,2.095783,2.043957,-0.915751
-1.206607,-0.007326,-0.056166,2.104176,2.073259,-0.876678
-1.206607,-0.007326,-0.061050,2.112950,2.146521,-0.813187
-1.206607,-0.007326,-0.061050,2.121723,2.175823,-0.764347
-1.206607,-0.007326,-0.056166,2.130116,2.131868,-0.725275
-1.206607,-0.007326,-0.061050,2.138127,2.087912,-0.666667
-1.206607,-0.007326,-0.056166,2.146519,2.058607,-0.608059
-1.206607,-0.007326,-0.056166,2.154148,1.970695,-0.559218
-1.206607,-0.007326,-0.056166,2.161015,1.853479,-0.510379
-1.206607,0.007328,-0.051282,2.167500,1.721611,-0.456655
-1.206607,-0.007326,-0.056166,2.173603,1.589743,-0.407814
-1.206607,-0.007326,-0.056166,2.178945,1.428572,-0.368742
-1.206607,-0.007326,-0.056166,2.183522,1.238094,-0.329670
-1.206607,-0.021978,-0.061050,2.186956,1.076923,-0.285714
-1.206607,-0.007326,-0.061050,2.190007,0.857143,-0.246642
-1.206607,-0.007326,-0.061050,2.191533,0.608059,-0.227106
-1.206607,0.007328,-0.065934,2.192678,0.388279,-0.188034
-1.206607,-0.007326,-0.065934,2.193059,0.197802,-0.168498
-1.206607,0.007328,-0.061050,2.192296,-0.021980,-0.148962
-1.206607,-0.007326,-0.061050,2.190770,-0.212456,-0.134310
-1.206607,-0.007326,-0.056166,2.188100,-0.505497,-0.144078
-1.206607,-0.007326,-0.056166,2.185048,-0.681320,-0.129426
-1.206607,-0.021978,-0.056166,2.181234,-0.813189,-0.129426
-1.206607,-0.021978,-0.051282,2.176656,-1.018316,-0.144078
-1.206607,0.007328,-0.051282,2.171696,-1.164837,-0.163614
-1.206607,0.007328,-0.051282,2.165974,-1.311357,-0.178267
-1.206607,-0.021978,-0.051282,2.159489,-1.472528,-0.212454
-1.206607,-0.007326,-0.051282,2.152622,-1.619049,-0.251526
-1.206607,0.007328,-0.051282,2.145375,-1.736265,-0.285714
-1.206607,-0.007326,-0.051282,2.138127,-1.794874,-0.324786
-1.206607,0.007328,-0.051282,2.130497,-1.853481,-0.368742
-1.206607,-0.007326,-0.051282,2.122868,-1.897438,-0.427350
-1.206607,-0.007326,-0.056166,2.114857,-1.941393,-0.471307
-1.206607,-0.007326,-0.056166,2.107228,-1.912090,-0.520146
-1.206607,-0.007326,-0.056166,2.099980,-1.868134,-0.578754
-1.206607,-0.007326,-0.056166,2.092350,-1.853481,-0.637362
-1.206607,0.007328,-0.056166,2.085484,-1.765570,-0.681318
-1.206607,-0.021978,-0.056166,2.079380,-1.663006,-0.739926
-1.206607,-0.021978,-0.051282,2.073276,-1.560442,-0.808303
-1.206607,-0.007326,-0.051282,2.067935,-1.428574,-0.842491
-1.206607,-0.007326,-0.051282,2.063358,-1.252748,-0.881563
-1.206607,-0.007326,-0.046398,2.059543,-1.032969,-0.920635
-1.206607,-0.007326,-0.046398,2.057254,-0.754581,-0.964591
-1.206607,-0.007326,-0.046398,2.055347,-0.593409,-1.013431
-1.206607,-0.007326,-0.046398,2.053821,-0.432236,-1.052503
-1.206607,-0.007326,-0.046398,2.053821,-0.183151,-1.072039
-1.206607,-0.007326,-0.046398,2.054584,0.051283,-1.101343
-1.206607,-0.007326,-0.046398,2.056110,0.256411,-1.111111
-1.206607,-0.007326,-0.051282,2.058780,0.490843,-1.130647
-1.206607,0.007328,-0.051282,2.061832,0.666666,-1.140415
-1.206607,0.007328,-0.056166,2.065646,0.857143,-1.140415
-1.206607,-0.021978,-0.056166,2.069843,0.989012,-1.145299
-1.206607,-0.007326,-0.056166,2.075183,1.179487,-1.125763
-1.206607,-0.007326,-0.056166,2.080906,1.340660,-1.101343
-1.206607,-0.007326,-0.051282,2.087773,1.560440,-1.062271
-1.206607,-0.007326,-0.056166,2.095021,1.706959,-1.047619
-1.206607,0.007328,-0.051282,2.102268,1.780220,-1.032967
-1.206607,-0.007326,-0.051282,2.109898,1.853479,-0.984127
-1.206607,0.007328,-0.051282,2.117909,1.956043,-0.925519
-1.206607,-0.007326,-0.056166,2.126301,2.043957,-0.876678
-1.206607,-0.021978,-0.056166,2.134693,2.087912,-0.827839
-1.206607,-0.007326,-0.051282,2.143467,2.131868,-0.778998
-1.206607,-0.007326,-0.051282,2.151478,2.087912,-0.739926
-1.206607,-0.007326,-0.051282,2.159489,2.014652,-0.686203
-1.206607,-0.007326,-0.056166,2.167118,1.970695,-0.617826
-1.206607,-0.007326,-0.056166,2.174748,1.956043,-0.564102
-1.206607,-0.007326,-0.056166,2.181997,1.824175,-0.515263
-1.206607,-0.021978,-0.056166,2.188482,1.706959,-0.466422
-1.206607,-0.007326,-0.061050,2.194204,1.545788,-0.417583
-1.206607,-0.007326,-0.061050,2.199544,1.428572,-0.363858
-1.206607,-0.007326,-0.061050,2.203740,1.179487,-0.324786
-1.206607,-0.007326,-0.065934,2.207174,1.003662,-0.290598
-1.206607,-0.007326,-0.065934,2.209462,0.754580,-0.266178
-1.206607,-0.021978,-0.065934,2.210988,0.520147,-0.217339
-1.206607,-0.007326,-0.065934,2.212133,0.373627,-0.173382
-1.206607,-0.007326,-0.065934,2.212133,0.139194,-0.168498
-1.206607,-0.007326,-0.061050,2.210988,-0.109892,-0.148962
-1.206607,-0.007326,-0.061050,2.209462,-0.271065,-0.144078
-1.206607,0.007328,-0.061050,2.206029,-0.593409,-0.148962
-1.206607,0.007328,-0.056166,2.202214,-0.798536,-0.129426
-1.206607,0.007328,-0.056166,2.198781,-0.871796,-0.124542
-1.206607,-0.007326,-0.051282,2.193822,-1.062273,-0.148962
-1.206607,-0.007326,-0.051282,2.188482,-1.223446,-0.173382
-1.206607,-0.007326,-0.051282,2.182378,-1.428574,-0.212454
-1.206607,-0.007326,-0.051282,2.175511,-1.604397,-0.241758
-1.206607,-0.007326,-0.051282,2.168263,-1.663006,-0.256411
-1.206607,-0.007326,-0.051282,2.161396,-1.692310,-0.295483
-1.206607,0.007328,-0.051282,2.154148,-1.765570,-0.358974
-1.206607,-0.007326,-0.051282,2.146519,-1.868134,-0.417583
-1.206607,0.007328,-0.051282,2.138508,-1.926743,-0.471307
-1.206607,-0.007326,-0.046398,2.130879,-1.926743,-0.515263
-1.206607,0.007328,-0.051282,2.123249,-1.882786,-0.568987
-1.206607,-0.007326,-0.051282,2.116001,-1.824177,-0.612943
-1.206607,-0.007326,-0.051282,2.109516,-1.721613,-0.671551
-1.206607,-0.007326,-0.046398,2.103031,-1.663006,-0.744811
-1.206607,-0.007326,-0.046398,2.096928,-1.589745,-0.808303
-1.206607,-0.007326,-0.046398,2.091587,-1.413921,-0.842491
-1.206607,-0.007326,-0.046398,2.087010,-1.238096,-0.876678
-1.206607,-0.007326,-0.046398,2.083195,-1.032969,-0.930403
-1.206607,0.007328,-0.046398,2.080525,-0.827841,-0.979243
-1.206607,0.007328,-0.046398,2.078616,-0.622713,-1.008547
-1.206607,0.007328,-0.041514,2.077472,-0.402931,-1.047619
-1.206607,-0.007326,-0.041514,2.077091,-0.227108,-1.081807
-1.206607,-0.021978,-0.046398,2.077853,0.036631,-1.096459
-1.206607,-0.007326,-0.051282,2.079762,0.300365,-1.106227
-1.206607,0.007328,-0.051282,2.082051,0.505495,-1.135531
-1.206607,-0.007326,-0.051282,2.085484,0.681318,-1.145299
-1.206607,0.007328,-0.056166,2.089298,0.871796,-1.135531
-1.206607,-0.007326,-0.056166,2.094258,1.091576,-1.135531
-1.206607,-0.007326,-0.056166,2.099598,1.238094,-1.115995
-1.206607,-0.007326,-0.061050,2.105320,1.384615,-1.086691
-1.206607,0.007328,-0.061050,2.112187,1.575092,-1.062271
-1.206607,-0.007326,-0.056166,2.119053,1.663004,-1.037851
-1.206607,-0.007326,-0.061050,2.126301,1.750916,-0.998779
-1.206607,-0.007326,-0.056166,2.133930,1.853479,-0.949939
-1.206607,0.007328,-0.061050,2.141941,1.956043,-0.901099
-1.206607,-0.007326,-0.056166,2.149952,2.000000,-0.852259
-1.206607,0.007328,-0.056166,2.157963,1.985348,-0.803419
-1.206607,-0.007326,-0.056166,2.165974,2.000000,-0.749695
-1.206607,-0.007326,-0.056166,2.173603,1.956043,-0.686203
-1.206607,-0.007326,-0.056166,2.181234,1.926741,-0.632479
-1.206607,-0.007326,-0.051282,2.188482,1.868132,-0.573871
-1.206607,-0.007326,-0.056166,2.195348,1.780220,-0.510379
-1.206607,-0.007326,-0.056166,2.201833,1.677656,-0.471307
-1.206607,-0.007326,-0.056166,2.207174,1.487179,-0.422466
-1.206607,-0.007326,-0.061050,2.211751,1.282051,-0.373627
-1.206607,-0.007326,-0.061050,2.215947,1.135530,-0.319902
-1.206607,0.007328,-0.061050,2.219381,0.974360,-0.271062
-1.206607,-0.007326,-0.061050,2.222051,0.769230,-0.236875
-1.206607,0.007328,-0.061050,2.223577,0.549450,-0.217339
-1.206607,-0.007326,-0.061050,2.223577,0.241758,-0.207570
-1.206607,-0.007326,-0.061050,2.222814,0.007326,-0.168498
-1.206607,-0.007326,-0.061050,2.222051,-0.124544,-0.124542
-1.206607,-0.007326,-0.056166,2.220906,-0.241760,-0.114774
-1.206607,-0.007326,-0.056166,2.218236,-0.476192,-0.129426
-1.206607,-0.021978,-0.056166,2.214803,-0.739929,-0.144078
-1.206607,-0.007326,-0.056166,2.209844,-0.989014,-0.153846
-1.206607,-0.007326,-0.051282,2.205266,-1.120880,-0.153846
-1.206607,-0.007326,-0.051282,2.200307,-1.194141,-0.168498
-1.206607,-0.007326,-0.051282,2.194585,-1.326010,-0.207570
-1.206607,-0.021978,-0.046398,2.188482,-1.457878,-0.256411
-1.206607,-0.007326,-0.046398,2.181234,-1.619049,-0.305250
-1.206607,0.007328,-0.046398,2.173985,-1.721613,-0.344322
-1.206607,-0.007326,-0.046398,2.167118,-1.750917,-0.373627
-1.206607,-0.007326,-0.046398,2.159870,-1.736265,-0.427350
-1.206607,-0.007326,-0.051282,2.153004,-1.750917,-0.490843
-1.206607,-0.007326,-0.051282,2.145375,-1.794874,-0.564102
-1.206607,-0.007326,-0.051282,2.138508,-1.780222,-0.617826
-1.206607,-0.021978,-0.051282,2.131642,-1.692310,-0.671551
-1.206607,-0.007326,-0.051282,2.125538,-1.619049,-0.730159
-1.206607,0.007328,-0.051282,2.119816,-1.487181,-0.783883
-1.206607,-0.007326,-0.051282,2.114857,-1.326010,-0.822955
-1.206607,-0.007326,-0.051282,2.110661,-1.164837,-0.881563
-1.206607,-0.007326,-0.046398,2.107228,-0.989014,-0.935287
-1.206607,0.007328,-0.046398,2.104176,-0.798536,-0.969475
-1.206607,-0.007326,-0.046398,2.103031,-0.520149,-1.013431
-1.206607,-0.007326,-0.046398,2.101887,-0.358976,-1.052503
-1.206607,-0.007326,-0.046398,2.101887,-0.124544,-1.072039
-1.206607,-0.007326,-0.046398,2.102650,0.080585,-1.115995
-1.206607,-0.007326,-0.046398,2.104176,0.241758,-1.140415
-1.206607,-0.007326,-0.046398,2.106846,0.520147,-1.125763
-1.206607,-0.007326,-0.046398,2.109898,0.681318,-1.140415
-1.206607,-0.007326,-0.051282,2.113713,0.827839,-1.140415
-1.206607,-0.007326,-0.051282,2.118290,1.047619,-1.125763
-1.206607,-0.007326,-0.051282,2.123249,1.150183,-1.115995
-1.206607,-0.007326,-0.056166,2.128971,1.311356,-1.081807
-1.206607,-0.007326,-0.056166,2.135456,1.501831,-1.042735
-1.206607,-0.021978,-0.056166,2.142323,1.648352,-1.013431
-1.206607,-0.007326,-0.056166,2.149189,1.692308,-0.984127
-1.206607,-0.007326,-0.056166,2.156437,1.765568,-0.940171
-1.206607,0.007328,-0.056166,2.163685,1.809525,-0.886447
-1.206607,-0.007326,-0.056166,2.170933,1.838827,-0.827839
-1.206607,-0.007326,-0.051282,2.178563,1.853479,-0.774115
-1.206607,-0.007326,-0.051282,2.185811,1.838827,-0.715507
-1.206607,-0.007326,-0.051282,2.193059,1.809525,-0.652015
-1.206607,-0.007326,-0.051282,2.199926,1.765568,-0.588523
-1.206607,-0.007326,-0.051282,2.206411,1.677656,-0.534799
-1.206607,-0.007326,-0.051282,2.212133,1.545788,-0.481074
-1.206607,-0.021978,-0.051282,2.217473,1.443224,-0.427350
-1.206607,-0.007326,-0.056166,2.222432,1.296703,-0.368742
-1.206607,-0.021978,-0.056166,2.226248,1.106228,-0.334555
-1.206607,-0.007326,-0.061050,2.228918,0.871796,-0.300366
-1.206607,-0.007326,-0.061050,2.231207,0.652014,-0.256411
-1.206607,-0.021978,-0.065934,2.231970,0.388279,-0.231990
-1.206607,0.007328,-0.061050,2.231589,0.124542,-0.207570
-1.206607,-0.007326,-0.065934,2.230826,-0.065935,-0.163614
-1.206607,-0.007326,-0.061050,2.229681,-0.212456,-0.129426
-1.206607,0.007328,-0.061050,2.227392,-0.446888,-0.129426
-1.206607,0.007328,-0.061050,2.223577,-0.695972,-0.148962
-1.206607,-0.007326,-0.056166,2.219381,-0.930405,-0.134310
-1.206607,0.007328,-0.056166,2.214803,-1.076925,-0.139194
-1.206607,-0.007326,-0.056166,2.209081,-1.223446,-0.158731
-1.206607,-0.007326,-0.056166,2.203359,-1.384617,-0.188034
-1.206607,-0.007326,-0.051282,2.196492,-1.545790,-0.222222
-1.206607,-0.007326,-0.051282,2.189626,-1.663006,-0.256411
-1.206607,-0.021978,-0.051282,2.182378,-1.765570,-0.305250
-1.206607,0.007328,-0.046398,2.174748,-1.838829,-0.354091
-1.206607,0.007328,-0.046398,2.167118,-1.868134,-0.398046
-1.206607,-0.007326,-0.046398,2.159489,-1.882786,-0.456655
-1.206607,-0.007326,-0.041514,2.151860,-1.912090,-0.525030
-1.206607,0.007328,-0.041514,2.144612,-1.882786,-0.583638
-1.206607,0.007328,-0.041514,2.136982,-1.809525,-0.637362
-1.206607,-0.007326,-0.041514,2.130116,-1.750917,-0.695971
-1.206607,0.007328,-0.046398,2.123631,-1.663006,-0.759462
-1.206607,-0.021978,-0.046398,2.117909,-1.545790,-0.818070
-1.206607,-0.007326,-0.046398,2.112950,-1.369965,-0.857142
-1.206607,-0.007326,-0.046398,2.108753,-1.164837,-0.905983
-1.206607,-0.007326,-0.046398,2.104939,-1.003664,-0.964591
-1.206607,-0.007326,-0.046398,2.102650,-0.754581,-1.003663
-1.206607,-0.007326,-0.046398,2.100743,-0.564104,-1.042735
-1.206607,0.007328,-0.046398,2.099980,-0.329672,-1.072039
-1.206607,-0.007326,-0.051282,2.100361,-0.095240,-1.096459
-1.206607,-0.007326,-0.051282,2.100743,0.065933,-1.125763
-1.206607,0.007328,-0.051282,2.102650,0.300365,-1.140415
-1.206607,-0.007326,-0.051282,2.104939,0.461538,-1.145299
-1.206607,-0.007326,-0.051282,2.107991,0.681318,-1.140415
-1.206607,0.007328,-0.056166,2.111805,0.813187,-1.135531
-1.206607,-0.007326,-0.056166,2.116001,0.989012,-1.111111
-1.206607,-0.021978,-0.056166,2.120960,1.150183,-1.086691
-1.206607,-0.007326,-0.056166,2.126301,1.267399,-1.047619
-1.206607,-0.007326,-0.061050,2.132405,1.428572,-1.008547
-1.206607,0.007328,-0.061050,2.138890,1.531136,-0.964591
-1.206607,-0.021978,-0.061050,2.145375,1.619047,-0.920635
-1.206607,-0.007326,-0.061050,2.151860,1.619047,-0.871795
-1.206607,-0.021978,-0.061050,2.158345,1.619047,-0.822955
-1.206607,0.007328,-0.056166,2.164829,1.633699,-0.759462
-1.206607,-0.007326,-0.056166,2.171314,1.633699,-0.691087
-1.206607,-0.007326,-0.056166,2.177800,1.589743,-0.632479
-1.206607,-0.007326,-0.051282,2.183522,1.516483,-0.578754
-1.206607,-0.007326,-0.051282,2.188863,1.428572,-0.510379
-1.206607,-0.021978,-0.051282,2.194204,1.340660,-0.446886
-1.206607,-0.007326,-0.056166,2.198781,1.252747,-0.393163
-1.206607,-0.007326,-0.056166,2.202596,1.047619,-0.358974
-1.206607,-0.021978,-0.061050,2.205266,0.857143,-0.310134
-1.206607,-0.021978,-0.061050,2.207174,0.608059,-0.275947
-1.206607,-0.007326,-0.065934,2.208318,0.388279,-0.231990
-1.206607,-0.007326,-0.065934,2.208318,0.168499,-0.207570
-1.206607,-0.007326,-0.065934,2.207555,-0.051285,-0.173382
-1.206607,-0.007326,-0.065934,2.206029,-0.256413,-0.148962
-1.206607,-0.021978,-0.061050,2.203359,-0.490845,-0.144078
-1.206607,0.007328,-0.061050,2.200307,-0.681320,-0.134310
-1.206607,0.007328,-0.056166,2.195729,-0.901100,-0.144078
-1.206607,-0.007326,-0.056166,2.191152,-1.062273,-0.134310
-1.206607,-0.021978,-0.051282,2.185811,-1.223446,-0.163614
-1.206607,-0.007326,-0.051282,2.179708,-1.399269,-0.192918
-1.206607,-0.007326,-0.051282,2.173222,-1.545790,-0.217339
-1.206607,-0.021978,-0.046398,2.166355,-1.619049,-0.246642
-1.206607,0.007328,-0.046398,2.159107,-1.721613,-0.295483
-1.206607,-0.007326,-0.046398,2.151478,-1.824177,-0.354091
-1.206607,-0.007326,-0.046398,2.143849,-1.882786,-0.412699
-1.206607,-0.007326,-0.041514,2.135838,-1.912090,-0.466422
-1.206607,-0.007326,-0.041514,2.128208,-1.941393,-0.525030
-1.206607,-0.007326,-0.041514,2.120960,-1.897438,-0.583638
-1.206607,0.007328,-0.041514,2.113713,-1.824177,-0.632479
-1.206607,-0.007326,-0.041514,2.106846,-1.721613,-0.695971
-1.206607,-0.007326,-0.041514,2.100743,-1.619049,-0.769231
-1.206607,-0.007326,-0.041514,2.094639,-1.531137,-0.832723
-1.206607,-0.007326,-0.046398,2.089680,-1.384617,-0.886447
-1.206607,-0.007326,-0.046398,2.085484,-1.150185,-0.910867
-1.206607,-0.007326,-0.046398,2.082051,-0.959709,-0.974359
-1.206607,-0.007326,-0.046398,2.080143,-0.695972,-1.013431
-1.206607,0.007328,-0.046398,2.078235,-0.490845,-1.037851
-1.206607,0.007328,-0.046398,2.077853,-0.256413,-1.072039
-1.206607,-0.007326,-0.051282,2.078616,0.007326,-1.091575
-1.206607,-0.021978,-0.056166,2.080143,0.271063,-1.115995
-1.206607,-0.021978,-0.056166,2.082814,0.490843,-1.135531
-1.206607,-0.007326,-0.056166,2.085865,0.681318,-1.135531
-1.206607,-0.007326,-0.061050,2.090061,0.915751,-1.115995
-1.206607,-0.021978,-0.061050,2.095021,1.106228,-1.115995
-1.206607,0.007328,-0.061050,2.100361,1.238094,-1.101343
-1.206607,-0.007326,-0.061050,2.106083,1.355310,-1.067155
-1.206607,-0.007326,-0.061050,2.112187,1.501831,-1.028083
-1.206607,-0.007326,-0.056166,2.119053,1.604395,-0.979243
-1.206607,-0.007326,-0.061050,2.125920,1.706959,-0.935287
-1.206607,-0.007326,-0.056166,2.132786,1.736263,-0.886447
-1.206607,-0.007326,-0.056166,2.140034,1.765568,-0.837606
-1.206607,-0.021978,-0.056166,2.147282,1.794872,-0.774115
-1.206607,-0.021978,-0.056166,2.154530,1.765568,-0.710623
-1.206607,-0.007326,-0.056166,2.161015,1.692308,-0.652015
-1.206607,0.007328,-0.056166,2.167118,1.633699,-0.583638
-1.206607,-0.007326,-0.056166,2.173222,1.575092,-0.520146
-1.206607,-0.007326,-0.051282,2.178945,1.443224,-0.461538
-1.206607,-0.007326,-0.056166,2.183522,1.311356,-0.407814
-1.206607,-0.007326,-0.056166,2.188100,1.179487,-0.349206
-1.206607,-0.007326,-0.056166,2.191533,1.003662,-0.305250
-1.206607,-0.007326,-0.056166,2.194585,0.857143,-0.256411
-1.206607,-0.007326,-0.061050,2.196492,0.652014,-0.217339
-1.206607,-0.007326,-0.061050,2.197637,0.402931,-0.207570
-1.206607,-0.021978,-0.061050,2.196874,0.095238,-0.188034
-1.206607,-0.021978,-0.061050,2.196111,-0.051285,-0.144078
-1.206607,0.007328,-0.061050,2.195348,-0.183151,-0.114774
-1.206607,-0.007326,-0.061050,2.193441,-0.358976,-0.124542
-1.206607,-0.007326,-0.056166,2.190389,-0.608061,-0.139194
-1.206607,-0.007326,-0.051282,2.186193,-0.857145,-0.168498
-1.206607,-0.007326,-0.051282,2.181615,-1.003664,-0.163614
-1.206607,-0.007326,-0.051282,2.177037,-1.091578,-0.173382
-1.206607,-0.007326,-0.046398,2.172459,-1.164837,-0.212454
-1.206607,-0.007326,-0.046398,2.166737,-1.282053,-0.271062
-1.206607,-0.021978,-0.046398,2.160633,-1.457878,-0.334555
-1.206607,0.007328,-0.046398,2.154148,-1.545790,-0.388278
-1.206607,-0.007326,-0.046398,2.147663,-1.589745,-0.437119
-1.206607,-0.007326,-0.041514,2.141178,-1.575092,-0.490843
-1.206607,-0.007326,-0.041514,2.135075,-1.545790,-0.549451
-1.206607,-0.007326,-0.041514,2.128971,-1.531137,-0.622710
-1.206607,-0.021978,-0.041514,2.122868,-1.516485,-0.691087
-1.206607,-0.007326,-0.041514,2.117146,-1.428574,-0.749695
-1.206607,-0.007326,-0.046398,2.112568,-1.267401,-0.788767
-1.206607,-0.007326,-0.046398,2.108753,-1.076925,-0.847375
-1.206607,-0.007326,-0.046398,2.105320,-0.945057,-0.915751
-1.206607,-0.021978,-0.046398,2.103031,-0.725277,-0.964591
-1.206607,-0.007326,-0.046398,2.101124,-0.564104,-1.013431
-1.206607,-0.007326,-0.046398,2.099980,-0.373629,-1.042735
-1.206607,-0.007326,-0.046398,2.100361,-0.124544,-1.072039
-1.206607,-0.021978,-0.046398,2.101124,0.065933,-1.111111
-1.206607,0.007328,-0.051282,2.102268,0.256411,-1.130647
-1.206607,-0.021978,-0.051282,2.104557,0.417582,-1.150183
-1.206607,-0.007326,-0.051282,2.107991,0.666666,-1.140415
-1.206607,-0.021978,-0.056166,2.111424,0.798534,-1.140415
-1.206607,-0.007326,-0.056166,2.115620,0.974360,-1.115995
-1.206607,-0.007326,-0.056166,2.120579,1.150183,-1.101343
-1.206607,-0.007326,-0.056166,2.125920,1.267399,-1.067155
-1.206607,-0.007326,-0.056166,2.132023,1.428572,-1.023199
-1.206607,-0.007326,-0.061050,2.138508,1.545788,-0.979243
-1.206607,-0.007326,-0.061050,2.145375,1.663004,-0.930403
-1.206607,-0.007326,-0.061050,2.152241,1.663004,-0.886447
-1.206607,-0.007326,-0.061050,2.159107,1.677656,-0.832723
-1.206607,-0.007326,-0.056166,2.165974,1.706959,-0.764347
-1.206607,-0.007326,-0.051282,2.172459,1.663004,-0.695971
-1.206607,-0.007326,-0.051282,2.178563,1.619047,-0.637362
-1.206607,0.007328,-0.051282,2.184667,1.516483,-0.583638
-1.206607,0.007328,-0.051282,2.190007,1.443224,-0.510379
-1.206607,0.007328,-0.051282,2.194967,1.340660,-0.437119
-1.206607,-0.007326,-0.051282,2.199926,1.252747,-0.388278
-1.206607,0.007328,-0.056166,2.203359,1.018314,-0.344322
-1.206607,0.007328,-0.056166,2.206029,0.813187,-0.295483
-1.206607,-0.021978,-0.056166,2.207937,0.593407,-0.261294
-1.206607,-0.007326,-0.061050,2.208699,0.388279,-0.222222
-1.206607,-0.021978,-0.065934,2.208699,0.139194,-0.192918
-1.206607,-0.021978,-0.065934,2.207555,-0.095240,-0.163614
-1.206607,-0.007326,-0.065934,2.206411,-0.256413,-0.139194
-1.206607,-0.007326,-0.065934,2.203359,-0.520149,-0.139194
-1.206607,0.007328,-0.065934,2.199926,-0.725277,-0.139194
-1.206607,-0.007326,-0.061050,2.195729,-0.959709,-0.153846
-1.206607,-0.007326,-0.056166,2.190770,-1.091578,-0.153846
-1.206607,-0.007326,-0.051282,2.185430,-1.252748,-0.183150
-1.206607,-0.007326,-0.051282,2.179326,-1.413921,-0.227106
-1.206607,-0.007326,-0.051282,2.172840,-1.531137,-0.256411
-1.206607,0.007328,-0.046398,2.166355,-1.604397,-0.295483
-1.206607,0.007328,-0.046398,2.159489,-1.648354,-0.354091
-1.206607,0.007328,-0.046398,2.152241,-1.721613,-0.422466
-1.206607,-0.021978,-0.041514,2.145375,-1.750917,-0.485958
-1.206607,0.007328,-0.041514,2.138127,-1.765570,-0.544566
-1.206607,-0.021978,-0.041514,2.131260,-1.736265,-0.608059
-1.206607,-0.007326,-0.036630,2.124394,-1.692310,-0.676435
-1.206607,-0.021978,-0.036630,2.118290,-1.604397,-0.739926
-1.206607,-0.007326,-0.036630,2.112950,-1.457878,-0.783883
-1.206607,0.007328,-0.041514,2.107991,-1.296705,-0.847375
-1.206607,0.007328,-0.041514,2.103794,-1.135532,-0.915751
-1.206607,-0.021978,-0.041514,2.100361,-0.945057,-0.964591
-1.206607,-0.007326,-0.041514,2.097691,-0.769232,-1.018315
-1.206607,-0.007326,-0.046398,2.096546,-0.490845,-1.028083
-1.206607,-0.007326,-0.046398,2.096165,-0.227108,-1.067155
-1.206607,-0.021978,-0.046398,2.096546,-0.021980,-1.111111
-1.206607,-0.007326,-0.046398,2.097691,0.183149,-1.125763
-1.206607,-0.007326,-0.051282,2.099598,0.344322,-1.145299
-1.206607,-0.007326,-0.051282,2.101887,0.505495,-1.130647
-1.206607,-0.007326,-0.051282,2.105702,0.783882,-1.096459
-1.206607,0.007328,-0.056166,2.110661,1.003662,-1.096459
-1.206607,-0.007326,-0.056166,2.115238,1.106228,-1.096459
-1.206607,-0.021978,-0.061050,2.120198,1.208792,-1.072039
-1.206607,-0.007326,-0.061050,2.125538,1.296703,-1.023199
-1.206607,-0.007326,-0.061050,2.131642,1.413919,-0.964591
-1.206607,-0.007326,-0.061050,2.138127,1.560440,-0.896214
-1.206607,-0.021978,-0.061050,2.144993,1.633699,-0.847375
-1.206607,-0.007326,-0.061050,2.151478,1.633699,-0.808303
-1.206607,-0.007326,-0.061050,2.157200,1.545788,-0.754579
-1.206607,-0.007326,-0.061050,2.163304,1.516483,-0.671551
-1.206607,0.007328,-0.061050,2.169026,1.472527,-0.593407
-1.206607,-0.007326,-0.056166,2.174748,1.428572,-0.529915
-1.206607,-0.007326,-0.056166,2.179326,1.296703,-0.481074
-1.206607,-0.007326,-0.056166,2.183522,1.106228,-0.432235
-1.206607,-0.007326,-0.056166,2.186956,0.974360,-0.358974
-1.206607,-0.007326,-0.056166,2.190007,0.842491,-0.295483
-1.206607,0.007328,-0.056166,2.191915,0.652014,-0.256411
-1.206607,-0.021978,-0.061050,2.193441,0.476191,-0.207570
-1.206607,-0.007326,-0.061050,2.193822,0.227106,-0.197803
-1.206607,-0.007326,-0.065934,2.193059,-0.007328,-0.173382
-1.206607,-0.007326,-0.065934,2.191915,-0.139196,-0.134310
-1.206607,-0.007326,-0.065934,2.190007,-0.344324,-0.124542
-1.206607,-0.021978,-0.065934,2.187337,-0.593409,-0.139194
-1.206607,-0.007326,-0.065934,2.183904,-0.769232,-0.129426
-1.206607,-0.007326,-0.061050,2.179708,-0.915752,-0.158731
-1.206607,-0.007326,-0.056166,2.174748,-1.076925,-0.168498
-1.206607,-0.007326,-0.051282,2.169789,-1.179489,-0.202686
-1.206607,-0.007326,-0.046398,2.164448,-1.282053,-0.256411
-1.206607,-0.007326,-0.041514,2.158345,-1.428574,-0.310134
-1.206607,-0.007326,-0.041514,2.152241,-1.501833,-0.368742
-1.206607,-0.007326,-0.041514,2.145756,-1.575092,-0.417583
-1.206607,-0.021978,-0.036630,2.139271,-1.575092,-0.476191
-1.206607,-0.007326,-0.036630,2.133168,-1.560442,-0.549451
-1.206607,-0.007326,-0.036630,2.127064,-1.545790,-0.627595
-1.206607,0.007328,-0.036630,2.120960,-1.516485,-0.691087
-1.206607,-0.021978,-0.036630,2.115620,-1.413921,-0.739926
-1.206607,-0.007326,-0.036630,2.110661,-1.238096,-0.793651
-1.206607,-0.021978,-0.031746,2.106846,-1.106228,-0.862027
-1.206607,-0.007326,-0.031746,2.103413,-0.930405,-0.920635
-1.206607,-0.007326,-0.036630,2.100743,-0.769232,-0.979243
-1.206607,-0.007326,-0.036630,2.098835,-0.608061,-1.032967
-1.206607,0.007328,-0.036630,2.098072,-0.344324,-1.042735
-1.206607,-0.007326,-0.041514,2.098454,-0.065935,-1.081807
-1.206607,-0.007326,-0.041514,2.099217,0.065933,-1.135531
-1.206607,-0.007326,-0.046398,2.099980,0.183149,-1.155067
-1.206607,-0.021978,-0.046398,2.102268,0.402931,-1.140415
-1.206607,-0.007326,-0.051282,2.105320,0.622711,-1.125763
-1.206607,-0.007326,-0.056166,2.109135,0.842491,-1.111111
-1.206607,-0.021978,-0.061050,2.113331,0.974360,-1.106227
-1.206607,-0.007326,-0.061050,2.117909,1.091576,-1.091575
-1.206607,-0.007326,-0.065934,2.122868,1.179487,-1.052503
-1.206607,-0.007326,-0.065934,2.128590,1.311356,-0.974359
-1.206607,-0.021978,-0.070818,2.134693,1.472527,-0.915751
-1.206607,-0.007326,-0.070818,2.141178,1.575092,-0.871795
-1.206607,-0.007326,-0.070818,2.147663,1.575092,-0.832723
-1.206607,-0.007326,-0.065934,2.153767,1.531136,-0.769231
-1.206607,-0.007326,-0.065934,2.159489,1.487179,-0.695971
-1.206607,-0.021978,-0.061050,2.165211,1.487179,-0.617826
-1.206607,-0.007326,-0.061050,2.170933,1.443224,-0.544566
-1.206607,0.007328,-0.061050,2.175892,1.311356,-0.495727
-1.206607,-0.007326,-0.061050,2.179708,1.135530,-0.446886
-1.206607,-0.007326,-0.056166,2.183141,0.945055,-0.388278
-1.206607,-0.007326,-0.056166,2.185811,0.798534,-0.315019
-1.206607,-0.007326,-0.056166,2.188100,0.637363,-0.261294
-1.206607,-0.007326,-0.061050,2.189245,0.461538,-0.227106
-1.206607,-0.021978,-0.061050,2.189245,0.183149,-0.212454
-1.206607,-0.007326,-0.065934,2.188482,-0.065935,-0.178267
-1.206607,-0.007326,-0.065934,2.186956,-0.227108,-0.144078
-1.206607,-0.021978,-0.065934,2.185048,-0.417583,-0.134310
-1.206607,-0.007326,-0.065934,2.181997,-0.593409,-0.129426
-1.206607,-0.007326,-0.065934,2.178182,-0.842493,-0.153846
-1.206607,0.007328,-0.065934,2.173603,-1.018316,-0.153846
-1.206607,-0.007326,-0.061050,2.168644,-1.135532,-0.163614
-1.206607,-0.007326,-0.056166,2.163304,-1.223446,-0.202686
-1.206607,-0.007326,-0.051282,2.157582,-1.355312,-0.261294
-1.206607,0.007328,-0.046398,2.151097,-1.501833,-0.319902
-1.206607,-0.007326,-0.041514,2.144612,-1.575092,-0.368742
-1.206607,-0.007326,-0.036630,2.138127,-1.619049,-0.417583
-1.206607,-0.007326,-0.031746,2.131642,-1.604397,-0.485958
-1.206607,0.007328,-0.031746,2.125157,-1.604397,-0.568987
-1.206607,-0.007326,-0.026862,2.119053,-1.560442,-0.642246
-1.206607,-0.007326,-0.026862,2.113331,-1.501833,-0.691087
-1.206607,-0.007326,-0.026862,2.107991,-1.384617,-0.749695
-1.206607,0.007328,-0.026862,2.103413,-1.238096,-0.822955
-1.206607,-0.007326,-0.026862,2.099217,-1.120880,-0.896214
-1.206607,-0.021978,-0.026862,2.095783,-0.945057,-0.945055
-1.206607,0.007328,-0.026862,2.093113,-0.754581,-0.989011
-1.206607,-0.007326,-0.031746,2.091587,-0.549452,-1.037851
-1.206607,-0.007326,-0.031746,2.090824,-0.329672,-1.062271
-1.206607,-0.007326,-0.036630,2.091206,-0.065935,-1.101343
-1.206607,-0.007326,-0.036630,2.091587,0.065933,-1.140415
-1.206607,-0.007326,-0.041514,2.093113,0.241758,-1.145299
-1.206607,-0.021978,-0.046398,2.095402,0.476191,-1.125763
-1.206607,-0.007326,-0.051282,2.098835,0.695971,-1.115995
-1.206607,-0.007326,-0.056166,2.102650,0.842491,-1.115995
-1.206607,-0.007326,-0.061050,2.106465,0.959707,-1.081807
-1.206607,-0.021978,-0.065934,2.111424,1.106228,-1.057387
-1.206607,-0.021978,-0.070818,2.116383,1.208792,-1.003663
-1.206607,-0.007326,-0.070818,2.122105,1.340660,-0.945055
-1.206607,-0.021978,-0.070818,2.128208,1.428572,-0.891331
-1.206607,-0.007326,-0.075702,2.133930,1.472527,-0.837606
-1.206607,-0.007326,-0.075702,2.140034,1.487179,-0.774115
-1.206607,-0.007326,-0.070818,2.146137,1.501831,-0.700854
-1.206607,0.007328,-0.070818,2.151478,1.443224,-0.632479
-1.206607,-0.007326,-0.065934,2.156819,1.340660,-0.573871
-1.206607,0.007328,-0.065934,2.161778,1.267399,-0.500610
-1.206607,-0.021978,-0.061050,2.165974,1.135530,-0.437119
-1.206607,-0.007326,-0.061050,2.169407,0.989012,-0.373627
-1.206607,-0.021978,-0.061050,2.172459,0.827839,-0.334555
-1.206607,-0.007326,-0.065934,2.174366,0.622711,-0.285714
-1.206607,-0.007326,-0.065934,2.175129,0.402931,-0.246642
-1.206607,-0.007326,-0.065934,2.175129,0.139194,-0.207570
-1.206607,-0.021978,-0.065934,2.174366,-0.051285,-0.163614
-1.206607,0.007328,-0.065934,2.173222,-0.197803,-0.134310
-1.206607,0.007328,-0.065934,2.170933,-0.388281,-0.139194
-1.206607,-0.007326,-0.065934,2.167881,-0.637363,-0.139194
-1.206607,-0.007326,-0.065934,2.164067,-0.813189,-0.148962
-1.206607,-0.021978,-0.065934,2.159870,-0.989014,-0.158731
-1.206607,-0.021978,-0.065934,2.154911,-1.135532,-0.178267
-1.206607,-0.007326,-0.061050,2.149571,-1.223446,-0.217339
-1.206607,0.007328,-0.056166,2.143849,-1.340660,-0.266178
-1.206607,-0.007326,-0.051282,2.137745,-1.443226,-0.319902
-1.206607,-0.007326,-0.046398,2.131642,-1.516485,-0.383394
-1.206607,-0.007326,-0.041514,2.124775,-1.589745,-0.451771
-1.206607,-0.007326,-0.036630,2.118672,-1.575092,-0.515263
-1.206607,-0.007326,-0.031746,2.112568,-1.501833,-0.564102
-1.206607,-0.007326,-0.026862,2.107228,-1.443226,-0.637362
-1.206607,-0.007326,-0.026862,2.101887,-1.369965,-0.725275
-1.206607,-0.021978,-0.021978,2.096546,-1.311357,-0.808303
-1.206607,0.007328,-0.026862,2.092350,-1.164837,-0.852259
-1.206607,-0.007326,-0.021978,2.088917,-0.989014,-0.901099
-1.206607,-0.007326,-0.021978,2.086247,-0.725277,-0.940171
-1.206607,-0.007326,-0.026862,2.084721,-0.549452,-1.003663
-1.206607,-0.007326,-0.026862,2.083195,-0.402931,-1.072039
-1.206607,0.007328,-0.026862,2.083195,-0.168499,-1.086691
-1.206607,-0.007326,-0.031746,2.083958,0.065933,-1.111111
-1.206607,-0.007326,-0.031746,2.085484,0.256411,-1.125763
-1.206607,-0.007326,-0.036630,2.088536,0.549450,-1.111111
-1.206607,-0.007326,-0.041514,2.091969,0.769230,-1.135531
-1.206607,0.007328,-0.046398,2.095402,0.842491,-1.140415
-1.206607,-0.007326,-0.051282,2.099980,1.032967,-1.096459
-1.206607,-0.021978,-0.056166,2.104939,1.164835,-1.057387
-1.206607,-0.007326,-0.061050,2.110661,1.311356,-1.008547
-1.206607,-0.007326,-0.061050,2.116764,1.457876,-0.959707
-1.206607,-0.007326,-0.065934,2.122868,1.501831,-0.925519
-1.206607,-0.007326,-0.070818,2.128971,1.487179,-0.866911
-1.206607,-0.007326,-0.070818,2.135075,1.531136,-0.783883
-1.206607,-0.007326,-0.070818,2.141560,1.589743,-0.705739
-1.206607,-0.007326,-0.075702,2.148045,1.604395,-0.642246
-1.206607,-0.007326,-0.070818,2.153767,1.516483,-0.583638
-1.206607,-0.021978,-0.070818,2.159107,1.384615,-0.520146
-1.206607,0.007328,-0.070818,2.163685,1.252747,-0.451771
-1.206607,-0.007326,-0.070818,2.167881,1.135530,-0.373627
-1.206607,0.007328,-0.070818,2.171314,0.989012,-0.319902
-1.206607,0.007328,-0.070818,2.173985,0.769230,-0.280830
-1.206607,-0.007326,-0.070818,2.175511,0.520147,-0.251526
-1.206607,-0.007326,-0.070818,2.175511,0.241758,-0.212454
-1.206607,-0.007326,-0.075702,2.175129,0.036631,-0.173382
-1.206607,-0.007326,-0.070818,2.173985,-0.153849,-0.144078
-1.206607,-0.021978,-0.070818,2.172459,-0.271065,-0.129426
-1.206607,0.007328,-0.075702,2.169789,-0.534800,-0.144078
-1.206607,-0.007326,-0.075702,2.165974,-0.739929,-0.148962
-1.206607,-0.007326,-0.070818,2.162159,-0.901100,-0.168498
-1.206607,-0.007326,-0.070818,2.157200,-1.062273,-0.188034
-1.206607,-0.007326,-0.065934,2.152241,-1.164837,-0.222222
-1.206607,-0.007326,-0.065934,2.146900,-1.267401,-0.271062
-1.206607,0.007328,-0.061050,2.141178,-1.384617,-0.339438
-1.206607,-0.007326,-0.056166,2.135075,-1.428574,-0.398046
-1.206607,-0.007326,-0.051282,2.129353,-1.472528,-0.461538
-1.206607,-0.007326,-0.046398,2.123249,-1.501833,-0.529915
-1.206607,0.007328,-0.041514,2.117527,-1.443226,-0.598290
-1.206607,-0.007326,-0.036630,2.112187,-1.326010,-0.656898
-1.206607,-0.007326,-0.031746,2.107609,-1.238096,-0.735043
-1.206607,-0.021978,-0.026862,2.103031,-1.150185,-0.818070
-1.206607,-0.007326,-0.021978,2.099598,-1.003664,-0.881563
-1.206607,0.007328,-0.021978,2.096165,-0.871796,-0.935287
-1.206607,-0.007326,-0.021978,2.094639,-0.622713,-0.974359
-1.206607,0.007328,-0.017094,2.093495,-0.417583,-1.023199
-1.206607,-0.007326,-0.017094,2.093113,-0.212456,-1.072039
-1.206607,0.007328,-0.017094,2.093113,-0.036633,-1.111111
-1.206607,0.007328,-0.017094,2.094258,0.168499,-1.130647
-1.206607,0.007328,-0.021978,2.096165,0.358974,-1.135531
-1.206607,-0.007326,-0.026862,2.099217,0.608059,-1.125763
-1.206607,-0.007326,-0.031746,2.102268,0.725275,-1.135531
-1.206607,0.007328,-0.036630,2.106465,0.886446,-1.106227
-1.206607,-0.007326,-0.041514,2.110661,1.047619,-1.072039
-1.206607,-0.021978,-0.046398,2.116001,1.194139,-1.032967
-1.206607,-0.007326,-0.051282,2.121342,1.296703,-0.989011
-1.206607,-0.007326,-0.061050,2.127064,1.384615,-0.935287
-1.206607,-0.007326,-0.065934,2.132786,1.443224,-0.871795
-1.206607,-0.007326,-0.070818,2.138890,1.487179,-0.803419
-1.206607,-0.007326,-0.070818,2.144993,1.531136,-0.725275
-1.206607,-0.007326,-0.075702,2.151097,1.516483,-0.661782
-1.206607,-0.007326,-0.070818,2.156437,1.413919,-0.598290
-1.206607,-0.007326,-0.075702,2.161778,1.326008,-0.520146
-1.206607,-0.007326,-0.075702,2.166355,1.252747,-0.456655
-1.206607,-0.007326,-0.075702,2.170552,1.120878,-0.388278
-1.206607,-0.007326,-0.070818,2.173603,0.930403,-0.339438
-1.206607,-0.007326,-0.070818,2.175892,0.710623,-0.295483
-1.206607,-0.007326,-0.070818,2.177419,0.520147,-0.241758
-1.206607,0.007328,-0.070818,2.178182,0.300365,-0.202686
-1.206607,-0.021978,-0.075702,2.177800,0.080585,-0.173382
-1.206607,-0.007326,-0.075702,2.177037,-0.095240,-0.144078
-1.206607,-0.007326,-0.075702,2.175129,-0.285717,-0.134310
-1.206607,0.007328,-0.080586,2.172459,-0.564104,-0.148962
-1.206607,0.007328,-0.080586,2.168644,-0.754581,-0.148962
-1.206607,-0.007326,-0.080586,2.165211,-0.857145,-0.153846
-1.206607,-0.021978,-0.075702,2.160633,-1.003664,-0.188034
-1.206607,-0.007326,-0.075702,2.155674,-1.135532,-0.236875
-1.206607,-0.021978,-0.070818,2.150334,-1.267401,-0.295483
-1.206607,-0.021978,-0.070818,2.144612,-1.384617,-0.344322
-1.206607,0.007328,-0.065934,2.138508,-1.428574,-0.398046
-1.206607,-0.007326,-0.061050,2.132786,-1.428574,-0.476191
-1.206607,0.007328,-0.061050,2.127064,-1.443226,-0.554335
-1.206607,-0.007326,-0.051282,2.121342,-1.384617,-0.617826
-1.206607,-0.007326,-0.051282,2.116383,-1.311357,-0.686203
-1.206607,0.007328,-0.046398,2.111805,-1.208794,-0.749695
-1.206607,0.007328,-0.041514,2.107991,-1.047621,-0.818070
-1.206607,-0.007326,-0.036630,2.104557,-0.930405,-0.891331
-1.206607,-0.021978,-0.031746,2.102268,-0.710625,-0.949939
-1.206607,-0.007326,-0.026862,2.100361,-0.564104,-1.003663
-1.206607,-0.021978,-0.021978,2.099217,-0.373629,-1.047619
-1.206607,-0.021978,-0.017094,2.099598,-0.139196,-1.086691
-1.206607,0.007328,-0.012210,2.099980,0.021978,-1.125763
-1.206607,-0.007326,-0.012210,2.101124,0.183149,-1.140415
-1.206607,-0.007326,-0.012210,2.103031,0.388279,-1.140415
-1.206607,-0.007326,-0.012210,2.106083,0.593407,-1.135531
-1.206607,-0.007326,-0.017094,2.109135,0.739927,-1.125763
-1.206607,-0.007326,-0.017094,2.112950,0.871796,-1.101343
-1.206607,-0.021978,-0.021978,2.117527,1.032967,-1.052503
-1.206607,-0.021978,-0.031746,2.122105,1.135530,-1.013431
-1.206607,-0.007326,-0.041514,2.127445,1.267399,-0.945055
-1.206607,-0.007326,-0.051282,2.133168,1.369963,-0.886447
-1.206607,-0.021978,-0.056166,2.139271,1.428572,-0.827839
-1.206607,-0.007326,-0.065934,2.144612,1.413919,-0.759462
-1.206607,-0.007326,-0.070818,2.150334,1.384615,-0.695971
-1.206607,-0.007326,-0.070818,2.155293,1.326008,-0.622710
-1.206607,-0.021978,-0.075702,2.160252,1.252747,-0.534799
-1.206607,-0.007326,-0.070818,2.164829,1.179487,-0.471307
-1.206607,-0.007326,-0.075702,2.168644,1.076923,-0.402930
-1.206607,-0.007326,-0.070818,2.171696,0.901098,-0.354091
-1.206607,-0.007326,-0.070818,2.173985,0.666666,-0.305250
-1.206607,-0.007326,-0.070818,2.175511,0.476191,-0.256411
-1.206607,-0.007326,-0.070818,2.175892,0.256411,-0.212454
-1.206607,-0.007326,-0.070818,2.175511,0.051283,-0.173382
-1.206607,-0.007326,-0.075702,2.174366,-0.124544,-0.148962
-1.206607,-0.021978,-0.075702,2.172459,-0.315020,-0.134310
-1.206607,0.007328,-0.075702,2.169407,-0.549452,-0.148962
-1.206607,-0.007326,-0.080586,2.165974,-0.783884,-0.153846
-1.206607,0.007328,-0.080586,2.161396,-0.989014,-0.173382
-1.206607,0.007328,-0.075702,2.156437,-1.120880,-0.197803
-1.206607,-0.007326,-0.075702,2.151097,-1.252748,-0.231990
-1.206607,0.007328,-0.070818,2.145375,-1.340660,-0.280830
-1.206607,-0.007326,-0.070818,2.139271,-1.443226,-0.344322
-1.206607,-0.007326,-0.070818,2.133168,-1.516485,-0.422466
-1.206607,-0.007326,-0.065934,2.126683,-1.545790,-0.490843
-1.206607,-0.007326,-0.065934,2.120579,-1.560442,-0.554335
-1.206607,-0.021978,-0.061050,2.114857,-1.487181,-0.612943
-1.206607,-0.007326,-0.056166,2.109516,-1.355312,-0.686203
-1.206607,-0.007326,-0.056166,2.104557,-1.267401,-0.769231
-1.206607,-0.007326,-0.056166,2.100361,-1.135532,-0.842491
-1.206607,-0.007326,-0.051282,2.096546,-1.032969,-0.910867
-1.206607,-0.007326,-0.046398,2.093876,-0.798536,-0.949939
-1.206607,-0.007326,-0.041514,2.091969,-0.608061,-1.003663
-1.206607,0.007328,-0.036630,2.090824,-0.402931,-1.052503
-1.206607,-0.007326,-0.031746,2.090824,-0.124544,-1.081807
-1.206607,-0.007326,-0.026862,2.091206,0.021978,-1.130647
-1.206607,-0.007326,-0.021978,2.092350,0.183149,-1.150183
-1.206607,0.007328,-0.017094,2.094258,0.388279,-1.125763
-1.206607,-0.007326,-0.012210,2.097691,0.637363,-1.115995
-1.206607,0.007328,-0.012210,2.101124,0.798534,-1.106227
-1.206607,-0.021978,-0.012210,2.105320,0.915751,-1.081807
-1.206607,0.021980,-0.017094,2.109516,1.047619,-1.042735
-1.206607,-0.007326,-0.017094,2.114475,1.135530,-0.989011
-1.206607,-0.021978,-0.021978,2.119816,1.252747,-0.925519
-1.206607,-0.007326,-0.031746,2.125157,1.326008,-0.857142
-1.206607,-0.021978,-0.036630,2.130879,1.355310,-0.803419
-1.206607,-0.021978,-0.041514,2.136219,1.340660,-0.730159
-1.206607,-0.007326,-0.051282,2.141178,1.326008,-0.647131
-1.206607,-0.021978,-0.056166,2.146519,1.296703,-0.568987
-1.206607,-0.021978,-0.061050,2.150715,1.164835,-0.500610
-1.206607,-0.007326,-0.065934,2.154530,1.047619,-0.437119
-1.206607,-0.007326,-0.065934,2.157582,0.871796,-0.378510
-1.206607,-0.007326,-0.070818,2.160252,0.754580,-0.300366
-1.206607,-0.007326,-0.075702,2.162159,0.578754,-0.256411
-1.206607,-0.007326,-0.075702,2.162922,0.344322,-0.222222
-1.206607,-0.007326,-0.080586,2.162541,0.109890,-0.192918
-1.206607,0.007328,-0.080586,2.161778,-0.095240,-0.153846
-1.206607,-0.021978,-0.085470,2.160252,-0.241760,-0.134310
-1.206607,-0.021978,-0.085470,2.157963,-0.446888,-0.134310
-1.206607,-0.007326,-0.085470,2.154911,-0.666668,-0.148962
-1.206607,-0.007326,-0.085470,2.150334,-0.901100,-0.173382
-1.206607,-0.007326,-0.080586,2.146137,-1.032969,-0.188034
-1.206607,-0.021978,-0.080586,2.141178,-1.150185,-0.227106
-1.206607,0.007328,-0.075702,2.135838,-1.238096,-0.275947
-1.206607,-0.021978,-0.070818,2.130116,-1.369965,-0.339438
-1.206607,0.007328,-0.065934,2.123631,-1.472528,-0.417583
-1.206607,-0.007326,-0.065934,2.117527,-1.516485,-0.481074
-1.206607,-0.007326,-0.061050,2.111805,-1.472528,-0.534799
-1.206607,-0.007326,-0.056166,2.106465,-1.369965,-0.608059
-1.206607,-0.007326,-0.056166,2.101506,-1.326010,-0.695971
-1.206607,-0.007326,-0.056166,2.096165,-1.311357,-0.793651
-1.206607,-0.021978,-0.056166,2.091969,-1.164837,-0.842491
-1.206607,-0.007326,-0.051282,2.088154,-0.974361,-0.891331
-1.206607,-0.007326,-0.051282,2.086247,-0.710625,-0.935287
-1.206607,-0.007326,-0.051282,2.084721,-0.505497,-1.008547
-1.206607,-0.007326,-0.046398,2.083195,-0.388281,-1.076923
-1.206607,-0.007326,-0.036630,2.083195,-0.124544,-1.086691
-1.206607,0.007328,-0.036630,2.084339,0.080585,-1.115995
-1.206607,-0.007326,-0.031746,2.085865,0.285715,-1.120879
-1.206607,-0.007326,-0.026862,2.088917,0.578754,-1.106227
-1.206607,-0.007326,-0.021978,2.092732,0.783882,-1.130647
-1.206607,-0.007326,-0.021978,2.096165,0.842491,-1.120879
-1.206607,0.007328,-0.021978,2.100743,1.032967,-1.067155
-1.206607,-0.007326,-0.021978,2.105702,1.194139,-1.013431
-1.206607,-0.007326,-0.021978,2.111424,1.311356,-0.959707
-1.206607,-0.007326,-0.026862,2.117527,1.428572,-0.901099
-1.206607,-0.007326,-0.026862,2.123249,1.443224,-0.857142
-1.206607,-0.021978,-0.031746,2.128590,1.413919,-0.788767
-1.206607,-0.021978,-0.036630,2.134312,1.413919,-0.700854
-1.206607,-0.007326,-0.036630,2.140034,1.443224,-0.612943
-1.206607,-0.021978,-0.041514,2.145756,1.399267,-0.539682
-1.206607,-0.007326,-0.046398,2.150334,1.252747,-0.485958
-1.206607,-0.007326,-0.051282,2.154148,1.091576,-0.422466
-1.206607,-0.007326,-0.051282,2.157200,0.886446,-0.363858
-1.206607,-0.007326,-0.056166,2.159870,0.769230,-0.271062
-1.206607,-0.007326,-0.061050,2.161778,0.593407,-0.231990
-1.206607,-0.007326,-0.065934,2.162922,0.388279,-0.207570
-1.206607,-0.007326,-0.070818,2.162541,0.109890,-0.183150
-1.206607,-0.007326,-0.075702,2.161396,-0.109892,-0.153846
-1.206607,0.007328,-0.075702,2.159870,-0.285717,-0.139194
-1.206607,-0.007326,-0.080586,2.157582,-0.446888,-0.134310
-1.206607,-0.021978,-0.085470,2.154530,-0.637363,-0.158731
-1.206607,-0.007326,-0.090354,2.150334,-0.857145,-0.192918
-1.206607,-0.007326,-0.090354,2.146137,-1.003664,-0.207570
-1.206607,-0.007326,-0.085470,2.141178,-1.135532,-0.261294
-1.206607,0.007328,-0.085470,2.136219,-1.208794,-0.310134
-1.206607,-0.021978,-0.080586,2.130879,-1.267401,-0.378510
-1.206607,-0.007326,-0.075702,2.125157,-1.369965,-0.466422
-1.206607,-0.007326,-0.070818,2.119435,-1.369965,-0.534799
-1.206607,-0.007326,-0.065934,2.114094,-1.311357,-0.583638
-1.206607,-0.007326,-0.061050,2.109516,-1.208794,-0.661782
-1.206607,-0.007326,-0.056166,2.105320,-1.150185,-0.754579
-1.206607,-0.007326,-0.056166,2.101506,-1.032969,-0.832723
-1.206607,-0.007326,-0.056166,2.097691,-0.959709,-0.905983
-1.206607,0.007328,-0.056166,2.095402,-0.725277,-0.945055
-1.206607,-0.007326,-0.051282,2.093876,-0.490845,-0.989011
-1.206607,0.007328,-0.051282,2.093495,-0.285717,-1.047619
-1.206607,-0.007326,-0.046398,2.093495,-0.080587,-1.091575
-1.206607,-0.007326,-0.046398,2.093876,0.065933,-1.130647
-1.206607,-0.007326,-0.041514,2.095783,0.271063,-1.140415
-1.206607,0.007328,-0.036630,2.098072,0.505495,-1.125763
-1.206607,-0.021978,-0.031746,2.101506,0.695971,-1.125763
-1.206607,-0.007326,-0.026862,2.104939,0.827839,-1.106227
-1.206607,0.007328,-0.031746,2.109135,0.974360,-1.067155
-1.206607,0.007328,-0.026862,2.114094,1.106228,-1.028083
-1.206607,-0.007326,-0.026862,2.119053,1.238094,-0.969475
-1.206607,-0.021978,-0.031746,2.124775,1.326008,-0.905983
-1.206607,-0.007326,-0.031746,2.130497,1.384615,-0.842491
-1.206607,0.007328,-0.036630,2.136219,1.413919,-0.764347
-1.206607,-0.007326,-0.041514,2.141941,1.428572,-0.686203
-1.206607,0.007328,-0.041514,2.147282,1.369963,-0.617826
-1.206607,-0.007326,-0.041514,2.152241,1.296703,-0.539682
-1.206607,-0.007326,-0.046398,2.156437,1.150183,-0.481074
-1.206607,0.007328,-0.046398,2.160633,1.076923,-0.393163
-1.206607,-0.007326,-0.051282,2.163685,0.886446,-0.334555
-1.206607,-0.007326,-0.051282,2.165974,0.695971,-0.280830
-1.206607,-0.021978,-0.051282,2.167500,0.534798,-0.227106
-1.206607,-0.007326,-0.056166,2.167881,0.256411,-0.207570
-1.206607,-0.007326,-0.056166,2.167500,0.036631,-0.168498
-1.206607,0.007328,-0.061050,2.166355,-0.139196,-0.139194
-1.206607,-0.007326,-0.065934,2.165211,-0.256413,-0.124542
-1.206607,-0.007326,-0.070818,2.162541,-0.476192,-0.153846
-1.206607,-0.021978,-0.070818,2.159107,-0.725277,-0.168498
-1.206607,0.007328,-0.080586,2.154911,-0.871796,-0.192918
-1.206607,-0.007326,-0.080586,2.150334,-1.032969,-0.231990
-1.206607,-0.007326,-0.080586,2.145756,-1.091578,-0.266178
-1.206607,-0.007326,-0.080586,2.140797,-1.179489,-0.344322
-1.206607,-0.007326,-0.075702,2.135456,-1.282053,-0.422466
-1.206607,-0.021978,-0.070818,2.130116,-1.340660,-0.490843
-1.206607,-0.007326,-0.065934,2.124394,-1.355312,-0.564102
-1.206607,-0.007326,-0.061050,2.119435,-1.282053,-0.632479
-1.206607,0.007328,-0.061050,2.115238,-1.150185,-0.691087
-1.206607,-0.007326,-0.056166,2.111424,-1.018316,-0.778998
-1.206607,-0.007326,-0.056166,2.107991,-0.901100,-0.862027
-1.206607,-0.021978,-0.056166,2.105320,-0.798536,-0.935287
-1.206607,-0.007326,-0.051282,2.103794,-0.534800,-0.969475
-1.206607,-0.007326,-0.051282,2.103031,-0.315020,-1.032967
-1.206607,-0.007326,-0.051282,2.102650,-0.124544,-1.076923
-1.206607,-0.007326,-0.051282,2.103413,0.065933,-1.115995
-1.206607,-0.007326,-0.046398,2.104939,0.271063,-1.130647
-1.206607,0.007328,-0.041514,2.107609,0.490843,-1.135531
-1.206607,0.007328,-0.036630,2.110661,0.652014,-1.130647
-1.206607,-0.021978,-0.036630,2.114094,0.827839,-1.106227
-1.206607,-0.021978,-0.036630,2.118672,0.989012,-1.086691
-1.206607,-0.007326,-0.031746,2.122868,1.076923,-1.047619
-1.206607,-0.007326,-0.036630,2.128208,1.208792,-0.979243
-1.206607,-0.007326,-0.036630,2.133549,1.296703,-0.920635
-1.206607,-0.007326,-0.036630,2.139271,1.384615,-0.862027
-1.206607,-0.021978,-0.041514,2.144993,1.413919,-0.783883
-1.206607,-0.007326,-0.041514,2.150334,1.399267,-0.710623
-1.206607,-0.007326,-0.046398,2.155674,1.355310,-0.637362
-1.206607,-0.007326,-0.046398,2.160633,1.296703,-0.544566
-1.206607,0.007328,-0.046398,2.165592,1.208792,-0.476191
-1.206607,-0.007326,-0.051282,2.169789,1.106228,-0.398046
-1.206607,-0.007326,-0.051282,2.172840,0.945055,-0.349206
-1.206607,-0.021978,-0.051282,2.175511,0.739927,-0.295483
-1.206607,-0.007326,-0.056166,2.176656,0.490843,-0.246642
-1.206607,-0.007326,-0.056166,2.177419,0.344322,-0.188034
-1.206607,-0.021978,-0.056166,2.177419,0.139194,-0.163614
-1.206607,0.007328,-0.056166,2.177037,-0.051285,-0.144078
-1.206607,-0.007326,-0.061050,2.175511,-0.241760,-0.139194
-1.206607,-0.007326,-0.061050,2.172840,-0.505497,-0.158731
-1.206607,-0.007326,-0.065934,2.169407,-0.681320,-0.163614
-1.206607,-0.007326,-0.070818,2.165974,-0.798536,-0.173382
-1.206607,-0.021978,-0.070818,2.162541,-0.871796,-0.222222
-1.206607,-0.021978,-0.075702,2.157963,-1.018316,-0.285714
-1.206607,-0.036631,-0.070818,2.153004,-1.135532,-0.354091
-1.206607,-0.007326,-0.070818,2.147663,-1.223446,-0.432235
-1.206607,0.007328,-0.065934,2.142704,-1.238096,-0.495727
-1.206607,-0.021978,-0.061050,2.138127,-1.179489,-0.554335
-1.206607,0.007328,-0.056166,2.133168,-1.179489,-0.656898
-1.206607,-0.007326,-0.051282,2.128971,-1.106228,-0.735043
-1.206607,-0.007326,-0.051282,2.125157,-1.032969,-0.818070
-1.206607,-0.007326,-0.046398,2.121723,-0.901100,-0.871795
-1.206607,-0.007326,-0.046398,2.119435,-0.666668,-0.930403
-1.206607,-0.007326,-0.046398,2.118290,-0.446888,-0.989011
-1.206607,-0.007326,-0.046398,2.117527,-0.256413,-1.047619
-1.206607,-0.007326,-0.046398,2.117909,-0.080587,-1.091575
-1.206607,-0.021978,-0.046398,2.118290,0.080585,-1.130647
-1.206607,-0.007326,-0.046398,2.119816,0.285715,-1.130647
-1.206607,-0.007326,-0.046398,2.122868,0.534798,-1.120879
-1.206607,-0.007326,-0.041514,2.125920,0.725275,-1.115995
-1.206607,-0.007326,-0.041514,2.129734,0.871796,-1.115995
-1.206607,-0.021978,-0.041514,2.133930,0.974360,-1.076923
-1.206607,0.007328,-0.041514,2.138890,1.106228,-1.028083
-1.206607,-0.007326,-0.041514,2.144230,1.252747,-0.954823
-1.206607,-0.021978,-0.041514,2.149571,1.326008,-0.891331
-1.206607,-0.021978,-0.041514,2.155293,1.369963,-0.827839
-1.206607,-0.007326,-0.046398,2.160633,1.369963,-0.754579
-1.206607,-0.007326,-0.051282,2.165974,1.340660,-0.676435
-1.206607,-0.021978,-0.051282,2.170933,1.296703,-0.583638
-1.206607,-0.007326,-0.051282,2.175892,1.238094,-0.510379
-1.206607,-0.007326,-0.056166,2.180089,1.135530,-0.446886
-1.206607,-0.007326,-0.061050,2.183141,0.930403,-0.383394
-1.206607,-0.007326,-0.061050,2.185811,0.769230,-0.305250
-1.206607,-0.007326,-0.061050,2.187719,0.593407,-0.256411
-1.206607,-0.007326,-0.061050,2.188482,0.358974,-0.212454
-1.206607,0.007328,-0.061050,2.188482,0.124542,-0.178267
-1.206607,-0.007326,-0.061050,2.187719,-0.080587,-0.158731
-1.206607,-0.007326,-0.061050,2.185811,-0.315020,-0.144078
-1.206607,-0.007326,-0.061050,2.183141,-0.476192,-0.129426
-1.206607,-0.007326,-0.065934,2.180089,-0.681320,-0.158731
-1.206607,-0.007326,-0.065934,2.176274,-0.871796,-0.178267
-1.206607,-0.007326,-0.070818,2.172077,-0.974361,-0.217339
-1.206607,-0.021978,-0.070818,2.167118,-1.076925,-0.256411
-1.206607,-0.007326,-0.070818,2.162159,-1.179489,-0.334555
-1.206607,-0.007326,-0.065934,2.156819,-1.267401,-0.412699
-1.206607,-0.007326,-0.065934,2.151478,-1.326010,-0.485958
-1.206607,-0.007326,-0.061050,2.146137,-1.311357,-0.549451
-1.206607,-0.007326,-0.056166,2.141178,-1.252748,-0.637362
-1.206607,-0.007326,-0.051282,2.136982,-1.135532,-0.705739
-1.206607,-0.007326,-0.046398,2.132786,-1.062273,-0.803419
-1.206607,-0.007326,-0.041514,2.129353,-0.945057,-0.871795
-1.206607,0.007328,-0.041514,2.126301,-0.813189,-0.945055
-1.206607,-0.007326,-0.036630,2.124394,-0.608061,-0.984127
-1.206607,-0.007326,-0.036630,2.123631,-0.344324,-1.013431
-1.206607,-0.021978,-0.031746,2.123631,-0.109892,-1.072039
-1.206607,0.007328,-0.036630,2.124394,0.080585,-1.115995
-1.206607,-0.007326,-0.036630,2.125920,0.256411,-1.145299
-1.206607,-0.007326,-0.036630,2.127827,0.402931,-1.140415
-1.206607,-0.007326,-0.036630,2.131260,0.666666,-1.111111
-1.206607,-0.007326,-0.036630,2.135456,0.901098,-1.076923
-1.206607,-0.007326,-0.041514,2.140034,1.062271,-1.062271
-1.206607,-0.021978,-0.041514,2.144612,1.135530,-1.028083
-1.206607,-0.021978,-0.041514,2.149571,1.194139,-0.974359
-1.206607,-0.007326,-0.041514,2.154530,1.238094,-0.896214
-1.206607,-0.007326,-0.041514,2.160252,1.340660,-0.808303
-1.206607,-0.021978,-0.046398,2.165592,1.340660,-0.739926
-1.206607,-0.007326,-0.051282,2.170933,1.326008,-0.661782
-1.206607,-0.007326,-0.056166,2.175511,1.223444,-0.593407
-1.206607,-0.021978,-0.061050,2.179708,1.120878,-0.510379
-1.206607,-0.021978,-0.061050,2.183522,0.989012,-0.427350
-1.206607,-0.021978,-0.061050,2.186956,0.915751,-0.344322
-1.206607,-0.007326,-0.065934,2.189245,0.754580,-0.280830
-1.206607,-0.007326,-0.065934,2.190770,0.505495,-0.256411
-1.206607,0.007328,-0.065934,2.191152,0.241758,-0.212454
-1.206607,-0.021978,-0.070818,2.190770,0.021978,-0.178267
-1.206607,-0.007326,-0.065934,2.189245,-0.183151,-0.153846
-1.206607,0.007328,-0.065934,2.187337,-0.358976,-0.139194
-1.206607,-0.021978,-0.070818,2.184667,-0.564104,-0.148962
-1.206607,-0.021978,-0.065934,2.180852,-0.813189,-0.178267
-1.206607,-0.021978,-0.065934,2.176274,-0.989014,-0.202686
-1.206607,-0.007326,-0.065934,2.171696,-1.091578,-0.236875
-1.206607,-0.007326,-0.065934,2.166737,-1.150185,-0.271062
-1.206607,-0.007326,-0.065934,2.161778,-1.223446,-0.349206
-1.206607,0.007328,-0.065934,2.156056,-1.311357,-0.442002
-1.206607,-0.007326,-0.065934,2.150334,-1.369965,-0.525030
-1.206607,-0.007326,-0.061050,2.144993,-1.340660,-0.593407
-1.206607,-0.021978,-0.061050,2.140415,-1.267401,-0.666667
-1.206607,-0.007326,-0.056166,2.135838,-1.164837,-0.744811
-1.206607,-0.007326,-0.051282,2.132023,-1.032969,-0.832723
-1.206607,0.007328,-0.046398,2.128590,-0.945057,-0.915751
-1.206607,-0.007326,-0.041514,2.125920,-0.769232,-0.979243
-1.206607,-0.007326,-0.036630,2.124012,-0.534800,-1.008547
-1.206607,-0.021978,-0.031746,2.123631,-0.271065,-1.042735
-1.206607,-0.007326,-0.031746,2.124012,-0.036633,-1.086691
-1.206607,0.007328,-0.031746,2.125157,0.153847,-1.130647
-1.206607,-0.007326,-0.026862,2.126683,0.315018,-1.150183
-1.206607,-0.007326,-0.026862,2.129353,0.520147,-1.125763
-1.206607,-0.021978,-0.031746,2.132786,0.739927,-1.086691
-1.206607,-0.007326,-0.031746,2.136982,0.974360,-1.057387
-1.206607,-0.007326,-0.031746,2.141560,1.076923,-1.032967
-1.206607,-0.021978,-0.031746,2.146519,1.135530,-0.993895
-1.206607,-0.007326,-0.036630,2.151097,1.164835,-0.920635
-1.206607,-0.007326,-0.036630,2.156437,1.252747,-0.837606
-1.206607,0.007328,-0.041514,2.161778,1.311356,-0.744811
-1.206607,-0.007326,-0.046398,2.167118,1.326008,-0.666667
-1.206607,-0.007326,-0.051282,2.171696,1.252747,-0.603174
-1.206607,-0.007326,-0.051282,2.176274,1.120878,-0.529915
-1.206607,0.007328,-0.056166,2.179708,1.018314,-0.451771
-1.206607,-0.007326,-0.061050,2.182760,0.871796,-0.368742
-1.206607,-0.007326,-0.065934,2.185430,0.725275,-0.295483
-1.206607,-0.007326,-0.070818,2.187337,0.564102,-0.251526
-1.206607,-0.007326,-0.070818,2.187719,0.300365,-0.222222
-1.206607,-0.007326,-0.070818,2.187337,0.065933,-0.188034
-1.206607,-0.007326,-0.075702,2.186193,-0.183151,-0.158731
-1.206607,-0.007326,-0.075702,2.184285,-0.344324,-0.134310
-1.206607,-0.007326,-0.075702,2.181615,-0.520149,-0.139194
-1.206607,-0.007326,-0.070818,2.177800,-0.769232,-0.173382
-1.206607,-0.007326,-0.070818,2.173985,-0.930405,-0.188034
-1.206607,-0.007326,-0.070818,2.169407,-1.032969,-0.236875
-1.206607,-0.007326,-0.070818,2.164829,-1.120880,-0.285714
-1.206607,-0.007326,-0.070818,2.159489,-1.208794,-0.358974
-1.206607,-0.007326,-0.070818,2.154148,-1.282053,-0.442002
-1.206607,0.007328,-0.065934,2.148808,-1.326010,-0.525030
-1.206607,-0.021978,-0.065934,2.143467,-1.296705,-0.598290
-1.206607,0.007328,-0.061050,2.138890,-1.223446,-0.666667
-1.206607,-0.007326,-0.056166,2.134693,-1.135532,-0.764347
-1.206607,-0.007326,-0.051282,2.130879,-1.018316,-0.832723
-1.206607,-0.021978,-0.046398,2.127445,-0.915752,-0.925519
-1.206607,-0.007326,-0.046398,2.125157,-0.725277,-0.974359
-1.206607,-0.007326,-0.041514,2.123631,-0.476192,-1.003663
-1.206607,0.007328,-0.036630,2.123249,-0.227108,-1.057387
-1.206607,-0.007326,-0.036630,2.124012,0.007326,-1.101343
-1.206607,-0.021978,-0.036630,2.125157,0.168499,-1.130647
-1.206607,-0.007326,-0.031746,2.126683,0.344322,-1.145299
-1.206607,-0.007326,-0.031746,2.129353,0.564102,-1.120879
-1.206607,-0.007326,-0.026862,2.133168,0.783882,-1.076923
-1.206607,-0.021978,-0.026862,2.137745,0.989012,-1.052503
-1.206607,-0.007326,-0.026862,2.142323,1.106228,-1.023199
-1.206607,0.007328,-0.031746,2.146900,1.150183,-0.974359
-1.206607,0.007328,-0.031746,2.151860,1.208792,-0.891331
-1.206607,-0.007326,-0.031746,2.157200,1.267399,-0.808303
-1.206607,0.007328,-0.036630,2.162541,1.326008,-0.720390
-1.206607,0.007328,-0.036630,2.167881,1.311356,-0.642246
-1.206607,-0.007326,-0.041514,2.172459,1.238094,-0.573871
-1.206607,-0.007326,-0.046398,2.176656,1.091576,-0.495727
-1.206607,-0.007326,-0.051282,2.180089,0.974360,-0.417583
-1.206607,-0.021978,-0.056166,2.182760,0.798534,-0.344322
-1.206607,0.007328,-0.056166,2.185048,0.637363,-0.271062
-1.206607,-0.007326,-0.061050,2.186574,0.476191,-0.227106
-1.206607,-0.007326,-0.061050,2.186574,0.212454,-0.212454
-1.206607,-0.007326,-0.065934,2.185430,-0.080587,-0.178267
-1.206607,-0.021978,-0.065934,2.184285,-0.212456,-0.134310
-1.206607,-0.007326,-0.070818,2.182378,-0.402931,-0.139194
-1.206607,-0.021978,-0.070818,2.178945,-0.622713,-0.163614
-1.206607,-0.007326,-0.075702,2.175129,-0.813189,-0.168498
-1.206607,-0.007326,-0.075702,2.170933,-0.959709,-0.217339
-1.206607,-0.007326,-0.070818,2.166737,-1.047621,-0.256411
-1.206607,-0.021978,-0.070818,2.162159,-1.106228,-0.324786
-1.206607,-0.007326,-0.070818,2.156819,-1.223446,-0.417583
-1.206607,-0.021978,-0.070818,2.151478,-1.296705,-0.495727
-1.206607,-0.007326,-0.065934,2.146519,-1.252748,-0.559218
-1.206607,-0.007326,-0.065934,2.141560,-1.223446,-0.647131
-1.206607,-0.007326,-0.061050,2.137364,-1.091578,-0.720390
-1.206607,-0.007326,-0.056166,2.133549,-1.003664,-0.822955
-1.206607,-0.007326,-0.051282,2.130116,-0.886448,-0.886447
-1.206607,-0.007326,-0.051282,2.127445,-0.769232,-0.969475
-1.206607,-0.007326,-0.046398,2.125920,-0.534800,-1.013431
-1.206607,-0.021978,-0.046398,2.125157,-0.315020,-1.047619
-1.206607,-0.007326,-0.046398,2.125538,-0.080587,-1.091575
-1.206607,-0.007326,-0.041514,2.126301,0.109890,-1.130647
-1.206607,0.007328,-0.041514,2.127827,0.256411,-1.140415
-1.206607,-0.007326,-0.036630,2.130116,0.476191,-1.130647
-1.206607,0.007328,-0.036630,2.133168,0.666666,-1.091575
-1.206607,0.007328,-0.031746,2.136982,0.871796,-1.057387
-1.206607,-0.021978,-0.036630,2.141560,1.003662,-1.028083
-1.206607,0.007328,-0.031746,2.145756,1.062271,-0.974359
-1.206607,-0.007326,-0.036630,2.150334,1.106228,-0.905983
-1.206607,-0.007326,-0.031746,2.155293,1.179487,-0.818070
-1.206607,-0.007326,-0.036630,2.160252,1.223444,-0.725275
-1.206607,-0.007326,-0.036630,2.164829,1.208792,-0.652015
-1.206607,-0.007326,-0.041514,2.169407,1.150183,-0.568987
-1.206607,-0.007326,-0.041514,2.173222,1.032967,-0.495727
-1.206607,-0.021978,-0.046398,2.176656,0.886446,-0.422466
-1.206607,-0.007326,-0.051282,2.178945,0.754580,-0.344322
-1.206607,-0.007326,-0.051282,2.180852,0.564102,-0.285714
-1.206607,-0.007326,-0.056166,2.181997,0.388279,-0.231990
-1.206607,-0.036631,-0.056166,2.181997,0.124542,-0.202686
-1.206607,-0.007326,-0.061050,2.180852,-0.124544,-0.168498
-1.206607,-0.021978,-0.061050,2.179326,-0.256413,-0.148962
-1.206607,0.007328,-0.065934,2.176656,-0.490845,-0.139194
-1.206607,0.007328,-0.065934,2.173222,-0.710625,-0.153846
-1.206607,-0.007326,-0.065934,2.169407,-0.886448,-0.183150
-1.206607,0.007328,-0.065934,2.164829,-1.018316,-0.222222
-1.206607,-0.007326,-0.070818,2.160252,-1.120880,-0.271062
-1.206607,0.007328,-0.070818,2.155293,-1.208794,-0.339438
-1.206607,-0.007326,-0.070818,2.149952,-1.267401,-0.422466
-1.206607,-0.007326,-0.070818,2.144612,-1.282053,-0.495727
-1.206607,-0.007326,-0.070818,2.139652,-1.282053,-0.578754
-1.206607,0.007328,-0.065934,2.134693,-1.238096,-0.671551
-1.206607,-0.021978,-0.061050,2.130116,-1.150185,-0.749695
-1.206607,-0.007326,-0.056166,2.125920,-1.062273,-0.847375
-1.206607,-0.021978,-0.051282,2.122868,-0.901100,-0.896214
-1.206607,-0.007326,-0.046398,2.120198,-0.725277,-0.964591
-1.206607,0.007328,-0.046398,2.119053,-0.446888,-1.013431
-1.206607,-0.007326,-0.046398,2.118672,-0.227108,-1.067155
-1.206607,-0.007326,-0.041514,2.119053,-0.065935,-1.120879
-1.206607,-0.007326,-0.041514,2.119816,0.109890,-1.135531
-1.206607,0.007328,-0.041514,2.121723,0.344322,-1.120879
-1.206607,0.007328,-0.041514,2.124394,0.564102,-1.101343
-1.206607,0.007328,-0.041514,2.127827,0.754580,-1.076923
-1.206607,-0.007326,-0.041514,2.132023,0.901098,-1.057387
-1.206607,0.007328,-0.041514,2.136219,0.989012,-1.008547
-1.206607,-0.021978,-0.036630,2.140415,1.076923,-0.945055
-1.206607,0.007328,-0.036630,2.145375,1.164835,-0.857142
-1.206607,-0.007326,-0.036630,2.150334,1.179487,-0.778998
-1.206607,-0.007326,-0.036630,2.154911,1.179487,-0.700854
-1.206607,0.007328,-0.041514,2.159489,1.150183,-0.617826
-1.206607,-0.021978,-0.041514,2.163685,1.076923,-0.534799
-1.206607,0.007328,-0.046398,2.167118,1.003662,-0.442002
-1.206607,0.007328,-0.051282,2.170552,0.871796,-0.363858
-1.206607,-0.007326,-0.051282,2.172840,0.681318,-0.319902
-1.206607,-0.021978,-0.051282,2.174366,0.490843,-0.256411
-1.206607,-0.007326,-0.056166,2.174748,0.285715,-0.212454
-1.206607,-0.007326,-0.061050,2.174366,0.036631,-0.173382
-1.206607,-0.007326,-0.061050,2.173603,-0.109892,-0.139194
-1.206607,-0.021978,-0.061050,2.172077,-0.256413,-0.134310
-1.206607,-0.007326,-0.065934,2.169407,-0.520149,-0.153846
-1.206607,-0.007326,-0.065934,2.165974,-0.710625,-0.168498
-1.206607,-0.007326,-0.065934,2.162159,-0.857145,-0.207570
-1.206607,-0.007326,-0.065934,2.157963,-1.003664,-0.251526
-1.206607,-0.007326,-0.065934,2.153385,-1.062273,-0.305250
-1.206607,-0.007326,-0.065934,2.148808,-1.120880,-0.388278
-1.206607,-0.007326,-0.065934,2.144230,-1.150185,-0.476191
-1.206607,-0.007326,-0.065934,2.139271,-1.164837,-0.554335
-1.206607,-0.007326,-0.065934,2.135075,-1.135532,-0.652015
-1.206607,-0.007326,-0.061050,2.130879,-1.047621,-0.725275
-1.206607,0.007328,-0.061050,2.127064,-0.974361,-0.822955
-1.206607,-0.007326,-0.051282,2.124012,-0.827841,-0.886447
-1.206607,-0.007326,-0.051282,2.122105,-0.622713,-0.949939
-1.206607,-0.007326,-0.046398,2.120579,-0.476192,-1.023199
-1.206607,-0.007326,-0.041514,2.120579,-0.197803,-1.052503
-1.206607,0.007328,-0.041514,2.120960,-0.007328,-1.106227
-1.206607,-0.021978,-0.041514,2.121723,0.139194,-1.140415
-1.206607,-0.007326,-0.036630,2.123249,0.300365,-1.130647
-1.206607,-0.007326,-0.036630,2.126301,0.564102,-1.106227
-1.206607,0.007328,-0.036630,2.129734,0.754580,-1.091575
-1.206607,-0.007326,-0.036630,2.133930,0.915751,-1.057387
-1.206607,-0.021978,-0.036630,2.138127,1.032967,-1.018315
-1.206607,-0.007326,-0.036630,2.142704,1.091576,-0.954823
-1.206607,-0.007326,-0.036630,2.147282,1.150183,-0.871795
-1.206607,-0.021978,-0.041514,2.152241,1.223444,-0.778998
-1.206607,0.007328,-0.041514,2.157200,1.208792,-0.705739
-1.206607,-0.007326,-0.041514,2.162159,1.194139,-0.617826
-1.206607,-0.021978,-0.046398,2.165974,1.091576,-0.534799
-1.206607,-0.007326,-0.046398,2.169789,1.018314,-0.446886
-1.206607,-0.007326,-0.051282,2.173222,0.871796,-0.378510
-1.206607,-0.007326,-0.056166,2.175511,0.681318,-0.315019
-1.206607,-0.007326,-0.056166,2.176656,0.490843,-0.251526
-1.206607,-0.021978,-0.056166,2.177800,0.344322,-0.197803
-1.206607,-0.007326,-0.061050,2.177800,0.139194,-0.168498
-1.206607,-0.021978,-0.065934,2.176656,-0.080587,-0.144078
-1.206607,0.007328,-0.065934,2.175129,-0.256413,-0.139194
-1.206607,-0.007326,-0.065934,2.172459,-0.505497,-0.163614
-1.206607,-0.007326,-0.065934,2.169407,-0.681320,-0.173382
-1.206607,-0.007326,-0.070818,2.165974,-0.769232,-0.197803
-1.206607,-0.007326,-0.065934,2.162159,-0.886448,-0.261294
-1.206607,-0.007326,-0.070818,2.157963,-1.003664,-0.329670
-1.206607,-0.007326,-0.065934,2.153385,-1.062273,-0.412699
-1.206607,-0.007326,-0.065934,2.148808,-1.120880,-0.505494
-1.206607,-0.007326,-0.065934,2.144612,-1.091578,-0.573871
-1.206607,-0.007326,-0.065934,2.140415,-1.018316,-0.656898
-1.206607,0.007328,-0.061050,2.136982,-0.915752,-0.744811
-1.206607,-0.007326,-0.056166,2.133930,-0.857145,-0.847375
-1.206607,-0.007326,-0.051282,2.131260,-0.710625,-0.905983
-1.206607,-0.007326,-0.051282,2.129734,-0.520149,-0.979243
-1.206607,-0.021978,-0.046398,2.128590,-0.373629,-1.037851
-1.206607,0.007328,-0.041514,2.128590,-0.109892,-1.067155
-1.206607,0.007328,-0.041514,2.129353,0.080585,-1.115995
-1.206607,-0.007326,-0.036630,2.130497,0.197802,-1.145299
-1.206607,-0.007326,-0.036630,2.132786,0.446886,-1.120879
-1.206607,-0.007326,-0.036630,2.135838,0.666666,-1.111111
-1.206607,-0.007326,-0.036630,2.139271,0.783882,-1.091575
-1.206607,-0.021978,-0.036630,2.143849,0.974360,-1.037851
-1.206607,0.007328,-0.036630,2.148045,1.032967,-0.989011
-1.206607,-0.007326,-0.036630,2.152622,1.120878,-0.910867
-1.206607,-0.007326,-0.036630,2.157582,1.194139,-0.832723
-1.206607,-0.007326,-0.041514,2.162922,1.252747,-0.749695
-1.206607,0.007328,-0.041514,2.167500,1.194139,-0.666667
-1.206607,0.007328,-0.041514,2.171696,1.150183,-0.583638
-1.206607,-0.007326,-0.046398,2.175892,1.047619,-0.500610
-1.206607,-0.021978,-0.046398,2.178945,0.901098,-0.417583
-1.206607,-0.007326,-0.051282,2.181615,0.754580,-0.339438
-1.206607,-0.007326,-0.051282,2.183141,0.549450,-0.280830
-1.206607,-0.007326,-0.056166,2.184285,0.358974,-0.222222
-1.206607,-0.007326,-0.061050,2.184667,0.197802,-0.178267
-1.206607,-0.021978,-0.061050,2.183904,-0.036633,-0.158731
-1.206607,-0.007326,-0.065934,2.181997,-0.285717,-0.158731
-1.206607,0.007328,-0.065934,2.179326,-0.520149,-0.163614
-1.206607,-0.007326,-0.070818,2.175892,-0.681320,-0.153846
-1.206607,-0.007326,-0.065934,2.172077,-0.827841,-0.188034
-1.206607,-0.007326,-0.070818,2.168263,-0.930405,-0.231990
-1.206607,-0.021978,-0.070818,2.163685,-1.032969,-0.310134
-1.206607,-0.007326,-0.070818,2.158726,-1.164837,-0.393163
-1.206607,-0.007326,-0.070818,2.153767,-1.223446,-0.471307
-1.206607,-0.007326,-0.070818,2.148808,-1.194141,-0.549451
-1.206607,-0.007326,-0.065934,2.144612,-1.135532,-0.627595
-1.206607,-0.007326,-0.061050,2.140415,-1.047621,-0.725275
-1.206607,-0.021978,-0.056166,2.136982,-0.930405,-0.813187
-1.206607,-0.021978,-0.051282,2.133549,-0.842493,-0.905983
-1.206607,-0.021978,-0.051282,2.131260,-0.666668,-0.954823
-1.206607,-0.007326,-0.041514,2.130116,-0.432236,-1.008547
-1.206607,0.007328,-0.041514,2.129353,-0.256413,-1.072039
-1.206607,-0.007326,-0.041514,2.129734,-0.065935,-1.106227
-1.206607,-0.007326,-0.036630,2.130879,0.139194,-1.130647
-1.206607,-0.007326,-0.036630,2.132405,0.344322,-1.125763
-1.206607,-0.007326,-0.036630,2.135456,0.564102,-1.115995
-1.206607,-0.007326,-0.036630,2.138508,0.710623,-1.101343
-1.206607,-0.007326,-0.036630,2.142323,0.842491,-1.052503
-1.206607,-0.021978,-0.036630,2.146519,0.959707,-0.993895
-1.206607,-0.007326,-0.036630,2.150715,1.047619,-0.915751
-1.206607,0.021980,-0.036630,2.155674,1.120878,-0.837606
-1.206607,-0.021978,-0.036630,2.160252,1.179487,-0.754579
-1.206607,-0.007326,-0.041514,2.164829,1.120878,-0.681318
-1.206607,-0.021978,-0.041514,2.168644,1.062271,-0.578754
-1.206607,0.007328,-0.046398,2.172459,0.989012,-0.495727
-1.206607,-0.021978,-0.046398,2.175892,0.886446,-0.417583
-1.206607,-0.007326,-0.051282,2.178182,0.710623,-0.334555
-1.206607,0.007328,-0.051282,2.180089,0.549450,-0.285714
-1.206607,-0.021978,-0.056166,2.180471,0.315018,-0.231990
-1.206607,-0.007326,-0.061050,2.180471,0.109890,-0.188034
-1.206607,-0.007326,-0.061050,2.179708,-0.080587,-0.158731
-1.206607,0.007328,-0.065934,2.177419,-0.329672,-0.144078
-1.206607,-0.007326,-0.065934,2.175129,-0.490845,-0.139194
-1.206607,0.007328,-0.065934,2.172077,-0.681320,-0.173382
-1.206607,-0.007326,-0.065934,2.167881,-0.886448,-0.197803
-1.206607,-0.007326,-0.070818,2.163685,-0.974361,-0.246642
-1.206607,0.007328,-0.065934,2.159107,-1.091578,-0.315019
-1.206607,-0.021978,-0.065934,2.154530,-1.120880,-0.388278
-1.206607,-0.007326,-0.065934,2.149571,-1.179489,-0.481074
-1.206607,-0.007326,-0.065934,2.144993,-1.164837,-0.559218
-1.206607,-0.007326,-0.065934,2.140415,-1.120880,-0.656898
-1.206607,-0.007326,-0.061050,2.136219,-1.047621,-0.744811
-1.206607,-0.007326,-0.056166,2.132786,-0.945057,-0.832723
-1.206607,-0.021978,-0.051282,2.129734,-0.783884,-0.905983
-1.206607,-0.007326,-0.051282,2.127445,-0.666668,-0.984127
-1.206607,-0.007326,-0.046398,2.126301,-0.432236,-1.032967
-1.206607,-0.007326,-0.041514,2.125920,-0.212456,-1.076923
-1.206607,-0.007326,-0.041514,2.126301,0.007326,-1.111111
-1.206607,0.007328,-0.036630,2.127445,0.183149,-1.130647
-1.206607,-0.007326,-0.036630,2.129734,0.373627,-1.135531
-1.206607,-0.007326,-0.036630,2.132023,0.520147,-1.106227
-1.206607,-0.007326,-0.036630,2.135456,0.754580,-1.057387
-1.206607,0.007328,-0.036630,2.139271,0.886446,-1.023199
-1.206607,-0.021978,-0.036630,2.143849,1.003662,-0.969475
-1.206607,0.007328,-0.036630,2.148045,1.047619,-0.905983
-1.206607,-0.007326,-0.041514,2.152241,1.062271,-0.813187
-1.206607,-0.007326,-0.041514,2.156437,1.062271,-0.725275
-1.206607,-0.007326,-0.041514,2.161015,1.106228,-0.622710
-1.206607,-0.007326,-0.046398,2.165211,1.047619,-0.544566
-1.206607,-0.007326,-0.051282,2.168644,0.930403,-0.456655
-1.206607,-0.007326,-0.051282,2.171314,0.813187,-0.383394
-1.206607,-0.007326,-0.051282,2.173222,0.593407,-0.319902
-1.206607,-0.007326,-0.051282,2.174748,0.446886,-0.246642
-1.206607,-0.007326,-0.056166,2.174748,0.212454,-0.207570
-1.206607,-0.007326,-0.061050,2.174366,0.007326,-0.168498
-1.206607,-0.007326,-0.061050,2.173222,-0.153849,-0.139194
-1.206607,-0.007326,-0.065934,2.171696,-0.329672,-0.148962
-1.206607,0.021980,-0.065934,2.168644,-0.564104,-0.158731
-1.206607,-0.007326,-0.065934,2.165211,-0.739929,-0.183150
-1.206607,-0.007326,-0.065934,2.161396,-0.901100,-0.231990
-1.206607,-0.007326,-0.065934,2.157200,-0.989014,-0.285714
-1.206607,-0.007326,-0.065934,2.152622,-1.032969,-0.349206
-1.206607,-0.007326,-0.070818,2.148045,-1.091578,-0.446886
-1.206607,0.007328,-0.070818,2.143467,-1.120880,-0.534799
-1.206607,-0.007326,-0.065934,2.139271,-1.076925,-0.617826
-1.206607,-0.007326,-0.065934,2.135075,-1.032969,-0.715507
-1.206607,-0.007326,-0.061050,2.131642,-0.915752,-0.798534
-1.206607,-0.007326,-0.056166,2.128971,-0.798536,-0.881563
-1.206607,-0.007326,-0.051282,2.126301,-0.637363,-0.964591
-1.206607,-0.007326,-0.046398,2.125157,-0.461540,-1.013431
-1.206607,0.007328,-0.041514,2.124775,-0.227108,-1.057387
-1.206607,-0.007326,-0.041514,2.125157,-0.007328,-1.096459
-1.206607,-0.007326,-0.036630,2.126301,0.168499,-1.140415
-1.206607,-0.021978,-0.036630,2.127827,0.329670,-1.135531
-1.206607,0.007328,-0.036630,2.130497,0.534798,-1.115995
-1.206607,-0.007326,-0.036630,2.133930,0.710623,-1.072039
-1.206607,-0.007326,-0.036630,2.138127,0.915751,-1.032967
-1.206607,0.007328,-0.036630,2.142323,1.018314,-0.984127
-1.206607,-0.021978,-0.036630,2.146519,1.047619,-0.920635
-1.206607,-0.007326,-0.036630,2.151097,1.076923,-0.827839
-1.206607,0.007328,-0.041514,2.155674,1.120878,-0.735043
-1.206607,-0.021978,-0.041514,2.160252,1.135530,-0.632479
-1.206607,-0.007326,-0.041514,2.164067,1.076923,-0.554335
-1.206607,-0.007326,-0.046398,2.167881,0.989012,-0.466422
-1.206607,-0.007326,-0.046398,2.170933,0.842491,-0.388278
-1.206607,-0.021978,-0.051282,2.173222,0.666666,-0.329670
-1.206607,-0.021978,-0.051282,2.174366,0.490843,-0.251526
-1.206607,-0.021978,-0.056166,2.175129,0.271063,-0.207570
-1.206607,-0.007326,-0.061050,2.174748,0.051283,-0.173382
-1.206607,-0.007326,-0.061050,2.173603,-0.124544,-0.139194
-1.206607,0.007328,-0.065934,2.172077,-0.300367,-0.139194
-1.206607,0.007328,-0.065934,2.169407,-0.520149,-0.158731
-1.206607,-0.021978,-0.065934,2.165974,-0.695972,-0.183150
-1.206607,-0.007326,-0.070818,2.162541,-0.827841,-0.231990
-1.206607,-0.007326,-0.065934,2.157963,-0.989014,-0.285714
-1.206607,-0.007326,-0.065934,2.153767,-1.003664,-0.349206
-1.206607,0.007328,-0.065934,2.149571,-1.047621,-0.446886
-1.206607,-0.007326,-0.065934,2.144993,-1.062273,-0.529915
-1.206607,-0.021978,-0.065934,2.140797,-1.062273,-0.627595
-1.206607,-0.021978,-0.065934,2.136982,-0.974361,-0.710623
-1.206607,-0.007326,-0.061050,2.133549,-0.901100,-0.813187
-1.206607,-0.007326,-0.056166,2.130879,-0.754581,-0.876678
-1.206607,0.007328,-0.051282,2.128971,-0.622713,-0.964591
-1.206607,-0.007326,-0.046398,2.127445,-0.432236,-1.023199
-1.206607,-0.007326,-0.041514,2.127445,-0.153849,-1.057387
-1.206607,-0.021978,-0.041514,2.128208,0.036631,-1.106227
-1.206607,0.007328,-0.036630,2.129353,0.212454,-1.140415
-1.206607,-0.007326,-0.036630,2.131260,0.344322,-1.130647
-1.206607,0.007328,-0.031746,2.133930,0.593407,-1.096459
-1.206607,-0.007326,-0.031746,2.137745,0.783882,-1.072039
-1.206607,-0.007326,-0.031746,2.141560,0.915751,-1.028083
-1.206607,-0.021978,-0.031746,2.146137,1.018314,-0.974359
-1.206607,-0.021978,-0.031746,2.150334,1.032967,-0.905983
-1.206607,-0.007326,-0.036630,2.154530,1.091576,-0.808303
-1.206607,-0.021978,-0.036630,2.159107,1.106228,-0.700854
-1.206607,0.007328,-0.041514,2.163685,1.120878,-0.617826
-1.206607,-0.007326,-0.041514,2.167500,1.047619,-0.529915
-1.206607,-0.007326,-0.041514,2.170933,0.915751,-0.451771
-1.206607,-0.007326,-0.046398,2.173603,0.739927,-0.378510
-1.206607,-0.007326,-0.046398,2.175511,0.578754,-0.300366
-1.206607,0.007328,-0.051282,2.176656,0.388279,-0.231990
-1.206607,-0.007326,-0.056166,2.177037,0.256411,-0.178267
-1.206607,-0.021978,-0.061050,2.177037,0.065933,-0.153846
-1.206607,-0.007326,-0.061050,2.175892,-0.168499,-0.144078
-1.206607,-0.007326,-0.065934,2.173603,-0.402931,-0.158731
-1.206607,-0.007326,-0.065934,2.170933,-0.578756,-0.173382
-1.206607,-0.007326,-0.065934,2.167881,-0.710625,-0.183150
-1.206607,-0.007326,-0.065934,2.164448,-0.769232,-0.236875
-1.206607,-0.007326,-0.065934,2.160633,-0.886448,-0.310134
-1.206607,-0.007326,-0.070818,2.156056,-0.989014,-0.402930
-1.206607,-0.007326,-0.070818,2.151860,-1.032969,-0.490843
-1.206607,-0.007326,-0.070818,2.147663,-1.032969,-0.573871
-1.206607,-0.021978,-0.065934,2.144230,-0.945057,-0.661782
-1.206607,0.007328,-0.065934,2.140797,-0.842493,-0.754579
-1.206607,0.007328,-0.061050,2.138508,-0.725277,-0.837606
-1.206607,0.007328,-0.056166,2.135838,-0.637363,-0.945055
-1.206607,0.007328,-0.051282,2.134693,-0.446888,-0.993895
-1.206607,-0.021978,-0.051282,2.134693,-0.168499,-1.037851
-1.206607,-0.007326,-0.046398,2.135456,0.065933,-1.086691
-1.206607,0.007328,-0.041514,2.136601,0.256411,-1.120879
-1.206607,-0.007326,-0.041514,2.138508,0.388279,-1.140415
-1.206607,-0.007326,-0.036630,2.141560,0.608059,-1.106227
-1.206607,0.007328,-0.036630,2.145375,0.827839,-1.076923
-1.206607,-0.021978,-0.031746,2.149571,0.974360,-1.047619
-1.206607,-0.007326,-0.031746,2.154148,1.062271,-0.998779
-1.206607,-0.021978,-0.031746,2.158345,1.076923,-0.940171
-1.206607,0.007328,-0.031746,2.162922,1.135530,-0.847375
-1.206607,-0.007326,-0.036630,2.167881,1.179487,-0.739926
-1.206607,-0.007326,-0.036630,2.172459,1.179487,-0.652015
-1.206607,0.007328,-0.036630,2.176656,1.076923,-0.573871
-1.206607,-0.007326,-0.041514,2.180089,0.974360,-0.485958
-1.206607,0.007328,-0.041514,2.183141,0.842491,-0.398046
-1.206607,0.007328,-0.046398,2.185430,0.695971,-0.305250
-1.206607,0.007328,-0.051282,2.187337,0.564102,-0.246642
-1.206607,-0.007326,-0.051282,2.188100,0.315018,-0.207570
-1.206607,-0.007326,-0.056166,2.187719,0.080585,-0.178267
-1.206607,-0.007326,-0.061050,2.186574,-0.139196,-0.163614
-1.206607,-0.007326,-0.061050,2.184667,-0.344324,-0.148962
-1.206607,-0.007326,-0.065934,2.182378,-0.490845,-0.153846
-1.206607,-0.007326,-0.065934,2.178945,-0.710625,-0.202686
-1.206607,-0.007326,-0.065934,2.175129,-0.871796,-0.236875
-1.206607,-0.021978,-0.065934,2.170933,-0.959709,-0.305250
-1.206607,0.007328,-0.065934,2.166737,-1.018316,-0.368742
-1.206607,-0.007326,-0.065934,2.162922,-1.018316,-0.442002
-1.206607,-0.007326,-0.065934,2.158345,-1.032969,-0.539682
-1.206607,-0.007326,-0.065934,2.154530,-1.018316,-0.656898
-1.206607,0.007328,-0.065934,2.150334,-0.974361,-0.730159
-1.206607,-0.007326,-0.065934,2.148045,-0.769232,-0.827839
-1.206607,0.007328,-0.061050,2.145756,-0.622713,-0.910867
-1.206607,-0.021978,-0.056166,2.143849,-0.549452,-0.984127
-1.206607,-0.007326,-0.051282,2.143467,-0.271065,-1.037851
-1.206607,-0.007326,-0.051282,2.143849,-0.036633,-1.086691
-1.206607,0.007328,-0.046398,2.144612,0.109890,-1.130647
-1.206607,0.007328,-0.041514,2.145756,0.212454,-1.145299
-1.206607,-0.007326,-0.036630,2.148426,0.461538,-1.115995
-1.206607,-0.021978,-0.031746,2.151478,0.681318,-1.076923
-1.206607,-0.007326,-0.031746,2.155293,0.798534,-1.062271
-1.206607,-0.007326,-0.031746,2.158726,0.901098,-0.993895
-1.206607,-0.007326,-0.031746,2.162922,0.959707,-0.940171
-1.206607,-0.007326,-0.031746,2.166737,0.959707,-0.876678
-1.206607,-0.007326,-0.031746,2.170933,1.003662,-0.735043
-1.206607,-0.021978,-0.036630,2.174748,1.003662,-0.666667
-1.206607,0.007328,-0.036630,2.178182,0.901098,-0.559218
-1.206607,-0.007326,-0.036630,2.181234,0.842491,-0.495727
-1.206607,-0.007326,-0.041514,2.183522,0.695971,-0.388278
-1.206607,-0.007326,-0.041514,2.185048,0.564102,-0.319902
-1.206607,-0.007326,-0.046398,2.186574,0.446886,-0.246642
-1.206607,-0.007326,-0.046398,2.186574,0.139194,-0.217339
-1.206607,-0.007326,-0.051282,2.185430,-0.051285,-0.183150
-1.206607,0.007328,-0.056166,2.184285,-0.212456,-0.139194
-1.206607,-0.007326,-0.056166,2.181997,-0.388281,-0.144078
-1.206607,-0.007326,-0.061050,2.178563,-0.622713,-0.173382
-1.206607,-0.007326,-0.061050,2.174748,-0.798536,-0.192918
-1.206607,-0.007326,-0.065934,2.170552,-0.915752,-0.236875
-1.206607,-0.007326,-0.061050,2.166355,-1.018316,-0.290598
-1.206607,-0.007326,-0.065934,2.161778,-1.047621,-0.378510
-1.206607,-0.007326,-0.061050,2.156819,-1.150185,-0.500610
-1.206607,-0.007326,-0.061050,2.152241,-1.150185,-0.564102
-1.206607,-0.007326,-0.061050,2.148045,-1.120880,-0.656898
-1.206607,-0.007326,-0.061050,2.144612,-0.989014,-0.735043
-1.206607,-0.007326,-0.061050,2.141560,-0.857145,-0.837606
-1.206607,-0.007326,-0.061050,2.139652,-0.666668,-0.915751
-1.206607,-0.021978,-0.061050,2.138127,-0.490845,-0.984127
-1.206607,-0.007326,-0.056166,2.136982,-0.300367,-1.072039
-1.206607,-0.007326,-0.051282,2.137364,-0.153849,-1.096459
-1.206607,-0.007326,-0.046398,2.138127,0.065933,-1.115995
-1.206607,-0.007326,-0.041514,2.140034,0.300365,-1.115995
-1.206607,-0.007326,-0.041514,2.143086,0.505495,-1.111111
-1.206607,0.007328,-0.036630,2.146137,0.652014,-1.101343
-1.206607,-0.007326,-0.036630,2.149189,0.725275,-1.057387
-1.206607,-0.007326,-0.036630,2.153004,0.901098,-0.954823
-1.206607,-0.007326,-0.031746,2.157200,0.974360,-0.901099
-1.206607,-0.007326,-0.031746,2.161396,1.032967,-0.813187
-1.206607,-0.007326,-0.036630,2.165211,1.018314,-0.739926
-1.206607,-0.007326,-0.036630,2.169026,0.959707,-0.647131
-1.206607,-0.007326,-0.041514,2.172077,0.871796,-0.544566
-1.206607,-0.007326,-0.046398,2.174748,0.754580,-0.446886
-1.206607,-0.007326,-0.046398,2.177037,0.622711,-0.334555
-1.206607,-0.021978,-0.046398,2.178563,0.549450,-0.275947
-1.206607,-0.021978,-0.046398,2.179326,0.344322,-0.241758
-1.206607,-0.007326,-0.051282,2.178563,0.065933,-0.202686
-1.206607,-0.007326,-0.051282,2.177419,-0.124544,-0.158731
-1.206607,-0.007326,-0.056166,2.175892,-0.227108,-0.124542
-1.206607,0.007328,-0.056166,2.173603,-0.417583,-0.144078
-1.206607,-0.007326,-0.056166,2.170170,-0.710625,-0.197803
-1.206607,-0.007326,-0.061050,2.165974,-0.827841,-0.217339
-1.206607,0.007328,-0.061050,2.162159,-0.959709,-0.275947
-1.206607,0.007328,-0.061050,2.157582,-1.047621,-0.339438
-1.206607,-0.021978,-0.061050,2.153385,-1.003664,-0.422466
-1.206607,-0.007326,-0.061050,2.149189,-1.076925,-0.529915
-1.206607,-0.007326,-0.061050,2.144993,-1.047621,-0.617826
-1.206607,-0.021978,-0.061050,2.141178,-0.974361,-0.739926
-1.206607,-0.007326,-0.061050,2.138508,-0.842493,-0.793651
-1.206607,-0.007326,-0.061050,2.135838,-0.710625,-0.891331
-1.206607,-0.007326,-0.061050,2.134312,-0.549452,-0.974359
-1.206607,-0.007326,-0.056166,2.133930,-0.315020,-1.028083
-1.206607,-0.007326,-0.056166,2.133930,-0.109892,-1.076923
-1.206607,0.007328,-0.051282,2.135075,0.109890,-1.111111
-1.206607,-0.007326,-0.046398,2.137364,0.358974,-1.130647
-1.206607,-0.007326,-0.046398,2.139652,0.461538,-1.125763
-1.206607,0.007328,-0.041514,2.143086,0.666666,-1.081807
-1.206607,-0.007326,-0.036630,2.146900,0.857143,-1.047619
-1.206607,-0.007326,-0.036630,2.151097,0.930403,-1.003663
-1.206607,-0.021978,-0.036630,2.155293,1.018314,-0.930403
-1.206607,-0.021978,-0.036630,2.159489,1.032967,-0.847375
-1.206607,0.007328,-0.041514,2.163685,1.047619,-0.730159
-1.206607,-0.021978,-0.041514,2.167881,1.018314,-0.652015
-1.206607,0.007328,-0.046398,2.171314,0.989012,-0.554335
-1.206607,-0.007326,-0.046398,2.174366,0.842491,-0.471307
-1.206607,-0.021978,-0.046398,2.176656,0.710623,-0.383394
-1.206607,-0.021978,-0.051282,2.178563,0.593407,-0.290598
-1.206607,-0.007326,-0.051282,2.179708,0.432234,-0.241758
-1.206607,-0.007326,-0.051282,2.179708,0.139194,-0.192918
-1.206607,-0.007326,-0.056166,2.178563,-0.036633,-0.168498
-1.206607,-0.021978,-0.056166,2.177037,-0.227108,-0.144078
-1.206607,-0.007326,-0.056166,2.175129,-0.358976,-0.134310
-1.206607,-0.007326,-0.056166,2.172077,-0.578756,-0.178267
-1.206607,-0.007326,-0.056166,2.168263,-0.783884,-0.222222
-1.206607,-0.021978,-0.056166,2.164067,-0.901100,-0.275947
-1.206607,-0.007326,-0.056166,2.159870,-1.003664,-0.363858
-1.206607,0.007328,-0.051282,2.155674,-1.032969,-0.422466
-1.206607,-0.007326,-0.051282,2.151478,-1.032969,-0.515263
-1.206607,-0.007326,-0.051282,2.147282,-1.018316,-0.617826
-1.206607,-0.007326,-0.051282,2.143849,-0.930405,-0.715507
-1.206607,-0.007326,-0.056166,2.140797,-0.857145,-0.813187
-1.206607,-0.007326,-0.056166,2.138890,-0.666668,-0.881563
-1.206607,-0.007326,-0.056166,2.137364,-0.446888,-0.989011
-1.206607,-0.007326,-0.056166,2.136601,-0.358976,-1.042735
-1.206607,-0.007326,-0.056166,2.136601,-0.139196,-1.081807
-1.206607,-0.007326,-0.051282,2.137745,0.080585,-1.115995
-1.206607,-0.021978,-0.046398,2.139271,0.241758,-1.130647
-1.206607,0.007328,-0.046398,2.141941,0.505495,-1.106227
-1.206607,0.007328,-0.041514,2.145375,0.666666,-1.096459
-1.206607,-0.021978,-0.036630,2.148045,0.725275,-1.057387
-1.206607,0.007328,-0.041514,2.151860,0.827839,-0.984127
-1.206607,0.007328,-0.036630,2.156056,0.930403,-0.910867
-1.206607,-0.021978,-0.041514,2.160252,0.989012,-0.818070
-1.206607,-0.007326,-0.041514,2.164067,1.032967,-0.730159
-1.206607,-0.007326,-0.046398,2.167500,0.945055,-0.647131
-1.206607,0.007328,-0.051282,2.170552,0.842491,-0.554335
-1.206607,-0.007326,-0.051282,2.173222,0.695971,-0.432235
-1.206607,-0.007326,-0.056166,2.175129,0.652014,-0.354091
-1.206607,0.007328,-0.056166,2.176656,0.476191,-0.275947
-1.206607,-0.007326,-0.056166,2.177419,0.358974,-0.207570
-1.206607,-0.007326,-0.056166,2.177800,0.183149,-0.173382
-1.206607,-0.007326,-0.056166,2.176656,-0.036633,-0.153846
-1.206607,0.007328,-0.056166,2.175129,-0.241760,-0.144078
-1.206607,0.007328,-0.056166,2.172459,-0.505497,-0.163614
-1.206607,-0.007326,-0.056166,2.169789,-0.608061,-0.183150
-1.206607,-0.007326,-0.061050,2.166355,-0.710625,-0.212454
-1.206607,-0.007326,-0.056166,2.162922,-0.798536,-0.285714
-1.206607,0.007328,-0.056166,2.158726,-0.901100,-0.373627
-1.206607,-0.007326,-0.051282,2.154911,-0.989014,-0.466422
-1.206607,0.007328,-0.051282,2.150715,-1.003664,-0.564102
-1.206607,-0.007326,-0.051282,2.147282,-0.901100,-0.661782
-1.206607,-0.007326,-0.051282,2.144230,-0.813189,-0.735043
-1.206607,-0.007326,-0.051282,2.141941,-0.710625,-0.837606
-1.206607,-0.007326,-0.051282,2.140415,-0.505497,-0.920635
-1.206607,-0.021978,-0.051282,2.139652,-0.344324,-0.993895
-1.206607,-0.021978,-0.051282,2.139652,-0.139196,-1.042735
-1.206607,0.007328,-0.051282,2.140797,0.109890,-1.096459
-1.206607,-0.007326,-0.046398,2.142704,0.344322,-1.125763
-1.206607,-0.007326,-0.046398,2.145375,0.505495,-1.120879
-1.206607,-0.021978,-0.041514,2.148426,0.637363,-1.115995
-1.206607,-0.007326,-0.041514,2.152241,0.827839,-1.067155
-1.206607,-0.007326,-0.036630,2.156437,0.959707,-1.028083
-1.206607,-0.007326,-0.036630,2.160633,1.032967,-0.959707
-1.206607,0.007328,-0.036630,2.165211,1.076923,-0.881563
-1.206607,0.007328,-0.041514,2.169789,1.106228,-0.764347
-1.206607,-0.021978,-0.041514,2.173603,1.062271,-0.691087
-1.206607,0.007328,-0.046398,2.177037,0.974360,-0.598290
-1.206607,-0.007326,-0.051282,2.180471,0.901098,-0.495727
-1.206607,-0.007326,-0.056166,2.183141,0.783882,-0.402930
-1.206607,-0.021978,-0.061050,2.185048,0.622711,-0.315019
-1.206607,0.007328,-0.061050,2.186574,0.549450,-0.236875
-1.206607,-0.007326,-0.065934,2.186956,0.241758,-0.202686
-1.206607,0.007328,-0.065934,2.186193,0.051283,-0.183150
-1.206607,-0.007326,-0.065934,2.185048,-0.183151,-0.153846
-1.206607,-0.021978,-0.061050,2.183141,-0.300367,-0.134310
-1.206607,0.007328,-0.061050,2.180471,-0.534800,-0.173382
-1.206607,-0.007326,-0.061050,2.176656,-0.739929,-0.222222
-1.206607,-0.021978,-0.056166,2.172840,-0.871796,-0.266178
-1.206607,-0.021978,-0.051282,2.168644,-1.003664,-0.354091
-1.206607,0.007328,-0.051282,2.164829,-0.989014,-0.412699
-1.206607,0.007328,-0.051282,2.160633,-0.989014,-0.520146
-1.206607,-0.007326,-0.051282,2.156819,-1.003664,-0.627595
-1.206607,-0.007326,-0.051282,2.153385,-0.930405,-0.720390
-1.206607,-0.007326,-0.051282,2.150334,-0.857145,-0.813187
-1.206607,-0.007326,-0.051282,2.148808,-0.637363,-0.881563
-1.206607,-0.007326,-0.051282,2.147663,-0.388281,-0.993895
-1.206607,-0.007326,-0.046398,2.147282,-0.256413,-1.042735
-1.206607,-0.007326,-0.046398,2.147663,-0.036633,-1.086691
-1.206607,-0.007326,-0.046398,2.148808,0.139194,-1.125763
-1.206607,-0.021978,-0.041514,2.150715,0.329670,-1.120879
-1.206607,-0.021978,-0.041514,2.153767,0.564102,-1.106227
-1.206607,-0.007326,-0.036630,2.156819,0.681318,-1.096459
-1.206607,-0.007326,-0.031746,2.160633,0.813187,-1.037851
-1.206607,-0.007326,-0.031746,2.164067,0.901098,-0.979243
-1.206607,-0.021978,-0.036630,2.167881,0.930403,-0.896214
-1.206607,0.007328,-0.036630,2.172077,1.003662,-0.793651
-1.206607,-0.007326,-0.041514,2.175892,0.974360,-0.710623
-1.206607,-0.021978,-0.046398,2.178945,0.886446,-0.617826
-1.206607,-0.007326,-0.051282,2.181615,0.754580,-0.515263
-1.206607,-0.007326,-0.051282,2.183904,0.608059,-0.393163
-1.206607,-0.021978,-0.056166,2.185430,0.549450,-0.315019
-1.206607,-0.021978,-0.061050,2.186956,0.432234,-0.251526
-1.206607,-0.007326,-0.065934,2.186574,0.168499,-0.217339
-1.206607,-0.007326,-0.065934,2.185811,-0.036633,-0.173382
-1.206607,-0.007326,-0.065934,2.184667,-0.183151,-0.139194
-1.206607,-0.007326,-0.065934,2.182378,-0.344324,-0.134310
-1.206607,-0.007326,-0.065934,2.179326,-0.608061,-0.178267
-1.206607,-0.007326,-0.061050,2.175511,-0.783884,-0.207570
-1.206607,-0.021978,-0.061050,2.171314,-0.901100,-0.266178
-1.206607,-0.007326,-0.056166,2.167118,-1.003664,-0.324786
-1.206607,-0.007326,-0.051282,2.163304,-1.018316,-0.417583
-1.206607,0.007328,-0.051282,2.158726,-1.047621,-0.525030
-1.206607,-0.021978,-0.046398,2.154530,-1.062273,-0.627595
-1.206607,-0.021978,-0.046398,2.150715,-1.018316,-0.720390
-1.206607,-0.007326,-0.046398,2.148045,-0.842493,-0.798534
-1.206607,0.007328,-0.046398,2.145756,-0.666668,-0.886447
-1.206607,-0.007326,-0.046398,2.144230,-0.520149,-0.989011
-1.206607,-0.007326,-0.051282,2.143467,-0.329672,-1.042735
-1.206607,-0.007326,-0.046398,2.143849,-0.095240,-1.081807
-1.206607,-0.021978,-0.046398,2.144612,0.080585,-1.125763
-1.206607,-0.007326,-0.041514,2.146137,0.241758,-1.135531
-1.206607,-0.007326,-0.041514,2.148426,0.432234,-1.106227
-1.206607,-0.007326,-0.036630,2.151478,0.622711,-1.072039
-1.206607,-0.021978,-0.031746,2.154911,0.725275,-1.037851
-1.206607,-0.007326,-0.031746,2.157963,0.769230,-0.979243
-1.206607,-0.007326,-0.031746,2.161396,0.857143,-0.886447
-1.206607,-0.007326,-0.036630,2.164829,0.842491,-0.803419
-1.206607,-0.007326,-0.041514,2.168263,0.857143,-0.686203
-1.206607,-0.007326,-0.046398,2.171314,0.827839,-0.583638
-1.206607,-0.007326,-0.046398,2.173603,0.666666,-0.510379
-1.206607,-0.007326,-0.051282,2.175129,0.564102,-0.402930
-1.206607,-0.021978,-0.056166,2.176274,0.373627,-0.315019
-1.206607,0.007328,-0.061050,2.177037,0.271063,-0.227106
-1.206607,-0.007326,-0.061050,2.177037,0.168499,-0.173382
-1.206607,0.007328,-0.065934,2.176274,-0.007328,-0.148962
-1.206607,0.007328,-0.065934,2.174748,-0.212456,-0.144078
-1.206607,-0.007326,-0.065934,2.172077,-0.476192,-0.158731
-1.206607,-0.021978,-0.065934,2.169407,-0.593409,-0.173382
-1.206607,-0.021978,-0.061050,2.165974,-0.695972,-0.202686
-1.206607,-0.021978,-0.061050,2.162541,-0.783884,-0.275947
-1.206607,-0.007326,-0.056166,2.158345,-0.915752,-0.363858
-1.206607,-0.021978,-0.056166,2.154148,-1.003664,-0.466422
-1.206607,0.007328,-0.051282,2.149952,-1.047621,-0.564102
-1.206607,-0.007326,-0.051282,2.146137,-0.959709,-0.642246
-1.206607,-0.021978,-0.046398,2.143086,-0.871796,-0.744811
-1.206607,-0.007326,-0.046398,2.140797,-0.695972,-0.842491
-1.206607,-0.007326,-0.046398,2.139271,-0.549452,-0.925519
-1.206607,-0.007326,-0.046398,2.138508,-0.373629,-0.998779
-1.206607,-0.007326,-0.046398,2.138508,-0.153849,-1.052503
-1.206607,-0.021978,-0.046398,2.139271,0.065933,-1.096459
-1.206607,-0.007326,-0.046398,2.141178,0.300365,-1.115995
-1.206607,-0.007326,-0.046398,2.144230,0.520147,-1.115995
-1.206607,-0.007326,-0.046398,2.147282,0.652014,-1.111111
-1.206607,0.007328,-0.041514,2.150715,0.769230,-1.067155
-1.206607,-0.021978,-0.036630,2.154911,0.915751,-1.003663
-1.206607,-0.007326,-0.036630,2.159107,0.989012,-0.935287
-1.206607,0.007328,-0.036630,2.163304,1.062271,-0.837606
-1.206607,-0.007326,-0.036630,2.167500,1.032967,-0.744811
-1.206607,-0.007326,-0.041514,2.170933,0.974360,-0.647131
-1.206607,0.007328,-0.041514,2.174366,0.871796,-0.549451
-1.206607,0.007328,-0.046398,2.176656,0.739927,-0.446886
-1.206607,-0.007326,-0.051282,2.178945,0.652014,-0.344322
-1.206607,-0.021978,-0.056166,2.180089,0.505495,-0.280830
-1.206607,-0.007326,-0.061050,2.180852,0.300365,-0.217339
-1.206607,0.007328,-0.065934,2.180852,0.124542,-0.173382
-1.206607,-0.007326,-0.070818,2.179708,-0.065935,-0.153846
-1.206607,-0.007326,-0.070818,2.177800,-0.285717,-0.153846
-1.206607,-0.007326,-0.070818,2.175511,-0.461540,-0.148962
-1.206607,-0.007326,-0.065934,2.172459,-0.622713,-0.197803
-1.206607,-0.007326,-0.065934,2.168644,-0.769232,-0.261294
-1.206607,0.007328,-0.061050,2.164829,-0.901100,-0.324786
-1.206607,-0.007326,-0.056166,2.161015,-0.915752,-0.417583
-1.206607,-0.007326,-0.051282,2.156819,-1.003664,-0.515263
-1.206607,-0.021978,-0.046398,2.153004,-0.959709,-0.608059
-1.206607,0.007328,-0.046398,2.149571,-0.901100,-0.715507
-1.206607,-0.007326,-0.041514,2.147282,-0.754581,-0.803419
-1.206607,-0.021978,-0.041514,2.144993,-0.608061,-0.901099
-1.206607,-0.021978,-0.046398,2.143467,-0.476192,-0.993895
-1.206607,0.007328,-0.046398,2.143467,-0.241760,-1.032967
-1.206607,-0.007326,-0.046398,2.144230,-0.007328,-1.086691
-1.206607,-0.021978,-0.046398,2.144993,0.124542,-1.135531
-1.206607,-0.007326,-0.046398,2.146519,0.271063,-1.135531
-1.206607,-0.007326,-0.041514,2.149571,0.490843,-1.106227
-1.206607,-0.007326,-0.041514,2.152622,0.681318,-1.062271
-1.206607,-0.007326,-0.036630,2.156056,0.783882,-1.028083
-1.206607,0.007328,-0.036630,2.159489,0.827839,-0.959707
-1.206607,-0.007326,-0.036630,2.163304,0.871796,-0.876678
-1.206607,-0.007326,-0.036630,2.166355,0.857143,-0.778998
-1.206607,-0.021978,-0.036630,2.169789,0.871796,-0.652015
-1.206607,0.007328,-0.041514,2.172840,0.842491,-0.564102
-1.206607,0.007328,-0.046398,2.175129,0.681318,-0.476191
-1.206607,-0.007326,-0.051282,2.176274,0.490843,-0.383394
-1.206607,-0.021978,-0.056166,2.177800,0.388279,-0.280830
-1.206607,-0.007326,-0.061050,2.178182,0.271063,-0.212454
-1.206607,-0.007326,-0.065934,2.177800,0.080585,-0.178267
-1.206607,-0.021978,-0.065934,2.177037,-0.080587,-0.144078
-1.206607,-0.007326,-0.070818,2.175129,-0.256413,-0.134310
-1.206607,-0.021978,-0.070818,2.172459,-0.476192,-0.158731
-1.206607,-0.007326,-0.070818,2.169789,-0.622713,-0.192918
-1.206607,-0.007326,-0.065934,2.166355,-0.725277,-0.231990
-1.206607,0.007328,-0.065934,2.162922,-0.827841,-0.319902
-1.206607,-0.007326,-0.061050,2.158726,-0.915752,-0.407814
-1.206607,-0.007326,-0.056166,2.154911,-0.945057,-0.510379
-1.206607,0.007328,-0.051282,2.150715,-0.959709,-0.617826
-1.206607,-0.021978,-0.046398,2.147663,-0.901100,-0.705739
-1.206607,0.007328,-0.041514,2.145375,-0.739929,-0.788767
-1.206607,-0.007326,-0.041514,2.143086,-0.637363,-0.901099
-1.206607,0.007328,-0.041514,2.142323,-0.402931,-0.959707
-1.206607,-0.007326,-0.041514,2.142323,-0.183151,-1.032967
-1.206607,-0.007326,-0.041514,2.143086,0.036631,-1.086691
-1.206607,-0.021978,-0.041514,2.144612,0.227106,-1.120879
-1.206607,-0.007326,-0.041514,2.146519,0.358974,-1.135531
-1.206607,-0.007326,-0.041514,2.149571,0.578754,-1.096459
-1.206607,-0.007326,-0.041514,2.153385,0.813187,-1.042735
-1.206607,-0.007326,-0.036630,2.157200,0.901098,-1.023199
-1.206607,-0.021978,-0.036630,2.161396,0.959707,-0.954823
-1.206607,-0.007326,-0.036630,2.164829,0.959707,-0.886447
-1.206607,-0.007326,-0.036630,2.168644,0.959707,-0.769231
-1.206607,-0.007326,-0.036630,2.172459,0.945055,-0.652015
-1.206607,-0.021978,-0.041514,2.175892,0.886446,-0.559218
-1.206607,-0.007326,-0.046398,2.178182,0.754580,-0.466422
-1.206607,-0.007326,-0.051282,2.180089,0.622711,-0.378510
-1.206607,-0.021978,-0.056166,2.180852,0.417582,-0.290598
-1.206607,-0.007326,-0.061050,2.181615,0.256411,-0.212454
-1.206607,-0.007326,-0.065934,2.181234,0.095238,-0.173382
-1.206607,-0.007326,-0.070818,2.180089,-0.109892,-0.148962
-1.206607,-0.021978,-0.075702,2.178182,-0.285717,-0.153846
-1.206607,-0.007326,-0.075702,2.175511,-0.520149,-0.153846
-1.206607,-0.007326,-0.070818,2.172459,-0.652016,-0.192918
-1.206607,-0.007326,-0.070818,2.169026,-0.798536,-0.256411
-1.206607,0.007328,-0.065934,2.165211,-0.886448,-0.329670
-1.206607,-0.007326,-0.065934,2.161015,-0.915752,-0.427350
-1.206607,-0.007326,-0.061050,2.157200,-1.003664,-0.529915
-1.206607,-0.007326,-0.051282,2.153004,-0.974361,-0.632479
-1.206607,0.007328,-0.051282,2.149952,-0.930405,-0.730159
-1.206607,-0.007326,-0.041514,2.147282,-0.739929,-0.818070
-1.206607,-0.007326,-0.041514,2.145375,-0.578756,-0.910867
-1.206607,-0.007326,-0.041514,2.143849,-0.476192,-1.008547
-1.206607,-0.021978,-0.041514,2.143849,-0.256413,-1.047619
-1.206607,-0.007326,-0.041514,2.144230,-0.021980,-1.096459
-1.206607,-0.021978,-0.041514,2.145375,0.139194,-1.135531
-1.206607,0.007328,-0.041514,2.146900,0.285715,-1.120879
-1.206607,-0.007326,-0.041514,2.149952,0.520147,-1.091575
-1.206607,0.007328,-0.041514,2.153004,0.681318,-1.047619
-1.206607,-0.021978,-0.036630,2.156056,0.754580,-1.008547
-1.206607,0.007328,-0.036630,2.159489,0.798534,-0.920635
-1.206607,-0.007326,-0.036630,2.162922,0.827839,-0.832723
-1.206607,-0.007326,-0.036630,2.165974,0.827839,-0.735043
-1.206607,-0.007326,-0.036630,2.169026,0.798534,-0.612943
-1.206607,-0.021978,-0.041514,2.171696,0.739927,-0.520146
-1.206607,-0.007326,-0.046398,2.172840,0.534798,-0.442002
-1.206607,0.007328,-0.051282,2.174366,0.402931,-0.329670
-1.206607,-0.021978,-0.056166,2.174748,0.256411,-0.251526
-1.206607,-0.021978,-0.061050,2.174366,0.080585,-0.197803
-1.206607,-0.021978,-0.065934,2.173603,-0.051285,-0.148962
-1.206607,-0.007326,-0.065934,2.172459,-0.183151,-0.129426
-1.206607,-0.007326,-0.070818,2.170170,-0.432236,-0.153846
-1.206607,-0.007326,-0.070818,2.167118,-0.578756,-0.163614
-1.206607,-0.007326,-0.070818,2.164067,-0.695972,-0.217339
-1.206607,-0.007326,-0.070818,2.160252,-0.827841,-0.290598
-1.206607,-0.007326,-0.070818,2.156437,-0.915752,-0.373627
-1.206607,-0.007326,-0.065934,2.152241,-0.930405,-0.471307
-1.206607,-0.007326,-0.056166,2.148426,-0.989014,-0.583638
-1.206607,-0.007326,-0.051282,2.144993,-0.915752,-0.676435
-1.206607,0.007328,-0.046398,2.141560,-0.842493,-0.783883
-1.206607,-0.007326,-0.041514,2.139652,-0.666668,-0.866911
-1.206607,-0.007326,-0.041514,2.138508,-0.490845,-0.945055
-1.206607,-0.021978,-0.036630,2.137745,-0.315020,-1.028083
-1.206607,-0.021978,-0.041514,2.137745,-0.139196,-1.081807
-1.206607,-0.007326,-0.041514,2.138890,0.080585,-1.111111
-1.206607,-0.007326,-0.046398,2.141178,0.358974,-1.111111
-1.206607,-0.007326,-0.041514,2.143849,0.564102,-1.101343
-1.206607,0.007328,-0.041514,2.146900,0.695971,-1.091575
-1.206607,-0.007326,-0.041514,2.150334,0.769230,-1.037851
-1.206607,0.007328,-0.036630,2.154148,0.901098,-0.949939
-1.206607,-0.021978,-0.036630,2.157963,0.945055,-0.866911
-1.206607,-0.007326,-0.036630,2.162159,0.974360,-0.754579
-1.206607,-0.007326,-0.041514,2.165592,0.930403,-0.671551
-1.206607,-0.007326,-0.041514,2.168644,0.842491,-0.568987
-1.206607,-0.007326,-0.041514,2.170933,0.695971,-0.461538
-1.206607,0.007328,-0.046398,2.172459,0.534798,-0.378510
-1.206607,-0.007326,-0.051282,2.173603,0.388279,-0.275947
-1.206607,-0.021978,-0.056166,2.174366,0.285715,-0.202686
-1.206607,-0.021978,-0.061050,2.173985,0.109890,-0.163614
-1.206607,0.007328,-0.065934,2.173222,-0.065935,-0.139194
-1.206607,-0.007326,-0.065934,2.171696,-0.212456,-0.144078
-1.206607,0.007328,-0.070818,2.169026,-0.446888,-0.173382
-1.206607,-0.007326,-0.065934,2.166737,-0.564104,-0.192918
-1.206607,-0.021978,-0.065934,2.163685,-0.637363,-0.261294
-1.206607,-0.007326,-0.065934,2.159870,-0.813189,-0.354091
-1.206607,0.007328,-0.061050,2.156437,-0.857145,-0.446886
-1.206607,-0.007326,-0.061050,2.153004,-0.871796,-0.554335
-1.206607,-0.021978,-0.051282,2.149571,-0.871796,-0.666667
-1.206607,-0.007326,-0.046398,2.146519,-0.739929,-0.754579
-1.206607,-0.007326,-0.041514,2.144612,-0.622713,-0.857142
-1.206607,0.007328,-0.036630,2.143086,-0.505497,-0.949939
-1.206607,-0.021978,-0.036630,2.143086,-0.227108,-0.998779
-1.206607,0.007328,-0.041514,2.143467,-0.021980,-1.067155
-1.206607,-0.007326,-0.041514,2.144612,0.109890,-1.125763
-1.206607,-0.007326,-0.041514,2.146137,0.285715,-1.135531
-1.206607,-0.007326,-0.041514,2.148808,0.490843,-1.106227
-1.206607,-0.007326,-0.041514,2.152241,0.710623,-1.057387
-1.206607,-0.007326,-0.041514,2.156056,0.842491,-1.028083
-1.206607,-0.007326,-0.041514,2.159870,0.901098,-0.969475
-1.206607,-0.007326,-0.036630,2.163685,0.930403,-0.896214
-1.206607,-0.007326,-0.036630,2.166737,0.886446,-0.788767
-1.206607,-0.007326,-0.041514,2.170552,0.915751,-0.656898
-1.206607,-0.007326,-0.041514,2.173985,0.886446,-0.559218
-1.206607,-0.007326,-0.041514,2.176274,0.710623,-0.471307
-1.206607,-0.021978,-0.046398,2.177800,0.564102,-0.373627
-1.206607,-0.007326,-0.051282,2.178945,0.432234,-0.295483
-1.206607,-0.021978,-0.056166,2.178945,0.197802,-0.231990
-1.206607,-0.021978,-0.061050,2.178563,0.036631,-0.173382
-1.206607,-0.007326,-0.065934,2.177419,-0.124544,-0.139194
-1.206607,-0.007326,-0.070818,2.175892,-0.241760,-0.124542
-1.206607,-0.007326,-0.070818,2.173222,-0.446888,-0.163614
-1.206607,0.007328,-0.070818,2.170170,-0.666668,-0.227106
-1.206607,-0.021978,-0.070818,2.166355,-0.798536,-0.266178
-1.206607,-0.021978,-0.070818,2.162922,-0.842493,-0.344322
-1.206607,0.007328,-0.065934,2.159489,-0.886448,-0.437119
-1.206607,-0.007326,-0.061050,2.155674,-0.886448,-0.554335
-1.206607,-0.007326,-0.051282,2.151860,-0.886448,-0.671551
-1.206607,-0.007326,-0.046398,2.148808,-0.857145,-0.778998
-1.206607,-0.007326,-0.041514,2.146900,-0.681320,-0.852259
-1.206607,0.007328,-0.041514,2.145375,-0.505497,-0.940171
-1.206607,-0.007326,-0.036630,2.144230,-0.358976,-1.028083
-1.206607,0.007328,-0.036630,2.144230,-0.168499,-1.081807
-1.206607,-0.021978,-0.036630,2.144993,0.021978,-1.120879
-1.206607,-0.021978,-0.036630,2.146137,0.183149,-1.135531
-1.206607,-0.021978,-0.036630,2.148808,0.402931,-1.101343
-1.206607,-0.007326,-0.041514,2.151478,0.608059,-1.072039
-1.206607,-0.007326,-0.041514,2.154530,0.681318,-1.037851
-1.206607,0.007328,-0.041514,2.157582,0.695971,-0.974359
-1.206607,-0.021978,-0.041514,2.161015,0.798534,-0.857142
-1.206607,-0.007326,-0.041514,2.164067,0.813187,-0.764347
-1.206607,-0.021978,-0.041514,2.167118,0.769230,-0.647131
-1.206607,-0.007326,-0.046398,2.169789,0.725275,-0.539682
-1.206607,-0.007326,-0.046398,2.171314,0.578754,-0.456655
-1.206607,-0.007326,-0.051282,2.172077,0.388279,-0.378510
-1.206607,-0.021978,-0.056166,2.172459,0.241758,-0.275947
-1.206607,-0.007326,-0.061050,2.172459,0.124542,-0.192918
-1.206607,-0.007326,-0.061050,2.172077,-0.036633,-0.153846
-1.206607,-0.007326,-0.065934,2.170552,-0.227108,-0.144078
-1.206607,-0.021978,-0.065934,2.168263,-0.402931,-0.139194
-1.206607,-0.007326,-0.070818,2.165592,-0.564104,-0.168498
-1.206607,0.007328,-0.070818,2.162159,-0.695972,-0.227106
-1.206607,-0.007326,-0.070818,2.158345,-0.842493,-0.290598
-1.206607,-0.021978,-0.065934,2.154530,-0.886448,-0.378510
-1.206607,-0.007326,-0.065934,2.150334,-0.959709,-0.481074
-1.206607,-0.021978,-0.061050,2.146900,-0.945057,-0.583638
-1.206607,0.007328,-0.056166,2.143467,-0.886448,-0.691087
-1.206607,0.007328,-0.046398,2.140415,-0.813189,-0.803419
-1.206607,-0.007326,-0.041514,2.138508,-0.652016,-0.881563
-1.206607,0.007328,-0.036630,2.136601,-0.505497,-0.979243
-1.206607,-0.021978,-0.036630,2.135838,-0.358976,-1.042735
-1.206607,0.007328,-0.036630,2.136601,-0.065935,-1.081807
-1.206607,0.007328,-0.036630,2.137364,0.124542,-1.120879
-1.206607,-0.007326,-0.036630,2.139271,0.285715,-1.120879
-1.206607,-0.007326,-0.041514,2.142323,0.534798,-1.086691
-1.206607,-0.007326,-0.041514,2.145375,0.681318,-1.057387
-1.206607,-0.007326,-0.041514,2.148426,0.739927,-1.008547
-1.206607,0.007328,-0.041514,2.151860,0.827839,-0.905983
-1.206607,-0.007326,-0.041514,2.155674,0.842491,-0.822955
-1.206607,-0.007326,-0.041514,2.158726,0.827839,-0.720390
-1.206607,-0.007326,-0.041514,2.161778,0.827839,-0.598290
-1.206607,-0.007326,-0.046398,2.164448,0.695971,-0.520146
-1.206607,0.007328,-0.046398,2.165592,0.534798,-0.422466
-1.206607,-0.007326,-0.051282,2.167118,0.417582,-0.300366
-1.206607,-0.007326,-0.056166,2.167500,0.256411,-0.236875
-1.206607,-0.021978,-0.061050,2.167118,0.080585,-0.183150
-1.206607,-0.021978,-0.065934,2.166355,-0.036633,-0.139194
-1.206607,0.007328,-0.070818,2.165211,-0.183151,-0.124542
-1.206607,-0.007326,-0.075702,2.163685,-0.329672,-0.148962
-1.206607,-0.021978,-0.075702,2.160633,-0.564104,-0.197803
-1.206607,-0.007326,-0.075702,2.157582,-0.681320,-0.251526
-1.206607,-0.007326,-0.070818,2.154148,-0.739929,-0.329670
-1.206607,-0.007326,-0.065934,2.150334,-0.842493,-0.432235
-1.206607,0.007328,-0.065934,2.147663,-0.783884,-0.529915
-1.206607,-0.007326,-0.056166,2.144230,-0.813189,-0.652015
-1.206607,-0.007326,-0.051282,2.140797,-0.813189,-0.774115
-1.206607,-0.007326,-0.041514,2.138890,-0.637363,-0.842491
-1.206607,-0.007326,-0.036630,2.137745,-0.476192,-0.925519
-1.206607,0.007328,-0.036630,2.136982,-0.329672,-1.018315
-1.206607,-0.007326,-0.036630,2.136982,-0.109892,-1.072039
-1.206607,-0.007326,-0.036630,2.138127,0.080585,-1.111111
-1.206607,-0.007326,-0.036630,2.140034,0.285715,-1.115995
-1.206607,-0.007326,-0.041514,2.143086,0.520147,-1.101343
-1.206607,-0.007326,-0.041514,2.146137,0.695971,-1.081807
-1.206607,-0.021978,-0.041514,2.149189,0.739927,-1.037851
-1.206607,-0.007326,-0.041514,2.153004,0.842491,-0.940171
-1.206607,-0.007326,-0.041514,2.156437,0.901098,-0.857142
-1.206607,-0.007326,-0.041514,2.160252,0.915751,-0.739926
-1.206607,-0.007326,-0.041514,2.163685,0.930403,-0.642246
-1.206607,-0.007326,-0.041514,2.166355,0.783882,-0.549451
-1.206607,0.007328,-0.046398,2.168263,0.637363,-0.442002
-1.206607,-0.007326,-0.051282,2.170170,0.520147,-0.334555
-1.206607,0.007328,-0.056166,2.170933,0.388279,-0.256411
-1.206607,-0.021978,-0.056166,2.170933,0.183149,-0.207570
-1.206607,-0.007326,-0.061050,2.170552,0.007326,-0.163614
-1.206607,-0.021978,-0.065934,2.169789,-0.109892,-0.129426
-1.206607,0.007328,-0.070818,2.168263,-0.241760,-0.124542
-1.206607,-0.007326,-0.070818,2.165974,-0.432236,-0.178267
-1.206607,-0.007326,-0.070818,2.162922,-0.578756,-0.251526
-1.206607,-0.007326,-0.070818,2.159489,-0.739929,-0.319902
-1.206607,-0.007326,-0.065934,2.156437,-0.769232,-0.398046
-1.206607,-0.007326,-0.065934,2.153385,-0.739929,-0.495727
-1.206607,-0.007326,-0.061050,2.150334,-0.783884,-0.627595
-1.206607,-0.007326,-0.051282,2.147663,-0.695972,-0.735043
-1.206607,0.007328,-0.046398,2.145375,-0.608061,-0.842491
-1.206607,-0.021978,-0.041514,2.143467,-0.564104,-0.945055
-1.206607,-0.007326,-0.036630,2.143467,-0.300367,-0.984127
-1.206607,-0.007326,-0.036630,2.143849,-0.036633,-1.052503
-1.206607,-0.021978,-0.036630,2.144612,0.095238,-1.120879
-1.206607,-0.007326,-0.036630,2.146137,0.227106,-1.145299
-1.206607,-0.007326,-0.036630,2.148426,0.432234,-1.115995
-1.206607,-0.021978,-0.041514,2.151860,0.637363,-1.067155
-1.206607,-0.007326,-0.041514,2.155293,0.783882,-1.028083
-1.206607,-0.021978,-0.041514,2.158726,0.827839,-0.964591
-1.206607,-0.007326,-0.041514,2.162159,0.857143,-0.881563
-1.206607,0.007328,-0.041514,2.165211,0.827839,-0.783883
-1.206607,-0.007326,-0.041514,2.168644,0.842491,-0.647131
-1.206607,-0.007326,-0.041514,2.171696,0.798534,-0.534799
-1.206607,-0.007326,-0.046398,2.173603,0.637363,-0.456655
-1.206607,-0.007326,-0.046398,2.174748,0.476191,-0.358974
-1.206607,-0.007326,-0.051282,2.175129,0.285715,-0.275947
-1.206607,-0.007326,-0.056166,2.174748,0.095238,-0.207570
-1.206607,-0.007326,-0.061050,2.174366,-0.021980,-0.153846
-1.206607,-0.021978,-0.065934,2.173222,-0.183151,-0.129426
-1.206607,-0.007326,-0.065934,2.171314,-0.315020,-0.148962
-1.206607,-0.007326,-0.070818,2.168263,-0.549452,-0.183150
-1.206607,-0.007326,-0.070818,2.165211,-0.695972,-0.236875
-1.206607,-0.007326,-0.070818,2.161778,-0.769232,-0.315019
-1.206607,-0.021978,-0.070818,2.158345,-0.842493,-0.402930
-1.206607,0.007328,-0.065934,2.154911,-0.842493,-0.505494
-1.206607,-0.007326,-0.061050,2.151097,-0.857145,-0.632479
-1.206607,-0.007326,-0.056166,2.148045,-0.827841,-0.739926
-1.206607,-0.007326,-0.046398,2.145756,-0.681320,-0.832723
-1.206607,0.007328,-0.041514,2.143849,-0.578756,-0.940171
-1.206607,-0.007326,-0.036630,2.143086,-0.388281,-0.998779
-1.206607,-0.007326,-0.031746,2.143467,-0.095240,-1.052503
-1.206607,-0.007326,-0.031746,2.144230,0.051283,-1.115995
-1.206607,-0.007326,-0.031746,2.145375,0.183149,-1.140415
-1.206607,-0.021978,-0.036630,2.147663,0.344322,-1.111111
-1.206607,-0.007326,-0.036630,2.150715,0.593407,-1.062271
-1.206607,-0.007326,-0.036630,2.154148,0.769230,-1.008547
-1.206607,-0.007326,-0.041514,2.157582,0.813187,-0.954823
-1.206607,0.007328,-0.041514,2.160633,0.827839,-0.862027
-1.206607,-0.007326,-0.041514,2.163685,0.783882,-0.769231
-1.206607,-0.021978,-0.041514,2.166355,0.739927,-0.642246
-1.206607,-0.007326,-0.046398,2.169407,0.739927,-0.510379
-1.206607,-0.007326,-0.046398,2.171314,0.622711,-0.422466
-1.206607,-0.007326,-0.046398,2.172077,0.402931,-0.358974
-1.206607,-0.007326,-0.051282,2.172077,0.183149,-0.271062
-1.206607,-0.021978,-0.056166,2.171696,0.036631,-0.192918
-1.206607,-0.007326,-0.061050,2.170552,-0.109892,-0.144078
-1.206607,-0.007326,-0.065934,2.169407,-0.212456,-0.124542
-1.206607,-0.007326,-0.070818,2.167500,-0.358976,-0.134310
-1.206607,-0.007326,-0.070818,2.164448,-0.578756,-0.202686
-1.206607,-0.007326,-0.075702,2.161015,-0.739929,-0.266178
-1.206607,-0.007326,-0.070818,2.157200,-0.857145,-0.329670
-1.206607,-0.021978,-0.070818,2.154148,-0.813189,-0.422466
-1.206607,-0.007326,-0.070818,2.150334,-0.871796,-0.539682
-1.206607,-0.007326,-0.061050,2.147282,-0.798536,-0.652015
-1.206607,0.007328,-0.056166,2.144230,-0.769232,-0.774115
-1.206607,-0.007326,-0.046398,2.141560,-0.725277,-0.881563
-1.206607,0.007328,-0.041514,2.140797,-0.461540,-0.945055
-1.206607,-0.007326,-0.036630,2.140034,-0.285717,-1.013431
-1.206607,-0.007326,-0.031746,2.140797,-0.051285,-1.072039
-1.206607,-0.007326,-0.031746,2.141941,0.139194,-1.115995
-1.206607,-0.007326,-0.031746,2.143849,0.358974,-1.115995
-1.206607,-0.007326,-0.031746,2.146519,0.505495,-1.106227
-1.206607,0.007328,-0.036630,2.149952,0.666666,-1.052503
-1.206607,-0.007326,-0.036630,2.153767,0.871796,-0.979243
-1.206607,-0.021978,-0.036630,2.157200,0.901098,-0.925519
-1.206607,-0.021978,-0.041514,2.161015,0.901098,-0.818070
-1.206607,-0.021978,-0.041514,2.164448,0.886446,-0.720390
-1.206607,-0.007326,-0.041514,2.167118,0.798534,-0.603174
-1.206607,-0.007326,-0.041514,2.169789,0.725275,-0.481074
-1.206607,-0.021978,-0.046398,2.171696,0.593407,-0.393163
-1.206607,-0.007326,-0.051282,2.172459,0.388279,-0.319902
-1.206607,-0.007326,-0.056166,2.172459,0.183149,-0.236875
-1.206607,-0.021978,-0.061050,2.172459,0.051283,-0.168498
-1.206607,-0.007326,-0.061050,2.171314,-0.109892,-0.139194
-1.206607,-0.021978,-0.065934,2.169789,-0.271065,-0.139194
-1.206607,-0.007326,-0.070818,2.167881,-0.402931,-0.153846
-1.206607,-0.007326,-0.070818,2.165211,-0.564104,-0.217339
-1.206607,-0.021978,-0.070818,2.161778,-0.666668,-0.295483
-1.206607,-0.021978,-0.070818,2.158345,-0.769232,-0.378510
-1.206607,-0.007326,-0.070818,2.155293,-0.769232,-0.481074
-1.206607,-0.007326,-0.065934,2.152241,-0.783884,-0.593407
-1.206607,-0.007326,-0.061050,2.149571,-0.754581,-0.710623
-1.206607,-0.007326,-0.051282,2.147282,-0.608061,-0.813187
-1.206607,0.007328,-0.046398,2.145375,-0.534800,-0.925519
-1.206607,-0.021978,-0.036630,2.144230,-0.432236,-1.013431
-1.206607,0.007328,-0.036630,2.144230,-0.212456,-1.057387
-1.206607,-0.007326,-0.031746,2.144993,0.007326,-1.101343
-1.206607,-0.007326,-0.031746,2.146137,0.168499,-1.130647
-1.206607,-0.007326,-0.031746,2.148045,0.373627,-1.111111
-1.206607,-0.021978,-0.036630,2.151097,0.549450,-1.081807
-1.206607,0.007328,-0.036630,2.153767,0.666666,-1.032967
-1.206607,-0.007326,-0.041514,2.156819,0.681318,-0.964591
-1.206607,-0.007326,-0.041514,2.159870,0.769230,-0.852259
-1.206607,0.007328,-0.041514,2.163304,0.813187,-0.754579
-1.206607,-0.021978,-0.046398,2.165974,0.725275,-0.652015
-1.206607,-0.007326,-0.046398,2.168263,0.681318,-0.520146
-1.206607,0.007328,-0.046398,2.170170,0.564102,-0.422466
-1.206607,0.007328,-0.051282,2.170933,0.373627,-0.339438
-1.206607,-0.007326,-0.051282,2.170933,0.197802,-0.266178
-1.206607,0.007328,-0.056166,2.170552,0.021978,-0.192918
-1.206607,-0.007326,-0.061050,2.170170,-0.080587,-0.134310
-1.206607,-0.007326,-0.065934,2.169026,-0.168499,-0.114774
-1.206607,-0.021978,-0.065934,2.167118,-0.300367,-0.144078
-1.206607,0.007328,-0.070818,2.164067,-0.534800,-0.207570
-1.206607,-0.007326,-0.075702,2.160633,-0.710625,-0.271062
-1.206607,-0.021978,-0.070818,2.157582,-0.798536,-0.339438
-1.206607,-0.007326,-0.070818,2.154530,-0.725277,-0.432235
-1.206607,-0.007326,-0.065934,2.151478,-0.754581,-0.559218
-1.206607,-0.007326,-0.061050,2.148426,-0.739929,-0.681318
-1.206607,0.007328,-0.056166,2.146137,-0.695972,-0.793651
-1.206607,-0.007326,-0.046398,2.143849,-0.622713,-0.905983
-1.206607,0.007328,-0.041514,2.143086,-0.402931,-0.964591
-1.206607,0.007328,-0.036630,2.143467,-0.124544,-1.018315
-1.206607,-0.007326,-0.031746,2.143849,0.036631,-1.101343
-1.206607,-0.007326,-0.031746,2.144993,0.168499,-1.135531
-1.206607,-0.007326,-0.031746,2.146900,0.315018,-1.130647
-1.206607,0.007328,-0.031746,2.149952,0.549450,-1.081807
-1.206607,-0.007326,-0.036630,2.153767,0.754580,-1.018315
-1.206607,-0.007326,-0.036630,2.156819,0.842491,-0.974359
-1.206607,-0.021978,-0.036630,2.160252,0.842491,-0.891331
-1.206607,-0.007326,-0.036630,2.163304,0.798534,-0.793651
-1.206607,-0.007326,-0.041514,2.165974,0.754580,-0.671551
-1.206607,0.007328,-0.041514,2.169026,0.739927,-0.529915
-1.206607,0.007328,-0.046398,2.171314,0.652014,-0.432235
-1.206607,-0.007326,-0.051282,2.172077,0.432234,-0.373627
-1.206607,-0.007326,-0.056166,2.172077,0.197802,-0.285714
-1.206607,-0.021978,-0.061050,2.171696,0.036631,-0.202686
-1.206607,-0.021978,-0.061050,2.170933,-0.095240,-0.144078
-1.206607,-0.007326,-0.065934,2.169789,-0.197803,-0.119658
-1.206607,-0.007326,-0.070818,2.167881,-0.344324,-0.129426
-1.206607,-0.007326,-0.070818,2.165211,-0.534800,-0.197803
-1.206607,0.007328,-0.075702,2.162159,-0.652016,-0.266178
-1.206607,-0.007326,-0.075702,2.158345,-0.783884,-0.339438
-1.206607,-0.007326,-0.075702,2.155674,-0.783884,-0.432235
-1.206607,-0.021978,-0.070818,2.152622,-0.769232,-0.544566
-1.206607,-0.007326,-0.065934,2.149571,-0.754581,-0.671551
-1.206607,-0.007326,-0.056166,2.147282,-0.652016,-0.783883
-1.206607,-0.007326,-0.046398,2.144993,-0.578756,-0.901099
-1.206607,-0.007326,-0.041514,2.143467,-0.490845,-0.989011
-1.206607,-0.007326,-0.036630,2.143467,-0.212456,-1.023199
-1.206607,-0.007326,-0.031746,2.144230,0.007326,-1.086691
-1.206607,-0.021978,-0.026862,2.144993,0.124542,-1.135531
-1.206607,-0.007326,-0.026862,2.146519,0.271063,-1.125763
-1.206607,-0.007326,-0.031746,2.149189,0.490843,-1.086691
-1.206607,-0.007326,-0.031746,2.152622,0.666666,-1.023199
-1.206607,-0.007326,-0.036630,2.155674,0.769230,-0.969475
-1.206607,-0.007326,-0.036630,2.159107,0.769230,-0.886447
-1.206607,-0.007326,-0.041514,2.161778,0.769230,-0.783883
-1.206607,-0.007326,-0.041514,2.164448,0.681318,-0.676435
-1.206607,-0.021978,-0.046398,2.166737,0.652014,-0.534799
-1.206607,0.007328,-0.046398,2.169026,0.593407,-0.427350
-1.206607,-0.007326,-0.051282,2.170170,0.432234,-0.334555
-1.206607,-0.021978,-0.051282,2.170552,0.256411,-0.266178
-1.206607,-0.007326,-0.056166,2.170170,0.065933,-0.197803
-1.206607,-0.007326,-0.056166,2.169789,-0.051285,-0.144078
-1.206607,-0.007326,-0.061050,2.168644,-0.139196,-0.119658
-1.206607,-0.007326,-0.065934,2.167118,-0.271065,-0.139194
-1.206607,-0.007326,-0.070818,2.164829,-0.461540,-0.192918
-1.206607,-0.007326,-0.070818,2.162159,-0.564104,-0.266178
-1.206607,-0.007326,-0.070818,2.159107,-0.652016,-0.344322
-1.206607,-0.007326,-0.070818,2.156819,-0.652016,-0.432235
-1.206607,-0.007326,-0.070818,2.154148,-0.593409,-0.564102
-1.206607,-0.007326,-0.065934,2.151478,-0.652016,-0.700854
-1.206607,0.021980,-0.056166,2.149189,-0.608061,-0.808303
-1.206607,-0.021978,-0.051282,2.148045,-0.417583,-0.896214
-1.206607,0.007328,-0.041514,2.147663,-0.285717,-0.984127
-1.206607,-0.007326,-0.036630,2.148045,-0.065935,-1.047619
-1.206607,0.007328,-0.031746,2.148808,0.080585,-1.106227
-1.206607,-0.007326,-0.031746,2.150715,0.300365,-1.120879
-1.206607,-0.007326,-0.026862,2.153385,0.534798,-1.106227
-1.206607,-0.007326,-0.031746,2.156437,0.637363,-1.086691
-1.206607,0.007328,-0.031746,2.159870,0.783882,-1.018315
-1.206607,-0.007326,-0.036630,2.163685,0.871796,-0.949939
-1.206607,-0.021978,-0.036630,2.167118,0.857143,-0.857142
-1.206607,-0.007326,-0.036630,2.170552,0.901098,-0.739926
-1.206607,-0.007326,-0.041514,2.173985,0.827839,-0.637362
-1.206607,-0.007326,-0.041514,2.176274,0.710623,-0.529915
-1.206607,-0.007326,-0.046398,2.177800,0.593407,-0.412699
-1.206607,-0.007326,-0.051282,2.178945,0.417582,-0.329670
-1.206607,-0.007326,-0.056166,2.178945,0.212454,-0.261294
-1.206607,-0.007326,-0.061050,2.178563,-0.007328,-0.192918
-1.206607,-0.007326,-0.065934,2.177419,-0.124544,-0.139194
-1.206607,-0.021978,-0.065934,2.176274,-0.227108,-0.119658
-1.206607,-0.021978,-0.070818,2.173985,-0.373629,-0.158731
-1.206607,-0.007326,-0.075702,2.170933,-0.578756,-0.231990
-1.206607,0.007328,-0.075702,2.167881,-0.725277,-0.285714
-1.206607,-0.007326,-0.075702,2.165211,-0.725277,-0.368742
-1.206607,-0.007326,-0.075702,2.162159,-0.695972,-0.481074
-1.206607,0.007328,-0.070818,2.159489,-0.695972,-0.603174
-1.206607,-0.007326,-0.065934,2.156819,-0.681320,-0.725275
-1.206607,-0.021978,-0.056166,2.154911,-0.564104,-0.847375
-1.206607,-0.007326,-0.046398,2.153004,-0.505497,-0.940171
-1.206607,-0.007326,-0.041514,2.152622,-0.315020,-1.008547
-1.206607,-0.007326,-0.031746,2.152622,-0.109892,-1.072039
-1.206607,0.007328,-0.026862,2.153385,0.021978,-1.120879
-1.206607,-0.007326,-0.021978,2.154911,0.227106,-1.125763
-1.206607,-0.007326,-0.026862,2.156819,0.388279,-1.115995
-1.206607,-0.007326,-0.026862,2.159489,0.534798,-1.062271
-1.206607,0.007328,-0.026862,2.162541,0.622711,-1.003663
-1.206607,-0.007326,-0.031746,2.165211,0.681318,-0.925519
-1.206607,-0.007326,-0.036630,2.168263,0.710623,-0.803419
-1.206607,-0.007326,-0.041514,2.170933,0.725275,-0.686203
-1.206607,-0.021978,-0.046398,2.173222,0.637363,-0.583638
-1.206607,-0.007326,-0.046398,2.175129,0.549450,-0.466422
-1.206607,-0.021978,-0.051282,2.175511,0.344322,-0.383394
-1.206607,-0.007326,-0.056166,2.175511,0.139194,-0.290598
-1.206607,-0.007326,-0.056166,2.174748,-0.007328,-0.207570
-1.206607,-0.007326,-0.061050,2.173603,-0.168499,-0.153846
-1.206607,-0.007326,-0.061050,2.172459,-0.241760,-0.129426
-1.206607,-0.007326,-0.061050,2.169789,-0.446888,-0.158731
-1.206607,-0.007326,-0.065934,2.167118,-0.608061,-0.183150
-1.206607,-0.007326,-0.065934,2.164067,-0.666668,-0.241758
-1.206607,-0.021978,-0.070818,2.160633,-0.754581,-0.324786
-1.206607,-0.007326,-0.070818,2.157582,-0.813189,-0.427350
-1.206607,-0.007326,-0.070818,2.154148,-0.754581,-0.549451
-1.206607,-0.021978,-0.065934,2.151097,-0.798536,-0.686203
-1.206607,-0.007326,-0.061050,2.148808,-0.681320,-0.783883
-1.206607,-0.007326,-0.056166,2.146900,-0.549452,-0.886447
-1.206607,-0.007326,-0.046398,2.145756,-0.417583,-0.984127
-1.206607,0.007328,-0.036630,2.145375,-0.271065,-1.057387
-1.206607,-0.007326,-0.031746,2.145756,-0.065935,-1.106227
-1.206607,0.007328,-0.026862,2.146900,0.109890,-1.120879
-1.206607,-0.007326,-0.026862,2.148808,0.358974,-1.106227
-1.206607,-0.021978,-0.026862,2.151478,0.534798,-1.067155
-1.206607,-0.021978,-0.026862,2.154148,0.637363,-1.032967
-1.206607,-0.021978,-0.031746,2.156819,0.652014,-0.964591
-1.206607,-0.007326,-0.031746,2.160252,0.725275,-0.837606
-1.206607,0.007328,-0.036630,2.163304,0.769230,-0.735043
-1.206607,0.007328,-0.041514,2.165592,0.695971,-0.627595
-1.206607,-0.021978,-0.046398,2.167881,0.652014,-0.500610
-1.206607,-0.021978,-0.051282,2.169026,0.461538,-0.412699
-1.206607,-0.007326,-0.051282,2.169407,0.271063,-0.315019
-1.206607,-0.021978,-0.061050,2.169407,0.139194,-0.222222
-1.206607,-0.007326,-0.061050,2.169026,0.007326,-0.163614
-1.206607,-0.021978,-0.061050,2.168263,-0.124544,-0.129426
-1.206607,-0.007326,-0.065934,2.166355,-0.271065,-0.134310
-1.206607,-0.007326,-0.065934,2.164829,-0.373629,-0.158731
-1.206607,-0.007326,-0.070818,2.162541,-0.490845,-0.227106
-1.206607,-0.021978,-0.070818,2.159489,-0.608061,-0.300366
-1.206607,0.007328,-0.070818,2.157200,-0.608061,-0.393163
-1.206607,-0.007326,-0.070818,2.154911,-0.593409,-0.520146
-1.206607,-0.021978,-0.065934,2.152241,-0.608061,-0.652015
-1.206607,-0.007326,-0.061050,2.149952,-0.593409,-0.764347
-1.206607,-0.007326,-0.056166,2.149189,-0.358976,-0.857142
-1.206607,-0.007326,-0.051282,2.148808,-0.241760,-0.964591
-1.206607,-0.007326,-0.041514,2.148808,-0.095240,-1.042735
-1.206607,0.007328,-0.036630,2.149952,0.109890,-1.096459
-1.206607,-0.007326,-0.031746,2.151860,0.300365,-1.111111
-1.206607,-0.007326,-0.026862,2.154148,0.461538,-1.115995
-1.206607,-0.021978,-0.026862,2.157200,0.637363,-1.081807
-1.206607,-0.007326,-0.026862,2.161396,0.857143,-1.023199
-1.206607,0.007328,-0.031746,2.164829,0.871796,-0.979243
-1.206607,-0.007326,-0.031746,2.168263,0.901098,-0.871795
-1.206607,-0.007326,-0.036630,2.172077,0.901098,-0.759462
-1.206607,-0.007326,-0.036630,2.174748,0.827839,-0.647131
-1.206607,-0.021978,-0.041514,2.177419,0.725275,-0.525030
-1.206607,-0.021978,-0.046398,2.179326,0.608059,-0.417583
-1.206607,-0.007326,-0.051282,2.180089,0.388279,-0.339438
-1.206607,-0.007326,-0.056166,2.180089,0.183149,-0.261294
-1.206607,-0.007326,-0.061050,2.179326,-0.007328,-0.192918
-1.206607,-0.007326,-0.065934,2.178182,-0.183151,-0.153846
-1.206607,-0.007326,-0.070818,2.176656,-0.285717,-0.124542
-1.206607,-0.021978,-0.070818,2.174748,-0.388281,-0.148962
-1.206607,-0.021978,-0.070818,2.171696,-0.564104,-0.236875
-1.206607,-0.007326,-0.075702,2.168263,-0.695972,-0.305250
-1.206607,-0.007326,-0.075702,2.165592,-0.725277,-0.393163
-1.206607,-0.007326,-0.075702,2.162922,-0.681320,-0.505494
-1.206607,-0.021978,-0.070818,2.160252,-0.695972,-0.627595
-1.206607,-0.007326,-0.065934,2.157963,-0.622713,-0.754579
-1.206607,-0.007326,-0.061050,2.156819,-0.446888,-0.857142
-1.206607,-0.021978,-0.051282,2.156056,-0.300367,-0.964591
-1.206607,-0.021978,-0.041514,2.155674,-0.168499,-1.042735
-1.206607,-0.007326,-0.031746,2.156437,0.021978,-1.096459
-1.206607,-0.007326,-0.026862,2.157963,0.227106,-1.120879
-1.206607,-0.007326,-0.021978,2.160633,0.446886,-1.101343
-1.206607,-0.007326,-0.021978,2.163304,0.593407,-1.086691
-1.206607,-0.021978,-0.021978,2.166355,0.710623,-1.037851
-1.206607,0.007328,-0.021978,2.169789,0.798534,-0.959707
-1.206607,0.007328,-0.026862,2.173222,0.827839,-0.871795
-1.206607,-0.007326,-0.026862,2.176274,0.798534,-0.754579
-1.206607,-0.007326,-0.031746,2.179326,0.769230,-0.632479
-1.206607,-0.007326,-0.041514,2.181234,0.637363,-0.529915
-1.206607,-0.007326,-0.046398,2.182378,0.476191,-0.422466
-1.206607,0.007328,-0.051282,2.182760,0.271063,-0.339438
-1.206607,-0.007326,-0.056166,2.181997,0.021978,-0.256411
-1.206607,0.007328,-0.061050,2.180852,-0.153849,-0.183150
-1.206607,-0.021978,-0.061050,2.179326,-0.256413,-0.144078
-1.206607,-0.021978,-0.070818,2.177037,-0.446888,-0.144078
-1.206607,-0.007326,-0.070818,2.173985,-0.578756,-0.168498
-1.206607,-0.007326,-0.075702,2.170552,-0.725277,-0.236875
-1.206607,-0.007326,-0.075702,2.167500,-0.798536,-0.300366
-1.206607,-0.007326,-0.075702,2.164448,-0.769232,-0.393163
-1.206607,-0.007326,-0.075702,2.161015,-0.769232,-0.520146
-1.206607,-0.007326,-0.075702,2.157963,-0.798536,-0.652015
-1.206607,-0.007326,-0.070818,2.155674,-0.666668,-0.764347
-1.206607,0.007328,-0.061050,2.153767,-0.593409,-0.881563
-1.206607,-0.007326,-0.051282,2.152241,-0.432236,-0.974359
-1.206607,-0.007326,-0.041514,2.151860,-0.256413,-1.042735
-1.206607,-0.007326,-0.031746,2.152241,-0.065935,-1.101343
-1.206607,-0.007326,-0.021978,2.153004,0.095238,-1.135531
-1.206607,-0.007326,-0.017094,2.154530,0.227106,-1.120879
-1.206607,-0.007326,-0.017094,2.156819,0.417582,-1.081807
-1.206607,-0.007326,-0.017094,2.159489,0.578754,-1.013431
-1.206607,-0.021978,-0.021978,2.162159,0.637363,-0.945055
-1.206607,-0.007326,-0.021978,2.164829,0.637363,-0.862027
-1.206607,-0.007326,-0.031746,2.167118,0.608059,-0.725275
-1.206607,-0.007326,-0.036630,2.169026,0.549450,-0.603174
-1.206607,-0.007326,-0.041514,2.170933,0.534798,-0.476191
-1.206607,-0.021978,-0.046398,2.171696,0.344322,-0.398046
-1.206607,0.007328,-0.051282,2.170933,0.109890,-0.319902
-1.206607,-0.007326,-0.056166,2.170170,-0.080587,-0.231990
-1.206607,-0.007326,-0.061050,2.169026,-0.197803,-0.153846
-1.206607,-0.007326,-0.065934,2.167500,-0.271065,-0.119658
-1.206607,-0.021978,-0.065934,2.165211,-0.490845,-0.144078
-1.206607,-0.007326,-0.065934,2.162159,-0.622713,-0.188034
-1.206607,-0.007326,-0.070818,2.158726,-0.739929,-0.241758
-1.206607,-0.007326,-0.075702,2.156056,-0.710625,-0.315019
-1.206607,-0.007326,-0.075702,2.153004,-0.710625,-0.427350
-1.206607,-0.007326,-0.075702,2.149952,-0.739929,-0.564102
-1.206607,-0.021978,-0.070818,2.147663,-0.652016,-0.686203
-1.206607,0.007328,-0.070818,2.145375,-0.578756,-0.808303
-1.206607,-0.007326,-0.065934,2.143849,-0.490845,-0.920635
-1.206607,0.007328,-0.056166,2.143467,-0.271065,-0.979243
-1.206607,-0.007326,-0.046398,2.143849,-0.051285,-1.057387
-1.206607,0.007328,-0.036630,2.144612,0.065933,-1.125763
-1.206607,-0.007326,-0.026862,2.145756,0.197802,-1.140415
-1.206607,-0.007326,-0.021978,2.148045,0.358974,-1.101343
-1.206607,-0.007326,-0.021978,2.151097,0.593407,-1.042735
-1.206607,0.007328,-0.017094,2.154148,0.754580,-0.979243
-1.206607,-0.007326,-0.021978,2.157200,0.739927,-0.915751
-1.206607,0.007328,-0.021978,2.160252,0.739927,-0.808303
-1.206607,-0.021978,-0.031746,2.162541,0.666666,-0.695971
-1.206607,-0.007326,-0.036630,2.164448,0.578754,-0.568987
-1.206607,-0.021978,-0.041514,2.166355,0.520147,-0.427350
-1.206607,0.007328,-0.046398,2.167500,0.417582,-0.339438
-1.206607,-0.007326,-0.051282,2.167118,0.139194,-0.280830
-1.206607,-0.007326,-0.056166,2.166355,-0.065935,-0.202686
-1.206607,-0.007326,-0.065934,2.165211,-0.153849,-0.148962
-1.206607,-0.021978,-0.070818,2.163304,-0.329672,-0.144078
-1.206607,-0.007326,-0.070818,2.160633,-0.490845,-0.158731
-1.206607,-0.021978,-0.070818,2.158345,-0.578756,-0.192918
-1.206607,-0.007326,-0.075702,2.155674,-0.622713,-0.271062
-1.206607,-0.007326,-0.075702,2.152622,-0.681320,-0.383394
-1.206607,-0.007326,-0.075702,2.149952,-0.695972,-0.500610
-1.206607,-0.007326,-0.075702,2.147663,-0.608061,-0.617826
-1.206607,-0.007326,-0.070818,2.145375,-0.578756,-0.749695
-1.206607,-0.007326,-0.061050,2.143849,-0.505497,-0.866911
-1.206607,0.007328,-0.056166,2.143467,-0.300367,-0.940171
-1.206607,0.007328,-0.051282,2.143849,-0.080587,-1.028083
-1.206607,-0.007326,-0.041514,2.144230,0.065933,-1.106227
-1.206607,-0.007326,-0.031746,2.145756,0.197802,-1.140415
-1.206607,0.007328,-0.026862,2.147282,0.344322,-1.120879
-1.206607,0.007328,-0.017094,2.150334,0.564102,-1.076923
-1.206607,-0.007326,-0.012210,2.153767,0.754580,-1.008547
-1.206607,-0.007326,-0.017094,2.157200,0.813187,-0.954823
-1.206607,-0.007326,-0.021978,2.160633,0.798534,-0.852259
-1.206607,-0.007326,-0.026862,2.163304,0.769230,-0.744811
-1.206607,-0.021978,-0.026862,2.165592,0.681318,-0.617826
-1.206607,0.007328,-0.036630,2.168263,0.666666,-0.471307
-1.206607,0.007328,-0.041514,2.169407,0.520147,-0.378510
-1.206607,-0.021978,-0.046398,2.170170,0.344322,-0.300366
-1.206607,-0.021978,-0.051282,2.169789,0.080585,-0.231990
-1.206607,-0.021978,-0.061050,2.169026,-0.095240,-0.173382
-1.206607,-0.007326,-0.065934,2.167500,-0.212456,-0.144078
-1.206607,-0.007326,-0.070818,2.165592,-0.388281,-0.148962
-1.206607,-0.021978,-0.075702,2.163304,-0.432236,-0.183150
-1.206607,-0.007326,-0.080586,2.161015,-0.564104,-0.251526
-1.206607,-0.007326,-0.080586,2.158345,-0.622713,-0.339438
-1.206607,-0.007326,-0.075702,2.156437,-0.534800,-0.442002
-1.206607,-0.007326,-0.075702,2.154148,-0.549452,-0.588523
-1.206607,-0.007326,-0.070818,2.151860,-0.534800,-0.715507
-1.206607,-0.007326,-0.065934,2.150715,-0.446888,-0.822955
-1.206607,-0.007326,-0.061050,2.150715,-0.197803,-0.905983
-1.206607,-0.007326,-0.056166,2.151097,-0.007328,-1.003663
-1.206607,0.007328,-0.046398,2.151860,0.124542,-1.091575
-1.206607,-0.007326,-0.036630,2.153004,0.227106,-1.145299
-1.206607,-0.007326,-0.031746,2.154911,0.344322,-1.130647
-1.206607,-0.021978,-0.021978,2.158345,0.593407,-1.081807
-1.206607,-0.007326,-0.017094,2.162159,0.813187,-1.023199
-1.206607,-0.007326,-0.017094,2.165592,0.857143,-0.984127
-1.206607,-0.007326,-0.017094,2.168644,0.857143,-0.891331
-1.206607,-0.021978,-0.021978,2.171696,0.798534,-0.774115
-1.206607,-0.007326,-0.026862,2.174748,0.754580,-0.637362
-1.206607,-0.007326,-0.026862,2.177419,0.695971,-0.510379
-1.206607,-0.007326,-0.036630,2.179326,0.608059,-0.407814
-1.206607,-0.007326,-0.041514,2.179708,0.344322,-0.344322
-1.206607,-0.007326,-0.051282,2.178945,0.065933,-0.266178
-1.206607,-0.007326,-0.056166,2.177800,-0.139196,-0.192918
-1.206607,-0.021978,-0.061050,2.176274,-0.241760,-0.134310
-1.206607,-0.007326,-0.065934,2.173985,-0.373629,-0.144078
-1.206607,-0.021978,-0.070818,2.171314,-0.578756,-0.192918
-1.206607,-0.007326,-0.075702,2.167881,-0.695972,-0.241758
-1.206607,-0.007326,-0.080586,2.165211,-0.725277,-0.315019
-1.206607,-0.007326,-0.080586,2.162541,-0.681320,-0.427350
-1.206607,-0.007326,-0.080586,2.159870,-0.666668,-0.549451
-1.206607,-0.021978,-0.080586,2.157582,-0.622713,-0.681318
-1.206607,-0.021978,-0.070818,2.156056,-0.490845,-0.808303
-1.206607,-0.007326,-0.070818,2.154911,-0.388281,-0.920635
-1.206607,0.021980,-0.061050,2.154530,-0.212456,-0.993895
-1.206607,-0.007326,-0.051282,2.155293,-0.007328,-1.067155
-1.206607,-0.007326,-0.041514,2.156056,0.139194,-1.125763
-1.206607,0.007328,-0.031746,2.157963,0.315018,-1.125763
-1.206607,0.007328,-0.021978,2.160633,0.549450,-1.091575
-1.206607,-0.007326,-0.017094,2.163304,0.622711,-1.062271
-1.206607,-0.007326,-0.012210,2.166355,0.681318,-0.979243
-1.206607,-0.007326,-0.012210,2.169789,0.783882,-0.866911
-1.206607,-0.021978,-0.017094,2.172840,0.813187,-0.769231
-1.206607,-0.007326,-0.017094,2.175892,0.769230,-0.647131
-1.206607,-0.007326,-0.021978,2.177800,0.652014,-0.525030
-1.206607,-0.007326,-0.031746,2.179326,0.476191,-0.432235
-1.206607,-0.007326,-0.036630,2.179326,0.241758,-0.344322
-1.206607,-0.021978,-0.046398,2.178563,0.021978,-0.256411
-1.206607,-0.007326,-0.056166,2.177419,-0.153849,-0.188034
-1.206607,-0.021978,-0.061050,2.175892,-0.300367,-0.144078
-1.206607,-0.007326,-0.065934,2.173222,-0.505497,-0.153846
-1.206607,-0.007326,-0.070818,2.169789,-0.695972,-0.197803
-1.206607,-0.021978,-0.075702,2.166355,-0.754581,-0.231990
-1.206607,-0.007326,-0.075702,2.163304,-0.769232,-0.319902
-1.206607,-0.007326,-0.075702,2.160252,-0.783884,-0.422466
-1.206607,-0.007326,-0.080586,2.157200,-0.739929,-0.549451
-1.206607,-0.021978,-0.080586,2.155293,-0.637363,-0.691087
-1.206607,-0.007326,-0.075702,2.152622,-0.608061,-0.818070
-1.206607,-0.021978,-0.070818,2.151097,-0.476192,-0.915751
-1.206607,-0.007326,-0.065934,2.151097,-0.241760,-0.979243
-1.206607,0.007328,-0.056166,2.151478,-0.007328,-1.067155
-1.206607,-0.007326,-0.046398,2.152241,0.065933,-1.125763
-1.206607,0.007328,-0.036630,2.153767,0.227106,-1.140415
-1.206607,-0.007326,-0.021978,2.155674,0.388279,-1.101343
-1.206607,-0.007326,-0.017094,2.158345,0.534798,-1.037851
-1.206607,0.007328,-0.012210,2.161778,0.725275,-0.949939
-1.206607,-0.007326,-0.012210,2.164448,0.725275,-0.881563
-1.206607,-0.007326,-0.012210,2.167118,0.652014,-0.769231
-1.206607,-0.007326,-0.017094,2.169407,0.608059,-0.637362
-1.206607,-0.007326,-0.021978,2.171314,0.564102,-0.500610
-1.206607,-0.007326,-0.031746,2.172459,0.446886,-0.407814
-1.206607,-0.021978,-0.041514,2.172840,0.241758,-0.315019
-1.206607,-0.007326,-0.046398,2.172077,0.036631,-0.236875
-1.206607,-0.007326,-0.051282,2.170170,-0.241760,-0.192918
-1.206607,0.007328,-0.061050,2.168263,-0.373629,-0.144078
-1.206607,-0.007326,-0.065934,2.165974,-0.520149,-0.148962
-1.206607,-0.021978,-0.070818,2.162541,-0.666668,-0.202686
-1.206607,-0.007326,-0.075702,2.159107,-0.798536,-0.261294
-1.206607,0.007328,-0.080586,2.155674,-0.798536,-0.339438
-1.206607,-0.007326,-0.080586,2.152622,-0.798536,-0.446886
-1.206607,-0.007326,-0.080586,2.149952,-0.769232,-0.573871
-1.206607,-0.007326,-0.080586,2.147663,-0.608061,-0.695971
-1.206607,-0.007326,-0.075702,2.146137,-0.534800,-0.832723
-1.206607,-0.007326,-0.075702,2.144612,-0.432236,-0.945055
-1.206607,0.007328,-0.065934,2.144230,-0.256413,-1.023199
-1.206607,-0.007326,-0.056166,2.144612,-0.036633,-1.076923
-1.206607,-0.007326,-0.046398,2.145756,0.124542,-1.125763
-1.206607,-0.007326,-0.036630,2.147282,0.285715,-1.115995
-1.206607,-0.007326,-0.026862,2.149952,0.476191,-1.086691
-1.206607,-0.007326,-0.012210,2.152622,0.608059,-1.023199
-1.206607,-0.007326,-0.007326,2.155293,0.637363,-0.954823
-1.206607,0.021980,-0.007326,2.157963,0.652014,-0.847375
-1.206607,-0.007326,-0.007326,2.161015,0.725275,-0.705739
-1.206607,-0.007326,-0.012210,2.163304,0.666666,-0.598290
-1.206607,-0.007326,-0.017094,2.164829,0.520147,-0.490843
-1.206607,-0.007326,-0.026862,2.165592,0.373627,-0.373627
-1.206607,-0.021978,-0.031746,2.165974,0.197802,-0.280830
-1.206607,-0.021978,-0.041514,2.165592,0.036631,-0.212454
-1.206607,-0.007326,-0.046398,2.164067,-0.168499,-0.173382
-1.206607,-0.007326,-0.056166,2.161396,-0.388281,-0.168498
-1.206607,-0.021978,-0.061050,2.158726,-0.608061,-0.173382
-1.206607,-0.007326,-0.070818,2.155674,-0.666668,-0.202686
-1.206607,-0.007326,-0.075702,2.152622,-0.725277,-0.275947
-1.206607,0.007328,-0.080586,2.149189,-0.783884,-0.378510
-1.206607,-0.007326,-0.080586,2.146519,-0.725277,-0.495727
-1.206607,-0.007326,-0.085470,2.143467,-0.739929,-0.642246
-1.206607,-0.007326,-0.080586,2.141560,-0.622713,-0.744811
-1.206607,-0.007326,-0.080586,2.140415,-0.402931,-0.852259
-1.206607,0.007328,-0.075702,2.140034,-0.256413,-0.959707
-1.206607,0.007328,-0.065934,2.140415,-0.065935,-1.037851
-1.206607,-0.021978,-0.061050,2.141560,0.139194,-1.096459
-1.206607,-0.007326,-0.051282,2.143467,0.344322,-1.111111
-1.206607,-0.007326,-0.041514,2.146137,0.534798,-1.106227
-1.206607,-0.007326,-0.026862,2.149189,0.652014,-1.057387
-1.206607,0.007328,-0.017094,2.153385,0.827839,-0.974359
-1.206607,0.007328,-0.012210,2.156437,0.871796,-0.910867
-1.206607,0.007328,-0.007326,2.160252,0.857143,-0.793651
-1.206607,-0.021978,-0.007326,2.163304,0.871796,-0.671551
-1.206607,-0.007326,-0.012210,2.165974,0.754580,-0.559218
-1.206607,-0.007326,-0.017094,2.168263,0.652014,-0.427350
-1.206607,-0.007326,-0.026862,2.169407,0.461538,-0.329670
-1.206607,-0.007326,-0.036630,2.170170,0.300365,-0.251526
-1.206607,-0.007326,-0.041514,2.169407,0.080585,-0.192918
-1.206607,-0.007326,-0.051282,2.168263,-0.109892,-0.158731
-1.206607,-0.021978,-0.056166,2.166355,-0.300367,-0.163614
-1.206607,-0.007326,-0.065934,2.164067,-0.446888,-0.188034
-1.206607,-0.007326,-0.075702,2.161396,-0.564104,-0.251526
-1.206607,-0.007326,-0.085470,2.158726,-0.622713,-0.324786
-1.206607,-0.021978,-0.085470,2.156819,-0.564104,-0.422466
-1.206607,-0.007326,-0.085470,2.154530,-0.549452,-0.564102
-1.206607,-0.007326,-0.085470,2.152622,-0.520149,-0.700854
-1.206607,-0.007326,-0.080586,2.151097,-0.446888,-0.818070
-1.206607,0.007328,-0.075702,2.150715,-0.227108,-0.905983
-1.206607,-0.021978,-0.070818,2.151478,-0.021980,-1.003663
-1.206607,0.007328,-0.065934,2.152241,0.124542,-1.091575
-1.206607,-0.007326,-0.056166,2.153767,0.227106,-1.135531
-1.206607,-0.007326,-0.051282,2.155674,0.388279,-1.125763
-1.206607,-0.007326,-0.036630,2.158726,0.593407,-1.076923
-1.206607,0.007328,-0.026862,2.162541,0.783882,-1.018315
-1.206607,-0.007326,-0.017094,2.165592,0.798534,-0.964591
-1.206607,-0.007326,-0.007326,2.168644,0.798534,-0.862027
-1.206607,-0.007326,-0.007326,2.171696,0.769230,-0.735043
-1.206607,-0.021978,-0.007326,2.174366,0.725275,-0.593407
-1.206607,-0.007326,-0.012210,2.176656,0.637363,-0.471307
-1.206607,-0.007326,-0.017094,2.178182,0.534798,-0.363858
-1.206607,0.007328,-0.021978,2.178563,0.271063,-0.305250
-1.206607,-0.007326,-0.031746,2.177800,0.036631,-0.231990
-1.206607,-0.021978,-0.041514,2.176656,-0.109892,-0.163614
-1.206607,-0.021978,-0.046398,2.175129,-0.271065,-0.144078
-1.206607,-0.021978,-0.051282,2.172459,-0.520149,-0.183150
-1.206607,-0.021978,-0.061050,2.169407,-0.666668,-0.236875
-1.206607,-0.007326,-0.075702,2.165974,-0.725277,-0.295483
-1.206607,-0.021978,-0.080586,2.163304,-0.725277,-0.398046
-1.206607,-0.007326,-0.085470,2.160252,-0.710625,-0.510379
-1.206607,-0.021978,-0.090354,2.157963,-0.681320,-0.642246
-1.206607,-0.007326,-0.090354,2.156437,-0.520149,-0.769231
-1.206607,-0.007326,-0.085470,2.154911,-0.402931,-0.901099
-1.206607,-0.007326,-0.075702,2.154530,-0.271065,-0.984127
-1.206607,-0.021978,-0.070818,2.154911,-0.051285,-1.047619
-1.206607,-0.007326,-0.061050,2.156056,0.124542,-1.111111
-1.206607,-0.021978,-0.051282,2.157963,0.315018,-1.120879
-1.206607,0.007328,-0.041514,2.160633,0.549450,-1.081807
-1.206607,-0.007326,-0.031746,2.163304,0.637363,-1.057387
-1.206607,-0.007326,-0.021978,2.166355,0.710623,-0.974359
-1.206607,0.007328,-0.012210,2.170170,0.783882,-0.857142
-1.206607,-0.007326,-0.007326,2.173222,0.813187,-0.754579
-1.206607,-0.007326,-0.007326,2.175892,0.769230,-0.627595
-1.206607,-0.007326,-0.012210,2.178182,0.681318,-0.500610
-1.206607,-0.007326,-0.017094,2.179708,0.520147,-0.407814
-1.206607,0.007328,-0.021978,2.180089,0.285715,-0.319902
-1.206607,-0.007326,-0.026862,2.179326,0.051283,-0.241758
-1.206607,0.007328,-0.031746,2.178182,-0.168499,-0.188034
-1.206607,-0.007326,-0.041514,2.176274,-0.344324,-0.148962
-1.206607,-0.021978,-0.046398,2.173222,-0.490845,-0.168498
-1.206607,-0.036631,-0.056166,2.170170,-0.725277,-0.231990
-1.206607,-0.007326,-0.070818,2.165974,-0.827841,-0.290598
-1.206607,-0.021978,-0.075702,2.162922,-0.857145,-0.383394
-1.206607,-0.007326,-0.085470,2.159489,-0.842493,-0.490843
-1.206607,-0.007326,-0.090354,2.156819,-0.754581,-0.612943
-1.206607,-0.021978,-0.090354,2.154530,-0.637363,-0.749695
-1.206607,-0.007326,-0.090354,2.152241,-0.578756,-0.881563
-1.206607,-0.007326,-0.085470,2.151097,-0.432236,-0.974359
-1.206607,-0.007326,-0.080586,2.151478,-0.153849,-1.028083
-1.206607,-0.007326,-0.070818,2.152241,0.036631,-1.096459
-1.206607,-0.021978,-0.061050,2.153004,0.168499,-1.135531
-1.206607,0.007328,-0.051282,2.154911,0.315018,-1.106227
-1.206607,0.007328,-0.036630,2.157200,0.461538,-1.057387
-1.206607,0.007328,-0.026862,2.160633,0.652014,-0.959707
-1.206607,-0.021978,-0.021978,2.163304,0.739927,-0.876678
-1.206607,0.007328,-0.012210,2.165974,0.681318,-0.783883
-1.206607,0.007328,-0.012210,2.168263,0.652014,-0.642246
-1.206607,0.007328,-0.012210,2.170170,0.549450,-0.510379
-1.206607,-0.021978,-0.012210,2.171696,0.461538,-0.402930
-1.206607,-0.021978,-0.017094,2.172077,0.285715,-0.319902
-1.206607,-0.021978,-0.021978,2.171314,0.021978,-0.241758
-1.206607,0.007328,-0.026862,2.169789,-0.168499,-0.183150
-1.206607,-0.007326,-0.036630,2.168263,-0.300367,-0.139194
-1.206607,-0.021978,-0.041514,2.165592,-0.461540,-0.163614
-1.206607,-0.007326,-0.051282,2.162541,-0.666668,-0.231990
-1.206607,-0.007326,-0.061050,2.158345,-0.842493,-0.300366
-1.206607,-0.021978,-0.065934,2.154911,-0.871796,-0.383394
-1.206607,-0.007326,-0.075702,2.151860,-0.842493,-0.485958
-1.206607,-0.007326,-0.080586,2.148808,-0.754581,-0.608059
-1.206607,-0.007326,-0.085470,2.146900,-0.637363,-0.739926
-1.206607,-0.007326,-0.085470,2.144612,-0.564104,-0.881563
-1.206607,-0.007326,-0.085470,2.143467,-0.446888,-0.979243
-1.206607,-0.021978,-0.080586,2.143467,-0.168499,-1.028083
-1.206607,-0.007326,-0.070818,2.144612,0.051283,-1.091575
-1.206607,0.007328,-0.065934,2.145756,0.197802,-1.125763
-1.206607,-0.007326,-0.056166,2.147663,0.358974,-1.096459
-1.206607,-0.007326,-0.046398,2.150334,0.534798,-1.042735
-1.206607,0.007328,-0.036630,2.153767,0.695971,-0.964591
-1.206607,-0.007326,-0.021978,2.156437,0.739927,-0.876678
-1.206607,-0.021978,-0.017094,2.159489,0.739927,-0.754579
-1.206607,-0.007326,-0.012210,2.162159,0.681318,-0.637362
-1.206607,-0.021978,-0.007326,2.164067,0.593407,-0.520146
-1.206607,-0.007326,-0.012210,2.165592,0.476191,-0.393163
-1.206607,-0.007326,-0.017094,2.166355,0.344322,-0.285714
-1.206607,-0.007326,-0.021978,2.165974,0.139194,-0.222222
-1.206607,-0.021978,-0.026862,2.165592,-0.036633,-0.173382
-1.206607,-0.007326,-0.036630,2.163685,-0.227108,-0.158731
-1.206607,0.007328,-0.041514,2.161015,-0.461540,-0.183150
-1.206607,-0.021978,-0.051282,2.158345,-0.622713,-0.217339
-1.206607,-0.007326,-0.061050,2.155293,-0.666668,-0.285714
-1.206607,-0.007326,-0.070818,2.152241,-0.725277,-0.398046
-1.206607,-0.007326,-0.075702,2.148808,-0.754581,-0.515263
-1.206607,-0.021978,-0.085470,2.146519,-0.695972,-0.637362
-1.206607,-0.007326,-0.085470,2.143849,-0.652016,-0.783883
-1.206607,0.007328,-0.085470,2.142704,-0.490845,-0.876678
-1.206607,-0.007326,-0.085470,2.142704,-0.227108,-0.954823
-1.206607,0.007328,-0.080586,2.143467,-0.007328,-1.052503
-1.206607,-0.007326,-0.075702,2.144230,0.139194,-1.111111
-1.206607,-0.021978,-0.065934,2.146137,0.300365,-1.130647
-1.206607,-0.007326,-0.061050,2.148426,0.461538,-1.086691
-1.206607,0.007328,-0.046398,2.152241,0.725275,-1.003663
-1.206607,0.007328,-0.041514,2.156056,0.871796,-0.945055
-1.206607,-0.007326,-0.031746,2.159489,0.886446,-0.857142
-1.206607,-0.007326,-0.021978,2.162541,0.827839,-0.754579
-1.206607,-0.007326,-0.012210,2.165211,0.739927,-0.632479
-1.206607,-0.007326,-0.012210,2.167881,0.695971,-0.466422
-1.206607,-0.007326,-0.012210,2.170170,0.637363,-0.349206
-1.206607,-0.021978,-0.017094,2.171314,0.446886,-0.285714
-1.206607,-0.007326,-0.021978,2.170552,0.139194,-0.241758
-1.206607,-0.007326,-0.026862,2.169789,-0.065935,-0.178267
-1.206607,-0.007326,-0.031746,2.168644,-0.168499,-0.144078
-1.206607,-0.021978,-0.036630,2.167118,-0.315020,-0.163614
-1.206607,-0.021978,-0.046398,2.164448,-0.476192,-0.241758
-1.206607,-0.007326,-0.056166,2.161396,-0.637363,-0.339438
-1.206607,0.007328,-0.065934,2.157963,-0.739929,-0.432235
-1.206607,-0.021978,-0.070818,2.156056,-0.637363,-0.529915
-1.206607,-0.007326,-0.080586,2.153767,-0.564104,-0.666667
-1.206607,-0.021978,-0.085470,2.152241,-0.476192,-0.808303
-1.206607,-0.021978,-0.085470,2.150715,-0.417583,-0.920635
-1.206607,-0.007326,-0.080586,2.151097,-0.153849,-0.993895
-1.206607,-0.007326,-0.075702,2.151860,0.036631,-1.072039
-1.206607,0.007328,-0.070818,2.153004,0.197802,-1.120879
-1.206607,-0.007326,-0.061050,2.154911,0.329670,-1.115995
-1.206607,0.007328,-0.051282,2.157582,0.520147,-1.081807
-1.206607,0.007328,-0.046398,2.161015,0.754580,-0.998779
-1.206607,-0.007326,-0.036630,2.164829,0.813187,-0.930403
-1.206607,-0.021978,-0.031746,2.167881,0.842491,-0.822955
-1.206607,0.007328,-0.021978,2.170933,0.798534,-0.700854
-1.206607,0.007328,-0.017094,2.173222,0.710623,-0.573871
-1.206607,-0.007326,-0.012210,2.175511,0.637363,-0.437119
-1.206607,-0.007326,-0.017094,2.177037,0.476191,-0.329670
-1.206607,-0.007326,-0.017094,2.177800,0.300365,-0.251526
-1.206607,-0.021978,-0.021978,2.177037,0.080585,-0.202686
-1.206607,-0.007326,-0.031746,2.176274,-0.124544,-0.163614
-1.206607,-0.036631,-0.036630,2.174366,-0.285717,-0.168498
-1.206607,0.007328,-0.041514,2.171696,-0.490845,-0.207570
-1.206607,-0.021978,-0.046398,2.168644,-0.622713,-0.261294
-1.206607,-0.021978,-0.056166,2.165974,-0.666668,-0.349206
-1.206607,-0.007326,-0.065934,2.163304,-0.666668,-0.476191
-1.206607,-0.021978,-0.070818,2.160252,-0.695972,-0.608059
-1.206607,-0.021978,-0.080586,2.157963,-0.666668,-0.735043
-1.206607,-0.021978,-0.085470,2.156819,-0.476192,-0.842491
-1.206607,-0.021978,-0.085470,2.156056,-0.285717,-0.954823
-1.206607,-0.007326,-0.080586,2.156056,-0.109892,-1.042735
-1.206607,-0.007326,-0.075702,2.156819,0.051283,-1.096459
-1.206607,-0.007326,-0.070818,2.158726,0.285715,-1.101343
-1.206607,-0.007326,-0.061050,2.161396,0.505495,-1.086691
-1.206607,0.007328,-0.056166,2.164448,0.637363,-1.047619
-1.206607,-0.007326,-0.046398,2.167881,0.783882,-0.964591
-1.206607,-0.007326,-0.036630,2.171314,0.827839,-0.871795
-1.206607,-0.007326,-0.031746,2.174748,0.827839,-0.759462
-1.206607,0.021980,-0.021978,2.177800,0.798534,-0.627595
-1.206607,-0.021978,-0.017094,2.180471,0.739927,-0.510379
-1.206607,-0.007326,-0.017094,2.181997,0.593407,-0.398046
-1.206607,-0.007326,-0.017094,2.182760,0.358974,-0.310134
-1.206607,-0.007326,-0.017094,2.182378,0.109890,-0.241758
-1.206607,-0.007326,-0.021978,2.181234,-0.109892,-0.188034
-1.206607,-0.007326,-0.026862,2.179326,-0.271065,-0.163614
-1.206607,0.007328,-0.036630,2.177037,-0.476192,-0.188034
-1.206607,-0.007326,-0.041514,2.173603,-0.652016,-0.236875
-1.206607,-0.007326,-0.046398,2.169789,-0.813189,-0.334555
-1.206607,-0.007326,-0.056166,2.166355,-0.871796,-0.417583
-1.206607,-0.021978,-0.065934,2.162922,-0.857145,-0.539682
-1.206607,-0.021978,-0.075702,2.159870,-0.798536,-0.666667
-1.206607,-0.007326,-0.080586,2.157582,-0.710625,-0.793651
-1.206607,-0.021978,-0.085470,2.156056,-0.520149,-0.910867
-1.206607,-0.007326,-0.080586,2.154911,-0.358976,-1.013431
-1.206607,0.007328,-0.075702,2.154911,-0.153849,-1.062271
-1.206607,-0.021978,-0.070818,2.155674,0.051283,-1.106227
-1.206607,-0.007326,-0.061050,2.157200,0.212454,-1.115995
-1.206607,-0.007326,-0.056166,2.159870,0.446886,-1.052503
-1.206607,-0.007326,-0.046398,2.162541,0.578754,-1.003663
-1.206607,0.007328,-0.036630,2.165211,0.652014,-0.930403
-1.206607,-0.007326,-0.031746,2.168263,0.710623,-0.798534
-1.206607,-0.007326,-0.021978,2.170933,0.725275,-0.671551
-1.206607,0.007328,-0.017094,2.173222,0.652014,-0.554335
-1.206607,0.007328,-0.017094,2.175129,0.549450,-0.427350
-1.206607,-0.007326,-0.017094,2.175511,0.358974,-0.334555
-1.206607,-0.007326,-0.021978,2.175511,0.124542,-0.251526
-1.206607,0.007328,-0.021978,2.174748,-0.036633,-0.188034
-1.206607,-0.007326,-0.031746,2.173222,-0.256413,-0.158731
-1.206607,-0.021978,-0.036630,2.170933,-0.358976,-0.173382
-1.206607,-0.007326,-0.041514,2.167881,-0.608061,-0.217339
-1.206607,0.007328,-0.046398,2.164829,-0.739929,-0.290598
-1.206607,-0.007326,-0.056166,2.161015,-0.813189,-0.388278
-1.206607,0.007328,-0.061050,2.157582,-0.871796,-0.500610
-1.206607,-0.021978,-0.070818,2.154911,-0.754581,-0.627595
-1.206607,-0.007326,-0.075702,2.152241,-0.725277,-0.764347
-1.206607,-0.007326,-0.080586,2.149952,-0.622713,-0.881563
-1.206607,-0.021978,-0.080586,2.149571,-0.329672,-0.959707
-1.206607,0.007328,-0.075702,2.149571,-0.124544,-1.047619
-1.206607,-0.007326,-0.070818,2.150715,0.080585,-1.091575
-1.206607,0.007328,-0.065934,2.152241,0.256411,-1.111111
-1.206607,0.007328,-0.061050,2.154148,0.358974,-1.096459
-1.206607,-0.007326,-0.051282,2.157200,0.564102,-1.013431
-1.206607,0.007328,-0.046398,2.161015,0.813187,-0.905983
-1.206607,0.007328,-0.041514,2.164448,0.857143,-0.837606
-1.206607,0.007328,-0.031746,2.167500,0.798534,-0.725275
-1.206607,-0.021978,-0.026862,2.170170,0.725275,-0.593407
-1.206607,-0.007326,-0.021978,2.172077,0.593407,-0.471307
-1.206607,-0.007326,-0.021978,2.173603,0.461538,-0.344322
-1.206607,-0.021978,-0.021978,2.174748,0.373627,-0.241758
-1.206607,-0.007326,-0.021978,2.174366,0.139194,-0.202686
-1.206607,-0.007326,-0.026862,2.173222,-0.095240,-0.168498
-1.206607,-0.007326,-0.031746,2.171696,-0.241760,-0.163614
-1.206607,-0.007326,-0.041514,2.169026,-0.461540,-0.207570
-1.206607,-0.007326,-0.046398,2.166355,-0.564104,-0.261294
-1.206607,-0.021978,-0.051282,2.163685,-0.652016,-0.368742
-1.206607,-0.007326,-0.061050,2.160252,-0.725277,-0.490843
-1.206607,-0.007326,-0.065934,2.157582,-0.725277,-0.608059
-1.206607,-0.021978,-0.070818,2.155674,-0.593409,-0.735043
-1.206607,-0.021978,-0.075702,2.153767,-0.520149,-0.866911
-1.206607,-0.007326,-0.075702,2.153004,-0.373629,-0.969475
-1.206607,0.007328,-0.070818,2.152622,-0.197803,-1.042735
-1.206607,-0.007326,-0.065934,2.153004,0.007326,-1.101343
-1.206607,-0.007326,-0.061050,2.154530,0.168499,-1.111111
-1.206607,-0.007326,-0.056166,2.156819,0.388279,-1.091575
-1.206607,0.007328,-0.051282,2.159489,0.564102,-1.032967
-1.206607,0.007328,-0.041514,2.162159,0.652014,-0.959707
-1.206607,-0.007326,-0.036630,2.164829,0.652014,-0.866911
-1.206607,-0.007326,-0.031746,2.167881,0.710623,-0.715507
-1.206607,-0.007326,-0.026862,2.170552,0.695971,-0.583638
-1.206607,-0.007326,-0.021978,2.172459,0.608059,-0.476191
-1.206607,-0.007326,-0.021978,2.173603,0.446886,-0.358974
-1.206607,-0.007326,-0.026862,2.174366,0.300365,-0.266178
-1.206607,-0.007326,-0.026862,2.173603,0.080585,-0.207570
-1.206607,0.007328,-0.031746,2.172840,-0.109892,-0.163614
-1.206607,0.007328,-0.036630,2.171314,-0.256413,-0.168498
-1.206607,-0.007326,-0.041514,2.168644,-0.461540,-0.197803
-1.206607,-0.007326,-0.041514,2.165592,-0.608061,-0.256411
-1.206607,-0.021978,-0.051282,2.162922,-0.681320,-0.363858
-1.206607,-0.007326,-0.056166,2.159489,-0.754581,-0.476191
-1.206607,-0.021978,-0.061050,2.156819,-0.710625,-0.598290
-1.206607,-0.007326,-0.070818,2.154530,-0.622713,-0.739926
-1.206607,-0.007326,-0.070818,2.152622,-0.564104,-0.871795
-1.206607,-0.007326,-0.075702,2.151097,-0.446888,-0.964591
-1.206607,-0.007326,-0.075702,2.151478,-0.183151,-1.023199
-1.206607,0.007328,-0.070818,2.151860,0.007326,-1.096459
-1.206607,0.007328,-0.065934,2.153004,0.153847,-1.125763
-1.206607,-0.007326,-0.056166,2.154530,0.300365,-1.096459
-1.206607,-0.007326,-0.056166,2.157200,0.490843,-1.042735
-1.206607,-0.007326,-0.046398,2.160252,0.652014,-0.935287
-1.206607,-0.007326,-0.041514,2.163304,0.725275,-0.842491
-1.206607,0.007328,-0.031746,2.165974,0.695971,-0.739926
-1.206607,-0.007326,-0.026862,2.168263,0.622711,-0.598290
-1.206607,-0.007326,-0.026862,2.170170,0.534798,-0.456655
-1.206607,-0.007326,-0.026862,2.171314,0.446886,-0.339438
-1.206607,0.007328,-0.026862,2.171696,0.256411,-0.271062
-1.206607,0.007328,-0.026862,2.170933,0.021978,-0.212454
-1.206607,-0.007326,-0.031746,2.169789,-0.139196,-0.163614
-1.206607,-0.007326,-0.036630,2.168263,-0.271065,-0.144078
-1.206607,-0.007326,-0.041514,2.165974,-0.417583,-0.192918
-1.206607,-0.007326,-0.046398,2.162922,-0.608061,-0.290598
-1.206607,-0.007326,-0.051282,2.159489,-0.769232,-0.383394
-1.206607,-0.007326,-0.056166,2.156437,-0.769232,-0.481074
-1.206607,-0.007326,-0.061050,2.153767,-0.710625,-0.603174
-1.206607,-0.007326,-0.065934,2.151097,-0.652016,-0.744811
-1.206607,-0.007326,-0.070818,2.149952,-0.505497,-0.862027
-1.206607,-0.007326,-0.070818,2.149189,-0.315020,-0.969475
-1.206607,-0.007326,-0.070818,2.148808,-0.153849,-1.057387
-1.206607,-0.007326,-0.065934,2.149952,0.051283,-1.096459
-1.206607,-0.007326,-0.061050,2.151478,0.256411,-1.091575
-1.206607,-0.007326,-0.056166,2.153767,0.432234,-1.086691
-1.206607,-0.007326,-0.051282,2.156819,0.593407,-1.013431
-1.206607,-0.007326,-0.046398,2.160633,0.783882,-0.910867
-1.206607,-0.007326,-0.036630,2.163685,0.827839,-0.827839
-1.206607,-0.007326,-0.031746,2.166737,0.783882,-0.710623
-1.206607,-0.007326,-0.026862,2.169407,0.754580,-0.568987
-1.206607,-0.007326,-0.026862,2.171696,0.652014,-0.451771
-1.206607,-0.007326,-0.021978,2.172840,0.461538,-0.349206
-1.206607,0.007328,-0.026862,2.173985,0.344322,-0.236875
-1.206607,-0.007326,-0.026862,2.173985,0.153847,-0.188034
-1.206607,-0.007326,-0.031746,2.172840,-0.036633,-0.163614
-1.206607,-0.007326,-0.041514,2.171314,-0.197803,-0.173382
-1.206607,0.007328,-0.046398,2.169026,-0.432236,-0.222222
-1.206607,-0.007326,-0.046398,2.166737,-0.534800,-0.280830
-1.206607,-0.021978,-0.056166,2.164067,-0.578756,-0.388278
-1.206607,-0.007326,-0.061050,2.161396,-0.637363,-0.525030
-1.206607,-0.021978,-0.065934,2.158726,-0.652016,-0.652015
-1.206607,-0.007326,-0.070818,2.157200,-0.520149,-0.769231
-1.206607,-0.021978,-0.070818,2.156056,-0.344324,-0.896214
-1.206607,0.007328,-0.070818,2.155674,-0.256413,-1.008547
-1.206607,-0.007326,-0.070818,2.155674,-0.080587,-1.072039
-1.206607,-0.007326,-0.065934,2.156819,0.095238,-1.115995
-1.206607,0.007328,-0.061050,2.158726,0.329670,-1.091575
-1.206607,-0.007326,-0.056166,2.161396,0.564102,-1.057387
-1.206607,0.007328,-0.051282,2.164448,0.652014,-1.013431
-1.206607,-0.007326,-0.041514,2.167500,0.710623,-0.915751
-1.206607,0.007328,-0.036630,2.170552,0.754580,-0.793651
-1.206607,-0.007326,-0.031746,2.173603,0.754580,-0.666667
-1.206607,-0.021978,-0.031746,2.176274,0.725275,-0.529915
-1.206607,0.007328,-0.026862,2.178182,0.608059,-0.402930
-1.206607,-0.007326,-0.026862,2.179326,0.432234,-0.324786
-1.206607,-0.007326,-0.026862,2.178945,0.183149,-0.251526
-1.206607,-0.007326,-0.031746,2.178182,-0.036633,-0.192918
-1.206607,0.007328,-0.036630,2.177037,-0.168499,-0.153846
-1.206607,-0.007326,-0.041514,2.175511,-0.315020,-0.163614
-1.206607,-0.007326,-0.046398,2.172459,-0.534800,-0.246642
-1.206607,0.007328,-0.051282,2.169407,-0.681320,-0.339438
-1.206607,-0.021978,-0.056166,2.165974,-0.739929,-0.432235
-1.206607,-0.007326,-0.061050,2.163304,-0.695972,-0.554335
-1.206607,-0.021978,-0.065934,2.161015,-0.652016,-0.686203
-1.206607,-0.007326,-0.070818,2.159107,-0.549452,-0.822955
-1.206607,0.007328,-0.070818,2.157963,-0.432236,-0.930403
-1.206607,-0.007326,-0.070818,2.157963,-0.183151,-1.013431
-1.206607,0.007328,-0.065934,2.158345,0.021978,-1.081807
-1.206607,-0.007326,-0.061050,2.159870,0.197802,-1.111111
-1.206607,-0.007326,-0.056166,2.161396,0.315018,-1.111111
-1.206607,-0.007326,-0.046398,2.164067,0.505495,-1.047619
-1.206607,0.007328,-0.041514,2.167500,0.710623,-0.945055
-1.206607,0.007328,-0.036630,2.171314,0.827839,-0.852259
-1.206607,-0.007326,-0.031746,2.174366,0.783882,-0.754579
-1.206607,-0.007326,-0.026862,2.176656,0.695971,-0.632479
-1.206607,-0.007326,-0.021978,2.178945,0.608059,-0.485958
-1.206607,-0.007326,-0.021978,2.180471,0.520147,-0.368742
-1.206607,-0.007326,-0.026862,2.181234,0.373627,-0.266178
-1.206607,-0.021978,-0.026862,2.181234,0.153847,-0.212454
-1.206607,-0.021978,-0.036630,2.180089,-0.080587,-0.183150
-1.206607,-0.007326,-0.041514,2.178182,-0.271065,-0.178267
-1.206607,-0.007326,-0.046398,2.175892,-0.446888,-0.192918
-1.206607,-0.007326,-0.051282,2.173222,-0.578756,-0.266178
-1.206607,-0.007326,-0.056166,2.170170,-0.681320,-0.378510
-1.206607,-0.007326,-0.061050,2.167118,-0.739929,-0.485958
-1.206607,-0.007326,-0.065934,2.164448,-0.695972,-0.622710
-1.206607,0.007328,-0.070818,2.162159,-0.622713,-0.759462
-1.206607,-0.021978,-0.070818,2.160252,-0.549452,-0.871795
-1.206607,-0.007326,-0.070818,2.159107,-0.373629,-0.974359
-1.206607,-0.021978,-0.065934,2.159107,-0.168499,-1.047619
-1.206607,0.007328,-0.065934,2.159870,0.021978,-1.106227
-1.206607,-0.007326,-0.061050,2.161015,0.168499,-1.120879
-1.206607,-0.007326,-0.056166,2.162922,0.344322,-1.076923
-1.206607,0.007328,-0.046398,2.165592,0.505495,-1.018315
-1.206607,-0.007326,-0.041514,2.168263,0.652014,-0.910867
-1.206607,-0.007326,-0.036630,2.170933,0.695971,-0.798534
-1.206607,-0.007326,-0.031746,2.173603,0.622711,-0.691087
-1.206607,-0.007326,-0.026862,2.175511,0.564102,-0.549451
-1.206607,-0.007326,-0.026862,2.176656,0.402931,-0.417583
-1.206607,-0.007326,-0.026862,2.178182,0.373627,-0.290598
-1.206607,-0.021978,-0.031746,2.178182,0.197802,-0.227106
-1.206607,-0.007326,-0.031746,2.177419,-0.007328,-0.183150
-1.206607,-0.007326,-0.036630,2.175892,-0.212456,-0.153846
-1.206607,-0.007326,-0.041514,2.173603,-0.373629,-0.188034
-1.206607,-0.021978,-0.046398,2.170933,-0.564104,-0.241758
-1.206607,-0.007326,-0.051282,2.167881,-0.652016,-0.305250
-1.206607,-0.007326,-0.056166,2.165211,-0.666668,-0.422466
-1.206607,-0.007326,-0.061050,2.162922,-0.652016,-0.564102
-1.206607,-0.021978,-0.065934,2.160252,-0.652016,-0.705739
-1.206607,-0.007326,-0.070818,2.158345,-0.608061,-0.837606
-1.206607,-0.007326,-0.070818,2.157582,-0.344324,-0.925519
-1.206607,-0.021978,-0.065934,2.157963,-0.124544,-1.013431
-1.206607,-0.007326,-0.061050,2.158726,0.051283,-1.086691
-1.206607,-0.007326,-0.056166,2.159870,0.227106,-1.120879
-1.206607,-0.007326,-0.051282,2.161778,0.344322,-1.106227
-1.206607,-0.007326,-0.046398,2.164448,0.534798,-1.032967
-1.206607,0.007328,-0.041514,2.168263,0.754580,-0.930403
-1.206607,0.007328,-0.036630,2.171696,0.827839,-0.842491
-1.206607,0.007328,-0.031746,2.174366,0.769230,-0.739926
-1.206607,0.007328,-0.026862,2.176656,0.666666,-0.612943
-1.206607,-0.007326,-0.026862,2.178945,0.578754,-0.456655
-1.206607,-0.007326,-0.021978,2.180471,0.476191,-0.344322
-1.206607,-0.021978,-0.026862,2.181234,0.344322,-0.246642
-1.206607,-0.007326,-0.031746,2.180852,0.124542,-0.202686
-1.206607,-0.007326,-0.036630,2.179708,-0.109892,-0.183150
-1.206607,0.007328,-0.041514,2.177800,-0.344324,-0.183150
-1.206607,-0.007326,-0.046398,2.175511,-0.446888,-0.202686
-1.206607,-0.021978,-0.056166,2.172459,-0.608061,-0.290598
-1.206607,-0.007326,-0.061050,2.169789,-0.666668,-0.412699
-1.206607,-0.007326,-0.065934,2.166737,-0.681320,-0.520146
-1.206607,-0.007326,-0.065934,2.164448,-0.652016,-0.661782
-1.206607,-0.021978,-0.070818,2.162159,-0.549452,-0.798534
-1.206607,-0.007326,-0.070818,2.160633,-0.476192,-0.905983
-1.206607,-0.007326,-0.070818,2.160252,-0.271065,-1.003663
-1.206607,0.021980,-0.065934,2.160633,-0.080587,-1.076923
-1.206607,-0.007326,-0.061050,2.161396,0.065933,-1.111111
-1.206607,-0.007326,-0.056166,2.162922,0.271063,-1.106227
-1.206607,-0.007326,-0.051282,2.165211,0.417582,-1.072039
-1.206607,-0.007326,-0.041514,2.167881,0.593407,-0.974359
-1.206607,-0.007326,-0.036630,2.170552,0.637363,-0.871795
-1.206607,-0.007326,-0.031746,2.173222,0.652014,-0.764347
-1.206607,-0.007326,-0.026862,2.175511,0.622711,-0.622710
-1.206607,0.007328,-0.026862,2.177419,0.534798,-0.485958
-1.206607,-0.007326,-0.026862,2.178563,0.446886,-0.358974
-1.206607,0.007328,-0.026862,2.178945,0.256411,-0.280830
-1.206607,-0.007326,-0.026862,2.178182,0.021978,-0.217339
-1.206607,-0.007326,-0.031746,2.177419,-0.139196,-0.163614
-1.206607,0.007328,-0.036630,2.175511,-0.285717,-0.148962
-1.206607,-0.007326,-0.041514,2.172840,-0.490845,-0.207570
-1.206607,-0.007326,-0.046398,2.169789,-0.637363,-0.290598
-1.206607,-0.007326,-0.056166,2.166737,-0.710625,-0.373627
-1.206607,-0.007326,-0.061050,2.164067,-0.710625,-0.495727
-1.206607,0.007328,-0.065934,2.161396,-0.695972,-0.632479
-1.206607,-0.007326,-0.070818,2.159107,-0.622713,-0.769231
-1.206607,0.007328,-0.070818,2.157582,-0.476192,-0.886447
-1.206607,-0.007326,-0.065934,2.157200,-0.256413,-0.984127
-1.206607,-0.007326,-0.065934,2.157582,-0.065935,-1.062271
-1.206607,-0.007326,-0.061050,2.158726,0.139194,-1.101343
-1.206607,-0.007326,-0.056166,2.160633,0.315018,-1.111111
-1.206607,-0.007326,-0.046398,2.162922,0.432234,-1.067155
-1.206607,0.007328,-0.041514,2.165974,0.622711,-0.979243
-1.206607,-0.007326,-0.036630,2.169407,0.783882,-0.866911
-1.206607,0.007328,-0.031746,2.172459,0.783882,-0.774115
-1.206607,-0.007326,-0.026862,2.175129,0.725275,-0.652015
-1.206607,0.007328,-0.026862,2.177037,0.608059,-0.515263
-1.206607,-0.007326,-0.021978,2.178563,0.505495,-0.373627
-1.206607,-0.007326,-0.021978,2.179708,0.373627,-0.280830
-1.206607,-0.007326,-0.026862,2.179326,0.153847,-0.217339
-1.206607,-0.007326,-0.036630,2.178182,-0.095240,-0.183150
-1.206607,-0.007326,-0.041514,2.176656,-0.256413,-0.163614
-1.206607,-0.021978,-0.046398,2.174748,-0.373629,-0.183150
-1.206607,-0.007326,-0.051282,2.171696,-0.549452,-0.280830
-1.206607,-0.007326,-0.061050,2.168644,-0.681320,-0.383394
-1.206607,-0.007326,-0.065934,2.165592,-0.739929,-0.495727
-1.206607,-0.021978,-0.065934,2.163304,-0.666668,-0.627595
-1.206607,-0.007326,-0.070818,2.161015,-0.578756,-0.764347
-1.206607,0.007328,-0.070818,2.159870,-0.461540,-0.886447
-1.206607,-0.007326,-0.070818,2.158726,-0.344324,-0.989011
-1.206607,0.007328,-0.065934,2.159107,-0.095240,-1.057387
-1.206607,-0.007326,-0.061050,2.160252,0.095238,-1.111111
-1.206607,-0.007326,-0.051282,2.161396,0.197802,-1.115995
-1.206607,-0.021978,-0.051282,2.163304,0.402931,-1.067155
-1.206607,-0.007326,-0.046398,2.165974,0.534798,-0.993895
-1.206607,-0.007326,-0.041514,2.169026,0.666666,-0.876678
-1.206607,-0.007326,-0.036630,2.171696,0.681318,-0.764347
-1.206607,-0.021978,-0.031746,2.173603,0.608059,-0.647131
-1.206607,0.007328,-0.026862,2.175511,0.534798,-0.505494
-1.206607,-0.021978,-0.026862,2.177037,0.402931,-0.373627
-1.206607,-0.007326,-0.026862,2.177800,0.315018,-0.256411
-1.206607,-0.007326,-0.031746,2.177800,0.153847,-0.202686
-1.206607,-0.021978,-0.036630,2.177037,-0.065935,-0.168498
-1.206607,0.007328,-0.041514,2.175129,-0.241760,-0.163614
-1.206607,-0.007326,-0.046398,2.172840,-0.461540,-0.212454
-1.206607,-0.021978,-0.051282,2.170170,-0.564104,-0.280830
-1.206607,0.007328,-0.056166,2.167500,-0.622713,-0.358974
-1.206607,-0.007326,-0.061050,2.165211,-0.622713,-0.490843
-1.206607,-0.007326,-0.065934,2.162922,-0.593409,-0.647131
-1.206607,-0.007326,-0.070818,2.160633,-0.564104,-0.783883
-1.206607,-0.007326,-0.070818,2.159107,-0.461540,-0.905983
-1.206607,-0.007326,-0.065934,2.158726,-0.271065,-0.984127
-1.206607,-0.007326,-0.065934,2.159489,-0.021980,-1.062271
-1.206607,-0.007326,-0.061050,2.160252,0.124542,-1.115995
-1.206607,-0.007326,-0.056166,2.161778,0.241758,-1.115995
-1.206607,-0.007326,-0.051282,2.164067,0.417582,-1.067155
-1.206607,-0.007326,-0.046398,2.166737,0.564102,-0.974359
-1.206607,-0.007326,-0.036630,2.169789,0.681318,-0.862027
-1.206607,-0.021978,-0.036630,2.172459,0.695971,-0.764347
-1.206607,0.007328,-0.026862,2.174748,0.608059,-0.632479
-1.206607,-0.007326,-0.026862,2.176274,0.505495,-0.490843
-1.206607,-0.007326,-0.021978,2.177800,0.446886,-0.349206
-1.206607,-0.021978,-0.026862,2.178563,0.329670,-0.261294
-1.206607,0.007328,-0.026862,2.178182,0.080585,-0.212454
-1.206607,-0.007326,-0.036630,2.177037,-0.109892,-0.168498
-1.206607,-0.007326,-0.036630,2.175511,-0.271065,-0.163614
-1.206607,-0.007326,-0.046398,2.172840,-0.461540,-0.217339
-1.206607,-0.007326,-0.051282,2.170170,-0.593409,-0.300366
-1.206607,-0.021978,-0.056166,2.167500,-0.652016,-0.388278
-1.206607,-0.007326,-0.061050,2.164829,-0.652016,-0.520146
-1.206607,-0.007326,-0.065934,2.162541,-0.608061,-0.666667
-1.206607,-0.021978,-0.070818,2.160252,-0.564104,-0.803419
-1.206607,0.007328,-0.070818,2.159107,-0.446888,-0.925519
-1.206607,-0.007326,-0.070818,2.158726,-0.256413,-1.003663
-1.206607,-0.007326,-0.065934,2.159489,-0.021980,-1.072039
-1.206607,-0.007326,-0.061050,2.160252,0.139194,-1.120879
-1.206607,-0.007326,-0.056166,2.161778,0.256411,-1.106227
-1.206607,-0.007326,-0.046398,2.164067,0.432234,-1.047619
-1.206607,-0.021978,-0.041514,2.167118,0.593407,-0.949939
-1.206607,-0.021978,-0.036630,2.169789,0.695971,-0.837606
-1.206607,-0.007326,-0.031746,2.172459,0.681318,-0.735043
-1.206607,-0.007326,-0.031746,2.174366,0.578754,-0.598290
-1.206607,-0.007326,-0.026862,2.175892,0.490843,-0.461538
-1.206607,-0.007326,-0.026862,2.177419,0.373627,-0.324786
-1.206607,-0.007326,-0.026862,2.178182,0.300365,-0.231990
-1.206607,-0.007326,-0.031746,2.177419,0.080585,-0.192918
-1.206607,-0.007326,-0.036630,2.176656,-0.124544,-0.163614
-1.206607,-0.007326,-0.041514,2.174748,-0.285717,-0.178267
-1.206607,-0.021978,-0.046398,2.172459,-0.461540,-0.236875
-1.206607,-0.007326,-0.051282,2.169407,-0.578756,-0.319902
-1.206607,-0.007326,-0.056166,2.167118,-0.593409,-0.417583
-1.206607,-0.007326,-0.061050,2.164829,-0.593409,-0.559218
-1.206607,0.007328,-0.065934,2.162922,-0.534800,-0.715507
-1.206607,-0.007326,-0.065934,2.161015,-0.520149,-0.842491
-1.206607,-0.021978,-0.065934,2.159870,-0.373629,-0.949939
-1.206607,-0.007326,-0.065934,2.159870,-0.183151,-1.032967
-1.206607,-0.007326,-0.061050,2.160633,0.021978,-1.091575
-1.206607,-0.007326,-0.056166,2.161778,0.168499,-1.111111
-1.206607,-0.007326,-0.051282,2.163685,0.344322,-1.096459
-1.206607,0.007328,-0.046398,2.165974,0.476191,-1.032967
-1.206607,-0.007326,-0.041514,2.168644,0.622711,-0.920635
-1.206607,-0.007326,-0.036630,2.171696,0.652014,-0.808303
-1.206607,0.007328,-0.031746,2.173985,0.622711,-0.686203
-1.206607,-0.021978,-0.031746,2.175892,0.564102,-0.544566
-1.206607,-0.007326,-0.026862,2.177419,0.476191,-0.407814
-1.206607,-0.007326,-0.026862,2.178182,0.358974,-0.290598
-1.206607,-0.007326,-0.031746,2.178182,0.168499,-0.231990
-1.206607,0.007328,-0.031746,2.177419,-0.036633,-0.178267
-1.206607,0.007328,-0.036630,2.176274,-0.168499,-0.153846
-1.206607,-0.007326,-0.041514,2.173985,-0.344324,-0.192918
-1.206607,-0.007326,-0.046398,2.171314,-0.520149,-0.271062
-1.206607,-0.007326,-0.051282,2.168644,-0.622713,-0.354091
-1.206607,-0.007326,-0.056166,2.165974,-0.637363,-0.471307
-1.206607,-0.007326,-0.061050,2.163685,-0.578756,-0.612943
-1.206607,-0.021978,-0.065934,2.161778,-0.549452,-0.764347
-1.206607,0.007328,-0.065934,2.160252,-0.461540,-0.886447
-1.206607,0.007328,-0.065934,2.159489,-0.329672,-0.993895
-1.206607,-0.007326,-0.061050,2.159489,-0.124544,-1.057387
-1.206607,0.007328,-0.061050,2.160633,0.065933,-1.106227
-1.206607,-0.007326,-0.056166,2.161778,0.227106,-1.111111
-1.206607,-0.007326,-0.051282,2.163685,0.388279,-1.072039
-1.206607,-0.021978,-0.046398,2.165974,0.505495,-0.989011
-1.206607,-0.007326,-0.036630,2.169026,0.622711,-0.871795
-1.206607,-0.007326,-0.036630,2.171696,0.652014,-0.754579
-1.206607,-0.007326,-0.026862,2.173603,0.564102,-0.627595
-1.206607,0.007328,-0.026862,2.175511,0.520147,-0.481074
-1.206607,-0.007326,-0.026862,2.176274,0.344322,-0.358974
-1.206607,-0.021978,-0.026862,2.177037,0.256411,-0.246642
-1.206607,-0.007326,-0.031746,2.177037,0.124542,-0.183150
-1.206607,-0.007326,-0.036630,2.175892,-0.080587,-0.163614
-1.206607,-0.007326,-0.041514,2.173603,-0.285717,-0.183150
-1.206607,-0.007326,-0.046398,2.171314,-0.461540,-0.231990
-1.206607,-0.021978,-0.051282,2.168644,-0.578756,-0.300366
-1.206607,-0.007326,-0.061050,2.166355,-0.593409,-0.402930
-1.206607,-0.007326,-0.061050,2.164067,-0.564104,-0.539682
-1.206607,0.007328,-0.065934,2.161778,-0.564104,-0.705739
-1.206607,-0.007326,-0.065934,2.159489,-0.549452,-0.837606
-1.206607,-0.007326,-0.065934,2.158345,-0.417583,-0.940171
-1.206607,0.007328,-0.065934,2.158726,-0.139196,-1.013431
-1.206607,-0.007326,-0.061050,2.159870,0.051283,-1.086691
-1.206607,-0.007326,-0.056166,2.160633,0.168499,-1.125763
-1.206607,0.007328,-0.051282,2.162159,0.315018,-1.096459
-1.206607,-0.007326,-0.046398,2.164448,0.446886,-1.032967
-1.206607,-0.007326,-0.041514,2.167500,0.622711,-0.910867
-1.206607,-0.007326,-0.036630,2.170552,0.710623,-0.798534
-1.206607,-0.007326,-0.031746,2.172840,0.652014,-0.700854
-1.206607,-0.007326,-0.026862,2.174748,0.534798,-0.554335
-1.206607,0.007328,-0.026862,2.175892,0.402931,-0.412699
-1.206607,-0.007326,-0.026862,2.176656,0.315018,-0.285714
-1.206607,0.007328,-0.031746,2.177419,0.227106,-0.197803
-1.206607,-0.021978,-0.031746,2.177037,0.036631,-0.173382
-1.206607,0.021980,-0.036630,2.175511,-0.183151,-0.168498
-1.206607,-0.007326,-0.046398,2.173222,-0.402931,-0.207570
-1.206607,-0.007326,-0.051282,2.170552,-0.534800,-0.275947
-1.206607,-0.007326,-0.056166,2.168263,-0.578756,-0.354091
-1.206607,-0.021978,-0.061050,2.165974,-0.578756,-0.481074
-1.206607,-0.007326,-0.065934,2.164067,-0.520149,-0.632479
-1.206607,0.007328,-0.070818,2.161778,-0.505497,-0.793651
-1.206607,-0.007326,-0.070818,2.160633,-0.432236,-0.905983
-1.206607,-0.007326,-0.065934,2.160252,-0.241760,-0.998779
-1.206607,-0.021978,-0.061050,2.160633,-0.051285,-1.072039
-1.206607,-0.007326,-0.056166,2.161778,0.124542,-1.106227
-1.206607,-0.021978,-0.051282,2.163304,0.315018,-1.111111
-1.206607,-0.007326,-0.046398,2.165592,0.402931,-1.067155
-1.206607,-0.007326,-0.041514,2.167881,0.564102,-0.959707
-1.206607,-0.007326,-0.036630,2.170933,0.622711,-0.847375
-1.206607,0.007328,-0.031746,2.173222,0.652014,-0.735043
-1.206607,-0.021978,-0.026862,2.175511,0.593407,-0.588523
-1.206607,0.007328,-0.026862,2.176656,0.446886,-0.456655
-1.206607,-0.007326,-0.026862,2.178182,0.402931,-0.319902
-1.206607,-0.007326,-0.026862,2.178182,0.227106,-0.241758
-1.206607,-0.007326,-0.036630,2.177800,0.021978,-0.192918
-1.206607,-0.021978,-0.036630,2.176656,-0.124544,-0.153846
-1.206607,-0.007326,-0.046398,2.174748,-0.315020,-0.178267
-1.206607,-0.021978,-0.051282,2.172077,-0.520149,-0.251526
-1.206607,-0.007326,-0.051282,2.169407,-0.593409,-0.339438
-1.206607,-0.007326,-0.061050,2.167118,-0.608061,-0.442002
-1.206607,-0.007326,-0.065934,2.164829,-0.578756,-0.583638
-1.206607,-0.007326,-0.070818,2.162922,-0.505497,-0.739926
-1.206607,-0.007326,-0.070818,2.161396,-0.461540,-0.871795
-1.206607,-0.007326,-0.070818,2.160633,-0.315020,-0.979243
-1.206607,-0.021978,-0.065934,2.160633,-0.109892,-1.052503
-1.206607,-0.007326,-0.061050,2.161396,0.036631,-1.101343
-1.206607,-0.007326,-0.051282,2.163304,0.256411,-1.106227
-1.206607,-0.007326,-0.046398,2.165211,0.388279,-1.081807
-1.206607,0.007328,-0.041514,2.167881,0.549450,-0.984127
-1.206607,-0.007326,-0.036630,2.170552,0.608059,-0.876678
-1.206607,0.007328,-0.031746,2.172840,0.637363,-0.769231
-1.206607,-0.007326,-0.031746,2.175129,0.608059,-0.617826
-1.206607,-0.007326,-0.026862,2.176656,0.476191,-0.485958
-1.206607,-0.007326,-0.026862,2.177800,0.417582,-0.344322
-1.206607,-0.007326,-0.026862,2.178563,0.285715,-0.256411
-1.206607,0.007328,-0.031746,2.177800,0.051283,-0.202686
-1.206607,-0.007326,-0.036630,2.177037,-0.109892,-0.158731
-1.206607,0.021980,-0.041514,2.175129,-0.256413,-0.163614
-1.206607,-0.036631,-0.046398,2.172840,-0.476192,-0.236875
-1.206607,-0.007326,-0.051282,2.170170,-0.578756,-0.324786
-1.206607,-0.007326,-0.056166,2.167500,-0.622713,-0.422466
-1.206607,-0.021978,-0.061050,2.165211,-0.608061,-0.559218
-1.206607,-0.007326,-0.065934,2.163304,-0.520149,-0.705739
-1.206607,-0.007326,-0.070818,2.161778,-0.432236,-0.857142
-1.206607,-0.021978,-0.070818,2.161015,-0.344324,-0.964591
-1.206607,-0.007326,-0.065934,2.160633,-0.153849,-1.042735
-1.206607,-0.007326,-0.061050,2.161778,0.021978,-1.096459
-1.206607,-0.007326,-0.056166,2.163304,0.241758,-1.106227
-1.206607,-0.007326,-0.051282,2.164829,0.373627,-1.091575
-1.206607,0.007328,-0.046398,2.167500,0.520147,-0.998779
-1.206607,0.007328,-0.036630,2.170170,0.622711,-0.891331
-1.206607,0.007328,-0.031746,2.172840,0.622711,-0.783883
-1.206607,-0.007326,-0.031746,2.175129,0.622711,-0.637362
-1.206607,-0.021978,-0.026862,2.176656,0.505495,-0.500610
-1.206607,-0.021978,-0.026862,2.178182,0.446886,-0.358974
-1.206607,-0.007326,-0.026862,2.178563,0.285715,-0.271062
-1.206607,-0.007326,-0.031746,2.178182,0.051283,-0.212454
-1.206607,0.007328,-0.031746,2.177037,-0.109892,-0.163614
-1.206607,-0.021978,-0.041514,2.175892,-0.241760,-0.153846
-1.206607,-0.021978,-0.046398,2.173222,-0.432236,-0.222222
-1.206607,-0.007326,-0.051282,2.170552,-0.578756,-0.319902
-1.206607,-0.007326,-0.056166,2.167881,-0.637363,-0.417583
-1.206607,-0.036631,-0.061050,2.165211,-0.666668,-0.549451
-1.206607,-0.007326,-0.065934,2.163685,-0.520149,-0.691087
-1.206607,-0.021978,-0.070818,2.162159,-0.461540,-0.842491
-1.206607,-0.007326,-0.070818,2.161015,-0.358976,-0.954823
-1.206607,-0.007326,-0.065934,2.160633,-0.183151,-1.042735
-1.206607,-0.007326,-0.061050,2.161396,0.007326,-1.096459
-1.206607,-0.007326,-0.056166,2.162922,0.227106,-1.106227
-1.206607,0.007328,-0.051282,2.164448,0.329670,-1.091575
-1.206607,0.007328,-0.046398,2.167118,0.505495,-1.003663
-1.206607,0.007328,-0.041514,2.169789,0.593407,-0.896214
-1.206607,-0.007326,-0.036630,2.172459,0.637363,-0.783883
-1.206607,-0.007326,-0.031746,2.174748,0.608059,-0.642246
-1.206607,-0.007326,-0.026862,2.176274,0.490843,-0.505494
-1.206607,-0.007326,-0.026862,2.177800,0.417582,-0.363858
-1.206607,-0.021978,-0.026862,2.178563,0.285715,-0.266178
-1.206607,-0.007326,-0.031746,2.177800,0.080585,-0.207570
-1.206607,-0.007326,-0.036630,2.177037,-0.080587,-0.163614
-1.206607,-0.007326,-0.041514,2.175511,-0.241760,-0.163614
-1.206607,-0.007326,-0.046398,2.173222,-0.417583,-0.227106
-1.206607,-0.007326,-0.051282,2.170552,-0.564104,-0.319902
-1.206607,-0.007326,-0.056166,2.168263,-0.608061,-0.412699
-1.206607,-0.007326,-0.061050,2.165592,-0.608061,-0.549451
-1.206607,-0.007326,-0.065934,2.164067,-0.490845,-0.691087
-1.206607,-0.007326,-0.065934,2.162541,-0.432236,-0.852259
-1.206607,-0.007326,-0.070818,2.161778,-0.358976,-0.964591
-1.206607,-0.007326,-0.065934,2.161778,-0.139196,-1.037851
-1.206607,-0.007326,-0.061050,2.162541,0.051283,-1.096459
-1.206607,-0.007326,-0.056166,2.163685,0.227106,-1.115995
-1.206607,-0.007326,-0.051282,2.165974,0.388279,-1.081807
-1.206607,-0.021978,-0.046398,2.168263,0.564102,-0.998779
-1.206607,0.007328,-0.041514,2.171314,0.622711,-0.896214
-1.206607,-0.007326,-0.036630,2.173603,0.622711,-0.774115
-1.206607,0.007328,-0.031746,2.175892,0.608059,-0.632479
-1.206607,0.007328,-0.031746,2.177800,0.520147,-0.485958
-1.206607,-0.007326,-0.026862,2.178945,0.432234,-0.358974
-1.206607,-0.007326,-0.026862,2.179326,0.241758,-0.275947
-1.206607,-0.007326,-0.031746,2.178563,0.021978,-0.207570
-1.206607,-0.021978,-0.036630,2.177419,-0.168499,-0.168498
-1.206607,-0.007326,-0.041514,2.175892,-0.271065,-0.153846
-1.206607,-0.007326,-0.046398,2.173603,-0.432236,-0.227106
-1.206607,0.007328,-0.051282,2.170552,-0.622713,-0.339438
-1.206607,-0.021978,-0.056166,2.167881,-0.681320,-0.442002
-1.206607,-0.021978,-0.061050,2.165211,-0.652016,-0.573871
-1.206607,-0.007326,-0.065934,2.163304,-0.593409,-0.715507
-1.206607,-0.007326,-0.070818,2.161396,-0.476192,-0.852259
-1.206607,-0.021978,-0.070818,2.160633,-0.344324,-0.969475
-1.206607,-0.007326,-0.065934,2.160252,-0.197803,-1.057387
-1.206607,-0.021978,-0.061050,2.161015,-0.007328,-1.101343
-1.206607,-0.007326,-0.056166,2.162159,0.197802,-1.101343
-1.206607,0.007328,-0.051282,2.164067,0.344322,-1.076923
-1.206607,0.007328,-0.046398,2.166355,0.476191,-0.989011
-1.206607,-0.007326,-0.036630,2.169026,0.578754,-0.866911
-1.206607,0.007328,-0.031746,2.171314,0.593407,-0.744811
-1.206607,0.007328,-0.031746,2.173222,0.534798,-0.617826
-1.206607,-0.021978,-0.026862,2.174748,0.476191,-0.461538
-1.206607,-0.007326,-0.026862,2.175511,0.329670,-0.344322
-1.206607,-0.007326,-0.026862,2.175511,0.168499,-0.246642
-1.206607,-0.021978,-0.031746,2.175129,0.007326,-0.183150
-1.206607,0.007328,-0.036630,2.173603,-0.168499,-0.158731
-1.206607,-0.007326,-0.041514,2.172077,-0.315020,-0.178267
-1.206607,-0.007326,-0.046398,2.169407,-0.490845,-0.251526
-1.206607,-0.007326,-0.051282,2.166355,-0.622713,-0.339438
-1.206607,-0.007326,-0.061050,2.163685,-0.637363,-0.466422
-1.206607,-0.007326,-0.065934,2.161015,-0.637363,-0.608059
-1.206607,-0.021978,-0.065934,2.159107,-0.593409,-0.744811
-1.206607,-0.007326,-0.070818,2.157963,-0.461540,-0.866911
-1.206607,-0.007326,-0.065934,2.157582,-0.212456,-0.974359
-1.206607,-0.021978,-0.061050,2.157963,-0.021980,-1.067155
-1.206607,-0.007326,-0.056166,2.159107,0.124542,-1.106227
-1.206607,-0.021978,-0.051282,2.160633,0.285715,-1.111111
-1.206607,-0.007326,-0.046398,2.162922,0.402931,-1.047619
-1.206607,0.007328,-0.046398,2.165974,0.593407,-0.945055
-1.206607,-0.021978,-0.036630,2.169026,0.725275,-0.822955
-1.206607,0.007328,-0.031746,2.172077,0.739927,-0.715507
-1.206607,-0.007326,-0.026862,2.173603,0.593407,-0.593407
-1.206607,0.007328,-0.026862,2.175129,0.476191,-0.442002
-1.206607,-0.021978,-0.026862,2.176274,0.315018,-0.315019
-1.206607,-0.021978,-0.026862,2.177037,0.256411,-0.207570
-1.206607,0.021980,-0.031746,2.176656,0.109890,-0.163614
-1.206607,-0.007326,-0.036630,2.175511,-0.095240,-0.168498
-1.206607,0.007328,-0.041514,2.173603,-0.329672,-0.212454
-1.206607,-0.007326,-0.051282,2.171314,-0.432236,-0.280830
-1.206607,-0.036631,-0.056166,2.169026,-0.520149,-0.378510
-1.206607,-0.007326,-0.061050,2.167118,-0.505497,-0.495727
-1.206607,-0.007326,-0.065934,2.165211,-0.476192,-0.642246
-1.206607,-0.007326,-0.070818,2.164067,-0.402931,-0.803419
-1.206607,-0.007326,-0.070818,2.162922,-0.329672,-0.945055
-1.206607,0.007328,-0.065934,2.162541,-0.197803,-1.023199
-1.206607,-0.007326,-0.061050,2.163304,0.007326,-1.081807
-1.206607,-0.007326,-0.056166,2.164448,0.168499,-1.115995
-1.206607,-0.021978,-0.051282,2.166737,0.373627,-1.072039
-1.206607,0.007328,-0.046398,2.169026,0.534798,-1.018315
-1.206607,-0.007326,-0.041514,2.171696,0.593407,-0.930403
-1.206607,-0.007326,-0.036630,2.174366,0.593407,-0.803419
-1.206607,-0.007326,-0.031746,2.176274,0.593407,-0.661782
-1.206607,0.007328,-0.026862,2.178182,0.549450,-0.505494
-1.206607,-0.007326,-0.026862,2.179708,0.476191,-0.388278
-1.206607,-0.021978,-0.026862,2.180089,0.256411,-0.290598
-1.206607,-0.007326,-0.026862,2.179708,0.051283,-0.217339
-1.206607,-0.007326,-0.031746,2.178563,-0.153849,-0.178267
-1.206607,-0.007326,-0.036630,2.176656,-0.300367,-0.163614
-1.206607,-0.007326,-0.041514,2.174748,-0.402931,-0.202686
-1.206607,-0.007326,-0.051282,2.172077,-0.564104,-0.319902
-1.206607,-0.007326,-0.056166,2.169026,-0.666668,-0.442002
-1.206607,-0.007326,-0.061050,2.166355,-0.681320,-0.564102
-1.206607,-0.007326,-0.065934,2.164067,-0.578756,-0.710623
-1.206607,-0.021978,-0.065934,2.162541,-0.461540,-0.857142
-1.206607,0.007328,-0.065934,2.161778,-0.373629,-0.964591
-1.206607,-0.007326,-0.065934,2.161396,-0.168499,-1.042735
-1.206607,-0.021978,-0.061050,2.162159,0.021978,-1.101343
-1.206607,-0.007326,-0.056166,2.163304,0.168499,-1.111111
-1.206607,-0.021978,-0.051282,2.165211,0.329670,-1.067155
-1.206607,-0.007326,-0.046398,2.167881,0.520147,-0.969475
-1.206607,-0.007326,-0.036630,2.170170,0.578754,-0.862027
-1.206607,-0.007326,-0.031746,2.172459,0.593407,-0.744811
-1.206607,0.007328,-0.031746,2.174366,0.534798,-0.593407
-1.206607,-0.007326,-0.026862,2.175511,0.417582,-0.456655
-1.206607,-0.007326,-0.026862,2.176274,0.300365,-0.324786
-1.206607,-0.007326,-0.026862,2.177037,0.212454,-0.222222
-1.206607,-0.021978,-0.031746,2.176656,0.065933,-0.173382
-1.206607,0.007328,-0.036630,2.175511,-0.153849,-0.163614
-1.206607,-0.007326,-0.041514,2.173222,-0.358976,-0.202686
-1.206607,-0.007326,-0.046398,2.170933,-0.490845,-0.266178
-1.206607,-0.021978,-0.051282,2.168263,-0.578756,-0.354091
-1.206607,-0.007326,-0.061050,2.165974,-0.549452,-0.481074
-1.206607,-0.007326,-0.065934,2.164448,-0.490845,-0.632479
-1.206607,-0.021978,-0.070818,2.162541,-0.476192,-0.803419
-1.206607,-0.007326,-0.070818,2.161396,-0.402931,-0.920635
-1.206607,-0.007326,-0.065934,2.161015,-0.227108,-1.008547
-1.206607,-0.007326,-0.065934,2.161396,-0.021980,-1.076923
-1.206607,0.007328,-0.061050,2.162922,0.183149,-1.101343
-1.206607,-0.007326,-0.056166,2.164448,0.300365,-1.101343
-1.206607,-0.021978,-0.046398,2.166737,0.432234,-1.023199
-1.206607,-0.007326,-0.041514,2.169026,0.564102,-0.920635
-1.206607,0.021980,-0.036630,2.171696,0.622711,-0.798534
-1.206607,-0.007326,-0.031746,2.173985,0.578754,-0.661782
-1.206607,-0.007326,-0.031746,2.175511,0.520147,-0.525030
-1.206607,-0.021978,-0.026862,2.177037,0.358974,-0.383394
-1.206607,-0.007326,-0.031746,2.177800,0.300365,-0.261294
-1.206607,-0.021978,-0.031746,2.177800,0.153847,-0.197803
-1.206607,-0.007326,-0.036630,2.177037,-0.036633,-0.168498
-1.206607,-0.007326,-0.041514,2.175511,-0.197803,-0.168498
-1.206607,-0.007326,-0.046398,2.173222,-0.417583,-0.236875
-1.206607,-0.007326,-0.051282,2.170933,-0.505497,-0.324786
-1.206607,-0.007326,-0.056166,2.168644,-0.549452,-0.427350
-1.206607,-0.007326,-0.061050,2.166737,-0.490845,-0.568987
-1.206607,0.007328,-0.065934,2.165211,-0.461540,-0.720390
-1.206607,-0.007326,-0.065934,2.164448,-0.300367,-0.866911
-1.206607,-0.021978,-0.065934,2.164067,-0.197803,-0.993895
-1.206607,-0.007326,-0.065934,2.164067,-0.065935,-1.072039
-1.206607,-0.007326,-0.061050,2.165592,0.153847,-1.101343
-1.206607,0.007328,-0.056166,2.167500,0.358974,-1.076923
-1.206607,-0.007326,-0.051282,2.170170,0.490843,-1.037851
-1.206607,0.007328,-0.041514,2.172840,0.637363,-0.969475
-1.206607,-0.007326,-0.036630,2.175511,0.681318,-0.852259
-1.206607,-0.007326,-0.031746,2.178182,0.652014,-0.715507
-1.206607,-0.007326,-0.026862,2.180471,0.637363,-0.573871
-1.206607,-0.007326,-0.026862,2.181997,0.534798,-0.422466
-1.206607,-0.007326,-0.026862,2.182760,0.344322,-0.319902
-1.206607,-0.007326,-0.026862,2.182760,0.124542,-0.241758
-1.206607,-0.007326,-0.031746,2.181615,-0.080587,-0.188034
-1.206607,-0.021978,-0.036630,2.180089,-0.212456,-0.163614
-1.206607,-0.007326,-0.041514,2.178182,-0.388281,-0.212454
-1.206607,-0.007326,-0.051282,2.175511,-0.564104,-0.285714
-1.206607,-0.021978,-0.056166,2.172459,-0.666668,-0.407814
-1.206607,-0.007326,-0.061050,2.169407,-0.695972,-0.544566
-1.206607,-0.007326,-0.065934,2.167118,-0.637363,-0.671551
-1.206607,0.007328,-0.070818,2.165592,-0.534800,-0.813187
-1.206607,-0.007326,-0.070818,2.164829,-0.329672,-0.935287
-1.206607,0.007328,-0.065934,2.164448,-0.153849,-1.042735
-1.206607,0.007328,-0.061050,2.165211,0.007326,-1.101343
-1.206607,-0.007326,-0.056166,2.166355,0.168499,-1.096459
-1.206607,-0.007326,-0.051282,2.168263,0.373627,-1.062271
-1.206607,-0.007326,-0.046398,2.170933,0.520147,-0.974359
-1.206607,-0.007326,-0.036630,2.173603,0.637363,-0.876678
-1.206607,-0.007326,-0.031746,2.176274,0.652014,-0.754579
-1.206607,0.007328,-0.026862,2.178182,0.593407,-0.608059
-1.206607,-0.007326,-0.026862,2.179708,0.490843,-0.476191
-1.206607,-0.007326,-0.021978,2.180471,0.358974,-0.344322
-1.206607,-0.021978,-0.026862,2.181234,0.212454,-0.241758
-1.206607,0.007328,-0.026862,2.180471,0.036631,-0.188034
-1.206607,-0.021978,-0.036630,2.179326,-0.139196,-0.173382
-1.206607,0.007328,-0.041514,2.177037,-0.344324,-0.197803
-1.206607,-0.007326,-0.046398,2.175129,-0.476192,-0.251526
-1.206607,-0.021978,-0.056166,2.172077,-0.593409,-0.373627
-1.206607,-0.007326,-0.061050,2.169789,-0.622713,-0.510379
-1.206607,0.007328,-0.065934,2.167118,-0.608061,-0.642246
-1.206607,-0.007326,-0.070818,2.165592,-0.534800,-0.788767
-1.206607,-0.007326,-0.070818,2.164829,-0.344324,-0.915751
-1.206607,-0.007326,-0.065934,2.164448,-0.183151,-1.023199
-1.206607,0.007328,-0.061050,2.164829,-0.021980,-1.096459
-1.206607,-0.007326,-0.061050,2.166355,0.153847,-1.101343
-1.206607,-0.021978,-0.051282,2.168263,0.373627,-1.072039
-1.206607,-0.007326,-0.046398,2.170552,0.534798,-0.993895
-1.206607,-0.007326,-0.041514,2.173603,0.622711,-0.896214
-1.206607,-0.007326,-0.031746,2.176274,0.666666,-0.778998
-1.206607,0.007328,-0.026862,2.178563,0.608059,-0.632479
-1.206607,-0.007326,-0.026862,2.180089,0.534798,-0.500610
-1.206607,-0.021978,-0.026862,2.181234,0.388279,-0.358974
-1.206607,-0.007326,-0.026862,2.181997,0.256411,-0.256411
-1.206607,-0.021978,-0.026862,2.181234,0.036631,-0.197803
-1.206607,0.007328,-0.031746,2.180089,-0.124544,-0.168498
-1.206607,-0.007326,-0.036630,2.178182,-0.300367,-0.197803
-1.206607,-0.007326,-0.041514,2.175892,-0.490845,-0.241758
-1.206607,-0.007326,-0.051282,2.173222,-0.593409,-0.354091
-1.206607,-0.021978,-0.056166,2.170552,-0.637363,-0.495727
-1.206607,-0.007326,-0.065934,2.167881,-0.622713,-0.622710
-1.206607,-0.007326,-0.070818,2.166355,-0.549452,-0.769231
-1.206607,-0.021978,-0.070818,2.165211,-0.388281,-0.896214
-1.206607,-0.007326,-0.070818,2.165211,-0.183151,-1.003663
-1.206607,-0.021978,-0.065934,2.165592,-0.007328,-1.081807
-1.206607,-0.007326,-0.061050,2.166737,0.139194,-1.106227
-1.206607,-0.007326,-0.056166,2.168263,0.315018,-1.086691
-1.206607,-0.007326,-0.046398,2.170933,0.505495,-0.998779
-1.206607,0.007328,-0.041514,2.173985,0.637363,-0.901099
-1.206607,0.007328,-0.036630,2.176656,0.681318,-0.788767
-1.206607,-0.007326,-0.031746,2.178945,0.637363,-0.652015
-1.206607,0.007328,-0.026862,2.180852,0.505495,-0.520146
-1.206607,0.007328,-0.026862,2.181997,0.402931,-0.373627
-1.206607,-0.007326,-0.026862,2.182378,0.256411,-0.266178
-1.206607,-0.007326,-0.026862,2.181615,0.036631,-0.202686
-1.206607,-0.007326,-0.031746,2.180471,-0.139196,-0.168498
-1.206607,-0.021978,-0.036630,2.178945,-0.271065,-0.188034
-1.206607,-0.007326,-0.041514,2.176274,-0.490845,-0.251526
-1.206607,-0.007326,-0.051282,2.173603,-0.593409,-0.349206
-1.206607,-0.036631,-0.056166,2.170933,-0.681320,-0.490843
-1.206607,-0.007326,-0.065934,2.168263,-0.666668,-0.617826
-1.206607,-0.021978,-0.065934,2.166355,-0.564104,-0.759462
-1.206607,-0.007326,-0.070818,2.165211,-0.388281,-0.891331
-1.206607,0.007328,-0.065934,2.164829,-0.197803,-1.003663
-1.206607,-0.007326,-0.065934,2.165211,-0.036633,-1.081807
-1.206607,-0.007326,-0.061050,2.166355,0.124542,-1.101343
-1.206607,-0.007326,-0.056166,2.167881,0.315018,-1.081807
-1.206607,-0.007326,-0.046398,2.170552,0.476191,-1.003663
-1.206607,-0.007326,-0.041514,2.173222,0.608059,-0.901099
-1.206607,0.007328,-0.036630,2.175892,0.681318,-0.783883
-1.206607,-0.007326,-0.031746,2.178182,0.622711,-0.647131
-1.206607,-0.007326,-0.026862,2.180089,0.520147,-0.515263
-1.206607,-0.007326,-0.026862,2.180852,0.373627,-0.373627
-1.206607,-0.007326,-0.026862,2.181615,0.256411,-0.261294
-1.206607,-0.007326,-0.026862,2.181234,0.065933,-0.197803
-1.206607,-0.007326,-0.031746,2.180089,-0.109892,-0.168498
-1.206607,-0.007326,-0.036630,2.178563,-0.300367,-0.192918
-1.206607,0.007328,-0.041514,2.176274,-0.446888,-0.241758
-1.206607,-0.036631,-0.051282,2.173603,-0.564104,-0.349206
-1.206607,-0.021978,-0.056166,2.170933,-0.622713,-0.490843
-1.206607,-0.007326,-0.061050,2.168644,-0.608061,-0.627595
-1.206607,-0.007326,-0.070818,2.166737,-0.505497,-0.769231
-1.206607,-0.021978,-0.070818,2.165592,-0.402931,-0.896214
-1.206607,0.007328,-0.070818,2.165592,-0.168499,-0.998779
-1.206607,-0.007326,-0.065934,2.165974,-0.007328,-1.081807
-1.206607,-0.007326,-0.061050,2.167118,0.153847,-1.111111
-1.206607,-0.007326,-0.051282,2.168644,0.285715,-1.081807
-1.206607,-0.007326,-0.046398,2.171314,0.490843,-0.998779
-1.206607,-0.007326,-0.041514,2.173985,0.593407,-0.896214
-1.206607,-0.007326,-0.036630,2.176656,0.652014,-0.778998
-1.206607,-0.007326,-0.031746,2.178945,0.622711,-0.642246
-1.206607,-0.007326,-0.026862,2.180471,0.490843,-0.510379
-1.206607,-0.007326,-0.021978,2.181615,0.388279,-0.363858
-1.206607,-0.021978,-0.026862,2.181997,0.227106,-0.251526
-1.206607,-0.007326,-0.026862,2.181234,0.051283,-0.192918
-1.206607,-0.007326,-0.031746,2.180089,-0.139196,-0.168498
-1.206607,-0.021978,-0.041514,2.178182,-0.315020,-0.197803
-1.206607,-0.007326,-0.046398,2.175892,-0.490845,-0.251526
-1.206607,-0.007326,-0.051282,2.173222,-0.578756,-0.363858
-1.206607,0.007328,-0.056166,2.170552,-0.637363,-0.510379
-1.206607,-0.007326,-0.061050,2.168263,-0.637363,-0.642246
-1.206607,-0.021978,-0.065934,2.166355,-0.534800,-0.788767
-1.206607,-0.007326,-0.070818,2.165592,-0.373629,-0.915751
-1.206607,-0.007326,-0.065934,2.165592,-0.139196,-1.013431
-1.206607,-0.007326,-0.061050,2.165974,0.007326,-1.086691
-1.206607,-0.007326,-0.061050,2.167118,0.168499,-1.106227
-1.206607,-0.007326,-0.056166,2.169026,0.315018,-1.076923
-1.206607,0.007328,-0.046398,2.171314,0.505495,-0.984127
-1.206607,-0.021978,-0.041514,2.174366,0.608059,-0.876678
-1.206607,0.007328,-0.036630,2.177037,0.652014,-0.754579
-1.206607,-0.007326,-0.031746,2.178945,0.608059,-0.617826
-1.206607,-0.021978,-0.026862,2.180471,0.476191,-0.485958
-1.206607,0.007328,-0.026862,2.181234,0.315018,-0.344322
-1.206607,-0.007326,-0.026862,2.181615,0.212454,-0.231990
-1.206607,0.007328,-0.026862,2.180852,0.021978,-0.183150
-1.206607,-0.007326,-0.031746,2.179708,-0.139196,-0.168498
-1.206607,-0.007326,-0.041514,2.177800,-0.373629,-0.207570
-1.206607,-0.007326,-0.046398,2.175511,-0.490845,-0.266178
-1.206607,-0.007326,-0.051282,2.172840,-0.578756,-0.388278
-1.206607,-0.021978,-0.061050,2.170170,-0.622713,-0.539682
-1.206607,-0.007326,-0.065934,2.168263,-0.578756,-0.666667
-1.206607,-0.007326,-0.065934,2.166355,-0.490845,-0.818070
-1.206607,-0.021978,-0.070818,2.165592,-0.315020,-0.935287
-1.206607,-0.007326,-0.065934,2.165974,-0.124544,-1.028083
-1.206607,0.007328,-0.065934,2.166355,0.051283,-1.101343
-1.206607,-0.007326,-0.056166,2.167881,0.197802,-1.111111
-1.206607,-0.007326,-0.051282,2.169789,0.358974,-1.057387
-1.206607,-0.007326,-0.046398,2.172459,0.520147,-0.964591
-1.206607,0.007328,-0.036630,2.175129,0.608059,-0.847375
-1.206607,-0.007326,-0.031746,2.177419,0.622711,-0.720390
-1.206607,-0.007326,-0.026862,2.179326,0.564102,-0.583638
-1.206607,-0.007326,-0.026862,2.180471,0.402931,-0.451771
-1.206607,-0.007326,-0.026862,2.181234,0.285715,-0.310134
-1.206607,-0.007326,-0.026862,2.181234,0.153847,-0.217339
-1.206607,0.007328,-0.031746,2.180471,-0.021980,-0.173382
-1.206607,-0.021978,-0.036630,2.178945,-0.183151,-0.178267
-1.206607,0.007328,-0.046398,2.177037,-0.417583,-0.217339
-1.206607,-0.007326,-0.051282,2.174366,-0.490845,-0.295483
-1.206607,-0.007326,-0.056166,2.172077,-0.564104,-0.427350
-1.206607,-0.007326,-0.061050,2.169407,-0.593409,-0.573871
-1.206607,-0.007326,-0.065934,2.167500,-0.534800,-0.710623
-1.206607,-0.021978,-0.065934,2.165974,-0.461540,-0.862027
-1.206607,-0.021978,-0.065934,2.165592,-0.256413,-0.964591
-1.206607,-0.007326,-0.065934,2.165974,-0.051285,-1.057387
-1.206607,-0.007326,-0.061050,2.166737,0.095238,-1.106227
-1.206607,0.007328,-0.056166,2.168263,0.227106,-1.101343
-1.206607,-0.021978,-0.051282,2.170552,0.417582,-1.028083
-1.206607,0.007328,-0.046398,2.173222,0.564102,-0.935287
-1.206607,0.007328,-0.041514,2.175892,0.652014,-0.808303
-1.206607,-0.007326,-0.031746,2.178182,0.608059,-0.671551
-1.206607,-0.007326,-0.026862,2.179708,0.534798,-0.544566
-1.206607,-0.021978,-0.021978,2.180852,0.358974,-0.402930
-1.206607,-0.007326,-0.021978,2.181234,0.241758,-0.271062
-1.206607,-0.021978,-0.026862,2.181234,0.095238,-0.197803
-1.206607,0.007328,-0.031746,2.180089,-0.095240,-0.168498
-1.206607,-0.007326,-0.036630,2.178182,-0.256413,-0.192918
-1.206607,0.007328,-0.041514,2.176274,-0.432236,-0.236875
-1.206607,-0.007326,-0.046398,2.173603,-0.520149,-0.339438
-1.206607,-0.021978,-0.056166,2.171314,-0.578756,-0.481074
-1.206607,-0.021978,-0.061050,2.168644,-0.593409,-0.627595
-1.206607,-0.007326,-0.065934,2.167118,-0.505497,-0.769231
-1.206607,0.007328,-0.070818,2.165974,-0.373629,-0.905983
-1.206607,0.007328,-0.065934,2.165974,-0.183151,-1.003663
-1.206607,0.007328,-0.061050,2.166355,-0.007328,-1.086691
-1.206607,-0.007326,-0.061050,2.167500,0.139194,-1.115995
-1.206607,0.021980,-0.056166,2.169026,0.271063,-1.076923
-1.206607,-0.021978,-0.051282,2.171314,0.461538,-0.993895
-1.206607,-0.007326,-0.041514,2.173985,0.564102,-0.886447
-1.206607,0.007328,-0.036630,2.176656,0.593407,-0.759462
-1.206607,0.007328,-0.026862,2.178563,0.564102,-0.612943
-1.206607,0.007328,-0.026862,2.179708,0.446886,-0.485958
-1.206607,-0.007326,-0.021978,2.180471,0.271063,-0.344322
-1.206607,-0.021978,-0.026862,2.180852,0.168499,-0.231990
-1.206607,-0.007326,-0.026862,2.180089,0.007326,-0.178267
-1.206607,-0.007326,-0.031746,2.178945,-0.183151,-0.173382
-1.206607,-0.007326,-0.036630,2.176656,-0.344324,-0.197803
-1.206607,-0.007326,-0.046398,2.174366,-0.461540,-0.271062
-1.206607,-0.007326,-0.051282,2.171696,-0.564104,-0.407814
-1.206607,-0.007326,-0.061050,2.169407,-0.593409,-0.549451
-1.206607,-0.007326,-0.065934,2.167118,-0.534800,-0.686203
-1.206607,-0.007326,-0.065934,2.165592,-0.476192,-0.837606
-1.206607,-0.007326,-0.065934,2.165211,-0.256413,-0.949939
-1.206607,0.007328,-0.065934,2.165592,-0.080587,-1.047619
-1.206607,-0.007326,-0.061050,2.166355,0.065933,-1.101343
-1.206607,0.007328,-0.056166,2.167881,0.256411,-1.101343
-1.206607,-0.007326,-0.051282,2.169789,0.388279,-1.037851
-1.206607,-0.007326,-0.041514,2.172459,0.578754,-0.940171
-1.206607,-0.007326,-0.036630,2.175511,0.652014,-0.818070
-1.206607,-0.007326,-0.031746,2.177800,0.637363,-0.686203
-1.206607,-0.007326,-0.026862,2.179708,0.534798,-0.554335
-1.206607,-0.007326,-0.021978,2.180471,0.388279,-0.412699
-1.206607,-0.007326,-0.021978,2.181234,0.256411,-0.280830
-1.206607,-0.007326,-0.026862,2.181234,0.124542,-0.202686
-1.206607,-0.007326,-0.031746,2.180471,-0.080587,-0.168498
-1.206607,-0.007326,-0.036630,2.178563,-0.241760,-0.188034
-1.206607,0.007328,-0.046398,2.176656,-0.432236,-0.236875
-1.206607,-0.007326,-0.051282,2.174366,-0.490845,-0.334555
-1.206607,-0.007326,-0.056166,2.171696,-0.534800,-0.481074
-1.206607,-0.021978,-0.061050,2.169407,-0.564104,-0.632479
-1.206607,-0.021978,-0.065934,2.167881,-0.490845,-0.769231
-1.206607,-0.007326,-0.070818,2.166737,-0.373629,-0.910867
-1.206607,-0.007326,-0.065934,2.166355,-0.197803,-1.008547
-1.206607,-0.007326,-0.061050,2.166737,-0.007328,-1.086691
-1.206607,-0.007326,-0.061050,2.167881,0.124542,-1.115995
-1.206607,0.007328,-0.051282,2.169407,0.271063,-1.072039
-1.206607,-0.007326,-0.046398,2.171696,0.446886,-0.993895
-1.206607,-0.007326,-0.036630,2.173985,0.520147,-0.886447
-1.206607,0.007328,-0.036630,2.176274,0.549450,-0.754579
-1.206607,-0.007326,-0.031746,2.178182,0.520147,-0.598290
-1.206607,-0.007326,-0.026862,2.179326,0.417582,-0.466422
-1.206607,0.007328,-0.026862,2.179708,0.256411,-0.339438
-1.206607,-0.007326,-0.026862,2.179708,0.095238,-0.236875
-1.206607,0.007328,-0.026862,2.178945,-0.080587,-0.178267
-1.206607,-0.007326,-0.036630,2.177419,-0.256413,-0.163614
-1.206607,-0.007326,-0.041514,2.175511,-0.358976,-0.192918
-1.206607,-0.007326,-0.046398,2.172840,-0.534800,-0.305250
-1.206607,-0.021978,-0.051282,2.170170,-0.622713,-0.437119
-1.206607,-0.007326,-0.056166,2.167500,-0.652016,-0.559218
-1.206607,-0.007326,-0.065934,2.165592,-0.564104,-0.710623
-1.206607,-0.007326,-0.070818,2.164829,-0.373629,-0.847375
-1.206607,-0.007326,-0.065934,2.164067,-0.256413,-0.984127
-1.206607,-0.007326,-0.065934,2.164067,-0.109892,-1.076923
-1.206607,-0.007326,-0.061050,2.164829,0.051283,-1.111111
-1.206607,-0.007326,-0.056166,2.166355,0.256411,-1.072039
-1.206607,-0.007326,-0.051282,2.168644,0.432234,-1.008547
-1.206607,0.007328,-0.041514,2.171314,0.564102,-0.915751
-1.206607,0.007328,-0.036630,2.173603,0.578754,-0.808303
-1.206607,0.007328,-0.031746,2.175511,0.549450,-0.661782
-1.206607,0.007328,-0.026862,2.177037,0.432234,-0.500610
-1.206607,-0.007326,-0.026862,2.178182,0.402931,-0.349206
-1.206607,0.007328,-0.026862,2.178563,0.256411,-0.261294
-1.206607,-0.007326,-0.026862,2.178182,0.036631,-0.202686
-1.206607,-0.021978,-0.031746,2.177419,-0.109892,-0.163614
-1.206607,-0.007326,-0.036630,2.175892,-0.241760,-0.173382
-1.206607,-0.021978,-0.046398,2.173985,-0.373629,-0.266178
-1.206607,0.007328,-0.051282,2.171696,-0.505497,-0.383394
-1.206607,-0.007326,-0.056166,2.169407,-0.520149,-0.525030
-1.206607,-0.007326,-0.061050,2.167500,-0.490845,-0.656898
-1.206607,-0.021978,-0.065934,2.166355,-0.388281,-0.808303
-1.206607,-0.021978,-0.070818,2.165974,-0.212456,-0.935287
-1.206607,-0.007326,-0.065934,2.166355,-0.051285,-1.047619
-1.206607,0.007328,-0.061050,2.166737,0.065933,-1.111111
-1.206607,-0.007326,-0.056166,2.168263,0.197802,-1.101343
-1.206607,-0.007326,-0.051282,2.170552,0.432234,-1.032967
-1.206607,-0.007326,-0.046398,2.173222,0.564102,-0.954823
-1.206607,-0.021978,-0.041514,2.175892,0.637363,-0.837606
-1.206607,0.007328,-0.031746,2.178182,0.622711,-0.700854
-1.206607,0.007328,-0.031746,2.179708,0.534798,-0.564102
-1.206607,-0.021978,-0.026862,2.180852,0.373627,-0.407814
-1.206607,-0.007326,-0.026862,2.181615,0.285715,-0.275947
-1.206607,-0.007326,-0.026862,2.181615,0.109890,-0.207570
-1.206607,-0.021978,-0.031746,2.180471,-0.109892,-0.178267
-1.206607,0.007328,-0.036630,2.178945,-0.241760,-0.192918
-1.206607,-0.021978,-0.041514,2.176656,-0.417583,-0.246642
-1.206607,-0.007326,-0.046398,2.174366,-0.520149,-0.339438
-1.206607,-0.007326,-0.056166,2.171696,-0.578756,-0.490843
-1.206607,-0.007326,-0.061050,2.169407,-0.578756,-0.642246
-1.206607,-0.007326,-0.065934,2.167881,-0.461540,-0.778998
-1.206607,-0.007326,-0.070818,2.166737,-0.373629,-0.920635
-1.206607,-0.007326,-0.065934,2.166355,-0.197803,-1.018315
-1.206607,-0.007326,-0.065934,2.167118,-0.021980,-1.091575
-1.206607,-0.007326,-0.061050,2.167881,0.095238,-1.111111
-1.206607,0.007328,-0.056166,2.169407,0.271063,-1.057387
-1.206607,-0.007326,-0.046398,2.171696,0.461538,-0.979243
-1.206607,0.007328,-0.041514,2.173985,0.520147,-0.862027
-1.206607,-0.007326,-0.036630,2.175892,0.520147,-0.725275
-1.206607,-0.007326,-0.031746,2.177800,0.476191,-0.568987
-1.206607,0.007328,-0.026862,2.178945,0.388279,-0.432235
-1.206607,-0.007326,-0.026862,2.178945,0.227106,-0.319902
-1.206607,-0.007326,-0.026862,2.178563,0.036631,-0.222222
-1.206607,-0.021978,-0.026862,2.177800,-0.095240,-0.168498
-1.206607,-0.007326,-0.031746,2.176656,-0.212456,-0.153846
-1.206607,-0.007326,-0.041514,2.174748,-0.358976,-0.222222
-1.206607,-0.007326,-0.051282,2.172077,-0.549452,-0.344322
-1.206607,-0.007326,-0.056166,2.169407,-0.608061,-0.471307
-1.206607,-0.021978,-0.061050,2.167118,-0.564104,-0.598290
-1.206607,-0.021978,-0.065934,2.165592,-0.490845,-0.744811
-1.206607,-0.007326,-0.065934,2.164829,-0.285717,-0.886447
-1.206607,-0.007326,-0.070818,2.164829,-0.124544,-1.013431
-1.206607,-0.007326,-0.065934,2.165211,-0.007328,-1.096459
-1.206607,-0.007326,-0.061050,2.166355,0.168499,-1.096459
-1.206607,0.007328,-0.051282,2.168644,0.358974,-1.062271
-1.206607,0.007328,-0.046398,2.171314,0.534798,-0.969475
-1.206607,-0.007326,-0.041514,2.173985,0.652014,-0.866911
-1.206607,-0.007326,-0.036630,2.176274,0.622711,-0.744811
-1.206607,-0.007326,-0.031746,2.178563,0.578754,-0.593407
-1.206607,-0.007326,-0.026862,2.180089,0.461538,-0.456655
-1.206607,0.007328,-0.026862,2.180852,0.329670,-0.315019
-1.206607,0.007328,-0.026862,2.181234,0.197802,-0.217339
-1.206607,-0.007326,-0.026862,2.180471,0.007326,-0.178267
-1.206607,-0.021978,-0.031746,2.179326,-0.139196,-0.183150
-1.206607,-0.021978,-0.041514,2.177419,-0.358976,-0.231990
-1.206607,-0.007326,-0.046398,2.175129,-0.446888,-0.305250
-1.206607,-0.007326,-0.056166,2.172840,-0.520149,-0.451771
-1.206607,-0.007326,-0.061050,2.170933,-0.520149,-0.612943
-1.206607,-0.007326,-0.065934,2.169026,-0.490845,-0.754579
-1.206607,0.007328,-0.065934,2.168263,-0.344324,-0.886447
-1.206607,-0.007326,-0.065934,2.167881,-0.183151,-0.998779
-1.206607,-0.007326,-0.065934,2.168263,-0.021980,-1.081807
-1.206607,-0.007326,-0.061050,2.169407,0.153847,-1.106227
-1.206607,-0.007326,-0.051282,2.171314,0.300365,-1.076923
-1.206607,-0.007326,-0.046398,2.173222,0.446886,-1.008547
-1.206607,-0.007326,-0.041514,2.175892,0.549450,-0.881563
-1.206607,-0.007326,-0.036630,2.177800,0.549450,-0.744811
-1.206607,0.007328,-0.031746,2.179708,0.534798,-0.608059
-1.206607,-0.007326,-0.026862,2.181234,0.402931,-0.451771
-1.206607,-0.007326,-0.026862,2.181615,0.300365,-0.319902
-1.206607,-0.007326,-0.026862,2.181615,0.095238,-0.231990
-1.206607,-0.007326,-0.026862,2.180471,-0.080587,-0.178267
-1.206607,-0.021978,-0.031746,2.179326,-0.197803,-0.173382
-1.206607,-0.007326,-0.036630,2.177037,-0.402931,-0.227106
-1.206607,-0.007326,-0.046398,2.174748,-0.520149,-0.310134
-1.206607,-0.007326,-0.051282,2.172077,-0.578756,-0.451771
-1.206607,-0.007326,-0.056166,2.169789,-0.593409,-0.608059
-1.206607,-0.021978,-0.061050,2.167881,-0.520149,-0.739926
-1.206607,-0.007326,-0.065934,2.166737,-0.417583,-0.891331
-1.206607,-0.007326,-0.065934,2.165974,-0.241760,-1.003663
-1.206607,-0.007326,-0.065934,2.166355,-0.065935,-1.076923
-1.206607,-0.007326,-0.061050,2.167500,0.109890,-1.115995
-1.206607,0.007328,-0.051282,2.168644,0.227106,-1.076923
-1.206607,-0.007326,-0.046398,2.170933,0.446886,-0.984127
-1.206607,-0.007326,-0.041514,2.173222,0.520147,-0.881563
-1.206607,0.007328,-0.036630,2.175511,0.534798,-0.739926
-1.206607,-0.007326,-0.031746,2.177037,0.476191,-0.593407
-1.206607,0.007328,-0.026862,2.178182,0.388279,-0.442002
-1.206607,-0.007326,-0.026862,2.178945,0.256411,-0.324786
-1.206607,-0.007326,-0.026862,2.178563,0.065933,-0.227106
-1.206607,-0.007326,-0.026862,2.177800,-0.065935,-0.168498
-1.206607,-0.021978,-0.031746,2.176656,-0.153849,-0.153846
-1.206607,-0.021978,-0.041514,2.174748,-0.300367,-0.217339
-1.206607,-0.007326,-0.046398,2.172459,-0.490845,-0.334555
-1.206607,-0.007326,-0.051282,2.169789,-0.564104,-0.476191
-1.206607,-0.007326,-0.056166,2.167881,-0.549452,-0.598290
-1.206607,-0.021978,-0.065934,2.166355,-0.446888,-0.754579
-1.206607,-0.007326,-0.065934,2.165974,-0.271065,-0.886447
-1.206607,-0.007326,-0.065934,2.165974,-0.109892,-1.008547
-1.206607,-0.007326,-0.061050,2.166355,-0.007328,-1.101343
-1.206607,-0.021978,-0.061050,2.167500,0.153847,-1.111111
-1.206607,-0.007326,-0.051282,2.169407,0.315018,-1.062271
-1.206607,-0.007326,-0.046398,2.172077,0.520147,-0.969475
-1.206607,-0.021978,-0.041514,2.174748,0.608059,-0.857142
-1.206607,-0.007326,-0.036630,2.177037,0.622711,-0.730159
-1.206607,-0.007326,-0.031746,2.178945,0.520147,-0.583638
-1.206607,-0.007326,-0.026862,2.179708,0.402931,-0.446886
-1.206607,-0.007326,-0.026862,2.180471,0.256411,-0.305250
-1.206607,-0.007326,-0.026862,2.180852,0.153847,-0.207570
-1.206607,-0.021978,-0.026862,2.180089,-0.021980,-0.173382
-1.206607,-0.007326,-0.031746,2.178563,-0.227108,-0.188034
-1.206607,-0.007326,-0.041514,2.176274,-0.373629,-0.231990
-1.206607,0.007328,-0.046398,2.174366,-0.461540,-0.334555
-1.206607,-0.021978,-0.051282,2.172077,-0.534800,-0.485958
-1.206607,-0.021978,-0.061050,2.169789,-0.520149,-0.642246
-1.206607,-0.021978,-0.065934,2.168263,-0.461540,-0.778998
-1.206607,-0.021978,-0.065934,2.167500,-0.315020,-0.920635
-1.206607,-0.007326,-0.065934,2.167118,-0.168499,-1.028083
-1.206607,-0.007326,-0.065934,2.167500,-0.021980,-1.096459
-1.206607,-0.007326,-0.061050,2.168263,0.109890,-1.111111
-1.206607,-0.007326,-0.051282,2.170170,0.329670,-1.047619
-1.206607,-0.007326,-0.046398,2.172459,0.461538,-0.974359
-1.206607,0.007328,-0.041514,2.174748,0.520147,-0.847375
-1.206607,-0.007326,-0.031746,2.176274,0.476191,-0.705739
-1.206607,-0.007326,-0.031746,2.178182,0.461538,-0.539682
-1.206607,-0.007326,-0.026862,2.178945,0.344322,-0.402930
-1.206607,-0.007326,-0.021978,2.178945,0.168499,-0.295483
-1.206607,-0.007326,-0.026862,2.178563,0.007326,-0.207570
-1.206607,0.007328,-0.031746,2.177419,-0.139196,-0.163614
-1.206607,0.007328,-0.036630,2.176274,-0.241760,-0.163614
-1.206607,-0.007326,-0.041514,2.173985,-0.388281,-0.256411
-1.206607,-0.007326,-0.051282,2.171696,-0.534800,-0.388278
-1.206607,-0.021978,-0.056166,2.169026,-0.608061,-0.515263
-1.206607,-0.007326,-0.061050,2.167118,-0.520149,-0.652015
-1.206607,-0.007326,-0.065934,2.165974,-0.432236,-0.803419
-1.206607,-0.007326,-0.065934,2.165592,-0.212456,-0.930403
-1.206607,-0.021978,-0.065934,2.165592,-0.051285,-1.052503
-1.206607,-0.007326,-0.065934,2.166355,0.036631,-1.111111
-1.206607,-0.007326,-0.061050,2.167881,0.227106,-1.101343
-1.206607,0.007328,-0.056166,2.169789,0.388279,-1.023199
-1.206607,-0.007326,-0.046398,2.172459,0.578754,-0.925519
-1.206607,-0.007326,-0.041514,2.175129,0.637363,-0.798534
-1.206607,0.007328,-0.036630,2.177419,0.564102,-0.671551
-1.206607,-0.007326,-0.026862,2.178945,0.490843,-0.520146
-1.206607,0.007328,-0.026862,2.179708,0.344322,-0.388278
-1.206607,-0.007326,-0.026862,2.180089,0.183149,-0.261294
-1.206607,0.007328,-0.026862,2.179708,0.065933,-0.188034
-1.206607,-0.007326,-0.031746,2.178563,-0.139196,-0.173382
-1.206607,-0.021978,-0.036630,2.177037,-0.285717,-0.192918
-1.206607,-0.007326,-0.046398,2.175129,-0.402931,-0.275947
-1.206607,-0.007326,-0.051282,2.172459,-0.534800,-0.422466
-1.206607,-0.021978,-0.056166,2.170170,-0.564104,-0.573871
-1.206607,-0.021978,-0.061050,2.168263,-0.505497,-0.705739
-1.206607,-0.007326,-0.065934,2.167118,-0.373629,-0.852259
-1.206607,-0.007326,-0.065934,2.166355,-0.256413,-0.974359
-1.206607,-0.007326,-0.065934,2.166737,-0.051285,-1.072039
-1.206607,-0.007326,-0.061050,2.167500,0.051283,-1.120879
-1.206607,-0.007326,-0.056166,2.168644,0.183149,-1.091575
-1.206607,-0.007326,-0.051282,2.170933,0.417582,-0.998779
-1.206607,0.007328,-0.046398,2.172840,0.505495,-0.905983
-1.206607,-0.007326,-0.041514,2.175129,0.534798,-0.764347
-1.206607,-0.007326,-0.031746,2.176656,0.461538,-0.617826
-1.206607,-0.007326,-0.026862,2.178182,0.388279,-0.456655
-1.206607,-0.007326,-0.026862,2.178563,0.256411,-0.329670
-1.206607,-0.021978,-0.026862,2.178563,0.080585,-0.236875
-1.206607,-0.007326,-0.031746,2.177800,-0.036633,-0.173382
-1.206607,-0.007326,-0.031746,2.176656,-0.168499,-0.158731
-1.206607,-0.021978,-0.041514,2.175129,-0.300367,-0.212454
-1.206607,-0.007326,-0.046398,2.172840,-0.476192,-0.334555
-1.206607,-0.007326,-0.051282,2.170170,-0.534800,-0.471307
-1.206607,-0.007326,-0.056166,2.168263,-0.534800,-0.603174
-1.206607,-0.007326,-0.061050,2.166737,-0.432236,-0.749695
-1.206607,0.007328,-0.065934,2.166355,-0.285717,-0.896214
-1.206607,-0.007326,-0.065934,2.166355,-0.124544,-1.013431
-1.206607,-0.021978,-0.061050,2.166737,0.007326,-1.101343
-1.206607,0.007328,-0.056166,2.167500,0.153847,-1.115995
-1.206607,-0.007326,-0.056166,2.169407,0.300365,-1.052503
-1.206607,-0.007326,-0.046398,2.172077,0.490843,-0.959707
-1.206607,-0.007326,-0.041514,2.174366,0.564102,-0.847375
-1.206607,-0.021978,-0.036630,2.176274,0.534798,-0.710623
-1.206607,-0.007326,-0.031746,2.178182,0.476191,-0.554335
-1.206607,0.007328,-0.026862,2.179326,0.373627,-0.417583
-1.206607,-0.021978,-0.026862,2.179326,0.197802,-0.295483
-1.206607,-0.007326,-0.026862,2.178945,0.065933,-0.202686
-1.206607,-0.021978,-0.031746,2.177800,-0.124544,-0.168498
-1.206607,-0.007326,-0.036630,2.176656,-0.227108,-0.168498
-1.206607,0.007328,-0.041514,2.174748,-0.344324,-0.251526
-1.206607,-0.007326,-0.046398,2.172459,-0.520149,-0.393163
-1.206607,-0.007326,-0.056166,2.169789,-0.578756,-0.534799
-1.206607,-0.021978,-0.061050,2.167881,-0.534800,-0.661782
-1.206607,-0.007326,-0.065934,2.166737,-0.388281,-0.818070
-1.206607,-0.007326,-0.065934,2.166355,-0.241760,-0.945055
-1.206607,-0.007326,-0.065934,2.166355,-0.080587,-1.057387
-1.206607,0.007328,-0.065934,2.166737,0.036631,-1.120879
-1.206607,-0.007326,-0.061050,2.167881,0.153847,-1.101343
-1.206607,-0.007326,-0.051282,2.170170,0.373627,-1.013431
-1.206607,-0.021978,-0.046398,2.172459,0.505495,-0.915751
-1.206607,-0.007326,-0.041514,2.174748,0.549450,-0.783883
-1.206607,0.007328,-0.036630,2.176274,0.476191,-0.642246
-1.206607,-0.007326,-0.031746,2.177800,0.417582,-0.481074
-1.206607,-0.007326,-0.026862,2.178563,0.285715,-0.344322
-1.206607,-0.007326,-0.026862,2.178563,0.153847,-0.241758
-1.206607,-0.021978,-0.031746,2.177800,-0.021980,-0.178267
-1.206607,-0.007326,-0.031746,2.177037,-0.139196,-0.153846
-1.206607,-0.007326,-0.036630,2.175511,-0.271065,-0.202686
-1.206607,-0.007326,-0.046398,2.173222,-0.432236,-0.319902
-1.206607,-0.007326,-0.051282,2.170933,-0.490845,-0.456655
-1.206607,-0.007326,-0.056166,2.169026,-0.520149,-0.598290
-1.206607,-0.021978,-0.065934,2.167881,-0.388281,-0.739926
-1.206607,-0.007326,-0.065934,2.167118,-0.256413,-0.891331
-1.206607,-0.007326,-0.065934,2.167118,-0.139196,-1.013431
-1.206607,-0.021978,-0.065934,2.167500,0.007326,-1.101343
-1.206607,-0.007326,-0.061050,2.168263,0.095238,-1.115995
-1.206607,0.007328,-0.056166,2.170170,0.315018,-1.052503
-1.206607,-0.007326,-0.046398,2.172459,0.476191,-0.974359
-1.206607,-0.007326,-0.041514,2.174748,0.534798,-0.857142
-1.206607,-0.007326,-0.036630,2.176656,0.490843,-0.720390
-1.206607,-0.007326,-0.031746,2.178182,0.461538,-0.554335
-1.206607,-0.007326,-0.026862,2.179326,0.329670,-0.412699
-1.206607,-0.007326,-0.026862,2.179326,0.183149,-0.290598
-1.206607,-0.021978,-0.026862,2.178945,0.036631,-0.207570
-1.206607,0.021980,-0.031746,2.177800,-0.139196,-0.168498
-1.206607,-0.007326,-0.036630,2.176656,-0.241760,-0.168498
-1.206607,0.007328,-0.041514,2.174748,-0.358976,-0.256411
-1.206607,-0.007326,-0.046398,2.172077,-0.534800,-0.398046
-1.206607,-0.021978,-0.051282,2.169407,-0.593409,-0.539682
-1.206607,-0.021978,-0.061050,2.167881,-0.505497,-0.671551
-1.206607,-0.007326,-0.065934,2.166355,-0.402931,-0.822955
-1.206607,-0.007326,-0.065934,2.165974,-0.227108,-0.954823
-1.206607,-0.007326,-0.065934,2.166355,-0.051285,-1.062271
-1.206607,-0.007326,-0.061050,2.166737,0.051283,-1.120879
-1.206607,-0.007326,-0.056166,2.168263,0.197802,-1.096459
-1.206607,-0.007326,-0.051282,2.170170,0.373627,-1.003663
-1.206607,0.007328,-0.046398,2.172459,0.534798,-0.896214
-1.206607,0.007328,-0.041514,2.174748,0.564102,-0.764347
-1.206607,0.007328,-0.036630,2.176656,0.461538,-0.627595
-1.206607,0.007328,-0.031746,2.177800,0.388279,-0.466422
-1.206607,0.007328,-0.026862,2.178182,0.285715,-0.324786
-1.206607,-0.007326,-0.026862,2.178182,0.124542,-0.231990
-1.206607,-0.007326,-0.026862,2.177800,-0.021980,-0.173382
-1.206607,-0.007326,-0.031746,2.176656,-0.139196,-0.158731
-1.206607,-0.021978,-0.036630,2.175129,-0.271065,-0.217339
-1.206607,0.007328,-0.046398,2.172840,-0.446888,-0.339438
-1.206607,0.007328,-0.051282,2.170933,-0.490845,-0.481074
-1.206607,-0.021978,-0.056166,2.169026,-0.476192,-0.627595
-1.206607,-0.021978,-0.065934,2.168263,-0.358976,-0.764347
-1.206607,-0.007326,-0.065934,2.167500,-0.227108,-0.915751
-1.206607,-0.007326,-0.065934,2.167881,-0.080587,-1.037851
-1.206607,-0.007326,-0.065934,2.168263,0.021978,-1.111111
-1.206607,0.007328,-0.061050,2.169407,0.153847,-1.101343
-1.206607,-0.007326,-0.051282,2.171314,0.373627,-1.042735
-1.206607,0.007328,-0.046398,2.173603,0.490843,-0.949939
-1.206607,0.007328,-0.041514,2.175892,0.549450,-0.822955
-1.206607,-0.007326,-0.036630,2.177800,0.520147,-0.671551
-1.206607,-0.007326,-0.031746,2.179326,0.432234,-0.525030
-1.206607,-0.007326,-0.026862,2.180089,0.315018,-0.378510
-1.206607,-0.007326,-0.026862,2.180471,0.168499,-0.256411
-1.206607,-0.007326,-0.026862,2.180089,0.036631,-0.188034
-1.206607,-0.007326,-0.031746,2.178563,-0.183151,-0.178267
-1.206607,-0.007326,-0.036630,2.177037,-0.315020,-0.202686
-1.206607,-0.007326,-0.041514,2.174748,-0.417583,-0.285714
-1.206607,-0.007326,-0.051282,2.172459,-0.534800,-0.432235
-1.206607,-0.021978,-0.056166,2.170170,-0.549452,-0.588523
-1.206607,-0.007326,-0.061050,2.168263,-0.505497,-0.725275
-1.206607,-0.007326,-0.065934,2.167500,-0.358976,-0.876678
-1.206607,-0.021978,-0.065934,2.166737,-0.241760,-1.003663
-1.206607,-0.021978,-0.061050,2.167118,-0.065935,-1.086691
-1.206607,0.007328,-0.061050,2.167881,0.080585,-1.115995
-1.206607,-0.007326,-0.056166,2.169026,0.212454,-1.067155
-1.206607,-0.007326,-0.046398,2.171314,0.373627,-0.974359
-1.206607,0.007328,-0.041514,2.173222,0.461538,-0.862027
-1.206607,-0.007326,-0.031746,2.175129,0.490843,-0.710623
-1.206607,-0.007326,-0.031746,2.176274,0.358974,-0.559218
-1.206607,-0.007326,-0.026862,2.177419,0.300365,-0.398046
-1.206607,-0.007326,-0.026862,2.177800,0.241758,-0.266178
-1.206607,-0.021978,-0.026862,2.177800,0.080585,-0.197803
-1.206607,-0.007326,-0.031746,2.177037,-0.080587,-0.163614
-1.206607,-0.007326,-0.036630,2.175511,-0.197803,-0.183150
-1.206607,0.007328,-0.041514,2.173603,-0.402931,-0.275947
-1.206607,-0.021978,-0.046398,2.171696,-0.432236,-0.388278
-1.206607,-0.021978,-0.056166,2.169789,-0.432236,-0.539682
-1.206607,-0.021978,-0.061050,2.168644,-0.388281,-0.686203
-1.206607,-0.021978,-0.061050,2.167881,-0.256413,-0.842491
-1.206607,0.007328,-0.065934,2.167500,-0.153849,-0.984127
-1.206607,0.007328,-0.061050,2.167881,-0.021980,-1.076923
-1.206607,-0.021978,-0.061050,2.168644,0.095238,-1.111111
-1.206607,-0.007326,-0.056166,2.170552,0.315018,-1.067155
-1.206607,-0.021978,-0.051282,2.172840,0.446886,-1.003663
-1.206607,-0.007326,-0.041514,2.175129,0.534798,-0.886447
-1.206607,-0.007326,-0.036630,2.177037,0.534798,-0.749695
-1.206607,-0.007326,-0.031746,2.178945,0.505495,-0.593407
-1.206607,-0.007326,-0.026862,2.180089,0.373627,-0.446886
-1.206607,-0.007326,-0.026862,2.180471,0.241758,-0.305250
-1.206607,-0.007326,-0.026862,2.180471,0.124542,-0.212454
-1.206607,-0.007326,-0.031746,2.179708,-0.036633,-0.178267
-1.206607,-0.007326,-0.036630,2.178182,-0.256413,-0.192918
-1.206607,-0.007326,-0.041514,2.176274,-0.373629,-0.241758
-1.206607,-0.007326,-0.046398,2.173985,-0.461540,-0.363858
-1.206607,-0.007326,-0.051282,2.171696,-0.520149,-0.520146
-1.206607,-0.007326,-0.056166,2.169789,-0.505497,-0.681318
-1.206607,-0.007326,-0.065934,2.168644,-0.402931,-0.818070
-1.206607,-0.007326,-0.065934,2.167881,-0.241760,-0.949939
-1.206607,-0.007326,-0.065934,2.168263,-0.095240,-1.052503
-1.206607,-0.007326,-0.061050,2.168644,0.051283,-1.101343
-1.206607,-0.007326,-0.056166,2.170170,0.212454,-1.086691
-1.206607,-0.007326,-0.051282,2.172077,0.329670,-1.028083
-1.206607,-0.007326,-0.046398,2.173985,0.476191,-0.901099
-1.206607,0.021980,-0.036630,2.176274,0.505495,-0.759462
-1.206607,-0.021978,-0.031746,2.177800,0.490843,-0.603174
-1.206607,-0.007326,-0.026862,2.178945,0.373627,-0.461538
-1.206607,-0.021978,-0.021978,2.179326,0.197802,-0.339438
-1.206607,-0.007326,-0.026862,2.178945,0.036631,-0.231990
-1.206607,-0.007326,-0.026862,2.178182,-0.095240,-0.168498
-1.206607,-0.007326,-0.031746,2.177037,-0.183151,-0.153846
-1.206607,-0.007326,-0.036630,2.175511,-0.300367,-0.227106
-1.206607,-0.007326,-0.046398,2.172840,-0.505497,-0.368742
-1.206607,-0.007326,-0.051282,2.170552,-0.534800,-0.515263
-1.206607,-0.021978,-0.056166,2.168644,-0.534800,-0.642246
-1.206607,-0.007326,-0.065934,2.167500,-0.373629,-0.793651
-1.206607,0.007328,-0.065934,2.166737,-0.227108,-0.940171
-1.206607,-0.021978,-0.065934,2.167118,-0.095240,-1.052503
-1.206607,-0.007326,-0.061050,2.167500,0.021978,-1.115995
-1.206607,-0.021978,-0.056166,2.168263,0.139194,-1.096459
-1.206607,-0.007326,-0.051282,2.170170,0.358974,-1.008547
-1.206607,-0.007326,-0.041514,2.172459,0.476191,-0.910867
-1.206607,0.007328,-0.036630,2.174366,0.505495,-0.774115
-1.206607,0.007328,-0.031746,2.175892,0.446886,-0.632479
-1.206607,-0.021978,-0.026862,2.177037,0.358974,-0.466422
-1.206607,-0.007326,-0.026862,2.177800,0.285715,-0.315019
-1.206607,0.007328,-0.026862,2.178182,0.139194,-0.222222
-1.206607,-0.021978,-0.031746,2.177419,-0.021980,-0.173382
-1.206607,-0.007326,-0.031746,2.176656,-0.139196,-0.168498
-1.206607,-0.007326,-0.041514,2.175129,-0.271065,-0.231990
-1.206607,-0.021978,-0.046398,2.172840,-0.432236,-0.349206
-1.206607,-0.007326,-0.051282,2.170933,-0.446888,-0.490843
-1.206607,-0.021978,-0.056166,2.169407,-0.432236,-0.647131
-1.206607,-0.007326,-0.061050,2.168644,-0.315020,-0.788767
-1.206607,-0.007326,-0.065934,2.168263,-0.139196,-0.935287
-1.206607,-0.021978,-0.065934,2.168644,-0.036633,-1.057387
-1.206607,-0.007326,-0.061050,2.169407,0.095238,-1.106227
-1.206607,0.007328,-0.056166,2.170933,0.271063,-1.091575
-1.206607,-0.007326,-0.051282,2.173222,0.432234,-1.032967
-1.206607,-0.007326,-0.046398,2.175511,0.534798,-0.905983
-1.206607,-0.007326,-0.036630,2.177800,0.578754,-0.774115
-1.206607,-0.021978,-0.031746,2.179708,0.549450,-0.637362
-1.206607,-0.007326,-0.031746,2.180852,0.388279,-0.481074
-1.206607,-0.007326,-0.026862,2.181615,0.300365,-0.329670
-1.206607,0.007328,-0.026862,2.181615,0.124542,-0.231990
-1.206607,-0.007326,-0.026862,2.180852,-0.021980,-0.178267
-1.206607,-0.007326,-0.031746,2.179708,-0.168499,-0.178267
-1.206607,-0.007326,-0.041514,2.177800,-0.344324,-0.251526
-1.206607,-0.007326,-0.046398,2.175511,-0.461540,-0.339438
-1.206607,-0.007326,-0.051282,2.173222,-0.505497,-0.490843
-1.206607,-0.021978,-0.056166,2.171314,-0.490845,-0.656898
-1.206607,-0.021978,-0.061050,2.170170,-0.432236,-0.818070
-1.206607,-0.007326,-0.061050,2.169407,-0.285717,-0.935287
-1.206607,-0.007326,-0.061050,2.169407,-0.080587,-1.032967
-1.206607,0.007328,-0.061050,2.170170,0.051283,-1.106227
-1.206607,-0.021978,-0.056166,2.170933,0.153847,-1.101343
-1.206607,-0.007326,-0.051282,2.172840,0.315018,-1.037851
-1.206607,0.007328,-0.046398,2.174748,0.417582,-0.901099
-1.206607,-0.007326,-0.036630,2.176656,0.446886,-0.764347
-1.206607,-0.007326,-0.031746,2.178563,0.461538,-0.608059
-1.206607,0.007328,-0.026862,2.179326,0.344322,-0.481074
-1.206607,-0.007326,-0.021978,2.179326,0.139194,-0.344322
-1.206607,-0.007326,-0.021978,2.178563,-0.007328,-0.227106
-1.206607,-0.007326,-0.026862,2.178182,-0.095240,-0.158731
-1.206607,-0.007326,-0.031746,2.177037,-0.183151,-0.153846
-1.206607,-0.007326,-0.036630,2.175129,-0.344324,-0.231990
-1.206607,-0.007326,-0.046398,2.172459,-0.505497,-0.373627
-1.206607,-0.021978,-0.051282,2.170170,-0.564104,-0.515263
-1.206607,-0.007326,-0.056166,2.168263,-0.520149,-0.647131
-1.206607,-0.021978,-0.065934,2.167118,-0.344324,-0.808303
-1.206607,-0.007326,-0.065934,2.166355,-0.256413,-0.954823
-1.206607,-0.007326,-0.065934,2.166737,-0.080587,-1.057387
-1.206607,-0.007326,-0.061050,2.167118,0.021978,-1.115995
-1.206607,0.007328,-0.056166,2.168263,0.168499,-1.096459
-1.206607,-0.021978,-0.051282,2.170170,0.329670,-0.998779
-1.206607,0.007328,-0.041514,2.172459,0.476191,-0.896214
-1.206607,0.007328,-0.036630,2.174366,0.490843,-0.749695
-1.206607,-0.007326,-0.031746,2.175511,0.417582,-0.603174
-1.206607,-0.007326,-0.026862,2.176274,0.285715,-0.446886
-1.206607,-0.007326,-0.026862,2.177037,0.212454,-0.295483
-1.206607,-0.007326,-0.026862,2.177419,0.153847,-0.192918
-1.206607,-0.007326,-0.031746,2.176656,0.007326,-0.163614
-1.206607,-0.007326,-0.036630,2.175511,-0.183151,-0.183150
-1.206607,-0.021978,-0.041514,2.173222,-0.373629,-0.266178
-1.206607,-0.007326,-0.046398,2.171696,-0.388281,-0.373627
-1.206607,-0.007326,-0.051282,2.170170,-0.417583,-0.520146
-1.206607,-0.007326,-0.061050,2.168644,-0.358976,-0.666667
-1.206607,-0.007326,-0.061050,2.168263,-0.241760,-0.832723
-1.206607,-0.007326,-0.061050,2.167881,-0.124544,-0.984127
-1.206607,-0.007326,-0.061050,2.168263,-0.021980,-1.076923
-1.206607,-0.007326,-0.056166,2.169407,0.139194,-1.106227
-1.206607,-0.021978,-0.056166,2.170933,0.329670,-1.072039
-1.206607,-0.021978,-0.046398,2.173222,0.476191,-0.998779
-1.206607,-0.021978,-0.041514,2.175892,0.564102,-0.876678
-1.206607,0.007328,-0.036630,2.177800,0.564102,-0.730159
-1.206607,-0.007326,-0.031746,2.179326,0.490843,-0.583638
-1.206607,0.007328,-0.026862,2.180471,0.358974,-0.427350
-1.206607,-0.007326,-0.026862,2.181234,0.241758,-0.285714
-1.206607,-0.021978,-0.026862,2.180852,0.124542,-0.202686
-1.206607,-0.007326,-0.026862,2.180089,-0.065935,-0.173382
-1.206607,0.007328,-0.031746,2.178563,-0.241760,-0.202686
-1.206607,-0.007326,-0.041514,2.176656,-0.373629,-0.271062
-1.206607,-0.007326,-0.046398,2.174748,-0.432236,-0.393163
-1.206607,-0.007326,-0.051282,2.172840,-0.490845,-0.559218
-1.206607,-0.021978,-0.056166,2.170933,-0.402931,-0.730159
-1.206607,-0.021978,-0.061050,2.170170,-0.344324,-0.881563
-1.206607,-0.007326,-0.061050,2.169789,-0.197803,-0.989011
-1.206607,0.007328,-0.061050,2.170170,-0.007328,-1.076923
-1.206607,-0.007326,-0.056166,2.170933,0.095238,-1.115995
-1.206607,-0.007326,-0.051282,2.172077,0.212454,-1.081807
-1.206607,-0.007326,-0.046398,2.173985,0.358974,-0.969475
-1.206607,0.007328,-0.041514,2.175892,0.432234,-0.842491
-1.206607,-0.007326,-0.031746,2.177800,0.461538,-0.681318
-1.206607,0.007328,-0.026862,2.178945,0.373627,-0.534799
-1.206607,-0.036631,-0.021978,2.178945,0.227106,-0.407814
-1.206607,0.007328,-0.021978,2.178563,0.036631,-0.275947
-1.206607,-0.007326,-0.026862,2.178182,-0.051285,-0.183150
-1.206607,-0.007326,-0.031746,2.177419,-0.139196,-0.148962
-1.206607,-0.007326,-0.031746,2.175892,-0.256413,-0.188034
-1.206607,-0.007326,-0.041514,2.173222,-0.461540,-0.315019
-1.206607,-0.021978,-0.051282,2.170933,-0.520149,-0.456655
-1.206607,-0.021978,-0.056166,2.169026,-0.534800,-0.593407
-1.206607,-0.021978,-0.061050,2.167881,-0.402931,-0.739926
-1.206607,-0.007326,-0.065934,2.167118,-0.256413,-0.901099
-1.206607,-0.007326,-0.065934,2.166737,-0.153849,-1.023199
-1.206607,-0.007326,-0.065934,2.167500,-0.021980,-1.101343
-1.206607,-0.007326,-0.061050,2.167881,0.095238,-1.111111
-1.206607,0.007328,-0.051282,2.169789,0.256411,-1.032967
-1.206607,-0.007326,-0.046398,2.171696,0.432234,-0.935287
-1.206607,-0.007326,-0.036630,2.173603,0.461538,-0.803419
-1.206607,-0.007326,-0.031746,2.175511,0.446886,-0.652015
-1.206607,-0.021978,-0.026862,2.175892,0.285715,-0.495727
-1.206607,-0.007326,-0.026862,2.176656,0.212454,-0.329670
-1.206607,0.007328,-0.026862,2.177037,0.153847,-0.212454
-1.206607,-0.007326,-0.031746,2.176656,0.051283,-0.168498
-1.206607,-0.007326,-0.031746,2.175511,-0.124544,-0.173382
-1.206607,-0.021978,-0.036630,2.173603,-0.315020,-0.246642
-1.206607,0.007328,-0.046398,2.172077,-0.402931,-0.344322
-1.206607,-0.021978,-0.051282,2.170170,-0.417583,-0.490843
-1.206607,-0.021978,-0.056166,2.169026,-0.373629,-0.632479
-1.206607,-0.007326,-0.065934,2.168263,-0.256413,-0.798534
-1.206607,-0.007326,-0.065934,2.167881,-0.153849,-0.959707
-1.206607,-0.007326,-0.065934,2.168263,-0.051285,-1.067155
-1.206607,-0.007326,-0.061050,2.169026,0.109890,-1.106227
-1.206607,-0.007326,-0.056166,2.170933,0.300365,-1.076923
-1.206607,-0.007326,-0.051282,2.172840,0.432234,-1.018315
-1.206607,0.007328,-0.046398,2.175129,0.534798,-0.891331
-1.206607,-0.007326,-0.036630,2.177419,0.534798,-0.749695
-1.206607,-0.007326,-0.031746,2.178945,0.505495,-0.593407
-1.206607,-0.007326,-0.026862,2.180089,0.358974,-0.446886
-1.206607,-0.007326,-0.026862,2.180471,0.241758,-0.305250
-1.206607,-0.007326,-0.026862,2.180471,0.095238,-0.207570
-1.206607,-0.007326,-0.031746,2.179708,-0.051285,-0.173382
-1.206607,0.007328,-0.036630,2.178182,-0.256413,-0.197803
-1.206607,0.007328,-0.041514,2.176274,-0.373629,-0.261294
-1.206607,0.007328,-0.046398,2.174366,-0.417583,-0.393163
-1.206607,-0.007326,-0.051282,2.172459,-0.490845,-0.559218
-1.206607,-0.007326,-0.056166,2.170933,-0.432236,-0.730159
-1.206607,-0.007326,-0.061050,2.169407,-0.344324,-0.876678
-1.206607,0.007328,-0.065934,2.169407,-0.168499,-0.984127
-1.206607,-0.021978,-0.061050,2.170170,0.007326,-1.076923
-1.206607,-0.007326,-0.061050,2.170933,0.109890,-1.111111
-1.206607,-0.007326,-0.056166,2.172077,0.227106,-1.081807
-1.206607,0.007328,-0.046398,2.173603,0.329670,-0.964591
-1.206607,-0.021978,-0.041514,2.175892,0.432234,-0.827839
-1.206607,0.007328,-0.036630,2.177419,0.461538,-0.671551
-1.206607,-0.007326,-0.026862,2.178563,0.388279,-0.520146
-1.206607,-0.007326,-0.026862,2.178945,0.183149,-0.398046
-1.206607,-0.007326,-0.021978,2.178563,0.021978,-0.266178
-1.206607,-0.007326,-0.026862,2.177800,-0.051285,-0.173382
-1.206607,-0.007326,-0.031746,2.177419,-0.124544,-0.148962
-1.206607,-0.007326,-0.036630,2.175511,-0.256413,-0.197803
-1.206607,-0.021978,-0.046398,2.173603,-0.417583,-0.334555
-1.206607,-0.007326,-0.051282,2.171314,-0.505497,-0.476191
-1.206607,-0.007326,-0.056166,2.169407,-0.490845,-0.622710
-1.206607,-0.021978,-0.061050,2.168644,-0.358976,-0.759462
-1.206607,-0.021978,-0.065934,2.168263,-0.168499,-0.910867
-1.206607,-0.007326,-0.065934,2.168263,-0.051285,-1.042735
-1.206607,-0.007326,-0.061050,2.168644,0.036631,-1.111111
-1.206607,-0.007326,-0.056166,2.170170,0.183149,-1.091575
-1.206607,-0.007326,-0.051282,2.171696,0.358974,-1.028083
-1.206607,0.007328,-0.046398,2.173985,0.461538,-0.901099
-1.206607,-0.007326,-0.036630,2.176274,0.520147,-0.759462
-1.206607,-0.007326,-0.031746,2.177800,0.461538,-0.603174
-1.206607,0.007328,-0.026862,2.178945,0.358974,-0.461538
-1.206607,-0.007326,-0.026862,2.178945,0.183149,-0.329670
-1.206607,-0.007326,-0.026862,2.178563,0.007326,-0.222222
-1.206607,-0.007326,-0.031746,2.178182,-0.080587,-0.163614
-1.206607,-0.007326,-0.036630,2.177037,-0.168499,-0.163614
-1.206607,-0.007326,-0.041514,2.175511,-0.285717,-0.246642
-1.206607,0.021980,-0.046398,2.173222,-0.446888,-0.402930
-1.206607,-0.021978,-0.056166,2.171314,-0.490845,-0.559218
-1.206607,-0.007326,-0.061050,2.169789,-0.461540,-0.710623
-1.206607,0.007328,-0.065934,2.169026,-0.300367,-0.837606
-1.206607,-0.021978,-0.065934,2.169026,-0.080587,-0.974359
-1.206607,-0.007326,-0.065934,2.169407,0.021978,-1.086691
-1.206607,-0.007326,-0.056166,2.170170,0.124542,-1.115995
-1.206607,-0.021978,-0.051282,2.171696,0.227106,-1.081807
-1.206607,0.007328,-0.046398,2.173603,0.373627,-0.969475
-1.206607,-0.007326,-0.036630,2.175892,0.505495,-0.822955
-1.206607,0.007328,-0.031746,2.177800,0.490843,-0.671551
-1.206607,-0.007326,-0.026862,2.178945,0.402931,-0.529915
-1.206607,0.007328,-0.021978,2.178945,0.227106,-0.398046
-1.206607,-0.021978,-0.026862,2.178563,0.051283,-0.266178
-1.206607,-0.007326,-0.026862,2.178182,-0.051285,-0.173382
-1.206607,-0.007326,-0.031746,2.177419,-0.109892,-0.148962
-1.206607,-0.007326,-0.036630,2.176274,-0.227108,-0.202686
-1.206607,-0.007326,-0.041514,2.173985,-0.402931,-0.339438
-1.206607,-0.007326,-0.051282,2.171696,-0.476192,-0.485958
-1.206607,-0.007326,-0.056166,2.169789,-0.490845,-0.642246
-1.206607,-0.007326,-0.061050,2.169026,-0.358976,-0.774115
-1.206607,-0.007326,-0.065934,2.168644,-0.168499,-0.915751
-1.206607,-0.007326,-0.065934,2.169026,-0.036633,-1.052503
-1.206607,-0.007326,-0.061050,2.169789,0.065933,-1.111111
-1.206607,-0.007326,-0.056166,2.170933,0.212454,-1.096459
-1.206607,0.007328,-0.046398,2.172459,0.315018,-1.023199
-1.206607,0.007328,-0.041514,2.174748,0.461538,-0.876678
-1.206607,-0.007326,-0.036630,2.176656,0.461538,-0.739926
-1.206607,-0.007326,-0.026862,2.178182,0.461538,-0.583638
-1.206607,-0.007326,-0.026862,2.178945,0.329670,-0.446886
-1.206607,-0.007326,-0.026862,2.178945,0.109890,-0.315019
-1.206607,0.007328,-0.026862,2.178563,-0.007328,-0.207570
-1.206607,-0.007326,-0.031746,2.177800,-0.065935,-0.153846
-1.206607,-0.021978,-0.036630,2.177037,-0.153849,-0.168498
-1.206607,-0.007326,-0.041514,2.175129,-0.300367,-0.271062
-1.206607,0.007328,-0.051282,2.172840,-0.461540,-0.427350
-1.206607,-0.007326,-0.056166,2.170933,-0.461540,-0.583638
-1.206607,-0.036631,-0.061050,2.169407,-0.417583,-0.730159
-1.206607,0.007328,-0.065934,2.169026,-0.256413,-0.857142
-1.206607,-0.007326,-0.065934,2.169407,-0.065935,-0.998779
-1.206607,-0.007326,-0.065934,2.169789,0.021978,-1.101343
-1.206607,-0.007326,-0.061050,2.170552,0.124542,-1.115995
-1.206607,-0.007326,-0.051282,2.172077,0.241758,-1.067155
-1.206607,-0.007326,-0.046398,2.173985,0.373627,-0.930403
-1.206607,0.007328,-0.036630,2.175892,0.476191,-0.793651
-1.206607,0.007328,-0.031746,2.177800,0.461538,-0.637362
-1.206607,0.007328,-0.026862,2.178563,0.358974,-0.495727
-1.206607,0.007328,-0.021978,2.178563,0.139194,-0.363858
-1.206607,-0.007326,-0.026862,2.178182,0.007326,-0.236875
-1.206607,0.007328,-0.026862,2.177800,-0.036633,-0.158731
-1.206607,0.007328,-0.031746,2.177037,-0.124544,-0.153846
-1.206607,-0.007326,-0.041514,2.175511,-0.271065,-0.231990
-1.206607,-0.021978,-0.046398,2.173222,-0.432236,-0.378510
-1.206607,-0.007326,-0.051282,2.171314,-0.446888,-0.529915
-1.206607,-0.007326,-0.056166,2.169789,-0.432236,-0.681318
-1.206607,-0.007326,-0.065934,2.169407,-0.285717,-0.818070
-1.206607,-0.007326,-0.065934,2.169407,-0.095240,-0.959707
-1.206607,0.007328,-0.061050,2.169789,0.007326,-1.076923
-1.206607,-0.021978,-0.056166,2.170552,0.109890,-1.115995
-1.206607,-0.007326,-0.051282,2.171314,0.197802,-1.086691
-1.206607,0.007328,-0.046398,2.173603,0.358974,-0.979243
-1.206607,-0.007326,-0.041514,2.175892,0.490843,-0.837606
-1.206607,-0.007326,-0.031746,2.177419,0.461538,-0.691087
-1.206607,-0.007326,-0.026862,2.178563,0.388279,-0.539682
-1.206607,0.007328,-0.026862,2.178945,0.212454,-0.402930
-1.206607,-0.007326,-0.026862,2.178563,0.036631,-0.271062
-1.206607,-0.007326,-0.026862,2.178182,-0.021980,-0.173382
-1.206607,-0.007326,-0.031746,2.177419,-0.095240,-0.148962
-1.206607,0.007328,-0.036630,2.176274,-0.212456,-0.197803
-1.206607,-0.007326,-0.041514,2.173985,-0.388281,-0.334555
-1.206607,-0.007326,-0.051282,2.172077,-0.461540,-0.481074
-1.206607,-0.007326,-0.056166,2.170170,-0.446888,-0.642246
-1.206607,-0.007326,-0.061050,2.169407,-0.315020,-0.783883
-1.206607,-0.007326,-0.065934,2.169407,-0.139196,-0.920635
-1.206607,0.007328,-0.065934,2.169789,-0.007328,-1.057387
-1.206607,-0.007326,-0.061050,2.170170,0.051283,-1.115995
-1.206607,-0.007326,-0.056166,2.171314,0.168499,-1.106227
-1.206607,0.007328,-0.046398,2.172840,0.315018,-1.013431
-1.206607,-0.007326,-0.036630,2.175129,0.446886,-0.866911
-1.206607,0.007328,-0.031746,2.177037,0.446886,-0.725275
-1.206607,0.007328,-0.026862,2.178182,0.388279,-0.568987
-1.206607,-0.021978,-0.021978,2.178563,0.241758,-0.432235
-1.206607,-0.007326,-0.026862,2.178182,0.065933,-0.300366
-1.206607,-0.007326,-0.026862,2.177800,-0.021980,-0.188034
-1.206607,-0.007326,-0.031746,2.177419,-0.080587,-0.144078
-1.206607,-0.007326,-0.036630,2.176274,-0.183151,-0.183150
-1.206607,-0.007326,-0.041514,2.174748,-0.315020,-0.300366
-1.206607,-0.007326,-0.046398,2.172459,-0.446888,-0.446886
-1.206607,-0.007326,-0.056166,2.170933,-0.417583,-0.608059
-1.206607,-0.021978,-0.061050,2.169789,-0.329672,-0.754579
-1.206607,0.007328,-0.065934,2.169789,-0.153849,-0.891331
-1.206607,-0.021978,-0.065934,2.170170,-0.021980,-1.037851
-1.206607,-0.021978,-0.061050,2.170170,0.036631,-1.115995
-1.206607,-0.007326,-0.056166,2.171314,0.139194,-1.111111
-1.206607,-0.007326,-0.046398,2.172840,0.300365,-1.037851
-1.206607,-0.007326,-0.041514,2.174748,0.417582,-0.901099
-1.206607,0.007328,-0.031746,2.176656,0.417582,-0.764347
-1.206607,-0.007326,-0.026862,2.177800,0.388279,-0.603174
-1.206607,-0.007326,-0.026862,2.178182,0.227106,-0.456655
-1.206607,0.007328,-0.026862,2.178182,0.065933,-0.315019
-1.206607,-0.021978,-0.026862,2.177800,-0.007328,-0.197803
-1.206607,-0.021978,-0.031746,2.177419,-0.065935,-0.144078
-1.206607,-0.007326,-0.036630,2.176274,-0.153849,-0.168498
-1.206607,-0.007326,-0.041514,2.174748,-0.285717,-0.271062
-1.206607,-0.007326,-0.046398,2.172840,-0.432236,-0.417583
-1.206607,-0.021978,-0.056166,2.171314,-0.388281,-0.573871
-1.206607,-0.007326,-0.061050,2.170170,-0.329672,-0.735043
-1.206607,-0.007326,-0.065934,2.170170,-0.183151,-0.876678
-1.206607,-0.007326,-0.065934,2.170170,-0.051285,-1.023199
-1.206607,-0.007326,-0.061050,2.170552,0.036631,-1.111111
-1.206607,-0.007326,-0.056166,2.171314,0.124542,-1.115995
-1.206607,-0.007326,-0.046398,2.172840,0.271063,-1.052503
-1.206607,-0.007326,-0.041514,2.174748,0.417582,-0.920635
-1.206607,-0.007326,-0.031746,2.176274,0.417582,-0.788767
-1.206607,-0.007326,-0.031746,2.177800,0.373627,-0.627595
-1.206607,-0.007326,-0.026862,2.178182,0.256411,-0.476191
-1.206607,0.007328,-0.026862,2.178182,0.080585,-0.334555
-1.206607,-0.007326,-0.026862,2.177800,-0.007328,-0.207570
-1.206607,-0.007326,-0.031746,2.177419,-0.036633,-0.148962
-1.206607,-0.007326,-0.036630,2.176274,-0.168499,-0.163614
-1.206607,-0.007326,-0.041514,2.174748,-0.271065,-0.256411
-1.206607,-0.007326,-0.046398,2.172840,-0.432236,-0.398046
-1.206607,-0.021978,-0.051282,2.171314,-0.358976,-0.549451
-1.206607,-0.007326,-0.061050,2.170170,-0.315020,-0.715507
-1.206607,-0.007326,-0.065934,2.170170,-0.168499,-0.862027
-1.206607,-0.007326,-0.065934,2.170170,-0.051285,-1.008547
-1.206607,-0.021978,-0.065934,2.170552,0.021978,-1.106227
-1.206607,0.007328,-0.061050,2.171314,0.124542,-1.115995
-1.206607,0.007328,-0.051282,2.172840,0.271063,-1.057387
-1.206607,-0.007326,-0.041514,2.174748,0.417582,-0.935287
-1.206607,-0.007326,-0.036630,2.176274,0.388279,-0.808303
-1.206607,0.007328,-0.031746,2.177800,0.373627,-0.642246
-1.206607,-0.007326,-0.026862,2.178182,0.256411,-0.485958
-1.206607,-0.007326,-0.021978,2.177800,0.080585,-0.344322
-1.206607,-0.021978,-0.026862,2.177800,0.007326,-0.217339
-1.206607,-0.007326,-0.026862,2.177419,-0.051285,-0.153846
-1.206607,-0.007326,-0.036630,2.176274,-0.139196,-0.158731
-1.206607,-0.007326,-0.041514,2.174748,-0.271065,-0.251526
-1.206607,-0.021978,-0.046398,2.172840,-0.402931,-0.388278
-1.206607,-0.007326,-0.056166,2.171314,-0.373629,-0.539682
-1.206607,-0.021978,-0.061050,2.170552,-0.315020,-0.710623
-1.206607,-0.021978,-0.065934,2.170170,-0.183151,-0.862027
-1.206607,-0.007326,-0.065934,2.170552,-0.036633,-1.003663
-1.206607,-0.007326,-0.065934,2.170552,0.021978,-1.101343
-1.206607,-0.007326,-0.061050,2.171314,0.109890,-1.115995
-1.206607,-0.007326,-0.051282,2.172840,0.271063,-1.057387
-1.206607,-0.007326,-0.046398,2.175129,0.417582,-0.945055
-1.206607,0.007328,-0.036630,2.176274,0.373627,-0.818070
-1.206607,-0.007326,-0.026862,2.177419,0.373627,-0.647131
-1.206607,0.007328,-0.021978,2.178182,0.241758,-0.490843
-1.206607,-0.007326,-0.021978,2.177800,0.080585,-0.344322
-1.206607,-0.021978,-0.026862,2.177800,-0.007328,-0.217339
-1.206607,-0.007326,-0.026862,2.177037,-0.065935,-0.153846
-1.206607,-0.021978,-0.036630,2.176274,-0.153849,-0.158731
-1.206607,0.007328,-0.041514,2.174366,-0.285717,-0.251526
-1.206607,-0.007326,-0.046398,2.172840,-0.388281,-0.378510
-1.206607,-0.021978,-0.051282,2.171314,-0.344324,-0.534799
-1.206607,-0.021978,-0.061050,2.170552,-0.300367,-0.715507
-1.206607,-0.007326,-0.065934,2.170170,-0.168499,-0.862027
-1.206607,-0.007326,-0.065934,2.170170,-0.021980,-1.008547
-1.206607,-0.007326,-0.065934,2.170933,0.036631,-1.101343
-1.206607,-0.007326,-0.056166,2.171696,0.124542,-1.115995
-1.206607,-0.007326,-0.051282,2.173222,0.300365,-1.047619
-1.206607,0.021980,-0.041514,2.175129,0.402931,-0.945055
-1.206607,-0.007326,-0.031746,2.176274,0.388279,-0.818070
-1.206607,0.007328,-0.026862,2.177800,0.358974,-0.642246
-1.206607,-0.007326,-0.021978,2.178182,0.256411,-0.485958
-1.206607,-0.007326,-0.021978,2.177800,0.065933,-0.339438
-1.206607,-0.007326,-0.021978,2.177800,-0.007328,-0.212454
-1.206607,-0.007326,-0.026862,2.177037,-0.065935,-0.153846
-1.206607,-0.007326,-0.036630,2.175892,-0.197803,-0.163614
-1.206607,0.007328,-0.041514,2.174366,-0.300367,-0.256411
-1.206607,-0.021978,-0.046398,2.172840,-0.388281,-0.383394
-1.206607,-0.007326,-0.056166,2.171314,-0.344324,-0.544566
-1.206607,-0.007326,-0.061050,2.170552,-0.300367,-0.715507
-1.206607,-0.007326,-0.065934,2.170170,-0.153849,-0.862027
-1.206607,-0.007326,-0.065934,2.170552,-0.021980,-1.018315
-1.206607,-0.007326,-0.065934,2.170933,0.036631,-1.106227
-1.206607,0.007328,-0.061050,2.171696,0.139194,-1.111111
-1.206607,-0.007326,-0.051282,2.173222,0.285715,-1.042735
-1.206607,-0.007326,-0.046398,2.175129,0.417582,-0.935287
-1.206607,-0.007326,-0.036630,2.176656,0.373627,-0.803419
-1.206607,-0.007326,-0.026862,2.177800,0.344322,-0.627595
-1.206607,-0.007326,-0.021978,2.178182,0.212454,-0.476191
-1.206607,-0.021978,-0.021978,2.177800,0.051283,-0.329670
-1.206607,0.007328,-0.021978,2.177800,-0.036633,-0.207570
-1.206607,-0.007326,-0.026862,2.177037,-0.095240,-0.148962
-1.206607,-0.007326,-0.036630,2.175892,-0.227108,-0.168498
-1.206607,-0.007326,-0.041514,2.173985,-0.329672,-0.271062
-1.206607,-0.021978,-0.046398,2.172459,-0.373629,-0.398046
-1.206607,-0.007326,-0.056166,2.170933,-0.344324,-0.564102
-1.206607,-0.021978,-0.061050,2.170170,-0.271065,-0.730159
-1.206607,-0.021978,-0.065934,2.170170,-0.109892,-0.881563
-1.206607,-0.007326,-0.070818,2.170170,-0.021980,-1.032967
-1.206607,-0.007326,-0.065934,2.170933,0.036631,-1.111111
-1.206607,0.007328,-0.061050,2.171696,0.183149,-1.106227
-1.206607,-0.007326,-0.051282,2.173603,0.329670,-1.028083
-1.206607,-0.007326,-0.041514,2.175511,0.417582,-0.920635
-1.206607,0.007328,-0.031746,2.177037,0.388279,-0.778998
-1.206607,-0.007326,-0.026862,2.178182,0.344322,-0.612943
-1.206607,-0.007326,-0.021978,2.178182,0.183149,-0.461538
-1.206607,-0.007326,-0.021978,2.177800,0.021978,-0.310134
-1.206607,-0.007326,-0.021978,2.177419,-0.051285,-0.192918
-1.206607,-0.007326,-0.026862,2.176656,-0.095240,-0.148962
-1.206607,0.007328,-0.036630,2.175511,-0.212456,-0.183150
-1.206607,-0.021978,-0.041514,2.173603,-0.358976,-0.290598
-1.206607,-0.021978,-0.046398,2.172077,-0.373629,-0.417583
-1.206607,-0.007326,-0.056166,2.170552,-0.344324,-0.588523
-1.206607,0.007328,-0.061050,2.170170,-0.256413,-0.749695
-1.206607,-0.007326,-0.065934,2.170170,-0.095240,-0.905983
-1.206607,-0.007326,-0.065934,2.170552,-0.007328,-1.052503
-1.206607,-0.007326,-0.061050,2.170933,0.080585,-1.115995
-1.206607,-0.007326,-0.056166,2.172077,0.212454,-1.101343
-1.206607,-0.007326,-0.051282,2.173985,0.344322,-1.008547
-1.206607,-0.007326,-0.041514,2.175892,0.417582,-0.901099
-1.206607,0.007328,-0.031746,2.177419,0.388279,-0.749695
-1.206607,-0.007326,-0.021978,2.178182,0.329670,-0.583638
-1.206607,-0.007326,-0.021978,2.178182,0.153847,-0.432235
-1.206607,-0.007326,-0.021978,2.177800,0.007326,-0.285714
-1.206607,-0.021978,-0.026862,2.177419,-0.036633,-0.183150
-1.206607,0.007328,-0.031746,2.176656,-0.124544,-0.148962
-1.206607,0.007328,-0.041514,2.175129,-0.256413,-0.202686
-1.206607,-0.007326,-0.046398,2.173222,-0.402931,-0.315019
-1.206607,-0.036631,-0.056166,2.171696,-0.358976,-0.451771
-1.206607,-0.007326,-0.061050,2.170552,-0.329672,-0.622710
-1.206607,-0.007326,-0.065934,2.169789,-0.212456,-0.778998
-1.206607,-0.007326,-0.065934,2.170170,-0.051285,-0.940171
-1.206607,-0.007326,-0.065934,2.170552,0.021978,-1.072039
-1.206607,-0.007326,-0.065934,2.170933,0.080585,-1.111111
-1.206607,0.007328,-0.056166,2.172459,0.241758,-1.081807
-1.206607,-0.007326,-0.046398,2.174748,0.373627,-0.979243
-1.206607,-0.007326,-0.036630,2.176274,0.402931,-0.866911
-1.206607,0.007328,-0.026862,2.177800,0.388279,-0.710623
-1.206607,-0.007326,-0.021978,2.178563,0.300365,-0.549451
-1.206607,-0.007326,-0.017094,2.178182,0.095238,-0.398046
-1.206607,-0.007326,-0.017094,2.177800,-0.007328,-0.256411
-1.206607,-0.021978,-0.026862,2.177419,-0.065935,-0.168498
-1.206607,-0.007326,-0.031746,2.176274,-0.153849,-0.153846
-1.206607,0.007328,-0.041514,2.174748,-0.315020,-0.227106
-1.206607,-0.007326,-0.051282,2.172840,-0.417583,-0.344322
-1.206607,-0.036631,-0.056166,2.171314,-0.373629,-0.495727
-1.206607,-0.007326,-0.061050,2.170170,-0.329672,-0.661782
-1.206607,-0.007326,-0.070818,2.170170,-0.168499,-0.818070
-1.206607,-0.021978,-0.070818,2.170170,-0.036633,-0.979243
-1.206607,0.007328,-0.065934,2.170552,0.021978,-1.091575
-1.206607,-0.007326,-0.061050,2.171314,0.139194,-1.115995
-1.206607,-0.007326,-0.051282,2.172840,0.285715,-1.062271
-1.206607,0.007328,-0.046398,2.175129,0.432234,-0.954823
-1.206607,0.007328,-0.031746,2.176656,0.417582,-0.827839
-1.206607,0.007328,-0.026862,2.178182,0.388279,-0.661782
-1.206607,-0.007326,-0.017094,2.178182,0.241758,-0.510379
-1.206607,-0.007326,-0.017094,2.178182,0.051283,-0.358974
-1.206607,-0.007326,-0.021978,2.177800,-0.021980,-0.222222
-1.206607,-0.007326,-0.026862,2.177037,-0.080587,-0.153846
-1.206607,-0.021978,-0.036630,2.175892,-0.197803,-0.163614
-1.206607,-0.007326,-0.046398,2.173985,-0.344324,-0.261294
-1.206607,-0.021978,-0.051282,2.172077,-0.388281,-0.388278
-1.206607,-0.021978,-0.061050,2.170933,-0.373629,-0.544566
-1.206607,-0.007326,-0.070818,2.170170,-0.271065,-0.710623
-1.206607,-0.021978,-0.070818,2.170170,-0.109892,-0.866911
-1.206607,-0.007326,-0.070818,2.170170,-0.007328,-1.023199
-1.206607,-0.007326,-0.061050,2.170552,0.065933,-1.106227
-1.206607,-0.007326,-0.056166,2.171696,0.183149,-1.106227
-1.206607,0.007328,-0.051282,2.173603,0.329670,-1.028083
-1.206607,0.007328,-0.041514,2.175511,0.432234,-0.910867
-1.206607,0.007328,-0.031746,2.177037,0.417582,-0.774115
-1.206607,-0.007326,-0.021978,2.178182,0.344322,-0.612943
-1.206607,-0.007326,-0.017094,2.178182,0.183149,-0.461538
-1.206607,0.007328,-0.017094,2.177800,0.021978,-0.305250
-1.206607,0.007328,-0.021978,2.177419,-0.065935,-0.192918
-1.206607,-0.021978,-0.026862,2.176656,-0.124544,-0.148962
-1.206607,0.007328,-0.041514,2.175129,-0.256413,-0.192918
-1.206607,-0.007326,-0.046398,2.173222,-0.402931,-0.305250
-1.206607,-0.036631,-0.051282,2.171696,-0.373629,-0.437119
-1.206607,-0.021978,-0.065934,2.170552,-0.329672,-0.608059
-1.206607,0.007328,-0.070818,2.170170,-0.227108,-0.769231
-1.206607,-0.021978,-0.070818,2.170170,-0.051285,-0.930403
-1.206607,-0.007326,-0.065934,2.170552,0.007326,-1.062271
-1.206607,-0.007326,-0.061050,2.170933,0.095238,-1.115995
-1.206607,-0.007326,-0.056166,2.172459,0.241758,-1.086691
-1.206607,-0.007326,-0.046398,2.174366,0.373627,-0.984127
-1.206607,-0.007326,-0.036630,2.176274,0.402931,-0.866911
-1.206607,0.007328,-0.026862,2.177800,0.402931,-0.705739
-1.206607,0.007328,-0.021978,2.178563,0.285715,-0.554335
-1.206607,0.007328,-0.012210,2.178182,0.095238,-0.398046
-1.206607,-0.007326,-0.017094,2.177800,-0.021980,-0.251526
-1.206607,-0.021978,-0.026862,2.177037,-0.080587,-0.168498
-1.206607,0.007328,-0.031746,2.176274,-0.168499,-0.158731
-1.206607,0.007328,-0.041514,2.174366,-0.315020,-0.236875
-1.206607,-0.007326,-0.051282,2.172459,-0.417583,-0.354091
-1.206607,-0.021978,-0.056166,2.170933,-0.373629,-0.505494
-1.206607,-0.007326,-0.065934,2.170170,-0.300367,-0.671551
-1.206607,0.007328,-0.065934,2.170170,-0.139196,-0.827839
-1.206607,-0.007326,-0.070818,2.170170,-0.036633,-0.993895
-1.206607,-0.007326,-0.065934,2.170552,0.036631,-1.096459
-1.206607,-0.007326,-0.061050,2.171696,0.153847,-1.111111
-1.206607,-0.007326,-0.051282,2.173222,0.300365,-1.047619
-1.206607,-0.007326,-0.041514,2.175129,0.446886,-0.935287
-1.206607,0.021980,-0.031746,2.177037,0.446886,-0.803419
-1.206607,-0.007326,-0.021978,2.178182,0.373627,-0.642246
-1.206607,-0.007326,-0.017094,2.178563,0.212454,-0.490843
-1.206607,-0.007326,-0.017094,2.178182,0.021978,-0.334555
-1.206607,-0.007326,-0.021978,2.177419,-0.051285,-0.207570
-1.206607,0.007328,-0.026862,2.177037,-0.109892,-0.153846
-1.206607,-0.007326,-0.036630,2.175511,-0.227108,-0.183150
-1.206607,0.007328,-0.046398,2.173222,-0.373629,-0.290598
-1.206607,-0.021978,-0.051282,2.171696,-0.402931,-0.417583
-1.206607,-0.007326,-0.061050,2.170552,-0.358976,-0.583638
-1.206607,-0.021978,-0.070818,2.170170,-0.227108,-0.744811
-1.206607,-0.007326,-0.070818,2.170170,-0.080587,-0.905983
-1.206607,0.007328,-0.070818,2.170552,-0.007328,-1.052503
-1.206607,-0.007326,-0.065934,2.170933,0.080585,-1.115995
-1.206607,-0.007326,-0.056166,2.172459,0.212454,-1.096459
-1.206607,0.007328,-0.046398,2.174366,0.373627,-0.993895
-1.206607,-0.007326,-0.041514,2.175892,0.446886,-0.876678
-1.206607,0.007328,-0.031746,2.177419,0.417582,-0.725275
-1.206607,-0.007326,-0.021978,2.178182,0.300365,-0.564102
-1.206607,-0.007326,-0.017094,2.178182,0.109890,-0.412699
-1.206607,-0.007326,-0.017094,2.177800,-0.021980,-0.261294
-1.206607,-0.007326,-0.021978,2.177037,-0.051285,-0.173382
-1.206607,-0.007326,-0.031746,2.176274,-0.168499,-0.158731
-1.206607,0.007328,-0.041514,2.174366,-0.300367,-0.231990
-1.206607,0.007328,-0.051282,2.172459,-0.402931,-0.349206
-1.206607,-0.036631,-0.056166,2.170933,-0.388281,-0.500610
-1.206607,-0.007326,-0.065934,2.170170,-0.300367,-0.666667
-1.206607,-0.007326,-0.070818,2.170170,-0.139196,-0.822955
-1.206607,0.007328,-0.070818,2.170170,-0.021980,-0.989011
-1.206607,-0.007326,-0.065934,2.170552,0.065933,-1.091575
-1.206607,-0.007326,-0.061050,2.171696,0.153847,-1.111111
-1.206607,0.007328,-0.051282,2.173222,0.300365,-1.047619
-1.206607,-0.007326,-0.041514,2.175511,0.432234,-0.935287
-1.206607,0.007328,-0.031746,2.177037,0.432234,-0.798534
-1.206607,0.007328,-0.021978,2.178182,0.373627,-0.637362
-1.206607,-0.021978,-0.017094,2.178182,0.197802,-0.485958
-1.206607,-0.007326,-0.012210,2.177800,0.051283,-0.329670
-1.206607,-0.021978,-0.017094,2.177419,-0.036633,-0.207570
-1.206607,-0.007326,-0.026862,2.176656,-0.109892,-0.153846
-1.206607,-0.007326,-0.036630,2.175511,-0.241760,-0.183150
-1.206607,-0.007326,-0.046398,2.173222,-0.388281,-0.295483
-1.206607,-0.007326,-0.051282,2.171696,-0.388281,-0.427350
-1.206607,-0.021978,-0.061050,2.170552,-0.329672,-0.593407
-1.206607,-0.007326,-0.070818,2.170170,-0.227108,-0.754579
-1.206607,-0.021978,-0.070818,2.170170,-0.080587,-0.920635
-1.206607,-0.007326,-0.070818,2.170552,-0.007328,-1.062271
-1.206607,-0.007326,-0.065934,2.170933,0.095238,-1.111111
-1.206607,0.007328,-0.061050,2.172459,0.227106,-1.086691
-1.206607,0.007328,-0.051282,2.174366,0.373627,-0.984127
-1.206607,0.007328,-0.041514,2.176274,0.417582,-0.862027
-1.206607,-0.007326,-0.026862,2.177800,0.388279,-0.705739
-1.206607,0.007328,-0.017094,2.178182,0.271063,-0.549451
-1.206607,-0.007326,-0.012210,2.178182,0.095238,-0.393163
-1.206607,-0.007326,-0.017094,2.177800,-0.021980,-0.246642
-1.206607,-0.021978,-0.021978,2.177037,-0.065935,-0.168498
-1.206607,-0.021978,-0.026862,2.175892,-0.197803,-0.163614
-1.206607,-0.007326,-0.041514,2.173985,-0.329672,-0.246642
-1.206607,-0.007326,-0.046398,2.172459,-0.402931,-0.368742
-1.206607,-0.021978,-0.056166,2.170933,-0.358976,-0.525030
-1.206607,-0.007326,-0.065934,2.170170,-0.271065,-0.691087
-1.206607,-0.007326,-0.070818,2.170170,-0.124544,-0.852259
-1.206607,-0.007326,-0.070818,2.170170,-0.021980,-1.013431
-1.206607,-0.007326,-0.070818,2.170933,0.065933,-1.101343
-1.206607,0.021980,-0.061050,2.172077,0.183149,-1.106227
-1.206607,-0.007326,-0.051282,2.173603,0.300365,-1.028083
-1.206607,-0.007326,-0.041514,2.175511,0.432234,-0.915751
-1.206607,-0.007326,-0.031746,2.177037,0.417582,-0.769231
-1.206607,-0.007326,-0.021978,2.178182,0.344322,-0.608059
-1.206607,0.007328,-0.017094,2.178182,0.139194,-0.451771
-1.206607,-0.007326,-0.017094,2.177800,0.021978,-0.300366
-1.206607,0.007328,-0.021978,2.177419,-0.036633,-0.188034
-1.206607,-0.007326,-0.026862,2.176274,-0.153849,-0.153846
-1.206607,-0.007326,-0.036630,2.174748,-0.271065,-0.212454
-1.206607,-0.007326,-0.046398,2.172840,-0.417583,-0.324786
-1.206607,-0.021978,-0.056166,2.171314,-0.373629,-0.466422
-1.206607,-0.021978,-0.065934,2.170552,-0.329672,-0.632479
-1.206607,-0.007326,-0.070818,2.170170,-0.168499,-0.798534
-1.206607,-0.007326,-0.075702,2.170170,-0.036633,-0.964591
-1.206607,-0.007326,-0.070818,2.170552,0.021978,-1.081807
-1.206607,0.007328,-0.065934,2.171314,0.139194,-1.111111
-1.206607,0.007328,-0.056166,2.173222,0.285715,-1.062271
-1.206607,-0.021978,-0.046398,2.175129,0.417582,-0.949939
-1.206607,0.007328,-0.036630,2.176656,0.402931,-0.822955
-1.206607,0.007328,-0.026862,2.177800,0.402931,-0.656898
-1.206607,-0.007326,-0.017094,2.178182,0.227106,-0.505494
-1.206607,-0.021978,-0.012210,2.177800,0.065933,-0.344322
-1.206607,-0.007326,-0.017094,2.177419,-0.021980,-0.217339
-1.206607,-0.007326,-0.021978,2.177037,-0.109892,-0.158731
-1.206607,-0.007326,-0.031746,2.175511,-0.241760,-0.183150
-1.206607,0.021980,-0.041514,2.173222,-0.402931,-0.285714
-1.206607,-0.007326,-0.051282,2.172077,-0.388281,-0.412699
-1.206607,-0.036631,-0.056166,2.170552,-0.373629,-0.583638
-1.206607,-0.007326,-0.065934,2.170170,-0.227108,-0.749695
-1.206607,-0.007326,-0.070818,2.170170,-0.065935,-0.910867
-1.206607,-0.007326,-0.070818,2.170552,-0.007328,-1.052503
-1.206607,-0.007326,-0.065934,2.170933,0.080585,-1.111111
-1.206607,-0.007326,-0.056166,2.172459,0.241758,-1.081807
-1.206607,-0.007326,-0.046398,2.174366,0.358974,-0.979243
-1.206607,0.007328,-0.036630,2.176274,0.432234,-0.862027
-1.206607,0.007328,-0.026862,2.177419,0.402931,-0.700854
-1.206607,-0.007326,-0.012210,2.178182,0.285715,-0.544566
-1.206607,-0.007326,-0.012210,2.178182,0.095238,-0.388278
-1.206607,-0.007326,-0.012210,2.177800,-0.021980,-0.241758
-1.206607,0.007328,-0.021978,2.177037,-0.080587,-0.168498
-1.206607,-0.021978,-0.026862,2.175892,-0.183151,-0.168498
-1.206607,0.007328,-0.036630,2.173985,-0.344324,-0.256411
-1.206607,0.007328,-0.051282,2.172077,-0.402931,-0.378510
-1.206607,-0.036631,-0.056166,2.170933,-0.344324,-0.539682
-1.206607,-0.021978,-0.065934,2.170170,-0.256413,-0.710623
-1.206607,-0.007326,-0.075702,2.170170,-0.095240,-0.871795
-1.206607,-0.021978,-0.075702,2.170552,-0.021980,-1.028083
-1.206607,-0.007326,-0.070818,2.170933,0.065933,-1.106227
-1.206607,0.007328,-0.065934,2.172077,0.197802,-1.096459
-1.206607,0.007328,-0.056166,2.173985,0.358974,-1.008547
-1.206607,-0.007326,-0.041514,2.175892,0.417582,-0.896214
-1.206607,0.007328,-0.031746,2.177419,0.388279,-0.739926
-1.206607,-0.007326,-0.021978,2.178182,0.315018,-0.578754
-1.206607,-0.007326,-0.012210,2.178182,0.124542,-0.427350
-1.206607,-0.007326,-0.012210,2.177800,0.007326,-0.271062
-1.206607,-0.007326,-0.017094,2.177419,-0.065935,-0.178267
-1.206607,-0.021978,-0.026862,2.176274,-0.183151,-0.158731
-1.206607,-0.007326,-0.036630,2.174366,-0.285717,-0.231990
-1.206607,-0.007326,-0.046398,2.172459,-0.417583,-0.349206
-1.206607,-0.007326,-0.051282,2.171314,-0.358976,-0.500610
-1.206607,-0.021978,-0.061050,2.170170,-0.271065,-0.676435
-1.206607,-0.007326,-0.070818,2.170170,-0.124544,-0.837606
-1.206607,-0.021978,-0.070818,2.170552,-0.036633,-0.998779
-1.206607,-0.007326,-0.070818,2.170933,0.051283,-1.096459
-1.206607,-0.007326,-0.061050,2.171696,0.153847,-1.111111
-1.206607,-0.007326,-0.051282,2.173603,0.315018,-1.032967
-1.206607,-0.007326,-0.041514,2.175511,0.432234,-0.920635
-1.206607,-0.007326,-0.031746,2.177037,0.402931,-0.774115
-1.206607,-0.007326,-0.021978,2.178182,0.344322,-0.603174
-1.206607,-0.021978,-0.012210,2.178182,0.183149,-0.451771
-1.206607,-0.007326,-0.012210,2.177800,0.007326,-0.300366
-1.206607,-0.007326,-0.012210,2.177419,-0.051285,-0.188034
-1.206607,-0.021978,-0.021978,2.176274,-0.153849,-0.158731
-1.206607,-0.007326,-0.031746,2.174748,-0.256413,-0.212454
-1.206607,0.007328,-0.041514,2.172840,-0.402931,-0.324786
-1.206607,-0.021978,-0.051282,2.171314,-0.358976,-0.471307
-1.206607,-0.021978,-0.061050,2.170552,-0.300367,-0.647131
-1.206607,-0.021978,-0.070818,2.170170,-0.168499,-0.813187
-1.206607,-0.007326,-0.075702,2.170552,-0.036633,-0.979243
-1.206607,-0.007326,-0.070818,2.170552,0.021978,-1.086691
-1.206607,0.007328,-0.065934,2.171696,0.139194,-1.111111
-1.206607,0.007328,-0.056166,2.173222,0.300365,-1.042735
-1.206607,0.007328,-0.046398,2.175129,0.417582,-0.935287
-1.206607,0.007328,-0.036630,2.176656,0.388279,-0.798534
-1.206607,0.007328,-0.026862,2.177800,0.344322,-0.627595
-1.206607,-0.021978,-0.017094,2.178182,0.197802,-0.476191
-1.206607,-0.007326,-0.012210,2.177800,0.036631,-0.319902
-1.206607,-0.021978,-0.017094,2.177419,-0.036633,-0.197803
-1.206607,-0.007326,-0.021978,2.176656,-0.124544,-0.158731
-1.206607,-0.007326,-0.031746,2.175129,-0.256413,-0.202686
-1.206607,0.007328,-0.046398,2.172840,-0.402931,-0.315019
-1.206607,-0.007326,-0.051282,2.171696,-0.358976,-0.451771
-1.206607,-0.021978,-0.061050,2.170552,-0.315020,-0.627595
-1.206607,-0.007326,-0.070818,2.170170,-0.183151,-0.793651
-1.206607,-0.007326,-0.070818,2.170552,-0.051285,-0.954823
-1.206607,-0.007326,-0.070818,2.170933,0.021978,-1.076923
-1.206607,-0.007326,-0.065934,2.171696,0.109890,-1.111111
-1.206607,-0.007326,-0.061050,2.173222,0.271063,-1.052503
-1.206607,-0.007326,-0.046398,2.175129,0.402931,-0.945055
-1.206607,-0.007326,-0.036630,2.176656,0.388279,-0.813187
-1.206607,-0.007326,-0.026862,2.177800,0.358974,-0.637362
-1.206607,-0.007326,-0.012210,2.178182,0.227106,-0.485958
-1.206607,-0.007326,-0.012210,2.177800,0.051283,-0.329670
-1.206607,-0.007326,-0.012210,2.177419,-0.021980,-0.207570
-1.206607,-0.007326,-0.021978,2.176656,-0.124544,-0.158731
-1.206607,-0.007326,-0.026862,2.175129,-0.256413,-0.197803
-1.206607,0.007328,-0.041514,2.172840,-0.417583,-0.305250
-1.206607,-0.007326,-0.051282,2.171696,-0.358976,-0.437119
-1.206607,-0.036631,-0.061050,2.170552,-0.315020,-0.617826
-1.206607,-0.021978,-0.070818,2.170170,-0.197803,-0.788767
-1.206607,-0.007326,-0.075702,2.170552,-0.065935,-0.949939
-1.206607,-0.021978,-0.075702,2.170552,0.021978,-1.076923
-1.206607,-0.007326,-0.070818,2.171696,0.124542,-1.111111
-1.206607,-0.007326,-0.061050,2.173222,0.256411,-1.057387
-1.206607,-0.021978,-0.051282,2.175129,0.402931,-0.949939
-1.206607,0.007328,-0.041514,2.176656,0.388279,-0.822955
-1.206607,0.007328,-0.026862,2.177800,0.358974,-0.652015
-1.206607,0.007328,-0.017094,2.178182,0.212454,-0.490843
-1.206607,-0.007326,-0.007326,2.177800,0.065933,-0.339438
-1.206607,-0.007326,-0.012210,2.177419,-0.036633,-0.212454
-1.206607,0.021980,-0.017094,2.176656,-0.124544,-0.158731
-1.206607,-0.007326,-0.026862,2.175129,-0.256413,-0.197803
-1.206607,-0.007326,-0.041514,2.173222,-0.402931,-0.305250
-1.206607,0.007328,-0.051282,2.171696,-0.358976,-0.437119
-1.206607,-0.021978,-0.061050,2.170933,-0.300367,-0.612943
-1.206607,-0.021978,-0.065934,2.170170,-0.197803,-0.783883
-1.206607,-0.007326,-0.075702,2.170552,-0.065935,-0.945055
-1.206607,-0.021978,-0.070818,2.170552,0.007326,-1.072039
-1.206607,-0.007326,-0.070818,2.171314,0.109890,-1.111111
-1.206607,-0.007326,-0.061050,2.173222,0.271063,-1.062271
-1.206607,-0.007326,-0.051282,2.175129,0.402931,-0.959707
-1.206607,0.007328,-0.036630,2.176274,0.388279,-0.827839
-1.206607,0.007328,-0.026862,2.177800,0.373627,-0.652015
-1.206607,0.007328,-0.012210,2.178182,0.241758,-0.490843
-1.206607,-0.021978,-0.012210,2.177800,0.051283,-0.339438
-1.206607,-0.007326,-0.012210,2.177419,-0.021980,-0.212454
-1.206607,-0.007326,-0.021978,2.176656,-0.124544,-0.158731
-1.206607,0.007328,-0.026862,2.175129,-0.241760,-0.197803
-1.206607,-0.007326,-0.041514,2.173222,-0.402931,-0.300366
-1.206607,-0.007326,-0.051282,2.171696,-0.344324,-0.432235
-1.206607,-0.007326,-0.061050,2.170552,-0.315020,-0.612943
-1.206607,-0.036631,-0.070818,2.170552,-0.197803,-0.783883
-1.206607,-0.007326,-0.075702,2.170552,-0.051285,-0.949939
-1.206607,-0.007326,-0.075702,2.170552,0.007326,-1.072039
-1.206607,-0.021978,-0.070818,2.171696,0.124542,-1.111111
-1.206607,0.007328,-0.061050,2.173222,0.271063,-1.057387
-1.206607,-0.021978,-0.051282,2.175129,0.388279,-0.949939
-1.206607,-0.007326,-0.036630,2.176656,0.388279,-0.818070
-1.206607,-0.007326,-0.026862,2.177800,0.358974,-0.642246
-1.206607,0.007328,-0.017094,2.178182,0.227106,-0.485958
-1.206607,-0.007326,-0.007326,2.177800,0.036631,-0.334555
-1.206607,0.007328,-0.012210,2.177419,-0.036633,-0.207570
-1.206607,-0.007326,-0.017094,2.176656,-0.124544,-0.158731
-1.206607,-0.007326,-0.026862,2.175129,-0.241760,-0.202686
-1.206607,-0.021978,-0.041514,2.173222,-0.388281,-0.310134
-1.206607,-0.007326,-0.051282,2.171696,-0.358976,-0.446886
-1.206607,-0.036631,-0.061050,2.170933,-0.285717,-0.622710
-1.206607,-0.007326,-0.070818,2.170552,-0.183151,-0.798534
-1.206607,-0.007326,-0.075702,2.170552,-0.036633,-0.959707
-1.206607,-0.021978,-0.075702,2.170933,0.007326,-1.081807
-1.206607,-0.007326,-0.070818,2.171696,0.139194,-1.106227
-1.206607,0.007328,-0.061050,2.173603,0.285715,-1.047619
-1.206607,-0.007326,-0.051282,2.175511,0.402931,-0.945055
-1.206607,-0.007326,-0.041514,2.176656,0.344322,-0.808303
-1.206607,0.007328,-0.026862,2.177800,0.344322,-0.632479
-1.206607,0.007328,-0.012210,2.178182,0.212454,-0.471307
-1.206607,-0.007326,-0.007326,2.177800,0.036631,-0.319902
-1.206607,-0.007326,-0.012210,2.177419,-0.051285,-0.197803
-1.206607,0.007328,-0.017094,2.176274,-0.124544,-0.158731
-1.206607,-0.007326,-0.026862,2.174748,-0.271065,-0.207570
-1.206607,-0.007326,-0.041514,2.172840,-0.402931,-0.319902
-1.206607,-0.007326,-0.051282,2.171696,-0.358976,-0.461538
-1.206607,-0.021978,-0.061050,2.170933,-0.285717,-0.642246
-1.206607,-0.036631,-0.070818,2.170552,-0.168499,-0.813187
-1.206607,-0.007326,-0.075702,2.170552,-0.065935,-0.979243
-1.206607,0.007328,-0.075702,2.170933,0.036631,-1.086691
-1.206607,-0.007326,-0.070818,2.172077,0.153847,-1.106227
-1.206607,-0.007326,-0.061050,2.173603,0.285715,-1.037851
-1.206607,0.007328,-0.046398,2.175511,0.432234,-0.930403
-1.206607,0.007328,-0.036630,2.176656,0.358974,-0.788767
-1.206607,0.007328,-0.021978,2.177800,0.329670,-0.608059
-1.206607,-0.007326,-0.012210,2.177800,0.183149,-0.451771
-1.206607,0.007328,-0.007326,2.177419,0.021978,-0.300366
-1.206607,-0.021978,-0.007326,2.177037,-0.065935,-0.188034
-1.206607,0.007328,-0.017094,2.176274,-0.153849,-0.163614
-1.206607,-0.021978,-0.026862,2.174366,-0.315020,-0.222222
-1.206607,-0.007326,-0.041514,2.172840,-0.388281,-0.334555
-1.206607,-0.007326,-0.051282,2.171696,-0.315020,-0.481074
-1.206607,-0.021978,-0.061050,2.170552,-0.256413,-0.666667
-1.206607,-0.021978,-0.075702,2.170552,-0.153849,-0.842491
-1.206607,-0.021978,-0.080586,2.170552,-0.036633,-0.998779
-1.206607,-0.007326,-0.075702,2.170933,0.036631,-1.096459
-1.206607,-0.007326,-0.070818,2.172077,0.197802,-1.101343
-1.206607,-0.007326,-0.061050,2.173985,0.329670,-1.018315
-1.206607,-0.007326,-0.051282,2.175511,0.402931,-0.915751
-1.206607,0.007328,-0.036630,2.177037,0.358974,-0.759462
-1.206607,0.007328,-0.026862,2.177800,0.315018,-0.578754
-1.206607,0.007328,-0.012210,2.177800,0.153847,-0.427350
-1.206607,-0.007326,-0.007326,2.177419,-0.007328,-0.275947
-1.206607,-0.007326,-0.012210,2.177037,-0.051285,-0.183150
-1.206607,-0.007326,-0.021978,2.175892,-0.168499,-0.168498
-1.206607,-0.021978,-0.031746,2.174366,-0.344324,-0.241758
-1.206607,0.007328,-0.046398,2.172459,-0.388281,-0.358974
-1.206607,-0.007326,-0.051282,2.171314,-0.315020,-0.515263
-1.206607,-0.021978,-0.061050,2.170933,-0.241760,-0.705739
-1.206607,-0.007326,-0.070818,2.170552,-0.139196,-0.871795
-1.206607,-0.007326,-0.075702,2.170933,-0.021980,-1.023199
-1.206607,-0.007326,-0.070818,2.171314,0.065933,-1.101343
-1.206607,-0.007326,-0.065934,2.172459,0.197802,-1.086691
-1.206607,-0.007326,-0.056166,2.174366,0.358974,-0.998779
-1.206607,0.007328,-0.041514,2.175892,0.373627,-0.886447
-1.206607,0.007328,-0.031746,2.177037,0.358974,-0.720390
-1.206607,-0.007326,-0.017094,2.177800,0.271063,-0.544566
-1.206607,-0.007326,-0.002442,2.177800,0.109890,-0.393163
-1.206607,-0.007326,-0.002442,2.177419,0.007326,-0.246642
-1.206607,-0.007326,-0.012210,2.176656,-0.095240,-0.173382
-1.206607,-0.007326,-0.021978,2.175511,-0.212456,-0.178267
-1.206607,-0.007326,-0.031746,2.173603,-0.358976,-0.266178
-1.206607,-0.007326,-0.046398,2.172459,-0.344324,-0.388278
-1.206607,-0.007326,-0.056166,2.171314,-0.300367,-0.559218
-1.206607,-0.036631,-0.065934,2.170552,-0.212456,-0.744811
-1.206607,-0.007326,-0.075702,2.170552,-0.095240,-0.910867
-1.206607,-0.007326,-0.080586,2.170933,0.007326,-1.052503
-1.206607,-0.007326,-0.075702,2.171696,0.095238,-1.106227
-1.206607,-0.007326,-0.065934,2.172840,0.256411,-1.072039
-1.206607,-0.007326,-0.056166,2.174748,0.388279,-0.969475
-1.206607,0.007328,-0.046398,2.176274,0.373627,-0.852259
-1.206607,0.007328,-0.031746,2.177419,0.344322,-0.671551
-1.206607,-0.007326,-0.021978,2.178182,0.241758,-0.505494
-1.206607,-0.007326,-0.007326,2.177800,0.080585,-0.354091
-1.206607,-0.021978,-0.007326,2.177419,-0.036633,-0.222222
-1.206607,-0.007326,-0.012210,2.176656,-0.124544,-0.163614
-1.206607,-0.007326,-0.021978,2.175129,-0.241760,-0.197803
-1.206607,-0.021978,-0.031746,2.173222,-0.402931,-0.300366
-1.206607,0.007328,-0.046398,2.172077,-0.329672,-0.427350
-1.206607,-0.036631,-0.056166,2.171314,-0.256413,-0.612943
-1.206607,-0.021978,-0.065934,2.170552,-0.183151,-0.793651
-1.206607,-0.007326,-0.075702,2.170552,-0.065935,-0.954823
-1.206607,-0.007326,-0.075702,2.170933,0.021978,-1.081807
-1.206607,-0.007326,-0.070818,2.172077,0.139194,-1.106227
-1.206607,-0.021978,-0.065934,2.173603,0.285715,-1.042735
-1.206607,0.007328,-0.051282,2.175511,0.402931,-0.945055
-1.206607,-0.007326,-0.041514,2.176656,0.358974,-0.803419
-1.206607,0.007328,-0.026862,2.177800,0.329670,-0.622710
-1.206607,0.007328,-0.012210,2.177800,0.183149,-0.461538
-1.206607,-0.021978,-0.002442,2.177419,0.036631,-0.310134
-1.206607,-0.007326,-0.007326,2.177037,-0.065935,-0.197803
-1.206607,0.007328,-0.012210,2.176274,-0.153849,-0.163614
-1.206607,-0.007326,-0.021978,2.174748,-0.285717,-0.222222
-1.206607,-0.007326,-0.036630,2.172840,-0.402931,-0.334555
-1.206607,-0.007326,-0.051282,2.171696,-0.315020,-0.481074
-1.206607,-0.036631,-0.061050,2.170933,-0.241760,-0.671551
-1.206607,-0.021978,-0.070818,2.170552,-0.168499,-0.847375
-1.206607,-0.007326,-0.080586,2.170933,-0.051285,-1.003663
-1.206607,-0.007326,-0.075702,2.171314,0.051283,-1.096459
-1.206607,-0.007326,-0.070818,2.172459,0.183149,-1.096459
-1.206607,0.007328,-0.061050,2.174366,0.329670,-1.013431
-1.206607,-0.007326,-0.051282,2.175892,0.373627,-0.905983
-1.206607,-0.007326,-0.036630,2.177037,0.329670,-0.744811
-1.206607,0.007328,-0.021978,2.177800,0.300365,-0.564102
-1.206607,0.007328,-0.007326,2.177800,0.124542,-0.407814
-1.206607,-0.021978,-0.002442,2.177419,-0.007328,-0.261294
-1.206607,-0.007326,-0.012210,2.176656,-0.080587,-0.178267
-1.206607,-0.007326,-0.017094,2.175511,-0.197803,-0.178267
-1.206607,-0.021978,-0.026862,2.173985,-0.344324,-0.261294
-1.206607,0.007328,-0.041514,2.172459,-0.358976,-0.378510
-1.206607,-0.007326,-0.056166,2.171696,-0.300367,-0.544566
-1.206607,-0.036631,-0.065934,2.170933,-0.227108,-0.739926
-1.206607,-0.007326,-0.075702,2.170552,-0.109892,-0.905983
-1.206607,-0.007326,-0.075702,2.170933,0.007326,-1.047619
-1.206607,-0.007326,-0.075702,2.171696,0.095238,-1.106227
-1.206607,-0.007326,-0.065934,2.173222,0.256411,-1.072039
-1.206607,0.007328,-0.056166,2.175129,0.388279,-0.974359
-1.206607,-0.007326,-0.046398,2.176274,0.344322,-0.857142
-1.206607,0.007328,-0.031746,2.177419,0.344322,-0.676435
-1.206607,-0.007326,-0.017094,2.177800,0.227106,-0.505494
-1.206607,-0.007326,-0.002442,2.177800,0.051283,-0.349206
-1.206607,-0.007326,-0.002442,2.177419,-0.021980,-0.217339
-1.206607,-0.007326,-0.012210,2.176656,-0.124544,-0.163614
-1.206607,0.007328,-0.021978,2.175129,-0.227108,-0.202686
-1.206607,-0.021978,-0.031746,2.173222,-0.402931,-0.305250
-1.206607,-0.007326,-0.046398,2.172077,-0.315020,-0.437119
-1.206607,-0.021978,-0.056166,2.171314,-0.256413,-0.622710
-1.206607,-0.007326,-0.070818,2.170933,-0.153849,-0.808303
-1.206607,-0.021978,-0.075702,2.170933,-0.051285,-0.969475
-1.206607,-0.007326,-0.080586,2.171314,0.021978,-1.081807
-1.206607,0.007328,-0.075702,2.172459,0.168499,-1.101343
-1.206607,-0.007326,-0.070818,2.173985,0.315018,-1.032967
-1.206607,0.007328,-0.056166,2.175892,0.388279,-0.935287
-1.206607,-0.007326,-0.041514,2.177037,0.344322,-0.783883
-1.206607,0.007328,-0.026862,2.177800,0.300365,-0.598290
-1.206607,0.007328,-0.012210,2.177800,0.139194,-0.442002
-1.206607,-0.007326,-0.002442,2.177419,0.007326,-0.290598
-1.206607,-0.021978,-0.002442,2.177037,-0.065935,-0.183150
-1.206607,-0.007326,-0.012210,2.175892,-0.153849,-0.163614
-1.206607,-0.021978,-0.021978,2.174366,-0.300367,-0.241758
-1.206607,-0.007326,-0.036630,2.172840,-0.373629,-0.358974
-1.206607,-0.007326,-0.051282,2.171696,-0.285717,-0.515263
-1.206607,-0.021978,-0.061050,2.170933,-0.227108,-0.705739
-1.206607,-0.021978,-0.075702,2.170933,-0.109892,-0.881563
-1.206607,-0.007326,-0.080586,2.170933,-0.007328,-1.037851
-1.206607,-0.007326,-0.080586,2.171696,0.065933,-1.106227
-1.206607,-0.007326,-0.075702,2.172840,0.227106,-1.076923
-1.206607,-0.021978,-0.061050,2.174748,0.373627,-0.989011
-1.206607,0.007328,-0.051282,2.176274,0.358974,-0.871795
-1.206607,-0.007326,-0.036630,2.177419,0.344322,-0.695971
-1.206607,-0.007326,-0.021978,2.178182,0.256411,-0.525030
-1.206607,-0.007326,-0.002442,2.177800,0.080585,-0.368742
-1.206607,-0.007326,0.002442,2.177419,-0.021980,-0.231990
-1.206607,-0.007326,-0.007326,2.176656,-0.109892,-0.163614
-1.206607,-0.007326,-0.017094,2.175129,-0.227108,-0.192918
-1.206607,-0.007326,-0.031746,2.173222,-0.373629,-0.295483
-1.206607,-0.007326,-0.046398,2.172077,-0.329672,-0.427350
-1.206607,-0.021978,-0.056166,2.171314,-0.256413,-0.608059
-1.206607,-0.036631,-0.065934,2.170933,-0.183151,-0.798534
-1.206607,-0.007326,-0.080586,2.170933,-0.051285,-0.959707
-1.206607,-0.007326,-0.080586,2.171314,0.021978,-1.076923
-1.206607,-0.007326,-0.080586,2.172459,0.153847,-1.101343
-1.206607,-0.007326,-0.075702,2.173985,0.300365,-1.032967
-1.206607,-0.007326,-0.056166,2.175511,0.373627,-0.940171
-1.206607,-0.007326,-0.041514,2.177037,0.344322,-0.783883
-1.206607,0.007328,-0.031746,2.177800,0.315018,-0.608059
-1.206607,0.007328,-0.012210,2.178182,0.153847,-0.446886
-1.206607,-0.007326,-0.002442,2.177419,-0.007328,-0.295483
-1.206607,-0.007326,-0.002442,2.177037,-0.065935,-0.188034
-1.206607,-0.007326,-0.012210,2.175892,-0.168499,-0.168498
-1.206607,-0.007326,-0.021978,2.174366,-0.300367,-0.241758
-1.206607,-0.007326,-0.036630,2.172840,-0.373629,-0.354091
-1.206607,-0.007326,-0.051282,2.171696,-0.300367,-0.515263
-1.206607,-0.036631,-0.061050,2.171314,-0.212456,-0.705739
-1.206607,-0.021978,-0.075702,2.170933,-0.095240,-0.886447
-1.206607,-0.007326,-0.085470,2.171314,-0.021980,-1.032967
-1.206607,-0.007326,-0.080586,2.171696,0.080585,-1.101343
-1.206607,-0.007326,-0.075702,2.173222,0.227106,-1.072039
-1.206607,-0.007326,-0.065934,2.175129,0.373627,-0.984127
-1.206607,-0.007326,-0.051282,2.176274,0.358974,-0.866911
-1.206607,-0.007326,-0.036630,2.177800,0.358974,-0.686203
-1.206607,0.007328,-0.021978,2.178182,0.256411,-0.520146
-1.206607,0.007328,-0.007326,2.177800,0.080585,-0.363858
-1.206607,-0.021978,0.002442,2.177419,-0.021980,-0.227106
-1.206607,-0.007326,-0.007326,2.176656,-0.109892,-0.163614
-1.206607,0.007328,-0.017094,2.175129,-0.241760,-0.197803
-1.206607,-0.021978,-0.026862,2.173222,-0.373629,-0.300366
-1.206607,-0.021978,-0.046398,2.172077,-0.315020,-0.432235
-1.206607,-0.007326,-0.056166,2.171314,-0.256413,-0.617826
-1.206607,-0.036631,-0.065934,2.170933,-0.168499,-0.808303
-1.206607,-0.021978,-0.080586,2.170933,-0.051285,-0.969475
-1.206607,-0.007326,-0.085470,2.171314,0.021978,-1.086691
-1.206607,-0.007326,-0.080586,2.172459,0.168499,-1.096459
-1.206607,-0.007326,-0.070818,2.174366,0.315018,-1.023199
-1.206607,-0.007326,-0.056166,2.175892,0.373627,-0.925519
-1.206607,0.007328,-0.041514,2.177037,0.344322,-0.764347
-1.206607,-0.007326,-0.026862,2.177800,0.300365,-0.583638
-1.206607,0.007328,-0.007326,2.177800,0.139194,-0.427350
-1.206607,-0.007326,-0.002442,2.177419,-0.007328,-0.275947
-1.206607,-0.021978,-0.002442,2.177037,-0.080587,-0.178267
-1.206607,-0.021978,-0.007326,2.175892,-0.183151,-0.173382
-1.206607,-0.007326,-0.021978,2.173985,-0.315020,-0.256411
-1.206607,-0.007326,-0.036630,2.172459,-0.344324,-0.378510
-1.206607,-0.007326,-0.046398,2.171696,-0.285717,-0.544566
-1.206607,-0.036631,-0.061050,2.170933,-0.197803,-0.735043
-1.206607,-0.021978,-0.075702,2.170933,-0.080587,-0.910867
-1.206607,-0.021978,-0.085470,2.171314,0.007326,-1.052503
-1.206607,0.007328,-0.085470,2.172077,0.109890,-1.101343
-1.206607,-0.007326,-0.080586,2.173603,0.256411,-1.052503
-1.206607,-0.007326,-0.065934,2.175511,0.388279,-0.969475
-1.206607,-0.007326,-0.056166,2.176656,0.344322,-0.832723
-1.206607,-0.007326,-0.041514,2.177800,0.329670,-0.652015
-1.206607,0.007328,-0.021978,2.178182,0.183149,-0.490843
-1.206607,0.007328,-0.007326,2.177800,0.021978,-0.329670
-1.206607,-0.021978,0.002442,2.177037,-0.065935,-0.207570
-1.206607,-0.007326,-0.002442,2.176274,-0.139196,-0.163614
-1.206607,0.007328,-0.012210,2.175129,-0.271065,-0.217339
-1.206607,-0.021978,-0.026862,2.172840,-0.388281,-0.334555
-1.206607,-0.007326,-0.041514,2.172077,-0.315020,-0.481074
-1.206607,-0.007326,-0.056166,2.171314,-0.227108,-0.666667
-1.206607,-0.021978,-0.070818,2.171314,-0.124544,-0.852259
-1.206607,-0.021978,-0.080586,2.171314,-0.007328,-1.008547
-1.206607,-0.007326,-0.090354,2.171696,0.065933,-1.096459
-1.206607,0.007328,-0.085470,2.173222,0.197802,-1.081807
-1.206607,-0.007326,-0.075702,2.174748,0.373627,-0.998779
-1.206607,0.007328,-0.065934,2.176274,0.358974,-0.886447
-1.206607,0.007328,-0.051282,2.177419,0.344322,-0.715507
-1.206607,0.007328,-0.026862,2.178182,0.271063,-0.544566
-1.206607,0.007328,-0.017094,2.177800,0.065933,-0.383394
-1.206607,-0.007326,0.002442,2.177419,-0.051285,-0.241758
-1.206607,-0.007326,0.002442,2.176656,-0.109892,-0.168498
-1.206607,0.021980,-0.007326,2.175511,-0.241760,-0.188034
-1.206607,-0.007326,-0.017094,2.173603,-0.344324,-0.290598
-1.206607,-0.007326,-0.031746,2.172459,-0.344324,-0.427350
-1.206607,0.007328,-0.051282,2.171696,-0.271065,-0.603174
-1.206607,-0.036631,-0.061050,2.171314,-0.168499,-0.793651
-1.206607,-0.021978,-0.080586,2.171314,-0.036633,-0.964591
-1.206607,-0.007326,-0.090354,2.171696,0.036631,-1.081807
-1.206607,-0.007326,-0.090354,2.172459,0.139194,-1.096459
-1.206607,-0.007326,-0.080586,2.174366,0.315018,-1.028083
-1.206607,-0.007326,-0.070818,2.175892,0.358974,-0.930403
-1.206607,0.007328,-0.056166,2.177037,0.344322,-0.769231
-1.206607,0.007328,-0.036630,2.178182,0.300365,-0.593407
-1.206607,-0.007326,-0.017094,2.177800,0.124542,-0.432235
-1.206607,0.007328,-0.002442,2.177419,-0.021980,-0.275947
-1.206607,-0.021978,0.002442,2.177037,-0.080587,-0.183150
-1.206607,0.007328,-0.002442,2.175892,-0.183151,-0.168498
-1.206607,0.007328,-0.012210,2.173985,-0.329672,-0.256411
-1.206607,-0.021978,-0.026862,2.172459,-0.358976,-0.383394
-1.206607,-0.007326,-0.046398,2.171696,-0.285717,-0.544566
-1.206607,-0.007326,-0.061050,2.171314,-0.183151,-0.739926
-1.206607,-0.021978,-0.075702,2.171314,-0.080587,-0.915751
-1.206607,-0.007326,-0.090354,2.171696,0.007326,-1.057387
-1.206607,-0.007326,-0.090354,2.172459,0.124542,-1.101343
-1.206607,-0.007326,-0.085470,2.173985,0.271063,-1.047619
-1.206607,-0.007326,-0.075702,2.175511,0.373627,-0.959707
-1.206607,-0.007326,-0.061050,2.177037,0.358974,-0.818070
-1.206607,0.007328,-0.041514,2.177800,0.315018,-0.637362
-1.206607,-0.007326,-0.026862,2.178182,0.168499,-0.476191
-1.206607,0.021980,-0.007326,2.177800,0.007326,-0.315019
-1.206607,-0.007326,0.007326,2.177037,-0.080587,-0.197803
-1.206607,-0.007326,0.002442,2.176274,-0.153849,-0.163614
-1.206607,0.007328,-0.007326,2.174748,-0.285717,-0.227106
-1.206607,-0.036631,-0.021978,2.172840,-0.388281,-0.344322
-1.206607,-0.007326,-0.041514,2.172077,-0.285717,-0.500610
-1.206607,-0.021978,-0.051282,2.171314,-0.197803,-0.695971
-1.206607,-0.036631,-0.065934,2.171314,-0.095240,-0.876678
-1.206607,-0.021978,-0.085470,2.171696,0.007326,-1.032967
-1.206607,-0.007326,-0.090354,2.172077,0.080585,-1.101343
-1.206607,-0.007326,-0.085470,2.173603,0.227106,-1.062271
-1.206607,-0.007326,-0.080586,2.175511,0.373627,-0.984127
-1.206607,-0.007326,-0.065934,2.176656,0.344322,-0.857142
-1.206607,0.007328,-0.046398,2.178182,0.344322,-0.676435
-1.206607,0.021980,-0.026862,2.178182,0.212454,-0.515263
-1.206607,0.021980,-0.007326,2.177800,0.021978,-0.349206
-1.206607,-0.007326,0.007326,2.177419,-0.051285,-0.217339
-1.206607,-0.007326,0.007326,2.176656,-0.139196,-0.163614
-1.206607,-0.007326,-0.002442,2.175129,-0.256413,-0.202686
-1.206607,-0.007326,-0.017094,2.173222,-0.373629,-0.324786
-1.206607,-0.021978,-0.031746,2.172077,-0.315020,-0.471307
-1.206607,-0.007326,-0.051282,2.171314,-0.241760,-0.656898
-1.206607,-0.021978,-0.061050,2.171314,-0.109892,-0.837606
-1.206607,-0.021978,-0.075702,2.171314,-0.036633,-1.003663
-1.206607,-0.007326,-0.090354,2.172077,0.080585,-1.096459
-1.206607,-0.007326,-0.090354,2.173222,0.212454,-1.076923
-1.206607,-0.007326,-0.085470,2.175129,0.344322,-0.998779
-1.206607,-0.007326,-0.070818,2.176274,0.344322,-0.886447
-1.206607,0.007328,-0.051282,2.177800,0.344322,-0.710623
-1.206607,0.007328,-0.031746,2.178182,0.241758,-0.539682
-1.206607,0.007328,-0.017094,2.177800,0.051283,-0.378510
-1.206607,-0.021978,0.002442,2.177419,-0.036633,-0.236875
-1.206607,-0.021978,0.007326,2.176656,-0.109892,-0.168498
-1.206225,-0.007326,0.002442,2.175511,-0.241760,-0.192918
-1.206607,-0.021978,-0.012210,2.173603,-0.373629,-0.300366
-1.206607,-0.021978,-0.026862,2.172459,-0.329672,-0.437119
-1.206607,-0.007326,-0.046398,2.171696,-0.256413,-0.622710
-1.206607,-0.007326,-0.061050,2.171314,-0.168499,-0.808303
-1.206607,-0.036631,-0.075702,2.171314,-0.021980,-0.979243
-1.206607,-0.021978,-0.090354,2.171696,0.036631,-1.086691
-1.206607,-0.021978,-0.090354,2.172840,0.168499,-1.086691
-1.206607,-0.007326,-0.085470,2.174748,0.329670,-1.013431
-1.206607,0.007328,-0.070818,2.176274,0.358974,-0.905983
-1.206607,0.007328,-0.056166,2.177419,0.358974,-0.739926
-1.206607,-0.007326,-0.041514,2.178182,0.271063,-0.568987
-1.206607,0.007328,-0.017094,2.177800,0.080585,-0.402930
-1.206607,-0.007326,0.002442,2.177419,-0.051285,-0.256411
-1.206607,-0.007326,0.012211,2.176656,-0.109892,-0.173382
-1.206607,0.007328,0.002442,2.175511,-0.197803,-0.183150
-1.206607,0.007328,-0.007326,2.173603,-0.344324,-0.280830
-1.206607,-0.021978,-0.021978,2.172459,-0.344324,-0.417583
-1.206607,-0.007326,-0.041514,2.171696,-0.256413,-0.593407
-1.206607,-0.007326,-0.056166,2.171314,-0.168499,-0.783883
-1.206607,-0.036631,-0.070818,2.171314,-0.036633,-0.954823
-1.206607,-0.021978,-0.090354,2.171696,0.036631,-1.076923
-1.206607,-0.007326,-0.090354,2.172840,0.168499,-1.096459
-1.206607,-0.007326,-0.090354,2.174366,0.329670,-1.023199
-1.206607,-0.007326,-0.080586,2.175892,0.358974,-0.925519
-1.206607,0.007328,-0.061050,2.177419,0.373627,-0.759462
-1.206607,0.007328,-0.041514,2.178182,0.256411,-0.583638
-1.206607,-0.007326,-0.021978,2.177800,0.095238,-0.422466
-1.206607,0.021980,-0.002442,2.177419,-0.021980,-0.271062
-1.206607,-0.021978,0.007326,2.177037,-0.095240,-0.178267
-1.206607,-0.007326,0.002442,2.175511,-0.212456,-0.178267
-1.206607,-0.007326,-0.007326,2.173985,-0.344324,-0.271062
-1.206607,-0.021978,-0.021978,2.172459,-0.344324,-0.402930
-1.206607,-0.007326,-0.036630,2.171696,-0.300367,-0.578754
-1.206607,-0.007326,-0.056166,2.170933,-0.183151,-0.769231
-1.206607,-0.051283,-0.070818,2.171314,-0.051285,-0.940171
-1.206607,-0.036631,-0.085470,2.171696,0.036631,-1.072039
-1.206607,-0.007326,-0.095238,2.172459,0.153847,-1.096459
-1.206607,-0.007326,-0.090354,2.174366,0.315018,-1.028083
-1.206607,-0.007326,-0.080586,2.175892,0.373627,-0.930403
-1.206607,0.007328,-0.065934,2.177037,0.344322,-0.774115
-1.206607,-0.007326,-0.046398,2.178182,0.300365,-0.593407
-1.206607,0.007328,-0.026862,2.177800,0.124542,-0.432235
-1.206607,0.007328,-0.007326,2.177419,-0.007328,-0.280830
-1.206607,-0.021978,0.007326,2.176656,-0.080587,-0.183150
-1.206607,0.007328,0.007326,2.175511,-0.212456,-0.178267
-1.206607,-0.021978,-0.002442,2.173985,-0.329672,-0.266178
-1.206607,-0.007326,-0.017094,2.172459,-0.329672,-0.393163
-1.206607,-0.021978,-0.036630,2.171696,-0.256413,-0.568987
-1.206607,-0.007326,-0.051282,2.171314,-0.183151,-0.764347
-1.206607,-0.021978,-0.065934,2.171314,-0.051285,-0.935287
-1.206607,-0.021978,-0.080586,2.171696,0.036631,-1.062271
-1.206607,-0.007326,-0.095238,2.172840,0.153847,-1.096459
-1.206607,-0.007326,-0.090354,2.174366,0.300365,-1.032967
-1.206607,0.007328,-0.085470,2.175892,0.373627,-0.940171
-1.206607,0.007328,-0.070818,2.177419,0.358974,-0.778998
-1.206607,0.007328,-0.051282,2.178182,0.285715,-0.608059
-1.206607,0.007328,-0.026862,2.178182,0.109890,-0.442002
-1.206607,0.021980,-0.007326,2.177419,-0.021980,-0.285714
-1.206607,0.007328,0.007326,2.177037,-0.095240,-0.183150
-1.206607,0.007328,0.007326,2.175892,-0.183151,-0.173382
-1.206607,0.007328,-0.002442,2.173985,-0.329672,-0.261294
-1.206607,-0.021978,-0.012210,2.172459,-0.373629,-0.393163
-1.206607,-0.036631,-0.031746,2.171696,-0.285717,-0.564102
-1.206607,-0.007326,-0.046398,2.171314,-0.183151,-0.759462
-1.206607,-0.007326,-0.061050,2.171314,-0.065935,-0.930403
-1.206607,-0.007326,-0.080586,2.171696,0.036631,-1.062271
-1.206607,-0.007326,-0.090354,2.172459,0.139194,-1.096459
-1.206607,-0.021978,-0.090354,2.174366,0.271063,-1.037851
-1.206607,-0.007326,-0.085470,2.175892,0.358974,-0.940171
-1.206607,0.007328,-0.070818,2.177037,0.358974,-0.783883
-1.206607,-0.007326,-0.051282,2.178182,0.300365,-0.603174
-1.206607,0.007328,-0.031746,2.177800,0.109890,-0.442002
-1.206607,0.007328,-0.007326,2.177419,-0.007328,-0.285714
-1.206607,-0.007326,0.007326,2.176656,-0.109892,-0.188034
-1.206607,-0.007326,0.007326,2.175511,-0.197803,-0.178267
-1.206225,-0.007326,0.002442,2.173985,-0.329672,-0.261294
-1.206607,-0.007326,-0.012210,2.172459,-0.358976,-0.388278
-1.206607,-0.021978,-0.026862,2.171696,-0.256413,-0.568987
-1.206607,0.007328,-0.046398,2.171314,-0.168499,-0.764347
-1.206607,-0.021978,-0.061050,2.171314,-0.051285,-0.935287
-1.206607,-0.021978,-0.075702,2.171696,0.021978,-1.062271
-1.206607,-0.007326,-0.090354,2.172840,0.153847,-1.096459
-1.206607,-0.007326,-0.095238,2.174366,0.300365,-1.032967
-1.206607,-0.021978,-0.085470,2.175892,0.358974,-0.935287
-1.206607,-0.007326,-0.070818,2.177419,0.358974,-0.774115
-1.206607,0.007328,-0.051282,2.178182,0.300365,-0.603174
-1.206607,-0.007326,-0.031746,2.178182,0.109890,-0.437119
-1.206225,0.007328,-0.012210,2.177419,-0.021980,-0.280830
-1.206607,-0.007326,0.007326,2.176656,-0.109892,-0.183150
-1.206607,-0.007326,0.012211,2.175511,-0.227108,-0.178267
-1.206607,-0.007326,0.002442,2.173985,-0.315020,-0.266178
-1.206607,-0.021978,-0.012210,2.172459,-0.373629,-0.398046
-1.206607,-0.007326,-0.031746,2.171696,-0.256413,-0.573871
-1.206607,-0.007326,-0.051282,2.171314,-0.168499,-0.769231
-1.206607,-0.021978,-0.061050,2.171314,-0.051285,-0.940171
-1.206607,-0.036631,-0.080586,2.171696,0.051283,-1.067155
-1.206607,-0.007326,-0.095238,2.172840,0.168499,-1.091575
-1.206607,-0.007326,-0.095238,2.174748,0.315018,-1.028083
-1.206607,-0.021978,-0.090354,2.175892,0.358974,-0.925519
-1.206607,0.007328,-0.070818,2.177419,0.373627,-0.764347
-1.206607,-0.007326,-0.051282,2.178182,0.285715,-0.593407
-1.206607,0.007328,-0.031746,2.178182,0.095238,-0.427350
-1.206607,0.007328,-0.012210,2.177419,-0.051285,-0.271062
-1.206607,0.007328,0.007326,2.176656,-0.109892,-0.183150
-1.206607,-0.007326,0.012211,2.175511,-0.212456,-0.183150
-1.206607,0.007328,0.002442,2.173603,-0.358976,-0.275947
-1.206607,-0.007326,-0.012210,2.172459,-0.344324,-0.412699
-1.206607,-0.021978,-0.026862,2.171314,-0.271065,-0.593407
-1.206607,-0.007326,-0.046398,2.170933,-0.168499,-0.783883
-1.206607,-0.021978,-0.061050,2.171314,-0.036633,-0.949939
-1.206607,-0.036631,-0.080586,2.171696,0.051283,-1.072039
-1.206607,-0.007326,-0.095238,2.172840,0.183149,-1.091575
-1.206607,-0.007326,-0.100122,2.174366,0.315018,-1.023199
-1.206607,-0.007326,-0.090354,2.175892,0.358974,-0.915751
-1.206607,0.007328,-0.075702,2.177037,0.358974,-0.744811
-1.206607,0.007328,-0.056166,2.177800,0.241758,-0.564102
-1.206607,0.007328,-0.031746,2.177800,0.095238,-0.402930
-1.206607,0.007328,-0.012210,2.177037,-0.036633,-0.256411
-1.206607,0.007328,0.007326,2.176274,-0.124544,-0.178267
-1.206607,0.021980,0.012211,2.175129,-0.227108,-0.197803
-1.206225,0.021980,0.002442,2.173222,-0.358976,-0.290598
-1.206607,-0.007326,-0.012210,2.172077,-0.300367,-0.427350
-1.206607,-0.021978,-0.026862,2.171314,-0.227108,-0.617826
-1.206607,0.007328,-0.046398,2.171314,-0.139196,-0.808303
-1.206607,-0.021978,-0.061050,2.171314,-0.021980,-0.979243
-1.206607,-0.021978,-0.080586,2.171696,0.051283,-1.086691
-1.206607,-0.021978,-0.095238,2.173222,0.197802,-1.081807
-1.206607,-0.007326,-0.095238,2.174748,0.344322,-1.008547
-1.206607,-0.007326,-0.090354,2.176274,0.358974,-0.891331
-1.206607,0.007328,-0.070818,2.177800,0.373627,-0.720390
-1.206607,-0.007326,-0.056166,2.178182,0.241758,-0.549451
-1.206607,0.007328,-0.031746,2.177800,0.065933,-0.383394
-1.206607,0.007328,-0.007326,2.177419,-0.051285,-0.241758
-1.206607,-0.007326,0.007326,2.176656,-0.139196,-0.173382
-1.206607,-0.007326,0.012211,2.175129,-0.256413,-0.202686
-1.206607,-0.007326,0.002442,2.173222,-0.388281,-0.315019
-1.206607,-0.007326,-0.012210,2.172077,-0.315020,-0.456655
-1.206607,-0.021978,-0.031746,2.171314,-0.241760,-0.647131
-1.206607,-0.007326,-0.051282,2.171314,-0.139196,-0.837606
-1.206607,-0.021978,-0.065934,2.171696,-0.007328,-0.998779
-1.206607,-0.021978,-0.080586,2.172077,0.095238,-1.091575
-1.206607,-0.021978,-0.095238,2.173603,0.227106,-1.072039
-1.206607,-0.007326,-0.100122,2.175129,0.344322,-0.993895
-1.206607,-0.007326,-0.095238,2.176656,0.358974,-0.862027
-1.206607,-0.007326,-0.075702,2.178182,0.358974,-0.686203
-1.206607,0.007328,-0.051282,2.178182,0.212454,-0.525030
-1.206607,0.007328,-0.031746,2.177800,0.021978,-0.358974
-1.206607,0.007328,-0.007326,2.177419,-0.065935,-0.222222
-1.206607,-0.007326,0.007326,2.176274,-0.168499,-0.168498
-1.206607,-0.007326,0.007326,2.174748,-0.271065,-0.217339
-1.206607,-0.007326,0.002442,2.172840,-0.373629,-0.334555
-1.206607,-0.021978,-0.012210,2.172077,-0.315020,-0.490843
-1.206607,-0.021978,-0.031746,2.171314,-0.241760,-0.691087
-1.206607,-0.007326,-0.051282,2.171314,-0.124544,-0.866911
-1.206607,-0.021978,-0.065934,2.171314,-0.007328,-1.023199
-1.206607,-0.007326,-0.085470,2.172077,0.124542,-1.096459
-1.206607,-0.021978,-0.100122,2.173603,0.227106,-1.062271
-1.206607,-0.007326,-0.100122,2.175511,0.358974,-0.969475
-1.206607,-0.007326,-0.085470,2.176656,0.344322,-0.827839
-1.206607,0.007328,-0.070818,2.177800,0.329670,-0.647131
-1.206607,-0.007326,-0.051282,2.177800,0.183149,-0.481074
-1.206607,0.007328,-0.026862,2.177419,0.021978,-0.319902
-1.206607,0.007328,-0.007326,2.177037,-0.080587,-0.202686
-1.206607,-0.007326,0.007326,2.175892,-0.183151,-0.178267
-1.206607,-0.007326,0.012211,2.173985,-0.300367,-0.241758
-1.206607,-0.007326,0.002442,2.172459,-0.358976,-0.358974
-1.206607,-0.021978,-0.012210,2.171696,-0.256413,-0.529915
-1.206607,-0.007326,-0.031746,2.171314,-0.183151,-0.735043
-1.206607,0.007328,-0.051282,2.171314,-0.065935,-0.910867
-1.206607,-0.036631,-0.065934,2.171696,0.021978,-1.052503
-1.206607,-0.007326,-0.085470,2.172840,0.153847,-1.091575
-1.206607,-0.007326,-0.095238,2.174366,0.300365,-1.037851
-1.206607,-0.007326,-0.100122,2.175892,0.358974,-0.940171
-1.206607,-0.007326,-0.090354,2.177419,0.388279,-0.778998
-1.206607,-0.007326,-0.065934,2.178563,0.300365,-0.612943
-1.206607,0.007328,-0.046398,2.178182,0.109890,-0.446886
-1.206607,-0.007326,-0.026862,2.177800,-0.021980,-0.285714
-1.206607,0.007328,-0.002442,2.177037,-0.095240,-0.188034
-1.206607,-0.007326,0.007326,2.175511,-0.212456,-0.178267
-1.206607,-0.007326,0.012211,2.173985,-0.329672,-0.271062
-1.206607,-0.007326,-0.002442,2.172459,-0.358976,-0.407814
-1.206607,-0.021978,-0.017094,2.171696,-0.256413,-0.588523
-1.206607,-0.021978,-0.036630,2.171314,-0.183151,-0.778998
-1.206607,-0.007326,-0.056166,2.171314,-0.051285,-0.949939
-1.206607,-0.036631,-0.070818,2.172077,0.065933,-1.072039
-1.206607,-0.021978,-0.090354,2.172840,0.183149,-1.086691
-1.206607,-0.021978,-0.100122,2.174748,0.315018,-1.018315
-1.206607,0.007328,-0.095238,2.175892,0.344322,-0.905983
-1.206607,-0.007326,-0.080586,2.177419,0.358974,-0.730159
-1.206607,0.007328,-0.061050,2.178182,0.271063,-0.559218
-1.206607,0.007328,-0.041514,2.177800,0.080585,-0.393163
-1.206607,0.007328,-0.017094,2.177419,-0.051285,-0.251526
-1.206225,0.021980,0.002442,2.176274,-0.153849,-0.178267
-1.206607,-0.007326,0.012211,2.175129,-0.256413,-0.202686
-1.206607,-0.021978,0.012211,2.173222,-0.373629,-0.305250
-1.206607,-0.007326,-0.002442,2.172077,-0.300367,-0.451771
-1.206607,-0.007326,-0.021978,2.171314,-0.227108,-0.647131
-1.206607,-0.007326,-0.041514,2.171314,-0.124544,-0.837606
-1.206607,-0.007326,-0.056166,2.171314,-0.021980,-0.998779
-1.206607,-0.036631,-0.075702,2.172077,0.095238,-1.086691
-1.206607,-0.007326,-0.090354,2.173222,0.197802,-1.067155
-1.206607,-0.007326,-0.100122,2.175129,0.358974,-0.984127
-1.206607,-0.007326,-0.095238,2.176656,0.344322,-0.857142
-1.206607,-0.007326,-0.080586,2.177800,0.358974,-0.671551
-1.206607,0.021980,-0.061050,2.178182,0.212454,-0.510379
-1.206607,0.007328,-0.041514,2.177800,0.036631,-0.344322
-1.206607,0.007328,-0.012210,2.177037,-0.065935,-0.217339
-1.206607,0.007328,0.007326,2.176274,-0.168499,-0.173382
-1.206607,-0.007326,0.012211,2.174748,-0.285717,-0.231990
-1.206225,0.007328,0.007326,2.172840,-0.373629,-0.349206
-1.206607,-0.007326,-0.007326,2.172077,-0.271065,-0.515263
-1.206607,-0.036631,-0.021978,2.171314,-0.168499,-0.715507
-1.206607,-0.007326,-0.046398,2.171696,-0.065935,-0.896214
-1.206607,-0.007326,-0.061050,2.172077,0.036631,-1.037851
-1.206607,-0.021978,-0.075702,2.172840,0.139194,-1.086691
-1.206607,-0.036631,-0.095238,2.174366,0.300365,-1.047619
-1.206607,-0.021978,-0.100122,2.175892,0.344322,-0.954823
-1.206607,-0.007326,-0.090354,2.177419,0.388279,-0.788767
-1.206607,0.007328,-0.075702,2.178563,0.329670,-0.622710
-1.206607,-0.007326,-0.051282,2.178182,0.109890,-0.461538
-1.206607,0.007328,-0.031746,2.177800,-0.036633,-0.295483
-1.206607,0.007328,-0.007326,2.177037,-0.109892,-0.188034
-1.206607,-0.007326,0.007326,2.175892,-0.212456,-0.178267
-1.206607,-0.007326,0.012211,2.173985,-0.344324,-0.271062
-1.206607,0.007328,0.002442,2.172459,-0.373629,-0.412699
-1.206607,-0.007326,-0.012210,2.171314,-0.285717,-0.588523
-1.206607,-0.021978,-0.031746,2.170933,-0.197803,-0.778998
-1.206607,-0.007326,-0.051282,2.171314,-0.051285,-0.949939
-1.206607,-0.036631,-0.065934,2.171696,0.021978,-1.067155
-1.206607,-0.021978,-0.085470,2.172840,0.168499,-1.086691
-1.206607,-0.007326,-0.100122,2.174366,0.315018,-1.013431
-1.206607,-0.007326,-0.095238,2.175892,0.329670,-0.901099
-1.206607,-0.007326,-0.085470,2.177037,0.315018,-0.725275
-1.206607,0.007328,-0.070818,2.177800,0.256411,-0.539682
-1.206607,0.021980,-0.046398,2.177419,0.095238,-0.378510
-1.206607,0.007328,-0.026862,2.177037,-0.051285,-0.246642
-1.206607,0.007328,-0.002442,2.175892,-0.168499,-0.183150
-1.206607,0.007328,0.012211,2.174366,-0.271065,-0.217339
-1.206607,-0.007326,0.012211,2.172840,-0.358976,-0.310134
-1.206607,-0.007326,-0.002442,2.171696,-0.271065,-0.466422
-1.206607,-0.021978,-0.017094,2.171314,-0.227108,-0.666667
-1.206607,-0.007326,-0.036630,2.170933,-0.124544,-0.852259
-1.206607,-0.007326,-0.056166,2.171314,-0.021980,-1.013431
-1.206607,-0.036631,-0.070818,2.172077,0.080585,-1.091575
-1.206607,-0.021978,-0.090354,2.173222,0.241758,-1.057387
-1.206607,-0.007326,-0.095238,2.175129,0.388279,-0.969475
-1.206607,-0.007326,-0.090354,2.176656,0.344322,-0.832723
-1.206607,0.007328,-0.080586,2.177800,0.329670,-0.647131
-1.206607,0.007328,-0.061050,2.177800,0.183149,-0.476191
-1.206607,-0.007326,-0.041514,2.177419,0.021978,-0.319902
-1.206607,0.021980,-0.017094,2.177037,-0.065935,-0.207570
-1.206225,0.007328,0.002442,2.175892,-0.183151,-0.178267
-1.206607,0.007328,0.012211,2.174366,-0.315020,-0.251526
-1.206607,-0.007326,0.007326,2.172840,-0.358976,-0.378510
-1.206607,-0.007326,-0.007326,2.172077,-0.241760,-0.549451
-1.206607,-0.036631,-0.026862,2.171696,-0.153849,-0.749695
-1.206607,-0.007326,-0.046398,2.171696,-0.051285,-0.935287
-1.206607,-0.007326,-0.061050,2.172459,0.065933,-1.062271
-1.206607,-0.051283,-0.075702,2.173603,0.183149,-1.081807
-1.206607,-0.007326,-0.095238,2.175129,0.329670,-1.032967
-1.206607,-0.007326,-0.095238,2.176656,0.388279,-0.915751
-1.206607,0.007328,-0.085470,2.178563,0.402931,-0.744811
-1.206607,-0.007326,-0.070818,2.178945,0.271063,-0.588523
-1.206607,-0.007326,-0.051282,2.178563,0.065933,-0.422466
-1.206607,0.007328,-0.031746,2.177800,-0.095240,-0.261294
-1.206607,0.007328,-0.012210,2.177037,-0.168499,-0.178267
-1.206225,0.021980,0.007326,2.175892,-0.227108,-0.188034
-1.206607,-0.007326,0.012211,2.173985,-0.373629,-0.310134
-1.206225,0.007328,0.002442,2.172459,-0.388281,-0.466422
-1.206607,-0.036631,-0.012210,2.171314,-0.300367,-0.647131
-1.206607,-0.021978,-0.031746,2.170933,-0.168499,-0.832723
-1.206607,-0.007326,-0.051282,2.171314,-0.036633,-0.989011
-1.206607,-0.021978,-0.070818,2.171696,0.080585,-1.086691
-1.206607,-0.051283,-0.085470,2.172840,0.197802,-1.072039
-1.206607,-0.007326,-0.100122,2.174748,0.315018,-0.979243
-1.206607,-0.007326,-0.095238,2.175892,0.315018,-0.847375
-1.206607,0.007328,-0.085470,2.176656,0.271063,-0.661782
-1.206607,0.007328,-0.065934,2.177037,0.197802,-0.471307
-1.206607,0.007328,-0.041514,2.177037,0.051283,-0.319902
-1.206607,0.021980,-0.021978,2.175892,-0.124544,-0.217339
-1.206607,0.007328,-0.002442,2.174748,-0.227108,-0.197803
-1.206607,-0.007326,0.007326,2.172840,-0.373629,-0.246642
-1.206225,0.007328,0.007326,2.171314,-0.344324,-0.368742
-1.206607,0.007328,-0.002442,2.170552,-0.285717,-0.544566
-1.206607,-0.007326,-0.017094,2.170170,-0.168499,-0.730159
-1.206607,-0.021978,-0.041514,2.170170,-0.036633,-0.920635
-1.206607,-0.007326,-0.056166,2.170552,0.021978,-1.057387
-1.206607,-0.036631,-0.070818,2.171314,0.124542,-1.096459
-1.206607,-0.021978,-0.090354,2.172840,0.285715,-1.037851
-1.206607,-0.021978,-0.100122,2.174748,0.417582,-0.901099
-1.206607,-0.007326,-0.090354,2.176274,0.358974,-0.754579
-1.206607,0.007328,-0.075702,2.177037,0.285715,-0.564102
-1.206607,-0.007326,-0.051282,2.177037,0.139194,-0.393163
-1.206607,0.007328,-0.036630,2.176656,-0.021980,-0.261294
-1.206607,0.007328,-0.012210,2.175511,-0.153849,-0.192918
-1.206607,-0.007326,0.007326,2.173985,-0.271065,-0.217339
-1.206225,-0.007326,0.012211,2.172840,-0.315020,-0.300366
-1.206225,-0.007326,0.002442,2.171314,-0.271065,-0.461538
-1.206607,-0.021978,-0.012210,2.170552,-0.241760,-0.652015
-1.206607,-0.007326,-0.026862,2.170552,-0.095240,-0.837606
-1.206607,-0.007326,-0.051282,2.170933,-0.021980,-1.008547
-1.206607,-0.036631,-0.065934,2.171314,0.080585,-1.086691
-1.206607,-0.036631,-0.085470,2.172840,0.227106,-1.067155
-1.206607,-0.021978,-0.100122,2.174748,0.358974,-0.964591
-1.206607,0.007328,-0.095238,2.175892,0.358974,-0.837606
-1.206607,-0.007326,-0.085470,2.177037,0.300365,-0.652015
-1.206607,0.007328,-0.065934,2.177419,0.197802,-0.466422
-1.206607,-0.007326,-0.046398,2.177037,0.051283,-0.310134
-1.206607,0.007328,-0.021978,2.176274,-0.080587,-0.207570
-1.206225,0.021980,-0.002442,2.175129,-0.212456,-0.192918
-1.206607,0.021980,0.007326,2.173222,-0.358976,-0.261294
-1.206607,0.007328,0.002442,2.172077,-0.315020,-0.383394
-1.206225,-0.007326,-0.007326,2.170933,-0.256413,-0.568987
-1.206607,-0.021978,-0.017094,2.170552,-0.183151,-0.759462
-1.206607,-0.021978,-0.036630,2.170933,-0.065935,-0.940171
-1.206607,-0.007326,-0.056166,2.171314,0.021978,-1.072039
-1.206607,-0.021978,-0.070818,2.172077,0.139194,-1.091575
-1.206607,-0.021978,-0.090354,2.173603,0.300365,-1.008547
-1.206607,-0.007326,-0.100122,2.175511,0.388279,-0.896214
-1.206607,0.007328,-0.090354,2.176274,0.329670,-0.735043
-1.206607,-0.007326,-0.075702,2.177037,0.241758,-0.539682
-1.206607,-0.007326,-0.056166,2.177037,0.109890,-0.368742
-1.206607,0.007328,-0.036630,2.176656,-0.051285,-0.246642
-1.206607,0.007328,-0.012210,2.175511,-0.168499,-0.192918
-1.206225,0.007328,0.007326,2.173603,-0.315020,-0.227106
-1.206607,0.007328,0.012211,2.172077,-0.329672,-0.319902
-1.206607,0.007328,0.002442,2.170933,-0.285717,-0.490843
-1.206607,-0.007326,-0.012210,2.170552,-0.212456,-0.686203
-1.206607,-0.021978,-0.026862,2.170552,-0.080587,-0.866911
-1.206607,-0.007326,-0.046398,2.170552,-0.007328,-1.032967
-1.206607,-0.007326,-0.061050,2.171314,0.080585,-1.091575
-1.206607,-0.036631,-0.075702,2.172840,0.227106,-1.057387
-1.206607,-0.007326,-0.090354,2.174366,0.358974,-0.940171
-1.206607,-0.007326,-0.095238,2.175892,0.358974,-0.798534
-1.206607,0.007328,-0.085470,2.176656,0.285715,-0.617826
-1.206607,-0.007326,-0.065934,2.176656,0.153847,-0.432235
-1.206607,-0.007326,-0.046398,2.176274,0.007326,-0.285714
-1.206607,0.021980,-0.026862,2.175129,-0.124544,-0.207570
-1.206225,0.007328,-0.002442,2.173603,-0.300367,-0.207570
-1.206225,-0.007326,0.007326,2.172077,-0.344324,-0.275947
-1.206607,0.007328,0.002442,2.170552,-0.344324,-0.427350
-1.206607,-0.007326,-0.007326,2.169789,-0.271065,-0.598290
-1.206607,-0.021978,-0.021978,2.169789,-0.109892,-0.783883
-1.206607,-0.007326,-0.041514,2.169789,-0.021980,-0.979243
-1.206607,-0.007326,-0.056166,2.170552,0.051283,-1.076923
-1.206607,-0.021978,-0.075702,2.171696,0.197802,-1.086691
-1.206607,-0.021978,-0.090354,2.173222,0.315018,-0.993895
-1.206607,-0.007326,-0.095238,2.175129,0.432234,-0.842491
-1.206607,0.007328,-0.090354,2.176274,0.358974,-0.681318
-1.206607,-0.007326,-0.070818,2.177037,0.241758,-0.495727
-1.206607,0.007328,-0.051282,2.177037,0.095238,-0.339438
-1.206607,0.007328,-0.031746,2.176274,-0.036633,-0.227106
-1.206607,0.021980,-0.007326,2.175129,-0.197803,-0.197803
-1.206607,-0.007326,0.007326,2.173222,-0.315020,-0.246642
-1.206607,-0.007326,0.007326,2.172077,-0.300367,-0.363858
-1.206607,-0.021978,-0.002442,2.171314,-0.256413,-0.549451
-1.206607,-0.007326,-0.017094,2.170933,-0.168499,-0.749695
-1.206607,-0.021978,-0.036630,2.170933,-0.065935,-0.925519
-1.206607,-0.007326,-0.051282,2.171314,0.021978,-1.062271
-1.206607,-0.021978,-0.065934,2.172077,0.153847,-1.091575
-1.206607,-0.021978,-0.085470,2.173985,0.300365,-1.018315
-1.206607,-0.021978,-0.095238,2.175511,0.388279,-0.910867
-1.206607,-0.007326,-0.095238,2.176656,0.315018,-0.744811
-1.206607,-0.007326,-0.075702,2.177419,0.256411,-0.549451
-1.206607,-0.007326,-0.061050,2.177419,0.124542,-0.383394
-1.206607,0.007328,-0.036630,2.177037,-0.021980,-0.251526
-1.206607,0.021980,-0.017094,2.175892,-0.139196,-0.188034
-1.206225,0.007328,0.002442,2.174366,-0.271065,-0.227106
-1.206225,-0.007326,0.012211,2.172840,-0.358976,-0.324786
-1.206225,0.021980,0.007326,2.171696,-0.271065,-0.481074
-1.206607,-0.007326,-0.007326,2.171314,-0.197803,-0.681318
-1.206607,-0.036631,-0.021978,2.171314,-0.080587,-0.871795
-1.206607,-0.021978,-0.046398,2.171314,-0.021980,-1.028083
-1.206607,-0.021978,-0.061050,2.172077,0.109890,-1.091575
-1.206607,-0.021978,-0.075702,2.173603,0.241758,-1.042735
-1.206607,-0.036631,-0.090354,2.175511,0.373627,-0.945055
-1.206607,-0.007326,-0.090354,2.176656,0.344322,-0.793651
-1.206607,-0.007326,-0.085470,2.177800,0.315018,-0.603174
-1.206607,-0.007326,-0.065934,2.177800,0.153847,-0.432235
-1.206607,0.007328,-0.046398,2.177419,-0.007328,-0.285714
-1.206607,0.021980,-0.026862,2.176274,-0.124544,-0.192918
-1.206225,0.021980,-0.002442,2.175129,-0.227108,-0.197803
-1.206225,0.007328,0.007326,2.173222,-0.358976,-0.295483
-1.206607,-0.007326,0.007326,2.172459,-0.300367,-0.432235
-1.206607,-0.007326,-0.002442,2.171696,-0.197803,-0.622710
-1.206607,-0.007326,-0.021978,2.171696,-0.109892,-0.827839
-1.206607,-0.021978,-0.036630,2.172077,0.007326,-0.993895
-1.206607,-0.021978,-0.056166,2.172459,0.080585,-1.081807
-1.206607,-0.021978,-0.070818,2.173985,0.227106,-1.057387
-1.206607,-0.051283,-0.090354,2.175511,0.358974,-0.979243
-1.206607,-0.007326,-0.095238,2.177037,0.388279,-0.827839
-1.206607,-0.007326,-0.090354,2.178563,0.373627,-0.652015
-1.206607,-0.007326,-0.075702,2.178563,0.183149,-0.495727
-1.206607,-0.007326,-0.056166,2.177800,-0.007328,-0.329670
-1.206607,0.007328,-0.031746,2.177037,-0.124544,-0.207570
-1.206607,0.021980,-0.017094,2.176274,-0.183151,-0.178267
-1.206225,0.007328,0.002442,2.174748,-0.271065,-0.256411
-1.206607,0.007328,0.007326,2.172840,-0.373629,-0.407814
-1.206607,-0.007326,0.002442,2.172077,-0.271065,-0.578754
-1.206607,-0.007326,-0.012210,2.171696,-0.168499,-0.774115
-1.206607,-0.021978,-0.031746,2.172077,-0.051285,-0.954823
-1.206607,-0.007326,-0.051282,2.172459,0.065933,-1.062271
-1.206607,-0.021978,-0.070818,2.173603,0.183149,-1.072039
-1.206607,-0.036631,-0.085470,2.175129,0.329670,-1.013431
-1.206607,-0.007326,-0.095238,2.176656,0.329670,-0.871795
-1.206607,-0.007326,-0.090354,2.178182,0.388279,-0.686203
-1.206607,-0.007326,-0.075702,2.178563,0.241758,-0.529915
-1.206607,-0.007326,-0.056166,2.178182,0.021978,-0.368742
-1.206607,-0.007326,-0.036630,2.177419,-0.095240,-0.231990
-1.206607,0.007328,-0.017094,2.176274,-0.183151,-0.178267
-1.206225,0.007328,0.002442,2.174748,-0.256413,-0.236875
-1.206225,0.007328,0.007326,2.172840,-0.373629,-0.368742
-1.206225,-0.007326,0.007326,2.172077,-0.300367,-0.539682
-1.206607,-0.021978,-0.007326,2.171314,-0.241760,-0.739926
-1.206607,-0.036631,-0.026862,2.171314,-0.095240,-0.915751
-1.206607,-0.007326,-0.046398,2.171696,0.021978,-1.047619
-1.206607,-0.036631,-0.065934,2.172459,0.153847,-1.086691
-1.206607,-0.036631,-0.080586,2.173985,0.285715,-1.018315
-1.206607,-0.021978,-0.095238,2.175511,0.344322,-0.905983
-1.206607,-0.007326,-0.095238,2.176656,0.315018,-0.735043
-1.206607,-0.007326,-0.085470,2.177800,0.271063,-0.539682
-1.206607,0.021980,-0.061050,2.177419,0.124542,-0.378510
-1.206607,0.007328,-0.041514,2.177037,-0.036633,-0.251526
-1.206607,0.007328,-0.021978,2.175892,-0.183151,-0.192918
-1.206225,0.021980,-0.002442,2.173985,-0.315020,-0.231990
-1.206225,0.007328,0.007326,2.172459,-0.344324,-0.329670
-1.206225,-0.007326,0.007326,2.171696,-0.271065,-0.495727
-1.206607,-0.021978,-0.007326,2.171314,-0.197803,-0.700854
-1.206607,-0.007326,-0.021978,2.170933,-0.080587,-0.891331
-1.206607,-0.007326,-0.041514,2.171696,-0.007328,-1.037851
-1.206607,-0.007326,-0.056166,2.172077,0.109890,-1.086691
-1.206607,-0.021978,-0.075702,2.173603,0.241758,-1.028083
-1.206607,-0.036631,-0.090354,2.175511,0.388279,-0.920635
-1.206607,-0.007326,-0.095238,2.176656,0.329670,-0.764347
-1.206607,-0.007326,-0.085470,2.177800,0.300365,-0.573871
-1.206607,-0.007326,-0.065934,2.177800,0.139194,-0.407814
-1.206607,0.007328,-0.051282,2.177037,-0.036633,-0.266178
-1.206607,0.021980,-0.026862,2.176274,-0.109892,-0.192918
-1.206225,0.021980,-0.007326,2.175129,-0.241760,-0.212454
-1.206225,-0.007326,0.002442,2.173222,-0.373629,-0.319902
-1.206607,-0.021978,0.007326,2.172459,-0.285717,-0.466422
-1.206607,-0.007326,-0.002442,2.172077,-0.168499,-0.666667
-1.206225,-0.007326,-0.021978,2.172077,-0.065935,-0.866911
-1.206607,-0.021978,-0.036630,2.172077,0.036631,-1.023199
-1.206607,-0.007326,-0.056166,2.173222,0.124542,-1.081807
-1.206607,-0.036631,-0.070818,2.174748,0.271063,-1.047619
-1.206607,-0.021978,-0.085470,2.176274,0.344322,-0.949939
-1.206607,-0.021978,-0.095238,2.178182,0.432234,-0.778998
-1.206607,-0.007326,-0.085470,2.178945,0.358974,-0.617826
-1.206607,0.007328,-0.075702,2.178945,0.124542,-0.451771
-1.206607,-0.007326,-0.056166,2.178182,-0.065935,-0.290598
-1.206607,0.007328,-0.031746,2.177037,-0.139196,-0.192918
-1.206225,0.007328,-0.012210,2.175892,-0.227108,-0.188034
-1.206225,0.007328,0.002442,2.174366,-0.315020,-0.300366
-1.206607,-0.007326,0.007326,2.172840,-0.388281,-0.466422
-1.206607,-0.021978,-0.002442,2.172077,-0.256413,-0.652015
-1.206607,-0.036631,-0.017094,2.171696,-0.153849,-0.837606
-1.206607,-0.021978,-0.036630,2.172077,-0.007328,-0.998779
-1.206607,0.007328,-0.056166,2.172840,0.095238,-1.076923
-1.206607,-0.021978,-0.070818,2.173985,0.227106,-1.057387
-1.206607,-0.036631,-0.085470,2.175511,0.300365,-0.969475
-1.206607,-0.021978,-0.090354,2.176656,0.329670,-0.803419
-1.206607,-0.007326,-0.090354,2.178182,0.344322,-0.608059
-1.206607,-0.007326,-0.075702,2.178182,0.183149,-0.451771
-1.206607,0.007328,-0.056166,2.177419,-0.007328,-0.305250
-1.206607,0.007328,-0.036630,2.176656,-0.124544,-0.202686
-1.206225,0.007328,-0.017094,2.175511,-0.241760,-0.197803
-1.206225,0.007328,0.002442,2.173603,-0.358976,-0.290598
-1.206225,0.007328,0.007326,2.172459,-0.315020,-0.432235
-1.206607,-0.007326,0.002442,2.171696,-0.227108,-0.627595
-1.206607,-0.021978,-0.012210,2.171314,-0.139196,-0.827839
-1.206607,-0.007326,-0.031746,2.171696,-0.007328,-0.998779
-1.206607,-0.007326,-0.046398,2.172459,0.065933,-1.081807
-1.206607,-0.021978,-0.065934,2.173603,0.227106,-1.057387
-1.206607,-0.036631,-0.080586,2.175511,0.344322,-0.969475
-1.206607,-0.007326,-0.090354,2.177037,0.358974,-0.818070
-1.206607,0.007328,-0.085470,2.178182,0.344322,-0.632479
-1.206607,-0.021978,-0.075702,2.178563,0.183149,-0.471307
-1.206607,0.007328,-0.056166,2.177800,-0.007328,-0.315019
-1.206607,0.007328,-0.041514,2.177037,-0.124544,-0.202686
-1.206607,0.007328,-0.021978,2.175892,-0.212456,-0.188034
-1.206225,0.007328,-0.002442,2.174366,-0.300367,-0.285714
-1.206225,-0.007326,0.002442,2.172840,-0.329672,-0.432235
-1.206607,-0.021978,0.002442,2.172077,-0.227108,-0.612943
-1.206607,-0.021978,-0.012210,2.172077,-0.109892,-0.813187
-1.206607,-0.021978,-0.031746,2.172459,-0.007328,-0.984127
-1.206607,-0.007326,-0.051282,2.173222,0.095238,-1.067155
-1.206607,-0.021978,-0.065934,2.174366,0.256411,-1.067155
-1.206607,-0.036631,-0.080586,2.175892,0.300365,-0.984127
-1.206607,-0.021978,-0.095238,2.177800,0.402931,-0.813187
-1.206607,0.007328,-0.090354,2.178945,0.358974,-0.647131
-1.206607,0.007328,-0.075702,2.178945,0.183149,-0.485958
-1.206607,-0.007326,-0.056166,2.178182,-0.036633,-0.324786
-1.206607,0.007328,-0.041514,2.177419,-0.153849,-0.212454
-1.206607,-0.007326,-0.017094,2.176274,-0.227108,-0.178267
-1.206225,0.007328,-0.002442,2.174748,-0.300367,-0.271062
-1.206225,-0.007326,0.002442,2.172840,-0.402931,-0.432235
-1.206607,-0.007326,0.002442,2.171696,-0.300367,-0.617826
-1.206607,0.007328,-0.012210,2.171314,-0.197803,-0.808303
-1.206607,-0.021978,-0.026862,2.171314,-0.065935,-0.969475
-1.206607,-0.007326,-0.046398,2.172077,0.065933,-1.072039
-1.206607,-0.036631,-0.061050,2.173222,0.197802,-1.062271
-1.206607,-0.036631,-0.080586,2.174748,0.315018,-0.974359
-1.206607,-0.021978,-0.090354,2.175892,0.300365,-0.837606
-1.206607,-0.021978,-0.090354,2.177037,0.315018,-0.637362
-1.206607,-0.007326,-0.080586,2.177800,0.227106,-0.456655
-1.206607,0.007328,-0.061050,2.177419,0.051283,-0.310134
-1.206607,0.007328,-0.041514,2.176274,-0.109892,-0.212454
-1.206225,0.007328,-0.021978,2.175129,-0.241760,-0.202686
-1.206225,0.007328,-0.002442,2.173222,-0.373629,-0.280830
-1.206607,-0.007326,0.007326,2.172077,-0.285717,-0.412699
-1.206225,-0.007326,0.002442,2.171696,-0.227108,-0.608059
-1.206607,-0.007326,-0.007326,2.171314,-0.139196,-0.813187
-1.206607,-0.007326,-0.026862,2.171314,-0.036633,-0.984127
-1.206607,0.007328,-0.046398,2.172077,0.065933,-1.081807
-1.206607,-0.021978,-0.061050,2.173222,0.197802,-1.062271
-1.206607,-0.021978,-0.075702,2.175129,0.373627,-0.964591
-1.206607,-0.021978,-0.090354,2.176274,0.344322,-0.832723
-1.206607,-0.007326,-0.090354,2.177800,0.344322,-0.642246
-1.206607,-0.007326,-0.075702,2.177800,0.197802,-0.466422
-1.206607,-0.007326,-0.061050,2.177419,0.036631,-0.315019
-1.206607,0.007328,-0.041514,2.176656,-0.095240,-0.207570
-1.206607,0.021980,-0.021978,2.175511,-0.183151,-0.192918
-1.206225,0.021980,-0.002442,2.173985,-0.300367,-0.280830
-1.206225,-0.007326,0.007326,2.172840,-0.329672,-0.422466
-1.206607,-0.007326,0.002442,2.172459,-0.183151,-0.608059
-1.206225,-0.021978,-0.012210,2.172459,-0.080587,-0.813187
-1.206607,-0.036631,-0.026862,2.172459,0.007326,-0.984127
-1.206225,-0.007326,-0.046398,2.173222,0.124542,-1.072039
-1.206607,-0.021978,-0.061050,2.174748,0.241758,-1.067155
-1.206607,-0.021978,-0.075702,2.176274,0.329670,-0.979243
-1.206607,-0.021978,-0.090354,2.178182,0.432234,-0.808303
-1.206607,-0.007326,-0.090354,2.179326,0.373627,-0.647131
-1.206607,-0.007326,-0.080586,2.179708,0.183149,-0.481074
-1.206607,0.007328,-0.065934,2.178945,-0.021980,-0.324786
-1.206607,0.007328,-0.046398,2.177800,-0.197803,-0.217339
-1.206607,0.021980,-0.026862,2.176656,-0.241760,-0.183150
-1.206225,-0.007326,-0.007326,2.175129,-0.285717,-0.271062
-1.206607,0.007328,0.002442,2.173222,-0.388281,-0.451771
-1.206607,-0.007326,0.002442,2.172459,-0.300367,-0.632479
-1.206607,-0.007326,-0.012210,2.172077,-0.153849,-0.822955
-1.206607,-0.021978,-0.031746,2.172459,-0.036633,-0.984127
-1.206607,0.007328,-0.046398,2.173222,0.095238,-1.067155
-1.206607,-0.007326,-0.061050,2.174366,0.241758,-1.057387
-1.206607,-0.036631,-0.080586,2.175511,0.285715,-0.974359
-1.206607,-0.021978,-0.090354,2.177037,0.329670,-0.798534
-1.206607,-0.007326,-0.090354,2.178563,0.329670,-0.608059
-1.206607,-0.007326,-0.075702,2.178563,0.183149,-0.456655
-1.206607,-0.007326,-0.061050,2.177800,-0.036633,-0.310134
-1.206607,0.007328,-0.041514,2.177037,-0.139196,-0.202686
-1.206225,0.021980,-0.021978,2.175511,-0.241760,-0.197803
-1.206225,0.021980,-0.007326,2.173985,-0.329672,-0.295483
-1.206225,0.007328,0.002442,2.172459,-0.329672,-0.451771
-1.206607,-0.007326,0.002442,2.171696,-0.241760,-0.647131
-1.206607,-0.021978,-0.012210,2.171696,-0.124544,-0.847375
-1.206607,-0.021978,-0.026862,2.172077,-0.007328,-1.003663
-1.206607,-0.007326,-0.046398,2.172840,0.109890,-1.076923
-1.206607,-0.021978,-0.061050,2.173985,0.241758,-1.047619
-1.206607,-0.036631,-0.075702,2.175511,0.329670,-0.954823
-1.206607,-0.021978,-0.090354,2.177037,0.358974,-0.783883
-1.206607,0.007328,-0.085470,2.178182,0.329670,-0.593407
-1.206607,-0.007326,-0.070818,2.178182,0.168499,-0.437119
-1.206607,-0.007326,-0.056166,2.177800,-0.021980,-0.285714
-1.206607,-0.007326,-0.036630,2.176656,-0.124544,-0.192918
-1.206607,0.021980,-0.017094,2.175511,-0.241760,-0.207570
-1.206225,0.007328,-0.002442,2.173603,-0.344324,-0.315019
-1.206225,0.007328,0.002442,2.172459,-0.315020,-0.471307
-1.206607,-0.021978,-0.002442,2.172077,-0.197803,-0.666667
-1.206607,-0.021978,-0.012210,2.172077,-0.080587,-0.862027
-1.206607,-0.007326,-0.031746,2.172459,0.036631,-1.018315
-1.206607,-0.007326,-0.051282,2.173603,0.139194,-1.076923
-1.206607,-0.036631,-0.065934,2.175129,0.271063,-1.047619
-1.206607,-0.036631,-0.080586,2.176274,0.329670,-0.935287
-1.206607,-0.021978,-0.090354,2.178182,0.402931,-0.749695
-1.206607,0.007328,-0.090354,2.179326,0.344322,-0.588523
-1.206607,-0.007326,-0.075702,2.178945,0.109890,-0.427350
-1.206607,0.007328,-0.061050,2.178182,-0.080587,-0.280830
-1.206607,-0.021978,-0.041514,2.177037,-0.183151,-0.197803
-1.206225,0.007328,-0.021978,2.175892,-0.256413,-0.202686
-1.206225,0.007328,-0.007326,2.174366,-0.329672,-0.339438
-1.206225,-0.007326,0.002442,2.172459,-0.358976,-0.510379
-1.206607,-0.007326,-0.002442,2.172077,-0.256413,-0.700854
-1.206607,-0.021978,-0.017094,2.172077,-0.124544,-0.886447
-1.206607,-0.007326,-0.031746,2.172459,0.021978,-1.028083
-1.206607,-0.007326,-0.046398,2.173222,0.139194,-1.076923
-1.206607,-0.021978,-0.061050,2.174748,0.285715,-1.032967
-1.206607,-0.036631,-0.080586,2.175892,0.300365,-0.915751
-1.206607,-0.007326,-0.090354,2.177419,0.344322,-0.725275
-1.206607,-0.007326,-0.085470,2.178563,0.300365,-0.544566
-1.206607,-0.007326,-0.070818,2.178182,0.095238,-0.388278
-1.206607,0.007328,-0.056166,2.177419,-0.065935,-0.256411
-1.206607,0.007328,-0.036630,2.176274,-0.168499,-0.188034
-1.206225,0.021980,-0.017094,2.175129,-0.271065,-0.231990
-1.206607,0.021980,0.002442,2.173222,-0.373629,-0.358974
-1.206607,-0.007326,0.007326,2.172459,-0.256413,-0.529915
-1.206607,-0.007326,-0.002442,2.172077,-0.168499,-0.735043
-1.206607,-0.007326,-0.017094,2.172077,-0.036633,-0.925519
-1.206607,-0.021978,-0.031746,2.172840,0.051283,-1.047619
-1.206607,-0.021978,-0.051282,2.173603,0.168499,-1.072039
-1.206607,-0.021978,-0.065934,2.175129,0.300365,-1.018315
-1.206607,-0.021978,-0.075702,2.176656,0.344322,-0.876678
-1.206607,-0.007326,-0.085470,2.178563,0.402931,-0.691087
-1.206607,-0.007326,-0.080586,2.178945,0.271063,-0.529915
-1.206607,-0.007326,-0.065934,2.178563,0.036631,-0.368742
-1.206607,-0.007326,-0.051282,2.177419,-0.109892,-0.236875
-1.206607,-0.007326,-0.031746,2.176656,-0.168499,-0.183150
-1.206225,0.021980,-0.017094,2.175129,-0.271065,-0.241758
-1.206225,0.007328,0.002442,2.173603,-0.373629,-0.402930
-1.206225,-0.007326,0.002442,2.172459,-0.300367,-0.578754
-1.206607,-0.021978,-0.002442,2.172077,-0.183151,-0.774115
-1.206607,-0.021978,-0.017094,2.172459,-0.021980,-0.949939
-1.206607,-0.021978,-0.036630,2.172840,0.065933,-1.057387
-1.206607,-0.007326,-0.051282,2.173985,0.197802,-1.067155
-1.206607,-0.036631,-0.070818,2.175511,0.285715,-0.998779
-1.206607,-0.021978,-0.085470,2.177037,0.344322,-0.842491
-1.206607,-0.021978,-0.085470,2.178563,0.373627,-0.647131
-1.206607,0.007328,-0.080586,2.178945,0.227106,-0.490843
-1.206607,-0.007326,-0.065934,2.178182,-0.007328,-0.334555
-1.206607,-0.007326,-0.046398,2.177037,-0.124544,-0.217339
-1.206607,0.007328,-0.031746,2.175892,-0.227108,-0.192918
-1.206607,0.007328,-0.012210,2.174366,-0.300367,-0.280830
-1.206607,-0.007326,-0.002442,2.172840,-0.358976,-0.437119
-1.206607,-0.007326,0.002442,2.172077,-0.256413,-0.622710
-1.206607,-0.021978,-0.007326,2.171696,-0.168499,-0.822955
-1.206607,-0.021978,-0.021978,2.172077,-0.021980,-0.984127
-1.206607,-0.007326,-0.041514,2.172840,0.095238,-1.072039
-1.206607,-0.007326,-0.056166,2.173985,0.212454,-1.052503
-1.206607,-0.021978,-0.070818,2.175511,0.315018,-0.959707
-1.206607,-0.036631,-0.085470,2.177037,0.329670,-0.793651
-1.206607,0.007328,-0.090354,2.178182,0.344322,-0.603174
-1.206607,-0.021978,-0.080586,2.178182,0.183149,-0.446886
-1.206607,0.021980,-0.065934,2.177419,-0.036633,-0.295483
-1.206607,-0.007326,-0.046398,2.177037,-0.109892,-0.202686
-1.206607,0.007328,-0.026862,2.175511,-0.212456,-0.207570
-1.206225,0.021980,-0.007326,2.173985,-0.315020,-0.315019
-1.206225,0.007328,0.002442,2.172840,-0.329672,-0.471307
-1.206607,-0.007326,-0.002442,2.172459,-0.197803,-0.666667
-1.206607,-0.021978,-0.012210,2.172459,-0.065935,-0.866911
-1.206607,-0.007326,-0.026862,2.172840,0.036631,-1.018315
-1.206607,-0.007326,-0.041514,2.173985,0.153847,-1.076923
-1.206607,-0.007326,-0.056166,2.175129,0.271063,-1.047619
-1.206607,-0.021978,-0.070818,2.176656,0.329670,-0.920635
-1.206607,-0.021978,-0.085470,2.178563,0.417582,-0.735043
-1.206607,-0.007326,-0.085470,2.179708,0.315018,-0.578754
-1.206607,0.007328,-0.075702,2.179326,0.109890,-0.407814
-1.206607,0.007328,-0.061050,2.178182,-0.109892,-0.271062
-1.206607,0.007328,-0.041514,2.177037,-0.212456,-0.192918
-1.206225,0.021980,-0.017094,2.175892,-0.271065,-0.212454
-1.206225,0.007328,-0.002442,2.174366,-0.329672,-0.358974
-1.206225,-0.021978,0.007326,2.172840,-0.373629,-0.544566
-1.206607,-0.021978,-0.002442,2.172077,-0.241760,-0.730159
-1.206607,-0.007326,-0.017094,2.172459,-0.080587,-0.910867
-1.206607,0.007328,-0.031746,2.172840,0.036631,-1.042735
-1.206607,-0.007326,-0.046398,2.173985,0.153847,-1.072039
-1.206607,-0.021978,-0.061050,2.175129,0.271063,-1.018315
-1.206607,-0.021978,-0.075702,2.176274,0.271063,-0.876678
-1.206607,-0.021978,-0.085470,2.178182,0.358974,-0.676435
-1.206607,-0.021978,-0.080586,2.178563,0.271063,-0.510379
-1.206607,-0.007326,-0.070818,2.178182,0.036631,-0.358974
-1.206607,-0.007326,-0.056166,2.177419,-0.095240,-0.236875
-1.206607,0.007328,-0.036630,2.176274,-0.183151,-0.192918
-1.206225,0.007328,-0.017094,2.174748,-0.285717,-0.261294
-1.206225,0.007328,-0.002442,2.173222,-0.358976,-0.407814
-1.206607,-0.021978,0.002442,2.172459,-0.256413,-0.588523
-1.206607,-0.007326,-0.007326,2.172077,-0.153849,-0.793651
-1.206607,-0.007326,-0.021978,2.172459,-0.021980,-0.964591
-1.206607,0.007328,-0.036630,2.173222,0.095238,-1.062271
-1.206607,-0.007326,-0.051282,2.174366,0.212454,-1.062271
-1.206607,-0.036631,-0.065934,2.175511,0.300365,-0.979243
-1.206607,-0.021978,-0.080586,2.177419,0.358974,-0.808303
-1.206607,-0.007326,-0.085470,2.178563,0.373627,-0.627595
-1.206607,0.007328,-0.080586,2.178563,0.183149,-0.466422
-1.206607,-0.007326,-0.065934,2.178182,-0.036633,-0.315019
-1.206607,0.007328,-0.046398,2.177037,-0.139196,-0.207570
-1.206607,-0.007326,-0.031746,2.175892,-0.212456,-0.197803
-1.206607,0.007328,-0.012210,2.174748,-0.271065,-0.305250
-1.206225,-0.007326,-0.002442,2.172840,-0.373629,-0.476191
-1.206607,-0.007326,0.002442,2.172459,-0.256413,-0.661782
-1.206607,-0.007326,-0.007326,2.172459,-0.095240,-0.852259
-1.206607,-0.007326,-0.021978,2.172840,0.021978,-1.003663
-1.206607,-0.007326,-0.041514,2.173603,0.139194,-1.072039
-1.206607,-0.021978,-0.056166,2.174748,0.256411,-1.047619
-1.206607,-0.021978,-0.070818,2.176274,0.285715,-0.930403
-1.206607,-0.021978,-0.085470,2.178182,0.402931,-0.735043
-1.206607,0.021980,-0.085470,2.178945,0.315018,-0.568987
-1.206607,0.007328,-0.075702,2.178563,0.109890,-0.412699
-1.206607,0.007328,-0.061050,2.177800,-0.080587,-0.266178
-1.206607,0.021980,-0.041514,2.176656,-0.183151,-0.192918
-1.206225,-0.007326,-0.026862,2.175511,-0.271065,-0.222222
-1.206225,0.007328,-0.007326,2.173603,-0.358976,-0.363858
-1.206607,0.007328,0.002442,2.172459,-0.315020,-0.539682
-1.206607,0.007328,0.002442,2.172077,-0.197803,-0.739926
-1.206607,-0.021978,-0.012210,2.172077,-0.065935,-0.920635
-1.206607,-0.007326,-0.026862,2.172840,0.036631,-1.042735
-1.206607,-0.007326,-0.046398,2.173985,0.153847,-1.067155
-1.206607,-0.021978,-0.061050,2.175129,0.285715,-1.008547
-1.206607,-0.036631,-0.075702,2.176274,0.300365,-0.862027
-1.206607,-0.021978,-0.085470,2.178182,0.373627,-0.661782
-1.206607,-0.007326,-0.085470,2.178563,0.241758,-0.500610
-1.206607,0.007328,-0.075702,2.178182,0.036631,-0.349206
-1.206607,-0.007326,-0.056166,2.177419,-0.109892,-0.227106
-1.206607,0.007328,-0.036630,2.176274,-0.212456,-0.192918
-1.206225,0.021980,-0.017094,2.174748,-0.285717,-0.271062
-1.206225,0.007328,-0.002442,2.173222,-0.358976,-0.427350
-1.206225,0.007328,0.002442,2.172459,-0.256413,-0.608059
-1.206607,-0.007326,-0.002442,2.172459,-0.109892,-0.813187
-1.206607,-0.007326,-0.017094,2.172840,0.007326,-0.984127
-1.206607,-0.021978,-0.036630,2.173603,0.109890,-1.067155
-1.206607,0.007328,-0.051282,2.174748,0.227106,-1.062271
-1.206607,-0.021978,-0.065934,2.175892,0.285715,-0.959707
-1.206607,-0.021978,-0.080586,2.177800,0.388279,-0.774115
-1.206607,-0.021978,-0.085470,2.179326,0.358974,-0.603174
-1.206607,0.007328,-0.080586,2.178945,0.153847,-0.446886
-1.206607,-0.021978,-0.065934,2.178182,-0.065935,-0.295483
-1.206607,-0.007326,-0.051282,2.177037,-0.168499,-0.202686
-1.206607,0.007328,-0.031746,2.175892,-0.241760,-0.202686
-1.206607,0.007328,-0.012210,2.174366,-0.315020,-0.329670
-1.206607,-0.007326,-0.002442,2.172840,-0.358976,-0.510379
-1.206607,0.007328,0.002442,2.172077,-0.241760,-0.705739
-1.206607,-0.007326,-0.012210,2.172077,-0.095240,-0.886447
-1.206607,-0.021978,-0.026862,2.172840,0.021978,-1.028083
-1.206607,-0.007326,-0.041514,2.173603,0.153847,-1.072039
-1.206607,-0.021978,-0.056166,2.175129,0.271063,-1.028083
-1.206607,-0.021978,-0.070818,2.176274,0.300365,-0.891331
-1.206607,-0.021978,-0.085470,2.177800,0.373627,-0.691087
-1.206607,-0.007326,-0.080586,2.178563,0.285715,-0.525030
-1.206607,0.007328,-0.070818,2.178182,0.036631,-0.368742
-1.206607,-0.007326,-0.056166,2.177419,-0.080587,-0.241758
-1.206607,0.007328,-0.041514,2.176274,-0.183151,-0.192918
-1.206607,-0.007326,-0.021978,2.175129,-0.271065,-0.256411
-1.206607,-0.007326,-0.007326,2.173222,-0.358976,-0.407814
-1.206225,-0.007326,0.002442,2.172459,-0.256413,-0.588523
-1.206607,-0.007326,-0.002442,2.172459,-0.139196,-0.788767
-1.206607,-0.021978,-0.017094,2.172840,-0.021980,-0.964591
-1.206607,-0.007326,-0.031746,2.173222,0.095238,-1.062271
-1.206607,-0.007326,-0.046398,2.174748,0.212454,-1.067155
-1.206607,-0.007326,-0.061050,2.175892,0.285715,-0.974359
-1.206607,-0.021978,-0.075702,2.177419,0.373627,-0.793651
-1.206607,-0.021978,-0.080586,2.178945,0.373627,-0.612943
-1.206607,-0.007326,-0.080586,2.178945,0.168499,-0.456655
-1.206607,0.007328,-0.065934,2.178182,-0.036633,-0.305250
-1.206607,-0.007326,-0.046398,2.177037,-0.168499,-0.207570
-1.206607,0.007328,-0.031746,2.175892,-0.212456,-0.197803
-1.206607,0.021980,-0.012210,2.174366,-0.285717,-0.319902
-1.206225,0.007328,-0.002442,2.172840,-0.358976,-0.495727
-1.206607,-0.007326,-0.002442,2.172459,-0.227108,-0.686203
-1.206607,-0.021978,-0.012210,2.172459,-0.095240,-0.876678
-1.206607,-0.021978,-0.021978,2.172840,0.036631,-1.023199
-1.206607,-0.007326,-0.041514,2.173603,0.153847,-1.072039
-1.206607,-0.007326,-0.051282,2.175129,0.271063,-1.032967
-1.206607,-0.021978,-0.065934,2.176274,0.300365,-0.896214
-1.206607,-0.021978,-0.080586,2.177800,0.388279,-0.700854
-1.206607,-0.007326,-0.085470,2.178945,0.285715,-0.529915
-1.206607,-0.007326,-0.075702,2.178182,0.051283,-0.378510
-1.206607,-0.007326,-0.061050,2.177419,-0.095240,-0.246642
-1.206607,0.007328,-0.041514,2.176274,-0.183151,-0.192918
-1.206225,0.007328,-0.026862,2.175129,-0.271065,-0.246642
-1.206607,-0.021978,-0.007326,2.173603,-0.344324,-0.402930
-1.206607,-0.007326,0.002442,2.172459,-0.300367,-0.588523
-1.206607,-0.007326,-0.002442,2.172459,-0.153849,-0.788767
-1.206607,-0.007326,-0.017094,2.172840,-0.007328,-0.964591
-1.206607,-0.021978,-0.031746,2.173222,0.095238,-1.062271
-1.206607,-0.007326,-0.046398,2.174366,0.227106,-1.062271
-1.206607,-0.021978,-0.061050,2.175511,0.271063,-0.974359
-1.206607,-0.021978,-0.075702,2.177419,0.344322,-0.793651
-1.206607,-0.021978,-0.085470,2.178945,0.373627,-0.608059
-1.206607,-0.007326,-0.080586,2.178945,0.168499,-0.456655
-1.206607,0.007328,-0.065934,2.178182,-0.021980,-0.305250
-1.206607,-0.007326,-0.051282,2.177037,-0.153849,-0.207570
-1.206607,0.007328,-0.031746,2.175892,-0.227108,-0.202686
-1.206607,0.021980,-0.017094,2.174366,-0.315020,-0.324786
-1.206225,0.007328,-0.002442,2.172840,-0.329672,-0.500610
-1.206225,-0.007326,-0.002442,2.172459,-0.212456,-0.695971
-1.206607,-0.021978,-0.007326,2.172459,-0.080587,-0.886447
-1.206607,-0.021978,-0.021978,2.172840,0.051283,-1.023199
-1.206607,-0.007326,-0.041514,2.173985,0.168499,-1.072039
-1.206607,-0.021978,-0.051282,2.175129,0.256411,-1.032967
-1.206607,-0.021978,-0.065934,2.176656,0.300365,-0.881563
-1.206607,-0.021978,-0.080586,2.178563,0.388279,-0.686203
-1.206607,-0.007326,-0.080586,2.178945,0.271063,-0.525030
-1.206607,-0.007326,-0.075702,2.178563,0.051283,-0.368742
-1.206607,0.007328,-0.061050,2.177419,-0.109892,-0.241758
-1.206607,0.007328,-0.041514,2.176274,-0.197803,-0.192918
-1.206225,0.007328,-0.026862,2.175129,-0.271065,-0.256411
-1.206225,0.007328,-0.007326,2.173603,-0.358976,-0.422466
-1.206225,0.007328,0.002442,2.172459,-0.285717,-0.608059
-1.206607,-0.021978,-0.002442,2.172459,-0.168499,-0.803419
-1.206607,0.007328,-0.012210,2.172459,-0.021980,-0.974359
-1.206607,-0.007326,-0.026862,2.173222,0.095238,-1.062271
-1.206607,-0.007326,-0.041514,2.174366,0.227106,-1.057387
-1.206607,-0.021978,-0.056166,2.175892,0.256411,-0.959707
-1.206607,-0.021978,-0.070818,2.177419,0.344322,-0.774115
-1.206607,-0.021978,-0.080586,2.178563,0.358974,-0.588523
-1.206607,-0.007326,-0.080586,2.178563,0.153847,-0.432235
-1.206607,0.007328,-0.065934,2.177800,-0.051285,-0.290598
-1.206607,0.007328,-0.051282,2.177037,-0.153849,-0.202686
-1.206607,-0.007326,-0.031746,2.175511,-0.241760,-0.217339
-1.206225,0.007328,-0.017094,2.173985,-0.329672,-0.344322
-1.206225,0.007328,-0.002442,2.172840,-0.315020,-0.520146
-1.206225,-0.007326,0.002442,2.172459,-0.183151,-0.720390
-1.206607,-0.007326,-0.012210,2.172459,-0.051285,-0.910867
-1.206607,-0.021978,-0.026862,2.173222,0.051283,-1.037851
-1.206607,0.007328,-0.041514,2.174366,0.183149,-1.072039
-1.206607,-0.007326,-0.056166,2.175511,0.256411,-1.013431
-1.206607,-0.036631,-0.065934,2.177037,0.315018,-0.852259
-1.206607,-0.021978,-0.075702,2.178563,0.402931,-0.656898
-1.206607,-0.007326,-0.080586,2.178945,0.256411,-0.500610
-1.206607,0.007328,-0.070818,2.178563,0.007326,-0.344322
-1.206607,-0.007326,-0.056166,2.177419,-0.139196,-0.227106
-1.206607,0.007328,-0.041514,2.176274,-0.227108,-0.192918
-1.206607,0.021980,-0.026862,2.175129,-0.256413,-0.280830
-1.206607,-0.007326,-0.012210,2.173222,-0.358976,-0.456655
-1.206607,0.007328,-0.002442,2.172459,-0.256413,-0.642246
-1.206225,0.007328,-0.007326,2.172459,-0.124544,-0.837606
-1.206607,-0.021978,-0.017094,2.172840,-0.007328,-0.998779
-1.206607,-0.007326,-0.031746,2.173603,0.124542,-1.067155
-1.206607,-0.007326,-0.046398,2.174748,0.241758,-1.047619
-1.206607,-0.021978,-0.061050,2.175892,0.271063,-0.925519
-1.206607,-0.007326,-0.075702,2.177800,0.358974,-0.725275
-1.206607,-0.007326,-0.085470,2.178945,0.315018,-0.549451
-1.206607,-0.007326,-0.075702,2.178563,0.124542,-0.398046
-1.206607,0.007328,-0.061050,2.177800,-0.095240,-0.266178
-1.206607,-0.007326,-0.046398,2.176656,-0.183151,-0.197803
-1.206607,0.007328,-0.026862,2.175129,-0.271065,-0.236875
-1.206607,-0.007326,-0.012210,2.173603,-0.329672,-0.388278
-1.206225,0.007328,-0.002442,2.172840,-0.285717,-0.568987
-1.206607,-0.021978,-0.002442,2.172459,-0.153849,-0.769231
-1.206225,-0.007326,-0.012210,2.172840,-0.021980,-0.949939
-1.206607,-0.021978,-0.026862,2.173603,0.080585,-1.057387
-1.206607,-0.007326,-0.041514,2.174748,0.212454,-1.067155
-1.206607,-0.021978,-0.051282,2.175892,0.271063,-0.984127
-1.206607,-0.036631,-0.065934,2.177419,0.358974,-0.798534
-1.206607,-0.007326,-0.080586,2.178945,0.358974,-0.608059
-1.206607,-0.007326,-0.080586,2.178945,0.183149,-0.456655
-1.206607,-0.021978,-0.065934,2.178182,-0.036633,-0.310134
-1.206607,0.007328,-0.051282,2.177037,-0.168499,-0.212454
-1.206607,0.007328,-0.036630,2.175892,-0.241760,-0.207570
-1.206607,0.007328,-0.017094,2.174366,-0.300367,-0.324786
-1.206225,0.021980,-0.002442,2.172840,-0.358976,-0.505494
-1.206607,-0.007326,-0.002442,2.172459,-0.227108,-0.700854
-1.206607,-0.007326,-0.012210,2.172459,-0.065935,-0.891331
-1.206607,-0.021978,-0.021978,2.172840,0.036631,-1.028083
-1.206607,-0.021978,-0.036630,2.173985,0.153847,-1.072039
-1.206607,-0.021978,-0.051282,2.175129,0.241758,-1.023199
-1.206607,-0.036631,-0.065934,2.176656,0.285715,-0.866911
-1.206607,-0.036631,-0.075702,2.178182,0.388279,-0.661782
-1.206607,-0.007326,-0.080586,2.178945,0.271063,-0.500610
-1.206607,-0.007326,-0.075702,2.178182,0.036631,-0.349206
-1.206607,-0.007326,-0.061050,2.177419,-0.109892,-0.231990
-1.206607,-0.007326,-0.046398,2.176274,-0.212456,-0.197803
-1.206607,-0.007326,-0.026862,2.174748,-0.271065,-0.280830
-1.206607,-0.007326,-0.012210,2.173222,-0.358976,-0.446886
-1.206607,0.007328,-0.002442,2.172840,-0.241760,-0.637362
-1.206607,-0.021978,-0.007326,2.172459,-0.109892,-0.837606
-1.206607,-0.021978,-0.017094,2.172840,-0.007328,-0.998779
-1.206607,-0.007326,-0.031746,2.173603,0.124542,-1.072039
-1.206607,0.007328,-0.046398,2.175129,0.241758,-1.047619
-1.206607,0.007328,-0.061050,2.176274,0.271063,-0.925519
-1.206607,-0.021978,-0.075702,2.177800,0.388279,-0.720390
-1.206607,-0.021978,-0.085470,2.178945,0.358974,-0.549451
-1.206607,0.007328,-0.075702,2.178563,0.095238,-0.398046
-1.206607,-0.007326,-0.065934,2.177800,-0.109892,-0.266178
-1.206607,0.007328,-0.046398,2.176656,-0.183151,-0.197803
-1.206607,0.007328,-0.031746,2.175511,-0.256413,-0.241758
-1.206225,0.007328,-0.017094,2.173985,-0.344324,-0.398046
-1.206225,0.007328,-0.007326,2.172840,-0.300367,-0.583638
-1.206607,-0.007326,-0.007326,2.172459,-0.153849,-0.783883
-1.206607,-0.021978,-0.012210,2.172840,-0.021980,-0.959707
-1.206607,-0.007326,-0.026862,2.173603,0.080585,-1.062271
-1.206607,-0.007326,-0.041514,2.174748,0.197802,-1.062271
-1.206607,-0.021978,-0.056166,2.175892,0.256411,-0.969475
-1.206607,-0.021978,-0.065934,2.177419,0.358974,-0.778998
-1.206607,-0.021978,-0.080586,2.178945,0.358974,-0.588523
-1.206607,-0.007326,-0.075702,2.178945,0.183149,-0.437119
-1.206607,0.007328,-0.065934,2.177800,-0.036633,-0.295483
-1.206607,-0.007326,-0.051282,2.177037,-0.153849,-0.207570
-1.206607,0.021980,-0.036630,2.175511,-0.256413,-0.217339
-1.206607,0.021980,-0.021978,2.174366,-0.315020,-0.349206
-1.206225,-0.007326,-0.007326,2.172840,-0.315020,-0.529915
-1.206225,-0.007326,-0.002442,2.172459,-0.197803,-0.730159
-1.206607,-0.021978,-0.012210,2.172840,-0.036633,-0.920635
-1.206607,-0.021978,-0.021978,2.173222,0.051283,-1.042735
-1.206607,-0.007326,-0.036630,2.174366,0.183149,-1.072039
-1.206607,-0.007326,-0.051282,2.175511,0.241758,-1.003663
-1.206607,-0.036631,-0.061050,2.177037,0.300365,-0.832723
-1.206607,-0.021978,-0.075702,2.178563,0.373627,-0.627595
-1.206607,-0.007326,-0.075702,2.178945,0.241758,-0.471307
-1.206607,-0.007326,-0.070818,2.178182,-0.007328,-0.329670
-1.206607,-0.007326,-0.056166,2.177037,-0.139196,-0.222222
-1.206607,0.021980,-0.041514,2.175892,-0.227108,-0.207570
-1.206607,0.021980,-0.026862,2.174748,-0.285717,-0.310134
-1.206607,0.007328,-0.012210,2.173222,-0.344324,-0.485958
-1.206225,0.007328,-0.002442,2.172840,-0.212456,-0.681318
-1.206607,-0.007326,-0.007326,2.172840,-0.080587,-0.876678
-1.206607,-0.021978,-0.017094,2.173222,0.051283,-1.023199
-1.206607,-0.021978,-0.031746,2.174366,0.153847,-1.076923
-1.206607,-0.007326,-0.046398,2.175129,0.227106,-1.028083
-1.206607,-0.007326,-0.061050,2.176656,0.285715,-0.876678
-1.206607,-0.036631,-0.075702,2.178182,0.388279,-0.671551
-1.206607,0.007328,-0.075702,2.178945,0.300365,-0.505494
-1.206607,-0.007326,-0.070818,2.178563,0.051283,-0.358974
-1.206607,0.007328,-0.061050,2.177419,-0.139196,-0.236875
-1.206607,-0.007326,-0.046398,2.176274,-0.212456,-0.197803
-1.206607,-0.007326,-0.031746,2.175129,-0.271065,-0.275947
-1.206607,0.007328,-0.012210,2.173222,-0.344324,-0.446886
-1.206607,0.007328,-0.007326,2.172459,-0.241760,-0.642246
-1.206607,-0.007326,-0.007326,2.172459,-0.109892,-0.842491
-1.206607,-0.007326,-0.017094,2.172840,0.007326,-0.998779
-1.206607,-0.007326,-0.031746,2.173603,0.109890,-1.072039
-1.206607,-0.007326,-0.046398,2.174748,0.227106,-1.047619
-1.206607,-0.036631,-0.056166,2.175892,0.256411,-0.915751
-1.206607,-0.021978,-0.070818,2.177800,0.358974,-0.710623
-1.206607,-0.036631,-0.080586,2.178945,0.329670,-0.529915
-1.206607,-0.021978,-0.075702,2.178563,0.095238,-0.383394
-1.206607,-0.007326,-0.065934,2.177419,-0.095240,-0.256411
-1.206607,0.021980,-0.051282,2.176656,-0.183151,-0.197803
-1.206607,0.007328,-0.031746,2.175129,-0.256413,-0.256411
-1.206607,0.007328,-0.017094,2.173603,-0.344324,-0.412699
-1.206225,-0.007326,-0.007326,2.172840,-0.256413,-0.598290
-1.206607,-0.007326,-0.002442,2.172840,-0.109892,-0.798534
-1.206607,-0.021978,-0.017094,2.173222,-0.007328,-0.979243
-1.206607,-0.007326,-0.031746,2.173985,0.109890,-1.067155
-1.206607,-0.007326,-0.041514,2.174748,0.197802,-1.062271
-1.206607,-0.021978,-0.056166,2.175892,0.241758,-0.949939
-1.206607,-0.036631,-0.065934,2.177800,0.358974,-0.744811
-1.206607,-0.007326,-0.075702,2.178945,0.344322,-0.564102
-1.206607,-0.007326,-0.075702,2.178945,0.139194,-0.412699
-1.206607,-0.007326,-0.065934,2.177800,-0.080587,-0.275947
-1.206607,-0.007326,-0.051282,2.176656,-0.183151,-0.202686
-1.206607,0.007328,-0.036630,2.175511,-0.256413,-0.236875
-1.206225,-0.007326,-0.021978,2.173985,-0.329672,-0.383394
-1.206225,-0.007326,-0.012210,2.172840,-0.300367,-0.568987
-1.206607,-0.021978,-0.007326,2.172840,-0.153849,-0.769231
-1.206607,-0.007326,-0.012210,2.172840,-0.036633,-0.949939
-1.206607,0.007328,-0.021978,2.173603,0.080585,-1.057387
-1.206607,-0.007326,-0.041514,2.174748,0.197802,-1.067155
-1.206607,-0.021978,-0.051282,2.175511,0.227106,-0.974359
-1.206607,-0.036631,-0.065934,2.177037,0.329670,-0.778998
-1.206607,-0.021978,-0.075702,2.178563,0.358974,-0.583638
-1.206607,-0.007326,-0.075702,2.178563,0.168499,-0.432235
-1.206607,0.021980,-0.065934,2.177800,-0.021980,-0.290598
-1.206607,0.007328,-0.051282,2.177037,-0.168499,-0.207570
-1.206607,0.021980,-0.041514,2.175511,-0.256413,-0.227106
-1.206607,-0.007326,-0.021978,2.173985,-0.300367,-0.358974
-1.206607,-0.007326,-0.007326,2.172840,-0.315020,-0.539682
-1.206607,-0.007326,-0.007326,2.172840,-0.139196,-0.739926
-1.206607,-0.007326,-0.012210,2.172840,-0.051285,-0.935287
-1.206607,-0.007326,-0.021978,2.173603,0.065933,-1.052503
-1.206607,-0.007326,-0.036630,2.174748,0.197802,-1.072039
-1.206607,-0.021978,-0.046398,2.175511,0.227106,-0.993895
-1.206607,-0.021978,-0.061050,2.177037,0.300365,-0.808303
-1.206607,-0.007326,-0.070818,2.178563,0.373627,-0.603174
-1.206607,-0.007326,-0.075702,2.178945,0.212454,-0.451771
-1.206607,-0.007326,-0.065934,2.178182,-0.036633,-0.310134
-1.206607,-0.007326,-0.056166,2.177037,-0.153849,-0.212454
-1.206607,0.007328,-0.041514,2.175892,-0.241760,-0.217339
-1.206607,0.007328,-0.026862,2.174366,-0.285717,-0.339438
-1.206225,0.007328,-0.012210,2.173222,-0.315020,-0.525030
-1.206607,-0.007326,-0.002442,2.172840,-0.197803,-0.720390
-1.206607,-0.021978,-0.007326,2.172840,-0.036633,-0.910867
-1.206607,-0.007326,-0.021978,2.173603,0.051283,-1.042735
-1.206607,-0.021978,-0.036630,2.174366,0.168499,-1.076923
-1.206607,-0.007326,-0.046398,2.175511,0.212454,-1.008547
-1.206607,-0.036631,-0.061050,2.177037,0.300365,-0.832723
-1.206607,-0.021978,-0.075702,2.178182,0.373627,-0.622710
-1.206607,-0.021978,-0.075702,2.178945,0.227106,-0.466422
-1.206607,-0.007326,-0.065934,2.178182,0.007326,-0.319902
-1.206607,0.007328,-0.061050,2.177037,-0.124544,-0.217339
-1.206607,0.007328,-0.046398,2.175892,-0.241760,-0.212454
-1.206225,-0.007326,-0.026862,2.174366,-0.300367,-0.324786
-1.206607,0.007328,-0.012210,2.173222,-0.344324,-0.505494
-1.206607,-0.007326,-0.007326,2.172840,-0.168499,-0.700854
-1.206607,-0.007326,-0.007326,2.172840,-0.051285,-0.896214
-1.206607,-0.007326,-0.017094,2.173603,0.051283,-1.032967
-1.206607,-0.007326,-0.031746,2.174366,0.168499,-1.076923
-1.206607,-0.007326,-0.046398,2.175511,0.212454,-1.018315
-1.206607,-0.007326,-0.056166,2.176656,0.271063,-0.847375
-1.206607,-0.021978,-0.070818,2.178182,0.358974,-0.637362
-1.206607,-0.007326,-0.075702,2.178945,0.241758,-0.476191
-1.206607,-0.007326,-0.070818,2.178182,-0.007328,-0.329670
-1.206607,-0.007326,-0.056166,2.177419,-0.109892,-0.222222
-1.206607,-0.007326,-0.046398,2.175892,-0.227108,-0.207570
-1.206607,0.007328,-0.026862,2.174748,-0.285717,-0.315019
-1.206607,-0.007326,-0.012210,2.173222,-0.329672,-0.490843
-1.206225,0.007328,-0.007326,2.172840,-0.197803,-0.686203
-1.206607,-0.007326,-0.012210,2.172840,-0.065935,-0.881563
-1.206607,0.007328,-0.021978,2.173222,0.051283,-1.028083
-1.206607,-0.007326,-0.031746,2.174366,0.168499,-1.076923
-1.206607,0.007328,-0.046398,2.175129,0.212454,-1.023199
-1.206607,-0.036631,-0.056166,2.176656,0.271063,-0.857142
-1.206607,-0.036631,-0.070818,2.178182,0.373627,-0.647131
-1.206607,-0.007326,-0.075702,2.178945,0.256411,-0.481074
-1.206607,-0.007326,-0.070818,2.178182,0.021978,-0.339438
-1.206607,-0.007326,-0.061050,2.177037,-0.124544,-0.227106
-1.206607,0.007328,-0.046398,2.176274,-0.227108,-0.207570
-1.206607,0.007328,-0.031746,2.174748,-0.285717,-0.310134
-1.206607,-0.007326,-0.017094,2.173222,-0.358976,-0.485958
-1.206607,-0.007326,-0.007326,2.172840,-0.197803,-0.681318
-1.206607,-0.007326,-0.007326,2.172840,-0.065935,-0.876678
-1.206607,-0.007326,-0.017094,2.173222,0.021978,-1.028083
-1.206607,-0.021978,-0.031746,2.174366,0.153847,-1.076923
-1.206607,0.007328,-0.041514,2.175129,0.212454,-1.028083
-1.206607,-0.021978,-0.056166,2.176274,0.256411,-0.866911
-1.206607,-0.007326,-0.070818,2.178182,0.358974,-0.656898
-1.206607,-0.021978,-0.075702,2.178945,0.256411,-0.485958
-1.206607,-0.007326,-0.070818,2.178182,0.036631,-0.339438
-1.206607,-0.007326,-0.061050,2.177419,-0.124544,-0.227106
-1.206607,0.007328,-0.046398,2.176274,-0.212456,-0.207570
-1.206607,0.021980,-0.031746,2.174748,-0.271065,-0.305250
-1.206607,-0.007326,-0.017094,2.173222,-0.329672,-0.481074
-1.206607,-0.007326,-0.012210,2.172840,-0.197803,-0.671551
-1.206607,-0.007326,-0.012210,2.172840,-0.065935,-0.871795
-1.206607,-0.021978,-0.017094,2.173603,0.036631,-1.023199
-1.206607,-0.007326,-0.031746,2.174366,0.153847,-1.076923
-1.206607,-0.007326,-0.041514,2.175511,0.212454,-1.028083
-1.206607,-0.007326,-0.051282,2.176656,0.256411,-0.866911
-1.206607,-0.021978,-0.065934,2.178182,0.358974,-0.656898
-1.206607,-0.007326,-0.075702,2.178945,0.256411,-0.485958
-1.206607,-0.021978,-0.070818,2.178182,0.036631,-0.339438
-1.206607,0.007328,-0.061050,2.177419,-0.109892,-0.227106
-1.206607,0.007328,-0.046398,2.176274,-0.212456,-0.207570
-1.206607,0.007328,-0.031746,2.174748,-0.271065,-0.305250
-1.206607,-0.007326,-0.017094,2.173222,-0.329672,-0.485958
-1.206607,-0.007326,-0.012210,2.172840,-0.197803,-0.676435
-1.206607,-0.021978,-0.007326,2.172840,-0.065935,-0.876678
-1.206607,-0.007326,-0.017094,2.173603,0.036631,-1.023199
-1.206607,0.007328,-0.031746,2.174366,0.153847,-1.072039
-1.206607,-0.007326,-0.041514,2.175129,0.212454,-1.028083
-1.206607,-0.007326,-0.056166,2.176656,0.256411,-0.862027
-1.206607,-0.021978,-0.065934,2.177800,0.344322,-0.652015
-1.206607,-0.007326,-0.070818,2.178563,0.241758,-0.481074
-1.206607,-0.007326,-0.070818,2.178182,0.036631,-0.334555
-1.206607,0.007328,-0.061050,2.177037,-0.109892,-0.227106
-1.206607,-0.007326,-0.046398,2.176274,-0.212456,-0.207570
-1.206607,0.007328,-0.031746,2.174748,-0.256413,-0.310134
-1.206607,0.007328,-0.021978,2.173222,-0.315020,-0.485958
-1.206225,-0.007326,-0.012210,2.172840,-0.212456,-0.681318
-1.206607,-0.007326,-0.012210,2.173222,-0.065935,-0.881563
-1.206607,-0.021978,-0.017094,2.173603,0.036631,-1.028083
-1.206607,-0.021978,-0.031746,2.174366,0.153847,-1.076923
-1.206607,-0.007326,-0.041514,2.175511,0.212454,-1.023199
-1.206607,-0.021978,-0.056166,2.176656,0.256411,-0.857142
-1.206607,-0.021978,-0.065934,2.178182,0.300365,-0.642246
-1.206607,-0.007326,-0.075702,2.178563,0.241758,-0.476191
-1.206607,0.007328,-0.070818,2.178182,0.021978,-0.329670
-1.206607,-0.007326,-0.061050,2.177037,-0.124544,-0.222222
-1.206607,0.021980,-0.046398,2.175892,-0.212456,-0.207570
-1.206607,0.021980,-0.031746,2.174748,-0.271065,-0.319902
-1.206607,-0.007326,-0.017094,2.173222,-0.329672,-0.500610
-1.206607,-0.007326,-0.012210,2.172840,-0.183151,-0.691087
-1.206607,0.007328,-0.012210,2.172840,-0.051285,-0.891331
-1.206607,-0.021978,-0.017094,2.173603,0.051283,-1.028083
-1.206607,-0.007326,-0.031746,2.174748,0.153847,-1.072039
-1.206607,-0.007326,-0.041514,2.175511,0.197802,-1.013431
-1.206607,-0.036631,-0.056166,2.176656,0.256411,-0.842491
-1.206607,-0.036631,-0.065934,2.178182,0.344322,-0.632479
-1.206607,-0.007326,-0.070818,2.178563,0.227106,-0.466422
-1.206607,-0.021978,-0.070818,2.177800,-0.007328,-0.319902
-1.206607,-0.007326,-0.056166,2.177037,-0.109892,-0.222222
-1.206607,0.007328,-0.046398,2.175892,-0.212456,-0.212454
-1.206607,0.007328,-0.031746,2.174748,-0.271065,-0.329670
-1.206607,-0.007326,-0.017094,2.173222,-0.329672,-0.515263
-1.206607,-0.021978,-0.007326,2.172840,-0.183151,-0.710623
-1.206607,-0.007326,-0.012210,2.173222,-0.036633,-0.905983
-1.206607,-0.007326,-0.017094,2.173603,0.080585,-1.042735
-1.206607,-0.021978,-0.031746,2.174748,0.168499,-1.076923
-1.206607,-0.007326,-0.041514,2.175511,0.212454,-1.008547
-1.206607,-0.021978,-0.051282,2.177037,0.271063,-0.827839
-1.206607,-0.036631,-0.065934,2.178182,0.344322,-0.617826
-1.206607,-0.021978,-0.070818,2.178563,0.197802,-0.451771
-1.206607,-0.007326,-0.065934,2.177800,-0.021980,-0.310134
-1.206607,0.007328,-0.056166,2.177037,-0.124544,-0.212454
-1.206607,-0.007326,-0.046398,2.175892,-0.227108,-0.217339
-1.206607,0.021980,-0.026862,2.174748,-0.256413,-0.349206
-1.206225,0.007328,-0.017094,2.173222,-0.315020,-0.534799
-1.206607,0.007328,-0.012210,2.172840,-0.183151,-0.730159
-1.206607,-0.021978,-0.012210,2.173222,-0.036633,-0.920635
-1.206607,-0.007326,-0.021978,2.173985,0.080585,-1.047619
-1.206607,-0.007326,-0.031746,2.174748,0.183149,-1.072039
-1.206607,-0.007326,-0.046398,2.175511,0.197802,-0.989011
-1.206607,-0.021978,-0.056166,2.177037,0.300365,-0.803419
-1.206607,-0.021978,-0.065934,2.178182,0.329670,-0.593407
-1.206607,-0.021978,-0.075702,2.178563,0.183149,-0.437119
-1.206607,-0.007326,-0.065934,2.177800,-0.021980,-0.295483
-1.206607,-0.007326,-0.056166,2.177037,-0.139196,-0.207570
-1.206225,0.021980,-0.041514,2.175511,-0.241760,-0.227106
-1.206607,-0.007326,-0.026862,2.174366,-0.285717,-0.368742
-1.206225,-0.007326,-0.017094,2.173222,-0.300367,-0.554335
-1.206607,-0.021978,-0.007326,2.172840,-0.153849,-0.749695
-1.206607,-0.021978,-0.012210,2.173222,-0.007328,-0.940171
-1.206607,-0.021978,-0.021978,2.173985,0.051283,-1.052503
-1.206607,0.007328,-0.036630,2.174748,0.183149,-1.067155
-1.206607,-0.021978,-0.046398,2.175892,0.197802,-0.969475
-1.206607,-0.021978,-0.056166,2.177037,0.285715,-0.774115
-1.206607,-0.007326,-0.070818,2.178563,0.315018,-0.573871
-1.206607,-0.021978,-0.070818,2.178563,0.139194,-0.412699
-1.206607,0.007328,-0.065934,2.177800,-0.036633,-0.275947
-1.206607,0.007328,-0.056166,2.176656,-0.153849,-0.202686
-1.206607,-0.007326,-0.041514,2.175511,-0.227108,-0.241758
-1.206607,0.007328,-0.026862,2.174366,-0.285717,-0.393163
-1.206607,0.007328,-0.017094,2.173222,-0.285717,-0.583638
-1.206607,-0.007326,-0.012210,2.173222,-0.124544,-0.783883
-1.206607,-0.007326,-0.017094,2.173222,-0.007328,-0.964591
-1.206607,-0.007326,-0.021978,2.173985,0.109890,-1.062271
-1.206607,-0.007326,-0.036630,2.175129,0.183149,-1.062271
-1.206607,-0.021978,-0.046398,2.175892,0.212454,-0.945055
-1.206607,-0.021978,-0.056166,2.177419,0.315018,-0.739926
-1.206607,-0.021978,-0.070818,2.178563,0.285715,-0.544566
-1.206607,-0.007326,-0.070818,2.178182,0.095238,-0.388278
-1.206607,-0.007326,-0.065934,2.177419,-0.065935,-0.256411
-1.206607,-0.007326,-0.051282,2.176656,-0.183151,-0.197803
-1.206607,0.007328,-0.036630,2.175511,-0.241760,-0.256411
-1.206607,0.021980,-0.026862,2.173985,-0.315020,-0.427350
-1.206607,-0.007326,-0.012210,2.173222,-0.256413,-0.617826
-1.206607,-0.021978,-0.012210,2.173222,-0.095240,-0.818070
-1.206607,-0.007326,-0.012210,2.173603,0.021978,-0.989011
-1.206607,-0.007326,-0.021978,2.174366,0.139194,-1.072039
-1.206607,-0.007326,-0.036630,2.175129,0.183149,-1.047619
-1.206607,-0.021978,-0.046398,2.176274,0.227106,-0.915751
-1.206607,-0.036631,-0.056166,2.177800,0.329670,-0.700854
-1.206607,-0.007326,-0.065934,2.178563,0.271063,-0.515263
-1.206607,0.007328,-0.070818,2.178182,0.065933,-0.363858
-1.206607,-0.021978,-0.061050,2.177419,-0.080587,-0.241758
-1.206607,0.007328,-0.051282,2.176274,-0.183151,-0.202686
-1.206607,-0.007326,-0.036630,2.175129,-0.241760,-0.285714
-1.206607,-0.007326,-0.021978,2.173603,-0.300367,-0.461538
-1.206607,-0.007326,-0.012210,2.173222,-0.227108,-0.656898
-1.206607,-0.007326,-0.007326,2.173222,-0.080587,-0.857142
-1.206607,-0.007326,-0.012210,2.173603,0.021978,-1.013431
-1.206607,-0.021978,-0.026862,2.174366,0.153847,-1.072039
-1.206607,-0.007326,-0.041514,2.175511,0.183149,-1.032967
-1.206607,-0.007326,-0.051282,2.176274,0.241758,-0.871795
-1.206607,-0.036631,-0.061050,2.178182,0.344322,-0.656898
-1.206607,-0.021978,-0.070818,2.178563,0.256411,-0.481074
-1.206607,0.007328,-0.065934,2.178182,0.021978,-0.334555
-1.206607,-0.007326,-0.061050,2.177037,-0.109892,-0.227106
-1.206607,0.007328,-0.046398,2.176274,-0.197803,-0.207570
-1.206607,0.007328,-0.031746,2.174748,-0.256413,-0.315019
-1.206607,0.007328,-0.017094,2.173603,-0.315020,-0.505494
-1.206607,-0.007326,-0.012210,2.172840,-0.212456,-0.700854
-1.206607,-0.007326,-0.012210,2.173222,-0.036633,-0.901099
-1.206607,-0.007326,-0.021978,2.173603,0.065933,-1.037851
-1.206607,-0.007326,-0.031746,2.174748,0.168499,-1.072039
-1.206607,-0.007326,-0.041514,2.175511,0.212454,-1.003663
-1.206607,-0.036631,-0.051282,2.176656,0.271063,-0.827839
-1.206607,-0.021978,-0.065934,2.178182,0.315018,-0.612943
-1.206607,-0.007326,-0.065934,2.178563,0.183149,-0.446886
-1.206607,-0.007326,-0.065934,2.177800,-0.007328,-0.305250
-1.206607,-0.021978,-0.056166,2.177037,-0.124544,-0.212454
-1.206607,0.007328,-0.046398,2.175892,-0.212456,-0.222222
-1.206607,-0.021978,-0.031746,2.174366,-0.271065,-0.358974
-1.206607,-0.007326,-0.017094,2.173222,-0.300367,-0.549451
-1.206607,0.007328,-0.012210,2.173222,-0.153849,-0.744811
-1.206607,-0.007326,-0.012210,2.173222,-0.021980,-0.935287
-1.206607,-0.021978,-0.021978,2.173985,0.080585,-1.052503
-1.206607,-0.021978,-0.036630,2.174748,0.168499,-1.067155
-1.206607,-0.021978,-0.046398,2.175892,0.212454,-0.974359
-1.206607,-0.036631,-0.056166,2.177037,0.285715,-0.774115
-1.206607,-0.021978,-0.065934,2.178182,0.300365,-0.568987
-1.206607,0.007328,-0.070818,2.178182,0.139194,-0.407814
-1.206607,-0.007326,-0.065934,2.177419,-0.065935,-0.275947
-1.206607,-0.007326,-0.056166,2.176656,-0.139196,-0.202686
-1.206607,-0.007326,-0.046398,2.175511,-0.212456,-0.246642
-1.206607,0.007328,-0.031746,2.174366,-0.271065,-0.407814
-1.206607,-0.007326,-0.017094,2.173222,-0.271065,-0.598290
-1.206607,-0.007326,-0.012210,2.173222,-0.124544,-0.798534
-1.206607,-0.007326,-0.017094,2.173603,-0.007328,-0.979243
-1.206607,-0.007326,-0.021978,2.174366,0.109890,-1.067155
-1.206607,-0.021978,-0.031746,2.175129,0.183149,-1.052503
-1.206607,-0.007326,-0.046398,2.176274,0.212454,-0.925519
-1.206607,-0.021978,-0.056166,2.177419,0.300365,-0.715507
-1.206607,-0.021978,-0.065934,2.178563,0.271063,-0.525030
-1.206607,-0.007326,-0.065934,2.178182,0.080585,-0.368742
-1.206607,-0.021978,-0.065934,2.177419,-0.080587,-0.246642
-1.206607,0.007328,-0.056166,2.176274,-0.168499,-0.202686
-1.206607,0.007328,-0.041514,2.175129,-0.241760,-0.280830
-1.206607,0.007328,-0.026862,2.173603,-0.315020,-0.461538
-1.206607,0.007328,-0.017094,2.173222,-0.227108,-0.656898
-1.206607,-0.007326,-0.012210,2.173222,-0.080587,-0.857142
-1.206607,-0.007326,-0.017094,2.173603,0.021978,-1.013431
-1.206607,-0.021978,-0.026862,2.174748,0.124542,-1.076923
-1.206607,0.007328,-0.036630,2.175511,0.197802,-1.028083
-1.206607,-0.007326,-0.046398,2.176656,0.227106,-0.866911
-1.206607,-0.021978,-0.061050,2.177800,0.315018,-0.652015
-1.206607,-0.007326,-0.065934,2.178563,0.241758,-0.476191
-1.206607,-0.007326,-0.065934,2.177800,0.021978,-0.329670
-1.206607,-0.007326,-0.061050,2.177037,-0.095240,-0.222222
-1.206607,0.007328,-0.051282,2.176274,-0.197803,-0.212454
-1.206607,-0.007326,-0.036630,2.174748,-0.241760,-0.324786
-1.206607,0.007328,-0.021978,2.173603,-0.315020,-0.515263
-1.206607,0.007328,-0.012210,2.173222,-0.197803,-0.715507
-1.206607,-0.007326,-0.012210,2.173222,-0.051285,-0.910867
-1.206607,-0.021978,-0.017094,2.173985,0.065933,-1.042735
-1.206607,0.007328,-0.031746,2.174748,0.153847,-1.072039
-1.206607,-0.007326,-0.041514,2.175511,0.197802,-0.989011
-1.206607,-0.021978,-0.051282,2.177037,0.271063,-0.803419
-1.206607,-0.007326,-0.061050,2.178182,0.315018,-0.593407
-1.206607,-0.007326,-0.070818,2.178563,0.153847,-0.427350
-1.206607,-0.007326,-0.065934,2.177419,-0.036633,-0.285714
-1.206607,-0.021978,-0.061050,2.176656,-0.139196,-0.202686
-1.206607,-0.007326,-0.046398,2.175511,-0.212456,-0.236875
-1.206607,-0.007326,-0.031746,2.174366,-0.285717,-0.388278
-1.206607,-0.007326,-0.021978,2.173222,-0.285717,-0.583638
-1.206607,-0.007326,-0.012210,2.173222,-0.124544,-0.783883
-1.206607,-0.007326,-0.012210,2.173603,-0.036633,-0.969475
-1.206607,-0.021978,-0.021978,2.174366,0.095238,-1.067155
-1.206607,-0.007326,-0.036630,2.175129,0.168499,-1.057387
-1.206607,-0.007326,-0.041514,2.176274,0.197802,-0.935287
-1.206607,-0.007326,-0.056166,2.177419,0.300365,-0.725275
-1.206607,-0.021978,-0.065934,2.178563,0.271063,-0.529915
-1.206607,-0.007326,-0.065934,2.178182,0.095238,-0.378510
-1.206607,-0.007326,-0.061050,2.177419,-0.065935,-0.251526
-1.206607,-0.007326,-0.051282,2.176274,-0.168499,-0.202686
-1.206607,-0.021978,-0.041514,2.175511,-0.227108,-0.275947
-1.206607,0.007328,-0.026862,2.173985,-0.285717,-0.456655
-1.206607,-0.021978,-0.017094,2.173222,-0.212456,-0.656898
-1.206607,-0.007326,-0.012210,2.173222,-0.065935,-0.857142
-1.206607,-0.007326,-0.017094,2.173985,0.036631,-1.013431
-1.206607,-0.007326,-0.026862,2.174748,0.139194,-1.076923
-1.206607,-0.007326,-0.036630,2.175511,0.183149,-1.028083
-1.206607,-0.021978,-0.046398,2.176656,0.241758,-0.866911
-1.206607,-0.021978,-0.061050,2.178182,0.315018,-0.652015
-1.206607,-0.021978,-0.065934,2.178563,0.212454,-0.476191
-1.206607,-0.007326,-0.070818,2.177800,0.007326,-0.324786
-1.206607,-0.007326,-0.061050,2.177037,-0.095240,-0.222222
-1.206607,0.007328,-0.051282,2.175892,-0.197803,-0.217339
-1.206607,-0.007326,-0.036630,2.175129,-0.241760,-0.329670
-1.206607,-0.007326,-0.021978,2.173603,-0.300367,-0.529915
-1.206607,0.007328,-0.012210,2.173222,-0.183151,-0.730159
-1.206607,-0.007326,-0.012210,2.173603,-0.036633,-0.925519
-1.206607,-0.007326,-0.017094,2.173985,0.065933,-1.047619
-1.206225,0.007328,-0.031746,2.174748,0.168499,-1.072039
-1.206607,-0.021978,-0.041514,2.175892,0.212454,-0.979243
-1.206607,-0.021978,-0.051282,2.177037,0.285715,-0.783883
-1.206607,-0.007326,-0.061050,2.178182,0.315018,-0.573871
-1.206607,-0.021978,-0.065934,2.178182,0.139194,-0.412699
-1.206607,0.007328,-0.061050,2.177419,-0.021980,-0.275947
-1.206607,0.007328,-0.056166,2.176656,-0.153849,-0.202686
-1.206607,-0.007326,-0.046398,2.175511,-0.227108,-0.246642
-1.206607,0.007328,-0.031746,2.174366,-0.256413,-0.407814
-1.206607,-0.007326,-0.021978,2.173222,-0.256413,-0.608059
-1.206607,-0.007326,-0.012210,2.173222,-0.124544,-0.803419
-1.206607,-0.007326,-0.012210,2.173603,0.007326,-0.984127
-1.206607,0.007328,-0.021978,2.174366,0.124542,-1.067155
-1.206607,-0.007326,-0.031746,2.175129,0.183149,-1.047619
-1.206607,-0.021978,-0.041514,2.176274,0.212454,-0.910867
-1.206607,-0.007326,-0.051282,2.177800,0.315018,-0.695971
-1.206607,-0.007326,-0.061050,2.178563,0.256411,-0.505494
-1.206607,-0.007326,-0.065934,2.178182,0.051283,-0.354091
-1.206607,-0.007326,-0.061050,2.177419,-0.080587,-0.236875
-1.206607,0.007328,-0.051282,2.176274,-0.168499,-0.207570
-1.206607,0.007328,-0.036630,2.175129,-0.241760,-0.300366
-1.206607,-0.007326,-0.026862,2.173985,-0.285717,-0.485958
-1.206607,-0.021978,-0.017094,2.173222,-0.212456,-0.686203
-1.206607,-0.007326,-0.012210,2.173603,-0.080587,-0.891331
-1.206607,-0.007326,-0.017094,2.173985,0.036631,-1.032967
-1.206607,-0.007326,-0.026862,2.174748,0.153847,-1.076923
-1.206607,0.021980,-0.041514,2.175511,0.197802,-1.003663
-1.206607,-0.021978,-0.051282,2.176656,0.256411,-0.822955
-1.206607,-0.007326,-0.061050,2.178182,0.300365,-0.608059
-1.206607,0.007328,-0.065934,2.178182,0.183149,-0.437119
-1.206607,-0.007326,-0.061050,2.177800,-0.007328,-0.295483
-1.206607,-0.007326,-0.056166,2.177037,-0.124544,-0.212454
-1.206607,-0.007326,-0.046398,2.175892,-0.212456,-0.231990
-1.206607,0.007328,-0.036630,2.174748,-0.241760,-0.378510
-1.206607,-0.007326,-0.021978,2.173603,-0.256413,-0.573871
-1.206225,0.007328,-0.017094,2.173222,-0.153849,-0.778998
-1.206607,-0.007326,-0.017094,2.173603,-0.007328,-0.964591
-1.206225,-0.007326,-0.021978,2.174366,0.080585,-1.062271
-1.206607,-0.007326,-0.026862,2.175129,0.183149,-1.057387
-1.206607,-0.021978,-0.041514,2.176274,0.212454,-0.935287
-1.206607,-0.021978,-0.051282,2.177419,0.285715,-0.725275
-1.206607,-0.007326,-0.065934,2.178182,0.256411,-0.529915
-1.206607,-0.007326,-0.065934,2.178182,0.065933,-0.368742
-1.206607,-0.007326,-0.061050,2.177419,-0.051285,-0.246642
-1.206607,-0.007326,-0.056166,2.176274,-0.183151,-0.207570
-1.206607,0.007328,-0.041514,2.175129,-0.212456,-0.285714
-1.206607,0.007328,-0.026862,2.173985,-0.300367,-0.461538
-1.206607,-0.007326,-0.017094,2.173222,-0.227108,-0.666667
-1.206607,-0.007326,-0.012210,2.173603,-0.080587,-0.866911
-1.206607,-0.007326,-0.017094,2.173985,0.036631,-1.023199
-1.206607,-0.007326,-0.026862,2.174748,0.124542,-1.072039
-1.206607,0.007328,-0.036630,2.175511,0.183149,-1.013431
-1.206607,-0.021978,-0.046398,2.176656,0.241758,-0.842491
-1.206607,-0.021978,-0.056166,2.177800,0.315018,-0.627595
-1.206607,-0.021978,-0.061050,2.178182,0.197802,-0.451771
-1.206607,-0.007326,-0.065934,2.177800,-0.007328,-0.305250
-1.206607,0.007328,-0.061050,2.177037,-0.124544,-0.212454
-1.206607,0.007328,-0.051282,2.175892,-0.197803,-0.227106
-1.206607,0.007328,-0.036630,2.174748,-0.241760,-0.363858
-1.206607,-0.007326,-0.026862,2.173603,-0.271065,-0.559218
-1.206225,-0.007326,-0.017094,2.173222,-0.139196,-0.759462
-1.206607,-0.007326,-0.017094,2.173603,-0.036633,-0.954823
-1.206607,-0.007326,-0.017094,2.174366,0.080585,-1.062271
-1.206607,-0.021978,-0.031746,2.175129,0.168499,-1.057387
-1.206607,-0.007326,-0.041514,2.175892,0.212454,-0.945055
-1.206607,-0.021978,-0.051282,2.177419,0.300365,-0.739926
-1.206607,-0.007326,-0.061050,2.178182,0.256411,-0.534799
-1.206607,-0.007326,-0.065934,2.178182,0.095238,-0.378510
-1.206607,0.007328,-0.061050,2.177419,-0.065935,-0.251526
-1.206607,-0.021978,-0.056166,2.176656,-0.153849,-0.207570
-1.206607,0.007328,-0.041514,2.175129,-0.227108,-0.280830
-1.206607,0.007328,-0.031746,2.173985,-0.285717,-0.456655
-1.206607,-0.007326,-0.017094,2.173222,-0.212456,-0.661782
-1.206607,-0.007326,-0.017094,2.173603,-0.095240,-0.866911
-1.206225,0.007328,-0.017094,2.173985,0.051283,-1.023199
-1.206607,-0.021978,-0.021978,2.174748,0.109890,-1.076923
-1.206607,-0.007326,-0.031746,2.175511,0.183149,-1.013431
-1.206607,-0.007326,-0.046398,2.176656,0.241758,-0.842491
-1.206607,-0.021978,-0.056166,2.177800,0.300365,-0.627595
-1.206607,-0.021978,-0.065934,2.178182,0.183149,-0.451771
-1.206607,-0.007326,-0.065934,2.177800,0.007326,-0.305250
-1.206607,-0.007326,-0.061050,2.177037,-0.109892,-0.212454
-1.206607,-0.007326,-0.051282,2.175892,-0.197803,-0.227106
-1.206607,0.007328,-0.036630,2.174748,-0.256413,-0.363858
-1.206607,0.007328,-0.026862,2.173603,-0.271065,-0.564102
-1.206607,0.007328,-0.017094,2.173222,-0.139196,-0.769231
-1.206607,0.007328,-0.012210,2.173603,-0.021980,-0.959707
-1.206607,-0.007326,-0.017094,2.174366,0.080585,-1.062271
-1.206607,0.007328,-0.026862,2.175129,0.168499,-1.057387
-1.206607,-0.021978,-0.036630,2.175892,0.183149,-0.935287
-1.206607,-0.007326,-0.051282,2.177419,0.285715,-0.730159
-1.206607,-0.021978,-0.061050,2.178182,0.271063,-0.529915
-1.206607,-0.007326,-0.065934,2.178182,0.080585,-0.368742
-1.206607,-0.007326,-0.061050,2.177419,-0.065935,-0.246642
-1.206607,-0.007326,-0.051282,2.176274,-0.183151,-0.207570
-1.206607,0.007328,-0.041514,2.175129,-0.227108,-0.285714
-1.206607,-0.007326,-0.031746,2.173985,-0.256413,-0.471307
-1.206607,-0.007326,-0.017094,2.173222,-0.212456,-0.676435
-1.206607,-0.007326,-0.012210,2.173603,-0.065935,-0.876678
-1.206607,-0.007326,-0.017094,2.173985,0.036631,-1.028083
-1.206607,-0.007326,-0.026862,2.174748,0.139194,-1.072039
-1.206607,-0.007326,-0.036630,2.175511,0.168499,-1.003663
-1.206607,-0.021978,-0.046398,2.176656,0.241758,-0.827839
-1.206607,-0.007326,-0.056166,2.177800,0.285715,-0.608059
-1.206607,-0.007326,-0.061050,2.178182,0.197802,-0.437119
-1.206607,-0.007326,-0.065934,2.177419,-0.021980,-0.295483
-1.206607,-0.021978,-0.061050,2.176656,-0.124544,-0.212454
-1.206607,-0.007326,-0.051282,2.175511,-0.212456,-0.236875
-1.206607,0.007328,-0.036630,2.174366,-0.241760,-0.383394
-1.206607,0.007328,-0.026862,2.173603,-0.241760,-0.583638
-1.206607,-0.007326,-0.017094,2.173603,-0.124544,-0.788767
-1.206607,-0.007326,-0.017094,2.173603,-0.007328,-0.979243
-1.206607,-0.021978,-0.021978,2.174366,0.109890,-1.067155
-1.206607,-0.007326,-0.031746,2.175129,0.153847,-1.047619
-1.206607,-0.021978,-0.041514,2.176274,0.197802,-0.915751
-1.206607,-0.021978,-0.051282,2.177419,0.285715,-0.700854
-1.206607,-0.021978,-0.061050,2.178182,0.256411,-0.505494
-1.206607,-0.007326,-0.065934,2.177800,0.080585,-0.349206
-1.206607,-0.007326,-0.061050,2.177037,-0.095240,-0.236875
-1.206607,0.007328,-0.056166,2.176274,-0.168499,-0.212454
-1.206607,0.021980,-0.041514,2.175129,-0.212456,-0.310134
-1.206607,-0.007326,-0.026862,2.173985,-0.271065,-0.500610
-1.206607,-0.007326,-0.017094,2.173222,-0.183151,-0.705739
-1.206607,-0.007326,-0.012210,2.173603,-0.065935,-0.905983
-1.206607,-0.007326,-0.017094,2.173985,0.036631,-1.042735
-1.206607,-0.007326,-0.026862,2.174748,0.139194,-1.072039
-1.206607,-0.007326,-0.036630,2.175511,0.168499,-0.984127
-1.206607,-0.021978,-0.046398,2.176656,0.227106,-0.793651
-1.206607,-0.021978,-0.056166,2.178182,0.285715,-0.578754
-1.206607,-0.021978,-0.065934,2.178182,0.153847,-0.407814
-1.206607,-0.021978,-0.065934,2.177419,-0.021980,-0.275947
-1.206607,-0.007326,-0.056166,2.176656,-0.153849,-0.207570
-1.206607,-0.007326,-0.046398,2.175511,-0.212456,-0.256411
-1.206607,0.007328,-0.036630,2.174366,-0.256413,-0.417583
-1.206607,-0.007326,-0.026862,2.173603,-0.227108,-0.617826
-1.206607,-0.007326,-0.017094,2.173603,-0.095240,-0.827839
-1.206607,-0.021978,-0.017094,2.173985,0.021978,-1.003663
-1.206607,-0.007326,-0.021978,2.174366,0.109890,-1.072039
-1.206607,-0.007326,-0.031746,2.175511,0.168499,-1.032967
-1.206607,-0.007326,-0.041514,2.176274,0.212454,-0.876678
-1.206607,-0.007326,-0.051282,2.177800,0.300365,-0.656898
-1.206607,-0.007326,-0.061050,2.178182,0.227106,-0.471307
-1.206607,0.007328,-0.065934,2.177800,0.021978,-0.319902
-1.206607,-0.007326,-0.061050,2.177037,-0.109892,-0.222222
-1.206607,0.007328,-0.051282,2.175892,-0.183151,-0.222222
-1.206607,-0.007326,-0.041514,2.174748,-0.227108,-0.344322
-1.206607,0.007328,-0.026862,2.173603,-0.271065,-0.539682
-1.206607,0.007328,-0.021978,2.173603,-0.139196,-0.749695
-1.206607,-0.007326,-0.017094,2.173603,-0.036633,-0.949939
-1.206607,-0.007326,-0.021978,2.174366,0.051283,-1.062271
-1.206607,-0.007326,-0.026862,2.175129,0.168499,-1.062271
-1.206607,-0.007326,-0.036630,2.175892,0.183149,-0.945055
-1.206607,-0.007326,-0.046398,2.177037,0.285715,-0.739926
-1.206607,-0.021978,-0.061050,2.178182,0.271063,-0.529915
-1.206607,-0.007326,-0.065934,2.177800,0.109890,-0.368742
-1.206607,-0.007326,-0.061050,2.177419,-0.051285,-0.251526
-1.206607,0.007328,-0.056166,2.176274,-0.153849,-0.212454
-1.206607,-0.021978,-0.046398,2.175129,-0.227108,-0.290598
-1.206607,-0.007326,-0.031746,2.173985,-0.241760,-0.466422
-1.206607,-0.007326,-0.021978,2.173603,-0.183151,-0.671551
-1.206607,-0.007326,-0.017094,2.173603,-0.051285,-0.886447
-1.206607,-0.007326,-0.017094,2.173985,0.036631,-1.037851
-1.206607,-0.021978,-0.026862,2.174748,0.109890,-1.072039
-1.206607,-0.007326,-0.031746,2.175511,0.168499,-0.998779
-1.206607,-0.007326,-0.041514,2.176656,0.227106,-0.818070
-1.206607,-0.021978,-0.056166,2.177800,0.285715,-0.598290
-1.206607,-0.007326,-0.065934,2.178182,0.183149,-0.422466
-1.206607,-0.007326,-0.061050,2.177419,-0.007328,-0.285714
-1.206607,-0.007326,-0.056166,2.176656,-0.153849,-0.212454
-1.206607,0.007328,-0.046398,2.175511,-0.212456,-0.246642
-1.206607,-0.021978,-0.036630,2.174366,-0.241760,-0.398046
-1.206607,0.007328,-0.026862,2.173603,-0.212456,-0.603174
-1.206607,-0.007326,-0.021978,2.173603,-0.080587,-0.818070
-1.206607,-0.007326,-0.017094,2.173603,-0.007328,-0.998779
-1.206607,-0.007326,-0.021978,2.174366,0.124542,-1.072039
-1.206607,-0.007326,-0.031746,2.175129,0.139194,-1.032967
-1.206607,-0.007326,-0.041514,2.176274,0.197802,-0.886447
-1.206607,-0.021978,-0.051282,2.177419,0.285715,-0.666667
-1.206607,-0.021978,-0.061050,2.178182,0.241758,-0.476191
-1.206607,-0.007326,-0.061050,2.177800,0.051283,-0.324786
-1.206607,-0.007326,-0.061050,2.177037,-0.109892,-0.227106
-1.206607,0.007328,-0.051282,2.175892,-0.183151,-0.227106
-1.206607,-0.007326,-0.041514,2.174748,-0.227108,-0.344322
-1.206607,-0.007326,-0.026862,2.173985,-0.227108,-0.534799
-1.206607,-0.007326,-0.021978,2.173603,-0.124544,-0.744811
-1.206607,-0.007326,-0.017094,2.173603,-0.036633,-0.949939
-1.206607,-0.007326,-0.021978,2.173985,0.065933,-1.062271
-1.206225,-0.007326,-0.026862,2.175129,0.153847,-1.057387
-1.206607,-0.007326,-0.036630,2.175892,0.183149,-0.945055
-1.206607,-0.021978,-0.046398,2.177037,0.241758,-0.735043
-1.206607,-0.021978,-0.056166,2.177800,0.256411,-0.525030
-1.206607,-0.007326,-0.061050,2.177800,0.095238,-0.368742
-1.206607,-0.007326,-0.061050,2.177037,-0.051285,-0.246642
-1.206607,-0.007326,-0.056166,2.176274,-0.168499,-0.212454
-1.206607,-0.007326,-0.046398,2.175129,-0.227108,-0.295483
-1.206607,-0.007326,-0.031746,2.173985,-0.256413,-0.476191
-1.206607,-0.021978,-0.021978,2.173603,-0.168499,-0.686203
-1.206607,0.007328,-0.017094,2.173603,-0.036633,-0.896214
-1.206607,-0.007326,-0.017094,2.173985,0.036631,-1.042735
-1.206607,-0.021978,-0.026862,2.174748,0.124542,-1.072039
-1.206607,-0.007326,-0.036630,2.175511,0.168499,-0.989011
-1.206607,-0.021978,-0.046398,2.176656,0.227106,-0.803419
-1.206607,-0.021978,-0.056166,2.177800,0.271063,-0.578754
-1.206607,-0.007326,-0.061050,2.178182,0.168499,-0.407814
-1.206607,-0.021978,-0.061050,2.177419,-0.021980,-0.271062
-1.206607,-0.007326,-0.056166,2.176656,-0.139196,-0.207570
-1.206607,0.007328,-0.046398,2.175511,-0.227108,-0.266178
-1.206607,0.007328,-0.036630,2.174366,-0.241760,-0.422466
-1.206607,0.007328,-0.026862,2.173603,-0.197803,-0.627595
-1.206607,-0.007326,-0.021978,2.173603,-0.080587,-0.842491
-1.206607,0.007328,-0.021978,2.173985,0.007326,-1.013431
-1.206607,-0.007326,-0.021978,2.174366,0.095238,-1.076923
-1.206607,-0.007326,-0.031746,2.175511,0.168499,-1.023199
-1.206607,-0.007326,-0.041514,2.176274,0.197802,-0.857142
-1.206607,-0.021978,-0.051282,2.177419,0.300365,-0.632479
-1.206607,-0.007326,-0.061050,2.178182,0.197802,-0.446886
-1.206607,-0.007326,-0.061050,2.177800,0.021978,-0.305250
-1.206607,0.007328,-0.056166,2.176656,-0.124544,-0.217339
-1.206607,-0.007326,-0.051282,2.175511,-0.197803,-0.236875
-1.206607,0.007328,-0.036630,2.174748,-0.241760,-0.373627
-1.206607,-0.007326,-0.026862,2.173603,-0.227108,-0.568987
-1.206607,0.007328,-0.021978,2.173603,-0.095240,-0.788767
-1.206607,-0.021978,-0.017094,2.173603,-0.021980,-0.984127
-1.206607,-0.007326,-0.017094,2.174366,0.065933,-1.072039
-1.206607,-0.007326,-0.026862,2.175129,0.153847,-1.047619
-1.206607,-0.021978,-0.036630,2.175892,0.183149,-0.905983
-1.206607,-0.021978,-0.046398,2.177419,0.271063,-0.691087
-1.206607,-0.007326,-0.056166,2.178182,0.241758,-0.485958
-1.206607,-0.007326,-0.061050,2.177800,0.065933,-0.334555
-1.206607,-0.007326,-0.061050,2.177037,-0.080587,-0.231990
-1.206607,-0.007326,-0.051282,2.175892,-0.197803,-0.222222
-1.206607,0.007328,-0.041514,2.174748,-0.227108,-0.334555
-1.206607,-0.007326,-0.031746,2.173985,-0.227108,-0.520146
-1.206607,-0.021978,-0.021978,2.173603,-0.109892,-0.735043
-1.206607,-0.007326,-0.017094,2.173985,-0.051285,-0.940171
-1.206607,-0.007326,-0.021978,2.173985,0.036631,-1.062271
-1.206607,0.007328,-0.026862,2.175129,0.124542,-1.062271
-1.206607,0.007328,-0.036630,2.175892,0.197802,-0.949939
-1.206607,-0.021978,-0.046398,2.177037,0.256411,-0.739926
-1.206607,-0.007326,-0.056166,2.177800,0.241758,-0.529915
-1.206607,-0.007326,-0.061050,2.177800,0.109890,-0.363858
-1.206607,-0.021978,-0.061050,2.177037,-0.065935,-0.246642
-1.206607,-0.007326,-0.056166,2.176274,-0.183151,-0.212454
-1.206607,0.007328,-0.046398,2.175129,-0.212456,-0.300366
-1.206607,-0.007326,-0.036630,2.173985,-0.256413,-0.476191
-1.206607,-0.007326,-0.026862,2.173603,-0.139196,-0.686203
-1.206607,-0.007326,-0.017094,2.173985,-0.051285,-0.901099
-1.206607,-0.021978,-0.017094,2.173985,0.021978,-1.047619
-1.206607,-0.007326,-0.021978,2.174748,0.124542,-1.072039
-1.206607,-0.007326,-0.036630,2.175511,0.153847,-0.984127
-1.206607,-0.036631,-0.046398,2.176656,0.227106,-0.788767
-1.206607,-0.021978,-0.056166,2.177800,0.271063,-0.568987
-1.206607,-0.021978,-0.061050,2.177800,0.139194,-0.393163
-1.206607,-0.007326,-0.061050,2.177419,-0.021980,-0.266178
-1.206607,0.007328,-0.056166,2.176274,-0.153849,-0.212454
-1.206607,0.007328,-0.046398,2.175129,-0.212456,-0.275947
-1.206607,-0.007326,-0.036630,2.173985,-0.227108,-0.437119
-1.206607,-0.021978,-0.026862,2.173603,-0.183151,-0.642246
-1.206607,0.007328,-0.021978,2.173985,-0.065935,-0.862027
-1.206607,-0.007326,-0.017094,2.173985,0.021978,-1.028083
-1.206607,-0.007326,-0.026862,2.174366,0.095238,-1.072039
-1.206225,0.007328,-0.031746,2.175511,0.153847,-1.003663
-1.206607,-0.007326,-0.041514,2.176274,0.197802,-0.827839
-1.206607,-0.036631,-0.051282,2.177419,0.271063,-0.608059
-1.206607,-0.021978,-0.061050,2.177800,0.183149,-0.422466
-1.206607,-0.007326,-0.061050,2.177419,0.007326,-0.285714
-1.206607,0.007328,-0.056166,2.176656,-0.124544,-0.217339
-1.206607,0.007328,-0.051282,2.175511,-0.212456,-0.256411
-1.206607,0.007328,-0.036630,2.174366,-0.256413,-0.402930
-1.206607,0.007328,-0.031746,2.173603,-0.183151,-0.603174
-1.206607,-0.007326,-0.021978,2.173603,-0.065935,-0.822955
-1.206607,-0.007326,-0.021978,2.173985,0.021978,-1.008547
-1.206607,-0.007326,-0.021978,2.174366,0.080585,-1.076923
-1.206607,-0.007326,-0.031746,2.175129,0.139194,-1.028083
-1.206607,-0.007326,-0.041514,2.176274,0.212454,-0.866911
-1.206607,-0.007326,-0.051282,2.177419,0.271063,-0.642246
-1.206607,-0.007326,-0.061050,2.177800,0.212454,-0.446886
-1.206607,-0.007326,-0.061050,2.177419,0.036631,-0.305250
-1.206607,-0.007326,-0.056166,2.176656,-0.109892,-0.217339
-1.206607,-0.007326,-0.051282,2.175511,-0.212456,-0.241758
-1.206607,-0.007326,-0.041514,2.174366,-0.241760,-0.378510
-1.206607,0.007328,-0.031746,2.173603,-0.197803,-0.568987
-1.206607,0.007328,-0.021978,2.173603,-0.080587,-0.788767
-1.206607,-0.007326,-0.021978,2.173985,-0.007328,-0.984127
-1.206607,0.007328,-0.021978,2.174366,0.080585,-1.072039
-1.206607,-0.007326,-0.026862,2.175129,0.124542,-1.037851
-1.206607,-0.036631,-0.036630,2.175892,0.183149,-0.896214
-1.206607,-0.021978,-0.046398,2.177037,0.256411,-0.676435
-1.206607,-0.021978,-0.056166,2.177800,0.227106,-0.471307
-1.206607,-0.007326,-0.061050,2.177419,0.051283,-0.324786
-1.206607,-0.021978,-0.056166,2.176656,-0.095240,-0.227106
-1.206607,-0.007326,-0.051282,2.175511,-0.197803,-0.231990
-1.206607,-0.021978,-0.041514,2.174366,-0.241760,-0.354091
-1.206607,0.007328,-0.031746,2.173603,-0.227108,-0.539682
-1.206607,-0.007326,-0.021978,2.173603,-0.095240,-0.754579
-1.206607,-0.007326,-0.017094,2.173985,-0.021980,-0.964591
-1.206607,-0.007326,-0.021978,2.174366,0.051283,-1.067155
-1.206607,-0.007326,-0.026862,2.174748,0.124542,-1.052503
-1.206607,0.007328,-0.036630,2.175892,0.168499,-0.920635
-1.206607,-0.021978,-0.046398,2.177037,0.271063,-0.705739
-1.206607,-0.021978,-0.056166,2.177800,0.241758,-0.490843
-1.206607,-0.007326,-0.061050,2.177800,0.080585,-0.339438
-1.206607,-0.007326,-0.061050,2.177037,-0.065935,-0.236875
-1.206607,-0.007326,-0.051282,2.175892,-0.183151,-0.227106
-1.206607,0.007328,-0.041514,2.174748,-0.212456,-0.334555
-1.206607,-0.007326,-0.031746,2.173985,-0.241760,-0.515263
-1.206607,0.007328,-0.026862,2.173603,-0.095240,-0.730159
-1.206607,0.007328,-0.021978,2.173985,-0.021980,-0.945055
-1.206607,-0.007326,-0.021978,2.174366,0.051283,-1.062271
-1.206607,0.007328,-0.026862,2.174748,0.124542,-1.057387
-1.206607,-0.007326,-0.036630,2.175511,0.168499,-0.940171
-1.206607,-0.021978,-0.046398,2.176656,0.227106,-0.730159
-1.206607,-0.021978,-0.056166,2.177800,0.271063,-0.510379
-1.206607,-0.007326,-0.061050,2.177800,0.109890,-0.349206
-1.206607,0.007328,-0.061050,2.177037,-0.051285,-0.241758
-1.206607,-0.007326,-0.051282,2.175892,-0.168499,-0.222222
-1.206607,-0.007326,-0.046398,2.174748,-0.241760,-0.319902
-1.206607,-0.007326,-0.036630,2.173603,-0.241760,-0.495727
-1.206607,0.021980,-0.026862,2.173603,-0.109892,-0.705739
-1.206607,-0.007326,-0.017094,2.173985,-0.021980,-0.925519
-1.206607,-0.007326,-0.017094,2.173985,0.036631,-1.057387
-1.206607,-0.007326,-0.026862,2.174748,0.109890,-1.067155
-1.206607,0.007328,-0.031746,2.175511,0.153847,-0.959707
-1.206607,-0.021978,-0.041514,2.176274,0.212454,-0.754579
-1.206607,-0.021978,-0.051282,2.177419,0.271063,-0.529915
-1.206607,-0.007326,-0.061050,2.177800,0.153847,-0.363858
-1.206607,-0.007326,-0.061050,2.177037,-0.036633,-0.251526
-1.206607,-0.021978,-0.056166,2.175892,-0.168499,-0.222222
-1.206607,-0.007326,-0.046398,2.174748,-0.227108,-0.310134
-1.206607,-0.007326,-0.036630,2.173985,-0.271065,-0.476191
-1.206607,-0.007326,-0.026862,2.173603,-0.109892,-0.686203
-1.206607,-0.007326,-0.021978,2.173603,-0.036633,-0.910867
-1.206607,0.007328,-0.021978,2.173985,0.021978,-1.052503
-1.206607,0.007328,-0.026862,2.174748,0.124542,-1.067155
-1.206607,-0.007326,-0.031746,2.175511,0.153847,-0.969475
-1.206607,-0.021978,-0.041514,2.176274,0.212454,-0.769231
-1.206607,-0.021978,-0.051282,2.177419,0.256411,-0.544566
-1.206607,-0.007326,-0.061050,2.177800,0.139194,-0.373627
-1.206607,-0.021978,-0.061050,2.177037,-0.021980,-0.256411
-1.206607,-0.007326,-0.056166,2.175892,-0.153849,-0.222222
-1.206607,-0.007326,-0.046398,2.174748,-0.227108,-0.300366
-1.206607,0.007328,-0.036630,2.173985,-0.256413,-0.466422
-1.206607,0.007328,-0.026862,2.173603,-0.109892,-0.671551
-1.206607,-0.021978,-0.021978,2.173603,-0.021980,-0.901099
-1.206607,-0.007326,-0.021978,2.173985,0.036631,-1.047619
-1.206607,0.007328,-0.026862,2.174748,0.109890,-1.072039
-1.206607,0.007328,-0.031746,2.175511,0.153847,-0.979243
-1.206607,-0.007326,-0.041514,2.176274,0.212454,-0.783883
-1.206607,-0.021978,-0.051282,2.177419,0.241758,-0.554335
-1.206607,-0.021978,-0.056166,2.177419,0.153847,-0.373627
-1.206607,-0.007326,-0.056166,2.177037,-0.021980,-0.261294
-1.206607,-0.007326,-0.056166,2.175892,-0.168499,-0.222222
-1.206607,0.007328,-0.051282,2.174748,-0.227108,-0.295483
-1.206607,-0.007326,-0.036630,2.173603,-0.256413,-0.456655
-1.206607,0.007328,-0.031746,2.173603,-0.109892,-0.661782
-1.206607,0.007328,-0.026862,2.173603,-0.036633,-0.891331
-1.206607,-0.007326,-0.021978,2.173985,0.021978,-1.047619
-1.206607,-0.007326,-0.026862,2.174748,0.095238,-1.072039
-1.206607,-0.007326,-0.031746,2.175511,0.153847,-0.984127
-1.206607,-0.021978,-0.041514,2.176274,0.168499,-0.788767
-1.206607,-0.007326,-0.051282,2.177419,0.271063,-0.564102
-1.206607,-0.007326,-0.056166,2.177419,0.168499,-0.383394
-1.206607,-0.021978,-0.061050,2.177037,-0.007328,-0.261294
-1.206607,-0.007326,-0.056166,2.175892,-0.153849,-0.217339
-1.206607,0.021980,-0.046398,2.174748,-0.227108,-0.295483
-1.206607,-0.021978,-0.036630,2.173985,-0.256413,-0.451771
-1.206607,0.007328,-0.026862,2.173603,-0.139196,-0.656898
-1.206225,-0.007326,-0.021978,2.173985,-0.007328,-0.886447
-1.206607,-0.007326,-0.021978,2.173985,0.021978,-1.042735
-1.206607,-0.021978,-0.026862,2.174748,0.095238,-1.072039
-1.206607,0.007328,-0.031746,2.175129,0.153847,-0.984127
-1.206607,-0.021978,-0.041514,2.175892,0.197802,-0.793651
-1.206607,-0.021978,-0.051282,2.177037,0.256411,-0.564102
-1.206607,-0.007326,-0.056166,2.177419,0.168499,-0.383394
-1.206607,-0.021978,-0.056166,2.177037,-0.021980,-0.261294
-1.206607,0.007328,-0.056166,2.175892,-0.168499,-0.222222
-1.206607,-0.007326,-0.051282,2.174748,-0.227108,-0.295483
-1.206607,-0.007326,-0.036630,2.173603,-0.256413,-0.446886
-1.206607,-0.021978,-0.026862,2.173603,-0.109892,-0.652015
-1.206607,-0.021978,-0.021978,2.173603,-0.021980,-0.886447
-1.206607,0.007328,-0.021978,2.173985,0.021978,-1.042735
-1.206607,-0.007326,-0.026862,2.174366,0.124542,-1.072039
-1.206607,-0.007326,-0.031746,2.175129,0.139194,-0.989011
-1.206607,-0.007326,-0.041514,2.176274,0.197802,-0.793651
-1.206607,-0.021978,-0.051282,2.177037,0.227106,-0.564102
-1.206607,-0.007326,-0.056166,2.177419,0.153847,-0.383394
-1.206607,-0.007326,-0.061050,2.177037,0.007326,-0.261294
-1.206607,-0.021978,-0.056166,2.175892,-0.153849,-0.222222
-1.206607,-0.007326,-0.051282,2.174748,-0.227108,-0.295483
-1.206607,-0.007326,-0.036630,2.173603,-0.256413,-0.451771
-1.206607,0.021980,-0.026862,2.173603,-0.095240,-0.656898
-1.206607,0.007328,-0.021978,2.173603,-0.021980,-0.886447
-1.206607,-0.007326,-0.017094,2.173985,0.036631,-1.042735
-1.206225,0.007328,-0.021978,2.174748,0.095238,-1.076923
-1.206607,0.007328,-0.031746,2.175129,0.139194,-0.984127
-1.206607,-0.036631,-0.041514,2.175892,0.183149,-0.788767
-1.206607,-0.021978,-0.051282,2.177037,0.241758,-0.559218
-1.206607,-0.007326,-0.056166,2.177419,0.153847,-0.378510
-1.206607,-0.007326,-0.061050,2.177037,0.007326,-0.256411
-1.206607,-0.007326,-0.056166,2.175892,-0.168499,-0.222222
-1.206607,0.007328,-0.051282,2.174366,-0.241760,-0.300366
-1.206607,-0.007326,-0.036630,2.173603,-0.256413,-0.456655
-1.206607,-0.021978,-0.031746,2.173603,-0.109892,-0.661782
-1.206607,-0.007326,-0.026862,2.173603,-0.036633,-0.896214
-1.206607,-0.007326,-0.021978,2.173985,0.051283,-1.047619
-1.206607,-0.007326,-0.026862,2.174366,0.109890,-1.072039
-1.206607,-0.007326,-0.031746,2.175129,0.139194,-0.979243
-1.206607,-0.007326,-0.041514,2.175892,0.183149,-0.778998
-1.206607,-0.007326,-0.051282,2.177037,0.241758,-0.549451
-1.206607,-0.021978,-0.056166,2.177419,0.153847,-0.368742
-1.206607,-0.021978,-0.056166,2.177037,-0.021980,-0.256411
-1.206607,-0.021978,-0.056166,2.175892,-0.168499,-0.222222
-1.206607,-0.007326,-0.046398,2.174366,-0.227108,-0.305250
-1.206607,0.007328,-0.036630,2.173603,-0.241760,-0.461538
-1.206607,0.007328,-0.031746,2.173603,-0.109892,-0.671551
-1.206607,0.007328,-0.021978,2.173603,-0.021980,-0.905983
-1.206607,0.007328,-0.021978,2.173985,0.036631,-1.047619
-1.206607,-0.021978,-0.021978,2.174366,0.095238,-1.072039
-1.206607,-0.007326,-0.031746,2.175129,0.139194,-0.969475
-1.206607,-0.021978,-0.041514,2.176274,0.183149,-0.769231
-1.206607,-0.007326,-0.051282,2.177037,0.227106,-0.539682
-1.206607,-0.007326,-0.056166,2.177419,0.139194,-0.358974
-1.206607,-0.007326,-0.056166,2.176656,-0.021980,-0.246642
-1.206607,-0.021978,-0.056166,2.175511,-0.168499,-0.227106
-1.206607,0.007328,-0.046398,2.174366,-0.241760,-0.319902
-1.206607,-0.007326,-0.036630,2.173603,-0.241760,-0.476191
-1.206607,-0.007326,-0.026862,2.173603,-0.095240,-0.691087
-1.206607,-0.007326,-0.021978,2.173603,-0.021980,-0.920635
-1.206607,0.007328,-0.021978,2.173985,0.051283,-1.052503
-1.206607,-0.007326,-0.026862,2.174366,0.109890,-1.067155
-1.206607,-0.007326,-0.036630,2.175129,0.153847,-0.954823
-1.206607,-0.007326,-0.041514,2.176274,0.197802,-0.744811
-1.206607,-0.021978,-0.051282,2.177037,0.241758,-0.520146
-1.206607,-0.021978,-0.061050,2.177419,0.139194,-0.349206
-1.206607,-0.021978,-0.056166,2.176656,-0.021980,-0.246642
-1.206607,-0.007326,-0.056166,2.175511,-0.168499,-0.231990
-1.206607,0.007328,-0.046398,2.174366,-0.241760,-0.329670
-1.206607,-0.007326,-0.036630,2.173603,-0.227108,-0.495727
-1.206607,0.007328,-0.026862,2.173603,-0.095240,-0.710623
-1.206607,-0.007326,-0.021978,2.173603,-0.036633,-0.940171
-1.206607,-0.021978,-0.021978,2.173985,0.036631,-1.062271
-1.206225,-0.007326,-0.026862,2.174748,0.109890,-1.062271
-1.206607,-0.007326,-0.031746,2.175129,0.153847,-0.940171
-1.206607,-0.021978,-0.041514,2.176274,0.197802,-0.730159
-1.206607,-0.007326,-0.051282,2.177037,0.212454,-0.500610
-1.206607,-0.007326,-0.056166,2.177037,0.124542,-0.334555
-1.206607,-0.021978,-0.056166,2.176274,-0.036633,-0.236875
-1.206607,-0.007326,-0.056166,2.175129,-0.183151,-0.241758
-1.206607,0.007328,-0.046398,2.173603,-0.285717,-0.344322
-1.206607,-0.007326,-0.036630,2.173222,-0.197803,-0.510379
-1.206607,-0.007326,-0.026862,2.173603,-0.051285,-0.739926
-1.206607,0.007328,-0.017094,2.173603,-0.007328,-0.954823
-1.206607,0.007328,-0.017094,2.173985,0.065933,-1.067155
-1.206607,-0.007326,-0.026862,2.174748,0.124542,-1.052503
-1.206607,-0.021978,-0.036630,2.175129,0.153847,-0.920635
-1.206607,-0.021978,-0.046398,2.176274,0.212454,-0.700854
-1.206607,-0.021978,-0.056166,2.177419,0.241758,-0.476191
-1.206607,-0.007326,-0.056166,2.177037,0.124542,-0.319902
-1.206607,-0.007326,-0.056166,2.176656,-0.051285,-0.236875
-1.206607,0.007328,-0.051282,2.175511,-0.168499,-0.246642
-1.206607,0.007328,-0.041514,2.173985,-0.241760,-0.363858
-1.206607,-0.007326,-0.031746,2.173603,-0.183151,-0.539682
-1.206607,-0.021978,-0.021978,2.173603,-0.065935,-0.769231
-1.206607,-0.007326,-0.021978,2.173985,-0.007328,-0.974359
-1.206607,0.007328,-0.021978,2.174366,0.051283,-1.072039
-1.206607,-0.007326,-0.026862,2.174748,0.109890,-1.047619
-1.206607,-0.021978,-0.036630,2.175511,0.139194,-0.896214
-1.206607,-0.007326,-0.046398,2.176274,0.212454,-0.671551
-1.206607,-0.007326,-0.056166,2.177037,0.183149,-0.456655
-1.206607,-0.007326,-0.056166,2.177037,0.051283,-0.305250
-1.206607,-0.007326,-0.056166,2.175892,-0.095240,-0.227106
-1.206607,-0.007326,-0.051282,2.174748,-0.241760,-0.261294
-1.206607,-0.021978,-0.041514,2.173603,-0.271065,-0.378510
-1.206607,-0.007326,-0.031746,2.173222,-0.139196,-0.564102
-1.206607,-0.007326,-0.026862,2.173222,-0.036633,-0.803419
-1.206607,-0.007326,-0.021978,2.173603,0.021978,-0.993895
-1.206607,-0.007326,-0.021978,2.173985,0.065933,-1.072039
-1.206607,0.007328,-0.026862,2.174748,0.139194,-1.023199
-1.206607,-0.021978,-0.036630,2.175511,0.183149,-0.862027
-1.206607,-0.007326,-0.041514,2.176656,0.227106,-0.632479
-1.206607,0.007328,-0.051282,2.177419,0.227106,-0.422466
-1.206607,-0.007326,-0.056166,2.177037,0.065933,-0.285714
-1.206607,-0.007326,-0.056166,2.176274,-0.095240,-0.222222
-1.206607,-0.007326,-0.051282,2.175129,-0.212456,-0.271062
-1.206607,-0.007326,-0.041514,2.173985,-0.241760,-0.412699
-1.206607,0.007328,-0.031746,2.173603,-0.153849,-0.608059
-1.206607,0.007328,-0.021978,2.173985,-0.021980,-0.837606
-1.206607,-0.007326,-0.021978,2.173985,0.021978,-1.018315
-1.206607,0.007328,-0.021978,2.174366,0.065933,-1.076923
-1.206607,-0.021978,-0.031746,2.175129,0.124542,-1.013431
-1.206607,-0.007326,-0.036630,2.175892,0.139194,-0.832723
-1.206607,-0.007326,-0.046398,2.176274,0.183149,-0.598290
-1.206607,-0.007326,-0.056166,2.177037,0.139194,-0.398046
-1.206607,-0.007326,-0.061050,2.176274,0.007326,-0.266178
-1.206607,-0.007326,-0.056166,2.175129,-0.153849,-0.231990
-1.206607,-0.007326,-0.051282,2.173603,-0.256413,-0.295483
-1.206607,-0.007326,-0.041514,2.172840,-0.227108,-0.432235
-1.206607,-0.007326,-0.031746,2.172840,-0.109892,-0.647131
-1.206607,-0.007326,-0.021978,2.172840,-0.036633,-0.876678
-1.206607,-0.007326,-0.021978,2.173222,0.021978,-1.032967
-1.206607,-0.007326,-0.026862,2.173985,0.109890,-1.067155
-1.206607,-0.021978,-0.031746,2.174748,0.183149,-0.974359
-1.206607,-0.021978,-0.041514,2.175892,0.212454,-0.783883
-1.206607,-0.021978,-0.051282,2.176656,0.241758,-0.554335
-1.206607,-0.007326,-0.056166,2.177037,0.183149,-0.363858
-1.206607,-0.007326,-0.056166,2.177037,0.021978,-0.251526
-1.206607,-0.007326,-0.051282,2.175892,-0.109892,-0.227106
-1.206607,-0.007326,-0.046398,2.174748,-0.212456,-0.315019
-1.206607,-0.007326,-0.036630,2.173985,-0.227108,-0.485958
-1.206607,-0.007326,-0.026862,2.173985,-0.109892,-0.695971
-1.206607,-0.007326,-0.021978,2.173985,-0.021980,-0.915751
-1.206607,-0.007326,-0.017094,2.174366,0.051283,-1.052503
-1.206607,-0.007326,-0.021978,2.174748,0.095238,-1.067155
-1.206607,-0.021978,-0.031746,2.175511,0.124542,-0.954823
-1.206607,-0.021978,-0.041514,2.175892,0.124542,-0.744811
-1.206607,-0.007326,-0.051282,2.176656,0.153847,-0.515263
-1.206607,-0.007326,-0.056166,2.176656,0.095238,-0.334555
-1.206607,-0.007326,-0.056166,2.175892,-0.080587,-0.236875
-1.206607,-0.007326,-0.056166,2.174366,-0.227108,-0.246642
-1.206607,-0.007326,-0.051282,2.173222,-0.271065,-0.334555
-1.206607,0.007328,-0.041514,2.172840,-0.183151,-0.510379
-1.206607,0.007328,-0.031746,2.172840,-0.080587,-0.744811
-1.206607,-0.007326,-0.021978,2.172840,-0.007328,-0.959707
-1.206607,-0.007326,-0.021978,2.173222,0.051283,-1.062271
-1.206607,-0.007326,-0.026862,2.173985,0.153847,-1.037851
-1.206607,0.007328,-0.031746,2.175129,0.227106,-0.901099
-1.206607,-0.021978,-0.041514,2.175892,0.227106,-0.686203
-1.206607,0.007328,-0.046398,2.177037,0.212454,-0.466422
-1.206607,-0.007326,-0.056166,2.177037,0.109890,-0.305250
-1.206607,-0.021978,-0.056166,2.176274,-0.036633,-0.227106
-1.206607,0.007328,-0.051282,2.175511,-0.153849,-0.251526
-1.206607,0.007328,-0.041514,2.174366,-0.212456,-0.383394
-1.206607,-0.007326,-0.036630,2.173603,-0.183151,-0.573871
-1.206607,0.007328,-0.026862,2.173985,-0.051285,-0.798534
-1.206607,-0.007326,-0.021978,2.173985,0.007326,-0.993895
-1.206607,0.007328,-0.021978,2.174366,0.080585,-1.076923
-1.206607,-0.007326,-0.026862,2.175129,0.124542,-1.028083
-1.206607,-0.007326,-0.036630,2.175511,0.124542,-0.866911
-1.206607,-0.021978,-0.046398,2.176274,0.168499,-0.637362
-1.206607,-0.007326,-0.056166,2.176656,0.139194,-0.422466
-1.206607,-0.007326,-0.061050,2.176274,0.021978,-0.280830
-1.206607,-0.007326,-0.061050,2.175511,-0.153849,-0.227106
-1.206607,-0.007326,-0.056166,2.173985,-0.271065,-0.280830
-1.206607,0.007328,-0.046398,2.172840,-0.241760,-0.412699
-1.206607,-0.007326,-0.036630,2.172840,-0.124544,-0.617826
-1.206607,-0.007326,-0.026862,2.172840,-0.036633,-0.857142
-1.206607,-0.007326,-0.021978,2.172840,0.021978,-1.023199
-1.206607,-0.007326,-0.021978,2.173603,0.109890,-1.067155
-1.206607,-0.007326,-0.031746,2.174748,0.197802,-0.984127
-1.206607,-0.021978,-0.036630,2.175511,0.212454,-0.803419
-1.206607,-0.007326,-0.046398,2.176274,0.212454,-0.573871
-1.206607,-0.021978,-0.056166,2.177037,0.197802,-0.373627
-1.206607,-0.007326,-0.056166,2.176656,0.036631,-0.256411
-1.206607,-0.007326,-0.056166,2.175892,-0.109892,-0.227106
-1.206607,-0.007326,-0.046398,2.174748,-0.212456,-0.310134
-1.206607,0.007328,-0.036630,2.173603,-0.227108,-0.481074
-1.206607,-0.007326,-0.026862,2.173603,-0.139196,-0.686203
-1.206607,-0.007326,-0.021978,2.173985,-0.007328,-0.910867
-1.206607,-0.007326,-0.021978,2.173985,0.021978,-1.052503
-1.206607,-0.007326,-0.026862,2.174748,0.109890,-1.062271
-1.206607,-0.021978,-0.031746,2.175129,0.124542,-0.954823
-1.206607,-0.021978,-0.041514,2.175892,0.139194,-0.749695
-1.206607,-0.007326,-0.051282,2.176274,0.153847,-0.515263
-1.206607,-0.007326,-0.056166,2.176274,0.080585,-0.334555
-1.206607,-0.007326,-0.061050,2.175892,-0.065935,-0.236875
-1.206607,0.007328,-0.056166,2.174366,-0.197803,-0.246642
-1.206607,0.007328,-0.051282,2.173222,-0.285717,-0.339438
-1.206607,-0.007326,-0.036630,2.172840,-0.168499,-0.520146
-1.206607,-0.007326,-0.026862,2.172459,-0.065935,-0.754579
-1.206607,0.007328,-0.021978,2.172840,-0.021980,-0.964591
-1.206607,-0.007326,-0.021978,2.173222,0.065933,-1.062271
-1.206607,-0.007326,-0.026862,2.173985,0.153847,-1.028083
-1.206607,-0.007326,-0.031746,2.175129,0.227106,-0.891331
-1.206607,-0.007326,-0.041514,2.175892,0.227106,-0.676435
-1.206607,-0.007326,-0.051282,2.176656,0.212454,-0.456655
-1.206607,-0.007326,-0.051282,2.176656,0.109890,-0.295483
-1.206607,-0.007326,-0.051282,2.175892,-0.051285,-0.227106
-1.206607,-0.007326,-0.051282,2.175129,-0.153849,-0.261294
-1.206607,0.007328,-0.041514,2.173985,-0.256413,-0.402930
-1.206607,-0.007326,-0.031746,2.173603,-0.168499,-0.593407
-1.206607,0.007328,-0.021978,2.173603,-0.036633,-0.822955
-1.206607,-0.007326,-0.017094,2.173985,0.021978,-1.008547
-1.206607,-0.007326,-0.021978,2.174366,0.080585,-1.072039
-1.206607,-0.007326,-0.026862,2.174748,0.124542,-1.013431
-1.206607,-0.007326,-0.036630,2.175511,0.153847,-0.837606
-1.206607,-0.021978,-0.046398,2.176274,0.168499,-0.603174
-1.206607,-0.007326,-0.056166,2.176656,0.139194,-0.398046
-1.206607,-0.021978,-0.061050,2.176274,-0.007328,-0.266178
-1.206607,-0.021978,-0.056166,2.175129,-0.124544,-0.227106
-1.206607,-0.007326,-0.051282,2.173603,-0.285717,-0.295483
-1.206607,0.007328,-0.046398,2.172840,-0.227108,-0.442002
-1.206607,0.007328,-0.031746,2.172840,-0.109892,-0.661782
-1.206607,-0.007326,-0.026862,2.172840,-0.036633,-0.891331
-1.206607,0.007328,-0.021978,2.173222,0.051283,-1.037851
-1.206607,-0.007326,-0.026862,2.173985,0.124542,-1.057387
-1.206607,-0.007326,-0.031746,2.174748,0.212454,-0.954823
-1.206607,-0.007326,-0.036630,2.175892,0.227106,-0.764347
-1.206607,-0.007326,-0.046398,2.176656,0.212454,-0.529915
-1.206607,-0.021978,-0.056166,2.177037,0.139194,-0.344322
-1.206607,-0.007326,-0.056166,2.176656,0.007326,-0.241758
-1.206607,-0.007326,-0.051282,2.175511,-0.153849,-0.236875
-1.206607,0.007328,-0.046398,2.174366,-0.197803,-0.339438
-1.206607,0.007328,-0.036630,2.173603,-0.212456,-0.520146
-1.206607,0.007328,-0.026862,2.173603,-0.095240,-0.739926
-1.206607,-0.007326,-0.021978,2.173985,-0.007328,-0.954823
-1.206607,0.007328,-0.021978,2.174366,0.065933,-1.067155
-1.206607,-0.007326,-0.026862,2.174748,0.109890,-1.047619
-1.206607,-0.021978,-0.031746,2.175511,0.139194,-0.910867
-1.206607,-0.007326,-0.041514,2.175892,0.168499,-0.686203
-1.206607,-0.021978,-0.051282,2.176274,0.124542,-0.461538
-1.206607,-0.021978,-0.056166,2.176274,0.007326,-0.300366
-1.206607,-0.007326,-0.061050,2.175129,-0.139196,-0.231990
-1.206607,-0.007326,-0.056166,2.173603,-0.256413,-0.261294
-1.206607,0.007328,-0.046398,2.172840,-0.241760,-0.383394
-1.206607,-0.007326,-0.036630,2.172459,-0.168499,-0.593407
-1.206607,-0.007326,-0.031746,2.172459,-0.065935,-0.827839
-1.206607,-0.007326,-0.021978,2.172459,-0.007328,-1.008547
-1.206607,-0.007326,-0.021978,2.172840,0.065933,-1.062271
-1.206607,-0.007326,-0.026862,2.173985,0.168499,-0.984127
-1.206607,-0.007326,-0.036630,2.175129,0.256411,-0.822955
-1.206607,-0.021978,-0.041514,2.175892,0.212454,-0.608059
-1.206607,-0.007326,-0.051282,2.175892,0.139194,-0.402930
-1.206607,-0.021978,-0.056166,2.175511,0.007326,-0.266178
-1.206607,-0.021978,-0.051282,2.174748,-0.109892,-0.227106
-1.206607,-0.007326,-0.046398,2.173603,-0.227108,-0.295483
-1.206607,-0.007326,-0.036630,2.173222,-0.183151,-0.461538
-1.206607,0.007328,-0.026862,2.172840,-0.109892,-0.691087
-1.206607,-0.007326,-0.021978,2.172840,-0.021980,-0.905983
-1.206607,-0.007326,-0.021978,2.173222,0.051283,-1.042735
-1.206225,0.007328,-0.021978,2.173985,0.109890,-1.052503
-1.206607,-0.007326,-0.031746,2.175129,0.212454,-0.945055
-1.206607,-0.007326,-0.036630,2.175892,0.212454,-0.744811
-1.206607,-0.007326,-0.046398,2.176656,0.197802,-0.510379
-1.206607,-0.021978,-0.056166,2.177037,0.153847,-0.329670
-1.206607,-0.007326,-0.056166,2.176274,-0.007328,-0.236875
-1.206607,-0.021978,-0.056166,2.175511,-0.139196,-0.241758
-1.206607,-0.007326,-0.051282,2.174366,-0.212456,-0.358974
-1.206607,0.007328,-0.036630,2.173603,-0.212456,-0.544566
-1.206607,0.007328,-0.031746,2.173603,-0.065935,-0.764347
-1.206607,-0.007326,-0.021978,2.173985,-0.007328,-0.974359
-1.206607,-0.007326,-0.021978,2.174366,0.065933,-1.067155
-1.206607,-0.007326,-0.026862,2.174748,0.124542,-1.032967
-1.206607,-0.021978,-0.036630,2.175511,0.139194,-0.881563
-1.206607,-0.021978,-0.041514,2.176274,0.139194,-0.652015
-1.206607,-0.021978,-0.051282,2.176656,0.153847,-0.432235
-1.206607,-0.007326,-0.056166,2.176274,0.036631,-0.285714
-1.206607,-0.007326,-0.056166,2.175511,-0.124544,-0.231990
-1.206607,-0.007326,-0.051282,2.173985,-0.256413,-0.280830
-1.206607,-0.007326,-0.041514,2.172840,-0.256413,-0.412699
-1.206607,-0.007326,-0.031746,2.172840,-0.124544,-0.627595
-1.206607,-0.007326,-0.021978,2.172840,-0.051285,-0.857142
-1.206607,-0.007326,-0.017094,2.172840,0.021978,-1.023199
-1.206225,-0.007326,-0.021978,2.173603,0.080585,-1.062271
-1.206607,-0.007326,-0.021978,2.174366,0.183149,-0.974359
-1.206607,-0.007326,-0.031746,2.175511,0.212454,-0.788767
-1.206607,-0.007326,-0.041514,2.176274,0.197802,-0.559218
-1.206607,-0.021978,-0.051282,2.176656,0.139194,-0.363858
-1.206607,0.007328,-0.056166,2.175892,0.007326,-0.246642
-1.206607,-0.007326,-0.056166,2.175129,-0.139196,-0.236875
-1.206607,-0.007326,-0.046398,2.173985,-0.227108,-0.329670
-1.206607,-0.007326,-0.041514,2.173222,-0.183151,-0.500610
-1.206607,-0.007326,-0.031746,2.173222,-0.065935,-0.725275
-1.206607,0.007328,-0.026862,2.173222,-0.007328,-0.945055
-1.206607,-0.021978,-0.026862,2.173985,0.065933,-1.057387
-1.206607,0.007328,-0.026862,2.174748,0.124542,-1.042735
-1.206607,-0.021978,-0.036630,2.175129,0.183149,-0.910867
-1.206607,-0.007326,-0.041514,2.176274,0.183149,-0.686203
-1.206607,-0.007326,-0.051282,2.177037,0.227106,-0.461538
-1.206607,-0.007326,-0.056166,2.177037,0.109890,-0.305250
-1.206607,-0.007326,-0.056166,2.176274,-0.051285,-0.231990
-1.206607,-0.007326,-0.051282,2.175129,-0.168499,-0.266178
-1.206607,-0.007326,-0.041514,2.173985,-0.241760,-0.402930
-1.206607,-0.007326,-0.031746,2.173603,-0.153849,-0.593407
-1.206607,-0.007326,-0.021978,2.173603,-0.051285,-0.827839
-1.206607,-0.007326,-0.017094,2.173985,-0.007328,-1.013431
-1.206607,-0.021978,-0.021978,2.174366,0.051283,-1.072039
-1.206607,-0.007326,-0.026862,2.174748,0.109890,-1.003663
-1.206607,-0.007326,-0.031746,2.175511,0.139194,-0.822955
-1.206607,-0.021978,-0.041514,2.175892,0.124542,-0.588523
-1.206607,-0.007326,-0.051282,2.175892,0.080585,-0.388278
-1.206607,-0.021978,-0.056166,2.175511,-0.036633,-0.261294
-1.206607,-0.007326,-0.056166,2.173985,-0.212456,-0.236875
-1.206607,-0.007326,-0.051282,2.172840,-0.256413,-0.300366
-1.206607,0.007328,-0.041514,2.172077,-0.212456,-0.481074
-1.206607,-0.007326,-0.031746,2.171696,-0.168499,-0.715507
-1.206607,-0.007326,-0.026862,2.171314,-0.095240,-0.920635
-1.206607,-0.007326,-0.021978,2.171696,0.007326,-1.047619
-1.206607,-0.007326,-0.026862,2.172077,0.095238,-1.042735
-1.206607,0.007328,-0.031746,2.173222,0.183149,-0.905983
-1.206607,-0.021978,-0.036630,2.174366,0.256411,-0.705739
-1.206607,-0.007326,-0.046398,2.174748,0.139194,-0.500610
-1.206607,-0.021978,-0.051282,2.174366,0.007326,-0.324786
-1.206607,-0.007326,-0.056166,2.173603,-0.080587,-0.222222
-1.206607,-0.021978,-0.051282,2.173222,-0.109892,-0.227106
-1.206607,-0.007326,-0.046398,2.172459,-0.124544,-0.373627
-1.206607,-0.007326,-0.036630,2.172077,-0.109892,-0.598290
-1.206607,-0.007326,-0.026862,2.171696,-0.080587,-0.827839
-1.206607,0.007328,-0.021978,2.172077,0.007326,-0.998779
-1.206607,-0.007326,-0.021978,2.172840,0.139194,-1.052503
-1.206607,-0.007326,-0.021978,2.173985,0.227106,-0.984127
-1.206607,-0.007326,-0.031746,2.175129,0.256411,-0.837606
-1.206607,-0.007326,-0.041514,2.175511,0.168499,-0.622710
-1.206607,-0.021978,-0.051282,2.175511,0.095238,-0.407814
-1.206607,-0.021978,-0.051282,2.175511,-0.007328,-0.261294
-1.206607,-0.021978,-0.056166,2.174366,-0.124544,-0.222222
-1.206607,-0.007326,-0.051282,2.173603,-0.197803,-0.295483
-1.206607,-0.021978,-0.041514,2.172840,-0.183151,-0.476191
-1.206607,-0.007326,-0.031746,2.172459,-0.124544,-0.705739
-1.206607,-0.007326,-0.026862,2.172459,-0.051285,-0.915751
-1.206607,-0.007326,-0.021978,2.172840,0.036631,-1.042735
-1.206225,-0.007326,-0.026862,2.173603,0.124542,-1.037851
-1.206607,-0.021978,-0.031746,2.174748,0.227106,-0.925519
-1.206607,-0.007326,-0.041514,2.175511,0.212454,-0.725275
-1.206607,-0.021978,-0.046398,2.176274,0.183149,-0.495727
-1.206607,-0.007326,-0.056166,2.176274,0.109890,-0.319902
-1.206607,-0.007326,-0.056166,2.175892,-0.036633,-0.231990
-1.206607,-0.007326,-0.051282,2.174748,-0.139196,-0.251526
-1.206607,0.007328,-0.046398,2.173603,-0.212456,-0.383394
-1.206607,-0.007326,-0.036630,2.173222,-0.168499,-0.578754
-1.206607,-0.007326,-0.026862,2.173222,-0.065935,-0.813187
-1.206607,-0.021978,-0.017094,2.173603,0.007326,-0.998779
-1.206607,-0.007326,-0.021978,2.173985,0.080585,-1.067155
-1.206607,-0.007326,-0.026862,2.174748,0.139194,-1.008547
-1.206607,-0.007326,-0.031746,2.175511,0.168499,-0.837606
-1.206607,-0.021978,-0.041514,2.175892,0.153847,-0.603174
-1.206607,-0.021978,-0.051282,2.176274,0.124542,-0.393163
-1.206607,0.007328,-0.056166,2.175892,-0.021980,-0.266178
-1.206607,-0.007326,-0.056166,2.174748,-0.168499,-0.236875
-1.206607,-0.021978,-0.051282,2.173222,-0.256413,-0.305250
-1.206607,-0.007326,-0.041514,2.172840,-0.183151,-0.471307
-1.206607,-0.021978,-0.031746,2.172459,-0.109892,-0.700854
-1.206607,0.007328,-0.026862,2.172459,-0.036633,-0.920635
-1.206607,-0.007326,-0.021978,2.172840,0.021978,-1.052503
-1.206607,-0.007326,-0.021978,2.173603,0.109890,-1.037851
-1.206607,0.007328,-0.026862,2.174748,0.212454,-0.915751
-1.206607,-0.021978,-0.036630,2.175511,0.212454,-0.715507
-1.206607,-0.007326,-0.046398,2.175892,0.168499,-0.490843
-1.206607,-0.021978,-0.056166,2.175892,0.080585,-0.315019
-1.206607,-0.021978,-0.056166,2.175129,-0.065935,-0.231990
-1.206607,-0.007326,-0.051282,2.174366,-0.153849,-0.256411
-1.206607,0.007328,-0.046398,2.173222,-0.197803,-0.383394
-1.206607,0.007328,-0.036630,2.172840,-0.124544,-0.588523
-1.206607,0.007328,-0.026862,2.173222,-0.051285,-0.827839
-1.206607,-0.007326,-0.021978,2.173222,0.007326,-1.008547
-1.206607,0.007328,-0.021978,2.173603,0.095238,-1.067155
-1.206607,-0.007326,-0.026862,2.174748,0.168499,-0.989011
-1.206607,-0.021978,-0.031746,2.175511,0.212454,-0.813187
-1.206607,-0.021978,-0.041514,2.176274,0.197802,-0.583638
-1.206607,-0.007326,-0.051282,2.176656,0.139194,-0.378510
-1.206607,-0.021978,-0.056166,2.176274,0.021978,-0.256411
-1.206607,-0.007326,-0.056166,2.175511,-0.124544,-0.236875
-1.206607,0.007328,-0.051282,2.173985,-0.241760,-0.324786
-1.206607,-0.007326,-0.041514,2.173603,-0.212456,-0.490843
-1.206607,0.007328,-0.031746,2.173222,-0.095240,-0.715507
-1.206607,-0.007326,-0.021978,2.173603,-0.021980,-0.940171
-1.206607,-0.021978,-0.021978,2.173985,0.051283,-1.057387
-1.206607,-0.007326,-0.026862,2.174366,0.139194,-1.047619
-1.206607,-0.007326,-0.031746,2.175129,0.139194,-0.910867
-1.206607,-0.007326,-0.041514,2.175511,0.168499,-0.686203
-1.206607,-0.036631,-0.051282,2.176274,0.139194,-0.461538
-1.206607,-0.007326,-0.056166,2.175892,0.036631,-0.300366
-1.206607,-0.007326,-0.056166,2.175129,-0.124544,-0.231990
-1.206607,-0.021978,-0.056166,2.173603,-0.241760,-0.266178
-1.206607,-0.007326,-0.046398,2.172840,-0.212456,-0.398046
-1.206607,-0.007326,-0.036630,2.172459,-0.109892,-0.617826
-1.206607,0.007328,-0.026862,2.172459,-0.065935,-0.852259
-1.206607,-0.007326,-0.021978,2.172840,-0.007328,-1.018315
-1.206607,-0.007326,-0.021978,2.173222,0.095238,-1.057387
-1.206607,0.007328,-0.026862,2.174366,0.197802,-0.964591
-1.206607,-0.021978,-0.031746,2.175129,0.212454,-0.783883
-1.206607,-0.007326,-0.041514,2.175892,0.197802,-0.559218
-1.206607,-0.007326,-0.051282,2.175892,0.109890,-0.358974
-1.206607,-0.021978,-0.051282,2.175511,-0.036633,-0.246642
-1.206607,0.007328,-0.051282,2.174366,-0.139196,-0.241758
-1.206607,0.007328,-0.046398,2.173603,-0.212456,-0.334555
-1.206607,0.007328,-0.041514,2.172840,-0.153849,-0.525030
-1.206607,-0.007326,-0.031746,2.172840,-0.065935,-0.759462
-1.206607,-0.007326,-0.021978,2.173222,-0.007328,-0.964591
-1.206607,-0.007326,-0.021978,2.173603,0.065933,-1.062271
-1.206225,-0.007326,-0.026862,2.174366,0.168499,-1.018315
-1.206607,-0.021978,-0.031746,2.175129,0.183149,-0.871795
-1.206607,-0.021978,-0.041514,2.175892,0.212454,-0.647131
-1.206607,-0.021978,-0.051282,2.176656,0.183149,-0.427350
-1.206607,-0.007326,-0.056166,2.176656,0.080585,-0.280830
-1.206607,-0.007326,-0.056166,2.175892,-0.065935,-0.227106
-1.206607,-0.007326,-0.051282,2.174748,-0.183151,-0.290598
-1.206607,0.007328,-0.041514,2.173603,-0.227108,-0.446886
-1.206607,-0.007326,-0.036630,2.173603,-0.109892,-0.656898
-1.206607,-0.007326,-0.026862,2.173603,-0.036633,-0.891331
-1.206225,-0.007326,-0.021978,2.173985,0.036631,-1.042735
-1.206607,0.007328,-0.021978,2.174366,0.080585,-1.062271
-1.206607,-0.007326,-0.026862,2.175129,0.124542,-0.954823
-1.206607,-0.021978,-0.036630,2.175511,0.139194,-0.744811
-1.206607,-0.021978,-0.046398,2.175892,0.124542,-0.510379
-1.206607,-0.021978,-0.051282,2.175892,0.036631,-0.329670
-1.206607,-0.007326,-0.056166,2.174748,-0.095240,-0.241758
-1.206607,-0.007326,-0.051282,2.173603,-0.241760,-0.251526
-1.206607,0.007328,-0.046398,2.172840,-0.227108,-0.363858
-1.206607,-0.007326,-0.041514,2.172077,-0.183151,-0.578754
-1.206607,0.007328,-0.031746,2.171696,-0.124544,-0.818070
-1.206607,-0.007326,-0.026862,2.171696,-0.036633,-0.993895
-1.206607,0.007328,-0.026862,2.172077,0.036631,-1.062271
-1.206607,0.007328,-0.026862,2.172840,0.153847,-0.989011
-1.206607,-0.007326,-0.031746,2.173985,0.212454,-0.803419
-1.206607,-0.021978,-0.041514,2.174748,0.197802,-0.598290
-1.206607,-0.007326,-0.046398,2.174366,0.065933,-0.398046
-1.206607,-0.007326,-0.051282,2.173985,-0.036633,-0.256411
-1.206607,-0.021978,-0.056166,2.173603,-0.095240,-0.212454
-1.206607,-0.021978,-0.046398,2.172840,-0.095240,-0.295483
-1.206607,0.007328,-0.041514,2.172459,-0.095240,-0.495727
-1.206607,-0.007326,-0.031746,2.172077,-0.080587,-0.739926
-1.206607,0.007328,-0.026862,2.172459,0.007326,-0.945055
-1.206607,-0.007326,-0.021978,2.173222,0.080585,-1.047619
-1.206607,-0.007326,-0.026862,2.174366,0.212454,-1.018315
-1.206607,-0.007326,-0.031746,2.175129,0.241758,-0.901099
-1.206607,-0.021978,-0.036630,2.175892,0.212454,-0.691087
-1.206607,-0.021978,-0.046398,2.176656,0.183149,-0.461538
-1.206607,-0.007326,-0.051282,2.176656,0.109890,-0.295483
-1.206607,-0.021978,-0.056166,2.176274,-0.036633,-0.222222
-1.206607,0.007328,-0.051282,2.175511,-0.124544,-0.271062
-1.206607,-0.007326,-0.041514,2.174366,-0.197803,-0.437119
-1.206607,0.007328,-0.036630,2.173985,-0.153849,-0.647131
-1.206607,0.007328,-0.026862,2.173985,-0.036633,-0.866911
-1.206607,0.007328,-0.021978,2.174366,0.007326,-1.032967
-1.206607,0.007328,-0.021978,2.174748,0.065933,-1.067155
-1.206607,-0.021978,-0.031746,2.175129,0.080585,-0.969475
-1.206607,-0.007326,-0.036630,2.175511,0.109890,-0.769231
-1.206607,-0.007326,-0.046398,2.175892,0.065933,-0.534799
-1.206607,-0.021978,-0.056166,2.175511,0.007326,-0.339438
-1.206607,-0.007326,-0.056166,2.174748,-0.124544,-0.241758
-1.206607,0.007328,-0.056166,2.173222,-0.241760,-0.241758
-1.206607,-0.007326,-0.051282,2.172459,-0.241760,-0.354091
-1.206607,-0.007326,-0.041514,2.171314,-0.227108,-0.573871
-1.206607,0.007328,-0.031746,2.170933,-0.183151,-0.803419
-1.206607,-0.007326,-0.026862,2.170933,-0.080587,-0.979243
-1.206607,-0.007326,-0.021978,2.171314,0.021978,-1.062271
-1.206607,-0.007326,-0.026862,2.171696,0.080585,-1.003663
-1.206607,-0.007326,-0.031746,2.172459,0.168499,-0.832723
-1.206607,-0.007326,-0.041514,2.173222,0.153847,-0.603174
-1.206607,-0.021978,-0.051282,2.173222,0.080585,-0.393163
-1.206607,-0.021978,-0.051282,2.172840,-0.007328,-0.256411
-1.206607,-0.007326,-0.051282,2.172077,-0.124544,-0.227106
-1.206607,-0.007326,-0.046398,2.170933,-0.212456,-0.315019
-1.206607,0.007328,-0.041514,2.170170,-0.183151,-0.481074
-1.206607,-0.007326,-0.031746,2.170170,-0.080587,-0.705739
-1.206607,0.007328,-0.026862,2.170170,-0.021980,-0.935287
-1.206607,-0.007326,-0.021978,2.170552,0.036631,-1.057387
-1.206607,-0.007326,-0.021978,2.170933,0.095238,-1.047619
-1.206607,-0.021978,-0.031746,2.171696,0.139194,-0.905983
-1.206607,-0.021978,-0.036630,2.172459,0.183149,-0.681318
-1.206607,-0.007326,-0.046398,2.172840,0.139194,-0.451771
-1.206607,-0.007326,-0.051282,2.172840,0.051283,-0.290598
-1.206607,-0.007326,-0.056166,2.172077,-0.095240,-0.231990
-1.206607,-0.007326,-0.051282,2.170552,-0.212456,-0.280830
-1.206607,-0.007326,-0.046398,2.169789,-0.197803,-0.417583
-1.206607,0.007328,-0.036630,2.169789,-0.080587,-0.632479
-1.206607,-0.021978,-0.031746,2.169789,-0.021980,-0.876678
-1.206607,-0.007326,-0.026862,2.170170,0.021978,-1.037851
-1.206607,-0.007326,-0.026862,2.170552,0.080585,-1.062271
-1.206607,-0.007326,-0.031746,2.171314,0.124542,-0.954823
-1.206607,-0.021978,-0.036630,2.172077,0.183149,-0.744811
-1.206607,-0.007326,-0.046398,2.172840,0.197802,-0.510379
-1.206607,-0.021978,-0.051282,2.173222,0.124542,-0.329670
-1.206607,0.007328,-0.056166,2.172459,-0.021980,-0.236875
-1.206607,-0.007326,-0.051282,2.171696,-0.153849,-0.256411
-1.206607,-0.007326,-0.046398,2.170552,-0.241760,-0.373627
-1.206607,-0.007326,-0.036630,2.170170,-0.139196,-0.564102
-1.206607,0.007328,-0.031746,2.170170,-0.036633,-0.803419
-1.206607,0.007328,-0.026862,2.170170,-0.007328,-1.003663
-1.206607,-0.021978,-0.026862,2.170552,0.051283,-1.067155
-1.206225,0.007328,-0.026862,2.171314,0.109890,-1.003663
-1.206607,-0.007326,-0.031746,2.171696,0.139194,-0.822955
-1.206607,-0.021978,-0.041514,2.172459,0.153847,-0.583638
-1.206607,-0.007326,-0.051282,2.172459,0.080585,-0.373627
-1.206607,-0.021978,-0.051282,2.172077,-0.036633,-0.256411
-1.206607,-0.007326,-0.056166,2.170552,-0.212456,-0.241758
-1.206607,0.007328,-0.051282,2.169789,-0.227108,-0.310134
-1.206607,-0.007326,-0.046398,2.169407,-0.124544,-0.495727
-1.206607,-0.007326,-0.036630,2.169407,-0.051285,-0.744811
-1.206607,0.007328,-0.031746,2.169407,-0.007328,-0.964591
-1.206607,0.007328,-0.026862,2.169789,0.065933,-1.057387
-1.206607,-0.007326,-0.026862,2.170933,0.153847,-1.023199
-1.206607,-0.007326,-0.031746,2.171696,0.212454,-0.871795
-1.206607,-0.021978,-0.041514,2.172840,0.256411,-0.637362
-1.206607,-0.007326,-0.046398,2.173603,0.227106,-0.412699
-1.206607,-0.021978,-0.051282,2.173603,0.095238,-0.280830
-1.206607,-0.007326,-0.051282,2.172840,-0.051285,-0.231990
-1.206607,0.007328,-0.051282,2.172459,-0.109892,-0.295483
-1.206607,-0.007326,-0.041514,2.171696,-0.124544,-0.471307
-1.206607,-0.007326,-0.031746,2.171696,-0.065935,-0.700854
-1.206607,-0.007326,-0.026862,2.171696,-0.007328,-0.920635
-1.206607,-0.007326,-0.021978,2.172077,0.036631,-1.052503
-1.206607,0.007328,-0.026862,2.172840,0.139194,-1.037851
-1.206607,0.007328,-0.026862,2.173985,0.197802,-0.905983
-1.206607,-0.036631,-0.036630,2.174748,0.197802,-0.710623
-1.206607,-0.007326,-0.046398,2.174748,0.109890,-0.490843
-1.206607,-0.007326,-0.051282,2.174366,-0.021980,-0.305250
-1.206607,-0.021978,-0.056166,2.173603,-0.095240,-0.212454
-1.206607,-0.007326,-0.051282,2.173222,-0.109892,-0.246642
-1.206607,-0.007326,-0.046398,2.172459,-0.124544,-0.412699
-1.206607,-0.007326,-0.041514,2.172077,-0.139196,-0.652015
-1.206607,0.007328,-0.031746,2.171696,-0.095240,-0.871795
-1.206225,-0.007326,-0.026862,2.172077,0.007326,-1.023199
-1.206607,-0.007326,-0.026862,2.172840,0.095238,-1.047619
-1.206607,0.007328,-0.026862,2.173985,0.197802,-0.940171
-1.206607,-0.007326,-0.036630,2.174748,0.256411,-0.759462
-1.206607,-0.021978,-0.046398,2.175129,0.124542,-0.544566
-1.206607,-0.007326,-0.046398,2.174748,0.007326,-0.344322
-1.206607,0.007328,-0.051282,2.173985,-0.080587,-0.227106
-1.206607,-0.021978,-0.051282,2.173603,-0.124544,-0.227106
-1.206607,-0.007326,-0.046398,2.172840,-0.124544,-0.368742
-1.206607,-0.007326,-0.041514,2.172459,-0.124544,-0.593407
-1.206225,0.007328,-0.031746,2.172077,-0.080587,-0.827839
-1.206607,-0.007326,-0.026862,2.172459,0.007326,-0.998779
-1.206225,0.007328,-0.021978,2.172840,0.080585,-1.052503
-1.206607,-0.007326,-0.026862,2.173985,0.183149,-0.969475
-1.206607,-0.007326,-0.031746,2.174748,0.227106,-0.808303
-1.206607,-0.021978,-0.041514,2.175129,0.139194,-0.593407
-1.206607,-0.007326,-0.046398,2.175129,0.051283,-0.383394
-1.206607,-0.007326,-0.051282,2.174748,-0.051285,-0.251526
-1.206607,-0.007326,-0.051282,2.173985,-0.124544,-0.222222
-1.206607,0.007328,-0.046398,2.173222,-0.153849,-0.324786
-1.206607,0.007328,-0.041514,2.172459,-0.153849,-0.539682
-1.206607,-0.007326,-0.031746,2.172077,-0.109892,-0.778998
-1.206225,0.007328,-0.026862,2.172459,-0.036633,-0.969475
-1.206607,0.007328,-0.026862,2.172840,0.051283,-1.057387
-1.206607,0.007328,-0.026862,2.173603,0.153847,-0.998779
-1.206607,-0.021978,-0.031746,2.174748,0.256411,-0.842491
-1.206607,-0.007326,-0.041514,2.175129,0.168499,-0.637362
-1.206607,-0.021978,-0.046398,2.175129,0.065933,-0.417583
-1.206607,-0.007326,-0.056166,2.174748,-0.007328,-0.271062
-1.206607,0.007328,-0.056166,2.173985,-0.124544,-0.222222
-1.206607,-0.007326,-0.051282,2.173222,-0.139196,-0.295483
-1.206607,-0.007326,-0.041514,2.172840,-0.139196,-0.490843
-1.206607,-0.007326,-0.031746,2.172459,-0.124544,-0.735043
-1.206607,-0.007326,-0.021978,2.172459,-0.036633,-0.940171
-1.206607,0.007328,-0.021978,2.172840,0.051283,-1.047619
-1.206607,-0.007326,-0.021978,2.173603,0.139194,-1.018315
-1.206607,-0.007326,-0.026862,2.174748,0.212454,-0.876678
-1.206607,-0.021978,-0.036630,2.175129,0.197802,-0.676435
-1.206607,-0.021978,-0.046398,2.175511,0.095238,-0.456655
-1.206607,-0.007326,-0.056166,2.175129,-0.007328,-0.290598
-1.206607,-0.007326,-0.056166,2.174366,-0.109892,-0.222222
-1.206607,-0.007326,-0.051282,2.173222,-0.168499,-0.271062
-1.206607,0.007328,-0.046398,2.172840,-0.139196,-0.446886
-1.206607,-0.007326,-0.036630,2.172459,-0.124544,-0.691087
-1.206607,-0.007326,-0.026862,2.172077,-0.065935,-0.905983
-1.206225,-0.007326,-0.026862,2.172459,0.021978,-1.042735
-1.206607,0.007328,-0.026862,2.173222,0.109890,-1.037851
-1.206607,-0.007326,-0.031746,2.174366,0.227106,-0.905983
-1.206607,-0.021978,-0.036630,2.175129,0.227106,-0.710623
-1.206607,-0.021978,-0.046398,2.175129,0.109890,-0.490843
-1.206607,-0.021978,-0.051282,2.175129,0.021978,-0.310134
-1.206607,-0.021978,-0.051282,2.174366,-0.109892,-0.227106
-1.206607,-0.007326,-0.051282,2.173603,-0.153849,-0.251526
-1.206607,-0.007326,-0.046398,2.172840,-0.153849,-0.412699
-1.206607,-0.007326,-0.036630,2.172459,-0.109892,-0.647131
-1.206607,0.021980,-0.026862,2.172459,-0.065935,-0.876678
-1.206607,-0.007326,-0.021978,2.172840,0.021978,-1.028083
-1.206225,-0.007326,-0.021978,2.173222,0.109890,-1.047619
-1.206607,0.007328,-0.026862,2.174366,0.197802,-0.940171
-1.206607,-0.007326,-0.031746,2.175129,0.212454,-0.749695
-1.206607,-0.007326,-0.041514,2.175511,0.124542,-0.525030
-1.206607,-0.007326,-0.046398,2.175511,0.036631,-0.329670
-1.206607,-0.021978,-0.051282,2.174748,-0.065935,-0.236875
-1.206607,-0.007326,-0.051282,2.173985,-0.168499,-0.246642
-1.206607,-0.007326,-0.046398,2.173222,-0.153849,-0.383394
-1.206607,-0.021978,-0.041514,2.172840,-0.139196,-0.608059
-1.206607,0.007328,-0.031746,2.172459,-0.051285,-0.837606
-1.206607,0.007328,-0.026862,2.172840,0.007326,-1.008547
-1.206607,0.007328,-0.021978,2.173222,0.080585,-1.052503
-1.206607,-0.007326,-0.026862,2.174366,0.168499,-0.959707
-1.206607,-0.007326,-0.031746,2.175129,0.197802,-0.778998
-1.206607,-0.007326,-0.041514,2.175511,0.153847,-0.554335
-1.206607,-0.007326,-0.051282,2.175511,0.051283,-0.354091
-1.206607,-0.007326,-0.051282,2.174748,-0.051285,-0.241758
-1.206607,-0.007326,-0.051282,2.173985,-0.168499,-0.236875
-1.206607,-0.007326,-0.051282,2.173222,-0.153849,-0.354091
-1.206607,-0.007326,-0.041514,2.172840,-0.124544,-0.573871
-1.206607,-0.007326,-0.031746,2.172840,-0.065935,-0.813187
-1.206607,-0.007326,-0.026862,2.172840,-0.007328,-0.998779
-1.206607,-0.007326,-0.021978,2.173222,0.065933,-1.057387
-1.206607,-0.007326,-0.026862,2.174366,0.168499,-0.979243
-1.206607,-0.021978,-0.031746,2.175129,0.197802,-0.808303
-1.206607,-0.007326,-0.041514,2.175511,0.168499,-0.583638
-1.206607,-0.007326,-0.051282,2.175511,0.080585,-0.378510
-1.206607,-0.021978,-0.056166,2.175129,-0.021980,-0.251526
-1.206607,0.007328,-0.056166,2.173985,-0.168499,-0.241758
-1.206607,0.007328,-0.046398,2.173222,-0.197803,-0.334555
-1.206607,-0.007326,-0.041514,2.172840,-0.139196,-0.544566
-1.206607,0.007328,-0.031746,2.172840,-0.080587,-0.783883
-1.206607,-0.007326,-0.026862,2.172840,-0.021980,-0.979243
-1.206607,0.007328,-0.026862,2.173222,0.051283,-1.062271
-1.206225,-0.007326,-0.026862,2.173985,0.153847,-0.993895
-1.206607,-0.021978,-0.031746,2.174748,0.212454,-0.832723
-1.206607,-0.007326,-0.036630,2.175511,0.153847,-0.608059
-1.206607,0.007328,-0.046398,2.175511,0.095238,-0.393163
-1.206607,-0.021978,-0.051282,2.175129,-0.021980,-0.261294
-1.206607,-0.007326,-0.051282,2.174366,-0.139196,-0.231990
-1.206607,0.007328,-0.051282,2.173222,-0.183151,-0.319902
-1.206607,0.007328,-0.046398,2.172840,-0.124544,-0.515263
-1.206607,-0.007326,-0.036630,2.172840,-0.065935,-0.759462
-1.206607,-0.007326,-0.026862,2.172840,-0.007328,-0.964591
-1.206607,-0.007326,-0.021978,2.173222,0.036631,-1.057387
-1.206607,-0.007326,-0.021978,2.173985,0.139194,-1.008547
-1.206607,-0.007326,-0.026862,2.174748,0.197802,-0.852259
-1.206607,-0.021978,-0.036630,2.175511,0.183149,-0.632479
-1.206607,-0.007326,-0.046398,2.175892,0.124542,-0.412699
-1.206607,0.007328,-0.051282,2.175511,0.007326,-0.271062
-1.206607,-0.007326,-0.051282,2.174366,-0.139196,-0.236875
-1.206607,0.007328,-0.051282,2.173603,-0.212456,-0.310134
-1.206607,-0.007326,-0.041514,2.173222,-0.139196,-0.490843
-1.206607,-0.007326,-0.031746,2.172840,-0.095240,-0.730159
-1.206607,-0.021978,-0.026862,2.172840,0.007326,-0.945055
-1.206607,-0.007326,-0.021978,2.173222,0.036631,-1.052503
-1.206607,0.007328,-0.021978,2.173985,0.124542,-1.018315
-1.206607,-0.007326,-0.026862,2.174748,0.183149,-0.871795
-1.206607,-0.021978,-0.036630,2.175511,0.168499,-0.647131
-1.206607,-0.021978,-0.046398,2.175511,0.109890,-0.427350
-1.206607,-0.007326,-0.051282,2.175511,0.007326,-0.275947
-1.206607,-0.007326,-0.051282,2.174366,-0.139196,-0.231990
-1.206607,0.007328,-0.051282,2.173603,-0.183151,-0.290598
-1.206607,0.007328,-0.046398,2.173222,-0.139196,-0.471307
-1.206607,0.007328,-0.036630,2.172840,-0.095240,-0.710623
-1.206607,-0.007326,-0.026862,2.172840,-0.021980,-0.930403
-1.206607,0.007328,-0.026862,2.173222,0.036631,-1.052503
-1.206225,0.007328,-0.026862,2.173985,0.124542,-1.028083
-1.206607,-0.021978,-0.026862,2.174748,0.197802,-0.881563
-1.206607,-0.036631,-0.036630,2.175511,0.197802,-0.666667
-1.206607,-0.007326,-0.046398,2.175511,0.124542,-0.442002
-1.206607,-0.021978,-0.051282,2.175511,0.021978,-0.285714
-1.206607,-0.007326,-0.056166,2.174748,-0.095240,-0.231990
-1.206607,-0.007326,-0.051282,2.173603,-0.212456,-0.290598
-1.206607,0.007328,-0.046398,2.173222,-0.153849,-0.456655
-1.206607,-0.007326,-0.036630,2.172840,-0.095240,-0.695971
-1.206607,-0.007326,-0.031746,2.172840,-0.036633,-0.920635
-1.206607,0.007328,-0.026862,2.173222,0.021978,-1.052503
-1.206607,-0.007326,-0.026862,2.173603,0.109890,-1.032967
-1.206607,-0.021978,-0.026862,2.174748,0.183149,-0.891331
-1.206607,-0.021978,-0.036630,2.175511,0.183149,-0.681318
-1.206607,-0.036631,-0.046398,2.175511,0.124542,-0.451771
-1.206607,-0.007326,-0.051282,2.175129,-0.007328,-0.290598
-1.206607,-0.007326,-0.051282,2.174748,-0.095240,-0.231990
-1.206607,-0.007326,-0.051282,2.173603,-0.197803,-0.280830
-1.206607,0.007328,-0.046398,2.172840,-0.139196,-0.451771
-1.206607,0.007328,-0.036630,2.172840,-0.080587,-0.686203
-1.206607,0.007328,-0.026862,2.172840,-0.036633,-0.910867
-1.206607,-0.007326,-0.021978,2.173222,0.036631,-1.042735
-1.206607,0.007328,-0.026862,2.173603,0.109890,-1.032967
-1.206607,-0.007326,-0.026862,2.174748,0.168499,-0.901099
-1.206607,-0.021978,-0.036630,2.175511,0.183149,-0.691087
-1.206607,-0.007326,-0.041514,2.175511,0.124542,-0.461538
-1.206607,-0.007326,-0.051282,2.175511,0.021978,-0.295483
-1.206607,-0.007326,-0.051282,2.174748,-0.109892,-0.231990
-1.206607,0.007328,-0.051282,2.173603,-0.197803,-0.275947
-1.206607,-0.007326,-0.046398,2.173222,-0.124544,-0.442002
-1.206607,0.007328,-0.036630,2.172840,-0.109892,-0.676435
-1.206607,-0.007326,-0.031746,2.172840,-0.021980,-0.905983
-1.206607,-0.007326,-0.021978,2.173222,0.021978,-1.047619
-1.206225,-0.007326,-0.026862,2.173603,0.095238,-1.037851
-1.206607,-0.007326,-0.026862,2.174748,0.168499,-0.910867
-1.206607,-0.021978,-0.031746,2.175129,0.168499,-0.695971
-1.206607,-0.021978,-0.041514,2.175511,0.109890,-0.466422
-1.206607,-0.021978,-0.046398,2.175511,0.036631,-0.300366
-1.206607,-0.007326,-0.051282,2.174748,-0.095240,-0.231990
-1.206607,-0.021978,-0.051282,2.173603,-0.183151,-0.275947
-1.206607,-0.007326,-0.046398,2.173222,-0.153849,-0.437119
-1.206607,0.007328,-0.036630,2.172840,-0.095240,-0.671551
-1.206607,-0.007326,-0.031746,2.172840,-0.036633,-0.901099
-1.206607,-0.007326,-0.021978,2.172840,0.007326,-1.042735
-1.206607,0.007328,-0.021978,2.173603,0.124542,-1.037851
-1.206607,-0.021978,-0.026862,2.174748,0.183149,-0.910867
-1.206607,-0.007326,-0.036630,2.175511,0.183149,-0.700854
-1.206607,-0.021978,-0.041514,2.175511,0.139194,-0.471307
-1.206607,-0.007326,-0.051282,2.175511,0.021978,-0.300366
-1.206607,-0.021978,-0.051282,2.174748,-0.095240,-0.231990
-1.206607,0.007328,-0.051282,2.173603,-0.183151,-0.275947
-1.206607,0.007328,-0.046398,2.173222,-0.153849,-0.437119
-1.206607,0.007328,-0.036630,2.172840,-0.080587,-0.671551
-1.206607,-0.007326,-0.031746,2.172840,-0.021980,-0.901099
-1.206225,-0.007326,-0.026862,2.173222,0.021978,-1.042735
-1.206607,0.007328,-0.026862,2.173985,0.109890,-1.042735
-1.206607,-0.007326,-0.026862,2.174748,0.183149,-0.910867
-1.206607,-0.021978,-0.036630,2.175511,0.168499,-0.700854
-1.206607,-0.021978,-0.046398,2.175511,0.109890,-0.471307
-1.206607,-0.007326,-0.051282,2.175511,0.021978,-0.300366
-1.206607,-0.036631,-0.056166,2.174748,-0.095240,-0.231990
-1.206607,-0.007326,-0.051282,2.173603,-0.197803,-0.275947
-1.206607,0.007328,-0.046398,2.172840,-0.153849,-0.437119
-1.206607,-0.007326,-0.036630,2.172840,-0.095240,-0.671551
-1.206607,-0.007326,-0.031746,2.172840,-0.036633,-0.905983
-1.206607,-0.007326,-0.026862,2.173222,0.021978,-1.042735
-1.206607,0.007328,-0.026862,2.173603,0.095238,-1.037851
-1.206607,-0.007326,-0.026862,2.174748,0.183149,-0.905983
-1.206607,-0.007326,-0.036630,2.175129,0.183149,-0.695971
-1.206607,-0.021978,-0.041514,2.175511,0.109890,-0.466422
-1.206607,0.007328,-0.051282,2.175511,0.021978,-0.295483
-1.206607,-0.007326,-0.051282,2.174366,-0.095240,-0.231990
-1.206607,-0.007326,-0.051282,2.173603,-0.183151,-0.275947
-1.206607,0.007328,-0.046398,2.173222,-0.153849,-0.442002
-1.206607,-0.007326,-0.036630,2.172840,-0.080587,-0.681318
-1.206607,-0.007326,-0.026862,2.172840,-0.036633,-0.905983
-1.206607,-0.007326,-0.026862,2.173222,0.007326,-1.042735
-1.206607,-0.007326,-0.026862,2.173985,0.109890,-1.037851
-1.206607,-0.007326,-0.026862,2.174748,0.183149,-0.901099
-1.206607,-0.036631,-0.036630,2.175511,0.168499,-0.691087
-1.206607,-0.021978,-0.041514,2.175511,0.109890,-0.461538
-1.206607,-0.021978,-0.046398,2.175511,0.021978,-0.295483
-1.206607,-0.007326,-0.051282,2.174366,-0.095240,-0.231990
-1.206607,-0.007326,-0.051282,2.173603,-0.197803,-0.285714
-1.206607,0.007328,-0.041514,2.173222,-0.153849,-0.446886
-1.206607,0.007328,-0.036630,2.172840,-0.095240,-0.686203
-1.206607,-0.007326,-0.031746,2.172840,-0.007328,-0.915751
-1.206607,0.007328,-0.026862,2.173222,0.036631,-1.047619
-1.206607,-0.007326,-0.026862,2.173603,0.109890,-1.032967
-1.206607,-0.007326,-0.026862,2.174748,0.168499,-0.891331
-1.206607,-0.007326,-0.036630,2.175511,0.183149,-0.681318
-1.206607,-0.007326,-0.046398,2.175511,0.109890,-0.451771
-1.206607,-0.007326,-0.051282,2.175129,0.007326,-0.290598
-1.206607,-0.007326,-0.051282,2.174366,-0.095240,-0.231990
-1.206607,-0.021978,-0.051282,2.173603,-0.168499,-0.285714
-1.206607,-0.007326,-0.046398,2.172840,-0.153849,-0.461538
-1.206607,-0.007326,-0.036630,2.172840,-0.080587,-0.700854
-1.206607,-0.007326,-0.026862,2.172840,-0.021980,-0.925519
-1.206607,-0.007326,-0.021978,2.173222,0.036631,-1.052503
-1.206607,-0.007326,-0.021978,2.173985,0.124542,-1.028083
-1.206607,0.007328,-0.026862,2.174748,0.197802,-0.881563
-1.206607,-0.021978,-0.036630,2.175511,0.168499,-0.666667
-1.206607,-0.021978,-0.041514,2.175511,0.109890,-0.437119
-1.206607,-0.021978,-0.051282,2.175129,0.007326,-0.280830
-1.206607,-0.007326,-0.051282,2.174366,-0.109892,-0.231990
-1.206607,-0.007326,-0.051282,2.173603,-0.183151,-0.295483
-1.206607,0.007328,-0.046398,2.172840,-0.153849,-0.476191
-1.206607,-0.007326,-0.036630,2.172840,-0.080587,-0.715507
-1.206607,-0.007326,-0.026862,2.172840,-0.007328,-0.935287
-1.206607,-0.007326,-0.026862,2.173222,0.036631,-1.052503
-1.206607,0.007328,-0.026862,2.173985,0.109890,-1.023199
-1.206607,-0.007326,-0.031746,2.174748,0.183149,-0.871795
-1.206607,-0.007326,-0.036630,2.175129,0.168499,-0.647131
-1.206607,-0.007326,-0.046398,2.175511,0.095238,-0.427350
-1.206607,-0.007326,-0.051282,2.175129,-0.007328,-0.275947
-1.206607,-0.021978,-0.051282,2.174366,-0.124544,-0.231990
-1.206607,0.007328,-0.051282,2.173603,-0.168499,-0.305250
-1.206607,-0.007326,-0.046398,2.173222,-0.139196,-0.495727
-1.206607,0.007328,-0.036630,2.172840,-0.080587,-0.739926
-1.206607,0.007328,-0.026862,2.172840,-0.007328,-0.954823
-1.206607,-0.007326,-0.021978,2.173222,0.051283,-1.052503
-1.206225,-0.021978,-0.026862,2.173985,0.139194,-1.013431
-1.206607,-0.021978,-0.031746,2.174748,0.183149,-0.852259
-1.206607,-0.021978,-0.036630,2.175511,0.139194,-0.627595
-1.206607,-0.007326,-0.046398,2.175511,0.109890,-0.407814
-1.206607,-0.007326,-0.051282,2.175129,-0.007328,-0.266178
-1.206607,-0.007326,-0.051282,2.174366,-0.153849,-0.231990
-1.206607,-0.007326,-0.046398,2.173222,-0.168499,-0.315019
-1.206607,-0.007326,-0.041514,2.173222,-0.124544,-0.510379
-1.206607,-0.007326,-0.031746,2.172840,-0.065935,-0.759462
-1.206607,-0.007326,-0.026862,2.173222,-0.007328,-0.969475
-1.206607,-0.007326,-0.021978,2.173222,0.051283,-1.057387
-1.206607,0.007328,-0.021978,2.173985,0.139194,-0.998779
-1.206607,-0.007326,-0.031746,2.175129,0.183149,-0.832723
-1.206607,-0.036631,-0.036630,2.175511,0.139194,-0.603174
-1.206607,-0.021978,-0.046398,2.175511,0.080585,-0.388278
-1.206607,-0.007326,-0.051282,2.175129,-0.021980,-0.256411
-1.206607,-0.007326,-0.051282,2.173985,-0.153849,-0.236875
-1.206607,-0.007326,-0.051282,2.173222,-0.153849,-0.329670
-1.206607,-0.007326,-0.041514,2.172840,-0.109892,-0.539682
-1.206607,-0.007326,-0.036630,2.172840,-0.051285,-0.783883
-1.206607,-0.007326,-0.026862,2.172840,-0.007328,-0.984127
-1.206607,-0.007326,-0.026862,2.173222,0.065933,-1.057387
-1.206607,0.007328,-0.026862,2.174366,0.153847,-0.984127
-1.206607,0.007328,-0.031746,2.175129,0.183149,-0.808303
-1.206607,-0.007326,-0.036630,2.175511,0.153847,-0.573871
-1.206607,-0.021978,-0.046398,2.175511,0.065933,-0.368742
-1.206607,-0.007326,-0.051282,2.174748,-0.036633,-0.246642
-1.206607,-0.007326,-0.051282,2.173985,-0.153849,-0.241758
-1.206607,-0.007326,-0.046398,2.173222,-0.153849,-0.354091
-1.206607,-0.007326,-0.036630,2.173222,-0.124544,-0.568987
-1.206607,0.007328,-0.031746,2.172840,-0.036633,-0.813187
-1.206607,-0.007326,-0.026862,2.173222,0.007326,-1.003663
-1.206607,0.007328,-0.021978,2.173603,0.065933,-1.057387
-1.206607,0.007328,-0.026862,2.174366,0.153847,-0.969475
-1.206607,-0.021978,-0.026862,2.175129,0.183149,-0.778998
-1.206607,-0.021978,-0.036630,2.175511,0.139194,-0.544566
-1.206607,-0.007326,-0.046398,2.175511,0.051283,-0.344322
-1.206607,-0.007326,-0.051282,2.174748,-0.051285,-0.241758
-1.206607,-0.007326,-0.051282,2.173985,-0.153849,-0.246642
-1.206607,-0.007326,-0.046398,2.173222,-0.139196,-0.378510
-1.206607,-0.007326,-0.041514,2.172840,-0.109892,-0.603174
-1.206607,0.007328,-0.031746,2.172840,-0.036633,-0.847375
-1.206607,-0.007326,-0.026862,2.173222,0.036631,-1.018315
-1.206607,-0.007326,-0.026862,2.173603,0.065933,-1.052503
-1.206607,-0.007326,-0.026862,2.174366,0.183149,-0.945055
-1.206607,-0.021978,-0.031746,2.175129,0.168499,-0.749695
-1.206607,-0.021978,-0.041514,2.175511,0.139194,-0.515263
-1.206607,-0.021978,-0.046398,2.175511,0.036631,-0.329670
-1.206607,-0.007326,-0.051282,2.174748,-0.080587,-0.236875
-1.206607,-0.007326,-0.051282,2.173603,-0.153849,-0.261294
-1.206607,-0.007326,-0.046398,2.173222,-0.153849,-0.407814
-1.206607,-0.007326,-0.041514,2.172840,-0.095240,-0.642246
-1.206607,0.007328,-0.031746,2.172840,-0.021980,-0.876678
-1.206607,-0.007326,-0.021978,2.173222,0.007326,-1.032967
-1.206607,-0.007326,-0.026862,2.173603,0.080585,-1.047619
-1.206607,0.007328,-0.026862,2.174748,0.168499,-0.925519
-1.206607,-0.021978,-0.031746,2.175129,0.183149,-0.715507
-1.206607,-0.021978,-0.041514,2.175511,0.095238,-0.481074
-1.206607,0.007328,-0.046398,2.175129,0.007326,-0.305250
-1.206607,-0.021978,-0.051282,2.174366,-0.080587,-0.231990
-1.206607,0.007328,-0.051282,2.173603,-0.168499,-0.271062
-1.206607,0.007328,-0.046398,2.173222,-0.139196,-0.437119
-1.206607,-0.007326,-0.036630,2.172840,-0.080587,-0.681318
-1.206607,-0.007326,-0.031746,2.172840,-0.007328,-0.910867
-1.206607,-0.007326,-0.026862,2.173222,0.021978,-1.042735
-1.206607,0.007328,-0.026862,2.173603,0.095238,-1.028083
-1.206607,-0.007326,-0.026862,2.174748,0.197802,-0.886447
-1.206607,-0.007326,-0.036630,2.175129,0.168499,-0.676435
-1.206607,-0.021978,-0.046398,2.175511,0.095238,-0.446886
-1.206607,-0.007326,-0.051282,2.175129,-0.007328,-0.285714
-1.206607,-0.007326,-0.051282,2.174366,-0.109892,-0.231990
-1.206607,-0.007326,-0.051282,2.173603,-0.168499,-0.295483
-1.206607,0.007328,-0.041514,2.173222,-0.109892,-0.481074
-1.206607,-0.007326,-0.036630,2.173222,-0.065935,-0.725275
-1.206607,-0.007326,-0.026862,2.173222,-0.007328,-0.945055
-1.206607,-0.007326,-0.026862,2.173222,0.036631,-1.052503
-1.206607,0.007328,-0.026862,2.173985,0.124542,-1.018315
-1.206607,-0.021978,-0.031746,2.174748,0.168499,-0.857142
-1.206607,-0.021978,-0.036630,2.175511,0.139194,-0.627595
-1.206607,-0.021978,-0.041514,2.175511,0.080585,-0.407814
-1.206607,-0.007326,-0.051282,2.175129,-0.021980,-0.266178
-1.206607,-0.007326,-0.051282,2.173985,-0.124544,-0.231990
-1.206607,0.007328,-0.046398,2.173603,-0.153849,-0.319902
-1.206607,-0.007326,-0.041514,2.173222,-0.109892,-0.525030
-1.206607,-0.007326,-0.036630,2.172840,-0.036633,-0.769231
-1.206607,0.007328,-0.031746,2.173222,-0.007328,-0.974359
-1.206607,-0.007326,-0.026862,2.173222,0.051283,-1.057387
-1.206607,0.007328,-0.026862,2.174366,0.139194,-0.989011
-1.206607,-0.007326,-0.031746,2.174748,0.183149,-0.813187
-1.206607,-0.007326,-0.036630,2.175511,0.139194,-0.578754
-1.206607,-0.007326,-0.041514,2.175129,0.065933,-0.373627
-1.206607,-0.007326,-0.051282,2.174748,-0.051285,-0.251526
-1.206607,-0.007326,-0.051282,2.173985,-0.153849,-0.241758
-1.206607,-0.021978,-0.046398,2.173222,-0.153849,-0.358974
-1.206607,0.007328,-0.041514,2.173222,-0.095240,-0.578754
-1.206607,-0.007326,-0.036630,2.173222,-0.036633,-0.822955
-1.206607,0.007328,-0.026862,2.173222,-0.007328,-1.008547
-1.206607,0.007328,-0.021978,2.173603,0.065933,-1.057387
-1.206607,-0.007326,-0.021978,2.174366,0.153847,-0.959707
-1.206607,-0.021978,-0.031746,2.175129,0.168499,-0.769231
-1.206607,-0.007326,-0.036630,2.175511,0.124542,-0.534799
-1.206607,-0.007326,-0.046398,2.175129,0.051283,-0.334555
-1.206607,-0.021978,-0.051282,2.174748,-0.051285,-0.236875
-1.206607,0.007328,-0.051282,2.173985,-0.139196,-0.256411
-1.206607,-0.007326,-0.046398,2.173222,-0.139196,-0.393163
-1.206607,0.007328,-0.041514,2.172840,-0.095240,-0.627595
-1.206607,-0.007326,-0.031746,2.172840,-0.036633,-0.871795
-1.206225,0.007328,-0.026862,2.173222,0.021978,-1.032967
-1.206607,-0.007326,-0.026862,2.173603,0.080585,-1.042735
-1.206607,-0.007326,-0.026862,2.174366,0.153847,-0.920635
-1.206607,-0.007326,-0.036630,2.175129,0.168499,-0.715507
-1.206607,-0.021978,-0.041514,2.175129,0.095238,-0.481074
-1.206607,-0.007326,-0.046398,2.175129,0.007326,-0.305250
-1.206607,-0.021978,-0.051282,2.174366,-0.109892,-0.231990
-1.206607,-0.007326,-0.051282,2.173603,-0.168499,-0.275947
-1.206607,-0.007326,-0.046398,2.173222,-0.124544,-0.442002
-1.206607,-0.007326,-0.041514,2.172840,-0.065935,-0.686203
-1.206607,-0.007326,-0.031746,2.173222,-0.007328,-0.915751
-1.206607,0.007328,-0.026862,2.173222,0.021978,-1.047619
-1.206607,-0.007326,-0.026862,2.173985,0.109890,-1.023199
-1.206607,-0.021978,-0.026862,2.174748,0.168499,-0.881563
-1.206607,-0.007326,-0.036630,2.175129,0.153847,-0.661782
-1.206607,-0.021978,-0.041514,2.175511,0.080585,-0.432235
-1.206607,-0.021978,-0.051282,2.175129,-0.007328,-0.275947
-1.206607,-0.007326,-0.051282,2.174366,-0.124544,-0.231990
-1.206607,-0.007326,-0.051282,2.173603,-0.153849,-0.305250
-1.206607,0.007328,-0.041514,2.173222,-0.109892,-0.500610
-1.206607,-0.007326,-0.036630,2.172840,-0.065935,-0.749695
-1.206607,-0.007326,-0.031746,2.173222,-0.007328,-0.964591
-1.206607,0.007328,-0.026862,2.173222,0.036631,-1.057387
-1.206607,0.007328,-0.026862,2.173985,0.124542,-0.998779
-1.206607,-0.007326,-0.031746,2.174748,0.168499,-0.832723
-1.206607,-0.021978,-0.036630,2.175129,0.139194,-0.603174
-1.206607,-0.021978,-0.041514,2.175129,0.065933,-0.383394
-1.206607,-0.021978,-0.046398,2.174748,-0.021980,-0.251526
-1.206607,-0.007326,-0.051282,2.173985,-0.124544,-0.236875
-1.206607,-0.007326,-0.046398,2.173222,-0.139196,-0.344322
-1.206607,-0.007326,-0.041514,2.172840,-0.109892,-0.564102
-1.206607,-0.007326,-0.031746,2.173222,-0.036633,-0.808303
-1.206607,-0.007326,-0.026862,2.173222,0.007326,-1.003663
-1.206607,0.007328,-0.021978,2.173603,0.051283,-1.057387
-1.206225,0.007328,-0.026862,2.174366,0.153847,-0.964591
-1.206607,-0.007326,-0.031746,2.175129,0.168499,-0.774115
-1.206607,-0.007326,-0.036630,2.175511,0.109890,-0.539682
-1.206607,-0.021978,-0.046398,2.175129,0.021978,-0.344322
-1.206607,-0.021978,-0.051282,2.174748,-0.065935,-0.236875
-1.206607,-0.021978,-0.051282,2.173985,-0.139196,-0.256411
-1.206607,-0.007326,-0.046398,2.173222,-0.139196,-0.393163
-1.206607,0.007328,-0.041514,2.172840,-0.095240,-0.627595
-1.206607,-0.007326,-0.031746,2.173222,-0.036633,-0.866911
-1.206607,-0.007326,-0.026862,2.173222,0.007326,-1.032967
-1.206607,-0.007326,-0.026862,2.173603,0.080585,-1.042735
-1.206607,-0.007326,-0.026862,2.174748,0.168499,-0.920635
-1.206607,0.007328,-0.031746,2.175129,0.168499,-0.710623
-1.206607,-0.007326,-0.041514,2.175511,0.095238,-0.476191
-1.206607,0.007328,-0.046398,2.175129,0.007326,-0.300366
-1.206607,-0.021978,-0.051282,2.174366,-0.095240,-0.231990
-1.206607,0.021980,-0.051282,2.173603,-0.168499,-0.280830
-1.206607,-0.007326,-0.046398,2.173222,-0.095240,-0.456655
-1.206607,-0.007326,-0.036630,2.172840,-0.065935,-0.700854
-1.206607,0.007328,-0.031746,2.173222,-0.007328,-0.930403
-1.206607,-0.007326,-0.026862,2.173222,0.036631,-1.052503
-1.206607,0.007328,-0.026862,2.173985,0.109890,-1.018315
-1.206607,0.007328,-0.026862,2.174748,0.183149,-0.866911
-1.206607,-0.021978,-0.036630,2.175129,0.168499,-0.642246
-1.206607,-0.021978,-0.041514,2.175511,0.080585,-0.417583
-1.206607,-0.021978,-0.046398,2.174748,-0.021980,-0.271062
-1.206607,-0.007326,-0.051282,2.173985,-0.109892,-0.231990
-1.206607,-0.007326,-0.051282,2.173603,-0.124544,-0.319902
-1.206607,-0.007326,-0.046398,2.173222,-0.109892,-0.525030
-1.206607,0.007328,-0.036630,2.173222,-0.051285,-0.774115
-1.206607,-0.007326,-0.026862,2.173222,0.007326,-0.979243
-1.206607,0.007328,-0.026862,2.173603,0.051283,-1.057387
-1.206607,0.007328,-0.026862,2.174366,0.124542,-0.984127
-1.206607,-0.021978,-0.026862,2.174748,0.168499,-0.803419
-1.206607,-0.021978,-0.036630,2.175129,0.109890,-0.568987
-1.206607,-0.007326,-0.046398,2.175129,0.051283,-0.358974
-1.206607,-0.021978,-0.051282,2.174748,-0.065935,-0.241758
-1.206607,-0.007326,-0.051282,2.173603,-0.153849,-0.241758
-1.206607,0.007328,-0.051282,2.173222,-0.139196,-0.373627
-1.206607,-0.007326,-0.041514,2.172840,-0.095240,-0.603174
-1.206607,-0.007326,-0.031746,2.172840,-0.021980,-0.847375
-1.206225,0.007328,-0.026862,2.173222,0.021978,-1.023199
-1.206607,-0.007326,-0.026862,2.173603,0.080585,-1.047619
-1.206607,-0.007326,-0.026862,2.174366,0.168499,-0.935287
-1.206607,-0.021978,-0.031746,2.175129,0.168499,-0.730159
-1.206607,-0.021978,-0.041514,2.175129,0.109890,-0.495727
-1.206607,-0.007326,-0.046398,2.175129,-0.007328,-0.310134
-1.206607,0.007328,-0.051282,2.174366,-0.080587,-0.231990
-1.206607,-0.007326,-0.051282,2.173603,-0.153849,-0.271062
-1.206607,-0.007326,-0.046398,2.173222,-0.124544,-0.442002
-1.206607,-0.007326,-0.036630,2.172840,-0.080587,-0.681318
-1.206607,0.007328,-0.031746,2.173222,-0.007328,-0.915751
-1.206607,0.007328,-0.026862,2.173222,0.021978,-1.047619
-1.206607,-0.007326,-0.026862,2.173985,0.109890,-1.023199
-1.206607,-0.021978,-0.026862,2.174748,0.153847,-0.876678
-1.206607,-0.021978,-0.031746,2.175129,0.139194,-0.652015
-1.206607,-0.007326,-0.041514,2.175129,0.080585,-0.427350
-1.206607,-0.021978,-0.046398,2.174748,-0.036633,-0.271062
-1.206607,-0.007326,-0.051282,2.173985,-0.124544,-0.227106
-1.206607,0.007328,-0.046398,2.173222,-0.139196,-0.315019
-1.206607,0.007328,-0.041514,2.173222,-0.095240,-0.520146
-1.206607,0.007328,-0.036630,2.173222,-0.021980,-0.764347
-1.206607,-0.007326,-0.031746,2.173222,0.007326,-0.979243
-1.206607,0.007328,-0.026862,2.173603,0.051283,-1.057387
-1.206607,-0.007326,-0.026862,2.174366,0.139194,-0.989011
-1.206607,0.007328,-0.031746,2.174748,0.168499,-0.803419
-1.206607,-0.021978,-0.036630,2.175129,0.124542,-0.568987
-1.206607,-0.007326,-0.046398,2.175129,0.051283,-0.363858
-1.206607,-0.007326,-0.051282,2.174748,-0.065935,-0.246642
-1.206607,-0.007326,-0.051282,2.173985,-0.139196,-0.246642
-1.206607,-0.007326,-0.046398,2.173222,-0.109892,-0.373627
-1.206607,-0.007326,-0.041514,2.172840,-0.095240,-0.608059
-1.206607,-0.007326,-0.031746,2.173222,-0.036633,-0.852259
-1.206607,-0.007326,-0.026862,2.173222,0.007326,-1.023199
-1.206225,0.007328,-0.026862,2.173603,0.095238,-1.047619
-1.206607,0.007328,-0.026862,2.174366,0.139194,-0.930403
-1.206607,-0.007326,-0.031746,2.175129,0.153847,-0.725275
-1.206607,-0.007326,-0.041514,2.175129,0.080585,-0.485958
-1.206607,-0.007326,-0.046398,2.175129,-0.007328,-0.305250
-1.206607,-0.021978,-0.051282,2.174366,-0.095240,-0.227106
-1.206607,-0.007326,-0.051282,2.173603,-0.124544,-0.275947
-1.206607,-0.007326,-0.046398,2.173222,-0.109892,-0.451771
-1.206607,-0.007326,-0.041514,2.173222,-0.065935,-0.700854
-1.206607,-0.007326,-0.031746,2.173222,-0.007328,-0.930403
-1.206607,0.007328,-0.026862,2.173222,0.021978,-1.052503
-1.206607,-0.007326,-0.026862,2.173985,0.109890,-1.018315
-1.206607,-0.007326,-0.026862,2.174748,0.153847,-0.862027
-1.206607,-0.021978,-0.036630,2.175129,0.139194,-0.637362
-1.206607,-0.007326,-0.041514,2.175129,0.065933,-0.412699
-1.206607,-0.021978,-0.046398,2.174748,-0.021980,-0.266178
-1.206607,-0.007326,-0.051282,2.173985,-0.124544,-0.231990
-1.206607,0.007328,-0.046398,2.173222,-0.139196,-0.329670
-1.206607,-0.021978,-0.041514,2.173222,-0.080587,-0.539682
-1.206607,-0.007326,-0.031746,2.173222,-0.021980,-0.793651
-1.206607,-0.007326,-0.026862,2.173222,0.007326,-0.989011
-1.206607,0.007328,-0.026862,2.173603,0.065933,-1.057387
-1.206607,-0.007326,-0.026862,2.174366,0.153847,-0.974359
-1.206607,-0.021978,-0.031746,2.175129,0.153847,-0.778998
-1.206607,-0.007326,-0.036630,2.175129,0.109890,-0.544566
-1.206607,-0.007326,-0.041514,2.175129,0.007326,-0.344322
-1.206607,-0.021978,-0.046398,2.174366,-0.051285,-0.236875
-1.206607,-0.007326,-0.051282,2.173603,-0.124544,-0.251526
-1.206607,0.007328,-0.046398,2.173222,-0.124544,-0.398046
-1.206607,-0.007326,-0.041514,2.173222,-0.065935,-0.637362
-1.206607,0.007328,-0.031746,2.173222,-0.036633,-0.881563
-1.206607,0.007328,-0.026862,2.173222,0.021978,-1.032967
-1.206607,-0.007326,-0.026862,2.173985,0.109890,-1.037851
-1.206607,-0.007326,-0.026862,2.174748,0.153847,-0.905983
-1.206607,-0.007326,-0.036630,2.175129,0.153847,-0.691087
-1.206607,-0.021978,-0.041514,2.175129,0.080585,-0.456655
-1.206607,-0.007326,-0.046398,2.174748,-0.021980,-0.285714
-1.206607,-0.021978,-0.046398,2.174366,-0.095240,-0.227106
-1.206607,-0.007326,-0.046398,2.173603,-0.153849,-0.295483
-1.206607,-0.007326,-0.041514,2.173222,-0.109892,-0.490843
-1.206607,-0.007326,-0.036630,2.173222,-0.036633,-0.739926
-1.206607,-0.007326,-0.031746,2.173222,0.007326,-0.959707
-1.206607,0.007328,-0.026862,2.173603,0.036631,-1.052503
-1.206607,-0.007326,-0.026862,2.173985,0.139194,-0.998779
-1.206607,-0.007326,-0.031746,2.174748,0.153847,-0.827839
-1.206607,-0.007326,-0.036630,2.175129,0.109890,-0.593407
-1.206607,-0.007326,-0.046398,2.175129,0.036631,-0.373627
-1.206607,-0.007326,-0.051282,2.174748,-0.036633,-0.246642
-1.206607,-0.007326,-0.051282,2.173603,-0.124544,-0.241758
-1.206607,0.007328,-0.046398,2.173222,-0.124544,-0.363858
-1.206607,-0.007326,-0.041514,2.173222,-0.080587,-0.593407
-1.206607,-0.021978,-0.031746,2.173222,-0.021980,-0.837606
-1.206607,-0.007326,-0.026862,2.173222,0.021978,-1.018315
-1.206225,-0.007326,-0.021978,2.173603,0.065933,-1.047619
-1.206607,-0.007326,-0.026862,2.174366,0.139194,-0.935287
-1.206607,-0.007326,-0.031746,2.175129,0.153847,-0.730159
-1.206607,-0.021978,-0.036630,2.175129,0.095238,-0.495727
-1.206607,-0.021978,-0.046398,2.174748,-0.007328,-0.310134
-1.206607,0.007328,-0.051282,2.174366,-0.080587,-0.227106
-1.206607,-0.007326,-0.046398,2.173603,-0.139196,-0.275947
-1.206607,-0.007326,-0.046398,2.173222,-0.095240,-0.451771
-1.206607,-0.021978,-0.036630,2.173222,-0.065935,-0.700854
-1.206607,0.007328,-0.031746,2.173222,-0.021980,-0.930403
-1.206607,-0.007326,-0.026862,2.173222,0.021978,-1.047619
-1.206607,-0.007326,-0.026862,2.173985,0.095238,-1.018315
-1.206607,-0.036631,-0.031746,2.174748,0.168499,-0.857142
-1.206607,0.007328,-0.036630,2.175129,0.109890,-0.627595
-1.206607,-0.021978,-0.041514,2.175129,0.036631,-0.402930
-1.206607,-0.007326,-0.046398,2.174748,-0.036633,-0.261294
-1.206607,-0.007326,-0.051282,2.173985,-0.109892,-0.231990
-1.206607,0.007328,-0.046398,2.173222,-0.124544,-0.339438
-1.206607,-0.007326,-0.041514,2.173222,-0.080587,-0.559218
-1.206607,-0.007326,-0.036630,2.173222,-0.021980,-0.808303
-1.206607,-0.007326,-0.031746,2.173222,-0.007328,-1.003663
-1.206607,0.007328,-0.026862,2.173603,0.065933,-1.052503
-1.206607,-0.007326,-0.026862,2.174366,0.153847,-0.954823
-1.206607,-0.021978,-0.031746,2.175129,0.153847,-0.759462
-1.206607,-0.007326,-0.041514,2.175129,0.095238,-0.520146
-1.206607,-0.007326,-0.046398,2.174748,-0.007328,-0.324786
-1.206607,-0.007326,-0.051282,2.174366,-0.095240,-0.231990
-1.206607,-0.007326,-0.051282,2.173603,-0.124544,-0.261294
-1.206607,-0.007326,-0.046398,2.173222,-0.124544,-0.427350
-1.206607,0.007328,-0.041514,2.173222,-0.065935,-0.676435
-1.206607,-0.007326,-0.031746,2.173222,-0.007328,-0.910867
-1.206607,-0.007326,-0.026862,2.173222,0.036631,-1.042735
-1.206225,-0.007326,-0.026862,2.173985,0.095238,-1.023199
-1.206607,-0.021978,-0.026862,2.174748,0.168499,-0.876678
-1.206607,-0.021978,-0.036630,2.175129,0.124542,-0.652015
-1.206607,-0.021978,-0.041514,2.175129,0.051283,-0.422466
-1.206607,-0.021978,-0.046398,2.174748,-0.036633,-0.266178
-1.206607,-0.007326,-0.051282,2.173985,-0.139196,-0.227106
-1.206607,-0.007326,-0.046398,2.173603,-0.109892,-0.324786
-1.206607,-0.007326,-0.041514,2.173222,-0.095240,-0.539682
-1.206607,-0.021978,-0.036630,2.173222,-0.021980,-0.788767
-1.206607,0.007328,-0.031746,2.173222,0.007326,-0.993895
-1.206607,0.007328,-0.026862,2.173603,0.065933,-1.052503
-1.206225,0.007328,-0.026862,2.174366,0.153847,-0.969475
-1.206607,-0.021978,-0.026862,2.175129,0.153847,-0.774115
-1.206607,-0.021978,-0.036630,2.175129,0.095238,-0.539682
-1.206607,-0.021978,-0.046398,2.175129,0.021978,-0.334555
-1.206607,-0.007326,-0.046398,2.174366,-0.065935,-0.236875
-1.206607,-0.007326,-0.051282,2.173603,-0.139196,-0.256411
-1.206607,-0.007326,-0.046398,2.173222,-0.109892,-0.417583
-1.206607,-0.007326,-0.041514,2.173222,-0.051285,-0.661782
-1.206607,-0.007326,-0.031746,2.173222,-0.021980,-0.901099
-1.206607,0.007328,-0.026862,2.173222,0.021978,-1.037851
-1.206607,0.007328,-0.026862,2.173985,0.109890,-1.028083
-1.206607,-0.007326,-0.026862,2.174748,0.139194,-0.886447
-1.206607,-0.007326,-0.036630,2.175129,0.124542,-0.661782
-1.206607,-0.021978,-0.041514,2.175129,0.065933,-0.432235
-1.206607,-0.007326,-0.046398,2.174748,-0.021980,-0.275947
-1.206607,0.007328,-0.046398,2.173985,-0.124544,-0.227106
-1.206607,-0.007326,-0.046398,2.173603,-0.109892,-0.319902
-1.206607,-0.007326,-0.041514,2.173222,-0.080587,-0.529915
-1.206607,0.007328,-0.036630,2.173222,-0.021980,-0.783883
-1.206607,-0.007326,-0.026862,2.173222,0.007326,-0.989011
-1.206225,0.007328,-0.026862,2.173603,0.051283,-1.052503
-1.206607,-0.007326,-0.026862,2.174366,0.124542,-0.974359
-1.206607,-0.021978,-0.031746,2.174748,0.139194,-0.783883
-1.206607,-0.007326,-0.036630,2.175129,0.095238,-0.544566
-1.206607,-0.007326,-0.046398,2.174748,0.021978,-0.339438
-1.206607,-0.007326,-0.046398,2.174366,-0.095240,-0.236875
-1.206607,-0.021978,-0.051282,2.173603,-0.124544,-0.256411
-1.206607,-0.007326,-0.046398,2.173222,-0.109892,-0.412699
-1.206607,0.007328,-0.041514,2.173222,-0.065935,-0.652015
-1.206607,-0.007326,-0.031746,2.173222,-0.021980,-0.896214
-1.206607,-0.007326,-0.026862,2.173222,0.021978,-1.037851
-1.206607,-0.007326,-0.026862,2.173985,0.109890,-1.028083
-1.206607,0.007328,-0.026862,2.174748,0.153847,-0.886447
-1.206607,-0.021978,-0.031746,2.175129,0.139194,-0.661782
-1.206607,-0.021978,-0.041514,2.175129,0.036631,-0.427350
-1.206607,-0.021978,-0.046398,2.174748,-0.036633,-0.271062
-1.206607,-0.007326,-0.051282,2.173985,-0.109892,-0.231990
-1.206607,0.007328,-0.046398,2.173222,-0.124544,-0.319902
-1.206607,-0.021978,-0.041514,2.173222,-0.065935,-0.534799
-1.206607,-0.007326,-0.036630,2.173222,-0.021980,-0.788767
-1.206607,-0.007326,-0.026862,2.173222,0.007326,-0.989011
-1.206607,-0.007326,-0.026862,2.173603,0.065933,-1.052503
-1.206607,-0.007326,-0.026862,2.174366,0.153847,-0.969475
-1.206607,-0.007326,-0.031746,2.174748,0.139194,-0.774115
-1.206607,-0.007326,-0.036630,2.175129,0.080585,-0.534799
-1.206607,-0.021978,-0.046398,2.174748,0.007326,-0.334555
-1.206607,-0.007326,-0.051282,2.174366,-0.080587,-0.231990
-1.206607,0.007328,-0.051282,2.173603,-0.124544,-0.261294
-1.206607,-0.007326,-0.046398,2.173222,-0.095240,-0.422466
-1.206607,-0.007326,-0.041514,2.173222,-0.065935,-0.666667
-1.206607,0.007328,-0.031746,2.173222,-0.021980,-0.905983
-1.206607,0.007328,-0.026862,2.173222,0.021978,-1.042735
-1.206607,-0.007326,-0.026862,2.173985,0.109890,-1.023199
-1.206607,-0.007326,-0.031746,2.174748,0.139194,-0.876678
-1.206607,-0.021978,-0.031746,2.175129,0.124542,-0.647131
-1.206607,-0.007326,-0.041514,2.175129,0.065933,-0.417583
-1.206607,-0.007326,-0.046398,2.174748,-0.036633,-0.266178
-1.206607,-0.007326,-0.051282,2.173985,-0.109892,-0.231990
-1.206607,-0.021978,-0.051282,2.173222,-0.139196,-0.329670
-1.206607,0.007328,-0.041514,2.173222,-0.080587,-0.554335
-1.206607,0.007328,-0.036630,2.173222,-0.036633,-0.808303
-1.206607,0.007328,-0.026862,2.173222,-0.007328,-0.998779
-1.206225,-0.007326,-0.026862,2.173603,0.065933,-1.052503
-1.206607,-0.021978,-0.026862,2.174366,0.139194,-0.959707
-1.206607,-0.021978,-0.031746,2.174748,0.124542,-0.754579
-1.206607,-0.007326,-0.036630,2.175129,0.080585,-0.515263
-1.206607,-0.007326,-0.041514,2.174748,0.007326,-0.319902
-1.206607,-0.007326,-0.046398,2.173985,-0.080587,-0.227106
-1.206607,-0.007326,-0.046398,2.173603,-0.124544,-0.271062
-1.206607,-0.007326,-0.046398,2.173222,-0.095240,-0.442002
-1.206607,-0.007326,-0.036630,2.173222,-0.051285,-0.691087
-1.206607,-0.021978,-0.031746,2.173222,-0.007328,-0.925519
-1.206607,0.007328,-0.026862,2.173603,0.051283,-1.047619
-1.206607,-0.007326,-0.026862,2.173985,0.109890,-1.013431
-1.206607,-0.007326,-0.026862,2.174748,0.139194,-0.852259
-1.206607,-0.021978,-0.036630,2.175129,0.109890,-0.622710
-1.206607,-0.036631,-0.041514,2.174748,0.036631,-0.393163
-1.206607,0.007328,-0.046398,2.174366,-0.036633,-0.251526
-1.206607,-0.021978,-0.051282,2.173985,-0.109892,-0.236875
-1.206607,0.007328,-0.046398,2.173222,-0.124544,-0.354091
-1.206607,-0.007326,-0.041514,2.173222,-0.065935,-0.578754
-1.206607,-0.021978,-0.031746,2.173222,-0.007328,-0.832723
-1.206607,0.007328,-0.026862,2.173222,0.021978,-1.013431
-1.206607,0.007328,-0.026862,2.173603,0.080585,-1.042735
-1.206607,-0.007326,-0.026862,2.174366,0.124542,-0.935287
-1.206607,-0.007326,-0.031746,2.174748,0.109890,-0.725275
-1.206607,-0.021978,-0.036630,2.175129,0.080585,-0.485958
-1.206607,-0.007326,-0.046398,2.174748,-0.007328,-0.300366
-1.206607,-0.007326,-0.051282,2.173985,-0.109892,-0.227106
-1.206607,0.007328,-0.046398,2.173603,-0.109892,-0.285714
-1.206607,-0.007326,-0.046398,2.173222,-0.095240,-0.476191
-1.206607,-0.007326,-0.036630,2.173222,-0.036633,-0.730159
-1.206607,0.007328,-0.031746,2.173222,-0.007328,-0.954823
-1.206607,0.007328,-0.026862,2.173603,0.036631,-1.052503
-1.206225,0.007328,-0.026862,2.173985,0.124542,-0.993895
-1.206607,-0.007326,-0.026862,2.174748,0.153847,-0.818070
-1.206607,-0.007326,-0.036630,2.175129,0.109890,-0.583638
-1.206607,-0.021978,-0.046398,2.174748,0.021978,-0.363858
-1.206607,-0.007326,-0.046398,2.174366,-0.051285,-0.241758
-1.206607,-0.007326,-0.051282,2.173603,-0.109892,-0.246642
-1.206607,-0.007326,-0.046398,2.173222,-0.095240,-0.383394
-1.206607,-0.007326,-0.041514,2.173222,-0.036633,-0.622710
-1.206607,-0.007326,-0.031746,2.173222,-0.007328,-0.871795
-1.206607,0.007328,-0.026862,2.173222,0.021978,-1.032967
-1.206607,-0.007326,-0.026862,2.173985,0.095238,-1.037851
-1.206607,-0.021978,-0.026862,2.174748,0.139194,-0.901099
-1.206607,-0.007326,-0.031746,2.175129,0.124542,-0.681318
-1.206607,-0.007326,-0.041514,2.175129,0.051283,-0.442002
-1.206607,-0.021978,-0.046398,2.174748,-0.036633,-0.280830
-1.206607,-0.021978,-0.046398,2.173985,-0.109892,-0.227106
-1.206607,0.007328,-0.046398,2.173222,-0.124544,-0.315019
-1.206607,-0.007326,-0.046398,2.173222,-0.065935,-0.525030
-1.206607,0.007328,-0.036630,2.173222,-0.007328,-0.783883
-1.206607,0.007328,-0.031746,2.173222,0.007326,-0.989011
-1.206607,-0.007326,-0.026862,2.173603,0.036631,-1.052503
-1.206607,0.007328,-0.026862,2.174366,0.124542,-0.969475
-1.206607,-0.021978,-0.031746,2.174748,0.139194,-0.778998
-1.206607,-0.021978,-0.036630,2.174748,0.080585,-0.534799
-1.206607,-0.007326,-0.041514,2.174748,0.007326,-0.334555
-1.206607,-0.021978,-0.046398,2.173985,-0.080587,-0.231990
-1.206607,0.007328,-0.051282,2.173603,-0.109892,-0.266178
-1.206607,0.007328,-0.046398,2.173222,-0.095240,-0.432235
-1.206607,-0.007326,-0.041514,2.173222,-0.051285,-0.681318
-1.206607,-0.007326,-0.031746,2.173222,-0.021980,-0.920635
-1.206607,-0.007326,-0.026862,2.173603,0.021978,-1.047619
-1.206607,0.007328,-0.026862,2.173985,0.109890,-1.018315
-1.206607,-0.007326,-0.026862,2.174748,0.124542,-0.857142
-1.206607,-0.007326,-0.036630,2.175129,0.095238,-0.622710
-1.206607,-0.007326,-0.041514,2.174748,0.036631,-0.398046
-1.206607,-0.021978,-0.046398,2.174366,-0.051285,-0.251526
-1.206607,-0.007326,-0.046398,2.173603,-0.109892,-0.231990
-1.206607,-0.021978,-0.046398,2.173222,-0.124544,-0.354091
-1.206607,-0.007326,-0.041514,2.173222,-0.080587,-0.583638
-1.206607,-0.007326,-0.036630,2.173222,-0.007328,-0.837606
-1.206607,0.007328,-0.026862,2.173222,0.021978,-1.018315
-1.206607,-0.007326,-0.026862,2.173985,0.095238,-1.047619
-1.206607,-0.007326,-0.026862,2.174366,0.124542,-0.930403
-1.206607,-0.021978,-0.031746,2.174748,0.124542,-0.715507
-1.206607,-0.021978,-0.041514,2.174748,0.065933,-0.476191
-1.206607,-0.021978,-0.046398,2.174748,-0.021980,-0.295483
-1.206607,-0.007326,-0.046398,2.173985,-0.095240,-0.227106
-1.206607,-0.007326,-0.046398,2.173603,-0.095240,-0.295483
-1.206607,-0.007326,-0.041514,2.173222,-0.080587,-0.495727
-1.206607,-0.007326,-0.036630,2.173222,-0.021980,-0.749695
-1.206607,0.007328,-0.031746,2.173222,0.021978,-0.969475
-1.206607,-0.007326,-0.026862,2.173603,0.051283,-1.052503
-1.206607,-0.007326,-0.026862,2.174366,0.109890,-0.984127
-1.206607,-0.021978,-0.026862,2.174748,0.153847,-0.798534
-1.206607,-0.021978,-0.031746,2.175129,0.080585,-0.559218
-1.206607,-0.007326,-0.041514,2.174748,0.021978,-0.344322
-1.206607,-0.021978,-0.046398,2.174366,-0.080587,-0.236875
-1.206607,-0.007326,-0.046398,2.173603,-0.124544,-0.256411
-1.206607,-0.021978,-0.046398,2.173222,-0.095240,-0.412699
-1.206607,-0.007326,-0.041514,2.173222,-0.051285,-0.661782
-1.206607,0.007328,-0.031746,2.173222,-0.007328,-0.905983
-1.206607,-0.007326,-0.026862,2.173222,0.036631,-1.042735
-1.206607,0.007328,-0.026862,2.173985,0.095238,-1.023199
-1.206607,-0.007326,-0.026862,2.174748,0.153847,-0.871795
-1.206607,-0.007326,-0.031746,2.174748,0.095238,-0.642246
-1.206607,-0.007326,-0.041514,2.174748,0.036631,-0.407814
-1.206607,-0.007326,-0.046398,2.174366,-0.021980,-0.261294
-1.206607,-0.007326,-0.046398,2.173603,-0.109892,-0.231990
-1.206607,-0.021978,-0.046398,2.173222,-0.109892,-0.344322
-1.206607,-0.007326,-0.041514,2.173222,-0.065935,-0.573871
-1.206607,-0.007326,-0.036630,2.173222,-0.021980,-0.827839
-1.206607,-0.007326,-0.031746,2.173222,0.036631,-1.013431
-1.206607,0.007328,-0.026862,2.173985,0.065933,-1.047619
-1.206607,-0.007326,-0.031746,2.174366,0.124542,-0.935287
-1.206607,0.007328,-0.031746,2.174748,0.109890,-0.725275
-1.206607,-0.021978,-0.036630,2.174748,0.051283,-0.481074
-1.206607,-0.021978,-0.046398,2.174748,0.007326,-0.300366
-1.206607,-0.021978,-0.046398,2.173985,-0.095240,-0.227106
-1.206607,-0.007326,-0.046398,2.173603,-0.124544,-0.295483
-1.206607,0.007328,-0.046398,2.173222,-0.095240,-0.490843
-1.206607,-0.007326,-0.036630,2.173222,-0.036633,-0.744811
-1.206607,-0.007326,-0.031746,2.173222,0.007326,-0.964591
-1.206607,0.007328,-0.026862,2.173603,0.051283,-1.052503
-1.206225,-0.007326,-0.026862,2.174366,0.109890,-0.984127
-1.206607,-0.021978,-0.031746,2.174748,0.124542,-0.798534
-1.206607,-0.021978,-0.036630,2.174748,0.095238,-0.559218
-1.206607,-0.007326,-0.041514,2.174748,0.007326,-0.344322
-1.206607,-0.007326,-0.046398,2.173985,-0.065935,-0.236875
-1.206607,-0.021978,-0.051282,2.173603,-0.109892,-0.256411
-1.206607,0.007328,-0.046398,2.173222,-0.095240,-0.417583
-1.206607,-0.021978,-0.041514,2.173222,-0.036633,-0.666667
-1.206607,-0.021978,-0.031746,2.173222,-0.007328,-0.910867
-1.206607,-0.007326,-0.026862,2.173603,0.036631,-1.042735
-1.206225,0.007328,-0.026862,2.173985,0.095238,-1.023199
-1.206225,-0.007326,-0.031746,2.174748,0.139194,-0.866911
-1.206607,-0.021978,-0.036630,2.174748,0.109890,-0.632479
-1.206607,-0.021978,-0.041514,2.174748,0.036631,-0.398046
-1.206607,-0.021978,-0.041514,2.174366,-0.051285,-0.256411
-1.206607,-0.007326,-0.051282,2.173603,-0.109892,-0.236875
-1.206607,0.007328,-0.046398,2.173222,-0.080587,-0.354091
-1.206607,-0.007326,-0.041514,2.173222,-0.065935,-0.588523
-1.206607,-0.007326,-0.036630,2.173222,-0.007328,-0.842491
-1.206607,0.007328,-0.026862,2.173222,0.021978,-1.018315
-1.206225,0.007328,-0.026862,2.173985,0.095238,-1.042735
-1.206607,-0.007326,-0.026862,2.174366,0.139194,-0.920635
-1.206607,-0.021978,-0.031746,2.174748,0.109890,-0.705739
-1.206607,-0.021978,-0.041514,2.174748,0.036631,-0.461538
-1.206607,-0.007326,-0.046398,2.174366,-0.021980,-0.290598
-1.206607,-0.007326,-0.046398,2.173985,-0.065935,-0.227106
-1.206607,-0.007326,-0.046398,2.173222,-0.109892,-0.305250
-1.206607,0.007328,-0.046398,2.173222,-0.080587,-0.515263
-1.206607,-0.007326,-0.036630,2.173222,-0.021980,-0.769231
-1.206607,-0.007326,-0.031746,2.173222,0.007326,-0.984127
-1.206607,-0.007326,-0.026862,2.173603,0.065933,-1.052503
-1.206607,-0.007326,-0.026862,2.174366,0.109890,-0.969475
-1.206607,-0.007326,-0.031746,2.174748,0.109890,-0.774115
-1.206607,-0.007326,-0.036630,2.174748,0.065933,-0.529915
-1.206607,0.007328,-0.041514,2.174748,-0.007328,-0.324786
-1.206607,-0.007326,-0.046398,2.173985,-0.080587,-0.231990
-1.206607,-0.021978,-0.051282,2.173603,-0.124544,-0.271062
-1.206607,-0.007326,-0.046398,2.173222,-0.095240,-0.446886
-1.206607,0.007328,-0.036630,2.173222,-0.051285,-0.700854
-1.206607,-0.007326,-0.031746,2.173222,0.007326,-0.935287
-1.206225,-0.007326,-0.026862,2.173603,0.065933,-1.047619
-1.206607,-0.007326,-0.026862,2.173985,0.095238,-1.003663
-1.206607,-0.007326,-0.031746,2.174748,0.124542,-0.832723
-1.206607,-0.007326,-0.036630,2.174748,0.080585,-0.593407
-1.206607,0.007328,-0.041514,2.174748,0.021978,-0.373627
-1.206607,-0.021978,-0.046398,2.173985,-0.065935,-0.241758
-1.206607,-0.007326,-0.046398,2.173603,-0.109892,-0.246642
-1.206607,-0.007326,-0.046398,2.173222,-0.095240,-0.388278
-1.206607,-0.007326,-0.041514,2.173222,-0.036633,-0.627595
-1.206607,-0.007326,-0.036630,2.173222,-0.007328,-0.876678
-1.206607,0.007328,-0.031746,2.173603,0.036631,-1.032967
-1.206607,-0.007326,-0.026862,2.173985,0.080585,-1.028083
-1.206607,-0.007326,-0.026862,2.174748,0.124542,-0.891331
-1.206607,-0.007326,-0.031746,2.174748,0.124542,-0.661782
-1.206607,-0.007326,-0.036630,2.174748,0.036631,-0.422466
-1.206607,-0.021978,-0.046398,2.174366,-0.036633,-0.266178
-1.206607,-0.007326,-0.046398,2.173603,-0.109892,-0.231990
-1.206607,0.007328,-0.046398,2.173222,-0.095240,-0.339438
-1.206607,-0.007326,-0.041514,2.173222,-0.065935,-0.564102
-1.206607,-0.007326,-0.036630,2.173222,-0.021980,-0.822955
-1.206607,0.007328,-0.026862,2.173222,0.007326,-1.008547
-1.206225,0.007328,-0.026862,2.173985,0.080585,-1.042735
-1.206607,-0.007326,-0.026862,2.174366,0.109890,-0.935287
-1.206607,-0.021978,-0.031746,2.174748,0.109890,-0.720390
-1.206607,-0.007326,-0.036630,2.174748,0.051283,-0.481074
-1.206607,-0.021978,-0.041514,2.174366,-0.021980,-0.295483
-1.206607,-0.021978,-0.046398,2.173985,-0.065935,-0.227106
-1.206607,-0.007326,-0.046398,2.173222,-0.109892,-0.300366
-1.206607,-0.007326,-0.041514,2.173222,-0.080587,-0.500610
-1.206607,-0.007326,-0.036630,2.173222,-0.007328,-0.759462
-1.206607,-0.007326,-0.031746,2.173222,0.007326,-0.974359
-1.206225,0.007328,-0.026862,2.173603,0.051283,-1.052503
-1.206607,0.007328,-0.026862,2.174366,0.109890,-0.974359
-1.206607,-0.021978,-0.026862,2.174748,0.124542,-0.778998
-1.206607,-0.021978,-0.036630,2.174748,0.051283,-0.534799
-1.206607,-0.007326,-0.041514,2.174748,0.007326,-0.329670
-1.206607,-0.007326,-0.046398,2.173985,-0.051285,-0.231990
-1.206607,-0.007326,-0.046398,2.173603,-0.095240,-0.271062
-1.206607,0.007328,-0.041514,2.173222,-0.095240,-0.446886
-1.206607,-0.007326,-0.036630,2.173222,-0.036633,-0.695971
-1.206607,0.007328,-0.031746,2.173222,0.021978,-0.935287
-1.206607,-0.007326,-0.026862,2.173603,0.036631,-1.047619
-1.206607,0.007328,-0.026862,2.173985,0.095238,-1.003663
-1.206607,-0.007326,-0.026862,2.174748,0.124542,-0.832723
-1.206607,-0.021978,-0.031746,2.174748,0.080585,-0.588523
-1.206607,-0.021978,-0.041514,2.174748,0.007326,-0.368742
-1.206607,-0.007326,-0.046398,2.174366,-0.051285,-0.241758
-1.206607,-0.007326,-0.046398,2.173603,-0.095240,-0.246642
-1.206607,0.021980,-0.046398,2.173222,-0.080587,-0.398046
-1.206607,-0.021978,-0.041514,2.173222,-0.036633,-0.642246
-1.206607,0.007328,-0.031746,2.173222,-0.007328,-0.891331
-1.206607,0.007328,-0.026862,2.173603,0.021978,-1.037851
-1.206225,-0.007326,-0.026862,2.173985,0.095238,-1.023199
-1.206607,-0.021978,-0.026862,2.174366,0.109890,-0.876678
-1.206607,-0.021978,-0.031746,2.174748,0.109890,-0.647131
-1.206607,-0.007326,-0.041514,2.174748,0.007326,-0.407814
-1.206607,-0.021978,-0.046398,2.174366,-0.036633,-0.256411
-1.206607,-0.007326,-0.046398,2.173603,-0.109892,-0.231990
-1.206607,-0.007326,-0.046398,2.173222,-0.080587,-0.354091
-1.206607,-0.007326,-0.041514,2.173222,-0.036633,-0.588523
-1.206607,-0.007326,-0.036630,2.173222,-0.007328,-0.847375
-1.206607,0.007328,-0.026862,2.173603,0.036631,-1.018315
-1.206607,0.007328,-0.026862,2.173985,0.065933,-1.037851
-1.206607,-0.021978,-0.026862,2.174366,0.124542,-0.915751
-1.206607,-0.007326,-0.031746,2.174748,0.109890,-0.695971
-1.206607,-0.007326,-0.036630,2.174748,0.051283,-0.451771
-1.206607,-0.021978,-0.041514,2.174366,-0.021980,-0.280830
-1.206607,-0.007326,-0.046398,2.173985,-0.095240,-0.227106
-1.206607,-0.007326,-0.046398,2.173603,-0.080587,-0.319902
-1.206607,0.007328,-0.041514,2.173222,-0.065935,-0.534799
-1.206607,-0.007326,-0.036630,2.173222,-0.007328,-0.798534
-1.206607,-0.007326,-0.031746,2.173603,0.007326,-0.998779
-1.206607,0.007328,-0.026862,2.173603,0.065933,-1.047619
-1.206225,0.007328,-0.026862,2.174366,0.109890,-0.949939
-1.206607,-0.021978,-0.031746,2.174748,0.109890,-0.744811
-1.206607,-0.007326,-0.036630,2.174748,0.051283,-0.495727
-1.206607,-0.007326,-0.046398,2.174366,-0.021980,-0.305250
-1.206607,-0.007326,-0.046398,2.173985,-0.095240,-0.227106
-1.206607,-0.007326,-0.046398,2.173603,-0.109892,-0.290598
-1.206607,0.007328,-0.041514,2.173222,-0.080587,-0.490843
-1.206607,-0.007326,-0.036630,2.173222,-0.021980,-0.749695
-1.206607,-0.007326,-0.031746,2.173222,0.021978,-0.969475
-1.206607,-0.007326,-0.026862,2.173603,0.051283,-1.052503
-1.206607,0.007328,-0.026862,2.174366,0.109890,-0.979243
-1.206607,-0.021978,-0.026862,2.174748,0.095238,-0.783883
-1.206607,-0.007326,-0.036630,2.174748,0.065933,-0.539682
-1.206607,-0.021978,-0.041514,2.174366,-0.007328,-0.329670
-1.206607,-0.007326,-0.046398,2.173985,-0.065935,-0.231990
-1.206607,-0.007326,-0.046398,2.173603,-0.095240,-0.271062
-1.206607,0.007328,-0.046398,2.173222,-0.065935,-0.451771
-1.206607,-0.007326,-0.041514,2.173222,-0.021980,-0.705739
-1.206607,0.007328,-0.036630,2.173603,0.007326,-0.940171
-1.206607,0.007328,-0.031746,2.173603,0.036631,-1.047619
-1.206607,-0.007326,-0.026862,2.174366,0.124542,-0.998779
-1.206607,-0.007326,-0.031746,2.174748,0.109890,-0.822955
-1.206607,-0.007326,-0.031746,2.174748,0.080585,-0.578754
-1.206607,-0.021978,-0.041514,2.174748,0.007326,-0.358974
-1.206607,-0.007326,-0.046398,2.174366,-0.051285,-0.241758
-1.206607,-0.007326,-0.046398,2.173603,-0.095240,-0.251526
-1.206607,-0.007326,-0.046398,2.173222,-0.095240,-0.412699
-1.206607,0.007328,-0.041514,2.173222,-0.021980,-0.661782
-1.206607,0.007328,-0.031746,2.173222,-0.007328,-0.905983
-1.206607,-0.021978,-0.031746,2.173603,0.036631,-1.042735
-1.206225,0.007328,-0.026862,2.173985,0.080585,-1.013431
-1.206607,-0.007326,-0.026862,2.174748,0.109890,-0.857142
-1.206607,-0.007326,-0.031746,2.174748,0.095238,-0.617826
-1.206607,-0.007326,-0.041514,2.174366,0.007326,-0.388278
-1.206607,-0.007326,-0.046398,2.174366,-0.051285,-0.251526
-1.206607,-0.007326,-0.046398,2.173603,-0.095240,-0.241758
-1.206607,-0.007326,-0.046398,2.173222,-0.065935,-0.378510
-1.206607,-0.007326,-0.041514,2.173222,-0.021980,-0.622710
-1.206607,-0.007326,-0.031746,2.173222,-0.007328,-0.876678
-1.206607,-0.007326,-0.026862,2.173603,0.036631,-1.032967
-1.206607,-0.007326,-0.026862,2.173985,0.095238,-1.032967
-1.206607,-0.021978,-0.026862,2.174366,0.124542,-0.891331
-1.206607,-0.007326,-0.031746,2.174748,0.095238,-0.652015
-1.206607,-0.021978,-0.036630,2.174748,0.021978,-0.417583
-1.206607,-0.007326,-0.041514,2.174366,-0.036633,-0.261294
-1.206607,-0.007326,-0.046398,2.173603,-0.080587,-0.231990
-1.206607,-0.007326,-0.046398,2.173222,-0.080587,-0.354091
-1.206607,-0.021978,-0.041514,2.173222,-0.065935,-0.588523
-1.206607,-0.007326,-0.036630,2.173222,0.007326,-0.847375
-1.206607,-0.007326,-0.031746,2.173603,0.021978,-1.023199
-1.206607,-0.007326,-0.026862,2.173985,0.080585,-1.037851
-1.206607,0.007328,-0.026862,2.174366,0.124542,-0.915751
-1.206607,-0.007326,-0.031746,2.174748,0.109890,-0.691087
-1.206607,0.007328,-0.036630,2.174748,0.036631,-0.446886
-1.206607,-0.007326,-0.041514,2.174366,-0.021980,-0.275947
-1.206607,0.007328,-0.046398,2.173985,-0.095240,-0.231990
-1.206607,-0.007326,-0.046398,2.173603,-0.095240,-0.329670
-1.206607,-0.007326,-0.041514,2.173222,-0.051285,-0.554335
-1.206607,-0.021978,-0.036630,2.173222,-0.007328,-0.813187
-1.206607,-0.007326,-0.031746,2.173603,0.021978,-1.003663
-1.206607,-0.007326,-0.026862,2.173985,0.065933,-1.047619
-1.206607,-0.007326,-0.026862,2.174366,0.124542,-0.935287
-1.206607,-0.021978,-0.031746,2.174748,0.095238,-0.720390
-1.206607,-0.007326,-0.036630,2.174748,0.036631,-0.471307
-1.206607,-0.021978,-0.041514,2.174366,-0.021980,-0.290598
-1.206607,-0.007326,-0.046398,2.173985,-0.080587,-0.227106
-1.206607,0.007328,-0.046398,2.173222,-0.095240,-0.310134
-1.206607,-0.007326,-0.041514,2.173222,-0.065935,-0.525030
-1.206607,-0.007326,-0.036630,2.173222,-0.021980,-0.783883
-1.206607,0.007328,-0.031746,2.173222,0.007326,-0.989011
-1.206607,0.007328,-0.026862,2.173603,0.065933,-1.047619
-1.206607,-0.007326,-0.026862,2.174366,0.109890,-0.954823
-1.206607,-0.007326,-0.026862,2.174748,0.095238,-0.744811
-1.206607,-0.021978,-0.031746,2.174748,0.051283,-0.500610
-1.206607,0.007328,-0.041514,2.174366,-0.036633,-0.305250
-1.206607,-0.007326,-0.046398,2.173985,-0.065935,-0.227106
-1.206607,-0.021978,-0.046398,2.173222,-0.109892,-0.295483
-1.206607,0.007328,-0.041514,2.173222,-0.065935,-0.495727
-1.206607,0.007328,-0.036630,2.173222,-0.021980,-0.754579
-1.206607,-0.007326,-0.031746,2.173222,0.007326,-0.974359
-1.206607,0.007328,-0.026862,2.173985,0.065933,-1.052503
-1.206607,0.007328,-0.026862,2.174366,0.095238,-0.974359
-1.206607,-0.007326,-0.031746,2.174748,0.109890,-0.774115
-1.206607,-0.007326,-0.036630,2.174748,0.065933,-0.525030
-1.206607,-0.007326,-0.041514,2.174366,-0.021980,-0.319902
-1.206607,-0.021978,-0.041514,2.173985,-0.065935,-0.227106
-1.206607,-0.021978,-0.046398,2.173222,-0.095240,-0.280830
-1.206607,-0.007326,-0.041514,2.173222,-0.065935,-0.471307
-1.206607,-0.007326,-0.036630,2.173222,-0.007328,-0.735043
-1.206607,0.007328,-0.031746,2.173222,0.007326,-0.959707
-1.206607,-0.007326,-0.026862,2.173603,0.036631,-1.047619
-1.206607,0.007328,-0.026862,2.174366,0.109890,-0.984127
-1.206607,-0.021978,-0.026862,2.174748,0.109890,-0.793651
-1.206607,-0.007326,-0.031746,2.174748,0.065933,-0.544566
-1.206607,-0.021978,-0.036630,2.174366,-0.007328,-0.334555
-1.206607,-0.007326,-0.041514,2.173985,-0.051285,-0.231990
-1.206607,-0.021978,-0.046398,2.173603,-0.095240,-0.271062
-1.206607,0.007328,-0.046398,2.173222,-0.065935,-0.451771
-1.206607,-0.007326,-0.041514,2.173222,-0.007328,-0.705739
-1.206607,-0.007326,-0.031746,2.173222,-0.007328,-0.940171
-1.206607,0.007328,-0.026862,2.173603,0.051283,-1.047619
-1.206607,0.007328,-0.026862,2.173985,0.095238,-0.993895
-1.206607,-0.007326,-0.026862,2.174748,0.109890,-0.813187
-1.206607,-0.007326,-0.031746,2.174748,0.065933,-0.564102
-1.206607,-0.007326,-0.041514,2.174366,-0.007328,-0.344322
-1.206607,-0.007326,-0.046398,2.173985,-0.080587,-0.236875
-1.206607,-0.021978,-0.046398,2.173603,-0.095240,-0.261294
-1.206607,0.007328,-0.041514,2.173222,-0.065935,-0.432235
-1.206607,-0.007326,-0.041514,2.173222,-0.036633,-0.686203
-1.206607,-0.007326,-0.031746,2.173222,0.007326,-0.930403
-1.206607,-0.007326,-0.026862,2.173603,0.021978,-1.047619
-1.206607,0.007328,-0.026862,2.173985,0.095238,-1.003663
-1.206607,-0.007326,-0.026862,2.174748,0.109890,-0.827839
-1.206607,-0.007326,-0.031746,2.174748,0.065933,-0.583638
-1.206607,-0.007326,-0.041514,2.174366,0.007326,-0.358974
-1.206607,-0.021978,-0.041514,2.173985,-0.065935,-0.236875
-1.206607,-0.007326,-0.046398,2.173603,-0.080587,-0.256411
-1.206607,-0.007326,-0.041514,2.173222,-0.065935,-0.417583
-1.206607,0.007328,-0.041514,2.173222,-0.036633,-0.671551
-1.206607,-0.007326,-0.031746,2.173222,-0.007328,-0.915751
-1.206607,0.021980,-0.026862,2.173603,0.036631,-1.042735
-1.206607,-0.007326,-0.026862,2.173985,0.080585,-1.008547
-1.206607,-0.007326,-0.026862,2.174366,0.095238,-0.842491
-1.206607,-0.021978,-0.031746,2.174748,0.065933,-0.598290
-1.206607,-0.007326,-0.036630,2.174366,0.021978,-0.368742
-1.206607,-0.021978,-0.041514,2.173985,-0.036633,-0.241758
-1.206607,-0.021978,-0.041514,2.173603,-0.095240,-0.251526
-1.206607,-0.007326,-0.046398,2.173222,-0.051285,-0.407814
-1.206607,-0.007326,-0.041514,2.173222,-0.036633,-0.656898
-1.206607,-0.007326,-0.036630,2.173222,-0.007328,-0.905983
-1.206607,-0.007326,-0.026862,2.173603,0.036631,-1.037851
-1.206607,-0.007326,-0.026862,2.173985,0.109890,-1.013431
-1.206607,-0.007326,-0.026862,2.174366,0.095238,-0.852259
-1.206607,-0.007326,-0.031746,2.174748,0.065933,-0.608059
-1.206607,-0.021978,-0.036630,2.174366,0.007326,-0.378510
-1.206607,-0.007326,-0.041514,2.173985,-0.051285,-0.246642
-1.206607,-0.021978,-0.046398,2.173603,-0.095240,-0.246642
-1.206607,0.007328,-0.041514,2.173222,-0.065935,-0.398046
-1.206607,-0.021978,-0.041514,2.173222,-0.036633,-0.647131
-1.206607,-0.007326,-0.036630,2.173222,-0.007328,-0.896214
-1.206607,-0.007326,-0.031746,2.173603,0.021978,-1.037851
-1.206607,-0.021978,-0.026862,2.173985,0.080585,-1.018315
-1.206607,-0.007326,-0.026862,2.174366,0.109890,-0.857142
-1.206607,-0.007326,-0.031746,2.174748,0.065933,-0.617826
-1.206607,-0.007326,-0.036630,2.174366,0.007326,-0.383394
-1.206607,-0.021978,-0.041514,2.173985,-0.051285,-0.246642
-1.206607,-0.007326,-0.046398,2.173603,-0.080587,-0.246642
-1.206607,-0.007326,-0.046398,2.173222,-0.065935,-0.393163
-1.206607,0.007328,-0.041514,2.173603,-0.021980,-0.637362
-1.206607,-0.007326,-0.036630,2.173603,-0.007328,-0.891331
-1.206225,-0.007326,-0.031746,2.173603,0.036631,-1.037851
-1.206607,-0.007326,-0.026862,2.173985,0.065933,-1.023199
-1.206607,-0.021978,-0.026862,2.174366,0.095238,-0.866911
-1.206607,-0.007326,-0.031746,2.174748,0.065933,-0.622710
-1.206607,-0.021978,-0.036630,2.174366,0.007326,-0.388278
-1.206607,-0.021978,-0.041514,2.173985,-0.051285,-0.246642
-1.206607,-0.021978,-0.046398,2.173603,-0.080587,-0.241758
-1.206607,-0.021978,-0.046398,2.173222,-0.080587,-0.388278
-1.206607,0.007328,-0.041514,2.173222,-0.021980,-0.632479
-1.206607,-0.021978,-0.036630,2.173222,0.007326,-0.886447
-1.206607,-0.007326,-0.031746,2.173603,0.036631,-1.032967
-1.206607,0.007328,-0.026862,2.173985,0.080585,-1.023199
-1.206607,-0.021978,-0.026862,2.174366,0.080585,-0.866911
-1.206607,-0.007326,-0.031746,2.174748,0.065933,-0.627595
-1.206607,-0.007326,-0.036630,2.174366,-0.007328,-0.393163
-1.206607,-0.021978,-0.041514,2.173985,-0.065935,-0.251526
-1.206607,-0.007326,-0.041514,2.173603,-0.080587,-0.241758
-1.206607,0.007328,-0.041514,2.173603,-0.065935,-0.388278
-1.206607,-0.007326,-0.041514,2.173222,-0.036633,-0.632479
-1.206607,-0.021978,-0.036630,2.173603,0.021978,-0.886447
-1.206607,-0.021978,-0.031746,2.173603,0.021978,-1.032967
-1.206607,-0.007326,-0.026862,2.173985,0.080585,-1.023199
-1.206607,0.007328,-0.026862,2.174366,0.109890,-0.866911
-1.206607,-0.021978,-0.031746,2.174748,0.080585,-0.627595
-1.206607,-0.021978,-0.036630,2.174366,-0.007328,-0.393163
-1.206607,-0.007326,-0.041514,2.173985,-0.051285,-0.246642
-1.206607,-0.007326,-0.046398,2.173603,-0.080587,-0.241758
-1.206607,-0.021978,-0.046398,2.173222,-0.080587,-0.388278
-1.206607,-0.007326,-0.041514,2.173222,-0.021980,-0.632479
-1.206607,0.007328,-0.036630,2.173222,-0.007328,-0.886447
-1.206607,0.007328,-0.026862,2.173603,0.036631,-1.032967
-1.206607,0.007328,-0.026862,2.173985,0.065933,-1.023199
-1.206607,-0.007326,-0.026862,2.174366,0.095238,-0.866911
-1.206607,-0.021978,-0.036630,2.174366,0.051283,-0.627595
-1.206607,-0.007326,-0.036630,2.174366,0.007326,-0.393163
-1.206607,-0.007326,-0.041514,2.173985,-0.051285,-0.246642
-1.206607,-0.021978,-0.046398,2.173603,-0.080587,-0.241758
-1.206607,0.007328,-0.046398,2.173222,-0.080587,-0.388278
-1.206607,-0.007326,-0.041514,2.173222,-0.036633,-0.637362
-1.206607,-0.007326,-0.036630,2.173603,0.007326,-0.891331
-1.206225,0.007328,-0.031746,2.173603,0.051283,-1.032967
-1.206225,-0.007326,-0.026862,2.173985,0.095238,-1.023199
-1.206607,-0.021978,-0.026862,2.174366,0.080585,-0.862027
-1.206607,-0.021978,-0.031746,2.174748,0.051283,-0.622710
-1.206607,-0.007326,-0.036630,2.174366,-0.007328,-0.388278
-1.206607,-0.021978,-0.041514,2.173985,-0.036633,-0.246642
-1.206607,-0.007326,-0.046398,2.173603,-0.095240,-0.246642
-1.206607,0.007328,-0.046398,2.173222,-0.051285,-0.393163
-1.206607,-0.007326,-0.041514,2.173222,-0.021980,-0.642246
-1.206607,-0.021978,-0.031746,2.173603,0.007326,-0.896214
-1.206607,0.007328,-0.031746,2.173603,0.051283,-1.037851
-1.206225,0.007328,-0.031746,2.173985,0.080585,-1.018315
-1.206607,-0.021978,-0.026862,2.174366,0.080585,-0.857142
-1.206607,-0.021978,-0.031746,2.174748,0.051283,-0.612943
-1.206607,-0.007326,-0.036630,2.174366,0.007326,-0.383394
-1.206607,-0.007326,-0.041514,2.173985,-0.051285,-0.246642
-1.206607,-0.007326,-0.046398,2.173603,-0.095240,-0.246642
-1.206607,0.007328,-0.046398,2.173222,-0.065935,-0.398046
-1.206607,-0.007326,-0.041514,2.173222,-0.021980,-0.652015
-1.206607,-0.007326,-0.036630,2.173222,0.007326,-0.901099
-1.206607,0.007328,-0.026862,2.173603,0.021978,-1.037851
-1.206225,0.007328,-0.026862,2.173985,0.095238,-1.013431
-1.206607,-0.007326,-0.026862,2.174366,0.095238,-0.847375
-1.206607,-0.021978,-0.031746,2.174366,0.051283,-0.603174
-1.206607,-0.021978,-0.036630,2.174366,0.021978,-0.368742
-1.206607,-0.007326,-0.041514,2.173985,-0.036633,-0.241758
-1.206607,-0.021978,-0.046398,2.173603,-0.080587,-0.251526
-1.206607,0.007328,-0.046398,2.173222,-0.065935,-0.407814
-1.206607,-0.007326,-0.041514,2.173222,-0.036633,-0.666667
-1.206607,-0.021978,-0.031746,2.173603,0.007326,-0.910867
-1.206607,0.007328,-0.026862,2.173603,0.036631,-1.042735
-1.206607,-0.007326,-0.026862,2.174366,0.109890,-1.008547
-1.206607,-0.007326,-0.026862,2.174366,0.095238,-0.837606
-1.206607,-0.021978,-0.031746,2.174748,0.051283,-0.588523
-1.206607,-0.007326,-0.036630,2.174366,-0.007328,-0.363858
-1.206607,-0.007326,-0.041514,2.173985,-0.051285,-0.236875
-1.206607,-0.007326,-0.046398,2.173603,-0.080587,-0.256411
-1.206607,-0.007326,-0.046398,2.173222,-0.051285,-0.422466
-1.206607,-0.007326,-0.041514,2.173222,-0.007328,-0.681318
-1.206607,-0.007326,-0.036630,2.173603,0.021978,-0.925519
-1.206607,0.007328,-0.031746,2.173603,0.036631,-1.047619
-1.206225,-0.007326,-0.026862,2.174366,0.080585,-1.003663
-1.206607,-0.007326,-0.026862,2.174748,0.080585,-0.822955
-1.206607,-0.021978,-0.031746,2.174748,0.036631,-0.573871
-1.206607,-0.007326,-0.036630,2.174366,0.007326,-0.354091
-1.206607,-0.007326,-0.041514,2.173985,-0.065935,-0.236875
-1.206607,-0.007326,-0.046398,2.173603,-0.080587,-0.261294
-1.206607,-0.021978,-0.041514,2.173603,-0.065935,-0.437119
-1.206607,-0.021978,-0.041514,2.173603,-0.007328,-0.695971
-1.206607,-0.007326,-0.036630,2.173603,0.007326,-0.935287
-1.206607,-0.007326,-0.031746,2.173603,0.036631,-1.047619
-1.206607,0.007328,-0.026862,2.174366,0.095238,-0.993895
-1.206607,-0.007326,-0.026862,2.174366,0.095238,-0.808303
-1.206607,-0.021978,-0.031746,2.174366,0.036631,-0.559218
-1.206607,-0.007326,-0.036630,2.174366,-0.007328,-0.339438
-1.206607,-0.007326,-0.041514,2.173985,-0.065935,-0.236875
-1.206607,-0.021978,-0.046398,2.173603,-0.080587,-0.275947
-1.206607,-0.007326,-0.041514,2.173603,-0.036633,-0.456655
-1.206607,-0.007326,-0.036630,2.173603,-0.007328,-0.720390
-1.206607,-0.007326,-0.031746,2.173603,0.021978,-0.949939
-1.206607,-0.007326,-0.031746,2.173603,0.036631,-1.047619
-1.206607,-0.007326,-0.026862,2.174366,0.095238,-0.984127
-1.206607,-0.021978,-0.031746,2.174366,0.095238,-0.788767
-1.206607,-0.007326,-0.031746,2.174748,0.065933,-0.539682
-1.206607,-0.007326,-0.036630,2.174366,-0.021980,-0.324786
-1.206607,-0.007326,-0.041514,2.173985,-0.051285,-0.231990
-1.206607,-0.007326,-0.046398,2.173603,-0.065935,-0.280830
-1.206607,0.021980,-0.041514,2.173603,-0.036633,-0.476191
-1.206607,-0.007326,-0.036630,2.173603,-0.007328,-0.744811
-1.206607,-0.007326,-0.031746,2.173603,0.021978,-0.964591
-1.206607,-0.007326,-0.026862,2.173985,0.051283,-1.052503
-1.206607,-0.021978,-0.026862,2.174366,0.095238,-0.969475
-1.206607,-0.021978,-0.026862,2.174366,0.080585,-0.764347
-1.206607,-0.007326,-0.036630,2.174366,0.036631,-0.510379
-1.206607,-0.021978,-0.041514,2.174366,-0.036633,-0.310134
-1.206607,-0.007326,-0.041514,2.173985,-0.065935,-0.227106
-1.206607,-0.007326,-0.041514,2.173603,-0.080587,-0.295483
-1.206607,0.007328,-0.041514,2.173603,-0.036633,-0.500610
-1.206607,-0.007326,-0.036630,2.173603,-0.007328,-0.769231
-1.206607,-0.007326,-0.031746,2.173603,0.021978,-0.984127
-1.206607,0.007328,-0.026862,2.173985,0.051283,-1.047619
-1.206607,0.007328,-0.026862,2.174366,0.095238,-0.954823
-1.206607,-0.007326,-0.026862,2.174366,0.080585,-0.739926
-1.206607,-0.021978,-0.036630,2.174366,0.036631,-0.485958
-1.206607,-0.021978,-0.036630,2.174366,-0.021980,-0.295483
-1.206607,-0.007326,-0.041514,2.173985,-0.051285,-0.227106
-1.206607,-0.007326,-0.046398,2.173603,-0.080587,-0.315019
-1.206607,-0.021978,-0.041514,2.173603,-0.021980,-0.529915
-1.206607,0.021980,-0.036630,2.173603,0.007326,-0.798534
-1.206607,-0.007326,-0.031746,2.173603,0.021978,-0.998779
-1.206607,0.007328,-0.031746,2.173985,0.051283,-1.047619
-1.206607,-0.007326,-0.026862,2.174366,0.080585,-0.935287
-1.206607,-0.007326,-0.026862,2.174366,0.065933,-0.710623
-1.206607,-0.021978,-0.036630,2.174366,0.021978,-0.461538
-1.206607,-0.007326,-0.041514,2.173985,-0.021980,-0.280830
-1.206607,-0.021978,-0.046398,2.173603,-0.080587,-0.231990
-1.206607,-0.007326,-0.046398,2.173222,-0.080587,-0.334555
-1.206607,-0.007326,-0.041514,2.173603,-0.036633,-0.564102
-1.206607,-0.007326,-0.036630,2.173603,0.021978,-0.827839
-1.206607,-0.021978,-0.031746,2.173603,0.021978,-1.013431
-1.206607,0.007328,-0.026862,2.173985,0.051283,-1.037851
-1.206607,-0.021978,-0.026862,2.174366,0.080585,-0.910867
-1.206607,-0.007326,-0.031746,2.174366,0.051283,-0.681318
-1.206607,-0.007326,-0.036630,2.174366,0.021978,-0.432235
-1.206607,-0.007326,-0.041514,2.173985,-0.021980,-0.266178
-1.206607,-0.021978,-0.041514,2.173603,-0.080587,-0.236875
-1.206607,-0.007326,-0.046398,2.173603,-0.065935,-0.354091
-1.206607,-0.007326,-0.041514,2.173222,-0.036633,-0.593407
-1.206607,-0.007326,-0.036630,2.173603,0.021978,-0.857142
-1.206607,-0.007326,-0.031746,2.173603,0.021978,-1.023199
-1.206607,0.007328,-0.026862,2.173985,0.065933,-1.032967
-1.206607,-0.007326,-0.026862,2.174366,0.095238,-0.886447
-1.206607,-0.021978,-0.031746,2.174366,0.051283,-0.642246
-1.206607,-0.007326,-0.036630,2.174366,0.007326,-0.402930
-1.206607,-0.007326,-0.041514,2.173985,-0.051285,-0.251526
-1.206607,-0.007326,-0.046398,2.173603,-0.065935,-0.241758
-1.206607,0.007328,-0.046398,2.173603,-0.051285,-0.383394
-1.206607,-0.007326,-0.041514,2.173603,-0.021980,-0.632479
-1.206607,0.007328,-0.036630,2.173603,0.007326,-0.891331
-1.206607,-0.007326,-0.031746,2.173603,0.036631,-1.037851
-1.206607,-0.007326,-0.026862,2.173985,0.080585,-1.018315
-1.206607,-0.007326,-0.026862,2.174366,0.095238,-0.857142
-1.206607,-0.007326,-0.031746,2.174366,0.021978,-0.608059
-1.206607,-0.021978,-0.036630,2.174366,-0.007328,-0.373627
-1.206607,-0.007326,-0.041514,2.173985,-0.036633,-0.241758
-1.206607,-0.007326,-0.041514,2.173603,-0.095240,-0.256411
-1.206607,-0.007326,-0.041514,2.173222,-0.065935,-0.417583
-1.206607,-0.007326,-0.041514,2.173603,-0.007328,-0.676435
-1.206607,-0.007326,-0.031746,2.173603,0.007326,-0.920635
-1.206607,-0.007326,-0.026862,2.173603,0.036631,-1.042735
-1.206607,0.007328,-0.026862,2.173985,0.065933,-0.998779
-1.206607,-0.007326,-0.026862,2.174366,0.065933,-0.818070
-1.206607,-0.007326,-0.031746,2.174366,0.051283,-0.564102
-1.206607,-0.021978,-0.036630,2.174366,-0.007328,-0.344322
-1.206607,-0.021978,-0.041514,2.173985,-0.051285,-0.231990
-1.206607,-0.007326,-0.046398,2.173603,-0.080587,-0.266178
-1.206607,0.007328,-0.041514,2.173603,-0.036633,-0.451771
-1.206607,-0.007326,-0.036630,2.173603,0.007326,-0.720390
-1.206607,-0.007326,-0.036630,2.173603,0.021978,-0.949939
-1.206607,0.007328,-0.031746,2.173985,0.051283,-1.047619
-1.206607,-0.007326,-0.031746,2.174366,0.080585,-0.984127
-1.206607,-0.007326,-0.031746,2.174366,0.065933,-0.778998
-1.206607,-0.007326,-0.031746,2.174366,0.036631,-0.525030
-1.206607,-0.021978,-0.036630,2.174366,0.007326,-0.319902
-1.206607,-0.007326,-0.041514,2.173985,-0.065935,-0.227106
-1.206607,0.007328,-0.041514,2.173603,-0.065935,-0.290598
-1.206607,-0.007326,-0.041514,2.173603,-0.021980,-0.495727
-1.206607,-0.007326,-0.036630,2.173603,-0.007328,-0.764347
-1.206607,-0.007326,-0.031746,2.173603,0.036631,-0.979243
-1.206607,0.007328,-0.026862,2.173985,0.051283,-1.047619
-1.206607,-0.007326,-0.026862,2.174366,0.080585,-0.954823
-1.206607,-0.007326,-0.031746,2.174366,0.051283,-0.735043
-1.206607,-0.007326,-0.031746,2.174366,0.021978,-0.481074
-1.206607,-0.007326,-0.036630,2.173985,-0.021980,-0.290598
-1.206607,-0.007326,-0.041514,2.173603,-0.080587,-0.227106
-1.206607,-0.007326,-0.041514,2.173603,-0.051285,-0.319902
-1.206607,-0.007326,-0.041514,2.173603,-0.021980,-0.544566
-1.206607,0.007328,-0.036630,2.173603,0.021978,-0.813187
-1.206607,0.007328,-0.031746,2.173603,0.021978,-1.003663
-1.206607,0.007328,-0.026862,2.173985,0.065933,-1.042735
-1.206607,-0.007326,-0.026862,2.174366,0.080585,-0.920635
-1.206607,-0.021978,-0.031746,2.174366,0.051283,-0.686203
-1.206607,-0.007326,-0.036630,2.174366,0.007326,-0.437119
-1.206607,-0.021978,-0.041514,2.173985,-0.036633,-0.266178
-1.206607,-0.021978,-0.041514,2.173603,-0.080587,-0.231990
-1.206607,-0.021978,-0.046398,2.173603,-0.065935,-0.354091
-1.206607,0.007328,-0.041514,2.173603,-0.007328,-0.593407
-1.206607,-0.007326,-0.036630,2.173603,0.007326,-0.857142
-1.206607,0.007328,-0.031746,2.173603,0.021978,-1.023199
-1.206607,0.007328,-0.026862,2.173985,0.065933,-1.028083
-1.206607,-0.007326,-0.026862,2.174366,0.065933,-0.881563
-1.206607,-0.021978,-0.031746,2.174366,0.036631,-0.637362
-1.206607,-0.007326,-0.036630,2.174366,0.007326,-0.398046
-1.206607,-0.007326,-0.041514,2.173985,-0.051285,-0.251526
-1.206607,-0.007326,-0.041514,2.173603,-0.080587,-0.246642
-1.206607,-0.007326,-0.041514,2.173603,-0.051285,-0.393163
-1.206607,0.007328,-0.036630,2.173603,-0.007328,-0.652015
-1.206607,-0.007326,-0.036630,2.173603,0.007326,-0.901099
-1.206607,0.007328,-0.031746,2.173603,0.036631,-1.037851
-1.206607,-0.007326,-0.026862,2.174366,0.080585,-1.013431
-1.206607,-0.007326,-0.026862,2.174366,0.080585,-0.837606
-1.206607,-0.021978,-0.031746,2.174366,0.051283,-0.588523
-1.206607,-0.021978,-0.036630,2.174366,-0.007328,-0.354091
-1.206607,-0.007326,-0.041514,2.173985,-0.051285,-0.236875
-1.206607,-0.007326,-0.041514,2.173603,-0.065935,-0.266178
-1.206607,0.007328,-0.041514,2.173603,-0.036633,-0.446886
-1.206607,-0.007326,-0.036630,2.173603,0.007326,-0.705739
-1.206607,0.007328,-0.036630,2.173603,0.007326,-0.945055
-1.206607,0.007328,-0.031746,2.173985,0.065933,-1.042735
-1.206607,0.007328,-0.026862,2.174366,0.080585,-0.984127
-1.206607,-0.021978,-0.026862,2.174366,0.065933,-0.783883
-1.206607,-0.007326,-0.031746,2.174366,0.021978,-0.525030
-1.206607,-0.021978,-0.041514,2.174366,-0.021980,-0.315019
-1.206607,-0.021978,-0.041514,2.173985,-0.051285,-0.227106
-1.206607,-0.007326,-0.041514,2.173603,-0.065935,-0.290598
-1.206607,-0.007326,-0.041514,2.173603,-0.021980,-0.500610
-1.206607,-0.007326,-0.036630,2.173603,-0.007328,-0.769231
-1.206607,-0.007326,-0.031746,2.173603,0.007326,-0.979243
-1.206607,0.007328,-0.031746,2.173985,0.051283,-1.047619
-1.206607,-0.007326,-0.026862,2.174366,0.095238,-0.949939
-1.206607,-0.007326,-0.031746,2.174366,0.036631,-0.725275
-1.206607,-0.007326,-0.036630,2.174366,0.007326,-0.471307
-1.206607,-0.007326,-0.041514,2.173985,-0.021980,-0.285714
-1.206607,-0.007326,-0.041514,2.173603,-0.080587,-0.231990
-1.206607,-0.007326,-0.041514,2.173603,-0.065935,-0.329670
-1.206607,0.007328,-0.041514,2.173603,-0.021980,-0.559218
-1.206607,0.007328,-0.036630,2.173603,0.021978,-0.827839
-1.206607,0.007328,-0.031746,2.173603,0.036631,-1.013431
-1.206607,0.007328,-0.026862,2.173985,0.065933,-1.037851
-1.206607,-0.007326,-0.026862,2.174366,0.065933,-0.905983
-1.206607,-0.007326,-0.026862,2.174366,0.036631,-0.666667
-1.206607,-0.007326,-0.036630,2.174366,0.021978,-0.417583
-1.206607,-0.021978,-0.041514,2.173985,-0.021980,-0.256411
-1.206607,-0.007326,-0.041514,2.173603,-0.065935,-0.241758
-1.206607,-0.007326,-0.041514,2.173603,-0.036633,-0.373627
-1.206607,-0.021978,-0.041514,2.173603,-0.021980,-0.627595
-1.206607,0.007328,-0.036630,2.173603,0.007326,-0.886447
-1.206607,0.007328,-0.031746,2.173603,0.021978,-1.037851
-1.206225,0.007328,-0.026862,2.173985,0.065933,-1.023199
-1.206607,-0.007326,-0.026862,2.174366,0.051283,-0.857142
-1.206607,0.007328,-0.031746,2.174366,0.036631,-0.603174
-1.206607,-0.021978,-0.036630,2.174366,0.007326,-0.368742
-1.206607,-0.007326,-0.041514,2.173985,-0.051285,-0.241758
-1.206607,-0.007326,-0.046398,2.173603,-0.065935,-0.261294
-1.206607,-0.007326,-0.046398,2.173603,-0.036633,-0.432235
-1.206607,-0.007326,-0.041514,2.173603,-0.021980,-0.695971
-1.206607,-0.007326,-0.036630,2.173603,0.021978,-0.940171
-1.206607,-0.007326,-0.031746,2.173985,0.051283,-1.047619
-1.206607,-0.007326,-0.026862,2.173985,0.080585,-0.993895
-1.206607,-0.007326,-0.026862,2.174366,0.080585,-0.798534
-1.206607,-0.007326,-0.031746,2.174366,0.021978,-0.539682
-1.206607,-0.007326,-0.036630,2.174366,0.007326,-0.324786
-1.206607,-0.021978,-0.041514,2.173603,-0.051285,-0.227106
-1.206607,0.007328,-0.046398,2.173603,-0.051285,-0.290598
-1.206607,-0.007326,-0.041514,2.173603,-0.021980,-0.495727
-1.206607,0.007328,-0.041514,2.173603,-0.007328,-0.764347
-1.206607,-0.021978,-0.036630,2.173603,0.036631,-0.984127
-1.206225,0.007328,-0.031746,2.173985,0.051283,-1.047619
-1.206607,-0.007326,-0.026862,2.174366,0.080585,-0.949939
-1.206607,-0.007326,-0.031746,2.174366,0.051283,-0.725275
-1.206607,-0.021978,-0.031746,2.174366,0.021978,-0.471307
-1.206607,-0.007326,-0.041514,2.173985,-0.021980,-0.285714
-1.206607,-0.007326,-0.041514,2.173603,-0.065935,-0.231990
-1.206607,-0.021978,-0.046398,2.173603,-0.051285,-0.334555
-1.206607,0.007328,-0.041514,2.173603,-0.007328,-0.564102
-1.206607,-0.007326,-0.036630,2.173603,0.007326,-0.832723
-1.206607,-0.007326,-0.036630,2.173603,0.021978,-1.013431
-1.206225,0.007328,-0.026862,2.173985,0.065933,-1.032967
-1.206607,-0.007326,-0.026862,2.174366,0.065933,-0.896214
-1.206607,-0.007326,-0.026862,2.174366,0.036631,-0.652015
-1.206607,0.007328,-0.036630,2.174366,0.021978,-0.407814
-1.206607,-0.021978,-0.036630,2.173985,-0.036633,-0.256411
-1.206607,-0.021978,-0.041514,2.173603,-0.065935,-0.246642
-1.206607,-0.007326,-0.041514,2.173603,-0.036633,-0.388278
-1.206607,0.021980,-0.041514,2.173603,-0.007328,-0.642246
-1.206607,-0.007326,-0.036630,2.173603,0.007326,-0.901099
-1.206607,-0.007326,-0.031746,2.173985,0.051283,-1.037851
-1.206607,-0.007326,-0.031746,2.174366,0.080585,-1.008547
-1.206607,-0.007326,-0.026862,2.174366,0.080585,-0.832723
-1.206607,-0.007326,-0.031746,2.174366,0.051283,-0.578754
-1.206607,-0.007326,-0.036630,2.173985,-0.021980,-0.349206
-1.206607,-0.021978,-0.041514,2.173985,-0.036633,-0.236875
-1.206607,-0.021978,-0.041514,2.173603,-0.065935,-0.271062
-1.206607,-0.021978,-0.041514,2.173603,-0.021980,-0.451771
-1.206607,-0.007326,-0.041514,2.173603,0.007326,-0.720390
-1.206607,-0.007326,-0.031746,2.173603,0.021978,-0.954823
-1.206607,0.007328,-0.031746,2.173985,0.036631,-1.047619
-1.206225,-0.007326,-0.031746,2.174366,0.080585,-0.974359
-1.206607,0.007328,-0.031746,2.174366,0.065933,-0.764347
-1.206607,-0.007326,-0.031746,2.174366,0.021978,-0.505494
-1.206607,-0.007326,-0.036630,2.173985,-0.021980,-0.300366
-1.206607,-0.021978,-0.041514,2.173603,-0.051285,-0.231990
-1.206607,0.007328,-0.046398,2.173603,-0.065935,-0.310134
-1.206607,-0.007326,-0.046398,2.173603,-0.021980,-0.534799
-1.206607,-0.007326,-0.036630,2.173603,0.007326,-0.803419
-1.206607,-0.007326,-0.031746,2.173603,0.036631,-1.003663
-1.206607,-0.021978,-0.031746,2.173985,0.051283,-1.042735
-1.206607,-0.007326,-0.026862,2.174366,0.065933,-0.920635
-1.206607,-0.007326,-0.026862,2.174366,0.036631,-0.681318
-1.206607,-0.007326,-0.031746,2.174366,0.007326,-0.427350
-1.206607,-0.021978,-0.036630,2.173985,-0.036633,-0.261294
-1.206607,-0.021978,-0.041514,2.173603,-0.065935,-0.236875
-1.206607,-0.007326,-0.041514,2.173603,-0.036633,-0.368742
-1.206607,-0.021978,-0.041514,2.173603,-0.007328,-0.617826
-1.206607,-0.007326,-0.036630,2.173603,0.036631,-0.876678
-1.206607,-0.021978,-0.031746,2.173603,0.007326,-1.032967
-1.206607,-0.007326,-0.026862,2.173985,0.065933,-1.018315
-1.206607,-0.007326,-0.026862,2.174366,0.080585,-0.857142
-1.206607,-0.007326,-0.031746,2.174366,0.036631,-0.603174
-1.206607,-0.021978,-0.036630,2.174366,-0.007328,-0.368742
-1.206607,-0.007326,-0.041514,2.173603,-0.051285,-0.241758
-1.206607,-0.007326,-0.041514,2.173603,-0.051285,-0.261294
-1.206607,-0.007326,-0.041514,2.173603,-0.021980,-0.437119
-1.206607,-0.007326,-0.036630,2.173603,-0.007328,-0.705739
-1.206607,-0.007326,-0.031746,2.173603,0.036631,-0.945055
-1.206607,0.007328,-0.031746,2.173985,0.036631,-1.047619
-1.206607,0.007328,-0.026862,2.173985,0.065933,-0.979243
-1.206607,-0.007326,-0.026862,2.174366,0.080585,-0.774115
-1.206607,-0.021978,-0.031746,2.174366,0.021978,-0.515263
-1.206607,0.007328,-0.036630,2.173985,-0.036633,-0.305250
-1.206607,0.007328,-0.041514,2.173603,-0.065935,-0.227106
-1.206607,-0.007326,-0.046398,2.173603,-0.051285,-0.305250
-1.206607,0.007328,-0.041514,2.173603,-0.007328,-0.525030
-1.206607,-0.007326,-0.041514,2.173603,0.007326,-0.793651
-1.206607,-0.007326,-0.031746,2.173603,0.021978,-0.998779
-1.206607,0.007328,-0.031746,2.173985,0.065933,-1.042735
-1.206607,-0.007326,-0.026862,2.174366,0.080585,-0.925519
-1.206607,-0.007326,-0.031746,2.174366,0.036631,-0.691087
-1.206607,-0.021978,-0.031746,2.174366,0.021978,-0.437119
-1.206607,-0.007326,-0.036630,2.173985,-0.036633,-0.266178
-1.206607,-0.007326,-0.041514,2.173603,-0.080587,-0.236875
-1.206607,0.007328,-0.041514,2.173603,-0.051285,-0.368742
-1.206607,-0.007326,-0.041514,2.173603,-0.007328,-0.617826
-1.206607,-0.007326,-0.036630,2.173603,0.021978,-0.876678
-1.206607,-0.007326,-0.031746,2.173985,0.021978,-1.032967
-1.206607,-0.007326,-0.026862,2.173985,0.080585,-1.023199
-1.206607,-0.007326,-0.026862,2.174366,0.051283,-0.852259
-1.206607,0.007328,-0.031746,2.174366,0.036631,-0.598290
-1.206607,-0.021978,-0.036630,2.173985,-0.021980,-0.363858
-1.206607,-0.007326,-0.041514,2.173985,-0.036633,-0.236875
-1.206607,-0.007326,-0.041514,2.173603,-0.051285,-0.266178
-1.206607,-0.021978,-0.041514,2.173603,-0.036633,-0.446886
-1.206607,-0.007326,-0.036630,2.173603,0.007326,-0.715507
-1.206607,-0.021978,-0.031746,2.173603,0.007326,-0.949939
-1.206607,-0.021978,-0.031746,2.173985,0.051283,-1.047619
-1.206607,0.007328,-0.026862,2.173985,0.065933,-0.974359
-1.206607,0.007328,-0.026862,2.174366,0.051283,-0.764347
-1.206607,-0.021978,-0.031746,2.174366,0.007326,-0.505494
-1.206607,-0.007326,-0.036630,2.173985,-0.007328,-0.300366
-1.206607,-0.007326,-0.041514,2.173603,-0.051285,-0.231990
-1.206607,-0.007326,-0.041514,2.173603,-0.051285,-0.310134
-1.206607,-0.007326,-0.041514,2.173603,-0.007328,-0.534799
-1.206607,0.007328,-0.036630,2.173603,0.021978,-0.808303
-1.206607,0.007328,-0.031746,2.173603,0.021978,-1.003663
-1.206607,-0.007326,-0.031746,2.173985,0.036631,-1.042735
-1.206607,0.007328,-0.031746,2.174366,0.065933,-0.915751
-1.206607,-0.007326,-0.031746,2.174366,0.036631,-0.671551
-1.206607,-0.007326,-0.031746,2.173985,-0.007328,-0.417583
-1.206607,-0.007326,-0.036630,2.173985,-0.021980,-0.261294
-1.206607,0.007328,-0.041514,2.173603,-0.051285,-0.241758
-1.206607,-0.007326,-0.041514,2.173603,-0.007328,-0.383394
-1.206607,-0.007326,-0.041514,2.173603,0.007326,-0.642246
-1.206607,-0.007326,-0.036630,2.173603,0.021978,-0.896214
-1.206607,0.007328,-0.031746,2.173985,0.051283,-1.037851
-1.206607,0.007328,-0.026862,2.173985,0.051283,-1.008547
-1.206607,-0.021978,-0.026862,2.174366,0.065933,-0.832723
-1.206607,-0.007326,-0.031746,2.173985,0.021978,-0.573871
-1.206607,-0.007326,-0.036630,2.173985,-0.007328,-0.344322
-1.206607,-0.021978,-0.041514,2.173603,-0.051285,-0.236875
-1.206607,0.007328,-0.041514,2.173603,-0.051285,-0.275947
-1.206607,-0.007326,-0.041514,2.173603,-0.007328,-0.471307
-1.206607,-0.007326,-0.036630,2.173603,0.007326,-0.744811
-1.206607,-0.007326,-0.036630,2.173603,0.036631,-0.969475
-1.206607,-0.007326,-0.031746,2.173985,0.051283,-1.047619
-1.206225,-0.007326,-0.026862,2.174366,0.065933,-0.959707
-1.206607,0.021980,-0.026862,2.174366,0.051283,-0.735043
-1.206607,-0.021978,-0.031746,2.173985,-0.007328,-0.476191
-1.206607,0.007328,-0.036630,2.173985,-0.021980,-0.285714
-1.206607,-0.007326,-0.041514,2.173603,-0.051285,-0.231990
-1.206607,-0.007326,-0.041514,2.173603,-0.036633,-0.339438
-1.206607,-0.007326,-0.041514,2.173603,-0.007328,-0.578754
-1.206607,-0.021978,-0.036630,2.173603,0.021978,-0.847375
-1.206607,-0.007326,-0.031746,2.173985,0.036631,-1.018315
-1.206607,0.007328,-0.026862,2.173985,0.065933,-1.032967
-1.206607,-0.007326,-0.026862,2.174366,0.051283,-0.881563
-1.206607,-0.007326,-0.031746,2.174366,0.021978,-0.627595
-1.206607,-0.007326,-0.031746,2.173985,-0.007328,-0.383394
-1.206607,-0.021978,-0.036630,2.173985,-0.036633,-0.246642
-1.206607,0.007328,-0.041514,2.173603,-0.051285,-0.256411
-1.206607,-0.007326,-0.041514,2.173603,-0.036633,-0.422466
-1.206607,-0.007326,-0.041514,2.173603,0.007326,-0.686203
-1.206607,-0.007326,-0.036630,2.173603,0.036631,-0.925519
-1.206607,-0.007326,-0.031746,2.173985,0.051283,-1.042735
-1.206607,-0.007326,-0.026862,2.174366,0.065933,-0.989011
-1.206607,-0.007326,-0.026862,2.174366,0.036631,-0.788767
-1.206607,-0.021978,-0.031746,2.174366,0.021978,-0.525030
-1.206607,-0.007326,-0.036630,2.173985,-0.021980,-0.315019
-1.206607,-0.007326,-0.041514,2.173603,-0.036633,-0.227106
-1.206607,-0.007326,-0.041514,2.173603,-0.051285,-0.300366
-1.206607,0.007328,-0.041514,2.173603,-0.021980,-0.525030
-1.206607,-0.007326,-0.036630,2.173603,0.021978,-0.793651
-1.206607,-0.007326,-0.031746,2.173985,0.036631,-0.993895
-1.206607,0.007328,-0.026862,2.173985,0.051283,-1.042735
-1.206607,-0.007326,-0.026862,2.174366,0.065933,-0.920635
-1.206607,-0.021978,-0.031746,2.174366,0.021978,-0.681318
-1.206607,-0.007326,-0.031746,2.173985,-0.021980,-0.422466
-1.206607,-0.021978,-0.036630,2.173985,-0.021980,-0.261294
-1.206607,-0.007326,-0.041514,2.173603,-0.051285,-0.241758
-1.206607,-0.007326,-0.046398,2.173603,-0.036633,-0.383394
-1.206607,-0.007326,-0.041514,2.173603,0.007326,-0.637362
-1.206607,-0.007326,-0.036630,2.173603,0.021978,-0.896214
-1.206607,-0.007326,-0.031746,2.173985,0.036631,-1.037851
-1.206607,-0.007326,-0.026862,2.174366,0.051283,-1.008547
-1.206607,-0.007326,-0.026862,2.174366,0.021978,-0.827839
-1.206607,0.007328,-0.031746,2.174366,0.021978,-0.568987
-1.206607,-0.007326,-0.036630,2.173985,-0.021980,-0.339438
-1.206607,-0.007326,-0.041514,2.173603,-0.051285,-0.231990
-1.206607,-0.021978,-0.046398,2.173603,-0.051285,-0.280830
-1.206607,-0.007326,-0.041514,2.173603,-0.021980,-0.481074
-1.206607,-0.007326,-0.041514,2.173603,0.021978,-0.754579
-1.206607,-0.007326,-0.036630,2.173603,0.021978,-0.974359
-1.206607,-0.007326,-0.031746,2.173985,0.051283,-1.047619
-1.206607,-0.007326,-0.026862,2.173985,0.051283,-0.945055
-1.206607,-0.021978,-0.026862,2.174366,0.036631,-0.720390
-1.206607,-0.007326,-0.031746,2.173985,-0.007328,-0.456655
-1.206607,-0.007326,-0.036630,2.173985,-0.021980,-0.275947
-1.206607,-0.007326,-0.041514,2.173603,-0.051285,-0.236875
-1.206607,-0.007326,-0.041514,2.173603,-0.051285,-0.354091
-1.206607,-0.007326,-0.041514,2.173603,-0.007328,-0.598290
-1.206607,-0.007326,-0.036630,2.173603,0.021978,-0.862027
-1.206607,-0.007326,-0.031746,2.173985,0.036631,-1.028083
-1.206607,0.007328,-0.031746,2.174366,0.065933,-1.023199
-1.206225,0.007328,-0.031746,2.173985,0.036631,-0.862027
-1.206607,-0.007326,-0.031746,2.173985,0.007326,-0.603174
-1.206607,-0.021978,-0.036630,2.173985,-0.007328,-0.363858
-1.206607,-0.007326,-0.036630,2.173985,-0.021980,-0.241758
-1.206607,-0.021978,-0.041514,2.173603,-0.065935,-0.266178
-1.206607,-0.007326,-0.041514,2.173603,-0.036633,-0.451771
-1.206607,0.007328,-0.036630,2.173603,0.007326,-0.720390
-1.206607,0.007328,-0.031746,2.173603,0.036631,-0.954823
-1.206607,0.007328,-0.031746,2.173985,0.036631,-1.047619
-1.206607,-0.007326,-0.026862,2.174366,0.051283,-0.969475
-1.206607,-0.007326,-0.026862,2.174366,0.036631,-0.744811
-1.206607,-0.007326,-0.031746,2.173985,0.007326,-0.485958
-1.206607,-0.007326,-0.036630,2.173985,-0.007328,-0.290598
-1.206607,-0.007326,-0.036630,2.173603,-0.036633,-0.231990
-1.206607,-0.007326,-0.041514,2.173603,-0.036633,-0.334555
-1.206607,-0.007326,-0.041514,2.173603,0.007326,-0.573871
-1.206607,-0.007326,-0.036630,2.173603,0.021978,-0.837606
-1.206607,-0.007326,-0.031746,2.173985,0.051283,-1.018315
-1.206607,-0.007326,-0.031746,2.173985,0.051283,-1.028083
-1.206607,-0.007326,-0.026862,2.174366,0.036631,-0.881563
-1.206607,-0.007326,-0.031746,2.174366,0.036631,-0.622710
-1.206607,-0.007326,-0.036630,2.173985,-0.021980,-0.383394
-1.206607,-0.021978,-0.036630,2.173985,-0.036633,-0.241758
-1.206607,-0.021978,-0.041514,2.173603,-0.036633,-0.256411
-1.206607,-0.007326,-0.041514,2.173603,-0.021980,-0.432235
-1.206607,-0.007326,-0.036630,2.173603,0.021978,-0.700854
-1.206607,0.007328,-0.036630,2.173603,0.021978,-0.940171
-1.206607,-0.007326,-0.031746,2.173985,0.036631,-1.047619
-1.206607,-0.007326,-0.026862,2.173985,0.036631,-0.979243
-1.206607,-0.007326,-0.031746,2.174366,0.051283,-0.764347
-1.206607,-0.007326,-0.031746,2.174366,0.007326,-0.500610
-1.206607,-0.007326,-0.036630,2.173985,-0.021980,-0.300366
-1.206607,-0.021978,-0.041514,2.173603,-0.036633,-0.231990
-1.206607,-0.007326,-0.041514,2.173603,-0.036633,-0.324786
-1.206607,-0.007326,-0.041514,2.173603,-0.007328,-0.559218
-1.206607,-0.007326,-0.041514,2.173603,0.021978,-0.827839
-1.206607,0.007328,-0.031746,2.173985,0.051283,-1.013431
-1.206225,0.007328,-0.031746,2.173985,0.051283,-1.032967
-1.206607,-0.007326,-0.026862,2.174366,0.036631,-0.891331
-1.206607,-0.021978,-0.026862,2.174366,0.021978,-0.637362
-1.206607,-0.021978,-0.031746,2.173985,-0.007328,-0.393163
-1.206607,-0.007326,-0.036630,2.173985,-0.036633,-0.246642
-1.206607,-0.021978,-0.041514,2.173603,-0.051285,-0.256411
-1.206607,-0.007326,-0.041514,2.173603,-0.021980,-0.422466
-1.206607,0.007328,-0.036630,2.173603,0.007326,-0.686203
-1.206607,-0.021978,-0.036630,2.173985,0.036631,-0.935287
-1.206607,-0.007326,-0.031746,2.173985,0.036631,-1.047619
-1.206607,-0.007326,-0.026862,2.173985,0.036631,-0.984127
-1.206607,-0.007326,-0.026862,2.174366,0.036631,-0.774115
-1.206607,-0.007326,-0.031746,2.173985,0.007326,-0.510379
-1.206607,-0.007326,-0.036630,2.173985,-0.007328,-0.305250
-1.206607,-0.036631,-0.041514,2.173603,-0.036633,-0.227106
-1.206607,-0.021978,-0.041514,2.173603,-0.036633,-0.319902
-1.206607,0.007328,-0.041514,2.173603,-0.007328,-0.549451
-1.206607,-0.007326,-0.036630,2.173603,0.007326,-0.818070
-1.206607,-0.007326,-0.031746,2.173985,0.036631,-1.008547
-1.206607,-0.007326,-0.031746,2.173985,0.051283,-1.037851
-1.206607,0.007328,-0.026862,2.174366,0.051283,-0.896214
-1.206607,-0.007326,-0.031746,2.173985,0.007326,-0.642246
-1.206607,-0.021978,-0.031746,2.173985,0.007326,-0.393163
-1.206607,-0.007326,-0.036630,2.173603,-0.036633,-0.246642
-1.206607,-0.007326,-0.041514,2.173603,-0.036633,-0.256411
-1.206607,-0.007326,-0.041514,2.173603,-0.021980,-0.422466
-1.206607,-0.007326,-0.041514,2.173603,0.007326,-0.691087
-1.206607,0.007328,-0.036630,2.173985,0.021978,-0.930403
-1.206607,-0.021978,-0.031746,2.173985,0.065933,-1.042735
-1.206607,-0.007326,-0.026862,2.174366,0.051283,-0.984127
-1.206607,-0.007326,-0.026862,2.174366,0.036631,-0.774115
-1.206607,-0.007326,-0.031746,2.173985,0.007326,-0.510379
-1.206607,-0.007326,-0.036630,2.173985,-0.036633,-0.305250
-1.206607,-0.007326,-0.041514,2.173603,-0.036633,-0.231990
-1.206607,-0.007326,-0.041514,2.173603,-0.036633,-0.319902
-1.206607,0.007328,-0.041514,2.173603,0.007326,-0.554335
-1.206607,-0.007326,-0.036630,2.173603,0.007326,-0.822955
-1.206607,0.007328,-0.036630,2.173985,0.021978,-1.013431
-1.206607,-0.007326,-0.031746,2.173985,0.036631,-1.037851
-1.206607,-0.007326,-0.026862,2.174366,0.036631,-0.891331
-1.206607,0.007328,-0.031746,2.173985,0.021978,-0.637362
-1.206607,-0.007326,-0.031746,2.173985,0.007326,-0.388278
-1.206607,-0.007326,-0.036630,2.173985,-0.021980,-0.246642
-1.206607,-0.007326,-0.041514,2.173603,-0.036633,-0.256411
-1.206607,0.007328,-0.041514,2.173603,-0.021980,-0.427350
-1.206607,-0.007326,-0.041514,2.173603,0.021978,-0.695971
-1.206607,-0.007326,-0.036630,2.173603,0.036631,-0.940171
-1.206607,-0.007326,-0.031746,2.173985,0.051283,-1.047619
-1.206225,0.007328,-0.031746,2.173985,0.021978,-0.979243
-1.206607,-0.007326,-0.026862,2.174366,0.036631,-0.764347
-1.206607,0.007328,-0.031746,2.173985,0.007326,-0.495727
-1.206607,-0.021978,-0.036630,2.173985,-0.021980,-0.295483
-1.206607,-0.021978,-0.041514,2.173603,-0.051285,-0.231990
-1.206607,-0.007326,-0.041514,2.173603,-0.036633,-0.329670
-1.206607,-0.007326,-0.041514,2.173603,0.007326,-0.568987
-1.206607,-0.007326,-0.036630,2.173603,0.036631,-0.837606
-1.206607,0.007328,-0.031746,2.173985,0.051283,-1.018315
-1.206607,-0.007326,-0.026862,2.174366,0.065933,-1.032967
-1.206607,-0.007326,-0.026862,2.174366,0.036631,-0.881563
-1.206607,-0.007326,-0.031746,2.174366,0.021978,-0.622710
-1.206607,-0.021978,-0.031746,2.173985,-0.007328,-0.378510
-1.206607,-0.007326,-0.036630,2.173603,-0.036633,-0.246642
-1.206607,-0.021978,-0.041514,2.173603,-0.036633,-0.266178
-1.206607,-0.007326,-0.041514,2.173603,-0.007328,-0.442002
-1.206607,-0.007326,-0.041514,2.173603,-0.007328,-0.715507
-1.206607,-0.007326,-0.036630,2.173985,0.051283,-0.949939
-1.206607,0.007328,-0.031746,2.173985,0.036631,-1.047619
-1.206607,0.007328,-0.026862,2.173985,0.036631,-0.969475
-1.206225,-0.007326,-0.026862,2.173985,0.007326,-0.739926
-1.206607,-0.007326,-0.031746,2.173985,-0.007328,-0.481074
-1.206607,-0.021978,-0.036630,2.173985,-0.007328,-0.285714
-1.206607,-0.007326,-0.041514,2.173603,-0.036633,-0.231990
-1.206607,-0.007326,-0.041514,2.173603,-0.021980,-0.344322
-1.206607,-0.007326,-0.041514,2.173603,0.007326,-0.593407
-1.206607,-0.007326,-0.036630,2.173985,0.036631,-0.857142
-1.206607,-0.007326,-0.031746,2.173985,0.051283,-1.028083
-1.206607,0.007328,-0.026862,2.173985,0.051283,-1.028083
-1.206607,-0.021978,-0.026862,2.174366,0.051283,-0.857142
-1.206607,-0.007326,-0.031746,2.174366,0.021978,-0.593407
-1.206607,0.007328,-0.036630,2.173985,-0.036633,-0.358974
-1.206607,-0.007326,-0.036630,2.173985,-0.036633,-0.236875
-1.206607,-0.007326,-0.041514,2.173603,-0.036633,-0.275947
-1.206607,-0.021978,-0.041514,2.173603,0.007326,-0.471307
-1.206607,-0.007326,-0.036630,2.173603,0.021978,-0.739926
-1.206607,0.007328,-0.036630,2.173985,0.036631,-0.964591
-1.206607,-0.007326,-0.031746,2.173985,0.036631,-1.042735
-1.206607,-0.007326,-0.031746,2.173985,0.036631,-0.945055
-1.206607,0.007328,-0.031746,2.174366,0.007326,-0.710623
-1.206607,-0.007326,-0.036630,2.173985,-0.007328,-0.451771
-1.206607,-0.007326,-0.036630,2.173985,-0.021980,-0.271062
-1.206607,-0.007326,-0.041514,2.173603,-0.051285,-0.236875
-1.206607,-0.021978,-0.041514,2.173603,-0.021980,-0.368742
-1.206607,-0.007326,-0.041514,2.173603,0.007326,-0.622710
-1.206607,-0.007326,-0.036630,2.173603,0.036631,-0.886447
-1.206607,-0.021978,-0.031746,2.173985,0.051283,-1.032967
-1.206607,-0.007326,-0.031746,2.173985,0.036631,-1.008547
-1.206607,-0.007326,-0.026862,2.173985,0.021978,-0.822955
-1.206607,-0.007326,-0.031746,2.173985,0.007326,-0.559218
-1.206607,-0.007326,-0.036630,2.173985,-0.036633,-0.334555
-1.206607,-0.007326,-0.041514,2.173603,-0.021980,-0.231990
-1.206607,-0.007326,-0.041514,2.173603,-0.036633,-0.295483
-1.206607,-0.007326,-0.041514,2.173603,-0.007328,-0.510379
-1.206607,-0.007326,-0.036630,2.173603,0.036631,-0.783883
-1.206607,0.007328,-0.031746,2.173985,0.036631,-0.993895
-1.206607,0.007328,-0.031746,2.173985,0.051283,-1.042735
-1.206607,-0.007326,-0.031746,2.174366,0.036631,-0.920635
-1.206607,-0.007326,-0.031746,2.174366,0.036631,-0.671551
-1.206607,-0.007326,-0.031746,2.173985,-0.007328,-0.417583
-1.206607,-0.021978,-0.036630,2.173603,-0.021980,-0.256411
-1.206607,-0.021978,-0.041514,2.173603,-0.036633,-0.246642
-1.206607,-0.007326,-0.046398,2.173603,-0.007328,-0.402930
-1.206607,-0.021978,-0.041514,2.173603,0.007326,-0.666667
-1.206607,-0.007326,-0.036630,2.173603,0.036631,-0.915751
-1.206607,-0.007326,-0.031746,2.173985,0.051283,-1.042735
-1.206607,0.007328,-0.026862,2.174366,0.036631,-0.989011
-1.206607,-0.007326,-0.026862,2.174366,0.021978,-0.783883
-1.206607,-0.007326,-0.031746,2.173985,-0.021980,-0.515263
-1.206607,-0.007326,-0.036630,2.173985,-0.036633,-0.305250
-1.206607,-0.007326,-0.041514,2.173603,-0.051285,-0.227106
-1.206607,-0.007326,-0.046398,2.173603,-0.021980,-0.319902
-1.206607,-0.007326,-0.041514,2.173603,0.021978,-0.554335
-1.206607,-0.007326,-0.036630,2.173603,0.021978,-0.827839
-1.206607,-0.007326,-0.031746,2.173985,0.036631,-1.013431
-1.206607,-0.007326,-0.031746,2.173985,0.051283,-1.032967
-1.206607,-0.007326,-0.031746,2.174366,0.036631,-0.881563
-1.206607,-0.007326,-0.031746,2.174366,0.021978,-0.622710
-1.206607,-0.007326,-0.036630,2.173985,-0.021980,-0.378510
-1.206607,-0.007326,-0.036630,2.173603,-0.036633,-0.241758
-1.206607,-0.021978,-0.041514,2.173603,-0.051285,-0.266178
-1.206607,-0.007326,-0.041514,2.173603,-0.007328,-0.446886
-1.206607,-0.007326,-0.041514,2.173603,0.021978,-0.725275
-1.206607,-0.007326,-0.036630,2.173985,0.036631,-0.954823
-1.206607,0.007328,-0.031746,2.173985,0.036631,-1.047619
-1.206607,0.007328,-0.031746,2.173985,0.036631,-0.959707
-1.206607,-0.021978,-0.026862,2.173985,0.021978,-0.730159
-1.206607,-0.021978,-0.031746,2.173985,-0.007328,-0.466422
-1.206607,-0.007326,-0.036630,2.173985,-0.021980,-0.275947
-1.206607,-0.007326,-0.041514,2.173603,-0.051285,-0.236875
-1.206607,-0.007326,-0.041514,2.173603,-0.021980,-0.363858
-1.206607,-0.007326,-0.041514,2.173603,0.007326,-0.617826
-1.206607,-0.007326,-0.036630,2.173985,0.036631,-0.876678
-1.206607,-0.007326,-0.031746,2.173985,0.051283,-1.032967
-1.206607,0.007328,-0.026862,2.174366,0.051283,-1.013431
-1.206607,0.007328,-0.026862,2.174366,0.021978,-0.827839
-1.206607,-0.007326,-0.031746,2.173985,-0.007328,-0.564102
-1.206607,-0.007326,-0.036630,2.173985,-0.021980,-0.334555
-1.206607,-0.021978,-0.041514,2.173603,-0.036633,-0.231990
-1.206607,-0.007326,-0.041514,2.173603,-0.036633,-0.295483
-1.206607,-0.007326,-0.041514,2.173603,0.007326,-0.510379
-1.206607,-0.021978,-0.041514,2.173603,0.021978,-0.783883
-1.206607,-0.007326,-0.036630,2.173985,0.051283,-0.993895
-1.206607,0.007328,-0.031746,2.173985,0.051283,-1.042735
-1.206607,0.007328,-0.026862,2.173985,0.036631,-0.915751
-1.206607,0.007328,-0.031746,2.174366,0.007326,-0.661782
-1.206607,0.007328,-0.031746,2.173985,-0.021980,-0.407814
-1.206607,-0.007326,-0.031746,2.173603,-0.036633,-0.256411
-1.206607,-0.021978,-0.036630,2.173603,-0.036633,-0.251526
-1.206607,-0.007326,-0.041514,2.173603,0.007326,-0.417583
-1.206607,-0.007326,-0.041514,2.173603,0.021978,-0.686203
-1.206607,0.007328,-0.036630,2.173985,0.036631,-0.930403
-1.206607,-0.021978,-0.031746,2.173985,0.051283,-1.042735
-1.206607,-0.007326,-0.031746,2.173985,0.021978,-0.979243
-1.206607,-0.007326,-0.026862,2.173985,0.021978,-0.759462
-1.206607,-0.021978,-0.031746,2.173985,0.007326,-0.495727
-1.206607,0.007328,-0.036630,2.173985,-0.036633,-0.295483
-1.206607,-0.007326,-0.041514,2.173603,-0.051285,-0.231990
-1.206607,-0.007326,-0.041514,2.173603,-0.007328,-0.339438
-1.206607,-0.007326,-0.041514,2.173603,0.007326,-0.583638
-1.206607,-0.007326,-0.036630,2.173985,0.036631,-0.852259
-1.206607,-0.007326,-0.031746,2.173985,0.051283,-1.023199
-1.206607,-0.007326,-0.031746,2.173985,0.051283,-1.023199
-1.206607,-0.007326,-0.026862,2.173985,0.021978,-0.852259
-1.206607,-0.007326,-0.031746,2.173985,0.021978,-0.588523
-1.206607,-0.021978,-0.031746,2.173985,-0.036633,-0.354091
-1.206607,-0.007326,-0.041514,2.173603,-0.036633,-0.236875
-1.206607,-0.007326,-0.041514,2.173603,-0.021980,-0.280830
-1.206607,0.007328,-0.041514,2.173603,-0.007328,-0.490843
-1.206607,-0.007326,-0.036630,2.173985,0.036631,-0.764347
-1.206607,0.007328,-0.036630,2.173985,0.036631,-0.979243
-1.206607,-0.021978,-0.031746,2.174366,0.065933,-1.042735
-1.206607,-0.007326,-0.031746,2.173985,0.036631,-0.930403
-1.206607,0.007328,-0.031746,2.173985,0.007326,-0.681318
-1.206607,-0.007326,-0.031746,2.173985,0.021978,-0.422466
-1.206607,-0.021978,-0.036630,2.173603,-0.036633,-0.261294
-1.206607,-0.007326,-0.041514,2.173603,-0.051285,-0.246642
-1.206607,-0.007326,-0.041514,2.173603,-0.007328,-0.402930
-1.206607,0.007328,-0.041514,2.173603,-0.007328,-0.666667
-1.206607,0.007328,-0.041514,2.173985,0.065933,-0.915751
-1.206607,-0.007326,-0.036630,2.173985,0.051283,-1.042735
-1.206607,0.007328,-0.031746,2.174366,0.036631,-0.984127
-1.206607,-0.007326,-0.031746,2.173985,0.021978,-0.774115
-1.206607,-0.007326,-0.031746,2.173985,-0.007328,-0.505494
-1.206607,-0.007326,-0.036630,2.173985,-0.021980,-0.300366
-1.206607,-0.021978,-0.041514,2.173603,-0.051285,-0.231990
-1.206607,-0.021978,-0.041514,2.173603,-0.021980,-0.334555
-1.206607,-0.007326,-0.041514,2.173603,0.021978,-0.573871
-1.206607,-0.007326,-0.036630,2.173985,0.051283,-0.842491
-1.206607,-0.007326,-0.036630,2.173985,0.051283,-1.018315
-1.206607,-0.007326,-0.031746,2.173985,0.036631,-1.028083
-1.206607,-0.007326,-0.026862,2.173985,0.007326,-0.857142
-1.206607,-0.007326,-0.031746,2.174366,0.007326,-0.593407
-1.206607,-0.007326,-0.031746,2.173985,-0.021980,-0.354091
-1.206607,0.007328,-0.036630,2.173603,-0.036633,-0.231990
-1.206607,-0.007326,-0.041514,2.173603,-0.036633,-0.280830
-1.206607,-0.021978,-0.041514,2.173603,-0.007328,-0.485958
-1.206607,-0.021978,-0.036630,2.173985,0.036631,-0.759462
-1.206607,-0.007326,-0.036630,2.173985,0.036631,-0.979243
-1.206607,-0.007326,-0.031746,2.174366,0.036631,-1.042735
-1.206607,-0.021978,-0.026862,2.174366,0.021978,-0.930403
-1.206607,0.007328,-0.026862,2.173985,0.007326,-0.681318
-1.206607,-0.021978,-0.031746,2.173985,-0.021980,-0.422466
-1.206607,-0.007326,-0.036630,2.173985,-0.021980,-0.256411
-1.206607,-0.007326,-0.041514,2.173603,-0.051285,-0.246642
-1.206607,-0.007326,-0.041514,2.173603,-0.007328,-0.407814
-1.206607,-0.007326,-0.041514,2.173603,0.021978,-0.671551
-1.206607,-0.007326,-0.036630,2.173603,0.036631,-0.920635
-1.206607,0.007328,-0.031746,2.173985,0.051283,-1.042735
-1.206607,0.007328,-0.031746,2.174366,0.051283,-0.984127
-1.206607,-0.007326,-0.031746,2.174366,0.021978,-0.764347
-1.206607,-0.021978,-0.031746,2.173985,-0.021980,-0.500610
-1.206607,-0.021978,-0.036630,2.173603,-0.051285,-0.295483
-1.206607,-0.007326,-0.036630,2.173603,-0.021980,-0.231990
-1.206607,-0.007326,-0.041514,2.173603,-0.021980,-0.339438
-1.206607,0.007328,-0.036630,2.173603,0.036631,-0.588523
-1.206607,-0.007326,-0.036630,2.173985,0.036631,-0.857142
-1.206607,-0.007326,-0.031746,2.173985,0.051283,-1.023199
-1.206607,-0.007326,-0.031746,2.174366,0.051283,-1.018315
-1.206607,-0.007326,-0.031746,2.173985,0.007326,-0.842491
-1.206607,-0.021978,-0.031746,2.173985,-0.007328,-0.578754
-1.206607,-0.007326,-0.031746,2.173985,-0.021980,-0.344322
-1.206607,-0.007326,-0.036630,2.173603,-0.036633,-0.231990
-1.206607,-0.007326,-0.041514,2.173603,-0.036633,-0.290598
-1.206607,0.007328,-0.041514,2.173603,0.007326,-0.505494
-1.206607,0.007328,-0.036630,2.173603,0.021978,-0.778998
-1.206607,-0.021978,-0.036630,2.173985,0.065933,-0.989011
-1.206607,-0.007326,-0.031746,2.173985,0.021978,-1.042735
-1.206607,0.007328,-0.031746,2.173985,0.036631,-0.910867
-1.206607,-0.007326,-0.031746,2.173985,0.007326,-0.656898
-1.206607,-0.021978,-0.031746,2.173985,-0.021980,-0.402930
-1.206607,-0.007326,-0.036630,2.173603,-0.021980,-0.251526
-1.206607,-0.007326,-0.041514,2.173603,-0.036633,-0.256411
-1.206607,0.007328,-0.041514,2.173603,0.021978,-0.432235
-1.206607,0.021980,-0.041514,2.173603,0.036631,-0.700854
-1.206607,-0.021978,-0.036630,2.173985,0.036631,-0.940171
-1.206607,-0.007326,-0.031746,2.173985,0.051283,-1.047619
-1.206607,-0.007326,-0.031746,2.174366,0.051283,-0.964591
-1.206607,-0.007326,-0.026862,2.173985,0.021978,-0.735043
-1.206607,-0.021978,-0.031746,2.173985,-0.007328,-0.466422
-1.206607,0.007328,-0.036630,2.173603,-0.036633,-0.280830
-1.206607,-0.007326,-0.041514,2.173603,-0.036633,-0.231990
-1.206607,-0.007326,-0.041514,2.173603,-0.007328,-0.363858
-1.206607,-0.007326,-0.041514,2.173603,0.021978,-0.622710
-1.206607,-0.007326,-0.036630,2.173985,0.036631,-0.886447
-1.206607,-0.007326,-0.031746,2.173985,0.036631,-1.037851
-1.206607,0.007328,-0.031746,2.174366,0.036631,-1.008547
-1.206607,0.007328,-0.026862,2.173985,0.007326,-0.813187
-1.206607,-0.021978,-0.031746,2.173985,-0.007328,-0.539682
-1.206607,-0.007326,-0.036630,2.173603,-0.021980,-0.324786
-1.206607,-0.007326,-0.036630,2.173603,-0.036633,-0.231990
-1.206607,-0.007326,-0.041514,2.173603,-0.036633,-0.315019
-1.206607,-0.007326,-0.041514,2.173603,0.007326,-0.544566
-1.206607,-0.007326,-0.036630,2.173985,0.036631,-0.818070
-1.206607,-0.007326,-0.036630,2.173985,0.065933,-1.008547
-1.206607,0.007328,-0.031746,2.174366,0.051283,-1.032967
-1.206607,0.007328,-0.026862,2.173985,0.021978,-0.876678
-1.206607,-0.007326,-0.026862,2.173985,0.007326,-0.612943
-1.206607,-0.021978,-0.031746,2.173985,-0.036633,-0.368742
-1.206607,-0.007326,-0.036630,2.173603,-0.036633,-0.236875
-1.206607,-0.007326,-0.041514,2.173603,-0.036633,-0.271062
-1.206607,-0.007326,-0.041514,2.173603,-0.007328,-0.476191
-1.206607,0.007328,-0.036630,2.173603,0.021978,-0.749695
-1.206607,-0.007326,-0.036630,2.173985,0.065933,-0.974359
-1.206607,0.007328,-0.031746,2.173985,0.051283,-1.047619
-1.206607,0.007328,-0.031746,2.173985,0.007326,-0.930403
-1.206607,-0.007326,-0.031746,2.173985,0.007326,-0.681318
-1.206607,-0.007326,-0.031746,2.173985,-0.021980,-0.427350
-1.206607,-0.021978,-0.036630,2.173603,-0.036633,-0.261294
-1.206607,-0.021978,-0.036630,2.173603,-0.036633,-0.246642
-1.206607,0.007328,-0.041514,2.173603,-0.007328,-0.412699
-1.206607,-0.021978,-0.041514,2.173603,0.021978,-0.681318
-1.206607,-0.007326,-0.036630,2.173985,0.065933,-0.925519
-1.206607,-0.007326,-0.031746,2.173985,0.036631,-1.042735
-1.206607,-0.007326,-0.031746,2.174366,0.021978,-0.974359
-1.206607,0.007328,-0.026862,2.173985,0.007326,-0.754579
-1.206607,-0.007326,-0.031746,2.173985,-0.021980,-0.485958
-1.206607,-0.021978,-0.036630,2.173603,-0.036633,-0.290598
-1.206607,-0.007326,-0.036630,2.173603,-0.036633,-0.231990
-1.206607,-0.007326,-0.041514,2.173603,-0.007328,-0.354091
-1.206607,-0.007326,-0.036630,2.173603,0.021978,-0.608059
-1.206607,-0.007326,-0.036630,2.173985,0.036631,-0.876678
-1.206607,-0.007326,-0.031746,2.173985,0.036631,-1.032967
-1.206607,-0.007326,-0.031746,2.174366,0.051283,-1.008547
-1.206607,0.007328,-0.031746,2.174366,0.021978,-0.818070
-1.206607,-0.021978,-0.031746,2.173985,-0.021980,-0.544566
-1.206607,-0.007326,-0.036630,2.173985,-0.036633,-0.324786
-1.206607,-0.021978,-0.036630,2.173603,-0.036633,-0.231990
-1.206607,-0.007326,-0.036630,2.173603,-0.036633,-0.310134
-1.206607,-0.007326,-0.041514,2.173603,0.007326,-0.544566
-1.206607,-0.007326,-0.036630,2.173985,0.051283,-0.818070
-1.206607,0.007328,-0.036630,2.173985,0.036631,-1.008547
-1.206607,-0.007326,-0.031746,2.174366,0.051283,-1.032967
-1.206607,0.007328,-0.031746,2.173985,-0.007328,-0.876678
-1.206607,-0.021978,-0.031746,2.173985,-0.007328,-0.612943
-1.206607,-0.007326,-0.031746,2.173985,-0.036633,-0.368742
-1.206607,-0.007326,-0.036630,2.173603,-0.036633,-0.236875
-1.206607,-0.021978,-0.041514,2.173603,-0.021980,-0.275947
-1.206607,-0.007326,-0.041514,2.173603,0.021978,-0.476191
-1.206607,-0.007326,-0.041514,2.173985,0.036631,-0.754579
-1.206607,-0.007326,-0.036630,2.173985,0.065933,-0.974359
-1.206607,0.007328,-0.031746,2.174366,0.021978,-1.042735
-1.206607,0.007328,-0.031746,2.174366,0.021978,-0.925519
-1.206607,-0.007326,-0.031746,2.173985,-0.007328,-0.676435
-1.206607,-0.007326,-0.031746,2.173985,-0.021980,-0.417583
-1.206607,-0.021978,-0.036630,2.173603,-0.036633,-0.256411
-1.206607,-0.007326,-0.041514,2.173603,-0.021980,-0.251526
-1.206607,-0.007326,-0.041514,2.173603,0.007326,-0.422466
-1.206607,-0.007326,-0.041514,2.173603,0.021978,-0.695971
-1.206607,0.007328,-0.036630,2.173985,0.051283,-0.935287
-1.206607,0.007328,-0.031746,2.173985,0.051283,-1.042735
-1.206225,-0.007326,-0.031746,2.174366,0.036631,-0.964591
-1.206607,0.007328,-0.026862,2.173985,0.007326,-0.735043
-1.206607,-0.021978,-0.031746,2.173985,-0.021980,-0.466422
-1.206607,-0.007326,-0.031746,2.173603,-0.021980,-0.275947
-1.206607,-0.007326,-0.036630,2.173603,-0.036633,-0.236875
-1.206607,-0.007326,-0.036630,2.173603,-0.007328,-0.373627
-1.206607,-0.007326,-0.036630,2.173603,0.021978,-0.632479
-1.206607,-0.007326,-0.031746,2.173985,0.051283,-0.891331
-1.206607,-0.021978,-0.031746,2.173985,0.021978,-1.032967
-1.206607,-0.021978,-0.026862,2.174366,0.036631,-0.993895
-1.206607,-0.007326,-0.026862,2.173985,0.021978,-0.788767
-1.206607,0.007328,-0.031746,2.173985,-0.007328,-0.520146
-1.206607,-0.007326,-0.031746,2.173603,-0.021980,-0.310134
-1.206607,-0.021978,-0.036630,2.173603,-0.036633,-0.231990
-1.206607,-0.007326,-0.041514,2.173603,-0.021980,-0.329670
-1.206607,-0.007326,-0.041514,2.173603,0.021978,-0.578754
-1.206607,0.007328,-0.041514,2.173985,0.036631,-0.847375
-1.206607,-0.021978,-0.036630,2.173985,0.065933,-1.023199
-1.206607,0.007328,-0.031746,2.174366,0.021978,-1.018315
-1.206607,-0.007326,-0.026862,2.174366,0.021978,-0.842491
-1.206607,-0.021978,-0.031746,2.173985,-0.007328,-0.573871
-1.206607,-0.007326,-0.031746,2.173603,-0.036633,-0.344322
-1.206607,-0.007326,-0.036630,2.173603,-0.051285,-0.231990
-1.206607,-0.007326,-0.041514,2.173603,-0.007328,-0.295483
-1.206607,-0.021978,-0.041514,2.173603,0.007326,-0.520146
-1.206607,0.007328,-0.036630,2.173985,0.036631,-0.798534
-1.206607,-0.007326,-0.036630,2.173985,0.051283,-0.998779
-1.206607,0.007328,-0.031746,2.174366,0.036631,-1.037851
-1.206607,-0.007326,-0.031746,2.173985,0.007326,-0.886447
-1.206607,-0.007326,-0.031746,2.173985,-0.021980,-0.627595
-1.206607,-0.007326,-0.031746,2.173985,-0.036633,-0.378510
-1.206607,-0.021978,-0.036630,2.173603,-0.021980,-0.241758
-1.206607,-0.007326,-0.036630,2.173603,-0.021980,-0.271062
-1.206607,-0.007326,-0.041514,2.173603,0.021978,-0.471307
-1.206607,0.007328,-0.041514,2.173985,0.021978,-0.744811
-1.206607,0.007328,-0.036630,2.173985,0.051283,-0.969475
-1.206607,-0.007326,-0.031746,2.174366,0.036631,-1.042735
-1.206607,-0.021978,-0.031746,2.173985,0.007326,-0.925519
-1.206607,-0.007326,-0.031746,2.173985,-0.007328,-0.676435
-1.206607,-0.007326,-0.031746,2.173985,-0.021980,-0.417583
-1.206607,-0.021978,-0.036630,2.173603,-0.036633,-0.256411
-1.206607,0.007328,-0.036630,2.173603,-0.021980,-0.251526
-1.206607,-0.007326,-0.041514,2.173603,0.021978,-0.422466
-1.206607,-0.007326,-0.036630,2.173603,0.021978,-0.695971
-1.206607,-0.007326,-0.036630,2.173985,0.051283,-0.940171
-1.206607,0.007328,-0.031746,2.173985,0.051283,-1.042735
-1.206607,-0.007326,-0.031746,2.173985,0.007326,-0.959707
-1.206607,-0.021978,-0.031746,2.173985,0.007326,-0.725275
-1.206607,-0.007326,-0.031746,2.173985,-0.036633,-0.456655
-1.206607,-0.007326,-0.036630,2.173603,-0.036633,-0.275947
-1.206607,-0.007326,-0.041514,2.173603,-0.036633,-0.241758
-1.206607,-0.007326,-0.041514,2.173603,-0.021980,-0.383394
-1.206607,-0.007326,-0.041514,2.173603,0.021978,-0.647131
-1.206607,-0.007326,-0.036630,2.173985,0.051283,-0.905983
-1.206607,-0.007326,-0.031746,2.174366,0.065933,-1.042735
-1.206607,-0.007326,-0.031746,2.174366,0.036631,-0.989011
-1.206607,0.007328,-0.031746,2.173985,-0.007328,-0.774115
-1.206607,-0.007326,-0.031746,2.173985,-0.021980,-0.505494
-1.206607,-0.007326,-0.036630,2.173603,-0.036633,-0.295483
-1.206607,-0.007326,-0.036630,2.173603,-0.021980,-0.231990
-1.206607,-0.021978,-0.041514,2.173603,-0.007328,-0.349206
-1.206607,-0.007326,-0.041514,2.173603,0.021978,-0.603174
-1.206607,0.007328,-0.036630,2.173985,0.065933,-0.871795
-1.206607,-0.007326,-0.036630,2.174366,0.051283,-1.028083
-1.206607,-0.007326,-0.031746,2.174366,0.036631,-1.008547
-1.206607,-0.007326,-0.031746,2.173985,0.007326,-0.813187
-1.206607,-0.007326,-0.031746,2.173985,-0.021980,-0.544566
-1.206607,-0.007326,-0.036630,2.173603,-0.036633,-0.324786
-1.206607,-0.007326,-0.036630,2.173603,-0.021980,-0.231990
-1.206607,-0.007326,-0.041514,2.173603,-0.007328,-0.319902
-1.206607,0.007328,-0.041514,2.173603,0.021978,-0.554335
-1.206607,0.007328,-0.041514,2.173985,0.051283,-0.832723
-1.206607,-0.007326,-0.036630,2.173985,0.051283,-1.013431
-1.206607,-0.007326,-0.031746,2.174366,0.021978,-1.023199
-1.206607,0.007328,-0.031746,2.174366,0.021978,-0.852259
-1.206607,-0.021978,-0.031746,2.173985,-0.021980,-0.588523
-1.206607,-0.007326,-0.036630,2.173603,-0.036633,-0.349206
-1.206607,-0.007326,-0.036630,2.173603,-0.036633,-0.236875
-1.206607,-0.021978,-0.041514,2.173603,-0.021980,-0.295483
-1.206607,-0.007326,-0.041514,2.173603,0.021978,-0.515263
-1.206607,-0.007326,-0.036630,2.173985,0.036631,-0.793651
-1.206607,-0.007326,-0.036630,2.173985,0.051283,-0.998779
-1.206607,0.007328,-0.031746,2.174366,0.051283,-1.037851
-1.206607,-0.007326,-0.026862,2.174366,0.007326,-0.886447
-1.206607,-0.007326,-0.031746,2.173985,-0.007328,-0.627595
-1.206607,-0.007326,-0.031746,2.173603,-0.051285,-0.378510
-1.206607,-0.007326,-0.036630,2.173603,-0.036633,-0.241758
-1.206607,-0.021978,-0.036630,2.173603,-0.021980,-0.275947
-1.206607,-0.007326,-0.041514,2.173603,0.007326,-0.481074
-1.206607,0.007328,-0.041514,2.173985,0.036631,-0.759462
-1.206607,-0.007326,-0.036630,2.173985,0.065933,-0.979243
-1.206607,0.007328,-0.031746,2.174366,0.036631,-1.042735
-1.206225,0.007328,-0.031746,2.173985,0.007326,-0.915751
-1.206607,-0.007326,-0.031746,2.173985,-0.007328,-0.661782
-1.206607,-0.036631,-0.031746,2.173985,-0.036633,-0.407814
-1.206607,-0.007326,-0.036630,2.173603,-0.036633,-0.251526
-1.206607,-0.007326,-0.036630,2.173603,-0.036633,-0.261294
-1.206607,-0.007326,-0.041514,2.173603,0.007326,-0.446886
-1.206607,-0.007326,-0.041514,2.173603,0.036631,-0.720390
-1.206225,0.007328,-0.036630,2.173985,0.065933,-0.954823
-1.206607,-0.007326,-0.031746,2.174366,0.036631,-1.042735
-1.206607,0.007328,-0.031746,2.173985,0.021978,-0.940171
-1.206607,0.007328,-0.031746,2.173985,0.007326,-0.700854
-1.206607,-0.021978,-0.031746,2.173985,-0.036633,-0.432235
-1.206607,-0.021978,-0.036630,2.173603,-0.051285,-0.261294
-1.206607,-0.007326,-0.041514,2.173603,-0.007328,-0.246642
-1.206607,-0.021978,-0.041514,2.173603,-0.007328,-0.412699
-1.206607,-0.007326,-0.036630,2.173603,0.036631,-0.686203
-1.206607,-0.021978,-0.036630,2.173985,0.051283,-0.935287
-1.206607,-0.007326,-0.031746,2.174366,0.051283,-1.042735
-1.206225,0.021980,-0.031746,2.174366,0.007326,-0.959707
-1.206607,-0.007326,-0.031746,2.173985,0.007326,-0.730159
-1.206607,-0.007326,-0.031746,2.173985,-0.021980,-0.461538
-1.206607,-0.021978,-0.031746,2.173603,-0.051285,-0.275947
-1.206607,-0.021978,-0.036630,2.173603,-0.036633,-0.241758
-1.206607,0.007328,-0.041514,2.173603,0.021978,-0.388278
-1.206607,-0.007326,-0.041514,2.173985,0.021978,-0.656898
-1.206607,-0.007326,-0.036630,2.173985,0.065933,-0.910867
-1.206607,-0.007326,-0.036630,2.174366,0.036631,-1.042735
-1.206607,0.007328,-0.031746,2.174366,0.007326,-0.979243
-1.206607,-0.007326,-0.026862,2.173985,0.007326,-0.759462
-1.206607,0.007328,-0.031746,2.173985,-0.021980,-0.485958
-1.206607,-0.007326,-0.036630,2.173603,-0.065935,-0.290598
-1.206607,-0.007326,-0.041514,2.173603,-0.051285,-0.236875
-1.206607,-0.021978,-0.041514,2.173603,0.007326,-0.368742
-1.206607,-0.007326,-0.041514,2.173603,0.036631,-0.622710
-1.206607,-0.007326,-0.036630,2.173985,0.065933,-0.886447
-1.206607,-0.007326,-0.036630,2.174366,0.065933,-1.032967
-1.206225,-0.007326,-0.031746,2.174366,0.021978,-0.993895
-1.206607,0.007328,-0.031746,2.173985,0.007326,-0.783883
-1.206607,-0.007326,-0.031746,2.173985,-0.021980,-0.515263
-1.206607,-0.021978,-0.031746,2.173603,-0.065935,-0.305250
-1.206607,-0.021978,-0.036630,2.173603,-0.021980,-0.231990
-1.206607,-0.007326,-0.036630,2.173603,-0.021980,-0.344322
-1.206607,-0.021978,-0.041514,2.173603,0.036631,-0.598290
-1.206607,0.007328,-0.036630,2.173985,0.051283,-0.866911
-1.206607,-0.021978,-0.036630,2.174366,0.051283,-1.028083
-1.206607,-0.007326,-0.031746,2.174366,0.036631,-1.008547
-1.206607,-0.007326,-0.031746,2.173985,0.007326,-0.808303
-1.206607,-0.021978,-0.031746,2.173985,-0.021980,-0.539682
-1.206607,-0.007326,-0.031746,2.173603,-0.051285,-0.319902
-1.206607,-0.007326,-0.036630,2.173603,-0.051285,-0.231990
-1.206607,-0.021978,-0.041514,2.173603,-0.007328,-0.324786
-1.206607,0.007328,-0.041514,2.173603,0.021978,-0.568987
-1.206607,-0.021978,-0.036630,2.173985,0.051283,-0.842491
-1.206607,-0.007326,-0.036630,2.174366,0.080585,-1.018315
-1.206607,-0.007326,-0.031746,2.174366,0.021978,-1.018315
-1.206607,-0.007326,-0.031746,2.173985,-0.007328,-0.832723
-1.206607,-0.007326,-0.026862,2.173985,-0.036633,-0.564102
-1.206607,-0.007326,-0.031746,2.173603,-0.036633,-0.334555
-1.206607,-0.007326,-0.036630,2.173603,-0.036633,-0.236875
-1.206607,-0.007326,-0.041514,2.173603,-0.021980,-0.315019
-1.206607,-0.021978,-0.036630,2.173603,0.036631,-0.549451
-1.206607,-0.007326,-0.036630,2.173985,0.051283,-0.822955
-1.206607,-0.007326,-0.036630,2.174366,0.065933,-1.013431
-1.206607,0.007328,-0.031746,2.174366,0.051283,-1.028083
-1.206607,-0.021978,-0.031746,2.174366,0.007326,-0.852259
-1.206607,-0.007326,-0.031746,2.173985,-0.007328,-0.583638
-1.206607,-0.021978,-0.036630,2.173603,-0.036633,-0.349206
-1.206607,-0.007326,-0.036630,2.173603,-0.036633,-0.231990
-1.206607,-0.007326,-0.036630,2.173603,-0.007328,-0.300366
-1.206607,0.007328,-0.041514,2.173603,0.021978,-0.525030
-1.206607,0.007328,-0.041514,2.173985,0.051283,-0.803419
-1.206607,-0.007326,-0.036630,2.174366,0.036631,-1.003663
-1.206607,-0.007326,-0.031746,2.174366,0.051283,-1.032967
-1.206607,0.007328,-0.026862,2.174366,0.007326,-0.866911
-1.206607,-0.007326,-0.031746,2.173985,-0.036633,-0.603174
-1.206607,-0.007326,-0.031746,2.173603,-0.051285,-0.363858
-1.206607,-0.007326,-0.036630,2.173603,-0.051285,-0.241758
-1.206607,-0.021978,-0.036630,2.173603,-0.021980,-0.290598
-1.206607,-0.007326,-0.041514,2.173603,0.021978,-0.505494
-1.206607,-0.021978,-0.036630,2.173985,0.051283,-0.788767
-1.206607,0.007328,-0.036630,2.173985,0.065933,-0.993895
-1.206607,-0.007326,-0.031746,2.174366,0.051283,-1.032967
-1.206607,0.007328,-0.031746,2.174366,0.007326,-0.881563
-1.206607,-0.007326,-0.031746,2.173985,-0.021980,-0.622710
-1.206607,-0.007326,-0.036630,2.173603,-0.036633,-0.373627
-1.206607,-0.007326,-0.036630,2.173603,-0.051285,-0.241758
-1.206607,-0.007326,-0.036630,2.173603,-0.021980,-0.275947
-1.206607,-0.021978,-0.041514,2.173603,0.021978,-0.490843
-1.206607,-0.021978,-0.041514,2.173985,0.051283,-0.769231
-1.206607,-0.007326,-0.036630,2.173985,0.080585,-0.989011
-1.206607,-0.021978,-0.031746,2.174366,0.051283,-1.037851
-1.206607,-0.007326,-0.031746,2.174366,0.007326,-0.896214
-1.206607,-0.007326,-0.026862,2.173985,-0.007328,-0.637362
-1.206607,-0.007326,-0.031746,2.173603,-0.051285,-0.383394
-1.206607,-0.007326,-0.036630,2.173603,-0.051285,-0.246642
-1.206607,-0.021978,-0.036630,2.173603,-0.021980,-0.275947
-1.206607,0.007328,-0.041514,2.173603,0.007326,-0.476191
-1.206607,0.007328,-0.036630,2.173985,0.065933,-0.754579
-1.206607,-0.007326,-0.036630,2.173985,0.065933,-0.979243
-1.206607,0.007328,-0.031746,2.174366,0.021978,-1.042735
-1.206607,-0.007326,-0.026862,2.174366,0.021978,-0.905983
-1.206607,-0.007326,-0.026862,2.173985,-0.021980,-0.652015
-1.206607,-0.007326,-0.031746,2.173985,-0.036633,-0.393163
-1.206607,-0.007326,-0.036630,2.173603,-0.051285,-0.246642
-1.206607,-0.007326,-0.036630,2.173603,-0.021980,-0.266178
-1.206607,-0.007326,-0.036630,2.173603,0.021978,-0.466422
-1.206607,-0.007326,-0.041514,2.173985,0.036631,-0.744811
-1.206607,0.007328,-0.036630,2.174366,0.080585,-0.974359
-1.206607,-0.021978,-0.031746,2.174366,0.051283,-1.042735
-1.206225,-0.007326,-0.031746,2.174366,-0.007328,-0.915751
-1.206607,-0.007326,-0.031746,2.173985,-0.021980,-0.661782
-1.206607,-0.021978,-0.031746,2.173985,-0.036633,-0.402930
-1.206607,-0.007326,-0.036630,2.173603,-0.036633,-0.251526
-1.206607,0.007328,-0.036630,2.173603,-0.007328,-0.266178
-1.206607,-0.021978,-0.041514,2.173603,0.021978,-0.456655
-1.206607,-0.021978,-0.041514,2.173985,0.051283,-0.735043
-1.206607,-0.007326,-0.036630,2.174366,0.080585,-0.964591
-1.206607,0.007328,-0.031746,2.174366,0.051283,-1.042735
-1.206607,-0.007326,-0.031746,2.174366,0.007326,-0.920635
-1.206607,-0.007326,-0.026862,2.173985,-0.021980,-0.666667
-1.206607,-0.021978,-0.031746,2.173985,-0.051285,-0.407814
-1.206607,-0.021978,-0.036630,2.173603,-0.051285,-0.251526
-1.206607,0.007328,-0.041514,2.173603,-0.007328,-0.261294
-1.206607,-0.021978,-0.041514,2.173603,0.007326,-0.451771
-1.206607,-0.007326,-0.036630,2.173985,0.051283,-0.730159
-1.206607,-0.007326,-0.036630,2.174366,0.065933,-0.959707
-1.206607,0.021980,-0.036630,2.174366,0.051283,-1.042735
-1.206607,-0.007326,-0.031746,2.174366,0.021978,-0.925519
-1.206607,-0.007326,-0.026862,2.173985,-0.007328,-0.676435
-1.206607,-0.021978,-0.031746,2.173985,-0.036633,-0.417583
-1.206607,-0.007326,-0.036630,2.173603,-0.065935,-0.256411
-1.206607,-0.007326,-0.036630,2.173603,-0.021980,-0.261294
-1.206607,-0.007326,-0.041514,2.173603,0.007326,-0.446886
-1.206607,-0.007326,-0.041514,2.173985,0.051283,-0.725275
-1.206607,-0.007326,-0.036630,2.174366,0.080585,-0.959707
-1.206607,-0.007326,-0.031746,2.174366,0.051283,-1.037851
-1.206607,-0.007326,-0.031746,2.174366,0.021978,-0.930403
-1.206607,-0.007326,-0.031746,2.173985,-0.007328,-0.681318
-1.206607,-0.007326,-0.031746,2.173985,-0.051285,-0.422466
-1.206607,-0.021978,-0.031746,2.173603,-0.051285,-0.261294
-1.206607,-0.007326,-0.036630,2.173603,-0.021980,-0.261294
-1.206607,-0.007326,-0.036630,2.173603,0.021978,-0.442002
-1.206607,-0.007326,-0.036630,2.173985,0.051283,-0.720390
-1.206607,-0.007326,-0.036630,2.173985,0.065933,-0.954823
-1.206607,-0.007326,-0.031746,2.174366,0.065933,-1.042735
-1.206607,-0.007326,-0.031746,2.174366,0.036631,-0.930403
-1.206607,0.007328,-0.031746,2.173985,-0.021980,-0.681318
-1.206607,-0.007326,-0.031746,2.173985,-0.021980,-0.422466
-1.206607,-0.007326,-0.036630,2.173603,-0.051285,-0.256411
-1.206607,0.007328,-0.036630,2.173603,-0.021980,-0.261294
-1.206607,-0.021978,-0.041514,2.173603,0.007326,-0.442002
-1.206607,-0.007326,-0.036630,2.173985,0.036631,-0.720390
-1.206607,-0.021978,-0.036630,2.173985,0.065933,-0.954823
-1.206607,-0.007326,-0.031746,2.174366,0.051283,-1.042735
-1.206607,-0.007326,-0.031746,2.174366,0.021978,-0.930403
-1.206607,-0.007326,-0.026862,2.173985,-0.007328,-0.686203
-1.206607,-0.007326,-0.031746,2.173603,-0.036633,-0.422466
-1.206607,-0.007326,-0.031746,2.173603,-0.036633,-0.256411
-1.206607,-0.021978,-0.036630,2.173603,-0.036633,-0.256411
-1.206607,-0.021978,-0.041514,2.173603,0.007326,-0.446886
-1.206607,-0.007326,-0.036630,2.173985,0.036631,-0.725275
-1.206607,-0.007326,-0.036630,2.174366,0.080585,-0.959707
-1.206607,-0.007326,-0.031746,2.174366,0.036631,-1.042735
-1.206607,0.007328,-0.026862,2.174366,0.021978,-0.925519
-1.206607,-0.021978,-0.026862,2.173985,-0.007328,-0.676435
-1.206607,-0.021978,-0.031746,2.173985,-0.051285,-0.417583
-1.206607,-0.007326,-0.036630,2.173603,-0.051285,-0.256411
-1.206607,-0.007326,-0.036630,2.173603,-0.036633,-0.261294
-1.206607,-0.007326,-0.041514,2.173603,0.021978,-0.446886
-1.206607,-0.021978,-0.041514,2.173985,0.051283,-0.725275
-1.206607,0.007328,-0.036630,2.173985,0.051283,-0.959707
-1.206607,-0.021978,-0.031746,2.174366,0.051283,-1.042735
-1.206607,0.007328,-0.031746,2.174366,0.007326,-0.925519
-1.206607,-0.036631,-0.031746,2.173985,-0.007328,-0.676435
-1.206607,-0.021978,-0.031746,2.173985,-0.036633,-0.412699
-1.206607,-0.007326,-0.036630,2.173603,-0.036633,-0.251526
-1.206607,-0.007326,-0.036630,2.173603,-0.036633,-0.261294
-1.206607,-0.007326,-0.036630,2.173603,0.007326,-0.451771
-1.206607,-0.007326,-0.041514,2.173985,0.051283,-0.730159
-1.206607,-0.007326,-0.036630,2.174366,0.080585,-0.964591
-1.206607,-0.021978,-0.031746,2.174366,0.051283,-1.042735
-1.206607,-0.007326,-0.031746,2.174366,0.021978,-0.920635
-1.206607,0.007328,-0.031746,2.173985,-0.007328,-0.666667
-1.206607,-0.007326,-0.031746,2.173603,-0.051285,-0.407814
-1.206607,0.007328,-0.031746,2.173603,-0.051285,-0.251526
-1.206607,-0.021978,-0.036630,2.173603,-0.021980,-0.266178
-1.206607,-0.007326,-0.036630,2.173603,0.021978,-0.461538
-1.206607,-0.007326,-0.036630,2.173985,0.051283,-0.739926
-1.206607,-0.007326,-0.036630,2.174366,0.065933,-0.964591
-1.206607,-0.007326,-0.031746,2.174366,0.036631,-1.037851
-1.206607,-0.021978,-0.031746,2.174366,0.021978,-0.915751
-1.206607,-0.007326,-0.031746,2.173985,0.007326,-0.656898
-1.206607,-0.007326,-0.031746,2.173985,-0.036633,-0.402930
-1.206607,-0.021978,-0.031746,2.173603,-0.065935,-0.251526
-1.206607,-0.007326,-0.036630,2.173603,-0.021980,-0.271062
-1.206607,-0.007326,-0.036630,2.173603,0.021978,-0.466422
-1.206607,-0.021978,-0.036630,2.173985,0.065933,-0.749695
-1.206607,-0.007326,-0.036630,2.174366,0.080585,-0.974359
-1.206607,-0.007326,-0.031746,2.174366,0.051283,-1.037851
-1.206607,0.007328,-0.031746,2.174366,0.036631,-0.905983
-1.206607,-0.021978,-0.031746,2.173985,-0.021980,-0.652015
-1.206607,0.007328,-0.031746,2.173603,-0.065935,-0.393163
-1.206607,-0.007326,-0.036630,2.173603,-0.051285,-0.251526
-1.206607,-0.007326,-0.036630,2.173603,-0.007328,-0.275947
-1.206607,-0.007326,-0.036630,2.173603,0.007326,-0.481074
-1.206607,0.007328,-0.036630,2.173985,0.051283,-0.759462
-1.206607,0.007328,-0.036630,2.174366,0.080585,-0.979243
-1.206607,-0.007326,-0.031746,2.174366,0.036631,-1.037851
-1.206607,0.007328,-0.031746,2.174366,0.007326,-0.896214
-1.206607,-0.007326,-0.031746,2.173985,-0.007328,-0.632479
-1.206607,-0.007326,-0.031746,2.173603,-0.036633,-0.383394
-1.206607,-0.007326,-0.036630,2.173603,-0.036633,-0.241758
-1.206607,-0.021978,-0.041514,2.173603,-0.021980,-0.280830
-1.206607,-0.021978,-0.041514,2.173603,0.021978,-0.490843
-1.206607,-0.007326,-0.041514,2.173985,0.065933,-0.774115
-1.206607,-0.021978,-0.036630,2.173985,0.065933,-0.989011
-1.206607,0.007328,-0.031746,2.174366,0.036631,-1.032967
-1.206607,0.007328,-0.031746,2.174366,0.036631,-0.881563
-1.206607,-0.007326,-0.026862,2.173985,-0.021980,-0.617826
-1.206607,-0.007326,-0.031746,2.173603,-0.036633,-0.373627
-1.206607,-0.007326,-0.031746,2.173603,-0.051285,-0.241758
-1.206607,-0.007326,-0.036630,2.173603,-0.007328,-0.290598
-1.206607,-0.007326,-0.041514,2.173603,0.036631,-0.510379
-1.206607,-0.021978,-0.041514,2.173985,0.065933,-0.793651
-1.206607,-0.007326,-0.036630,2.174366,0.080585,-0.998779
-1.206607,-0.007326,-0.031746,2.174366,0.051283,-1.028083
-1.206607,0.007328,-0.031746,2.174366,0.007326,-0.866911
-1.206607,-0.007326,-0.026862,2.173985,-0.021980,-0.603174
-1.206607,-0.021978,-0.031746,2.173603,-0.065935,-0.358974
-1.206607,-0.007326,-0.036630,2.173603,-0.051285,-0.236875
-1.206607,-0.007326,-0.036630,2.173603,-0.021980,-0.300366
-1.206607,0.007328,-0.036630,2.173603,0.051283,-0.529915
-1.206607,-0.007326,-0.036630,2.173985,0.051283,-0.808303
-1.206607,0.007328,-0.036630,2.174366,0.065933,-1.003663
-1.206607,-0.007326,-0.031746,2.174366,0.036631,-1.023199
-1.206607,-0.007326,-0.031746,2.174366,0.021978,-0.847375
-1.206607,-0.007326,-0.031746,2.173985,-0.021980,-0.583638
-1.206607,-0.021978,-0.031746,2.173603,-0.051285,-0.349206
-1.206607,-0.007326,-0.036630,2.173603,-0.051285,-0.236875
-1.206607,-0.007326,-0.036630,2.173603,0.007326,-0.310134
-1.206607,-0.007326,-0.036630,2.173603,0.036631,-0.549451
-1.206607,-0.007326,-0.036630,2.173985,0.065933,-0.827839
-1.206607,-0.007326,-0.036630,2.174366,0.051283,-1.013431
-1.206607,0.007328,-0.031746,2.174366,0.036631,-1.018315
-1.206607,-0.007326,-0.031746,2.174366,0.007326,-0.832723
-1.206607,-0.007326,-0.026862,2.173985,-0.021980,-0.559218
-1.206607,-0.007326,-0.031746,2.173603,-0.065935,-0.329670
-1.206607,-0.021978,-0.036630,2.173603,-0.051285,-0.231990
-1.206607,-0.007326,-0.036630,2.173603,-0.007328,-0.324786
-1.206607,-0.007326,-0.041514,2.173603,0.036631,-0.568987
-1.206607,-0.007326,-0.036630,2.173985,0.080585,-0.847375
-1.206607,-0.007326,-0.036630,2.174366,0.051283,-1.018315
-1.206607,-0.021978,-0.031746,2.174366,0.036631,-1.008547
-1.206607,0.007328,-0.026862,2.173985,-0.007328,-0.808303
-1.206607,-0.007326,-0.031746,2.173985,-0.036633,-0.539682
-1.206607,-0.021978,-0.031746,2.173603,-0.051285,-0.319902
-1.206607,-0.007326,-0.036630,2.173603,-0.021980,-0.236875
-1.206607,0.007328,-0.036630,2.173603,0.007326,-0.349206
-1.206607,0.007328,-0.036630,2.173603,0.036631,-0.598290
-1.206607,-0.021978,-0.036630,2.173985,0.080585,-0.871795
-1.206607,-0.007326,-0.036630,2.174366,0.065933,-1.028083
-1.206607,0.007328,-0.031746,2.174366,0.021978,-0.993895
-1.206607,0.007328,-0.031746,2.173985,0.007326,-0.783883
-1.206607,-0.007326,-0.031746,2.173985,-0.036633,-0.510379
-1.206607,-0.007326,-0.031746,2.173603,-0.051285,-0.305250
-1.206607,-0.021978,-0.036630,2.173603,-0.021980,-0.236875
-1.206607,-0.007326,-0.036630,2.173603,0.007326,-0.363858
-1.206607,-0.007326,-0.041514,2.173985,0.065933,-0.622710
-1.206607,-0.007326,-0.036630,2.173985,0.080585,-0.891331
-1.206607,-0.007326,-0.036630,2.174366,0.065933,-1.032967
-1.206607,0.007328,-0.031746,2.174366,0.021978,-0.979243
-1.206607,-0.007326,-0.031746,2.174366,0.007326,-0.754579
-1.206607,-0.007326,-0.031746,2.173603,-0.051285,-0.485958
-1.206607,0.007328,-0.031746,2.173603,-0.051285,-0.290598
-1.206607,-0.021978,-0.036630,2.173222,-0.051285,-0.241758
-1.206607,-0.021978,-0.036630,2.173603,0.007326,-0.388278
-1.206607,0.007328,-0.036630,2.173603,0.036631,-0.656898
-1.206607,-0.007326,-0.036630,2.174366,0.095238,-0.915751
-1.206607,-0.007326,-0.036630,2.174366,0.051283,-1.037851
-1.206607,-0.007326,-0.031746,2.174366,0.021978,-0.964591
-1.206607,0.021980,-0.031746,2.173985,0.007326,-0.730159
-1.206607,-0.021978,-0.031746,2.173603,-0.051285,-0.461538
-1.206607,-0.007326,-0.036630,2.173603,-0.051285,-0.275947
-1.206607,-0.007326,-0.036630,2.173603,-0.021980,-0.246642
-1.206607,-0.021978,-0.036630,2.173603,-0.007328,-0.412699
-1.206607,-0.007326,-0.036630,2.173985,0.051283,-0.686203
-1.206607,-0.007326,-0.036630,2.174366,0.065933,-0.940171
-1.206607,-0.021978,-0.031746,2.174366,0.065933,-1.042735
-1.206607,-0.007326,-0.031746,2.174366,0.007326,-0.940171
-1.206607,-0.007326,-0.031746,2.173985,0.007326,-0.695971
-1.206607,-0.007326,-0.031746,2.173603,-0.051285,-0.432235
-1.206607,-0.021978,-0.031746,2.173603,-0.065935,-0.261294
-1.206607,-0.007326,-0.036630,2.173603,-0.021980,-0.256411
-1.206607,-0.007326,-0.041514,2.173603,0.021978,-0.442002
-1.206607,-0.007326,-0.036630,2.173985,0.065933,-0.725275
-1.206607,-0.021978,-0.036630,2.174366,0.080585,-0.959707
-1.206607,-0.007326,-0.031746,2.174366,0.036631,-1.037851
-1.206607,0.007328,-0.031746,2.174366,0.021978,-0.915751
-1.206607,-0.021978,-0.031746,2.173985,-0.021980,-0.661782
-1.206607,0.007328,-0.031746,2.173603,-0.065935,-0.402930
-1.206607,-0.007326,-0.036630,2.173603,-0.051285,-0.246642
-1.206607,-0.007326,-0.036630,2.173603,-0.007328,-0.271062
-1.206607,-0.007326,-0.041514,2.173603,0.021978,-0.476191
-1.206607,-0.007326,-0.041514,2.173985,0.065933,-0.754579
-1.206607,0.007328,-0.036630,2.174366,0.051283,-0.979243
-1.206607,0.007328,-0.031746,2.174366,0.036631,-1.032967
-1.206607,-0.007326,-0.031746,2.174366,0.021978,-0.886447
-1.206607,-0.021978,-0.026862,2.173985,-0.021980,-0.622710
-1.206607,-0.007326,-0.031746,2.173603,-0.051285,-0.378510
-1.206607,-0.021978,-0.031746,2.173603,-0.065935,-0.241758
-1.206607,-0.021978,-0.036630,2.173603,-0.007328,-0.290598
-1.206607,-0.021978,-0.036630,2.173603,0.036631,-0.515263
-1.206607,-0.021978,-0.036630,2.173985,0.065933,-0.793651
-1.206607,-0.021978,-0.036630,2.174366,0.065933,-0.998779
-1.206607,0.007328,-0.031746,2.174366,0.036631,-1.028083
-1.206225,0.007328,-0.031746,2.173985,-0.007328,-0.852259
-1.206607,-0.007326,-0.026862,2.173985,-0.051285,-0.588523
-1.206607,-0.007326,-0.026862,2.173603,-0.080587,-0.349206
-1.206607,-0.007326,-0.031746,2.173222,-0.051285,-0.236875
-1.206607,-0.007326,-0.036630,2.173603,-0.007328,-0.315019
-1.206607,-0.007326,-0.036630,2.173603,0.051283,-0.554335
-1.206607,-0.007326,-0.036630,2.173985,0.065933,-0.832723
-1.206607,0.007328,-0.031746,2.174366,0.065933,-1.013431
-1.206607,-0.007326,-0.031746,2.174366,0.021978,-1.008547
-1.206607,0.007328,-0.031746,2.174366,0.021978,-0.818070
-1.206607,-0.007326,-0.031746,2.173985,-0.036633,-0.544566
-1.206607,-0.007326,-0.031746,2.173603,-0.051285,-0.324786
-1.206607,-0.007326,-0.036630,2.173603,-0.036633,-0.236875
-1.206607,-0.007326,-0.036630,2.173603,-0.007328,-0.344322
-1.206607,-0.007326,-0.036630,2.173603,0.036631,-0.598290
-1.206607,-0.021978,-0.036630,2.174366,0.080585,-0.871795
-1.206607,-0.007326,-0.031746,2.174366,0.051283,-1.028083
-1.206607,-0.007326,-0.031746,2.174366,0.007326,-0.993895
-1.206607,-0.007326,-0.026862,2.174366,-0.007328,-0.778998
-1.206607,-0.007326,-0.031746,2.173985,-0.051285,-0.505494
-1.206607,-0.007326,-0.031746,2.173603,-0.065935,-0.300366
-1.206607,-0.007326,-0.036630,2.173222,-0.021980,-0.236875
-1.206607,-0.021978,-0.036630,2.173603,-0.007328,-0.378510
-1.206607,-0.007326,-0.036630,2.173985,0.065933,-0.642246
-1.206607,-0.007326,-0.036630,2.174366,0.080585,-0.905983
-1.206607,0.007328,-0.031746,2.174366,0.051283,-1.037851
-1.206607,-0.007326,-0.031746,2.174366,0.007326,-0.964591
-1.206607,-0.007326,-0.026862,2.173985,-0.007328,-0.735043
-1.206607,-0.007326,-0.031746,2.173603,-0.065935,-0.466422
-1.206607,-0.007326,-0.031746,2.173603,-0.065935,-0.275947
-1.206607,0.007328,-0.036630,2.173222,-0.036633,-0.246642
-1.206607,-0.007326,-0.036630,2.173603,0.021978,-0.417583
-1.206607,-0.007326,-0.036630,2.173985,0.080585,-0.691087
-1.206607,-0.007326,-0.036630,2.174366,0.080585,-0.940171
-1.206607,-0.007326,-0.031746,2.174366,0.051283,-1.037851
-1.206607,0.007328,-0.031746,2.174366,0.021978,-0.935287
-1.206225,-0.007326,-0.031746,2.173985,-0.007328,-0.691087
-1.206607,-0.007326,-0.031746,2.173603,-0.051285,-0.427350
-1.206607,-0.007326,-0.031746,2.173603,-0.051285,-0.261294
-1.206607,-0.007326,-0.036630,2.173222,-0.007328,-0.266178
-1.206607,-0.007326,-0.036630,2.173603,0.036631,-0.461538
-1.206607,-0.007326,-0.036630,2.173985,0.080585,-0.739926
-1.206607,0.007328,-0.036630,2.174366,0.065933,-0.969475
-1.206607,0.007328,-0.031746,2.174366,0.036631,-1.037851
-1.206607,-0.007326,-0.031746,2.174366,0.007326,-0.896214
-1.206607,-0.021978,-0.026862,2.173985,-0.036633,-0.642246
-1.206607,-0.007326,-0.031746,2.173603,-0.065935,-0.383394
-1.206607,-0.021978,-0.031746,2.173222,-0.051285,-0.246642
-1.206607,-0.007326,-0.036630,2.173603,-0.021980,-0.285714
-1.206607,-0.007326,-0.036630,2.173603,0.021978,-0.505494
-1.206607,-0.007326,-0.036630,2.173985,0.065933,-0.788767
-1.206607,-0.007326,-0.036630,2.174366,0.080585,-0.998779
-1.206607,-0.007326,-0.031746,2.174366,0.021978,-1.023199
-1.206607,-0.007326,-0.026862,2.174366,-0.007328,-0.852259
-1.206607,-0.007326,-0.031746,2.173985,-0.036633,-0.588523
-1.206607,-0.007326,-0.031746,2.173603,-0.065935,-0.349206
-1.206607,-0.021978,-0.036630,2.173603,-0.036633,-0.236875
-1.206607,-0.021978,-0.036630,2.173603,0.007326,-0.315019
-1.206607,-0.007326,-0.036630,2.173603,0.036631,-0.559218
-1.206607,-0.007326,-0.036630,2.173985,0.080585,-0.837606
-1.206607,-0.007326,-0.031746,2.174366,0.065933,-1.018315
-1.206607,-0.007326,-0.031746,2.174366,0.021978,-1.008547
-1.206607,-0.007326,-0.031746,2.174366,0.007326,-0.808303
-1.206607,-0.007326,-0.031746,2.173985,-0.036633,-0.539682
-1.206607,-0.007326,-0.036630,2.173603,-0.065935,-0.315019
-1.206607,0.007328,-0.036630,2.173222,-0.051285,-0.236875
-1.206607,-0.007326,-0.036630,2.173603,0.007326,-0.358974
-1.206607,-0.021978,-0.036630,2.173985,0.051283,-0.612943
-1.206607,-0.007326,-0.036630,2.174366,0.065933,-0.886447
-1.206607,0.007328,-0.031746,2.174366,0.051283,-1.032967
-1.206607,-0.007326,-0.031746,2.174366,0.007326,-0.979243
-1.206607,-0.007326,-0.031746,2.173985,0.007326,-0.754579
-1.206607,-0.007326,-0.031746,2.173985,-0.065935,-0.485958
-1.206607,-0.007326,-0.031746,2.173603,-0.080587,-0.285714
-1.206607,-0.007326,-0.036630,2.173222,-0.036633,-0.246642
-1.206607,-0.007326,-0.036630,2.173603,0.021978,-0.398046
-1.206607,-0.036631,-0.036630,2.173985,0.051283,-0.671551
-1.206607,-0.007326,-0.036630,2.174366,0.065933,-0.930403
-1.206607,-0.007326,-0.031746,2.174366,0.051283,-1.042735
-1.206607,-0.021978,-0.031746,2.174366,0.007326,-0.940171
-1.206225,0.007328,-0.031746,2.173985,-0.021980,-0.700854
-1.206607,-0.007326,-0.031746,2.173603,-0.065935,-0.432235
-1.206607,-0.007326,-0.031746,2.173603,-0.065935,-0.261294
-1.206607,-0.007326,-0.036630,2.173603,-0.036633,-0.261294
-1.206607,-0.007326,-0.036630,2.173603,0.021978,-0.446886
-1.206607,-0.021978,-0.036630,2.173985,0.080585,-0.730159
-1.206607,-0.007326,-0.031746,2.174366,0.080585,-0.969475
-1.206607,-0.007326,-0.031746,2.174366,0.036631,-1.032967
-1.206607,-0.007326,-0.031746,2.174366,0.007326,-0.896214
-1.206607,-0.007326,-0.031746,2.173985,-0.036633,-0.642246
-1.206607,-0.007326,-0.031746,2.173603,-0.065935,-0.388278
-1.206607,-0.021978,-0.036630,2.173603,-0.051285,-0.246642
-1.206607,-0.007326,-0.036630,2.173222,-0.007328,-0.285714
-1.206607,-0.007326,-0.036630,2.173603,0.036631,-0.510379
-1.206607,-0.007326,-0.036630,2.173985,0.065933,-0.793651
-1.206607,-0.007326,-0.036630,2.174366,0.080585,-0.998779
-1.206607,-0.007326,-0.031746,2.174366,0.051283,-1.023199
-1.206607,0.007328,-0.031746,2.174366,0.007326,-0.847375
-1.206607,-0.021978,-0.031746,2.173985,-0.051285,-0.578754
-1.206607,0.007328,-0.031746,2.173603,-0.065935,-0.344322
-1.206607,-0.007326,-0.031746,2.173603,-0.021980,-0.236875
-1.206607,-0.007326,-0.036630,2.173603,0.007326,-0.324786
-1.206607,-0.021978,-0.036630,2.173985,0.065933,-0.568987
-1.206607,0.007328,-0.036630,2.174366,0.080585,-0.847375
-1.206607,-0.007326,-0.036630,2.174366,0.065933,-1.023199
-1.206607,-0.007326,-0.031746,2.174366,0.007326,-0.998779
-1.206607,-0.007326,-0.031746,2.173985,0.007326,-0.788767
-1.206607,-0.007326,-0.031746,2.173985,-0.051285,-0.515263
-1.206607,-0.021978,-0.031746,2.173603,-0.065935,-0.305250
-1.206607,-0.007326,-0.036630,2.173222,-0.036633,-0.236875
-1.206607,-0.007326,-0.036630,2.173603,0.007326,-0.373627
-1.206607,-0.021978,-0.036630,2.173985,0.065933,-0.637362
-1.206607,-0.007326,-0.036630,2.174366,0.095238,-0.905983
-1.206607,0.007328,-0.036630,2.174366,0.065933,-1.037851
-1.206607,-0.007326,-0.031746,2.174366,0.007326,-0.964591
-1.206607,-0.007326,-0.031746,2.173985,0.007326,-0.730159
-1.206607,-0.007326,-0.031746,2.173603,-0.065935,-0.456655
-1.206607,-0.007326,-0.031746,2.173603,-0.065935,-0.275947
-1.206607,-0.007326,-0.036630,2.173603,-0.007328,-0.251526
-1.206607,-0.021978,-0.041514,2.173603,0.007326,-0.427350
-1.206607,-0.007326,-0.041514,2.173985,0.065933,-0.705739
-1.206607,0.007328,-0.036630,2.174366,0.080585,-0.949939
-1.206607,-0.007326,-0.031746,2.174366,0.036631,-1.037851
-1.206607,-0.007326,-0.031746,2.174366,0.007326,-0.910867
-1.206607,0.007328,-0.031746,2.173985,-0.021980,-0.656898
-1.206607,-0.021978,-0.031746,2.173603,-0.065935,-0.402930
-1.206607,-0.007326,-0.031746,2.173222,-0.051285,-0.251526
-1.206607,-0.007326,-0.036630,2.173603,-0.021980,-0.280830
-1.206607,-0.007326,-0.036630,2.173603,0.051283,-0.490843
-1.206607,-0.021978,-0.036630,2.173985,0.080585,-0.778998
-1.206607,-0.007326,-0.036630,2.174366,0.080585,-0.993895
-1.206607,-0.007326,-0.031746,2.174366,0.036631,-1.023199
-1.206607,-0.007326,-0.031746,2.174366,-0.007328,-0.857142
-1.206607,-0.007326,-0.026862,2.173985,-0.021980,-0.593407
-1.206607,-0.021978,-0.031746,2.173603,-0.065935,-0.354091
-1.206607,-0.007326,-0.036630,2.173222,-0.036633,-0.241758
-1.206607,-0.021978,-0.036630,2.173603,0.007326,-0.319902
-1.206607,-0.007326,-0.036630,2.173603,0.051283,-0.559218
-1.206607,-0.007326,-0.036630,2.174366,0.080585,-0.842491
-1.206607,-0.007326,-0.031746,2.174366,0.036631,-1.023199
-1.206607,0.007328,-0.031746,2.174366,0.036631,-0.998779
-1.206607,-0.007326,-0.031746,2.174366,-0.007328,-0.793651
-1.206607,-0.007326,-0.031746,2.173985,-0.051285,-0.520146
-1.206607,-0.007326,-0.031746,2.173603,-0.065935,-0.310134
-1.206607,-0.021978,-0.036630,2.173603,-0.036633,-0.241758
-1.206607,-0.007326,-0.036630,2.173603,0.007326,-0.373627
-1.206607,-0.007326,-0.036630,2.173985,0.065933,-0.637362
-1.206607,0.007328,-0.036630,2.174366,0.095238,-0.905983
-1.206607,0.007328,-0.031746,2.174366,0.065933,-1.037851
-1.206607,-0.007326,-0.031746,2.174366,0.007326,-0.959707
-1.206607,-0.007326,-0.031746,2.173985,-0.007328,-0.725275
-1.206607,0.007328,-0.031746,2.173603,-0.065935,-0.456655
-1.206607,-0.021978,-0.031746,2.173222,-0.065935,-0.271062
-1.206607,-0.007326,-0.036630,2.173222,-0.021980,-0.256411
-1.206607,-0.007326,-0.036630,2.173603,0.021978,-0.437119
-1.206607,-0.007326,-0.036630,2.173985,0.065933,-0.715507
-1.206607,-0.007326,-0.036630,2.174366,0.065933,-0.959707
-1.206607,-0.007326,-0.031746,2.174366,0.036631,-1.037851
-1.206607,0.007328,-0.031746,2.174366,0.007326,-0.905983
-1.206607,0.007328,-0.031746,2.173985,-0.021980,-0.647131
-1.206607,-0.007326,-0.031746,2.173603,-0.065935,-0.393163
-1.206607,-0.007326,-0.036630,2.173222,-0.065935,-0.246642
-1.206607,-0.007326,-0.036630,2.173222,-0.007328,-0.290598
-1.206607,-0.007326,-0.036630,2.173603,0.051283,-0.505494
-1.206607,-0.007326,-0.036630,2.173985,0.095238,-0.793651
-1.206607,-0.007326,-0.036630,2.174366,0.080585,-1.003663
-1.206607,-0.007326,-0.031746,2.174366,0.036631,-1.018315
-1.206607,-0.021978,-0.031746,2.174366,0.007326,-0.842491
-1.206607,-0.007326,-0.026862,2.173985,-0.036633,-0.568987
-1.206607,-0.021978,-0.031746,2.173603,-0.080587,-0.339438
-1.206607,-0.007326,-0.036630,2.173222,-0.036633,-0.236875
-1.206607,-0.021978,-0.036630,2.173603,0.007326,-0.334555
-1.206607,-0.007326,-0.036630,2.173985,0.065933,-0.583638
-1.206607,0.007328,-0.036630,2.174366,0.095238,-0.866911
-1.206607,-0.007326,-0.036630,2.174366,0.065933,-1.028083
-1.206607,0.007328,-0.031746,2.174366,0.007326,-0.984127
-1.206607,-0.007326,-0.031746,2.173985,-0.021980,-0.769231
-1.206607,-0.007326,-0.031746,2.173985,-0.051285,-0.495727
-1.206607,-0.021978,-0.031746,2.173222,-0.080587,-0.290598
-1.206607,-0.021978,-0.036630,2.173222,-0.036633,-0.246642
-1.206607,-0.007326,-0.036630,2.173603,0.021978,-0.398046
-1.206607,-0.007326,-0.036630,2.173985,0.065933,-0.671551
-1.206607,-0.007326,-0.036630,2.174366,0.065933,-0.930403
-1.206607,-0.007326,-0.036630,2.174366,0.051283,-1.037851
-1.206607,0.007328,-0.031746,2.174366,0.007326,-0.935287
-1.206607,-0.007326,-0.031746,2.173985,-0.021980,-0.691087
-1.206607,-0.007326,-0.031746,2.173603,-0.080587,-0.427350
-1.206607,-0.007326,-0.031746,2.173222,-0.065935,-0.261294
-1.206607,-0.021978,-0.036630,2.173222,-0.007328,-0.271062
-1.206607,-0.007326,-0.036630,2.173603,0.021978,-0.471307
-1.206607,-0.007326,-0.036630,2.173985,0.095238,-0.754579
-1.206607,-0.007326,-0.036630,2.174366,0.080585,-0.984127
-1.206607,-0.007326,-0.031746,2.174366,0.036631,-1.028083
-1.206607,0.007328,-0.031746,2.174366,0.007326,-0.871795
-1.206607,0.007328,-0.031746,2.173985,-0.021980,-0.608059
-1.206607,-0.007326,-0.031746,2.173603,-0.080587,-0.363858
-1.206607,0.007328,-0.036630,2.173222,-0.036633,-0.241758
-1.206607,0.007328,-0.036630,2.173603,-0.007328,-0.315019
-1.206607,-0.007326,-0.036630,2.173603,0.021978,-0.554335
-1.206607,-0.007326,-0.036630,2.174366,0.095238,-0.837606
-1.206607,-0.007326,-0.036630,2.174366,0.065933,-1.018315
-1.206607,-0.007326,-0.031746,2.174366,0.021978,-0.998779
-1.206225,0.021980,-0.031746,2.174366,-0.007328,-0.793651
-1.206607,0.007328,-0.026862,2.173985,-0.051285,-0.520146
-1.206607,-0.007326,-0.031746,2.173603,-0.080587,-0.310134
-1.206607,-0.007326,-0.031746,2.173222,-0.051285,-0.241758
-1.206607,-0.007326,-0.036630,2.173603,0.007326,-0.378510
-1.206607,-0.007326,-0.036630,2.173985,0.051283,-0.642246
-1.206607,-0.007326,-0.036630,2.174366,0.095238,-0.910867
-1.206607,0.007328,-0.036630,2.174366,0.065933,-1.037851
-1.206607,-0.007326,-0.031746,2.174366,0.021978,-0.949939
-1.206607,0.007328,-0.031746,2.173985,-0.021980,-0.710623
-1.206607,-0.007326,-0.031746,2.173603,-0.065935,-0.442002
-1.206607,0.007328,-0.031746,2.173603,-0.080587,-0.266178
-1.206607,-0.021978,-0.036630,2.173222,-0.007328,-0.266178
-1.206607,-0.007326,-0.036630,2.173603,0.021978,-0.456655
-1.206607,-0.007326,-0.036630,2.173985,0.095238,-0.735043
-1.206607,-0.007326,-0.036630,2.174366,0.065933,-0.974359
-1.206607,0.007328,-0.031746,2.174366,0.036631,-1.032967
-1.206607,-0.007326,-0.031746,2.174366,0.021978,-0.881563
-1.206607,-0.007326,-0.031746,2.173985,-0.036633,-0.622710
-1.206607,-0.021978,-0.031746,2.173603,-0.080587,-0.373627
-1.206607,-0.007326,-0.036630,2.173222,-0.080587,-0.241758
-1.206607,-0.007326,-0.036630,2.173603,0.007326,-0.305250
-1.206607,-0.007326,-0.036630,2.173603,0.051283,-0.539682
-1.206607,-0.007326,-0.036630,2.173985,0.080585,-0.827839
-1.206607,-0.021978,-0.036630,2.174366,0.065933,-1.018315
-1.206607,-0.007326,-0.031746,2.174366,0.021978,-1.003663
-1.206607,0.007328,-0.031746,2.174366,-0.007328,-0.803419
-1.206607,-0.007326,-0.031746,2.173985,-0.051285,-0.529915
-1.206607,-0.021978,-0.031746,2.173603,-0.065935,-0.315019
-1.206607,0.007328,-0.036630,2.173222,-0.051285,-0.241758
-1.206607,-0.007326,-0.036630,2.173603,0.021978,-0.373627
-1.206607,-0.021978,-0.036630,2.173985,0.080585,-0.637362
-1.206607,0.007328,-0.036630,2.174366,0.095238,-0.910867
-1.206607,-0.007326,-0.031746,2.174366,0.036631,-1.037851
-1.206607,0.007328,-0.031746,2.174366,0.007326,-0.949939
-1.206607,-0.007326,-0.031746,2.173985,-0.021980,-0.715507
-1.206607,-0.007326,-0.031746,2.173603,-0.065935,-0.446886
-1.206607,0.007328,-0.031746,2.173222,-0.065935,-0.271062
-1.206607,-0.021978,-0.036630,2.173222,-0.007328,-0.261294
-1.206607,-0.007326,-0.036630,2.173603,0.051283,-0.451771
-1.206607,-0.007326,-0.036630,2.173985,0.095238,-0.735043
-1.206607,-0.021978,-0.036630,2.174366,0.065933,-0.974359
-1.206607,-0.007326,-0.031746,2.174366,0.036631,-1.032967
-1.206607,0.007328,-0.031746,2.174366,-0.007328,-0.881563
-1.206607,-0.007326,-0.026862,2.173985,-0.036633,-0.617826
-1.206607,-0.007326,-0.031746,2.173603,-0.080587,-0.368742
-1.206607,-0.021978,-0.036630,2.173222,-0.051285,-0.241758
-1.206607,-0.007326,-0.036630,2.173603,0.007326,-0.310134
-1.206607,-0.007326,-0.036630,2.173603,0.051283,-0.544566
-1.206607,-0.007326,-0.036630,2.174366,0.095238,-0.832723
-1.206607,-0.007326,-0.036630,2.174366,0.051283,-1.018315
-1.206607,-0.007326,-0.031746,2.174366,0.007326,-0.998779
-1.206607,0.007328,-0.031746,2.174366,-0.007328,-0.793651
-1.206607,-0.007326,-0.031746,2.173985,-0.051285,-0.525030
-1.206607,-0.007326,-0.031746,2.173603,-0.065935,-0.310134
-1.206607,-0.007326,-0.031746,2.173603,-0.036633,-0.241758
-1.206607,-0.007326,-0.036630,2.173603,0.007326,-0.378510
-1.206607,-0.021978,-0.036630,2.173985,0.080585,-0.652015
-1.206607,-0.007326,-0.036630,2.174366,0.080585,-0.915751
-1.206607,-0.007326,-0.031746,2.174366,0.051283,-1.037851
-1.206607,0.007328,-0.031746,2.174366,0.007326,-0.940171
-1.206607,0.007328,-0.026862,2.173985,-0.021980,-0.700854
-1.206607,-0.007326,-0.026862,2.173603,-0.065935,-0.432235
-1.206607,-0.007326,-0.031746,2.173222,-0.080587,-0.266178
-1.206607,-0.021978,-0.036630,2.173603,-0.021980,-0.271062
-1.206607,-0.021978,-0.036630,2.173603,0.021978,-0.466422
-1.206607,-0.007326,-0.036630,2.173985,0.095238,-0.754579
-1.206607,-0.007326,-0.036630,2.174366,0.080585,-0.984127
-1.206607,0.007328,-0.031746,2.174366,0.036631,-1.028083
-1.206607,-0.007326,-0.031746,2.174366,-0.007328,-0.866911
-1.206607,-0.007326,-0.026862,2.173985,-0.036633,-0.598290
-1.206607,-0.007326,-0.031746,2.173603,-0.080587,-0.354091
-1.206607,0.007328,-0.031746,2.173222,-0.065935,-0.241758
-1.206607,-0.007326,-0.036630,2.173603,-0.007328,-0.324786
-1.206607,-0.007326,-0.036630,2.173985,0.065933,-0.568987
-1.206607,-0.007326,-0.036630,2.174366,0.080585,-0.852259
-1.206607,-0.007326,-0.036630,2.174366,0.051283,-1.028083
-1.206607,-0.007326,-0.031746,2.174366,0.021978,-0.989011
-1.206225,0.021980,-0.031746,2.174366,-0.007328,-0.774115
-1.206607,-0.007326,-0.031746,2.173603,-0.065935,-0.500610
-1.206607,-0.007326,-0.031746,2.173222,-0.080587,-0.295483
-1.206607,-0.007326,-0.036630,2.173222,-0.036633,-0.246642
-1.206607,-0.021978,-0.036630,2.173603,0.021978,-0.402930
-1.206607,0.007328,-0.036630,2.173985,0.080585,-0.681318
-1.206607,-0.007326,-0.036630,2.174366,0.095238,-0.940171
-1.206607,-0.007326,-0.036630,2.174366,0.036631,-1.037851
-1.206607,-0.007326,-0.031746,2.174366,0.007326,-0.920635
-1.206225,-0.007326,-0.031746,2.173985,-0.021980,-0.671551
-1.206607,-0.007326,-0.031746,2.173603,-0.080587,-0.407814
-1.206607,-0.007326,-0.031746,2.173222,-0.051285,-0.251526
-1.206607,0.007328,-0.036630,2.173222,-0.021980,-0.285714
-1.206607,-0.007326,-0.036630,2.173603,0.051283,-0.500610
-1.206607,-0.007326,-0.036630,2.174366,0.095238,-0.788767
-1.206607,-0.007326,-0.036630,2.174366,0.080585,-1.003663
-1.206607,-0.007326,-0.031746,2.174366,0.036631,-1.018315
-1.206607,0.007328,-0.031746,2.174366,0.007326,-0.832723
-1.206607,-0.007326,-0.031746,2.173985,-0.065935,-0.564102
-1.206607,0.007328,-0.031746,2.173603,-0.080587,-0.329670
-1.206607,-0.007326,-0.031746,2.173222,-0.036633,-0.236875
-1.206607,-0.007326,-0.036630,2.173603,0.007326,-0.349206
-1.206607,-0.007326,-0.036630,2.173985,0.065933,-0.608059
-1.206607,0.007328,-0.036630,2.174366,0.080585,-0.886447
-1.206607,-0.007326,-0.031746,2.174366,0.051283,-1.032967
-1.206607,-0.007326,-0.031746,2.174366,0.007326,-0.964591
-1.206225,0.007328,-0.031746,2.174366,-0.007328,-0.730159
-1.206607,-0.007326,-0.031746,2.173603,-0.065935,-0.461538
-1.206607,0.007328,-0.031746,2.173222,-0.080587,-0.275947
-1.206607,-0.021978,-0.036630,2.173222,-0.007328,-0.261294
-1.206607,-0.007326,-0.036630,2.173603,0.021978,-0.446886
-1.206607,-0.007326,-0.036630,2.174366,0.095238,-0.725275
-1.206607,-0.007326,-0.036630,2.174366,0.080585,-0.969475
-1.206607,0.007328,-0.031746,2.174366,0.036631,-1.032967
-1.206607,-0.007326,-0.031746,2.174366,0.007326,-0.886447
-1.206607,-0.021978,-0.026862,2.173985,-0.036633,-0.622710
-1.206607,0.007328,-0.031746,2.173603,-0.080587,-0.373627
-1.206607,-0.007326,-0.031746,2.173222,-0.051285,-0.246642
-1.206607,-0.021978,-0.036630,2.173222,-0.007328,-0.315019
-1.206607,-0.007326,-0.036630,2.173985,0.065933,-0.549451
-1.206607,-0.007326,-0.036630,2.174366,0.109890,-0.837606
-1.206607,-0.007326,-0.031746,2.174366,0.080585,-1.018315
-1.206607,-0.007326,-0.031746,2.174366,0.021978,-0.989011
-1.206607,-0.007326,-0.026862,2.174366,0.007326,-0.783883
-1.206607,-0.007326,-0.031746,2.173603,-0.065935,-0.510379
-1.206607,0.007328,-0.031746,2.173222,-0.065935,-0.300366
-1.206607,-0.007326,-0.031746,2.173222,-0.036633,-0.246642
-1.206607,-0.007326,-0.036630,2.173603,0.007326,-0.398046
-1.206607,-0.007326,-0.036630,2.173985,0.095238,-0.671551
-1.206607,-0.021978,-0.036630,2.174366,0.095238,-0.935287
-1.206607,-0.007326,-0.031746,2.174366,0.036631,-1.037851
-1.206607,-0.007326,-0.031746,2.174366,0.007326,-0.925519
-1.206607,-0.021978,-0.031746,2.173985,-0.021980,-0.671551
-1.206607,-0.007326,-0.031746,2.173603,-0.065935,-0.407814
-1.206607,-0.007326,-0.031746,2.173222,-0.080587,-0.251526
-1.206607,-0.007326,-0.036630,2.173222,-0.021980,-0.285714
-1.206607,-0.007326,-0.036630,2.173603,0.065933,-0.500610
-1.206607,-0.007326,-0.036630,2.174366,0.095238,-0.788767
-1.206607,0.007328,-0.036630,2.174366,0.065933,-0.998779
-1.206607,-0.007326,-0.031746,2.174366,0.036631,-1.013431
-1.206607,-0.021978,-0.031746,2.174366,-0.007328,-0.827839
-1.206607,-0.007326,-0.026862,2.173985,-0.065935,-0.554335
-1.206607,-0.007326,-0.031746,2.173222,-0.080587,-0.329670
-1.206607,-0.021978,-0.031746,2.173222,-0.036633,-0.241758
-1.206607,-0.007326,-0.036630,2.173603,0.007326,-0.358974
-1.206607,-0.021978,-0.036630,2.173985,0.080585,-0.622710
-1.206607,-0.007326,-0.036630,2.174366,0.109890,-0.896214
-1.206607,0.007328,-0.031746,2.174366,0.051283,-1.037851
-1.206607,-0.007326,-0.031746,2.174366,0.007326,-0.954823
-1.206607,-0.007326,-0.031746,2.173985,-0.007328,-0.720390
-1.206607,-0.021978,-0.031746,2.173603,-0.080587,-0.451771
-1.206607,-0.007326,-0.031746,2.173603,-0.065935,-0.271062
-1.206607,0.007328,-0.036630,2.173222,-0.036633,-0.266178
-1.206607,-0.021978,-0.036630,2.173603,0.021978,-0.461538
-1.206607,-0.007326,-0.036630,2.173985,0.095238,-0.749695
-1.206607,-0.021978,-0.036630,2.174366,0.080585,-0.984127
-1.206607,0.007328,-0.031746,2.174366,0.036631,-1.028083
-1.206607,-0.007326,-0.031746,2.174366,0.007326,-0.862027
-1.206225,0.007328,-0.026862,2.173985,-0.051285,-0.593407
-1.206607,-0.021978,-0.026862,2.173603,-0.080587,-0.354091
-1.206607,-0.021978,-0.031746,2.173222,-0.036633,-0.241758
-1.206607,0.007328,-0.036630,2.173603,0.007326,-0.329670
-1.206607,-0.021978,-0.036630,2.173985,0.065933,-0.583638
-1.206607,0.007328,-0.036630,2.174366,0.109890,-0.866911
-1.206607,-0.007326,-0.036630,2.174366,0.051283,-1.032967
-1.206607,-0.007326,-0.031746,2.174366,0.021978,-0.974359
-1.206607,-0.021978,-0.031746,2.174366,-0.007328,-0.749695
-1.206607,-0.007326,-0.031746,2.173603,-0.065935,-0.481074
-1.206607,-0.007326,-0.031746,2.173222,-0.095240,-0.285714
-1.206607,-0.007326,-0.036630,2.173222,-0.021980,-0.256411
-1.206607,-0.007326,-0.036630,2.173603,0.036631,-0.427350
-1.206607,-0.021978,-0.036630,2.173985,0.080585,-0.710623
-1.206607,-0.007326,-0.036630,2.174366,0.095238,-0.959707
-1.206607,-0.007326,-0.031746,2.174366,0.036631,-1.032967
-1.206607,0.007328,-0.031746,2.174366,0.007326,-0.891331
-1.206607,-0.007326,-0.031746,2.173985,-0.051285,-0.627595
-1.206607,-0.007326,-0.031746,2.173603,-0.080587,-0.378510
-1.206607,-0.007326,-0.031746,2.173222,-0.080587,-0.246642
-1.206607,-0.021978,-0.036630,2.173603,0.007326,-0.315019
-1.206607,-0.021978,-0.036630,2.173985,0.065933,-0.549451
-1.206607,-0.007326,-0.036630,2.174366,0.095238,-0.842491
-1.206607,0.007328,-0.036630,2.174366,0.065933,-1.023199
-1.206607,-0.007326,-0.031746,2.174366,0.021978,-0.989011
-1.206607,-0.007326,-0.026862,2.174366,-0.007328,-0.778998
-1.206607,-0.021978,-0.026862,2.173603,-0.080587,-0.505494
-1.206607,-0.007326,-0.031746,2.173222,-0.080587,-0.295483
-1.206607,-0.007326,-0.036630,2.173222,-0.036633,-0.251526
-1.206607,-0.007326,-0.036630,2.173603,0.021978,-0.407814
-1.206607,-0.007326,-0.036630,2.173985,0.095238,-0.686203
-1.206607,0.007328,-0.036630,2.174366,0.109890,-0.945055
-1.206607,-0.007326,-0.031746,2.174366,0.036631,-1.037851
-1.206607,0.007328,-0.031746,2.174366,0.007326,-0.910867
-1.206607,-0.021978,-0.031746,2.173985,-0.021980,-0.652015
-1.206607,-0.021978,-0.031746,2.173603,-0.095240,-0.393163
-1.206607,-0.007326,-0.031746,2.173222,-0.065935,-0.251526
-1.206607,0.007328,-0.036630,2.173222,-0.021980,-0.300366
-1.206607,-0.007326,-0.036630,2.173985,0.065933,-0.525030
-1.206607,-0.007326,-0.036630,2.174366,0.109890,-0.818070
-1.206607,-0.021978,-0.036630,2.174366,0.065933,-1.013431
-1.206607,-0.007326,-0.031746,2.174366,0.021978,-0.998779
-1.206607,0.007328,-0.031746,2.174366,-0.007328,-0.798534
-1.206607,-0.007326,-0.031746,2.173985,-0.065935,-0.525030
-1.206607,-0.007326,-0.031746,2.173603,-0.080587,-0.310134
-1.206607,-0.021978,-0.036630,2.173222,-0.051285,-0.246642
-1.206607,-0.007326,-0.036630,2.173603,0.021978,-0.393163
-1.206607,-0.007326,-0.036630,2.173985,0.080585,-0.666667
-1.206607,-0.007326,-0.036630,2.174366,0.109890,-0.930403
-1.206607,0.007328,-0.031746,2.174366,0.036631,-1.037851
-1.206607,-0.007326,-0.031746,2.174366,-0.007328,-0.920635
-1.206607,-0.007326,-0.031746,2.173985,-0.036633,-0.671551
-1.206607,-0.007326,-0.031746,2.173603,-0.065935,-0.407814
-1.206607,-0.007326,-0.031746,2.173222,-0.080587,-0.256411
-1.206607,-0.007326,-0.036630,2.173222,-0.036633,-0.290598
-1.206607,-0.021978,-0.036630,2.173603,0.051283,-0.510379
-1.206607,-0.007326,-0.036630,2.174366,0.109890,-0.798534
-1.206607,0.007328,-0.036630,2.174366,0.080585,-1.008547
-1.206607,-0.021978,-0.031746,2.174366,0.021978,-1.003663
-1.206225,-0.021978,-0.031746,2.174366,-0.007328,-0.808303
-1.206607,-0.007326,-0.026862,2.173603,-0.080587,-0.534799
-1.206607,-0.007326,-0.031746,2.173222,-0.080587,-0.315019
-1.206607,-0.007326,-0.031746,2.173222,-0.036633,-0.246642
-1.206607,-0.007326,-0.036630,2.173603,0.007326,-0.378510
-1.206607,-0.021978,-0.036630,2.173985,0.065933,-0.652015
-1.206607,0.007328,-0.036630,2.174366,0.109890,-0.920635
-1.206607,0.007328,-0.031746,2.174366,0.065933,-1.037851
-1.206607,-0.007326,-0.031746,2.174366,0.007326,-0.925519
-1.206225,-0.007326,-0.031746,2.173985,-0.036633,-0.676435
-1.206607,-0.007326,-0.031746,2.173603,-0.080587,-0.417583
-1.206607,-0.007326,-0.031746,2.173222,-0.065935,-0.256411
-1.206607,-0.021978,-0.031746,2.173222,-0.021980,-0.290598
-1.206607,-0.021978,-0.036630,2.173603,0.051283,-0.505494
-1.206607,-0.021978,-0.036630,2.174366,0.095238,-0.793651
-1.206607,-0.007326,-0.036630,2.174366,0.080585,-1.003663
-1.206607,0.007328,-0.031746,2.174366,0.021978,-1.008547
-1.206607,-0.007326,-0.031746,2.174366,-0.007328,-0.813187
-1.206607,0.007328,-0.031746,2.173603,-0.065935,-0.544566
-1.206607,0.007328,-0.031746,2.173222,-0.095240,-0.319902
-1.206607,-0.007326,-0.031746,2.173222,-0.051285,-0.246642
-1.206607,-0.021978,-0.036630,2.173603,0.007326,-0.378510
-1.206607,-0.007326,-0.036630,2.173985,0.080585,-0.647131
-1.206607,-0.021978,-0.036630,2.174366,0.109890,-0.920635
-1.206607,-0.007326,-0.031746,2.174366,0.051283,-1.037851
-1.206607,0.007328,-0.031746,2.174366,0.007326,-0.930403
-1.206607,0.007328,-0.031746,2.173985,-0.036633,-0.681318
-1.206607,-0.021978,-0.031746,2.173603,-0.080587,-0.417583
-1.206607,-0.007326,-0.031746,2.173222,-0.065935,-0.256411
-1.206607,-0.007326,-0.036630,2.173603,-0.007328,-0.285714
-1.206607,-0.007326,-0.036630,2.173603,0.051283,-0.505494
-1.206607,-0.007326,-0.036630,2.174366,0.095238,-0.793651
-1.206607,0.007328,-0.036630,2.174366,0.065933,-1.008547
-1.206607,0.007328,-0.031746,2.174366,0.007326,-1.008547
-1.206225,-0.007326,-0.031746,2.174366,-0.021980,-0.813187
-1.206607,-0.021978,-0.031746,2.173603,-0.065935,-0.539682
-1.206607,-0.007326,-0.031746,2.173222,-0.080587,-0.319902
-1.206607,-0.021978,-0.031746,2.173222,-0.021980,-0.246642
-1.206607,-0.007326,-0.036630,2.173603,0.007326,-0.378510
-1.206607,-0.007326,-0.036630,2.173985,0.080585,-0.652015
-1.206607,0.007328,-0.036630,2.174366,0.095238,-0.920635
-1.206607,-0.021978,-0.036630,2.174366,0.036631,-1.037851
-1.206607,-0.021978,-0.031746,2.174366,0.007326,-0.925519
-1.206225,-0.007326,-0.031746,2.173985,-0.021980,-0.676435
-1.206607,-0.007326,-0.031746,2.173603,-0.080587,-0.412699
-1.206607,-0.007326,-0.031746,2.173222,-0.080587,-0.256411
-1.206607,-0.007326,-0.031746,2.173222,-0.021980,-0.290598
-1.206607,-0.007326,-0.031746,2.173985,0.051283,-0.510379
-1.206607,-0.007326,-0.036630,2.174366,0.109890,-0.798534
-1.206607,-0.007326,-0.031746,2.174748,0.080585,-1.008547
-1.206607,0.007328,-0.031746,2.174366,0.036631,-1.003663
-1.206607,-0.007326,-0.031746,2.174366,-0.021980,-0.808303
-1.206607,-0.007326,-0.031746,2.173603,-0.080587,-0.534799
-1.206607,-0.007326,-0.031746,2.173603,-0.080587,-0.315019
-1.206607,-0.007326,-0.031746,2.173222,-0.036633,-0.246642
-1.206607,-0.007326,-0.036630,2.173603,0.021978,-0.388278
-1.206607,-0.007326,-0.036630,2.173985,0.080585,-0.661782
-1.206607,0.007328,-0.036630,2.174366,0.095238,-0.930403
-1.206607,-0.007326,-0.036630,2.174366,0.036631,-1.037851
-1.206607,-0.007326,-0.031746,2.174366,-0.007328,-0.915751
-1.206607,-0.007326,-0.031746,2.173985,-0.021980,-0.666667
-1.206225,0.007328,-0.026862,2.173603,-0.095240,-0.402930
-1.206607,-0.021978,-0.031746,2.173222,-0.065935,-0.251526
-1.206607,-0.007326,-0.036630,2.173222,-0.007328,-0.300366
-1.206607,-0.007326,-0.036630,2.173603,0.065933,-0.525030
-1.206607,-0.007326,-0.036630,2.174366,0.109890,-0.813187
-1.206607,-0.021978,-0.036630,2.174748,0.095238,-1.013431
-1.206607,-0.007326,-0.031746,2.174366,0.007326,-0.998779
-1.206607,-0.007326,-0.031746,2.174366,-0.021980,-0.788767
-1.206607,-0.007326,-0.031746,2.173603,-0.065935,-0.520146
-1.206607,-0.021978,-0.031746,2.173222,-0.065935,-0.305250
-1.206607,-0.021978,-0.031746,2.173222,-0.036633,-0.251526
-1.206607,-0.007326,-0.036630,2.173603,0.021978,-0.407814
-1.206607,0.007328,-0.036630,2.173985,0.109890,-0.681318
-1.206607,0.007328,-0.031746,2.174366,0.109890,-0.940171
-1.206607,-0.007326,-0.031746,2.174366,0.036631,-1.032967
-1.206607,0.007328,-0.031746,2.174366,0.007326,-0.901099
-1.206225,-0.007326,-0.031746,2.173985,-0.036633,-0.642246
-1.206607,-0.007326,-0.031746,2.173603,-0.080587,-0.388278
-1.206607,-0.007326,-0.031746,2.173222,-0.051285,-0.246642
-1.206607,-0.007326,-0.036630,2.173603,-0.007328,-0.310134
-1.206607,-0.007326,-0.036630,2.173985,0.080585,-0.544566
-1.206607,0.007328,-0.036630,2.174366,0.124542,-0.832723
-1.206607,0.007328,-0.031746,2.174366,0.080585,-1.018315
-1.206607,-0.007326,-0.031746,2.174366,0.007326,-0.984127
