½Ç¶Èrad,½ÇËÙ¶Èrad/s,Å¤¾ØNm,I3,I4,I5
2.477259,3.172161,-0.818070,9.933242,-0.021978,-0.109890
2.490610,3.274725,-0.837606,9.933242,-0.007326,-0.109890
2.505106,3.465200,-0.832723,9.933242,-0.007326,-0.109890
2.518459,3.391941,-0.847375,9.933242,-0.007326,-0.109890
2.530284,3.172161,-0.847375,9.933242,-0.007326,-0.105006
2.542873,3.142857,-0.847375,9.933242,-0.007326,-0.109890
2.556224,3.274725,-0.818070,9.933242,0.007328,-0.105006
2.569194,3.260073,-0.739926,9.933242,-0.007326,-0.105006
2.579875,2.952381,-0.656898,9.933242,0.007328,-0.105006
2.589793,2.688644,-0.568987,9.933242,-0.021978,-0.100122
2.600093,2.644688,-0.525030,9.933242,-0.021978,-0.105006
2.610774,2.615385,-0.505494,9.933242,0.021980,-0.100122
2.619168,2.380953,-0.485958,9.933242,0.007328,-0.100122
2.626034,1.985348,-0.490843,9.933242,-0.021978,-0.100122
2.632138,1.736263,-0.525030,9.933242,0.007328,-0.105006
2.638623,1.706959,-0.578754,9.933242,0.007328,-0.105006
2.644726,1.619047,-0.642246,9.933242,-0.007326,-0.105006
2.648922,1.340660,-0.695971,9.933242,-0.021978,-0.105006
2.652355,1.062271,-0.749695,9.933242,-0.021978,-0.114774
2.656170,0.959707,-0.803419,9.933242,0.007328,-0.119658
2.660366,1.047619,-0.852259,9.933242,-0.007326,-0.124542
2.663800,0.945055,-0.901099,9.933242,-0.007326,-0.124542
2.666471,0.754580,-0.910867,9.933242,-0.021978,-0.124542
2.668760,0.681318,-0.920635,9.933242,0.007328,-0.124542
2.671430,0.666666,-0.954823,9.933242,-0.007326,-0.119658
2.674100,0.681318,-0.969475,9.933242,0.007328,-0.114774
2.676770,0.666666,-0.969475,9.933242,0.007328,-0.109890
2.677915,0.461538,-0.993895,9.932860,-0.007326,-0.105006
2.679059,0.388279,-1.013431,9.933242,0.021980,-0.100122
2.680967,0.388279,-1.047619,9.933242,0.007328,-0.095238
2.682492,0.417582,-1.062271,9.933242,-0.021978,-0.090354
2.683637,0.388279,-1.086691,9.933242,0.007328,-0.090354
2.684018,0.183149,-1.106227,9.933242,-0.007326,-0.090354
2.684400,0.139194,-1.125763,9.933242,0.007328,-0.090354
2.685544,0.241758,-1.155067,9.933242,-0.007326,-0.095238
2.686689,0.285715,-1.179487,9.933242,-0.021978,-0.095238
2.687070,0.168499,-1.184371,9.933242,0.007328,-0.105006
2.687070,0.080585,-1.184371,9.933242,-0.021978,-0.109890
2.687833,0.139194,-1.189255,9.933242,-0.021978,-0.114774
2.688977,0.227106,-1.189255,9.933242,0.007328,-0.109890
2.690122,0.241758,-1.159951,9.933242,-0.021978,-0.109890
2.690885,0.197802,-1.140415,9.933242,-0.007326,-0.109890
2.691266,0.153847,-1.125763,9.933242,-0.007326,-0.105006
2.692029,0.183149,-1.111111,9.933242,0.007328,-0.100122
2.693174,0.241758,-1.101343,9.933242,-0.007326,-0.100122
2.694318,0.271063,-1.096459,9.933242,-0.021978,-0.095238
2.694318,0.153847,-1.091575,9.933242,-0.021978,-0.095238
2.694700,0.080585,-1.086691,9.933242,-0.007326,-0.095238
2.695081,0.109890,-1.106227,9.933242,-0.007326,-0.095238
2.695081,0.080585,-1.130647,9.933242,-0.021978,-0.095238
2.695081,0.051283,-1.150183,9.933242,-0.007326,-0.100122
2.695081,0.021978,-1.155067,9.933242,-0.007326,-0.105006
2.695081,0.021978,-1.169719,9.933242,-0.007326,-0.109890
2.695081,0.007326,-1.179487,9.933242,-0.021978,-0.109890
2.695081,0.021978,-1.189255,9.933242,-0.007326,-0.114774
2.695081,0.007326,-1.194139,9.933242,-0.007326,-0.119658
2.695081,0.007326,-1.199023,9.933242,-0.021978,-0.119658
2.695081,0.007326,-1.203907,9.933242,-0.007326,-0.114774
2.695081,0.007326,-1.208791,9.933242,-0.007326,-0.109890
2.695462,0.021978,-1.208791,9.933242,0.007328,-0.105006
2.695462,0.007326,-1.203907,9.933242,-0.007326,-0.100122
2.695462,0.007326,-1.203907,9.933242,-0.007326,-0.100122
2.695844,0.036631,-1.194139,9.933242,-0.007326,-0.095238
2.695844,0.051283,-1.184371,9.933242,-0.007326,-0.090354
2.696225,0.065933,-1.169719,9.933242,0.007328,-0.090354
2.696607,0.065933,-1.155067,9.933242,-0.007326,-0.090354
2.696607,0.080585,-1.145299,9.933242,-0.007326,-0.095238
2.696988,0.095238,-1.135531,9.933242,-0.021978,-0.095238
2.697370,0.095238,-1.130647,9.933242,-0.021978,-0.100122
2.697751,0.065933,-1.120879,9.933242,-0.007326,-0.105006
2.697751,0.051283,-1.115995,9.933242,-0.021978,-0.109890
2.698133,0.065933,-1.120879,9.933242,0.007328,-0.114774
2.698133,0.036631,-1.120879,9.933242,-0.021978,-0.114774
2.698133,0.036631,-1.120879,9.933242,-0.007326,-0.114774
2.698133,0.007326,-1.130647,9.933242,-0.007326,-0.114774
2.698133,0.007326,-1.135531,9.933242,-0.007326,-0.109890
2.698133,0.021978,-1.145299,9.933242,-0.007326,-0.105006
2.698133,0.007326,-1.145299,9.933242,-0.007326,-0.100122
2.698133,0.007326,-1.150183,9.933242,-0.007326,-0.095238
2.698133,0.007326,-1.150183,9.933242,-0.021978,-0.090354
2.698133,0.007326,-1.155067,9.933242,-0.007326,-0.090354
2.698133,0.007326,-1.159951,9.933242,-0.007326,-0.090354
2.698133,0.007326,-1.159951,9.933242,0.007328,-0.090354
2.698133,0.007326,-1.145299,9.933242,-0.007326,-0.090354
2.698133,-0.007328,-1.140415,9.933242,-0.021978,-0.090354
2.698133,0.021978,-1.125763,9.933242,-0.007326,-0.095238
2.698133,0.021978,-1.106227,9.933242,-0.007326,-0.100122
2.698133,0.007326,-1.086691,9.933242,-0.007326,-0.100122
2.698133,-0.007328,-1.057387,9.933242,-0.007326,-0.105006
2.698133,-0.007328,-1.032967,9.933242,0.007328,-0.105006
2.697751,-0.007328,-1.008547,9.933242,-0.021978,-0.109890
2.697751,-0.021980,-0.979243,9.933242,-0.007326,-0.109890
2.697751,-0.007328,-0.945055,9.933242,0.007328,-0.109890
2.697751,-0.036633,-0.901099,9.933242,-0.021978,-0.109890
2.697370,-0.036633,-0.862027,9.933242,0.007328,-0.105006
2.696988,-0.051285,-0.813187,9.933242,-0.021978,-0.105006
2.696607,-0.080587,-0.764347,9.933242,0.007328,-0.105006
2.696225,-0.095240,-0.720390,9.933242,-0.007326,-0.105006
2.695462,-0.183151,-0.681318,9.933242,-0.007326,-0.100122
2.693937,-0.271065,-0.647131,9.933242,-0.007326,-0.100122
2.693174,-0.256413,-0.598290,9.933242,-0.007326,-0.100122
2.692029,-0.227108,-0.559218,9.933242,-0.007326,-0.105006
2.690503,-0.329672,-0.529915,9.933242,-0.021978,-0.105006
2.688596,-0.402931,-0.490843,9.933242,-0.007326,-0.105006
2.686689,-0.432236,-0.461538,9.933242,0.007328,-0.109890
2.684400,-0.490845,-0.417583,9.933242,-0.007326,-0.105006
2.682111,-0.549452,-0.388278,9.933242,-0.021978,-0.105006
2.679441,-0.578756,-0.358974,9.933242,-0.007326,-0.100122
2.676389,-0.710625,-0.329670,9.933242,-0.021978,-0.100122
2.672956,-0.813189,-0.305250,9.933242,-0.007326,-0.095238
2.669523,-0.813189,-0.275947,9.933242,-0.007326,-0.090354
2.665708,-0.886448,-0.256411,9.933242,-0.007326,-0.085470
2.661511,-0.959709,-0.222222,9.933242,-0.007326,-0.080586
2.656552,-1.120880,-0.212454,9.933242,-0.021978,-0.080586
2.651211,-1.238096,-0.197803,9.933242,-0.007326,-0.075702
2.646252,-1.296705,-0.192918,9.933242,0.007328,-0.080586
2.640911,-1.282053,-0.183150,9.933242,-0.021978,-0.080586
2.635189,-1.369965,-0.173382,9.933242,-0.007326,-0.085470
2.628323,-1.516485,-0.202686,9.933242,-0.021978,-0.090354
2.621456,-1.633701,-0.227106,9.933242,0.007328,-0.095238
2.614970,-1.648354,-0.222222,9.933242,-0.007326,-0.105006
2.608104,-1.663006,-0.212454,9.933242,-0.007326,-0.109890
2.600856,-1.736265,-0.227106,9.933242,-0.036631,-0.119658
2.592845,-1.882786,-0.236875,9.933242,-0.021978,-0.124542
2.584453,-1.985350,-0.231990,9.933242,-0.021978,-0.129426
2.576442,-2.014652,-0.222222,9.933242,0.007328,-0.129426
2.568050,-2.029305,-0.227106,9.933242,-0.007326,-0.124542
2.558894,-2.175827,-0.236875,9.933242,0.007328,-0.124542
2.549358,-2.293041,-0.227106,9.933242,-0.007326,-0.119658
2.539439,-2.395607,-0.241758,9.933242,-0.007326,-0.114774
2.529140,-2.439564,-0.251526,9.933242,-0.007326,-0.105006
2.519222,-2.454216,-0.261294,9.933242,0.007328,-0.105006
2.508539,-2.586082,-0.280830,9.933242,0.007328,-0.100122
2.497858,-2.673996,-0.300366,9.933242,0.007328,-0.100122
2.486414,-2.776558,-0.315019,9.933242,-0.021978,-0.100122
2.474970,-2.791210,-0.334555,9.933242,-0.007326,-0.105006
2.463525,-2.820515,-0.334555,9.933242,-0.007326,-0.109890
2.451699,-2.879124,-0.358974,9.933242,-0.007326,-0.114774
2.439874,-2.952381,-0.354091,9.933242,-0.007326,-0.119658
2.427667,-2.996338,-0.354091,9.933242,-0.021978,-0.124542
2.415459,-3.025642,-0.354091,9.933242,0.007328,-0.129426
2.402870,-3.098904,-0.324786,9.933242,0.007328,-0.129426
2.389900,-3.142860,-0.319902,9.933242,-0.007326,-0.129426
2.377312,-3.172161,-0.329670,9.933242,0.007328,-0.124542
2.363960,-3.201466,-0.339438,9.933242,-0.007326,-0.119658
2.350990,-3.260075,-0.358974,9.933242,-0.021978,-0.119658
2.337257,-3.304031,-0.368742,9.933242,0.007328,-0.109890
2.323905,-3.333336,-0.398046,9.933242,0.007328,-0.105006
2.310554,-3.333336,-0.427350,9.933242,0.007328,-0.100122
2.297202,-3.362640,-0.437119,9.933242,-0.021978,-0.100122
2.283088,-3.391945,-0.442002,9.933242,-0.007326,-0.100122
2.270117,-3.377293,-0.456655,9.933242,0.007328,-0.105006
2.256766,-3.333336,-0.466422,9.933242,-0.007326,-0.105006
2.243033,-3.391945,-0.476191,9.933242,-0.021978,-0.109890
2.229300,-3.421246,-0.476191,9.933242,-0.021978,-0.114774
2.215566,-3.406593,-0.471307,9.933242,-0.021978,-0.119658
2.202596,-3.333336,-0.471307,9.933242,0.007328,-0.119658
2.189245,-3.347988,-0.471307,9.933242,-0.007326,-0.119658
2.175511,-3.362640,-0.471307,9.933242,-0.007326,-0.119658
2.161778,-3.391945,-0.451771,9.933242,-0.021978,-0.114774
2.148808,-3.333336,-0.432235,9.933242,0.007328,-0.109890
2.135456,-3.304031,-0.427350,9.933242,-0.007326,-0.105006
2.121723,-3.377293,-0.422466,9.933242,-0.007326,-0.100122
2.107991,-3.421246,-0.432235,9.933242,-0.007326,-0.095238
2.094639,-3.347988,-0.485958,9.933242,-0.021978,-0.095238
2.082432,-3.230770,-0.573871,9.933242,0.007328,-0.095238
2.069843,-3.128208,-0.676435,9.933242,-0.007326,-0.095238
2.057636,-3.084251,-0.769231,9.933242,-0.007326,-0.095238
2.046191,-2.967033,-0.847375,9.933242,-0.007326,-0.100122
2.035510,-2.776558,-0.905983,9.933242,-0.007326,-0.105006
2.026354,-2.512821,-0.945055,9.933242,0.007328,-0.105006
2.017962,-2.336998,-0.935287,9.933242,-0.036631,-0.105006
2.009569,-2.205132,-0.925519,9.933242,-0.021978,-0.109890
2.001940,-2.000000,-0.891331,9.933242,-0.021978,-0.105006
1.995836,-1.765570,-0.857142,9.933242,-0.021978,-0.105006
1.989733,-1.619049,-0.818070,9.933242,-0.007326,-0.095238
1.984011,-1.487181,-0.759462,9.933242,-0.007326,-0.090354
1.979051,-1.355312,-0.705739,9.933242,-0.007326,-0.085470
1.974473,-1.252748,-0.681318,9.933242,0.007328,-0.080586
1.969896,-1.164837,-0.656898,9.933242,-0.007326,-0.075702
1.966081,-1.091578,-0.632479,9.933242,-0.007326,-0.075702
1.962266,-1.003664,-0.617826,9.933242,0.007328,-0.080586
1.958452,-0.959709,-0.598290,9.933242,0.007328,-0.085470
1.955400,-0.857145,-0.583638,9.933242,0.007328,-0.095238
1.952348,-0.798536,-0.568987,9.933242,-0.007326,-0.105006
1.949296,-0.798536,-0.559218,9.933242,-0.007326,-0.109890
1.946244,-0.754581,-0.559218,9.933242,-0.021978,-0.119658
1.943956,-0.666668,-0.554335,9.933242,-0.021978,-0.124542
1.940904,-0.637363,-0.559218,9.933242,-0.021978,-0.119658
1.938997,-0.593409,-0.559218,9.933242,-0.021978,-0.119658
1.936708,-0.549452,-0.549451,9.933242,0.007328,-0.114774
1.934800,-0.549452,-0.544566,9.933242,0.007328,-0.109890
1.932512,-0.549452,-0.544566,9.933242,-0.007326,-0.100122
1.931366,-0.402931,-0.529915,9.933242,-0.007326,-0.090354
1.929840,-0.344324,-0.525030,9.933242,0.007328,-0.090354
1.928314,-0.388281,-0.500610,9.933242,0.007328,-0.085470
1.926407,-0.402931,-0.500610,9.933242,0.007328,-0.085470
1.925263,-0.344324,-0.505494,9.933242,-0.007326,-0.090354
1.924881,-0.212456,-0.495727,9.933242,-0.007326,-0.095238
1.924118,-0.197803,-0.485958,9.933242,-0.021978,-0.100122
1.922592,-0.300367,-0.476191,9.933242,-0.021978,-0.105006
1.921448,-0.315020,-0.461538,9.933242,-0.007326,-0.109890
1.920685,-0.212456,-0.471307,9.933242,0.007328,-0.109890
1.920304,-0.183151,-0.485958,9.933242,-0.021978,-0.109890
1.918778,-0.271065,-0.500610,9.932860,-0.021978,-0.109890
1.917633,-0.285717,-0.510379,9.932860,-0.021978,-0.105006
1.916870,-0.212456,-0.520146,9.933242,0.007328,-0.100122
1.916107,-0.212456,-0.529915,9.933242,0.007328,-0.095238
1.914963,-0.241760,-0.534799,9.933242,-0.007326,-0.090354
1.914200,-0.212456,-0.525030,9.933242,0.007328,-0.090354
1.913819,-0.139196,-0.525030,9.933242,0.007328,-0.085470
1.913056,-0.168499,-0.525030,9.933242,-0.007326,-0.085470
1.912293,-0.197803,-0.525030,9.933242,-0.007326,-0.085470
1.911530,-0.139196,-0.529915,9.933242,-0.007326,-0.090354
1.911148,-0.124544,-0.529915,9.933242,-0.007326,-0.095238
1.911148,-0.080587,-0.529915,9.933242,-0.007326,-0.100122
1.910767,-0.080587,-0.510379,9.933242,-0.021978,-0.100122
1.910385,-0.080587,-0.500610,9.933242,-0.021978,-0.105006
1.910004,-0.065935,-0.495727,9.933242,-0.007326,-0.105006
1.909622,-0.080587,-0.490843,9.933242,-0.007326,-0.105006
1.909622,-0.065935,-0.485958,9.933242,0.007328,-0.100122
1.909241,-0.051285,-0.481074,9.933242,-0.021978,-0.095238
1.909241,-0.036633,-0.476191,9.933242,0.007328,-0.095238
1.908859,-0.051285,-0.481074,9.933242,0.007328,-0.095238
1.908478,-0.095240,-0.485958,9.933242,-0.021978,-0.095238
1.908097,-0.095240,-0.495727,9.933242,-0.021978,-0.095238
1.907715,-0.065935,-0.505494,9.933242,0.007328,-0.095238
1.907334,-0.065935,-0.515263,9.933242,-0.007326,-0.095238
1.906952,-0.080587,-0.520146,9.933242,0.007328,-0.100122
1.906952,-0.051285,-0.525030,9.933242,0.007328,-0.105006
1.906952,-0.036633,-0.520146,9.933242,-0.007326,-0.105006
1.906952,-0.007328,-0.510379,9.933242,-0.021978,-0.109890
1.906952,0.007326,-0.495727,9.933242,-0.007326,-0.109890
1.906952,0.021978,-0.485958,9.933242,-0.021978,-0.109890
1.906952,0.007326,-0.476191,9.933242,-0.007326,-0.109890
1.906952,0.021978,-0.471307,9.933242,-0.007326,-0.105006
1.906952,0.007326,-0.471307,9.933242,-0.007326,-0.105006
1.906952,-0.007328,-0.471307,9.933242,-0.007326,-0.100122
1.906952,-0.007328,-0.471307,9.933242,0.007328,-0.095238
1.906952,0.007326,-0.476191,9.933242,0.007328,-0.095238
1.906952,0.007326,-0.481074,9.933242,0.007328,-0.090354
1.906952,0.036631,-0.490843,9.933242,-0.021978,-0.090354
1.906952,0.021978,-0.500610,9.933242,-0.007326,-0.095238
1.907334,0.021978,-0.520146,9.933242,-0.007326,-0.095238
1.907334,0.021978,-0.539682,9.933242,-0.007326,-0.100122
1.907334,0.036631,-0.564102,9.933242,-0.036631,-0.100122
1.907334,0.036631,-0.593407,9.933242,-0.021978,-0.100122
1.907715,0.021978,-0.627595,9.933242,-0.007326,-0.100122
1.907715,0.065933,-0.661782,9.933242,0.007328,-0.100122
1.908097,0.051283,-0.695971,9.933242,-0.007326,-0.100122
1.908478,0.065933,-0.735043,9.933242,0.007328,-0.095238
1.908859,0.095238,-0.774115,9.933242,-0.007326,-0.095238
1.909622,0.153847,-0.803419,9.933242,-0.007326,-0.090354
1.910767,0.241758,-0.827839,9.933242,-0.007326,-0.090354
1.911911,0.271063,-0.842491,9.933242,-0.007326,-0.090354
1.913056,0.256411,-0.857142,9.933242,0.007328,-0.090354
1.914582,0.373627,-0.857142,9.933242,0.007328,-0.090354
1.917252,0.505495,-0.871795,9.933242,-0.007326,-0.090354
1.919159,0.549450,-0.881563,9.933242,-0.007326,-0.095238
1.921448,0.520147,-0.881563,9.933242,-0.021978,-0.100122
1.924500,0.666666,-0.866911,9.933242,-0.007326,-0.100122
1.928314,0.813187,-0.881563,9.933242,-0.007326,-0.100122
1.931366,0.827839,-0.866911,9.933242,-0.021978,-0.100122
1.935182,0.886446,-0.862027,9.933242,-0.007326,-0.100122
1.938997,0.915751,-0.866911,9.933242,0.007328,-0.095238
1.943574,1.032967,-0.876678,9.933242,0.021980,-0.095238
1.948152,1.091576,-0.876678,9.933242,-0.007326,-0.095238
1.953111,1.208792,-0.871795,9.933242,-0.021978,-0.095238
1.958070,1.267399,-0.871795,9.933242,-0.021978,-0.095238
1.963411,1.282051,-0.876678,9.933242,0.007328,-0.095238
1.968751,1.282051,-0.886447,9.933242,0.007328,-0.095238
1.974855,1.428572,-0.896214,9.933242,-0.007326,-0.095238
1.981722,1.560440,-0.901099,9.933242,-0.007326,-0.095238
1.988207,1.619047,-0.896214,9.933242,-0.007326,-0.100122
1.994692,1.604395,-0.905983,9.933242,-0.036631,-0.100122
2.001177,1.648352,-0.910867,9.933242,-0.007326,-0.100122
2.009188,1.809525,-0.920635,9.933242,-0.007326,-0.100122
2.017199,1.941391,-0.915751,9.933242,-0.007326,-0.095238
2.025210,1.985348,-0.920635,9.933242,-0.007326,-0.095238
2.032840,1.941391,-0.910867,9.933242,0.007328,-0.095238
2.041614,2.073259,-0.905983,9.933242,-0.007326,-0.095238
2.050769,2.234432,-0.925519,9.933242,0.007328,-0.090354
2.059543,2.219780,-0.925519,9.933242,-0.021978,-0.090354
2.069080,2.278389,-0.915751,9.933242,-0.021978,-0.090354
2.078616,2.380953,-0.925519,9.933242,-0.007326,-0.095238
2.088917,2.454212,-0.920635,9.933242,0.007328,-0.095238
2.099217,2.512821,-0.920635,9.933242,-0.007326,-0.095238
2.109516,2.586081,-0.915751,9.933242,-0.007326,-0.095238
2.120198,2.615385,-0.915751,9.933242,-0.021978,-0.100122
2.130879,2.673992,-0.905983,9.933242,-0.021978,-0.100122
2.142323,2.776556,-0.905983,9.933242,-0.007326,-0.100122
2.153767,2.849817,-0.901099,9.933242,0.007328,-0.100122
2.165592,2.864470,-0.896214,9.933242,-0.007326,-0.100122
2.176656,2.835165,-0.891331,9.933242,-0.007326,-0.100122
2.188482,2.908424,-0.891331,9.933242,0.007328,-0.100122
2.201070,3.025640,-0.876678,9.933242,-0.007326,-0.100122
2.213277,3.069597,-0.876678,9.933242,-0.007326,-0.095238
2.225485,3.054945,-0.866911,9.933242,-0.021978,-0.100122
2.237311,3.010988,-0.871795,9.933242,0.007328,-0.095238
2.250281,3.098902,-0.852259,9.933242,-0.021978,-0.100122
2.263251,3.201466,-0.862027,9.933242,-0.007326,-0.105006
2.275840,3.201466,-0.852259,9.933242,-0.021978,-0.105006
2.288047,3.113552,-0.852259,9.933242,-0.007326,-0.105006
2.300636,3.084249,-0.862027,9.933242,-0.021978,-0.109890
2.313606,3.216118,-0.862027,9.933242,0.007328,-0.109890
2.327338,3.318682,-0.862027,9.933242,-0.007326,-0.109890
2.340308,3.274725,-0.862027,9.933242,-0.007326,-0.109890
2.352897,3.172161,-0.857142,9.933242,-0.007326,-0.109890
2.365867,3.230768,-0.847375,9.933242,-0.007326,-0.109890
2.379601,3.362637,-0.842491,9.933242,-0.007326,-0.090354
2.393334,3.435898,-0.827839,9.933242,0.007328,-0.070818
2.405922,3.318682,-0.837606,9.933242,0.021980,-0.056166
2.418511,3.216118,-0.822955,9.933242,0.007328,-0.041514
2.432245,3.289377,-0.827839,9.933242,0.007328,-0.026862
2.446359,3.435898,-0.822955,9.933623,0.021980,-0.017094
2.459710,3.435898,-0.822955,9.933623,-0.007326,-0.002442
2.471918,3.230768,-0.837606,9.933623,-0.007326,0.007326
2.484888,3.201466,-0.837606,9.933623,0.007328,0.017095
2.498621,3.362637,-0.852259,9.933623,-0.007326,0.021978
2.512736,3.450550,-0.857142,9.933623,0.007328,0.031747
2.525325,3.304029,-0.871795,9.933623,-0.007326,0.036631
2.537532,3.157509,-0.871795,9.933623,0.007328,0.046398
2.550502,3.201466,-0.842491,9.933623,-0.021978,0.056167
2.563472,3.260073,-0.769231,9.934005,0.007328,0.075703
2.575298,3.113552,-0.695971,9.934005,0.021980,0.095239
2.585597,2.820513,-0.603174,9.934005,0.021980,0.109891
2.595897,2.659340,-0.549451,9.934386,0.021980,0.124542
2.606197,2.615385,-0.515263,9.934386,0.036633,0.148963
2.615352,2.498169,-0.495727,9.934768,0.036633,0.163614
2.622982,2.190475,-0.490843,9.934768,0.051285,0.183151
2.629467,1.838827,-0.505494,9.935531,0.080587,0.192919
2.635571,1.706959,-0.559218,9.936294,0.153849,0.192919
2.642056,1.648352,-0.603174,9.937438,0.241760,0.197803
2.647396,1.487179,-0.666667,9.938201,0.197803,0.251527
2.650830,1.164835,-0.710623,9.938201,0.051285,0.275947
2.654644,1.003662,-0.764347,9.938582,0.065935,0.261295
2.658459,0.959707,-0.818070,9.939345,0.109892,0.246643
2.662655,1.018314,-0.866911,9.940108,0.197803,0.241758
2.665326,0.857143,-0.896214,9.941253,0.256413,0.251527
2.667615,0.710623,-0.905983,9.942016,0.197803,0.290599
2.670285,0.681318,-0.940171,9.942397,0.139196,0.290599
2.672574,0.637363,-0.964591,9.943160,0.124544,0.261295
2.675245,0.666666,-0.974359,9.943923,0.197803,0.231991
2.677152,0.608059,-0.993895,9.945449,0.256413,0.217339
2.678296,0.373627,-1.013431,9.946212,0.197803,0.212455
2.679822,0.358974,-1.037851,9.946212,0.124544,0.188035
2.681348,0.388279,-1.072039,9.946212,0.051285,0.168499
2.682874,0.417582,-1.081807,9.946212,0.007328,0.153847
2.683637,0.300365,-1.096459,9.946212,-0.036631,0.134311
2.684018,0.168499,-1.111111,9.945830,-0.021978,0.109891
2.684781,0.168499,-1.135531,9.946212,-0.007326,0.095239
2.685926,0.271063,-1.155067,9.946212,0.007328,0.085470
2.687070,0.271063,-1.169719,9.946212,-0.007326,0.080586
2.687070,0.153847,-1.169719,9.946212,-0.007326,0.075703
2.687452,0.095238,-1.164835,9.946212,-0.021978,0.070819
2.688215,0.183149,-1.174603,9.945830,-0.051283,0.070819
2.689740,0.271063,-1.159951,9.945449,-0.065933,0.070819
2.690503,0.256411,-1.135531,9.945449,-0.080585,0.080586
2.690885,0.183149,-1.115995,9.945449,-0.036631,0.080586
2.691648,0.139194,-1.101343,9.945449,-0.007326,0.090355
2.692029,0.183149,-1.096459,9.945449,0.007328,0.105007
2.693555,0.256411,-1.096459,9.945830,0.021980,0.124542
2.694318,0.212454,-1.091575,9.945830,0.021980,0.144079
2.693937,0.095238,-1.086691,9.946212,0.051285,0.153847
2.694318,0.080585,-1.091575,9.945830,-0.021978,0.158731
2.694700,0.080585,-1.111111,9.945830,-0.007326,0.158731
2.694700,0.051283,-1.140415,9.945830,-0.021978,0.153847
2.694700,0.021978,-1.159951,9.945830,-0.007326,0.144079
2.694700,0.007326,-1.169719,9.945830,0.007328,0.134311
2.694700,0.021978,-1.179487,9.945830,-0.007326,0.124542
2.694700,-0.007328,-1.189255,9.945830,-0.021978,0.119658
2.694700,0.021978,-1.199023,9.945830,-0.007326,0.114775
2.694700,-0.007328,-1.203907,9.945830,-0.021978,0.105007
2.694700,0.007326,-1.208791,9.945830,0.007328,0.105007
2.694700,-0.007328,-1.208791,9.945830,-0.021978,0.105007
2.695081,0.021978,-1.213675,9.945830,-0.021978,0.109891
2.695081,0.021978,-1.213675,9.945830,-0.007326,0.114775
2.695081,0.021978,-1.208791,9.945830,-0.021978,0.114775
2.695081,0.021978,-1.203907,9.945830,-0.007326,0.124542
2.695462,0.036631,-1.199023,9.945830,0.007328,0.134311
2.695462,0.051283,-1.189255,9.945830,0.007328,0.139194
2.695844,0.065933,-1.174603,9.945830,-0.007326,0.144079
2.695844,0.051283,-1.164835,9.945830,-0.007326,0.144079
2.696225,0.065933,-1.145299,9.945830,0.007328,0.139194
2.696607,0.080585,-1.135531,9.945830,-0.021978,0.139194
2.696988,0.065933,-1.125763,9.945830,-0.007326,0.134311
2.696988,0.080585,-1.115995,9.945830,-0.007326,0.129427
2.697370,0.065933,-1.111111,9.945830,-0.021978,0.124542
2.697751,0.080585,-1.106227,9.945830,-0.007326,0.119658
2.697751,0.051283,-1.106227,9.945830,-0.007326,0.119658
2.697751,0.051283,-1.101343,9.945830,0.007328,0.114775
2.697751,0.021978,-1.101343,9.945830,-0.021978,0.114775
2.697751,0.007326,-1.101343,9.945830,-0.007326,0.114775
2.697751,0.021978,-1.096459,9.945830,-0.007326,0.119658
2.697751,0.007326,-1.086691,9.945830,-0.007326,0.124542
2.697751,-0.007328,-1.076923,9.945830,0.007328,0.129427
2.697751,0.007326,-1.062271,9.945830,0.007328,0.134311
2.697751,-0.007328,-1.037851,9.945830,0.007328,0.139194
2.697751,-0.007328,-1.013431,9.945830,-0.007326,0.144079
2.697751,-0.007328,-0.989011,9.945830,-0.007326,0.144079
2.697751,-0.007328,-0.959707,9.945830,-0.007326,0.144079
2.697370,-0.021980,-0.925519,9.945830,-0.007326,0.148963
2.697370,-0.007328,-0.891331,9.945830,-0.021978,0.144079
2.696988,-0.036633,-0.847375,9.945830,-0.021978,0.139194
2.696988,-0.051285,-0.803419,9.945830,0.007328,0.134311
2.696607,-0.051285,-0.764347,9.945830,0.007328,0.129427
2.695844,-0.109892,-0.730159,9.945830,-0.007326,0.129427
2.695081,-0.197803,-0.700854,9.945830,-0.021978,0.124542
2.693937,-0.212456,-0.666667,9.945830,-0.007326,0.124542
2.693174,-0.197803,-0.617826,9.945830,-0.007326,0.119658
2.692029,-0.227108,-0.578754,9.945830,-0.007326,0.119658
2.690503,-0.329672,-0.549451,9.945830,-0.007326,0.119658
2.688596,-0.373629,-0.500610,9.945830,-0.021978,0.119658
2.687070,-0.373629,-0.471307,9.945830,-0.021978,0.124542
2.685163,-0.432236,-0.437119,9.945830,-0.007326,0.124542
2.682874,-0.505497,-0.398046,9.945830,-0.007326,0.129427
2.680585,-0.534800,-0.363858,9.945830,-0.021978,0.134311
2.677915,-0.593409,-0.354091,9.945830,0.007328,0.134311
2.674482,-0.754581,-0.324786,9.945830,0.007328,0.139194
2.671048,-0.798536,-0.305250,9.945830,-0.007326,0.139194
2.667615,-0.857145,-0.285714,9.945830,-0.007326,0.144079
2.663800,-0.901100,-0.271062,9.945830,0.007328,0.144079
2.659222,-1.003664,-0.246642,9.945830,0.021980,0.144079
2.654263,-1.150185,-0.236875,9.945830,-0.007326,0.144079
2.648922,-1.238096,-0.246642,9.945830,-0.021978,0.134311
2.643963,-1.252748,-0.231990,9.945830,-0.007326,0.134311
2.638623,-1.296705,-0.217339,9.945830,0.007328,0.134311
2.632519,-1.399269,-0.207570,9.945830,-0.007326,0.129427
2.625653,-1.604397,-0.197803,9.945830,-0.021978,0.129427
2.618405,-1.706961,-0.192918,9.945830,-0.007326,0.124542
2.611919,-1.663006,-0.183150,9.945830,-0.007326,0.119658
2.605052,-1.677658,-0.188034,9.945830,-0.007326,0.119658
2.597041,-1.824177,-0.236875,9.945830,-0.021978,0.119658
2.589031,-1.956045,-0.271062,9.945830,-0.007326,0.114775
2.580638,-2.014652,-0.261294,9.945449,-0.021978,0.109891
2.572627,-2.000000,-0.241758,9.945830,-0.007326,0.114775
2.563854,-2.087914,-0.231990,9.945830,0.007328,0.114775
2.554698,-2.205132,-0.236875,9.945830,-0.007326,0.114775
2.545543,-2.263737,-0.241758,9.945830,-0.021978,0.114775
2.535625,-2.351650,-0.266178,9.945830,0.007328,0.119658
2.526088,-2.395607,-0.256411,9.945830,-0.007326,0.124542
2.515787,-2.424911,-0.251526,9.945830,-0.007326,0.124542
2.505488,-2.542126,-0.275947,9.945830,-0.021978,0.124542
2.494807,-2.630039,-0.280830,9.945830,-0.007326,0.124542
2.483362,-2.703297,-0.305250,9.945830,-0.021978,0.124542
2.472300,-2.761906,-0.310134,9.945830,0.007328,0.124542
2.460855,-2.791210,-0.334555,9.945830,-0.007326,0.124542
2.449411,-2.879124,-0.344322,9.945830,0.007328,0.124542
2.437204,-2.908428,-0.354091,9.945830,-0.007326,0.119658
2.424997,-3.010990,-0.344322,9.945830,-0.021978,0.119658
2.412789,-3.054947,-0.349206,9.945830,-0.021978,0.119658
2.400200,-3.098904,-0.339438,9.945830,-0.021978,0.119658
2.387612,-3.128208,-0.324786,9.945830,-0.007326,0.119658
2.374642,-3.157509,-0.334555,9.945830,-0.007326,0.119658
2.361289,-3.216118,-0.349206,9.945830,0.007328,0.114775
2.347938,-3.274727,-0.383394,9.945830,0.007328,0.114775
2.334968,-3.289379,-0.378510,9.945830,-0.007326,0.114775
2.321616,-3.289379,-0.407814,9.945830,0.007328,0.114775
2.308646,-3.304031,-0.417583,9.945830,-0.007326,0.114775
2.294532,-3.377293,-0.437119,9.945830,-0.007326,0.114775
2.281181,-3.377293,-0.456655,9.945830,0.007328,0.109891
2.268210,-3.304031,-0.442002,9.945830,-0.021978,0.114775
2.254858,-3.304031,-0.451771,9.945830,-0.007326,0.114775
2.240744,-3.377293,-0.446886,9.945830,-0.007326,0.114775
2.227011,-3.421246,-0.456655,9.945830,-0.007326,0.114775
2.213659,-3.377293,-0.476191,9.945830,-0.021978,0.114775
2.200689,-3.318684,-0.461538,9.945830,-0.007326,0.114775
2.187337,-3.347988,-0.471307,9.945830,-0.007326,0.114775
2.173222,-3.406593,-0.456655,9.945830,-0.021978,0.119658
2.159870,-3.406593,-0.456655,9.945830,-0.007326,0.119658
2.146900,-3.318684,-0.466422,9.945830,-0.021978,0.124542
2.133549,-3.289379,-0.451771,9.945830,-0.007326,0.124542
2.119816,-3.362640,-0.466422,9.945830,-0.007326,0.124542
2.106465,-3.377293,-0.471307,9.945830,-0.007326,0.129427
2.093113,-3.333336,-0.525030,9.945830,-0.007326,0.129427
2.080906,-3.186813,-0.593407,9.945830,-0.007326,0.134311
2.068698,-3.084251,-0.681318,9.945830,-0.007326,0.134311
2.056873,-3.040295,-0.778998,9.945830,-0.007326,0.134311
2.045429,-2.908428,-0.837606,9.945830,-0.007326,0.129427
2.035129,-2.717949,-0.896214,9.945830,-0.007326,0.129427
2.025973,-2.483517,-0.925519,9.945830,-0.007326,0.129427
2.017199,-2.322346,-0.915751,9.945830,-0.007326,0.129427
2.009188,-2.175827,-0.905983,9.945830,0.007328,0.134311
2.001559,-2.000000,-0.871795,9.945830,-0.007326,0.134311
1.995455,-1.765570,-0.842491,9.945830,-0.007326,0.144079
1.989352,-1.619049,-0.803419,9.945830,-0.007326,0.144079
1.983629,-1.487181,-0.749695,9.945830,0.007328,0.148963
1.978669,-1.369965,-0.691087,9.945830,-0.007326,0.153847
1.974092,-1.238096,-0.666667,9.945830,0.007328,0.153847
1.969514,-1.164837,-0.642246,9.945830,-0.007326,0.153847
1.965699,-1.076925,-0.612943,9.945830,-0.021978,0.153847
1.961885,-1.018316,-0.603174,9.945830,-0.007326,0.148963
1.958070,-0.945057,-0.583638,9.945830,-0.021978,0.144079
1.954637,-0.901100,-0.578754,9.945830,-0.021978,0.139194
1.951585,-0.827841,-0.573871,9.945830,-0.007326,0.139194
1.948152,-0.827841,-0.578754,9.945830,-0.021978,0.134311
1.945100,-0.754581,-0.578754,9.945830,-0.021978,0.129427
1.942430,-0.695972,-0.583638,9.945830,-0.007326,0.129427
1.939759,-0.710625,-0.593407,9.945830,-0.007326,0.129427
1.937852,-0.608061,-0.578754,9.945830,-0.007326,0.129427
1.935563,-0.549452,-0.564102,9.945830,-0.007326,0.129427
1.933275,-0.549452,-0.564102,9.945830,-0.021978,0.124542
1.931748,-0.461540,-0.544566,9.945830,-0.021978,0.129427
1.930603,-0.373629,-0.525030,9.945830,-0.007326,0.129427
1.929077,-0.373629,-0.510379,9.945830,-0.021978,0.129427
1.927552,-0.402931,-0.495727,9.945830,-0.007326,0.129427
1.926026,-0.388281,-0.500610,9.945830,0.007328,0.124542
1.925263,-0.256413,-0.500610,9.945830,-0.007326,0.124542
1.924500,-0.212456,-0.481074,9.945830,-0.021978,0.129427
1.923355,-0.227108,-0.471307,9.945830,-0.007326,0.124542
1.921829,-0.329672,-0.456655,9.945830,-0.007326,0.124542
1.921067,-0.256413,-0.456655,9.945830,-0.021978,0.124542
1.920685,-0.168499,-0.476191,9.945830,-0.021978,0.129427
1.919541,-0.212456,-0.485958,9.945830,-0.007326,0.129427
1.918015,-0.315020,-0.500610,9.945830,0.007328,0.129427
1.916870,-0.271065,-0.505494,9.945830,0.007328,0.129427
1.916489,-0.197803,-0.529915,9.945830,0.007328,0.129427
1.915344,-0.212456,-0.534799,9.945830,-0.007326,0.134311
1.914200,-0.256413,-0.525030,9.945830,-0.021978,0.129427
1.913819,-0.197803,-0.525030,9.945830,-0.007326,0.129427
1.913056,-0.124544,-0.539682,9.945830,-0.007326,0.129427
1.912293,-0.183151,-0.539682,9.945830,-0.007326,0.134311
1.911530,-0.197803,-0.534799,9.945830,-0.021978,0.129427
1.911148,-0.109892,-0.534799,9.945830,0.007328,0.129427
1.910767,-0.080587,-0.529915,9.945830,-0.021978,0.134311
1.910385,-0.109892,-0.520146,9.945830,-0.007326,0.134311
1.910004,-0.095240,-0.505494,9.945830,-0.021978,0.134311
1.909622,-0.080587,-0.495727,9.945830,0.007328,0.139194
1.909622,-0.065935,-0.490843,9.945830,-0.007326,0.139194
1.909241,-0.065935,-0.485958,9.945830,-0.007326,0.139194
1.909241,-0.036633,-0.481074,9.945830,-0.007326,0.139194
1.908859,-0.065935,-0.476191,9.945830,-0.007326,0.139194
1.908478,-0.080587,-0.485958,9.945830,0.007328,0.139194
1.907715,-0.109892,-0.490843,9.945830,0.007328,0.139194
1.907715,-0.080587,-0.505494,9.945830,0.007328,0.139194
1.907334,-0.051285,-0.529915,9.945830,-0.007326,0.139194
1.906952,-0.051285,-0.544566,9.945830,-0.021978,0.139194
1.906952,-0.036633,-0.554335,9.945830,-0.007326,0.139194
1.907334,0.007326,-0.564102,9.945830,-0.007326,0.134311
1.907334,0.036631,-0.573871,9.945830,-0.007326,0.134311
1.907715,0.036631,-0.588523,9.945830,-0.021978,0.134311
1.907715,0.065933,-0.603174,9.945830,-0.007326,0.134311
1.908097,0.065933,-0.632479,9.945830,0.007328,0.134311
1.908478,0.065933,-0.661782,9.945830,-0.007326,0.129427
1.908478,0.080585,-0.691087,9.945830,-0.007326,0.129427
1.908859,0.095238,-0.730159,9.945830,-0.007326,0.134311
1.909622,0.124542,-0.764347,9.945830,0.007328,0.134311
1.910385,0.183149,-0.793651,9.945830,-0.007326,0.134311
1.911530,0.241758,-0.818070,9.945830,-0.007326,0.134311
1.912293,0.241758,-0.837606,9.945830,-0.021978,0.129427
1.913819,0.285715,-0.847375,9.945830,-0.007326,0.129427
1.916107,0.446886,-0.862027,9.945830,-0.007326,0.129427
1.918396,0.520147,-0.881563,9.945830,-0.007326,0.129427
1.919922,0.490843,-0.886447,9.945830,0.007328,0.129427
1.922592,0.549450,-0.876678,9.945830,-0.007326,0.129427
1.926026,0.739927,-0.886447,9.945830,-0.021978,0.129427
1.929840,0.827839,-0.891331,9.945830,-0.007326,0.134311
1.932893,0.827839,-0.881563,9.945830,-0.007326,0.134311
1.936708,0.886446,-0.881563,9.945830,-0.007326,0.139194
1.940904,0.989012,-0.896214,9.945830,0.007328,0.134311
1.945482,1.076923,-0.901099,9.945830,-0.021978,0.134311
1.950822,1.194139,-0.896214,9.945830,-0.007326,0.139194
1.955781,1.282051,-0.896214,9.945830,-0.007326,0.134311
1.961503,1.311356,-0.886447,9.945830,-0.007326,0.134311
1.966844,1.340660,-0.901099,9.945830,0.007328,0.134311
1.972947,1.443224,-0.901099,9.945830,-0.007326,0.134311
1.979432,1.575092,-0.915751,9.945830,0.007328,0.134311
1.986300,1.677656,-0.910867,9.945830,-0.007326,0.134311
1.993166,1.677656,-0.920635,9.945830,-0.007326,0.134311
2.000033,1.677656,-0.920635,9.945830,-0.007326,0.134311
2.007662,1.838827,-0.925519,9.945830,-0.021978,0.134311
2.016436,2.029305,-0.925519,9.945830,-0.007326,0.134311
2.024447,2.058607,-0.920635,9.945830,0.007328,0.139194
2.032840,2.029305,-0.920635,9.945830,-0.021978,0.139194
2.041614,2.117216,-0.901099,9.945830,-0.007326,0.139194
2.050769,2.278389,-0.915751,9.945830,-0.007326,0.139194
2.060306,2.322344,-0.930403,9.945830,-0.007326,0.134311
2.069843,2.380953,-0.910867,9.945830,-0.021978,0.134311
2.079762,2.424908,-0.915751,9.945830,-0.007326,0.139194
2.090061,2.498169,-0.915751,9.945830,-0.007326,0.139194
2.100743,2.571428,-0.910867,9.945830,-0.007326,0.139194
2.111424,2.630037,-0.915751,9.945830,-0.021978,0.139194
2.122486,2.688644,-0.910867,9.945830,-0.007326,0.134311
2.133549,2.732601,-0.915751,9.945830,0.007328,0.139194
2.144993,2.835165,-0.905983,9.945830,-0.007326,0.139194
2.156437,2.879120,-0.896214,9.945830,-0.007326,0.139194
2.168263,2.908424,-0.896214,9.945830,-0.021978,0.139194
2.180089,2.923077,-0.896214,9.945830,-0.021978,0.134311
2.191915,2.967033,-0.891331,9.945830,-0.021978,0.139194
2.204503,3.069597,-0.876678,9.945830,-0.021978,0.134311
2.217092,3.098902,-0.871795,9.945830,-0.007326,0.134311
2.229300,3.084249,-0.871795,9.945830,-0.007326,0.134311
2.241507,3.069597,-0.866911,9.945830,-0.021978,0.129427
2.254477,3.157509,-0.857142,9.945830,-0.007326,0.129427
2.267447,3.230768,-0.847375,9.945830,-0.007326,0.129427
2.280418,3.230768,-0.832723,9.945830,-0.007326,0.124542
2.292625,3.128204,-0.857142,9.945830,-0.007326,0.124542
2.305213,3.157509,-0.847375,9.945830,-0.007326,0.119658
2.318565,3.274725,-0.862027,9.945830,-0.007326,0.124542
2.332298,3.347984,-0.837606,9.945830,-0.007326,0.119658
2.344886,3.260073,-0.857142,9.945830,-0.007326,0.119658
2.357475,3.172161,-0.847375,9.945830,-0.007326,0.119658
2.370826,3.274725,-0.847375,9.945830,-0.021978,0.114775
2.384560,3.391941,-0.827839,9.945830,-0.007326,0.119658
2.398293,3.406593,-0.832723,9.945830,-0.021978,0.114775
2.410881,3.260073,-0.827839,9.945830,-0.007326,0.114775
2.423471,3.216118,-0.837606,9.945830,-0.007326,0.114775
2.437585,3.347984,-0.822955,9.945830,0.007328,0.114775
2.451318,3.421246,-0.822955,9.945830,-0.021978,0.114775
2.464288,3.362637,-0.842491,9.945830,-0.021978,0.114775
2.476496,3.201466,-0.827839,9.945830,-0.007326,0.114775
2.489847,3.216118,-0.822955,9.945830,-0.007326,0.114775
2.503580,3.347984,-0.818070,9.945830,0.007328,0.114775
2.516550,3.347984,-0.822955,9.945830,-0.007326,0.119658
2.528758,3.157509,-0.808303,9.945830,-0.007326,0.119658
2.540965,3.069597,-0.788767,9.945830,0.007328,0.114775
2.553554,3.142857,-0.803419,9.945830,-0.021978,0.114775
2.566142,3.186813,-0.744811,9.945830,-0.007326,0.114775
2.577205,2.967033,-0.691087,9.945830,-0.007326,0.114775
2.587123,2.688644,-0.612943,9.945830,-0.007326,0.119658
2.597423,2.586081,-0.564102,9.945830,-0.007326,0.114775
2.607723,2.586081,-0.534799,9.945830,-0.021978,0.114775
2.616497,2.410255,-0.505494,9.945830,-0.007326,0.114775
2.623745,2.087912,-0.505494,9.945830,-0.021978,0.114775
2.629849,1.794872,-0.525030,9.945830,0.007328,0.114775
2.636334,1.677656,-0.568987,9.945830,-0.021978,0.114775
2.642819,1.648352,-0.622710,9.945830,-0.007326,0.114775
2.647396,1.413919,-0.671551,9.945830,-0.007326,0.114775
2.651211,1.150183,-0.720390,9.945830,-0.007326,0.109891
2.654644,0.974360,-0.778998,9.945830,-0.007326,0.105007
2.658840,0.989012,-0.832723,9.945830,0.007328,0.105007
2.662655,0.989012,-0.886447,9.945830,-0.021978,0.105007
2.664945,0.813187,-0.905983,9.945830,-0.007326,0.105007
2.667615,0.681318,-0.920635,9.945830,0.007328,0.105007
2.670285,0.681318,-0.949939,9.945830,-0.021978,0.105007
2.672574,0.637363,-0.979243,9.945830,-0.007326,0.109891
2.674863,0.608059,-0.989011,9.945830,-0.007326,0.114775
2.677152,0.593407,-1.003663,9.945830,-0.007326,0.119658
2.677915,0.388279,-1.028083,9.945830,-0.007326,0.119658
2.679441,0.373627,-1.047619,9.945830,-0.007326,0.124542
2.680967,0.388279,-1.081807,9.945830,-0.007326,0.129427
2.682492,0.402931,-1.081807,9.945830,-0.007326,0.134311
2.683637,0.329670,-1.091575,9.945830,-0.021978,0.134311
2.684018,0.183149,-1.106227,9.945830,-0.021978,0.134311
2.684400,0.168499,-1.125763,9.945830,-0.007326,0.129427
2.685926,0.256411,-1.145299,9.945830,-0.021978,0.124542
2.686689,0.271063,-1.164835,9.945830,0.036633,0.124542
2.687070,0.153847,-1.164835,9.945830,-0.007326,0.114775
2.687452,0.095238,-1.164835,9.945830,0.021980,0.114775
2.688215,0.183149,-1.169719,9.945830,-0.007326,0.109891
2.689359,0.271063,-1.155067,9.945830,-0.007326,0.109891
2.690503,0.241758,-1.130647,9.945830,-0.021978,0.109891
2.690885,0.183149,-1.111111,9.945830,-0.007326,0.109891
2.691266,0.139194,-1.106227,9.945830,-0.007326,0.109891
2.692029,0.168499,-1.101343,9.945830,0.007328,0.109891
2.693174,0.227106,-1.101343,9.945830,-0.007326,0.119658
2.693937,0.227106,-1.101343,9.945830,-0.021978,0.119658
2.693937,0.124542,-1.091575,9.945830,-0.007326,0.124542
2.694318,0.065933,-1.096459,9.945830,0.007328,0.124542
2.694700,0.080585,-1.115995,9.945830,0.021980,0.124542
2.694700,0.080585,-1.140415,9.945830,-0.007326,0.124542
2.694700,0.036631,-1.155067,9.945830,-0.007326,0.119658
2.694700,0.036631,-1.164835,9.945830,0.007328,0.119658
2.694700,0.007326,-1.174603,9.945830,-0.007326,0.114775
2.694700,0.021978,-1.184371,9.945830,-0.021978,0.114775
2.694700,0.021978,-1.194139,9.945830,0.007328,0.109891
2.694700,-0.007328,-1.194139,9.945830,-0.007326,0.109891
2.694700,0.036631,-1.199023,9.945830,-0.021978,0.109891
2.694700,0.007326,-1.199023,9.945830,-0.007326,0.109891
2.695081,0.021978,-1.199023,9.945830,-0.021978,0.114775
2.695081,0.021978,-1.199023,9.945830,-0.007326,0.114775
2.695081,0.036631,-1.194139,9.945830,-0.007326,0.119658
2.695081,0.036631,-1.189255,9.945830,-0.007326,0.119658
2.695462,0.036631,-1.179487,9.945830,-0.036631,0.124542
2.695462,0.036631,-1.174603,9.945830,-0.007326,0.124542
2.695844,0.065933,-1.169719,9.945830,-0.007326,0.124542
2.695844,0.036631,-1.155067,9.945830,-0.007326,0.124542
2.695844,0.051283,-1.145299,9.945830,0.007328,0.119658
2.696225,0.051283,-1.135531,9.945830,-0.007326,0.119658
2.696225,0.036631,-1.120879,9.945830,-0.021978,0.119658
2.696225,0.021978,-1.106227,9.945830,-0.007326,0.114775
2.696225,0.021978,-1.091575,9.945830,-0.021978,0.114775
2.696225,0.007326,-1.076923,9.945830,-0.007326,0.114775
2.696225,-0.007328,-1.057387,9.945830,-0.007326,0.109891
2.696225,0.021978,-1.032967,9.945830,-0.007326,0.114775
2.696225,-0.007328,-1.003663,9.945830,-0.007326,0.114775
2.695844,-0.036633,-0.974359,9.945830,-0.021978,0.119658
2.695844,-0.021980,-0.949939,9.945830,0.021980,0.119658
2.695462,-0.051285,-0.915751,9.945830,0.007328,0.124542
2.695081,-0.095240,-0.886447,9.945830,-0.007326,0.124542
2.694700,-0.080587,-0.852259,9.945830,-0.021978,0.129427
2.693937,-0.109892,-0.808303,9.945830,-0.021978,0.129427
2.693555,-0.095240,-0.759462,9.945830,-0.007326,0.129427
2.692792,-0.139196,-0.710623,9.945830,-0.021978,0.129427
2.692029,-0.183151,-0.666667,9.945830,-0.007326,0.129427
2.690885,-0.212456,-0.627595,9.945830,0.007328,0.129427
2.689740,-0.271065,-0.573871,9.945830,0.007328,0.124542
2.688977,-0.212456,-0.520146,9.945830,-0.021978,0.124542
2.687833,-0.256413,-0.476191,9.945830,0.007328,0.119658
2.685544,-0.432236,-0.427350,9.945830,-0.007326,0.119658
2.683255,-0.520149,-0.378510,9.945830,0.007328,0.119658
2.681348,-0.476192,-0.344322,9.945830,-0.021978,0.114775
2.679441,-0.476192,-0.319902,9.945830,0.007328,0.119658
2.675626,-0.739929,-0.285714,9.945830,-0.021978,0.119658
2.671430,-0.901100,-0.266178,9.945830,-0.007326,0.119658
2.667997,-0.871796,-0.246642,9.945830,-0.007326,0.124542
2.664562,-0.857145,-0.227106,9.945830,-0.007326,0.124542
2.660366,-0.959709,-0.202686,9.945830,0.007328,0.129427
2.654644,-1.238096,-0.192918,9.945830,-0.007326,0.129427
2.648159,-1.399269,-0.202686,9.945830,-0.007326,0.129427
2.643200,-1.369965,-0.192918,9.945830,-0.021978,0.129427
2.637860,-1.296705,-0.183150,9.945830,0.007328,0.124542
2.631375,-1.443226,-0.202686,9.945830,-0.007326,0.124542
2.624127,-1.677658,-0.241758,9.945830,-0.007326,0.119658
2.616879,-1.794874,-0.256411,9.945830,-0.007326,0.114775
2.610011,-1.721613,-0.251526,9.945830,-0.007326,0.109891
2.603145,-1.706961,-0.241758,9.945830,-0.007326,0.109891
2.594753,-1.882786,-0.246642,9.945830,-0.007326,0.109891
2.585597,-2.102566,-0.246642,9.945830,-0.021978,0.105007
2.577586,-2.102566,-0.231990,9.945830,-0.021978,0.100122
2.569194,-2.043957,-0.231990,9.945830,-0.007326,0.105007
2.560420,-2.131870,-0.222222,9.945830,0.007328,0.105007
2.550502,-2.322346,-0.222222,9.945830,-0.021978,0.105007
2.540202,-2.454216,-0.227106,9.945830,-0.007326,0.109891
2.529903,-2.498169,-0.236875,9.945830,0.007328,0.109891
2.520366,-2.468864,-0.251526,9.945830,-0.007326,0.114775
2.509684,-2.527473,-0.251526,9.945830,-0.007326,0.114775
2.498240,-2.703297,-0.280830,9.945830,-0.007326,0.114775
2.486796,-2.820515,-0.285714,9.945830,-0.021978,0.109891
2.475352,-2.820515,-0.305250,9.945830,-0.007326,0.109891
2.463907,-2.820515,-0.315019,9.945830,-0.021978,0.109891
2.452081,-2.908428,-0.334555,9.945830,-0.007326,0.105007
2.439874,-2.996338,-0.349206,9.945830,-0.021978,0.105007
2.427667,-3.025642,-0.358974,9.945830,-0.007326,0.105007
2.415077,-3.069599,-0.363858,9.945830,-0.007326,0.105007
2.402870,-3.098904,-0.344322,9.945830,-0.007326,0.105007
2.390282,-3.128208,-0.329670,9.945830,0.007328,0.105007
2.376549,-3.216118,-0.334555,9.945830,0.007328,0.109891
2.363578,-3.260075,-0.344322,9.945830,-0.021978,0.109891
2.350227,-3.304031,-0.354091,9.945830,-0.007326,0.109891
2.337257,-3.304031,-0.378510,9.945830,-0.007326,0.114775
2.323524,-3.347988,-0.393163,9.945830,-0.007326,0.114775
2.310172,-3.377293,-0.432235,9.945830,-0.007326,0.114775
2.296058,-3.435898,-0.451771,9.945830,-0.007326,0.114775
2.282325,-3.406593,-0.456655,9.945830,-0.007326,0.114775
2.269354,-3.347988,-0.471307,9.945830,-0.021978,0.114775
2.255621,-3.347988,-0.461538,9.945830,-0.007326,0.109891
2.241888,-3.435898,-0.466422,9.945830,-0.021978,0.109891
2.228155,-3.435898,-0.481074,9.945830,-0.007326,0.105007
2.214422,-3.391945,-0.485958,9.945830,-0.007326,0.105007
2.201452,-3.304031,-0.476191,9.945830,-0.007326,0.105007
2.188100,-3.362640,-0.466422,9.945830,-0.007326,0.100122
2.173985,-3.391945,-0.456655,9.945830,-0.007326,0.105007
2.160633,-3.406593,-0.451771,9.945830,-0.007326,0.105007
2.147663,-3.318684,-0.442002,9.945830,-0.007326,0.109891
2.134312,-3.274727,-0.442002,9.945830,-0.007326,0.114775
2.120198,-3.347988,-0.432235,9.945830,-0.007326,0.114775
2.106846,-3.421246,-0.446886,9.945830,0.007328,0.114775
2.093876,-3.333336,-0.505494,9.945830,-0.007326,0.114775
2.081288,-3.216118,-0.578754,9.945830,0.007328,0.114775
2.069080,-3.128208,-0.681318,9.945830,-0.021978,0.119658
2.056873,-3.098904,-0.769231,9.945830,-0.007326,0.114775
2.045810,-2.952381,-0.847375,9.945830,-0.007326,0.114775
2.035129,-2.747253,-0.905983,9.945830,-0.007326,0.114775
2.025973,-2.512821,-0.940171,9.945830,-0.021978,0.114775
2.017199,-2.336998,-0.940171,9.945830,-0.036631,0.114775
2.008806,-2.175827,-0.920635,9.945830,0.007328,0.114775
2.001559,-2.000000,-0.891331,9.945830,0.007328,0.119658
1.995074,-1.765570,-0.857142,9.945449,-0.007326,0.124542
1.988970,-1.633701,-0.818070,9.945830,-0.007326,0.129427
1.983629,-1.487181,-0.774115,9.945830,-0.021978,0.134311
1.978669,-1.355312,-0.710623,9.945830,-0.007326,0.144079
1.973710,-1.252748,-0.681318,9.945830,0.007328,0.148963
1.969133,-1.164837,-0.656898,9.945830,-0.021978,0.148963
1.965318,-1.076925,-0.622710,9.945830,-0.007326,0.144079
1.961503,-1.003664,-0.617826,9.945830,0.007328,0.144079
1.958070,-0.915752,-0.583638,9.945830,0.007328,0.139194
1.954637,-0.871796,-0.568987,9.945830,-0.007326,0.134311
1.951585,-0.813189,-0.554335,9.945830,-0.007326,0.129427
1.948533,-0.783884,-0.554335,9.945830,-0.007326,0.124542
1.945863,-0.725277,-0.554335,9.945830,-0.007326,0.119658
1.943193,-0.666668,-0.549451,9.945830,-0.036631,0.119658
1.940141,-0.710625,-0.564102,9.945830,-0.007326,0.119658
1.937852,-0.637363,-0.559218,9.945830,0.007328,0.119658
1.935563,-0.564104,-0.559218,9.945830,-0.007326,0.119658
1.933275,-0.564104,-0.568987,9.945830,-0.007326,0.124542
1.931748,-0.520149,-0.549451,9.945830,-0.021978,0.129427
1.930222,-0.388281,-0.539682,9.945830,-0.021978,0.129427
1.928696,-0.388281,-0.520146,9.945830,0.007328,0.129427
1.927170,-0.402931,-0.510379,9.945830,-0.007326,0.129427
1.925644,-0.402931,-0.515263,9.945830,-0.021978,0.129427
1.924881,-0.271065,-0.505494,9.945830,-0.007326,0.124542
1.924118,-0.212456,-0.490843,9.945830,-0.021978,0.124542
1.922974,-0.256413,-0.481074,9.945830,-0.007326,0.119658
1.921448,-0.329672,-0.461538,9.945830,-0.007326,0.119658
1.920685,-0.212456,-0.466422,9.945830,0.007328,0.119658
1.919922,-0.183151,-0.485958,9.945830,0.007328,0.119658
1.918778,-0.256413,-0.500610,9.945830,-0.007326,0.119658
1.917633,-0.285717,-0.505494,9.945830,-0.021978,0.119658
1.916870,-0.212456,-0.515263,9.945830,-0.007326,0.114775
1.916107,-0.212456,-0.534799,9.945830,-0.007326,0.114775
1.914963,-0.256413,-0.529915,9.945830,0.007328,0.114775
1.914200,-0.227108,-0.520146,9.945830,-0.007326,0.114775
1.913819,-0.139196,-0.520146,9.945830,0.007328,0.114775
1.913056,-0.139196,-0.525030,9.945830,-0.007326,0.114775
1.911911,-0.212456,-0.520146,9.945830,0.007328,0.119658
1.911530,-0.183151,-0.525030,9.945830,-0.007326,0.114775
1.911148,-0.109892,-0.529915,9.945830,-0.007326,0.119658
1.910767,-0.095240,-0.525030,9.945830,-0.007326,0.124542
1.910385,-0.095240,-0.510379,9.945830,0.007328,0.124542
1.910004,-0.095240,-0.500610,9.945830,0.007328,0.124542
1.909622,-0.080587,-0.495727,9.945830,0.007328,0.124542
1.909241,-0.065935,-0.490843,9.945830,0.007328,0.129427
1.909241,-0.065935,-0.485958,9.945830,-0.007326,0.129427
1.908859,-0.051285,-0.485958,9.945830,-0.007326,0.129427
1.908478,-0.080587,-0.485958,9.945830,-0.021978,0.129427
1.907715,-0.109892,-0.495727,9.945830,-0.021978,0.129427
1.907715,-0.095240,-0.510379,9.945830,-0.021978,0.129427
1.907334,-0.051285,-0.525030,9.945830,-0.007326,0.124542
1.907334,-0.051285,-0.539682,9.945830,-0.007326,0.129427
1.906952,-0.051285,-0.554335,9.945830,0.007328,0.129427
1.906952,-0.007328,-0.564102,9.945830,-0.007326,0.129427
1.907334,0.036631,-0.583638,9.945830,-0.007326,0.129427
1.907715,0.065933,-0.593407,9.945830,-0.021978,0.129427
1.907715,0.051283,-0.608059,9.945830,-0.007326,0.129427
1.908097,0.051283,-0.637362,9.945830,0.007328,0.129427
1.908478,0.065933,-0.666667,9.945830,-0.007326,0.124542
1.908859,0.109890,-0.700854,9.945830,-0.007326,0.129427
1.909241,0.095238,-0.739926,9.945830,0.007328,0.129427
1.910004,0.139194,-0.774115,9.945830,0.007328,0.129427
1.911148,0.212454,-0.803419,9.945830,-0.007326,0.124542
1.911911,0.241758,-0.827839,9.945830,0.007328,0.124542
1.913056,0.241758,-0.847375,9.945830,-0.007326,0.124542
1.914963,0.388279,-0.857142,9.945830,-0.007326,0.124542
1.917252,0.505495,-0.886447,9.945830,-0.021978,0.124542
1.919159,0.520147,-0.896214,9.945830,0.007328,0.119658
1.921448,0.505495,-0.901099,9.945830,-0.007326,0.119658
1.924881,0.695971,-0.896214,9.945830,-0.021978,0.119658
1.928314,0.827839,-0.910867,9.945830,-0.007326,0.124542
1.931748,0.871796,-0.905983,9.945830,-0.007326,0.124542
1.935563,0.915751,-0.901099,9.945830,-0.021978,0.124542
1.939759,0.974360,-0.910867,9.945830,-0.007326,0.124542
1.944337,1.091576,-0.915751,9.945830,-0.007326,0.124542
1.949678,1.179487,-0.910867,9.945830,-0.007326,0.124542
1.955018,1.326008,-0.905983,9.945830,-0.007326,0.124542
1.960740,1.355310,-0.896214,9.945830,-0.007326,0.124542
1.966081,1.369963,-0.910867,9.945830,-0.007326,0.124542
1.972184,1.443224,-0.905983,9.945830,-0.007326,0.124542
1.979051,1.619047,-0.910867,9.945830,0.007328,0.124542
1.986300,1.736263,-0.910867,9.945830,-0.021978,0.124542
1.993548,1.736263,-0.915751,9.945830,-0.007326,0.124542
2.000414,1.706959,-0.920635,9.945830,-0.021978,0.124542
2.008425,1.868132,-0.920635,9.945830,-0.007326,0.124542
2.017199,2.043957,-0.920635,9.945830,0.007328,0.124542
2.025591,2.117216,-0.915751,9.945830,-0.007326,0.124542
2.033984,2.058607,-0.915751,9.945830,-0.007326,0.129427
2.042758,2.161173,-0.905983,9.945830,-0.007326,0.124542
2.052295,2.307692,-0.925519,9.945830,-0.007326,0.129427
2.061832,2.366301,-0.925519,9.945830,-0.021978,0.124542
2.071750,2.439560,-0.915751,9.945830,-0.007326,0.124542
2.081669,2.483517,-0.925519,9.945830,-0.021978,0.124542
2.091969,2.527472,-0.920635,9.945830,-0.007326,0.124542
2.102650,2.615385,-0.920635,9.945830,-0.021978,0.124542
2.113713,2.688644,-0.920635,9.945830,-0.007326,0.129427
2.124775,2.747253,-0.915751,9.945830,0.007328,0.129427
2.135838,2.761904,-0.910867,9.945830,-0.007326,0.124542
2.147282,2.849817,-0.910867,9.945830,-0.007326,0.129427
2.159107,2.908424,-0.891331,9.945830,-0.007326,0.124542
2.170933,2.937729,-0.896214,9.945830,-0.007326,0.129427
2.183141,2.967033,-0.881563,9.945830,-0.021978,0.129427
2.194967,2.996336,-0.881563,9.945830,0.007328,0.129427
2.207937,3.084249,-0.871795,9.945830,-0.007326,0.124542
2.220525,3.128204,-0.857142,9.945830,-0.007326,0.124542
2.232733,3.098902,-0.866911,9.945830,-0.021978,0.124542
2.244940,3.098902,-0.842491,9.945830,0.021980,0.119658
2.258291,3.186813,-0.837606,9.945830,-0.007326,0.119658
2.271261,3.245420,-0.842491,9.945830,-0.007326,0.119658
2.283851,3.216118,-0.832723,9.945830,-0.021978,0.114775
2.296058,3.142857,-0.842491,9.945830,-0.021978,0.114775
2.309028,3.201466,-0.842491,9.945830,-0.007326,0.114775
2.322379,3.274725,-0.857142,9.945830,0.007328,0.114775
2.335731,3.333334,-0.852259,9.945830,-0.021978,0.114775
2.348701,3.260073,-0.852259,9.945830,-0.007326,0.109891
2.361289,3.201466,-0.837606,9.945830,0.007328,0.109891
2.374642,3.260073,-0.852259,9.945830,-0.021978,0.109891
2.388375,3.391941,-0.832723,9.945830,0.007328,0.109891
2.401726,3.347984,-0.852259,9.945830,-0.007326,0.109891
2.414315,3.245420,-0.837606,9.945830,-0.007326,0.109891
2.427285,3.245420,-0.842491,9.945830,-0.021978,0.109891
2.441018,3.362637,-0.832723,9.945830,-0.007326,0.109891
2.455133,3.450550,-0.837606,9.945449,-0.036631,0.105007
2.467721,3.333334,-0.857142,9.945830,-0.007326,0.109891
2.480692,3.230768,-0.842491,9.945830,-0.021978,0.109891
2.494044,3.274725,-0.857142,9.945830,-0.007326,0.105007
2.508158,3.421246,-0.857142,9.945830,-0.021978,0.105007
2.521129,3.391941,-0.862027,9.945830,-0.007326,0.105007
2.533717,3.230768,-0.857142,9.945830,-0.007326,0.105007
2.546306,3.216118,-0.842491,9.945830,0.007328,0.100122
2.559276,3.230768,-0.774115,9.945830,-0.007326,0.105007
2.571483,3.157509,-0.691087,9.945830,-0.007326,0.100122
2.582546,2.923077,-0.612943,9.945830,-0.021978,0.105007
2.592845,2.732601,-0.544566,9.945830,-0.007326,0.105007
2.602763,2.615385,-0.495727,9.945830,0.007328,0.105007
2.612682,2.527472,-0.476191,9.945830,-0.007326,0.105007
2.620693,2.278389,-0.466422,9.945830,-0.007326,0.105007
2.627560,1.956043,-0.481074,9.945830,-0.007326,0.105007
2.633663,1.721611,-0.529915,9.945830,-0.007326,0.105007
2.640148,1.633699,-0.578754,9.945830,-0.007326,0.105007
2.645489,1.516483,-0.642246,9.945830,-0.007326,0.100122
2.649685,1.238094,-0.695971,9.945830,-0.021978,0.100122
2.653118,1.032967,-0.759462,9.945830,-0.007326,0.095239
2.656552,0.930403,-0.822955,9.945830,-0.007326,0.090355
2.660748,0.974360,-0.866911,9.945830,-0.007326,0.090355
2.663800,0.857143,-0.910867,9.945449,-0.021978,0.090355
2.666089,0.725275,-0.925519,9.945449,-0.007326,0.090355
2.668760,0.695971,-0.940171,9.945449,-0.007326,0.090355
2.671430,0.666666,-0.969475,9.945449,-0.007326,0.095239
2.673719,0.608059,-0.984127,9.945449,-0.007326,0.100122
2.676008,0.622711,-0.979243,9.945449,-0.021978,0.109891
2.677533,0.490843,-1.008547,9.945830,-0.007326,0.114775
2.678678,0.388279,-1.018315,9.945830,0.007328,0.124542
2.680204,0.358974,-1.052503,9.945830,0.007328,0.124542
2.681730,0.388279,-1.076923,9.945830,-0.021978,0.129427
2.683255,0.388279,-1.076923,9.945830,-0.021978,0.129427
2.683637,0.241758,-1.096459,9.945830,-0.007326,0.129427
2.684018,0.153847,-1.115995,9.945830,0.007328,0.124542
2.685163,0.183149,-1.140415,9.945830,-0.007326,0.119658
2.686307,0.285715,-1.159951,9.945830,-0.021978,0.109891
2.687070,0.227106,-1.169719,9.945830,-0.007326,0.109891
2.687070,0.109890,-1.164835,9.945830,-0.007326,0.105007
2.687452,0.095238,-1.169719,9.945830,-0.007326,0.100122
2.688596,0.197802,-1.179487,9.945449,-0.021978,0.100122
2.689740,0.256411,-1.155067,9.945830,-0.007326,0.100122
2.690503,0.227106,-1.130647,9.945449,-0.007326,0.100122
2.690885,0.197802,-1.115995,9.945830,0.007328,0.105007
2.691266,0.153847,-1.106227,9.945830,0.007328,0.105007
2.692029,0.183149,-1.101343,9.945830,-0.007326,0.109891
2.692792,0.197802,-1.106227,9.945830,-0.007326,0.114775
2.693937,0.197802,-1.101343,9.945830,-0.007326,0.119658
2.693937,0.124542,-1.096459,9.945830,0.007328,0.114775
2.694318,0.080585,-1.101343,9.945830,-0.007326,0.114775
2.694318,0.080585,-1.115995,9.945830,-0.007326,0.114775
2.694700,0.065933,-1.140415,9.945830,-0.007326,0.114775
2.694700,0.036631,-1.155067,9.945830,0.007328,0.109891
2.694700,0.021978,-1.164835,9.945830,0.007328,0.105007
2.694700,0.021978,-1.179487,9.945830,-0.007326,0.105007
2.694700,0.007326,-1.184371,9.945830,-0.021978,0.100122
2.694700,-0.007328,-1.194139,9.945830,0.007328,0.100122
2.694700,0.007326,-1.199023,9.945830,-0.021978,0.095239
2.694700,0.007326,-1.203907,9.945830,-0.007326,0.095239
2.694700,0.021978,-1.199023,9.945830,-0.007326,0.100122
2.694700,0.007326,-1.199023,9.945830,-0.007326,0.105007
2.695081,0.021978,-1.199023,9.945449,-0.021978,0.105007
2.695081,0.036631,-1.194139,9.945830,-0.007326,0.114775
2.695081,0.036631,-1.189255,9.945830,-0.007326,0.114775
2.695462,0.051283,-1.179487,9.945830,0.007328,0.114775
2.695462,0.021978,-1.174603,9.945830,-0.007326,0.114775
2.695462,0.051283,-1.169719,9.945830,-0.021978,0.114775
2.695844,0.051283,-1.159951,9.945830,-0.007326,0.114775
2.695844,0.051283,-1.155067,9.945830,-0.021978,0.114775
2.695844,0.021978,-1.140415,9.945830,0.007328,0.109891
2.696225,0.021978,-1.130647,9.945830,-0.007326,0.109891
2.696225,0.036631,-1.115995,9.945830,-0.007326,0.105007
2.696225,0.021978,-1.101343,9.945830,-0.007326,0.105007
2.696225,0.007326,-1.081807,9.945830,-0.007326,0.105007
2.696225,0.007326,-1.057387,9.945830,-0.007326,0.105007
2.695844,-0.007328,-1.032967,9.945830,-0.021978,0.105007
2.695844,0.007326,-1.003663,9.945830,0.007328,0.109891
2.695844,-0.036633,-0.964591,9.945449,-0.021978,0.109891
2.695462,-0.065935,-0.930403,9.945830,-0.007326,0.114775
2.695081,-0.051285,-0.905983,9.945830,-0.007326,0.119658
2.694700,-0.095240,-0.866911,9.945830,0.007328,0.119658
2.693937,-0.109892,-0.818070,9.945830,-0.007326,0.124542
2.693555,-0.109892,-0.769231,9.945830,-0.007326,0.124542
2.693174,-0.124544,-0.715507,9.945830,-0.007326,0.124542
2.692029,-0.168499,-0.666667,9.945830,-0.007326,0.124542
2.691266,-0.241760,-0.622710,9.945830,-0.007326,0.119658
2.689740,-0.271065,-0.578754,9.945830,-0.021978,0.119658
2.689359,-0.212456,-0.520146,9.945830,-0.007326,0.114775
2.687833,-0.241760,-0.471307,9.945830,-0.021978,0.109891
2.685544,-0.432236,-0.427350,9.945830,0.007328,0.109891
2.683255,-0.534800,-0.373627,9.945830,0.007328,0.105007
2.681348,-0.476192,-0.339438,9.945830,-0.007326,0.105007
2.679059,-0.490845,-0.319902,9.945830,-0.007326,0.109891
2.675245,-0.725277,-0.290598,9.945830,-0.007326,0.109891
2.671430,-0.901100,-0.266178,9.945830,0.007328,0.109891
2.667615,-0.901100,-0.241758,9.945830,0.007328,0.114775
2.664181,-0.871796,-0.227106,9.945830,-0.007326,0.114775
2.659985,-0.959709,-0.217339,9.945830,-0.007326,0.119658
2.654644,-1.194141,-0.251526,9.945830,-0.007326,0.124542
2.648922,-1.296705,-0.275947,9.945830,0.007328,0.124542
2.643963,-1.296705,-0.246642,9.945830,0.007328,0.119658
2.638623,-1.282053,-0.231990,9.945830,-0.007326,0.119658
2.632900,-1.369965,-0.227106,9.945830,-0.007326,0.114775
2.625653,-1.589745,-0.227106,9.945830,-0.007326,0.109891
2.618786,-1.706961,-0.222222,9.945830,-0.007326,0.109891
2.611919,-1.663006,-0.207570,9.945830,0.007328,0.105007
2.605052,-1.677658,-0.188034,9.945830,-0.007326,0.100122
2.597041,-1.868134,-0.183150,9.945449,-0.021978,0.100122
2.587886,-2.102566,-0.192918,9.945449,-0.021978,0.095239
2.579112,-2.175827,-0.188034,9.945449,-0.021978,0.095239
2.570720,-2.117218,-0.188034,9.945830,-0.007326,0.095239
2.561565,-2.190479,-0.197803,9.945830,0.007328,0.090355
2.551265,-2.366302,-0.212454,9.945830,-0.007326,0.095239
2.540584,-2.556778,-0.222222,9.945449,-0.021978,0.095239
2.529903,-2.615387,-0.236875,9.945830,-0.007326,0.100122
2.519603,-2.586082,-0.246642,9.945449,-0.021978,0.100122
2.508921,-2.615387,-0.266178,9.945830,-0.007326,0.100122
2.497477,-2.747253,-0.300366,9.945830,-0.021978,0.100122
2.485651,-2.879124,-0.315019,9.945449,-0.021978,0.100122
2.473826,-2.893776,-0.329670,9.945449,-0.021978,0.100122
2.461999,-2.879124,-0.329670,9.945830,-0.007326,0.100122
2.450174,-2.923080,-0.354091,9.945449,-0.021978,0.095239
2.438348,-2.981686,-0.373627,9.945830,-0.007326,0.100122
2.425760,-3.054947,-0.378510,9.945830,-0.007326,0.100122
2.413552,-3.069599,-0.388278,9.945449,-0.021978,0.100122
2.401345,-3.084251,-0.393163,9.945449,-0.007326,0.100122
2.388756,-3.069599,-0.393163,9.945830,-0.007326,0.105007
2.376168,-3.128208,-0.398046,9.945830,0.007328,0.105007
2.363578,-3.172161,-0.427350,9.945830,-0.007326,0.105007
2.350608,-3.172161,-0.422466,9.945830,0.007328,0.105007
2.337638,-3.186813,-0.407814,9.945449,-0.007326,0.105007
2.324668,-3.216118,-0.407814,9.945830,-0.007326,0.105007
2.311698,-3.260075,-0.393163,9.945449,-0.036631,0.105007
2.297965,-3.347988,-0.368742,9.945830,0.007328,0.109891
2.284614,-3.347988,-0.368742,9.945830,-0.021978,0.105007
2.271261,-3.333336,-0.368742,9.945830,-0.007326,0.105007
2.257910,-3.333336,-0.383394,9.945830,-0.007326,0.105007
2.243796,-3.450550,-0.407814,9.945830,0.007328,0.100122
2.229300,-3.523811,-0.422466,9.945830,0.007328,0.095239
2.215566,-3.465202,-0.442002,9.945830,-0.007326,0.090355
2.201833,-3.391945,-0.456655,9.945830,0.007328,0.090355
2.188100,-3.406593,-0.471307,9.945830,0.007328,0.090355
2.174366,-3.479855,-0.466422,9.945830,-0.021978,0.090355
2.160252,-3.465202,-0.481074,9.945449,-0.007326,0.085470
2.147282,-3.362640,-0.490843,9.945830,-0.007326,0.090355
2.133930,-3.318684,-0.476191,9.945449,-0.007326,0.090355
2.120198,-3.391945,-0.485958,9.945449,-0.007326,0.095239
2.106465,-3.435898,-0.490843,9.945830,0.007328,0.100122
2.093113,-3.347988,-0.544566,9.945449,-0.007326,0.105007
2.080906,-3.186813,-0.608059,9.945830,-0.007326,0.105007
2.068698,-3.098904,-0.686203,9.945830,-0.007326,0.109891
2.056873,-3.054947,-0.774115,9.945449,-0.007326,0.109891
2.045810,-2.923080,-0.837606,9.945830,0.007328,0.109891
2.035510,-2.717949,-0.901099,9.945830,-0.007326,0.109891
2.025973,-2.483517,-0.930403,9.945830,-0.007326,0.109891
2.017580,-2.322346,-0.915751,9.945830,-0.007326,0.109891
2.009188,-2.175827,-0.910867,9.945830,-0.007326,0.109891
2.001940,-1.985350,-0.876678,9.945830,-0.007326,0.109891
1.995455,-1.765570,-0.847375,9.945830,0.007328,0.114775
1.989352,-1.604397,-0.813187,9.945830,-0.007326,0.119658
1.983629,-1.501833,-0.764347,9.945830,-0.007326,0.119658
1.978669,-1.369965,-0.710623,9.945830,0.007328,0.124542
1.973710,-1.267401,-0.691087,9.945830,-0.007326,0.134311
1.969133,-1.194141,-0.671551,9.945830,0.007328,0.134311
1.965318,-1.076925,-0.637362,9.945830,-0.007326,0.134311
1.961503,-1.018316,-0.622710,9.945830,-0.007326,0.134311
1.958070,-0.915752,-0.588523,9.945830,-0.021978,0.134311
1.954637,-0.871796,-0.568987,9.945830,-0.021978,0.124542
1.951967,-0.783884,-0.549451,9.945449,-0.036631,0.124542
1.948915,-0.798536,-0.539682,9.945830,-0.007326,0.114775
1.945863,-0.725277,-0.534799,9.945830,-0.007326,0.114775
1.943574,-0.652016,-0.534799,9.945830,-0.007326,0.114775
1.940522,-0.666668,-0.549451,9.945830,-0.007326,0.114775
1.938234,-0.652016,-0.544566,9.945830,-0.007326,0.114775
1.935945,-0.593409,-0.554335,9.945830,0.007328,0.114775
1.933656,-0.608061,-0.568987,9.945830,-0.007326,0.119658
1.931748,-0.505497,-0.559218,9.945830,-0.007326,0.119658
1.930222,-0.417583,-0.549451,9.945830,0.007328,0.119658
1.928696,-0.417583,-0.529915,9.945830,-0.021978,0.119658
1.926789,-0.417583,-0.525030,9.945830,-0.007326,0.119658
1.925263,-0.388281,-0.520146,9.945830,-0.007326,0.114775
1.924881,-0.271065,-0.505494,9.945830,-0.007326,0.114775
1.924118,-0.212456,-0.495727,9.945830,-0.007326,0.109891
1.922592,-0.271065,-0.485958,9.945830,-0.007326,0.109891
1.921067,-0.315020,-0.466422,9.945830,-0.007326,0.105007
1.920685,-0.227108,-0.476191,9.945830,0.007328,0.105007
1.919541,-0.227108,-0.490843,9.945830,0.007328,0.105007
1.918396,-0.271065,-0.505494,9.945830,-0.007326,0.105007
1.917633,-0.241760,-0.510379,9.945830,-0.021978,0.105007
1.916870,-0.183151,-0.510379,9.945830,-0.007326,0.105007
1.915726,-0.212456,-0.520146,9.945830,0.007328,0.109891
1.914582,-0.285717,-0.515263,9.945830,0.007328,0.105007
1.913819,-0.212456,-0.515263,9.945830,-0.007326,0.105007
1.913819,-0.109892,-0.520146,9.945830,-0.021978,0.109891
1.913056,-0.153849,-0.515263,9.945830,-0.021978,0.109891
1.911911,-0.212456,-0.515263,9.945830,-0.007326,0.109891
1.911148,-0.168499,-0.520146,9.945830,-0.007326,0.109891
1.911148,-0.095240,-0.529915,9.945830,-0.007326,0.109891
1.910767,-0.080587,-0.520146,9.945830,-0.007326,0.114775
1.910385,-0.109892,-0.510379,9.945830,-0.007326,0.114775
1.910004,-0.080587,-0.500610,9.945830,-0.007326,0.114775
1.909622,-0.095240,-0.495727,9.945830,0.007328,0.119658
1.909241,-0.080587,-0.500610,9.945449,-0.021978,0.119658
1.908859,-0.080587,-0.495727,9.945830,-0.007326,0.124542
1.908478,-0.065935,-0.495727,9.945830,0.007328,0.124542
1.908097,-0.095240,-0.495727,9.945830,-0.007326,0.124542
1.907715,-0.124544,-0.500610,9.945830,0.007328,0.119658
1.907334,-0.080587,-0.505494,9.945449,-0.021978,0.119658
1.906952,-0.051285,-0.510379,9.945830,-0.007326,0.119658
1.906952,-0.036633,-0.510379,9.945830,-0.007326,0.114775
1.906571,-0.065935,-0.495727,9.945830,0.007328,0.114775
1.906571,-0.021980,-0.490843,9.945830,-0.007326,0.114775
1.906952,0.021978,-0.485958,9.945830,-0.021978,0.114775
1.906952,0.021978,-0.471307,9.945830,0.007328,0.114775
1.906952,0.036631,-0.461538,9.945830,-0.007326,0.119658
1.906952,0.007326,-0.456655,9.945830,-0.007326,0.119658
1.906952,-0.007328,-0.456655,9.945830,-0.007326,0.119658
1.906952,0.021978,-0.456655,9.945830,-0.021978,0.119658
1.906952,0.007326,-0.456655,9.945830,0.007328,0.119658
1.906571,0.007326,-0.456655,9.945830,0.007328,0.119658
1.906952,-0.007328,-0.466422,9.945830,-0.021978,0.119658
1.906571,0.021978,-0.485958,9.945830,-0.007326,0.119658
1.906952,0.021978,-0.495727,9.945830,0.007328,0.114775
1.906952,0.036631,-0.520146,9.945830,-0.007326,0.114775
1.907334,0.036631,-0.544566,9.945830,-0.007326,0.109891
1.907334,0.036631,-0.573871,9.945830,-0.007326,0.109891
1.907334,0.051283,-0.603174,9.945830,-0.021978,0.114775
1.907715,0.036631,-0.642246,9.945830,-0.007326,0.109891
1.907715,0.065933,-0.681318,9.945830,-0.007326,0.114775
1.908097,0.065933,-0.720390,9.945830,-0.007326,0.109891
1.908859,0.095238,-0.759462,9.945830,-0.007326,0.114775
1.909241,0.139194,-0.793651,9.945830,0.007328,0.114775
1.910385,0.197802,-0.818070,9.945830,-0.021978,0.114775
1.911530,0.285715,-0.837606,9.945830,-0.007326,0.114775
1.912674,0.256411,-0.852259,9.945830,-0.007326,0.114775
1.914200,0.315018,-0.857142,9.945830,-0.007326,0.114775
1.916489,0.490843,-0.866911,9.945830,-0.021978,0.114775
1.918778,0.549450,-0.886447,9.945830,0.007328,0.114775
1.920685,0.534798,-0.886447,9.945830,-0.007326,0.114775
1.923737,0.608059,-0.862027,9.945830,-0.007326,0.109891
1.927170,0.769230,-0.871795,9.945830,0.007328,0.114775
1.930603,0.813187,-0.866911,9.945830,-0.007326,0.114775
1.934037,0.857143,-0.862027,9.945449,-0.021978,0.114775
1.937852,0.915751,-0.857142,9.945830,-0.007326,0.119658
1.941667,0.959707,-0.862027,9.945830,-0.007326,0.119658
1.946244,1.047619,-0.876678,9.945830,-0.021978,0.119658
1.951204,1.164835,-0.866911,9.945830,-0.021978,0.119658
1.956163,1.238094,-0.871795,9.945830,-0.007326,0.119658
1.961503,1.267399,-0.866911,9.945830,-0.007326,0.119658
1.966844,1.282051,-0.881563,9.945830,0.007328,0.119658
1.972184,1.369963,-0.886447,9.945830,-0.007326,0.119658
1.978669,1.487179,-0.891331,9.945449,-0.021978,0.119658
1.985537,1.589743,-0.891331,9.945830,-0.007326,0.119658
1.991640,1.589743,-0.901099,9.945830,0.007328,0.114775
1.998125,1.589743,-0.896214,9.945830,-0.021978,0.119658
2.005373,1.706959,-0.915751,9.945830,0.007328,0.119658
2.013384,1.897436,-0.915751,9.945830,-0.007326,0.119658
2.021776,1.970695,-0.915751,9.945830,-0.007326,0.119658
2.029024,1.912088,-0.910867,9.945830,-0.007326,0.124542
2.037036,1.970695,-0.905983,9.945830,-0.007326,0.119658
2.046191,2.146521,-0.915751,9.945830,-0.021978,0.124542
2.055347,2.249084,-0.925519,9.945830,-0.007326,0.119658
2.064121,2.234432,-0.920635,9.945830,-0.007326,0.119658
2.073657,2.307692,-0.915751,9.945830,-0.007326,0.119658
2.083195,2.366301,-0.920635,9.945830,-0.007326,0.119658
2.093495,2.483517,-0.920635,9.945830,0.007328,0.119658
2.103794,2.542124,-0.915751,9.945830,-0.021978,0.119658
2.114094,2.571428,-0.915751,9.945830,0.007328,0.114775
2.124775,2.600733,-0.920635,9.945830,-0.021978,0.114775
2.135456,2.673992,-0.920635,9.945830,-0.007326,0.119658
2.147282,2.820513,-0.920635,9.945830,0.007328,0.119658
2.158726,2.849817,-0.901099,9.945830,-0.007326,0.119658
2.170170,2.835165,-0.905983,9.945830,-0.007326,0.119658
2.181615,2.835165,-0.896214,9.945830,0.007328,0.119658
2.193441,2.937729,-0.891331,9.945830,-0.007326,0.119658
2.206411,3.084249,-0.891331,9.945830,-0.007326,0.114775
2.218999,3.098902,-0.876678,9.945830,0.007328,0.114775
2.230826,2.996336,-0.876678,9.945830,0.007328,0.114775
2.242651,3.025640,-0.862027,9.945830,0.007328,0.114775
2.255621,3.157509,-0.857142,9.945830,-0.007326,0.109891
2.268591,3.245420,-0.852259,9.945830,-0.007326,0.109891
2.281181,3.201466,-0.847375,9.945830,-0.007326,0.105007
2.293006,3.040293,-0.862027,9.945830,-0.021978,0.105007
2.305976,3.142857,-0.857142,9.945830,-0.007326,0.105007
2.319709,3.274725,-0.871795,9.945830,-0.007326,0.100122
2.333061,3.318682,-0.862027,9.945830,-0.007326,0.100122
2.345268,3.216118,-0.866911,9.945830,-0.007326,0.100122
2.357856,3.142857,-0.852259,9.945830,-0.007326,0.095239
2.371207,3.274725,-0.857142,9.945830,0.007328,0.095239
2.385323,3.421246,-0.832723,9.945830,-0.007326,0.100122
2.398674,3.391941,-0.832723,9.945830,-0.007326,0.095239
2.411263,3.230768,-0.827839,9.945449,-0.021978,0.095239
2.423852,3.201466,-0.832723,9.945830,-0.007326,0.100122
2.437967,3.391941,-0.822955,9.945830,-0.007326,0.100122
2.452081,3.465200,-0.818070,9.945830,-0.007326,0.100122
2.465051,3.333334,-0.842491,9.945830,0.007328,0.100122
2.477640,3.172161,-0.827839,9.945830,-0.007326,0.100122
2.490610,3.260073,-0.847375,9.945830,-0.007326,0.095239
2.504725,3.450550,-0.842491,9.945830,0.007328,0.100122
2.518459,3.435898,-0.852259,9.945449,-0.021978,0.100122
2.530284,3.201466,-0.862027,9.945830,-0.007326,0.100122
2.542873,3.142857,-0.842491,9.945830,-0.007326,0.095239
2.555843,3.216118,-0.788767,9.945830,0.007328,0.095239
2.568813,3.260073,-0.720390,9.945830,-0.007326,0.095239
2.579875,2.967033,-0.632479,9.945449,-0.021978,0.100122
2.589793,2.703297,-0.559218,9.945449,-0.007326,0.100122
2.600093,2.630037,-0.510379,9.945830,-0.007326,0.100122
2.610011,2.556776,-0.485958,9.945449,-0.021978,0.100122
2.618786,2.366301,-0.476191,9.945830,-0.007326,0.105007
2.625653,2.000000,-0.481074,9.945449,-0.021978,0.105007
2.631756,1.721611,-0.529915,9.945830,0.021980,0.100122
2.638241,1.648352,-0.578754,9.945830,-0.007326,0.100122
2.643963,1.589743,-0.637362,9.945830,-0.007326,0.095239
2.648541,1.326008,-0.695971,9.945449,-0.007326,0.095239
2.651974,1.062271,-0.754579,9.945449,-0.007326,0.090355
2.655407,0.945055,-0.813187,9.945830,0.007328,0.085470
2.659603,1.003662,-0.862027,9.945830,-0.007326,0.080586
2.663037,0.945055,-0.901099,9.945449,-0.021978,0.080586
2.665326,0.754580,-0.915751,9.945830,0.007328,0.080586
2.667997,0.681318,-0.925519,9.945449,-0.007326,0.080586
2.670667,0.681318,-0.959707,9.945449,-0.007326,0.085470
2.672956,0.652014,-0.979243,9.945449,0.007328,0.085470
2.675245,0.608059,-0.974359,9.945449,-0.007326,0.095239
2.677152,0.549450,-0.998779,9.945449,-0.007326,0.100122
2.678296,0.373627,-1.023199,9.945830,-0.007326,0.105007
2.679822,0.358974,-1.052503,9.945830,0.021980,0.114775
2.681348,0.402931,-1.086691,9.945830,0.007328,0.114775
2.682492,0.373627,-1.086691,9.945830,0.007328,0.119658
2.683637,0.300365,-1.096459,9.945830,-0.007326,0.119658
2.684018,0.168499,-1.111111,9.945830,-0.021978,0.114775
2.684400,0.153847,-1.135531,9.945830,-0.007326,0.109891
2.685544,0.241758,-1.155067,9.945830,-0.021978,0.105007
2.686689,0.241758,-1.169719,9.945830,-0.021978,0.100122
2.687070,0.153847,-1.174603,9.945449,-0.021978,0.095239
2.687070,0.109890,-1.169719,9.945830,0.007328,0.095239
2.687833,0.124542,-1.174603,9.945830,-0.007326,0.090355
2.688977,0.227106,-1.169719,9.945830,-0.007326,0.090355
2.690122,0.256411,-1.135531,9.945449,-0.021978,0.090355
2.690503,0.197802,-1.115995,9.945449,-0.007326,0.095239
2.691266,0.153847,-1.106227,9.945449,-0.021978,0.095239
2.692029,0.183149,-1.101343,9.945830,-0.007326,0.100122
2.692792,0.212454,-1.091575,9.945449,-0.021978,0.105007
2.693555,0.227106,-1.086691,9.945830,-0.007326,0.109891
2.693937,0.153847,-1.086691,9.945830,-0.007326,0.109891
2.693937,0.095238,-1.086691,9.945830,-0.007326,0.109891
2.694318,0.080585,-1.096459,9.945830,-0.007326,0.109891
2.694700,0.065933,-1.120879,9.945449,-0.007326,0.105007
2.694700,0.051283,-1.140415,9.945449,-0.007326,0.100122
2.694700,0.036631,-1.155067,9.945830,-0.007326,0.100122
2.694700,0.007326,-1.164835,9.945830,-0.007326,0.095239
2.694700,0.007326,-1.174603,9.945830,-0.007326,0.090355
2.694700,-0.007328,-1.189255,9.945830,-0.007326,0.090355
2.694700,0.007326,-1.194139,9.945830,-0.007326,0.090355
2.694700,0.021978,-1.194139,9.945449,-0.007326,0.090355
2.694700,0.007326,-1.194139,9.945449,-0.007326,0.095239
2.694700,0.007326,-1.199023,9.945449,-0.007326,0.100122
2.694700,0.021978,-1.199023,9.945830,-0.007326,0.100122
2.695081,0.036631,-1.199023,9.945830,-0.007326,0.105007
2.695081,0.036631,-1.194139,9.945449,-0.021978,0.105007
2.695081,0.036631,-1.184371,9.945449,-0.007326,0.109891
2.695081,0.036631,-1.179487,9.945449,-0.007326,0.109891
2.695462,0.051283,-1.174603,9.945830,-0.007326,0.109891
2.695462,0.036631,-1.169719,9.945830,0.007328,0.105007
2.695462,0.021978,-1.159951,9.945830,-0.007326,0.105007
2.695844,0.021978,-1.155067,9.945830,0.007328,0.100122
2.695844,0.036631,-1.150183,9.945449,-0.021978,0.095239
2.695844,0.021978,-1.145299,9.945830,0.007328,0.095239
2.695844,0.036631,-1.140415,9.945830,-0.007326,0.095239
2.696225,0.021978,-1.130647,9.945830,-0.021978,0.095239
2.696225,0.021978,-1.125763,9.945830,0.007328,0.090355
2.696225,0.036631,-1.111111,9.945830,-0.007326,0.090355
2.696225,0.007326,-1.096459,9.945449,-0.007326,0.095239
2.696225,0.021978,-1.076923,9.945830,-0.007326,0.100122
2.696225,0.007326,-1.057387,9.945830,-0.007326,0.105007
2.695844,-0.007328,-1.028083,9.945449,-0.007326,0.105007
2.695844,-0.021980,-0.998779,9.945449,-0.007326,0.109891
2.695844,0.007326,-0.969475,9.945449,-0.007326,0.114775
2.695462,-0.051285,-0.935287,9.945830,-0.007326,0.114775
2.695081,-0.095240,-0.901099,9.945830,-0.007326,0.119658
2.694700,-0.080587,-0.862027,9.945449,-0.007326,0.114775
2.694318,-0.095240,-0.818070,9.945830,-0.007326,0.114775
2.693555,-0.095240,-0.769231,9.945830,0.007328,0.109891
2.693174,-0.124544,-0.715507,9.945830,-0.007326,0.105007
2.692411,-0.168499,-0.666667,9.945830,-0.007326,0.105007
2.691266,-0.197803,-0.632479,9.945830,-0.021978,0.100122
2.690122,-0.256413,-0.578754,9.945449,-0.007326,0.095239
2.689359,-0.227108,-0.520146,9.945830,0.007328,0.095239
2.688215,-0.256413,-0.471307,9.945830,-0.007326,0.095239
2.685926,-0.402931,-0.427350,9.945449,-0.007326,0.095239
2.683255,-0.505497,-0.368742,9.945830,0.007328,0.095239
2.681730,-0.490845,-0.339438,9.945449,-0.036631,0.095239
2.679441,-0.476192,-0.310134,9.945449,-0.007326,0.100122
2.676008,-0.710625,-0.271062,9.945830,-0.007326,0.105007
2.671430,-0.930405,-0.246642,9.945449,-0.007326,0.109891
2.667615,-0.915752,-0.231990,9.945449,-0.007326,0.109891
2.664562,-0.886448,-0.212454,9.945830,0.007328,0.109891
2.659985,-0.989014,-0.207570,9.945449,-0.021978,0.114775
2.654263,-1.223446,-0.246642,9.945830,-0.007326,0.114775
2.648541,-1.355312,-0.275947,9.945830,0.007328,0.114775
2.643582,-1.311357,-0.256411,9.945830,-0.007326,0.109891
2.638241,-1.311357,-0.236875,9.945830,-0.007326,0.105007
2.632138,-1.413921,-0.231990,9.945830,-0.021978,0.105007
2.624890,-1.619049,-0.227106,9.945830,-0.007326,0.100122
2.617642,-1.721613,-0.212454,9.945449,-0.007326,0.095239
2.610774,-1.706961,-0.197803,9.945830,-0.007326,0.095239
2.603908,-1.721613,-0.183150,9.945449,-0.021978,0.095239
2.595897,-1.897438,-0.178267,9.945449,-0.007326,0.095239
2.586360,-2.131870,-0.173382,9.945830,-0.007326,0.090355
2.577586,-2.190479,-0.168498,9.945830,0.007328,0.090355
2.568813,-2.161175,-0.178267,9.945830,-0.007326,0.095239
2.559657,-2.219780,-0.188034,9.945449,-0.021978,0.095239
2.549358,-2.424911,-0.197803,9.945830,0.007328,0.095239
2.538295,-2.600735,-0.217339,9.945830,-0.007326,0.095239
2.527614,-2.659344,-0.256411,9.945449,-0.007326,0.095239
2.517313,-2.586082,-0.261294,9.945449,-0.007326,0.090355
2.506632,-2.659344,-0.275947,9.945830,0.007328,0.085470
2.494807,-2.791210,-0.295483,9.945449,-0.021978,0.085470
2.482981,-2.923080,-0.319902,9.945449,-0.007326,0.085470
2.471155,-2.908428,-0.319902,9.945449,-0.021978,0.080586
2.459710,-2.879124,-0.329670,9.945449,-0.007326,0.080586
2.447503,-2.967033,-0.329670,9.945449,-0.021978,0.085470
2.434915,-3.054947,-0.358974,9.945449,-0.007326,0.085470
2.422326,-3.113556,-0.378510,9.945449,-0.007326,0.090355
2.410118,-3.098904,-0.383394,9.945449,-0.007326,0.095239
2.397530,-3.157509,-0.378510,9.945449,-0.007326,0.095239
2.384178,-3.172161,-0.368742,9.945830,0.007328,0.100122
2.371207,-3.230770,-0.368742,9.945449,-0.007326,0.100122
2.357856,-3.304031,-0.358974,9.945449,-0.007326,0.100122
2.344505,-3.318684,-0.378510,9.945830,-0.007326,0.100122
2.331153,-3.304031,-0.393163,9.945830,-0.007326,0.100122
2.317802,-3.318684,-0.417583,9.945449,-0.007326,0.100122
2.304069,-3.406593,-0.442002,9.945830,0.007328,0.095239
2.290336,-3.421246,-0.437119,9.945830,0.007328,0.095239
2.276603,-3.377293,-0.456655,9.945830,-0.007326,0.090355
2.263632,-3.333336,-0.461538,9.945449,-0.021978,0.090355
2.249899,-3.377293,-0.461538,9.945449,-0.007326,0.085470
2.235785,-3.465202,-0.471307,9.945449,-0.007326,0.085470
2.222051,-3.450550,-0.471307,9.945449,-0.007326,0.085470
2.209081,-3.362640,-0.461538,9.945449,-0.021978,0.085470
2.195729,-3.304031,-0.471307,9.945449,-0.007326,0.085470
2.181997,-3.362640,-0.446886,9.945449,-0.007326,0.085470
2.168263,-3.435898,-0.456655,9.945830,0.007328,0.090355
2.154911,-3.377293,-0.446886,9.945449,-0.021978,0.095239
2.141941,-3.289379,-0.442002,9.945830,0.007328,0.100122
2.128208,-3.318684,-0.442002,9.945449,-0.007326,0.100122
2.114475,-3.406593,-0.442002,9.945449,-0.007326,0.100122
2.100743,-3.421246,-0.476191,9.945449,-0.021978,0.100122
2.088154,-3.304031,-0.534799,9.945830,-0.007326,0.100122
2.075946,-3.157509,-0.632479,9.945449,-0.007326,0.095239
2.063739,-3.084251,-0.739926,9.945449,-0.021978,0.095239
2.051532,-3.010990,-0.803419,9.945830,0.007328,0.095239
2.040851,-2.879124,-0.881563,9.945449,-0.007326,0.090355
2.030933,-2.644691,-0.915751,9.945830,0.007328,0.090355
2.021776,-2.410259,-0.935287,9.945449,-0.007326,0.095239
2.013003,-2.263737,-0.940171,9.945449,-0.021978,0.095239
2.005373,-2.117218,-0.910867,9.945449,-0.021978,0.100122
1.998507,-1.897438,-0.881563,9.945449,-0.007326,0.105007
1.992022,-1.692310,-0.842491,9.945449,-0.007326,0.109891
1.986300,-1.531137,-0.788767,9.945449,-0.021978,0.114775
1.980958,-1.428574,-0.744811,9.945449,-0.007326,0.119658
1.975999,-1.311357,-0.705739,9.945830,0.007328,0.124542
1.971421,-1.208794,-0.666667,9.945830,-0.007326,0.129427
1.967225,-1.135532,-0.647131,9.945830,-0.007326,0.129427
1.963411,-1.018316,-0.612943,9.945830,-0.021978,0.124542
1.959977,-0.945057,-0.598290,9.945830,-0.021978,0.119658
1.956544,-0.901100,-0.564102,9.945830,-0.021978,0.114775
1.953492,-0.827841,-0.554335,9.945830,-0.007326,0.109891
1.950059,-0.813189,-0.539682,9.945830,-0.007326,0.105007
1.947007,-0.813189,-0.544566,9.945449,-0.021978,0.100122
1.944337,-0.710625,-0.544566,9.945830,-0.007326,0.100122
1.941667,-0.681320,-0.549451,9.945830,0.007328,0.100122
1.938997,-0.666668,-0.559218,9.945830,-0.007326,0.100122
1.936708,-0.593409,-0.559218,9.945830,-0.007326,0.105007
1.934419,-0.578756,-0.564102,9.945830,-0.007326,0.109891
1.932129,-0.578756,-0.568987,9.945830,-0.007326,0.109891
1.930985,-0.432236,-0.549451,9.945830,0.007328,0.114775
1.929459,-0.402931,-0.539682,9.945830,-0.007326,0.114775
1.927552,-0.417583,-0.520146,9.945830,-0.007326,0.114775
1.925644,-0.446888,-0.525030,9.945830,-0.007326,0.114775
1.924881,-0.300367,-0.515263,9.945830,-0.007326,0.109891
1.924500,-0.197803,-0.500610,9.945830,-0.007326,0.105007
1.923355,-0.241760,-0.485958,9.945830,-0.007326,0.100122
1.921448,-0.344324,-0.466422,9.945830,-0.007326,0.095239
1.921067,-0.241760,-0.461538,9.945830,-0.007326,0.095239
1.920304,-0.183151,-0.481074,9.945830,-0.007326,0.095239
1.919159,-0.241760,-0.490843,9.945449,-0.007326,0.100122
1.918015,-0.285717,-0.505494,9.945449,-0.007326,0.100122
1.917252,-0.227108,-0.505494,9.945449,-0.007326,0.095239
1.916107,-0.197803,-0.520146,9.945830,0.007328,0.100122
1.914963,-0.256413,-0.525030,9.945449,0.007328,0.100122
1.914200,-0.241760,-0.515263,9.945830,0.007328,0.100122
1.913819,-0.124544,-0.525030,9.945830,-0.007326,0.100122
1.913056,-0.139196,-0.525030,9.945449,-0.007326,0.100122
1.911911,-0.227108,-0.525030,9.945830,0.007328,0.100122
1.911148,-0.197803,-0.525030,9.945449,-0.021978,0.100122
1.911148,-0.124544,-0.534799,9.945830,-0.007326,0.105007
1.910767,-0.065935,-0.525030,9.945830,-0.021978,0.105007
1.910385,-0.124544,-0.510379,9.945449,-0.007326,0.105007
1.909622,-0.109892,-0.505494,9.945449,-0.007326,0.105007
1.909622,-0.095240,-0.500610,9.945449,-0.007326,0.109891
1.909241,-0.095240,-0.500610,9.945830,0.007328,0.114775
1.908859,-0.065935,-0.495727,9.945830,0.007328,0.114775
1.908478,-0.080587,-0.495727,9.945449,-0.007326,0.114775
1.908097,-0.095240,-0.495727,9.945449,-0.007326,0.114775
1.907715,-0.109892,-0.500610,9.945830,-0.007326,0.114775
1.907334,-0.065935,-0.505494,9.945830,-0.007326,0.114775
1.906952,-0.065935,-0.510379,9.945830,0.007328,0.109891
1.906952,-0.065935,-0.505494,9.945830,0.007328,0.114775
1.906571,-0.051285,-0.500610,9.945449,-0.007326,0.109891
1.906571,-0.036633,-0.490843,9.945830,-0.007326,0.109891
1.906571,0.007326,-0.485958,9.945449,-0.021978,0.109891
1.906952,0.021978,-0.471307,9.945449,-0.007326,0.109891
1.906952,0.021978,-0.456655,9.945830,0.007328,0.109891
1.906952,0.007326,-0.451771,9.945449,-0.007326,0.109891
1.906952,-0.007328,-0.461538,9.945830,-0.007326,0.105007
1.906952,0.021978,-0.476191,9.945449,-0.007326,0.105007
1.906952,-0.007328,-0.490843,9.945830,-0.007326,0.105007
1.906952,0.007326,-0.510379,9.945830,-0.007326,0.105007
1.906952,0.021978,-0.529915,9.945449,-0.021978,0.105007
1.907334,0.021978,-0.549451,9.945830,0.007328,0.105007
1.907334,0.036631,-0.568987,9.945449,-0.007326,0.105007
1.907334,0.051283,-0.603174,9.945449,-0.007326,0.105007
1.907715,0.065933,-0.637362,9.945830,-0.007326,0.105007
1.908097,0.051283,-0.666667,9.945449,-0.021978,0.100122
1.908478,0.065933,-0.700854,9.945830,0.007328,0.100122
1.908859,0.095238,-0.744811,9.945449,-0.021978,0.100122
1.909241,0.109890,-0.778998,9.945830,-0.007326,0.100122
1.910004,0.183149,-0.813187,9.945830,0.007328,0.105007
1.911530,0.271063,-0.832723,9.945830,0.007328,0.105007
1.912293,0.256411,-0.857142,9.945449,-0.021978,0.105007
1.913819,0.329670,-0.871795,9.945830,-0.007326,0.105007
1.916489,0.490843,-0.881563,9.945830,-0.007326,0.105007
1.918778,0.578754,-0.901099,9.945830,-0.007326,0.105007
1.920685,0.549450,-0.910867,9.945449,-0.007326,0.109891
1.923737,0.666666,-0.891331,9.945449,-0.021978,0.109891
1.927552,0.798534,-0.905983,9.945830,0.007328,0.105007
1.930985,0.871796,-0.901099,9.945830,-0.007326,0.109891
1.934800,0.930403,-0.896214,9.945449,-0.021978,0.109891
1.938997,0.959707,-0.896214,9.945830,-0.007326,0.109891
1.943574,1.091576,-0.901099,9.945830,0.007328,0.109891
1.948533,1.164835,-0.905983,9.945449,-0.007326,0.114775
1.954255,1.296703,-0.896214,9.945830,-0.007326,0.109891
1.959596,1.355310,-0.891331,9.945830,-0.007326,0.114775
1.965318,1.384615,-0.901099,9.945830,-0.021978,0.114775
1.971040,1.413919,-0.905983,9.945830,0.007328,0.114775
1.977525,1.575092,-0.915751,9.945830,-0.007326,0.109891
1.985155,1.721611,-0.920635,9.945830,0.007328,0.109891
1.992022,1.750916,-0.925519,9.945830,-0.007326,0.109891
1.998888,1.721611,-0.930403,9.945449,-0.007326,0.114775
2.006518,1.853479,-0.935287,9.945449,-0.007326,0.109891
2.015291,2.058607,-0.935287,9.945830,-0.007326,0.109891
2.024447,2.146521,-0.935287,9.945449,-0.007326,0.109891
2.032840,2.102564,-0.935287,9.945830,0.007328,0.105007
2.041614,2.146521,-0.925519,9.945830,0.007328,0.105007
2.051151,2.293039,-0.940171,9.945830,-0.007326,0.105007
2.060687,2.395605,-0.949939,9.945449,-0.007326,0.109891
2.070987,2.483517,-0.935287,9.945830,-0.007326,0.109891
2.081288,2.527472,-0.940171,9.945449,-0.007326,0.105007
2.091587,2.586081,-0.920635,9.945830,0.007328,0.105007
2.102650,2.644688,-0.920635,9.945449,-0.021978,0.109891
2.113713,2.717949,-0.915751,9.945449,-0.021978,0.105007
2.125157,2.791208,-0.910867,9.945830,0.007328,0.105007
2.136601,2.835165,-0.901099,9.945449,-0.021978,0.105007
2.148045,2.879120,-0.886447,9.945830,-0.007326,0.105007
2.159870,2.937729,-0.871795,9.945830,-0.007326,0.105007
2.172077,2.967033,-0.881563,9.945830,-0.007326,0.105007
2.183904,3.010988,-0.876678,9.945830,0.007328,0.105007
2.196111,3.025640,-0.866911,9.945830,-0.021978,0.105007
2.208699,3.084249,-0.857142,9.945830,-0.021978,0.105007
2.221288,3.142857,-0.852259,9.945449,-0.021978,0.105007
2.234259,3.128204,-0.857142,9.945830,0.007328,0.105007
2.246466,3.142857,-0.842491,9.945830,-0.007326,0.105007
2.259436,3.201466,-0.847375,9.945830,0.007328,0.105007
2.272406,3.245420,-0.827839,9.945449,-0.007326,0.105007
2.284995,3.216118,-0.842491,9.945830,-0.007326,0.100122
2.297584,3.157509,-0.852259,9.945449,-0.007326,0.100122
2.310554,3.216118,-0.857142,9.945830,0.007328,0.100122
2.323905,3.260073,-0.857142,9.945830,-0.007326,0.100122
2.336875,3.304029,-0.862027,9.945830,-0.007326,0.100122
2.349845,3.230768,-0.862027,9.945449,-0.007326,0.095239
2.362815,3.230768,-0.862027,9.945449,-0.007326,0.095239
2.376168,3.318682,-0.852259,9.945830,0.007328,0.095239
2.389900,3.391941,-0.847375,9.945830,-0.007326,0.090355
2.403252,3.362637,-0.842491,9.945830,0.007328,0.095239
2.416222,3.274725,-0.832723,9.945449,-0.007326,0.090355
2.429193,3.289377,-0.832723,9.945449,-0.007326,0.090355
2.443307,3.406593,-0.827839,9.945449,-0.021978,0.090355
2.457040,3.435898,-0.842491,9.945449,-0.007326,0.090355
2.469630,3.318682,-0.827839,9.945449,-0.007326,0.090355
2.482981,3.245420,-0.822955,9.945449,-0.021978,0.090355
2.496332,3.318682,-0.827839,9.945449,-0.021978,0.090355
2.510065,3.421246,-0.832723,9.945449,-0.021978,0.090355
2.523036,3.318682,-0.832723,9.945449,0.007328,0.090355
2.535243,3.186813,-0.822955,9.945449,-0.007326,0.090355
2.547832,3.172161,-0.803419,9.945449,-0.007326,0.085470
2.560802,3.216118,-0.759462,9.945830,0.007328,0.085470
2.572627,3.098902,-0.686203,9.945449,-0.007326,0.085470
2.583308,2.835165,-0.612943,9.945449,-0.021978,0.090355
2.593227,2.688644,-0.544566,9.945449,-0.007326,0.090355
2.603526,2.586081,-0.510379,9.945449,-0.007326,0.090355
2.613063,2.468864,-0.490843,9.945449,0.007328,0.090355
2.620693,2.205128,-0.490843,9.945449,-0.007326,0.095239
2.627560,1.882784,-0.510379,9.945449,-0.007326,0.090355
2.633663,1.706959,-0.554335,9.945449,-0.007326,0.090355
2.639767,1.619047,-0.603174,9.945449,-0.007326,0.090355
2.645108,1.472527,-0.666667,9.945449,-0.007326,0.090355
2.649304,1.208792,-0.715507,9.945449,-0.007326,0.085470
2.652737,1.032967,-0.778998,9.945449,-0.007326,0.080586
2.656552,0.945055,-0.832723,9.945449,-0.007326,0.075703
2.660366,0.974360,-0.876678,9.945449,0.007328,0.075703
2.663418,0.842491,-0.920635,9.945449,-0.021978,0.075703
2.665708,0.739927,-0.930403,9.945449,-0.021978,0.075703
2.668760,0.710623,-0.940171,9.945449,-0.007326,0.075703
2.671048,0.681318,-0.969475,9.945449,-0.021978,0.080586
2.673337,0.608059,-0.984127,9.945449,-0.021978,0.085470
2.675626,0.593407,-0.974359,9.945449,-0.021978,0.090355
2.677533,0.505495,-1.003663,9.945449,-0.007326,0.095239
2.678678,0.402931,-1.023199,9.945449,-0.007326,0.100122
2.680204,0.373627,-1.052503,9.945830,0.007328,0.105007
2.681730,0.373627,-1.072039,9.945449,-0.021978,0.105007
2.682874,0.358974,-1.081807,9.945830,0.007328,0.105007
2.683637,0.271063,-1.101343,9.945830,-0.007326,0.105007
2.684018,0.153847,-1.120879,9.945830,-0.007326,0.100122
2.684781,0.168499,-1.135531,9.945830,-0.007326,0.095239
2.685926,0.241758,-1.155067,9.945449,-0.021978,0.090355
2.686689,0.227106,-1.169719,9.945830,-0.007326,0.090355
2.687070,0.139194,-1.174603,9.945449,-0.021978,0.085470
2.687070,0.109890,-1.169719,9.945449,-0.007326,0.080586
2.687833,0.153847,-1.179487,9.945449,-0.021978,0.080586
2.688977,0.227106,-1.169719,9.945449,-0.007326,0.085470
2.689740,0.227106,-1.135531,9.945449,-0.007326,0.085470
2.690503,0.197802,-1.120879,9.945449,-0.007326,0.090355
2.690885,0.153847,-1.111111,9.945449,-0.007326,0.095239
2.691648,0.183149,-1.106227,9.945830,0.007328,0.095239
2.692411,0.197802,-1.101343,9.945449,-0.007326,0.100122
2.693174,0.212454,-1.096459,9.945449,-0.021978,0.100122
2.693937,0.183149,-1.096459,9.945449,-0.021978,0.100122
2.693937,0.109890,-1.096459,9.945449,-0.007326,0.100122
2.694318,0.080585,-1.101343,9.945449,-0.007326,0.100122
2.694700,0.080585,-1.120879,9.945449,-0.007326,0.095239
2.694700,0.051283,-1.145299,9.945830,0.007328,0.090355
2.694700,0.036631,-1.155067,9.945449,-0.007326,0.090355
2.694700,0.007326,-1.164835,9.945830,-0.007326,0.085470
2.694700,0.021978,-1.179487,9.945830,-0.007326,0.085470
2.694700,0.007326,-1.184371,9.945449,-0.007326,0.080586
2.694700,0.007326,-1.189255,9.945449,0.007328,0.080586
2.694700,-0.007328,-1.194139,9.945449,-0.007326,0.085470
2.694700,0.007326,-1.199023,9.945449,-0.021978,0.085470
2.694700,0.007326,-1.199023,9.945449,-0.021978,0.090355
2.694700,0.021978,-1.194139,9.945449,0.007328,0.090355
2.695081,0.036631,-1.194139,9.945449,-0.021978,0.095239
2.695081,0.036631,-1.189255,9.945449,-0.007326,0.095239
2.695081,0.021978,-1.179487,9.945449,-0.007326,0.100122
2.695081,0.051283,-1.174603,9.945830,0.021980,0.100122
2.695462,0.021978,-1.169719,9.945830,0.007328,0.100122
2.695462,0.036631,-1.169719,9.945830,0.007328,0.100122
2.695462,0.021978,-1.164835,9.945449,-0.007326,0.095239
2.695462,0.036631,-1.159951,9.945449,-0.021978,0.090355
2.695462,0.021978,-1.150183,9.945830,0.007328,0.090355
2.695462,0.021978,-1.135531,9.945449,-0.007326,0.085470
2.695462,0.021978,-1.125763,9.945449,-0.021978,0.085470
2.695462,0.007326,-1.111111,9.945449,0.007328,0.085470
2.695462,0.007326,-1.091575,9.945449,-0.021978,0.085470
2.695462,-0.007328,-1.067155,9.945449,-0.021978,0.085470
2.695462,0.021978,-1.047619,9.945449,-0.021978,0.085470
2.695462,-0.007328,-1.013431,9.945449,-0.007326,0.090355
2.695462,-0.021980,-0.984127,9.945830,0.021980,0.095239
2.695081,-0.036633,-0.954823,9.945449,-0.021978,0.100122
2.694700,-0.065935,-0.920635,9.945449,0.007328,0.100122
2.694318,-0.065935,-0.881563,9.945449,-0.007326,0.105007
2.693937,-0.065935,-0.837606,9.945449,-0.021978,0.105007
2.693555,-0.065935,-0.788767,9.945449,-0.007326,0.105007
2.693174,-0.109892,-0.735043,9.945449,-0.021978,0.105007
2.692411,-0.139196,-0.681318,9.945449,-0.007326,0.105007
2.691648,-0.168499,-0.637362,9.945449,-0.021978,0.100122
2.690503,-0.241760,-0.588523,9.945449,-0.021978,0.095239
2.689359,-0.256413,-0.525030,9.945449,-0.021978,0.095239
2.688596,-0.227108,-0.476191,9.945449,-0.007326,0.090355
2.686307,-0.388281,-0.437119,9.945449,-0.021978,0.090355
2.684018,-0.534800,-0.373627,9.945449,-0.007326,0.085470
2.681730,-0.549452,-0.334555,9.945830,0.007328,0.085470
2.679441,-0.520149,-0.310134,9.945449,-0.007326,0.090355
2.676008,-0.681320,-0.280830,9.945449,-0.007326,0.095239
2.671811,-0.915752,-0.251526,9.945449,-0.021978,0.095239
2.667615,-0.959709,-0.227106,9.945449,-0.007326,0.095239
2.664181,-0.959709,-0.202686,9.945830,0.007328,0.100122
2.659603,-1.018316,-0.202686,9.945449,-0.007326,0.105007
2.653881,-1.223446,-0.231990,9.945449,-0.007326,0.105007
2.648159,-1.355312,-0.256411,9.945449,-0.007326,0.100122
2.642437,-1.369965,-0.236875,9.945449,-0.007326,0.100122
2.637097,-1.384617,-0.212454,9.945830,0.007328,0.095239
2.630993,-1.457878,-0.207570,9.945449,-0.007326,0.095239
2.623745,-1.633701,-0.207570,9.945449,-0.007326,0.090355
2.616116,-1.780222,-0.197803,9.945449,-0.007326,0.085470
2.608867,-1.809525,-0.188034,9.945449,-0.007326,0.085470
2.601619,-1.809525,-0.178267,9.945449,-0.007326,0.085470
2.592845,-1.970697,-0.178267,9.945449,-0.007326,0.080586
2.583690,-2.205132,-0.178267,9.945449,-0.021978,0.080586
2.574535,-2.263737,-0.188034,9.945449,-0.007326,0.075703
2.565379,-2.249084,-0.207570,9.945449,-0.021978,0.080586
2.555843,-2.307693,-0.207570,9.945449,-0.021978,0.075703
2.545543,-2.483517,-0.222222,9.945449,0.007328,0.080586
2.534480,-2.630039,-0.251526,9.945449,-0.021978,0.080586
2.523418,-2.688644,-0.261294,9.945449,0.007328,0.080586
2.513117,-2.630039,-0.285714,9.945449,-0.021978,0.080586
2.502054,-2.688644,-0.285714,9.945449,-0.021978,0.080586
2.490229,-2.835167,-0.315019,9.945449,-0.021978,0.080586
2.478403,-2.908428,-0.319902,9.945449,0.007328,0.080586
2.466577,-2.937729,-0.334555,9.945449,-0.007326,0.080586
2.454751,-2.908428,-0.329670,9.945449,-0.007326,0.080586
2.442544,-2.996338,-0.334555,9.945449,-0.007326,0.085470
2.430337,-3.054947,-0.368742,9.945449,-0.021978,0.085470
2.417748,-3.069599,-0.368742,9.945449,0.007328,0.085470
2.405159,-3.128208,-0.378510,9.945449,-0.007326,0.085470
2.392571,-3.128208,-0.373627,9.945449,-0.007326,0.080586
2.379219,-3.186813,-0.354091,9.945449,0.007328,0.080586
2.366248,-3.260075,-0.339438,9.945449,-0.007326,0.085470
2.352897,-3.333336,-0.354091,9.945449,-0.007326,0.085470
2.339545,-3.318684,-0.368742,9.945449,-0.007326,0.085470
2.326194,-3.318684,-0.407814,9.945449,-0.007326,0.085470
2.312461,-3.333336,-0.402930,9.945449,-0.007326,0.085470
2.298728,-3.421246,-0.427350,9.945449,-0.021978,0.085470
2.284614,-3.465202,-0.446886,9.945449,-0.007326,0.085470
2.271261,-3.377293,-0.471307,9.945449,-0.007326,0.085470
2.258291,-3.347988,-0.481074,9.945449,-0.007326,0.085470
2.244177,-3.406593,-0.485958,9.945830,0.007328,0.085470
2.230063,-3.465202,-0.485958,9.945830,0.007328,0.080586
2.216710,-3.406593,-0.495727,9.945449,-0.021978,0.080586
2.203740,-3.304031,-0.510379,9.945449,-0.007326,0.080586
2.190389,-3.289379,-0.529915,9.945830,0.007328,0.080586
2.177037,-3.304031,-0.525030,9.945449,-0.007326,0.080586
2.163685,-3.318684,-0.515263,9.945449,-0.021978,0.080586
2.151478,-3.201466,-0.520146,9.945449,-0.007326,0.085470
2.139271,-3.113556,-0.544566,9.945449,-0.021978,0.085470
2.126301,-3.142860,-0.534799,9.945449,-0.021978,0.090355
2.113713,-3.142860,-0.549451,9.945449,-0.021978,0.090355
2.101506,-3.098904,-0.568987,9.945449,-0.007326,0.090355
2.090061,-2.967033,-0.583638,9.945830,0.007328,0.090355
2.078616,-2.908428,-0.608059,9.945449,-0.021978,0.090355
2.067172,-2.879124,-0.622710,9.945449,-0.007326,0.090355
2.055728,-2.849819,-0.652015,9.945449,-0.007326,0.090355
2.045429,-2.688644,-0.705739,9.945449,-0.007326,0.090355
2.035892,-2.527473,-0.754579,9.945449,-0.021978,0.095239
2.026736,-2.395607,-0.793651,9.945449,-0.007326,0.095239
2.017580,-2.307693,-0.818070,9.945449,-0.007326,0.095239
2.009188,-2.205132,-0.827839,9.945449,-0.007326,0.095239
2.001940,-1.985350,-0.832723,9.945449,-0.007326,0.100122
1.995455,-1.765570,-0.822955,9.945449,-0.007326,0.100122
1.988970,-1.663006,-0.803419,9.945449,-0.007326,0.100122
1.982867,-1.575092,-0.774115,9.945449,-0.007326,0.100122
1.977906,-1.413921,-0.725275,9.945449,0.007328,0.105007
1.973329,-1.252748,-0.695971,9.945449,-0.007326,0.109891
1.968751,-1.179489,-0.676435,9.945449,-0.007326,0.109891
1.964555,-1.106228,-0.637362,9.945449,-0.021978,0.109891
1.960740,-1.047621,-0.627595,9.945830,0.007328,0.109891
1.956926,-0.945057,-0.593407,9.945449,-0.007326,0.109891
1.953874,-0.857145,-0.583638,9.945830,-0.007326,0.105007
1.950822,-0.798536,-0.568987,9.945449,-0.007326,0.100122
1.947389,-0.842493,-0.568987,9.945449,-0.021978,0.100122
1.944719,-0.769232,-0.564102,9.945830,0.007328,0.095239
1.942048,-0.681320,-0.559218,9.945449,-0.007326,0.095239
1.939378,-0.666668,-0.564102,9.945449,-0.021978,0.095239
1.937471,-0.593409,-0.554335,9.945449,-0.007326,0.095239
1.935182,-0.593409,-0.549451,9.945449,-0.007326,0.090355
1.932512,-0.608061,-0.559218,9.945449,-0.007326,0.095239
1.931366,-0.446888,-0.539682,9.945449,-0.007326,0.095239
1.929840,-0.373629,-0.534799,9.945449,-0.021978,0.095239
1.927933,-0.402931,-0.515263,9.945449,-0.007326,0.100122
1.926026,-0.446888,-0.525030,9.945449,-0.021978,0.100122
1.924881,-0.358976,-0.520146,9.945449,-0.007326,0.100122
1.924500,-0.227108,-0.510379,9.945449,-0.007326,0.100122
1.923355,-0.227108,-0.495727,9.945449,-0.021978,0.100122
1.921829,-0.315020,-0.476191,9.945449,-0.021978,0.095239
1.920685,-0.285717,-0.466422,9.945449,-0.021978,0.090355
1.919922,-0.227108,-0.485958,9.945449,-0.007326,0.090355
1.919159,-0.241760,-0.500610,9.945449,-0.007326,0.090355
1.917633,-0.256413,-0.510379,9.945449,-0.021978,0.090355
1.916870,-0.227108,-0.510379,9.945830,0.007328,0.090355
1.916107,-0.212456,-0.525030,9.945449,-0.007326,0.085470
1.914963,-0.285717,-0.525030,9.945449,-0.021978,0.090355
1.914200,-0.227108,-0.510379,9.945449,-0.007326,0.090355
1.913819,-0.139196,-0.520146,9.945449,-0.021978,0.090355
1.913056,-0.139196,-0.520146,9.945449,0.007328,0.090355
1.911911,-0.241760,-0.525030,9.945449,-0.007326,0.095239
1.911148,-0.212456,-0.525030,9.945449,-0.007326,0.095239
1.910767,-0.109892,-0.529915,9.945449,-0.007326,0.095239
1.910767,-0.080587,-0.525030,9.945449,-0.021978,0.095239
1.910004,-0.109892,-0.510379,9.945449,-0.021978,0.095239
1.909622,-0.109892,-0.500610,9.945449,-0.021978,0.095239
1.909241,-0.095240,-0.500610,9.945449,-0.007326,0.095239
1.908859,-0.095240,-0.505494,9.945449,-0.007326,0.100122
1.908478,-0.080587,-0.510379,9.945449,-0.007326,0.095239
1.908478,-0.065935,-0.525030,9.945830,0.007328,0.095239
1.908097,-0.080587,-0.539682,9.945449,-0.007326,0.095239
1.907715,-0.080587,-0.554335,9.945449,-0.007326,0.100122
1.907715,-0.036633,-0.573871,9.945449,0.007328,0.095239
1.907715,0.007326,-0.593407,9.945449,-0.007326,0.095239
1.907715,-0.007328,-0.608059,9.945449,0.007328,0.095239
1.907715,0.021978,-0.622710,9.945449,0.007328,0.100122
1.908097,0.051283,-0.637362,9.945449,-0.007326,0.095239
1.908478,0.065933,-0.661782,9.945830,0.007328,0.100122
1.908478,0.065933,-0.686203,9.945449,-0.021978,0.100122
1.909241,0.095238,-0.720390,9.945449,0.007328,0.100122
1.909622,0.124542,-0.744811,9.945449,-0.007326,0.100122
1.910767,0.183149,-0.769231,9.945449,-0.007326,0.100122
1.911530,0.227106,-0.788767,9.945449,-0.007326,0.105007
1.912293,0.183149,-0.808303,9.945449,-0.007326,0.105007
1.913437,0.271063,-0.822955,9.945449,-0.007326,0.105007
1.915726,0.417582,-0.832723,9.945830,0.021980,0.105007
1.917633,0.461538,-0.857142,9.945449,-0.007326,0.105007
1.919159,0.446886,-0.862027,9.945449,-0.021978,0.100122
1.921067,0.461538,-0.866911,9.945449,-0.007326,0.100122
1.924500,0.666666,-0.866911,9.945830,-0.007326,0.100122
1.927933,0.769230,-0.876678,9.945449,-0.007326,0.100122
1.930603,0.754580,-0.866911,9.945449,-0.021978,0.100122
1.934037,0.783882,-0.866911,9.945449,-0.007326,0.095239
1.937852,0.886446,-0.876678,9.945449,-0.007326,0.095239
1.941667,0.945055,-0.881563,9.945449,0.007328,0.095239
1.946244,1.047619,-0.881563,9.945449,-0.007326,0.095239
1.950822,1.135530,-0.866911,9.945449,-0.007326,0.095239
1.955781,1.194139,-0.876678,9.945449,0.007328,0.095239
1.961122,1.238094,-0.866911,9.945449,-0.007326,0.095239
1.966081,1.267399,-0.876678,9.945449,-0.007326,0.100122
1.971803,1.369963,-0.876678,9.945449,-0.007326,0.095239
1.978288,1.487179,-0.881563,9.945449,-0.007326,0.100122
1.984774,1.545788,-0.886447,9.945449,-0.007326,0.095239
1.990877,1.575092,-0.886447,9.945830,0.007328,0.095239
1.997362,1.604395,-0.886447,9.945449,-0.007326,0.095239
2.004610,1.706959,-0.901099,9.945830,-0.007326,0.095239
2.012240,1.838827,-0.901099,9.945830,-0.007326,0.095239
2.019869,1.926741,-0.901099,9.945830,0.007328,0.095239
2.027498,1.926741,-0.901099,9.945449,-0.021978,0.095239
2.035510,1.956043,-0.901099,9.945449,-0.007326,0.095239
2.044284,2.102564,-0.901099,9.945449,-0.007326,0.095239
2.053058,2.175823,-0.915751,9.945830,-0.007326,0.095239
2.061832,2.175823,-0.915751,9.945449,-0.007326,0.100122
2.070987,2.249084,-0.910867,9.945449,-0.007326,0.100122
2.080525,2.351648,-0.925519,9.945830,0.007328,0.095239
2.090824,2.424908,-0.920635,9.945449,-0.007326,0.095239
2.100743,2.498169,-0.915751,9.945449,-0.021978,0.100122
2.110661,2.512821,-0.920635,9.945449,0.007328,0.095239
2.120960,2.571428,-0.925519,9.945449,-0.007326,0.100122
2.132023,2.644688,-0.930403,9.945830,0.007328,0.100122
2.143467,2.761904,-0.920635,9.945449,-0.021978,0.100122
2.154911,2.805861,-0.905983,9.945449,-0.021978,0.100122
2.165974,2.776556,-0.910867,9.945449,-0.007326,0.100122
2.177419,2.820513,-0.901099,9.945449,0.007328,0.100122
2.189245,2.937729,-0.896214,9.945449,-0.007326,0.100122
2.201833,3.040293,-0.881563,9.945449,0.007328,0.100122
2.213659,3.025640,-0.866911,9.945449,-0.007326,0.095239
2.225867,3.010988,-0.866911,9.945449,0.007328,0.095239
2.238074,3.040293,-0.862027,9.945449,-0.007326,0.095239
2.251044,3.157509,-0.852259,9.945830,-0.007326,0.095239
2.264014,3.201466,-0.837606,9.945449,-0.021978,0.095239
2.276222,3.172161,-0.827839,9.945449,-0.021978,0.090355
2.288429,3.084249,-0.847375,9.945449,-0.007326,0.090355
2.301017,3.128204,-0.847375,9.945830,-0.007326,0.090355
2.314368,3.230768,-0.862027,9.945449,-0.007326,0.085470
2.327720,3.274725,-0.852259,9.945830,0.007328,0.085470
2.340308,3.216118,-0.852259,9.945449,-0.007326,0.085470
2.352515,3.142857,-0.866911,9.945830,0.007328,0.085470
2.365867,3.260073,-0.857142,9.945449,-0.021978,0.080586
2.379601,3.362637,-0.852259,9.945449,-0.007326,0.080586
2.392952,3.377289,-0.842491,9.945449,0.007328,0.080586
2.405922,3.230768,-0.842491,9.945449,0.007328,0.080586
2.418511,3.216118,-0.847375,9.945449,-0.007326,0.085470
2.431863,3.318682,-0.847375,9.945449,-0.007326,0.085470
2.445977,3.421246,-0.847375,9.945449,-0.007326,0.085470
2.458947,3.362637,-0.842491,9.945449,-0.021978,0.080586
2.471537,3.186813,-0.842491,9.945449,-0.021978,0.080586
2.484507,3.230768,-0.852259,9.945449,-0.007326,0.080586
2.498621,3.421246,-0.857142,9.945449,0.007328,0.080586
2.512354,3.435898,-0.862027,9.945449,-0.021978,0.075703
2.524944,3.289377,-0.866911,9.945449,-0.007326,0.075703
2.537151,3.157509,-0.852259,9.945449,0.007328,0.075703
2.550502,3.245420,-0.827839,9.945449,-0.007326,0.075703
2.563854,3.304029,-0.735043,9.945449,-0.007326,0.075703
2.575298,3.069597,-0.661782,9.945449,-0.021978,0.075703
2.585216,2.791208,-0.573871,9.945449,-0.007326,0.075703
2.595515,2.659340,-0.520146,9.945449,-0.007326,0.075703
2.606197,2.644688,-0.495727,9.945449,-0.007326,0.075703
2.615352,2.468864,-0.466422,9.945449,-0.007326,0.075703
2.622601,2.117216,-0.471307,9.945449,-0.007326,0.080586
2.629086,1.824175,-0.500610,9.945449,0.021980,0.080586
2.635571,1.677656,-0.549451,9.945449,-0.007326,0.080586
2.641674,1.604395,-0.612943,9.945449,-0.007326,0.080586
2.646633,1.413919,-0.671551,9.945449,-0.007326,0.075703
2.650067,1.150183,-0.725275,9.945449,-0.007326,0.070819
2.653500,0.974360,-0.788767,9.945449,-0.007326,0.065935
2.657315,0.959707,-0.847375,9.945449,-0.036631,0.065935
2.661129,0.974360,-0.891331,9.945449,-0.007326,0.061050
2.663800,0.783882,-0.920635,9.945449,-0.007326,0.065935
2.666471,0.681318,-0.935287,9.945449,-0.007326,0.065935
2.669523,0.710623,-0.940171,9.945449,-0.007326,0.065935
2.671811,0.710623,-0.969475,9.945449,-0.021978,0.070819
2.674100,0.622711,-0.979243,9.945449,0.007328,0.075703
2.676389,0.593407,-0.969475,9.945449,-0.007326,0.080586
2.677533,0.446886,-1.003663,9.945449,-0.007326,0.085470
2.679059,0.402931,-1.023199,9.945449,-0.007326,0.090355
2.680585,0.373627,-1.052503,9.945449,-0.007326,0.100122
2.682111,0.388279,-1.067155,9.945449,-0.007326,0.100122
2.683255,0.329670,-1.076923,9.945449,-0.007326,0.100122
2.683637,0.227106,-1.101343,9.945449,-0.007326,0.095239
2.684400,0.153847,-1.120879,9.945449,0.007328,0.095239
2.685163,0.183149,-1.140415,9.945449,-0.007326,0.085470
2.686307,0.256411,-1.159951,9.945449,-0.007326,0.080586
2.686689,0.212454,-1.169719,9.945449,-0.007326,0.080586
2.687070,0.109890,-1.174603,9.945449,-0.007326,0.075703
2.687452,0.095238,-1.179487,9.945449,-0.021978,0.070819
2.688215,0.168499,-1.184371,9.945449,-0.007326,0.070819
2.689359,0.227106,-1.169719,9.945449,-0.007326,0.075703
2.690122,0.197802,-1.135531,9.945449,-0.007326,0.080586
2.690503,0.183149,-1.120879,9.945449,0.007328,0.080586
2.691266,0.168499,-1.111111,9.945449,-0.007326,0.085470
2.692029,0.168499,-1.106227,9.945449,0.021980,0.090355
2.692792,0.183149,-1.101343,9.945449,-0.021978,0.090355
2.693174,0.197802,-1.101343,9.945449,-0.007326,0.090355
2.693937,0.139194,-1.096459,9.945449,-0.021978,0.090355
2.693937,0.095238,-1.101343,9.945449,0.007328,0.090355
2.694318,0.095238,-1.111111,9.945449,-0.007326,0.085470
2.694700,0.065933,-1.130647,9.945449,-0.021978,0.085470
2.694700,0.036631,-1.145299,9.945449,0.007328,0.080586
2.694700,0.036631,-1.159951,9.945449,-0.007326,0.075703
2.694700,0.036631,-1.174603,9.945449,-0.007326,0.075703
2.694700,-0.007328,-1.179487,9.945449,-0.007326,0.070819
2.694700,0.021978,-1.194139,9.945449,-0.021978,0.070819
2.694700,0.007326,-1.194139,9.945449,-0.007326,0.070819
2.694700,0.007326,-1.189255,9.945449,-0.007326,0.070819
2.694700,0.007326,-1.184371,9.945449,0.007328,0.075703
2.694700,0.007326,-1.169719,9.945449,-0.021978,0.080586
2.694700,0.007326,-1.155067,9.945449,-0.007326,0.085470
2.694700,-0.007328,-1.130647,9.945449,0.007328,0.090355
2.694700,0.021978,-1.111111,9.945449,-0.007326,0.095239
2.694700,0.007326,-1.081807,9.945449,-0.021978,0.095239
2.694700,0.007326,-1.047619,9.945449,-0.021978,0.095239
2.694318,-0.007328,-1.013431,9.945449,-0.007326,0.095239
2.694318,0.007326,-0.979243,9.945449,0.007328,0.090355
2.694318,-0.007328,-0.940171,9.945449,-0.007326,0.085470
2.694318,-0.036633,-0.901099,9.945449,-0.021978,0.085470
2.693937,-0.021980,-0.862027,9.945449,-0.007326,0.080586
2.693555,-0.021980,-0.822955,9.945449,-0.021978,0.075703
2.693555,-0.051285,-0.778998,9.945449,-0.021978,0.075703
2.693174,-0.036633,-0.739926,9.945449,-0.007326,0.075703
2.692792,-0.095240,-0.691087,9.945449,-0.021978,0.075703
2.692029,-0.139196,-0.656898,9.945449,-0.007326,0.075703
2.691266,-0.168499,-0.627595,9.945449,-0.007326,0.080586
2.690122,-0.256413,-0.593407,9.945449,-0.021978,0.085470
2.689359,-0.212456,-0.564102,9.945449,-0.021978,0.090355
2.688215,-0.212456,-0.534799,9.945449,-0.007326,0.095239
2.686307,-0.388281,-0.515263,9.945449,-0.007326,0.100122
2.684018,-0.476192,-0.471307,9.945449,-0.007326,0.100122
2.682111,-0.446888,-0.451771,9.945449,0.007328,0.100122
2.680967,-0.373629,-0.417583,9.945449,0.007328,0.100122
2.678296,-0.505497,-0.402930,9.945449,-0.007326,0.100122
2.674482,-0.754581,-0.373627,9.945449,-0.007326,0.095239
2.671811,-0.739929,-0.354091,9.945449,0.007328,0.095239
2.669523,-0.666668,-0.324786,9.945449,-0.021978,0.090355
2.666471,-0.695972,-0.305250,9.945449,-0.021978,0.090355
2.662274,-0.857145,-0.261294,9.945449,-0.021978,0.090355
2.657696,-1.018316,-0.246642,9.945449,-0.007326,0.090355
2.653500,-1.076925,-0.222222,9.945449,-0.007326,0.090355
2.648922,-1.076925,-0.231990,9.945449,-0.007326,0.090355
2.644345,-1.120880,-0.207570,9.945449,-0.007326,0.090355
2.638623,-1.282053,-0.188034,9.945449,-0.007326,0.085470
2.632519,-1.399269,-0.183150,9.945449,0.007328,0.085470
2.626034,-1.531137,-0.188034,9.945449,-0.007326,0.085470
2.619549,-1.575092,-0.192918,9.945449,-0.021978,0.085470
2.613063,-1.619049,-0.188034,9.945449,-0.007326,0.080586
2.605815,-1.706961,-0.188034,9.945449,0.007328,0.080586
2.597804,-1.882786,-0.202686,9.945449,-0.021978,0.075703
2.589031,-2.043957,-0.222222,9.945449,-0.021978,0.070819
2.581020,-2.043957,-0.236875,9.945449,-0.021978,0.065935
2.572627,-2.000000,-0.241758,9.945449,0.007328,0.061050
2.563472,-2.161175,-0.241758,9.945449,-0.007326,0.061050
2.553554,-2.366302,-0.241758,9.945449,-0.007326,0.056167
2.543636,-2.439564,-0.266178,9.945449,-0.007326,0.061050
2.534099,-2.424911,-0.280830,9.945449,-0.007326,0.061050
2.524181,-2.439564,-0.280830,9.945449,-0.007326,0.061050
2.513117,-2.556778,-0.300366,9.945449,-0.021978,0.065935
2.502054,-2.717949,-0.300366,9.945449,-0.007326,0.070819
2.490992,-2.732601,-0.319902,9.945449,-0.021978,0.075703
2.479929,-2.717949,-0.324786,9.945449,-0.021978,0.075703
2.468866,-2.747253,-0.344322,9.945449,-0.007326,0.080586
2.457040,-2.879124,-0.344322,9.945449,-0.007326,0.080586
2.444833,-2.952381,-0.358974,9.945449,-0.007326,0.080586
2.433389,-2.908428,-0.354091,9.945449,0.007328,0.080586
2.421945,-2.908428,-0.368742,9.945449,-0.007326,0.080586
2.409737,-2.967033,-0.373627,9.945449,-0.007326,0.075703
2.397148,-3.069599,-0.373627,9.945449,0.007328,0.075703
2.384941,-3.084251,-0.388278,9.945449,-0.021978,0.070819
2.372734,-3.010990,-0.378510,9.945449,0.007328,0.070819
2.360526,-3.054947,-0.393163,9.945449,-0.021978,0.070819
2.347556,-3.157509,-0.398046,9.945449,-0.021978,0.075703
2.334586,-3.201466,-0.407814,9.945449,0.007328,0.075703
2.322379,-3.172161,-0.407814,9.945449,0.007328,0.080586
2.309791,-3.113556,-0.412699,9.945449,0.007328,0.080586
2.296821,-3.201466,-0.427350,9.945449,0.007328,0.085470
2.283469,-3.274727,-0.412699,9.945449,0.007328,0.085470
2.270117,-3.260075,-0.432235,9.945449,0.007328,0.090355
2.257910,-3.186813,-0.442002,9.945449,-0.007326,0.085470
2.244559,-3.245422,-0.437119,9.945449,-0.007326,0.085470
2.230826,-3.333336,-0.432235,9.945449,-0.021978,0.085470
2.217473,-3.362640,-0.451771,9.945449,-0.007326,0.080586
2.204885,-3.260075,-0.456655,9.945449,0.007328,0.080586
2.191915,-3.216118,-0.466422,9.945449,-0.007326,0.075703
2.178563,-3.289379,-0.437119,9.945449,-0.021978,0.070819
2.164829,-3.347988,-0.437119,9.945449,-0.007326,0.070819
2.151860,-3.318684,-0.427350,9.945449,-0.021978,0.065935
2.138890,-3.245422,-0.442002,9.945449,-0.021978,0.065935
2.125920,-3.274727,-0.427350,9.945449,-0.007326,0.065935
2.112187,-3.347988,-0.422466,9.945449,-0.007326,0.065935
2.098835,-3.362640,-0.456655,9.945449,-0.007326,0.070819
2.086247,-3.260075,-0.534799,9.945449,-0.007326,0.075703
2.074039,-3.128208,-0.632479,9.945449,-0.007326,0.080586
2.061450,-3.069599,-0.730159,9.945449,0.007328,0.080586
2.050006,-2.996338,-0.813187,9.945449,-0.007326,0.080586
2.038944,-2.835167,-0.876678,9.945449,-0.007326,0.080586
2.029406,-2.586082,-0.910867,9.945449,-0.007326,0.080586
2.020632,-2.395607,-0.940171,9.945449,-0.007326,0.080586
2.012240,-2.219780,-0.940171,9.945449,-0.007326,0.080586
2.004229,-2.058609,-0.901099,9.945449,-0.021978,0.080586
1.997362,-1.853481,-0.871795,9.945449,-0.007326,0.080586
1.991259,-1.677658,-0.832723,9.945449,-0.007326,0.085470
1.985537,-1.545790,-0.778998,9.945449,-0.007326,0.090355
1.980195,-1.399269,-0.730159,9.945449,-0.007326,0.095239
1.975618,-1.282053,-0.700854,9.945449,0.021980,0.100122
1.971040,-1.208794,-0.666667,9.945449,-0.007326,0.105007
1.966462,-1.179489,-0.652015,9.945449,0.007328,0.109891
1.962648,-1.032969,-0.637362,9.945449,-0.021978,0.105007
1.959214,-0.945057,-0.617826,9.945449,0.007328,0.100122
1.955781,-0.871796,-0.593407,9.945449,-0.007326,0.100122
1.952348,-0.827841,-0.573871,9.945449,-0.007326,0.095239
1.949296,-0.827841,-0.559218,9.945449,-0.007326,0.090355
1.946626,-0.739929,-0.554335,9.945449,-0.021978,0.085470
1.943956,-0.652016,-0.544566,9.945449,-0.021978,0.085470
1.941285,-0.652016,-0.539682,9.945449,-0.036631,0.080586
1.938615,-0.652016,-0.534799,9.945449,-0.021978,0.080586
1.936708,-0.564104,-0.534799,9.945449,0.007328,0.085470
1.934419,-0.549452,-0.544566,9.945449,0.007328,0.090355
1.932129,-0.564104,-0.539682,9.945449,-0.007326,0.095239
1.930603,-0.432236,-0.529915,9.945449,0.021980,0.095239
1.928696,-0.432236,-0.520146,9.945449,0.007328,0.100122
1.927170,-0.417583,-0.520146,9.945449,-0.036631,0.105007
1.925263,-0.432236,-0.525030,9.945830,0.007328,0.100122
1.924500,-0.285717,-0.510379,9.945449,0.007328,0.095239
1.923737,-0.241760,-0.495727,9.945449,-0.007326,0.090355
1.922211,-0.285717,-0.485958,9.945449,-0.007326,0.085470
1.921067,-0.329672,-0.471307,9.945449,-0.007326,0.075703
1.920304,-0.256413,-0.481074,9.945449,-0.021978,0.075703
1.918778,-0.271065,-0.510379,9.945449,0.007328,0.070819
1.917633,-0.285717,-0.520146,9.945449,-0.036631,0.075703
1.916870,-0.241760,-0.520146,9.945449,-0.021978,0.075703
1.916107,-0.227108,-0.534799,9.945449,0.007328,0.075703
1.914582,-0.300367,-0.539682,9.945449,-0.007326,0.080586
1.913819,-0.241760,-0.529915,9.945449,-0.007326,0.085470
1.913819,-0.124544,-0.529915,9.945449,0.007328,0.080586
1.913056,-0.139196,-0.529915,9.945449,-0.007326,0.085470
1.911911,-0.227108,-0.529915,9.945449,-0.007326,0.085470
1.911148,-0.183151,-0.529915,9.945449,-0.007326,0.085470
1.911148,-0.080587,-0.529915,9.945449,-0.007326,0.085470
1.910767,-0.065935,-0.520146,9.945449,-0.007326,0.085470
1.910004,-0.095240,-0.500610,9.945449,-0.021978,0.085470
1.909622,-0.095240,-0.490843,9.945449,-0.007326,0.080586
1.909241,-0.095240,-0.485958,9.945449,-0.007326,0.080586
1.909241,-0.065935,-0.485958,9.945449,0.007328,0.085470
1.908859,-0.080587,-0.481074,9.945449,-0.007326,0.085470
1.908478,-0.065935,-0.485958,9.945449,-0.007326,0.085470
1.907715,-0.095240,-0.490843,9.945449,0.007328,0.085470
1.907715,-0.109892,-0.505494,9.945449,-0.007326,0.090355
1.907334,-0.065935,-0.520146,9.945449,-0.007326,0.090355
1.906952,-0.036633,-0.534799,9.945449,-0.021978,0.090355
1.906952,-0.051285,-0.544566,9.945449,-0.007326,0.095239
1.906952,0.007326,-0.549451,9.945449,0.007328,0.090355
1.907334,0.036631,-0.554335,9.945449,-0.007326,0.090355
1.907334,0.036631,-0.564102,9.945449,-0.007326,0.085470
1.907715,0.065933,-0.578754,9.945449,0.007328,0.085470
1.907715,0.051283,-0.598290,9.945449,-0.007326,0.085470
1.908097,0.065933,-0.622710,9.945449,-0.007326,0.085470
1.908097,0.051283,-0.652015,9.945449,-0.007326,0.085470
1.908478,0.065933,-0.691087,9.945449,-0.021978,0.090355
1.908478,0.065933,-0.725275,9.945449,-0.007326,0.090355
1.908859,0.080585,-0.759462,9.945449,-0.007326,0.095239
1.909622,0.153847,-0.793651,9.945449,-0.007326,0.095239
1.910767,0.212454,-0.818070,9.945449,0.007328,0.095239
1.911911,0.256411,-0.832723,9.945449,-0.007326,0.095239
1.912674,0.256411,-0.847375,9.945449,-0.021978,0.090355
1.914200,0.344322,-0.847375,9.945449,-0.007326,0.090355
1.916870,0.505495,-0.866911,9.945830,0.021980,0.090355
1.918778,0.520147,-0.876678,9.945449,-0.007326,0.085470
1.920685,0.505495,-0.876678,9.945449,-0.021978,0.085470
1.923737,0.608059,-0.862027,9.945449,0.007328,0.085470
1.927170,0.783882,-0.876678,9.945449,-0.007326,0.090355
1.930603,0.798534,-0.871795,9.945449,-0.007326,0.090355
1.933656,0.813187,-0.862027,9.945449,-0.007326,0.095239
1.937471,0.871796,-0.862027,9.945449,-0.007326,0.095239
1.941667,0.945055,-0.876678,9.945830,0.021980,0.095239
1.945863,1.062271,-0.876678,9.945449,-0.007326,0.095239
1.950822,1.150183,-0.862027,9.945449,-0.007326,0.095239
1.955781,1.208792,-0.866911,9.945449,-0.007326,0.090355
1.960740,1.238094,-0.862027,9.945449,-0.007326,0.090355
1.966081,1.238094,-0.876678,9.945449,-0.021978,0.085470
1.971803,1.326008,-0.871795,9.945449,-0.007326,0.085470
1.977906,1.457876,-0.876678,9.945449,-0.021978,0.085470
1.984011,1.545788,-0.871795,9.945449,0.007328,0.085470
1.990114,1.560440,-0.871795,9.945449,-0.021978,0.085470
1.996599,1.560440,-0.871795,9.945449,-0.007326,0.085470
2.003466,1.648352,-0.881563,9.945449,-0.007326,0.085470
2.011095,1.794872,-0.876678,9.945449,0.007328,0.090355
2.018725,1.868132,-0.862027,9.945449,-0.007326,0.090355
2.025591,1.824175,-0.862027,9.945449,-0.021978,0.090355
2.033221,1.853479,-0.866911,9.945830,0.007328,0.090355
2.041614,1.985348,-0.862027,9.945449,-0.007326,0.095239
2.050006,2.087912,-0.876678,9.945449,0.007328,0.090355
2.058017,2.043957,-0.881563,9.945449,-0.021978,0.090355
2.066791,2.087912,-0.876678,9.945449,0.007328,0.085470
2.075946,2.190475,-0.891331,9.945449,-0.007326,0.085470
2.085102,2.263737,-0.886447,9.945449,-0.021978,0.085470
2.094639,2.322344,-0.886447,9.945449,-0.007326,0.085470
2.103794,2.366301,-0.891331,9.945449,-0.021978,0.085470
2.113331,2.351648,-0.901099,9.945449,0.007328,0.085470
2.123249,2.424908,-0.910867,9.945449,0.007328,0.085470
2.133930,2.571428,-0.915751,9.945449,-0.007326,0.085470
2.144230,2.615385,-0.910867,9.945449,-0.021978,0.090355
2.154911,2.615385,-0.910867,9.945449,-0.007326,0.090355
2.165211,2.630037,-0.920635,9.945449,-0.007326,0.090355
2.176656,2.732601,-0.925519,9.945449,-0.007326,0.090355
2.188100,2.820513,-0.920635,9.945449,-0.007326,0.090355
2.199926,2.879120,-0.905983,9.945449,0.007328,0.090355
2.211370,2.893772,-0.891331,9.945449,-0.007326,0.090355
2.223195,2.908424,-0.876678,9.945449,-0.021978,0.090355
2.235022,2.981686,-0.881563,9.945449,-0.007326,0.090355
2.247610,3.069597,-0.871795,9.945449,-0.007326,0.085470
2.260199,3.098902,-0.857142,9.945449,0.007328,0.085470
2.272406,3.084249,-0.837606,9.945449,-0.021978,0.080586
2.284232,3.054945,-0.847375,9.945449,-0.007326,0.080586
2.296821,3.113552,-0.857142,9.945449,-0.021978,0.080586
2.309791,3.172161,-0.852259,9.945449,-0.007326,0.080586
2.322379,3.172161,-0.862027,9.945449,0.007328,0.080586
2.335731,3.172161,-0.847375,9.945449,-0.007326,0.080586
2.347938,3.157509,-0.857142,9.945449,-0.007326,0.080586
2.360908,3.216118,-0.857142,9.945449,-0.021978,0.075703
2.373879,3.260073,-0.857142,9.945449,-0.007326,0.080586
2.386849,3.289377,-0.847375,9.945449,-0.021978,0.075703
2.399819,3.245420,-0.852259,9.945449,0.007328,0.075703
2.412407,3.216118,-0.852259,9.945449,-0.021978,0.075703
2.425760,3.260073,-0.862027,9.945449,-0.007326,0.070819
2.439492,3.362637,-0.857142,9.945449,-0.007326,0.070819
2.452462,3.333334,-0.862027,9.945449,-0.007326,0.070819
2.465051,3.230768,-0.862027,9.945449,-0.007326,0.070819
2.478022,3.216118,-0.862027,9.945449,-0.021978,0.070819
2.491755,3.318682,-0.871795,9.945449,-0.021978,0.070819
2.505488,3.406593,-0.876678,9.945449,-0.021978,0.070819
2.518459,3.318682,-0.871795,9.945449,-0.007326,0.065935
2.530666,3.216118,-0.876678,9.945449,-0.007326,0.065935
2.544017,3.245420,-0.847375,9.945449,-0.007326,0.065935
2.556987,3.274725,-0.788767,9.945449,-0.007326,0.065935
2.569194,3.157509,-0.695971,9.945449,-0.007326,0.065935
2.579875,2.879120,-0.612943,9.945449,-0.007326,0.070819
2.590556,2.747253,-0.539682,9.945449,0.007328,0.070819
2.601238,2.703297,-0.490843,9.945449,-0.007326,0.070819
2.610774,2.556776,-0.471307,9.945449,-0.007326,0.070819
2.618786,2.278389,-0.461538,9.945449,-0.021978,0.070819
2.625653,1.970695,-0.471307,9.945449,-0.007326,0.070819
2.632138,1.765568,-0.515263,9.945449,0.007328,0.070819
2.638623,1.663004,-0.573871,9.945449,-0.021978,0.070819
2.643963,1.487179,-0.637362,9.945449,-0.007326,0.065935
2.647778,1.238094,-0.695971,9.945449,-0.007326,0.061050
2.651592,1.062271,-0.764347,9.945449,-0.021978,0.056167
2.655407,0.974360,-0.827839,9.945449,-0.021978,0.056167
2.659222,0.959707,-0.876678,9.945449,-0.021978,0.056167
2.662274,0.871796,-0.920635,9.945449,-0.036631,0.056167
2.664562,0.710623,-0.940171,9.945449,-0.021978,0.056167
2.667234,0.710623,-0.949939,9.945449,-0.007326,0.056167
2.670285,0.754580,-0.969475,9.945449,0.007328,0.061050
2.672574,0.622711,-0.979243,9.945449,-0.007326,0.065935
2.674482,0.564102,-0.979243,9.945449,0.007328,0.070819
2.676770,0.578754,-0.984127,9.945449,0.007328,0.075703
2.678296,0.446886,-1.008547,9.945449,0.007328,0.080586
2.679441,0.373627,-1.032967,9.945449,-0.007326,0.085470
2.680585,0.329670,-1.062271,9.945449,-0.007326,0.090355
2.682111,0.373627,-1.072039,9.945449,-0.007326,0.090355
2.683255,0.329670,-1.086691,9.945449,-0.007326,0.085470
2.684018,0.212454,-1.106227,9.945449,-0.007326,0.085470
2.684400,0.168499,-1.120879,9.945449,0.007328,0.080586
2.685163,0.197802,-1.140415,9.945449,-0.021978,0.070819
2.686307,0.256411,-1.155067,9.945449,0.007328,0.065935
2.686689,0.183149,-1.159951,9.945449,-0.007326,0.065935
2.687070,0.109890,-1.164835,9.945449,-0.007326,0.061050
2.687452,0.124542,-1.169719,9.945449,-0.021978,0.061050
2.688215,0.183149,-1.179487,9.945449,0.007328,0.061050
2.689359,0.212454,-1.159951,9.945449,-0.021978,0.065935
2.689740,0.197802,-1.130647,9.945449,0.007328,0.070819
2.690503,0.183149,-1.115995,9.945449,-0.021978,0.075703
2.691266,0.168499,-1.106227,9.945449,0.007328,0.080586
2.691648,0.153847,-1.106227,9.945449,0.021980,0.080586
2.692029,0.168499,-1.106227,9.945449,-0.007326,0.085470
2.692792,0.168499,-1.111111,9.945449,0.007328,0.085470
2.693174,0.139194,-1.111111,9.945449,-0.007326,0.085470
2.693555,0.124542,-1.106227,9.945449,0.007328,0.080586
2.693937,0.109890,-1.111111,9.945449,-0.007326,0.075703
2.694318,0.080585,-1.120879,9.945449,-0.007326,0.075703
2.694318,0.065933,-1.135531,9.945449,-0.007326,0.070819
2.694318,0.036631,-1.150183,9.945449,-0.007326,0.065935
2.694318,0.021978,-1.159951,9.945449,-0.036631,0.061050
2.694318,0.007326,-1.169719,9.945449,-0.007326,0.061050
2.694700,0.036631,-1.184371,9.945449,-0.021978,0.056167
2.694700,0.007326,-1.184371,9.945449,-0.007326,0.061050
2.694700,0.021978,-1.189255,9.945449,-0.007326,0.061050
2.694700,0.021978,-1.189255,9.945449,-0.021978,0.065935
2.694700,0.021978,-1.189255,9.945449,-0.007326,0.075703
2.694700,0.036631,-1.184371,9.945449,-0.007326,0.075703
2.694700,0.021978,-1.179487,9.945449,-0.007326,0.080586
2.695081,0.007326,-1.174603,9.945449,-0.007326,0.080586
2.695081,0.036631,-1.174603,9.945449,-0.007326,0.085470
2.695081,0.021978,-1.169719,9.945449,-0.007326,0.080586
2.695081,0.021978,-1.169719,9.945449,-0.007326,0.080586
2.695081,0.007326,-1.164835,9.945449,-0.007326,0.075703
2.695462,0.036631,-1.164835,9.945449,-0.007326,0.075703
2.695462,0.036631,-1.155067,9.945449,-0.007326,0.070819
2.695462,0.036631,-1.155067,9.945449,-0.021978,0.065935
2.695462,0.021978,-1.145299,9.945449,-0.007326,0.065935
2.695462,0.007326,-1.140415,9.945449,0.007328,0.065935
2.695462,0.007326,-1.130647,9.945449,-0.007326,0.065935
2.695462,0.007326,-1.120879,9.945449,0.021980,0.065935
2.695462,0.007326,-1.101343,9.945449,-0.021978,0.070819
2.695462,-0.021980,-1.081807,9.945449,-0.007326,0.075703
2.695462,0.007326,-1.057387,9.945449,0.007328,0.075703
2.695081,0.007326,-1.028083,9.945449,0.007328,0.080586
2.695081,-0.021980,-0.998779,9.945449,-0.007326,0.085470
2.695081,-0.021980,-0.969475,9.945449,-0.007326,0.090355
2.694700,-0.036633,-0.935287,9.945449,-0.007326,0.090355
2.694318,-0.051285,-0.901099,9.945449,-0.007326,0.090355
2.694318,-0.051285,-0.857142,9.945449,-0.007326,0.085470
2.693937,-0.065935,-0.813187,9.945449,-0.007326,0.085470
2.693555,-0.080587,-0.764347,9.945449,-0.007326,0.080586
2.692792,-0.109892,-0.720390,9.945449,0.007328,0.075703
2.692411,-0.124544,-0.676435,9.945449,-0.021978,0.070819
2.691648,-0.139196,-0.632479,9.945449,0.007328,0.070819
2.690503,-0.227108,-0.593407,9.945449,-0.021978,0.065935
2.689740,-0.227108,-0.544566,9.945449,-0.007326,0.065935
2.688596,-0.197803,-0.500610,9.945449,0.007328,0.065935
2.687070,-0.344324,-0.466422,9.945449,-0.007326,0.065935
2.684400,-0.505497,-0.417583,9.945449,0.007328,0.070819
2.682492,-0.505497,-0.393163,9.945449,-0.007326,0.070819
2.680967,-0.417583,-0.363858,9.945449,-0.007326,0.075703
2.678296,-0.534800,-0.344322,9.945449,-0.007326,0.075703
2.674100,-0.813189,-0.319902,9.945449,-0.021978,0.080586
2.670667,-0.871796,-0.305250,9.945449,-0.021978,0.080586
2.667615,-0.813189,-0.290598,9.945449,-0.007326,0.080586
2.664181,-0.813189,-0.275947,9.945449,-0.007326,0.085470
2.659603,-0.974361,-0.246642,9.945449,-0.007326,0.085470
2.654263,-1.208794,-0.236875,9.945449,-0.007326,0.080586
2.648922,-1.282053,-0.251526,9.945449,-0.007326,0.080586
2.643963,-1.223446,-0.236875,9.945449,-0.007326,0.075703
2.639385,-1.208794,-0.227106,9.945449,-0.007326,0.075703
2.633282,-1.340660,-0.251526,9.945449,-0.007326,0.075703
2.626797,-1.531137,-0.285714,9.945449,-0.007326,0.075703
2.620312,-1.575092,-0.285714,9.945449,-0.007326,0.070819
2.614208,-1.560442,-0.261294,9.945449,-0.021978,0.070819
2.607723,-1.575092,-0.246642,9.945449,0.007328,0.075703
2.600475,-1.677658,-0.251526,9.945449,0.007328,0.070819
2.592464,-1.838829,-0.261294,9.945449,-0.007326,0.070819
2.584834,-1.926743,-0.251526,9.945449,-0.007326,0.070819
2.577205,-1.882786,-0.231990,9.945449,0.007328,0.070819
2.569194,-1.912090,-0.227106,9.945449,-0.007326,0.070819
2.560420,-2.073261,-0.222222,9.945449,-0.007326,0.065935
2.551265,-2.205132,-0.231990,9.945449,-0.007326,0.065935
2.542491,-2.234432,-0.236875,9.945449,-0.007326,0.065935
2.532954,-2.293041,-0.236875,9.945449,-0.021978,0.065935
2.523418,-2.351650,-0.246642,9.945449,0.007328,0.065935
2.513117,-2.468864,-0.261294,9.945449,-0.007326,0.065935
2.502436,-2.586082,-0.266178,9.945449,-0.007326,0.065935
2.491755,-2.615387,-0.290598,9.945449,-0.021978,0.065935
2.481074,-2.644691,-0.310134,9.945449,-0.007326,0.061050
2.470011,-2.703297,-0.324786,9.945449,-0.007326,0.061050
2.458566,-2.805862,-0.339438,9.945449,-0.007326,0.061050
2.446740,-2.864471,-0.354091,9.945449,-0.021978,0.061050
2.435296,-2.864471,-0.349206,9.945449,-0.007326,0.061050
2.423852,-2.893776,-0.358974,9.945449,0.007328,0.065935
2.411644,-2.967033,-0.349206,9.945449,-0.007326,0.065935
2.399056,-3.054947,-0.339438,9.945449,-0.021978,0.065935
2.386849,-3.084251,-0.344322,9.945449,-0.007326,0.065935
2.374642,-3.069599,-0.349206,9.945449,-0.007326,0.070819
2.361671,-3.142860,-0.368742,9.945449,-0.007326,0.065935
2.348701,-3.216118,-0.402930,9.945449,-0.007326,0.065935
2.335731,-3.216118,-0.402930,9.945449,0.007328,0.065935
2.322761,-3.201466,-0.437119,9.945449,-0.021978,0.065935
2.310172,-3.186813,-0.461538,9.945449,-0.007326,0.065935
2.297202,-3.216118,-0.481074,9.945449,-0.007326,0.061050
2.283851,-3.245422,-0.476191,9.945449,-0.007326,0.056167
2.271261,-3.216118,-0.485958,9.945449,-0.036631,0.056167
2.259054,-3.142860,-0.500610,9.945449,-0.021978,0.056167
2.246084,-3.172161,-0.490843,9.945449,-0.007326,0.056167
2.233114,-3.216118,-0.490843,9.945449,0.007328,0.056167
2.220144,-3.216118,-0.505494,9.945449,-0.007326,0.061050
2.207937,-3.113556,-0.490843,9.945449,-0.021978,0.061050
2.195729,-3.084251,-0.495727,9.945449,-0.007326,0.065935
2.183141,-3.113556,-0.485958,9.945449,-0.007326,0.065935
2.170552,-3.157509,-0.490843,9.945449,0.007328,0.070819
2.158345,-3.084251,-0.471307,9.945449,-0.021978,0.070819
2.146519,-3.010990,-0.476191,9.945449,-0.007326,0.075703
2.134312,-3.025642,-0.466422,9.945449,0.007328,0.075703
2.121723,-3.069599,-0.476191,9.945449,-0.007326,0.070819
2.109135,-3.113556,-0.490843,9.945449,0.007328,0.075703
2.097691,-3.010990,-0.495727,9.945449,-0.007326,0.075703
2.085865,-2.952381,-0.510379,9.945449,-0.007326,0.070819
2.073657,-2.967033,-0.529915,9.945449,-0.007326,0.070819
2.062213,-2.981686,-0.593407,9.945449,-0.007326,0.070819
2.051151,-2.805862,-0.671551,9.945449,-0.007326,0.075703
2.041232,-2.659344,-0.749695,9.945449,0.007328,0.075703
2.031314,-2.542126,-0.788767,9.945449,-0.007326,0.075703
2.021776,-2.454216,-0.832723,9.945449,-0.021978,0.075703
2.013003,-2.307693,-0.866911,9.945449,0.007328,0.080586
2.004992,-2.102566,-0.876678,9.945449,-0.021978,0.085470
1.998125,-1.897438,-0.862027,9.945449,-0.021978,0.085470
1.991640,-1.750917,-0.837606,9.945449,-0.021978,0.090355
1.985155,-1.648354,-0.793651,9.945449,-0.007326,0.090355
1.979814,-1.457878,-0.744811,9.945449,0.007328,0.090355
1.975236,-1.296705,-0.715507,9.945449,-0.007326,0.090355
1.970659,-1.208794,-0.676435,9.945449,-0.021978,0.090355
1.966081,-1.164837,-0.647131,9.945449,-0.007326,0.090355
1.961885,-1.091578,-0.632479,9.945449,0.007328,0.085470
1.958452,-0.974361,-0.608059,9.945449,-0.007326,0.085470
1.955018,-0.886448,-0.593407,9.945449,-0.007326,0.085470
1.951967,-0.827841,-0.578754,9.945449,-0.007326,0.080586
1.948533,-0.857145,-0.568987,9.945449,-0.021978,0.075703
1.945482,-0.813189,-0.573871,9.945449,0.007328,0.070819
1.942811,-0.725277,-0.568987,9.945449,-0.021978,0.070819
1.940141,-0.666668,-0.578754,9.945449,-0.021978,0.070819
1.937852,-0.593409,-0.559218,9.945449,-0.021978,0.070819
1.935563,-0.593409,-0.549451,9.945449,0.007328,0.070819
1.932893,-0.622713,-0.559218,9.945449,-0.007326,0.070819
1.931748,-0.476192,-0.544566,9.945449,-0.007326,0.070819
1.930222,-0.373629,-0.534799,9.945449,-0.007326,0.070819
1.928314,-0.402931,-0.515263,9.945449,-0.007326,0.075703
1.926789,-0.432236,-0.510379,9.945449,-0.007326,0.080586
1.925263,-0.402931,-0.510379,9.945449,-0.007326,0.075703
1.924500,-0.241760,-0.505494,9.945449,-0.007326,0.075703
1.923737,-0.197803,-0.485958,9.945449,-0.007326,0.080586
1.922211,-0.300367,-0.476191,9.945449,-0.051283,0.075703
1.921067,-0.315020,-0.456655,9.945449,-0.007326,0.075703
1.920304,-0.241760,-0.476191,9.945449,-0.007326,0.070819
1.919159,-0.271065,-0.495727,9.945449,-0.021978,0.070819
1.918015,-0.285717,-0.505494,9.945449,-0.021978,0.070819
1.916870,-0.241760,-0.510379,9.945449,-0.007326,0.070819
1.916107,-0.241760,-0.525030,9.945449,0.007328,0.070819
1.914582,-0.300367,-0.529915,9.945449,-0.021978,0.075703
1.913819,-0.256413,-0.520146,9.945449,0.007328,0.075703
1.913437,-0.124544,-0.525030,9.945449,-0.007326,0.075703
1.912674,-0.153849,-0.529915,9.945449,0.007328,0.075703
1.911530,-0.271065,-0.529915,9.945449,-0.007326,0.080586
1.910767,-0.212456,-0.529915,9.945449,-0.007326,0.080586
1.910767,-0.080587,-0.529915,9.945449,-0.007326,0.080586
1.910385,-0.080587,-0.520146,9.945449,-0.021978,0.080586
1.910004,-0.124544,-0.510379,9.945449,-0.007326,0.075703
1.909622,-0.109892,-0.505494,9.945449,-0.007326,0.075703
1.909241,-0.080587,-0.510379,9.945449,-0.021978,0.080586
1.908859,-0.080587,-0.520146,9.945449,0.007328,0.080586
1.908859,-0.051285,-0.529915,9.945449,-0.007326,0.080586
1.908478,-0.021980,-0.539682,9.945449,-0.021978,0.080586
1.908478,-0.021980,-0.554335,9.945449,-0.007326,0.080586
1.908097,-0.051285,-0.573871,9.945449,-0.007326,0.080586
1.908097,-0.007328,-0.598290,9.945449,-0.021978,0.080586
1.908478,0.036631,-0.622710,9.945449,-0.007326,0.085470
1.908478,0.036631,-0.647131,9.945449,0.007328,0.085470
1.908478,0.036631,-0.676435,9.945449,-0.007326,0.080586
1.908859,0.080585,-0.705739,9.945449,-0.007326,0.080586
1.909622,0.095238,-0.735043,9.945449,-0.021978,0.080586
1.910385,0.183149,-0.759462,9.945449,-0.007326,0.080586
1.911530,0.227106,-0.783883,9.945449,-0.007326,0.080586
1.912293,0.197802,-0.813187,9.945449,-0.007326,0.080586
1.913437,0.256411,-0.837606,9.945449,-0.007326,0.080586
1.915726,0.417582,-0.847375,9.945449,-0.007326,0.080586
1.917633,0.476191,-0.881563,9.945449,-0.007326,0.080586
1.919541,0.476191,-0.891331,9.945449,-0.007326,0.080586
1.921448,0.520147,-0.901099,9.945449,-0.007326,0.080586
1.924881,0.695971,-0.901099,9.945449,-0.007326,0.080586
1.928314,0.827839,-0.910867,9.945449,-0.007326,0.085470
1.931748,0.827839,-0.901099,9.945449,-0.007326,0.080586
1.935563,0.901098,-0.901099,9.945449,-0.021978,0.080586
1.939759,0.959707,-0.910867,9.945449,0.007328,0.080586
1.944337,1.106228,-0.915751,9.945449,-0.007326,0.080586
1.949296,1.194139,-0.901099,9.945449,-0.021978,0.080586
1.955018,1.311356,-0.896214,9.945449,-0.021978,0.075703
1.960359,1.340660,-0.886447,9.945449,-0.021978,0.075703
1.966081,1.369963,-0.901099,9.945449,0.007328,0.075703
1.972184,1.443224,-0.896214,9.945449,-0.021978,0.075703
1.978669,1.589743,-0.901099,9.945449,-0.007326,0.075703
1.985918,1.706959,-0.901099,9.945449,0.007328,0.080586
1.992403,1.706959,-0.905983,9.945449,0.007328,0.080586
1.999270,1.706959,-0.910867,9.945449,-0.007326,0.080586
2.007281,1.838827,-0.915751,9.945449,-0.007326,0.080586
2.015673,2.014652,-0.915751,9.945449,-0.007326,0.080586
2.024447,2.058607,-0.910867,9.945449,-0.007326,0.080586
2.032077,2.029305,-0.910867,9.945449,0.007328,0.080586
2.040851,2.117216,-0.910867,9.945449,-0.007326,0.075703
2.050006,2.249084,-0.925519,9.945449,-0.007326,0.075703
2.059543,2.307692,-0.930403,9.945449,-0.021978,0.080586
2.069080,2.380953,-0.910867,9.945449,-0.007326,0.075703
2.078999,2.410255,-0.920635,9.945449,-0.007326,0.075703
2.089298,2.498169,-0.925519,9.945449,0.021980,0.075703
2.099598,2.586081,-0.920635,9.945449,-0.007326,0.075703
2.110279,2.644688,-0.915751,9.945449,-0.007326,0.080586
2.121342,2.703297,-0.915751,9.945449,-0.007326,0.080586
2.132405,2.732601,-0.910867,9.945449,0.007328,0.080586
2.143849,2.820513,-0.910867,9.945449,0.007328,0.080586
2.155674,2.893772,-0.891331,9.945449,-0.007326,0.080586
2.167118,2.923077,-0.886447,9.945449,0.007328,0.080586
2.178945,2.923077,-0.881563,9.945449,-0.021978,0.080586
2.190770,2.967033,-0.876678,9.945449,-0.021978,0.080586
2.203359,3.069597,-0.871795,9.945449,-0.021978,0.080586
2.215947,3.128204,-0.857142,9.945449,-0.021978,0.080586
2.228155,3.098902,-0.852259,9.945449,-0.007326,0.075703
2.240744,3.054945,-0.857142,9.945449,0.007328,0.075703
2.253332,3.142857,-0.837606,9.945449,-0.007326,0.075703
2.266302,3.216118,-0.842491,9.945449,-0.007326,0.070819
2.278892,3.230768,-0.832723,9.945449,-0.007326,0.070819
2.291099,3.113552,-0.852259,9.945449,-0.007326,0.070819
2.303687,3.128204,-0.852259,9.945449,0.007328,0.070819
2.317039,3.230768,-0.857142,9.945449,-0.007326,0.070819
2.330390,3.318682,-0.866911,9.945449,-0.021978,0.070819
2.342979,3.274725,-0.866911,9.945449,-0.007326,0.070819
2.355567,3.172161,-0.862027,9.945449,-0.007326,0.070819
2.368919,3.260073,-0.857142,9.945449,-0.007326,0.070819
2.382653,3.377289,-0.852259,9.945449,-0.007326,0.065935
2.396385,3.391941,-0.857142,9.945449,-0.007326,0.065935
2.408974,3.245420,-0.842491,9.945449,-0.021978,0.065935
2.421945,3.245420,-0.837606,9.945449,0.007328,0.065935
2.435678,3.347984,-0.832723,9.945449,0.007328,0.065935
2.449411,3.435898,-0.837606,9.945449,-0.021978,0.061050
2.462762,3.377289,-0.847375,9.945449,-0.007326,0.061050
2.474970,3.201466,-0.837606,9.945449,-0.007326,0.061050
2.488322,3.260073,-0.837606,9.945449,-0.021978,0.061050
2.502817,3.421246,-0.852259,9.945449,0.007328,0.061050
2.516169,3.421246,-0.857142,9.945449,-0.007326,0.056167
2.528377,3.230768,-0.862027,9.945449,-0.007326,0.056167
2.540965,3.201466,-0.837606,9.945449,-0.021978,0.061050
2.553935,3.230768,-0.798534,9.945449,-0.007326,0.061050
2.566905,3.216118,-0.705739,9.945449,-0.021978,0.056167
2.577968,2.981686,-0.632479,9.945449,-0.021978,0.061050
2.588268,2.747253,-0.564102,9.945449,-0.007326,0.061050
2.598186,2.615385,-0.515263,9.945449,-0.007326,0.061050
2.608104,2.556776,-0.485958,9.945449,-0.007326,0.061050
2.616879,2.351648,-0.471307,9.945449,-0.007326,0.061050
2.624127,2.014652,-0.481074,9.945449,-0.007326,0.065935
2.630230,1.765568,-0.529915,9.945449,-0.007326,0.061050
2.636715,1.648352,-0.578754,9.945449,0.007328,0.061050
2.642437,1.545788,-0.632479,9.945449,-0.007326,0.056167
2.647015,1.355310,-0.691087,9.945449,-0.021978,0.056167
2.650830,1.120878,-0.744811,9.945449,-0.021978,0.051283
2.654644,0.989012,-0.803419,9.945449,-0.007326,0.046398
2.658077,0.974360,-0.847375,9.945449,-0.007326,0.046398
2.661892,0.945055,-0.886447,9.945449,-0.021978,0.041514
2.664562,0.769230,-0.905983,9.945449,-0.021978,0.046398
2.667234,0.725275,-0.920635,9.945449,-0.021978,0.041514
2.669904,0.725275,-0.940171,9.945449,-0.021978,0.046398
2.672193,0.652014,-0.959707,9.945449,-0.007326,0.051283
2.674482,0.593407,-0.964591,9.945449,0.007328,0.056167
2.676770,0.593407,-0.974359,9.945449,-0.007326,0.061050
2.677915,0.417582,-1.003663,9.945449,0.007328,0.070819
2.679059,0.373627,-1.028083,9.945449,0.007328,0.075703
2.680585,0.358974,-1.062271,9.945449,0.021980,0.075703
2.681730,0.358974,-1.076923,9.945449,0.007328,0.080586
2.682874,0.300365,-1.086691,9.945449,-0.007326,0.080586
2.683637,0.241758,-1.106227,9.945449,-0.007326,0.075703
2.684018,0.168499,-1.130647,9.945449,-0.007326,0.070819
2.684781,0.183149,-1.150183,9.945449,-0.007326,0.065935
2.685926,0.227106,-1.164835,9.945449,-0.021978,0.065935
2.686689,0.212454,-1.169719,9.945449,-0.007326,0.061050
2.686689,0.124542,-1.169719,9.945449,-0.007326,0.061050
2.687070,0.124542,-1.174603,9.945449,-0.007326,0.061050
2.687833,0.168499,-1.179487,9.945449,-0.007326,0.056167
2.688596,0.197802,-1.174603,9.945449,-0.007326,0.061050
2.689740,0.212454,-1.145299,9.945449,0.007328,0.061050
2.690503,0.197802,-1.120879,9.945449,0.007328,0.065935
2.690885,0.168499,-1.106227,9.945449,-0.007326,0.070819
2.691648,0.153847,-1.101343,9.945449,-0.007326,0.070819
2.692029,0.139194,-1.096459,9.945449,-0.007326,0.070819
2.692792,0.168499,-1.101343,9.945449,-0.021978,0.070819
2.693555,0.168499,-1.101343,9.945449,-0.007326,0.070819
2.693937,0.109890,-1.101343,9.945449,-0.007326,0.065935
2.693937,0.080585,-1.101343,9.945449,-0.021978,0.065935
2.694318,0.095238,-1.115995,9.945449,-0.007326,0.061050
2.694318,0.080585,-1.130647,9.945449,-0.007326,0.061050
2.694318,0.036631,-1.145299,9.945449,-0.007326,0.056167
2.694318,0.021978,-1.159951,9.945449,-0.007326,0.056167
2.694318,0.021978,-1.169719,9.945449,-0.007326,0.056167
2.694318,0.007326,-1.179487,9.945449,-0.007326,0.056167
2.694318,0.007326,-1.189255,9.945449,-0.021978,0.056167
2.694318,0.007326,-1.194139,9.945449,-0.007326,0.056167
2.694700,0.007326,-1.194139,9.945449,-0.007326,0.061050
2.694700,0.007326,-1.189255,9.945449,-0.007326,0.065935
2.694700,0.021978,-1.189255,9.945449,0.007328,0.070819
2.694700,0.036631,-1.184371,9.945449,-0.021978,0.070819
2.695081,0.036631,-1.179487,9.945449,-0.021978,0.075703
2.695081,0.021978,-1.174603,9.945449,0.007328,0.075703
2.695081,0.021978,-1.169719,9.945449,-0.021978,0.070819
2.695081,0.036631,-1.164835,9.945449,-0.007326,0.070819
2.695081,0.021978,-1.159951,9.945449,-0.007326,0.065935
2.695462,0.036631,-1.155067,9.945449,-0.007326,0.065935
2.695462,0.051283,-1.150183,9.945449,-0.007326,0.061050
2.695462,0.021978,-1.140415,9.945449,-0.007326,0.056167
2.695462,0.021978,-1.125763,9.945449,-0.021978,0.056167
2.695462,-0.007328,-1.115995,9.945449,-0.007326,0.056167
2.695462,0.007326,-1.101343,9.945449,-0.007326,0.056167
2.695462,0.021978,-1.086691,9.945449,-0.007326,0.061050
2.695462,0.007326,-1.067155,9.945449,-0.007326,0.061050
2.695462,-0.007328,-1.047619,9.945449,-0.007326,0.061050
2.695462,0.007326,-1.023199,9.945449,-0.007326,0.065935
2.695081,-0.036633,-0.993895,9.945449,-0.021978,0.070819
2.695081,-0.036633,-0.969475,9.945449,-0.007326,0.075703
2.694700,-0.051285,-0.940171,9.945449,-0.021978,0.075703
2.694318,-0.051285,-0.905983,9.945449,-0.007326,0.080586
2.693937,-0.051285,-0.866911,9.945449,0.007328,0.080586
2.693937,-0.065935,-0.822955,9.945449,-0.021978,0.080586
2.693555,-0.080587,-0.778998,9.945449,-0.007326,0.075703
2.693174,-0.095240,-0.730159,9.945449,0.007328,0.075703
2.692411,-0.139196,-0.691087,9.945449,-0.007326,0.070819
2.691648,-0.139196,-0.652015,9.945449,-0.007326,0.065935
2.690885,-0.183151,-0.612943,9.945449,-0.007326,0.061050
2.689740,-0.241760,-0.564102,9.945449,-0.007326,0.061050
2.688977,-0.183151,-0.520146,9.945449,-0.007326,0.061050
2.687833,-0.256413,-0.485958,9.945449,-0.021978,0.061050
2.685544,-0.417583,-0.446886,9.945449,-0.007326,0.061050
2.683637,-0.446888,-0.412699,9.945449,0.007328,0.061050
2.681730,-0.432236,-0.388278,9.945449,-0.021978,0.061050
2.680204,-0.417583,-0.363858,9.945449,-0.007326,0.065935
2.676770,-0.652016,-0.344322,9.945449,0.007328,0.070819
2.672956,-0.827841,-0.329670,9.945449,0.007328,0.065935
2.670285,-0.769232,-0.319902,9.945449,-0.007326,0.070819
2.667234,-0.725277,-0.305250,9.945449,-0.007326,0.070819
2.663800,-0.798536,-0.285714,9.945449,0.007328,0.075703
2.659222,-1.003664,-0.256411,9.945449,-0.021978,0.075703
2.654263,-1.164837,-0.256411,9.945449,-0.007326,0.075703
2.649685,-1.150185,-0.271062,9.945449,0.007328,0.070819
2.645108,-1.091578,-0.246642,9.945449,-0.021978,0.070819
2.640148,-1.194141,-0.236875,9.945449,-0.021978,0.070819
2.634045,-1.355312,-0.227106,9.945449,-0.021978,0.070819
2.627560,-1.545790,-0.227106,9.945449,-0.007326,0.065935
2.621075,-1.545790,-0.231990,9.945449,-0.007326,0.065935
2.615352,-1.501833,-0.222222,9.945449,-0.021978,0.061050
2.608485,-1.575092,-0.217339,9.945449,0.007328,0.065935
2.600856,-1.765570,-0.217339,9.945449,-0.007326,0.061050
2.592464,-1.956045,-0.227106,9.945449,-0.021978,0.061050
2.584834,-1.956045,-0.236875,9.945449,-0.021978,0.061050
2.577586,-1.882786,-0.227106,9.945449,-0.007326,0.056167
2.569194,-1.970697,-0.231990,9.945449,-0.021978,0.056167
2.560039,-2.161175,-0.275947,9.945449,-0.007326,0.056167
2.550884,-2.219780,-0.310134,9.945449,0.007328,0.056167
2.542491,-2.161175,-0.310134,9.945449,0.007328,0.056167
2.533336,-2.205132,-0.305250,9.945449,-0.007326,0.056167
2.523799,-2.307693,-0.300366,9.945449,-0.007326,0.056167
2.513880,-2.380955,-0.315019,9.945449,-0.007326,0.056167
2.503962,-2.439564,-0.310134,9.945449,-0.021978,0.056167
2.494425,-2.439564,-0.305250,9.945449,-0.007326,0.056167
2.484125,-2.483517,-0.310134,9.945449,-0.007326,0.051283
2.473444,-2.630039,-0.310134,9.945449,0.007328,0.051283
2.462381,-2.673996,-0.319902,9.945449,0.007328,0.056167
2.451318,-2.688644,-0.324786,9.945449,-0.021978,0.056167
2.440637,-2.717949,-0.329670,9.945449,-0.007326,0.056167
2.429193,-2.791210,-0.339438,9.945449,-0.007326,0.056167
2.416985,-2.908428,-0.354091,9.945449,-0.021978,0.056167
2.405159,-2.952381,-0.354091,9.945449,-0.021978,0.056167
2.392952,-2.967033,-0.354091,9.945449,0.007328,0.056167
2.381127,-2.996338,-0.339438,9.945449,-0.007326,0.056167
2.368537,-3.069599,-0.344322,9.945449,0.007328,0.056167
2.355567,-3.142860,-0.402930,9.945449,-0.021978,0.051283
2.343360,-3.113556,-0.407814,9.945449,-0.007326,0.051283
2.330772,-3.113556,-0.422466,9.945449,-0.021978,0.051283
2.317802,-3.157509,-0.417583,9.945449,-0.007326,0.051283
2.304069,-3.260075,-0.398046,9.945449,-0.021978,0.051283
2.291099,-3.304031,-0.368742,9.945449,-0.007326,0.051283
2.278129,-3.245422,-0.368742,9.945449,0.007328,0.051283
2.265539,-3.245422,-0.373627,9.945449,-0.007326,0.046398
2.251806,-3.318684,-0.393163,9.945449,-0.007326,0.051283
2.237692,-3.435898,-0.388278,9.945449,-0.007326,0.051283
2.223958,-3.421246,-0.407814,9.945449,-0.007326,0.051283
2.210607,-3.362640,-0.427350,9.945449,-0.021978,0.051283
2.197255,-3.333336,-0.446886,9.945449,-0.007326,0.051283
2.183141,-3.421246,-0.456655,9.945449,-0.021978,0.056167
2.169407,-3.479855,-0.461538,9.945449,-0.007326,0.051283
2.155674,-3.406593,-0.456655,9.945449,-0.007326,0.056167
2.142704,-3.333336,-0.456655,9.945449,-0.007326,0.056167
2.128971,-3.391945,-0.456655,9.945449,-0.021978,0.056167
2.114857,-3.450550,-0.456655,9.945449,-0.007326,0.061050
2.101124,-3.450550,-0.490843,9.945449,-0.007326,0.061050
2.088154,-3.318684,-0.564102,9.945449,0.007328,0.061050
2.075946,-3.157509,-0.652015,9.945449,-0.007326,0.065935
2.063739,-3.098904,-0.759462,9.945449,-0.007326,0.065935
2.051532,-3.040295,-0.827839,9.945449,-0.021978,0.070819
2.040469,-2.879124,-0.891331,9.945449,0.007328,0.070819
2.030933,-2.615387,-0.925519,9.945449,-0.007326,0.070819
2.021776,-2.395607,-0.935287,9.945449,-0.007326,0.075703
2.013384,-2.263737,-0.935287,9.945449,-0.007326,0.075703
2.004992,-2.131870,-0.910867,9.945449,-0.021978,0.070819
1.998507,-1.897438,-0.866911,9.945449,-0.021978,0.075703
1.992022,-1.692310,-0.832723,9.945449,-0.021978,0.075703
1.986300,-1.545790,-0.769231,9.945449,-0.007326,0.080586
1.980958,-1.443226,-0.720390,9.945449,0.007328,0.080586
1.975999,-1.311357,-0.686203,9.945449,-0.007326,0.085470
1.971421,-1.208794,-0.642246,9.945449,-0.007326,0.085470
1.967225,-1.135532,-0.627595,9.945449,0.007328,0.085470
1.963411,-1.032969,-0.598290,9.945449,0.007328,0.080586
1.959596,-0.989014,-0.593407,9.945449,-0.007326,0.080586
1.956163,-0.901100,-0.573871,9.945449,-0.007326,0.075703
1.952729,-0.842493,-0.568987,9.945449,-0.007326,0.070819
1.949296,-0.842493,-0.564102,9.945449,-0.021978,0.070819
1.946244,-0.798536,-0.568987,9.945449,-0.021978,0.061050
1.943574,-0.739929,-0.568987,9.945449,-0.007326,0.061050
1.940522,-0.725277,-0.583638,9.945449,-0.007326,0.061050
1.938234,-0.637363,-0.573871,9.945449,-0.007326,0.061050
1.935945,-0.593409,-0.568987,9.945449,-0.007326,0.061050
1.933656,-0.593409,-0.568987,9.945449,-0.007326,0.061050
1.931748,-0.520149,-0.554335,9.945449,0.007328,0.065935
1.930603,-0.402931,-0.539682,9.945449,-0.007326,0.065935
1.929077,-0.373629,-0.520146,9.945449,0.007328,0.070819
1.927170,-0.402931,-0.510379,9.945449,-0.021978,0.070819
1.925644,-0.417583,-0.510379,9.945449,-0.007326,0.070819
1.924500,-0.285717,-0.500610,9.945449,-0.007326,0.070819
1.924118,-0.227108,-0.490843,9.945449,0.007328,0.070819
1.922592,-0.271065,-0.481074,9.945449,-0.021978,0.065935
1.921448,-0.315020,-0.456655,9.945449,-0.007326,0.061050
1.920685,-0.227108,-0.466422,9.945449,-0.007326,0.056167
1.919541,-0.241760,-0.485958,9.945449,-0.007326,0.061050
1.918015,-0.285717,-0.500610,9.945449,-0.007326,0.061050
1.917252,-0.256413,-0.505494,9.945449,-0.021978,0.061050
1.916489,-0.227108,-0.515263,9.945449,-0.007326,0.061050
1.914963,-0.300367,-0.525030,9.945449,0.007328,0.065935
1.914200,-0.271065,-0.520146,9.945449,-0.007326,0.065935
1.913819,-0.168499,-0.520146,9.945449,0.007328,0.070819
1.913056,-0.153849,-0.529915,9.945449,-0.007326,0.075703
1.911911,-0.241760,-0.534799,9.945449,-0.007326,0.075703
1.911148,-0.227108,-0.534799,9.945449,-0.007326,0.075703
1.910767,-0.109892,-0.534799,9.945449,-0.007326,0.075703
1.910385,-0.080587,-0.525030,9.945449,0.007328,0.070819
1.910004,-0.109892,-0.510379,9.945449,-0.007326,0.070819
1.909241,-0.124544,-0.495727,9.945449,-0.021978,0.070819
1.909241,-0.095240,-0.495727,9.945449,-0.007326,0.070819
1.908478,-0.095240,-0.500610,9.945449,-0.007326,0.070819
1.908097,-0.124544,-0.495727,9.945449,0.007328,0.070819
1.907715,-0.095240,-0.500610,9.945449,-0.007326,0.070819
1.907334,-0.095240,-0.500610,9.945449,-0.007326,0.070819
1.906952,-0.095240,-0.505494,9.945449,-0.007326,0.075703
1.906952,-0.080587,-0.500610,9.945449,-0.007326,0.075703
1.906571,-0.051285,-0.495727,9.945449,-0.007326,0.075703
1.906571,-0.021980,-0.485958,9.945449,-0.021978,0.075703
1.906571,-0.007328,-0.471307,9.945449,-0.007326,0.075703
1.906571,0.021978,-0.461538,9.945449,0.007328,0.070819
1.906571,0.021978,-0.456655,9.945449,-0.007326,0.070819
1.906952,0.021978,-0.461538,9.945449,0.007328,0.065935
1.906952,0.021978,-0.461538,9.945449,-0.021978,0.065935
1.906952,0.007326,-0.476191,9.945449,0.007328,0.065935
1.906952,0.007326,-0.495727,9.945449,-0.007326,0.070819
1.906952,0.007326,-0.515263,9.945449,-0.021978,0.070819
1.906952,0.036631,-0.534799,9.945449,0.021980,0.070819
1.907334,0.051283,-0.559218,9.945449,-0.007326,0.070819
1.907334,0.051283,-0.588523,9.945449,-0.007326,0.070819
1.907715,0.051283,-0.617826,9.945449,-0.021978,0.070819
1.907715,0.051283,-0.647131,9.945449,-0.007326,0.070819
1.908097,0.065933,-0.681318,9.945449,-0.007326,0.065935
1.908478,0.095238,-0.720390,9.945449,-0.021978,0.065935
1.908859,0.109890,-0.754579,9.945449,-0.021978,0.065935
1.909622,0.153847,-0.783883,9.945449,-0.007326,0.061050
1.910767,0.256411,-0.813187,9.945449,-0.007326,0.065935
1.911911,0.271063,-0.832723,9.945449,-0.007326,0.065935
1.913056,0.256411,-0.852259,9.945449,-0.007326,0.065935
1.914963,0.373627,-0.857142,9.945449,-0.007326,0.070819
1.917252,0.505495,-0.881563,9.945449,-0.007326,0.070819
1.919541,0.520147,-0.891331,9.945449,-0.021978,0.070819
1.921448,0.520147,-0.896214,9.945449,-0.007326,0.070819
1.924881,0.681318,-0.886447,9.945449,0.007328,0.070819
1.928314,0.827839,-0.896214,9.945449,0.007328,0.070819
1.931748,0.827839,-0.881563,9.945449,-0.007326,0.070819
1.935563,0.915751,-0.876678,9.945449,0.007328,0.075703
1.939378,0.945055,-0.881563,9.945449,-0.021978,0.070819
1.943956,1.062271,-0.896214,9.945449,0.021980,0.070819
1.948915,1.135530,-0.881563,9.945449,-0.021978,0.070819
1.954255,1.238094,-0.876678,9.945449,-0.007326,0.070819
1.959214,1.296703,-0.866911,9.945449,-0.007326,0.070819
1.964555,1.311356,-0.876678,9.945449,-0.021978,0.070819
1.969896,1.355310,-0.876678,9.945449,0.007328,0.070819
1.976381,1.487179,-0.881563,9.945449,-0.007326,0.070819
1.983248,1.589743,-0.881563,9.945449,0.007328,0.070819
1.989733,1.619047,-0.881563,9.945449,0.007328,0.075703
1.996218,1.604395,-0.886447,9.945449,-0.007326,0.070819
2.003084,1.692308,-0.901099,9.945449,-0.007326,0.070819
2.010714,1.853479,-0.896214,9.945449,-0.007326,0.070819
2.019106,1.956043,-0.891331,9.945449,-0.007326,0.075703
2.026736,1.941391,-0.891331,9.945449,-0.021978,0.075703
2.034366,1.941391,-0.886447,9.945449,-0.007326,0.075703
2.043140,2.087912,-0.891331,9.945449,0.007328,0.075703
2.051913,2.175823,-0.905983,9.945449,-0.007326,0.075703
2.060687,2.190475,-0.910867,9.945449,-0.007326,0.075703
2.069843,2.234432,-0.896214,9.945449,-0.007326,0.070819
2.079380,2.322344,-0.910867,9.945449,-0.007326,0.070819
2.088917,2.395605,-0.910867,9.945449,-0.007326,0.070819
2.099217,2.468864,-0.905983,9.945449,-0.021978,0.070819
2.109135,2.498169,-0.905983,9.945449,-0.007326,0.070819
2.119435,2.512821,-0.905983,9.945449,-0.007326,0.070819
2.129734,2.600733,-0.901099,9.945449,-0.007326,0.070819
2.140797,2.703297,-0.910867,9.945449,-0.007326,0.075703
2.152241,2.776556,-0.891331,9.945449,-0.021978,0.070819
2.162922,2.732601,-0.896214,9.945449,-0.007326,0.070819
2.173985,2.747253,-0.891331,9.945449,-0.007326,0.075703
2.185811,2.835165,-0.896214,9.945449,-0.007326,0.075703
2.198018,2.967033,-0.891331,9.945449,-0.007326,0.070819
2.209844,2.967033,-0.881563,9.945449,0.007328,0.070819
2.221669,2.967033,-0.876678,9.945449,-0.007326,0.065935
2.233877,2.981686,-0.871795,9.945449,-0.021978,0.065935
2.246084,3.040293,-0.852259,9.945449,-0.007326,0.065935
2.258673,3.128204,-0.852259,9.945449,-0.007326,0.065935
2.270880,3.113552,-0.832723,9.945449,-0.007326,0.061050
2.283088,3.054945,-0.832723,9.945449,0.007328,0.061050
2.294914,3.040293,-0.832723,9.945449,-0.021978,0.061050
2.307884,3.098902,-0.837606,9.945449,-0.007326,0.056167
2.320472,3.186813,-0.837606,9.945449,-0.007326,0.061050
2.333061,3.157509,-0.822955,9.945449,0.007328,0.056167
2.344886,3.054945,-0.832723,9.945449,0.007328,0.056167
2.357475,3.098902,-0.813187,9.945449,0.007328,0.061050
2.370445,3.172161,-0.808303,9.945449,-0.021978,0.056167
2.383034,3.186813,-0.788767,9.945449,-0.021978,0.056167
2.395241,3.113552,-0.788767,9.945449,0.007328,0.056167
2.407067,3.010988,-0.778998,9.945449,-0.007326,0.051283
2.419274,3.040293,-0.778998,9.945449,-0.007326,0.051283
2.431863,3.113552,-0.759462,9.945449,-0.021978,0.051283
2.444452,3.098902,-0.759462,9.945449,-0.007326,0.051283
2.455896,2.967033,-0.754579,9.945449,-0.007326,0.051283
2.466958,2.864470,-0.749695,9.945449,-0.007326,0.051283
2.478785,2.893772,-0.749695,9.945449,-0.007326,0.051283
2.490610,2.967033,-0.735043,9.945449,-0.007326,0.051283
2.501673,2.908424,-0.739926,9.945449,-0.007326,0.051283
2.512354,2.717949,-0.720390,9.945449,-0.021978,0.051283
2.522273,2.600733,-0.720390,9.945449,-0.007326,0.051283
2.532954,2.644688,-0.715507,9.945449,-0.007326,0.056167
2.543636,2.688644,-0.715507,9.945449,-0.036631,0.051283
2.553554,2.556776,-0.720390,9.945449,0.007328,0.056167
2.562328,2.351648,-0.700854,9.945449,-0.007326,0.056167
2.571483,2.263737,-0.705739,9.945449,-0.007326,0.056167
2.580638,2.278389,-0.715507,9.945449,-0.007326,0.051283
2.589031,2.234432,-0.715507,9.945449,-0.021978,0.056167
2.597041,2.073259,-0.725275,9.945449,-0.021978,0.056167
2.604289,1.926741,-0.730159,9.945449,-0.007326,0.051283
2.611156,1.838827,-0.739926,9.945449,-0.007326,0.056167
2.618786,1.853479,-0.739926,9.945449,0.007328,0.056167
2.625271,1.736263,-0.749695,9.945449,-0.007326,0.056167
2.630230,1.487179,-0.783883,9.945449,-0.007326,0.056167
2.635952,1.399267,-0.803419,9.945449,0.007328,0.056167
2.641293,1.384615,-0.827839,9.945449,-0.007326,0.056167
2.646252,1.326008,-0.842491,9.945449,-0.021978,0.056167
2.650448,1.164835,-0.857142,9.945449,-0.007326,0.051283
2.653881,0.989012,-0.876678,9.945449,0.007328,0.051283
2.657696,0.974360,-0.891331,9.945449,-0.007326,0.051283
2.661892,1.018314,-0.901099,9.945449,-0.007326,0.051283
2.664945,0.901098,-0.910867,9.945449,-0.007326,0.051283
2.667615,0.769230,-0.905983,9.945449,-0.007326,0.051283
2.670285,0.695971,-0.935287,9.945449,-0.021978,0.051283
2.672574,0.622711,-0.949939,9.945449,-0.007326,0.051283
2.674863,0.637363,-0.964591,9.945449,0.007328,0.051283
2.677152,0.593407,-0.989011,9.945449,-0.021978,0.051283
2.677915,0.388279,-1.013431,9.945449,0.007328,0.051283
2.679441,0.358974,-1.037851,9.945449,-0.007326,0.051283
2.680967,0.373627,-1.067155,9.945449,0.007328,0.056167
2.682492,0.388279,-1.072039,9.945449,-0.007326,0.056167
2.683637,0.315018,-1.086691,9.945449,-0.021978,0.056167
2.683637,0.197802,-1.101343,9.945449,-0.007326,0.056167
2.684400,0.153847,-1.120879,9.945449,0.007328,0.056167
2.685544,0.227106,-1.140415,9.945449,-0.007326,0.051283
2.686689,0.256411,-1.155067,9.945449,-0.007326,0.051283
2.687070,0.168499,-1.159951,9.945449,-0.021978,0.051283
2.687070,0.109890,-1.159951,9.945449,0.007328,0.051283
2.687452,0.109890,-1.164835,9.945449,-0.021978,0.051283
2.688596,0.197802,-1.169719,9.945449,-0.021978,0.051283
2.689359,0.212454,-1.145299,9.945449,0.007328,0.056167
2.690122,0.197802,-1.125763,9.945449,-0.021978,0.056167
2.690503,0.153847,-1.115995,9.945449,-0.007326,0.061050
2.691266,0.153847,-1.115995,9.945449,0.007328,0.061050
2.692029,0.183149,-1.115995,9.945449,-0.007326,0.061050
2.692411,0.153847,-1.111111,9.945449,-0.007326,0.061050
2.692792,0.153847,-1.106227,9.945449,-0.007326,0.061050
2.693555,0.139194,-1.091575,9.945449,-0.021978,0.061050
2.693555,0.080585,-1.086691,9.945449,-0.007326,0.061050
2.693937,0.095238,-1.081807,9.945449,-0.007326,0.061050
2.694318,0.051283,-1.072039,9.945449,-0.007326,0.061050
2.693937,0.021978,-1.062271,9.945449,-0.007326,0.056167
2.693937,0.007326,-1.052503,9.945449,0.007328,0.056167
2.693937,0.007326,-1.032967,9.945449,-0.007326,0.056167
2.693937,-0.007328,-1.013431,9.945449,-0.007326,0.056167
2.693937,0.007326,-0.989011,9.945449,-0.007326,0.056167
2.693937,-0.021980,-0.949939,9.945449,-0.007326,0.056167
2.693555,-0.021980,-0.910867,9.945449,-0.021978,0.056167
2.693555,-0.021980,-0.871795,9.945449,-0.007326,0.056167
2.693174,-0.036633,-0.827839,9.945449,-0.007326,0.056167
2.693174,-0.051285,-0.783883,9.945449,-0.021978,0.056167
2.692411,-0.080587,-0.739926,9.945449,-0.007326,0.056167
2.692029,-0.095240,-0.705739,9.945449,-0.021978,0.056167
2.691266,-0.139196,-0.671551,9.945449,-0.007326,0.056167
2.690122,-0.227108,-0.632479,9.945449,-0.021978,0.056167
2.689359,-0.197803,-0.593407,9.945449,-0.007326,0.056167
2.688596,-0.197803,-0.564102,9.945449,-0.007326,0.056167
2.686689,-0.358976,-0.539682,9.945449,-0.007326,0.061050
2.684400,-0.461540,-0.495727,9.945449,-0.007326,0.061050
2.682874,-0.432236,-0.476191,9.945449,-0.007326,0.061050
2.681348,-0.373629,-0.442002,9.945449,-0.007326,0.056167
2.679441,-0.446888,-0.417583,9.945449,-0.021978,0.061050
2.676008,-0.681320,-0.383394,9.945449,-0.007326,0.056167
2.672574,-0.754581,-0.363858,9.945449,-0.021978,0.061050
2.670285,-0.652016,-0.339438,9.945449,-0.021978,0.061050
2.667234,-0.681320,-0.310134,9.945449,-0.007326,0.065935
2.663800,-0.827841,-0.280830,9.945449,-0.007326,0.070819
2.659222,-0.974361,-0.251526,9.945449,-0.007326,0.070819
2.655026,-1.047621,-0.236875,9.945449,-0.007326,0.070819
2.650830,-1.047621,-0.236875,9.945449,-0.007326,0.075703
2.646252,-1.091578,-0.212454,9.945449,-0.021978,0.075703
2.640911,-1.223446,-0.202686,9.945449,-0.021978,0.075703
2.635189,-1.326010,-0.192918,9.945449,-0.021978,0.075703
2.628704,-1.457878,-0.188034,9.945449,-0.007326,0.070819
2.622601,-1.545790,-0.192918,9.945449,-0.007326,0.065935
2.616116,-1.560442,-0.197803,9.945449,-0.007326,0.065935
2.608867,-1.648354,-0.192918,9.945449,-0.007326,0.061050
2.601619,-1.780222,-0.202686,9.945449,0.007328,0.056167
2.593227,-1.941393,-0.217339,9.945449,-0.007326,0.051283
2.585216,-1.985350,-0.231990,9.945449,-0.021978,0.041514
2.577205,-1.985350,-0.231990,9.945449,-0.007326,0.041514
2.568431,-2.058609,-0.241758,9.945449,-0.007326,0.036631
2.558894,-2.234432,-0.261294,9.945449,-0.007326,0.036631
2.549358,-2.336998,-0.261294,9.945449,-0.007326,0.041514
2.539821,-2.336998,-0.275947,9.945449,-0.021978,0.041514
2.530284,-2.380955,-0.280830,9.945449,-0.007326,0.041514
2.520366,-2.454216,-0.295483,9.945449,-0.007326,0.046398
2.509684,-2.586082,-0.295483,9.945449,-0.007326,0.046398
2.499003,-2.630039,-0.310134,9.945449,-0.007326,0.051283
2.488322,-2.659344,-0.315019,9.945449,-0.007326,0.051283
2.477259,-2.673996,-0.324786,9.945449,0.007328,0.046398
2.465814,-2.791210,-0.339438,9.945449,-0.007326,0.046398
2.454370,-2.820515,-0.358974,9.945449,0.007328,0.046398
2.442544,-2.879124,-0.349206,9.945449,-0.007326,0.046398
2.431100,-2.879124,-0.368742,9.945449,-0.007326,0.046398
2.419274,-2.923080,-0.363858,9.945449,-0.007326,0.041514
2.407067,-3.010990,-0.383394,9.945449,-0.007326,0.041514
2.394860,-3.054947,-0.388278,9.945449,0.007328,0.036631
2.382653,-3.010990,-0.393163,9.945449,-0.007326,0.036631
2.370445,-3.040295,-0.402930,9.945449,-0.007326,0.041514
2.357856,-3.084251,-0.407814,9.945449,-0.007326,0.041514
2.344886,-3.172161,-0.412699,9.945449,0.007328,0.041514
2.332679,-3.157509,-0.422466,9.945449,-0.007326,0.046398
2.320091,-3.098904,-0.417583,9.945449,-0.007326,0.051283
2.307502,-3.113556,-0.422466,9.945449,-0.021978,0.051283
2.294532,-3.216118,-0.417583,9.945449,-0.007326,0.056167
2.281562,-3.245422,-0.437119,9.945449,-0.007326,0.061050
2.268973,-3.186813,-0.427350,9.945449,0.007328,0.061050
2.256384,-3.142860,-0.422466,9.945449,-0.007326,0.056167
2.243033,-3.245422,-0.422466,9.945449,-0.007326,0.056167
2.229300,-3.333336,-0.437119,9.945449,-0.007326,0.051283
2.216329,-3.304031,-0.437119,9.945449,-0.007326,0.051283
2.203740,-3.186813,-0.442002,9.945449,-0.007326,0.046398
2.190770,-3.230770,-0.437119,9.945449,-0.007326,0.046398
2.177037,-3.318684,-0.437119,9.945449,-0.007326,0.046398
2.163685,-3.347988,-0.417583,9.945449,-0.021978,0.041514
2.150715,-3.289379,-0.417583,9.945449,0.007328,0.046398
2.137745,-3.245422,-0.427350,9.945449,-0.007326,0.051283
2.124394,-3.318684,-0.422466,9.945449,-0.007326,0.051283
2.110279,-3.406593,-0.427350,9.945449,-0.007326,0.056167
2.096928,-3.377293,-0.451771,9.945449,-0.007326,0.056167
2.084339,-3.230770,-0.554335,9.945449,-0.007326,0.061050
2.072131,-3.084251,-0.666667,9.945449,-0.007326,0.061050
2.059924,-3.084251,-0.739926,9.945449,-0.021978,0.061050
2.048099,-3.010990,-0.832723,9.945449,0.007328,0.061050
2.037418,-2.820515,-0.886447,9.945449,0.021980,0.056167
2.027880,-2.556778,-0.935287,9.945449,-0.007326,0.056167
2.019106,-2.351650,-0.945055,9.945449,-0.021978,0.056167
2.010714,-2.234432,-0.920635,9.945449,-0.021978,0.056167
2.003084,-2.073261,-0.896214,9.945449,-0.007326,0.051283
1.996218,-1.824177,-0.866911,9.945449,-0.007326,0.056167
1.990114,-1.648354,-0.832723,9.945449,-0.021978,0.056167
1.984392,-1.516485,-0.783883,9.945449,-0.007326,0.065935
1.979051,-1.384617,-0.715507,9.945449,-0.007326,0.065935
1.974473,-1.296705,-0.691087,9.945449,0.007328,0.070819
1.969896,-1.208794,-0.666667,9.945449,0.007328,0.075703
1.965699,-1.106228,-0.642246,9.945449,-0.007326,0.080586
1.961885,-1.018316,-0.627595,9.945449,0.007328,0.075703
1.958452,-0.945057,-0.598290,9.945449,-0.007326,0.070819
1.954637,-0.901100,-0.583638,9.945449,-0.007326,0.070819
1.951967,-0.798536,-0.564102,9.945449,-0.007326,0.061050
1.948533,-0.783884,-0.554335,9.945449,-0.021978,0.056167
1.945863,-0.739929,-0.549451,9.945449,-0.021978,0.051283
1.943193,-0.681320,-0.539682,9.945449,-0.007326,0.046398
1.940522,-0.666668,-0.554335,9.945449,-0.007326,0.046398
1.938234,-0.637363,-0.544566,9.945449,-0.021978,0.046398
1.935945,-0.593409,-0.544566,9.945449,-0.007326,0.051283
1.933656,-0.564104,-0.559218,9.945449,-0.007326,0.051283
1.931748,-0.520149,-0.544566,9.945449,0.007328,0.061050
1.930222,-0.402931,-0.534799,9.945449,-0.007326,0.065935
1.928696,-0.417583,-0.515263,9.945449,0.007328,0.070819
1.926789,-0.402931,-0.520146,9.945449,-0.007326,0.070819
1.925263,-0.417583,-0.515263,9.945449,-0.007326,0.070819
1.924500,-0.256413,-0.505494,9.945449,-0.007326,0.070819
1.923737,-0.227108,-0.490843,9.945449,-0.007326,0.065935
1.922211,-0.315020,-0.481074,9.945449,-0.007326,0.061050
1.921067,-0.300367,-0.466422,9.945449,-0.007326,0.056167
1.920304,-0.227108,-0.481074,9.945449,-0.007326,0.051283
1.919159,-0.256413,-0.500610,9.945449,0.007328,0.051283
1.918015,-0.271065,-0.510379,9.945449,-0.021978,0.051283
1.916870,-0.241760,-0.510379,9.945449,-0.036631,0.051283
1.916107,-0.241760,-0.525030,9.945449,-0.007326,0.051283
1.914582,-0.300367,-0.534799,9.945449,-0.007326,0.056167
1.913819,-0.241760,-0.525030,9.945449,-0.007326,0.061050
1.913437,-0.139196,-0.529915,9.945449,0.007328,0.065935
1.912674,-0.168499,-0.529915,9.945449,-0.007326,0.065935
1.911530,-0.256413,-0.534799,9.945449,-0.021978,0.070819
1.910767,-0.183151,-0.529915,9.945449,0.007328,0.065935
1.910767,-0.080587,-0.529915,9.945449,-0.007326,0.065935
1.910385,-0.095240,-0.520146,9.945449,-0.007326,0.061050
1.910004,-0.124544,-0.500610,9.945449,-0.021978,0.061050
1.909622,-0.095240,-0.495727,9.945449,-0.007326,0.056167
1.909241,-0.080587,-0.495727,9.945449,0.007328,0.056167
1.908859,-0.095240,-0.490843,9.945449,-0.007326,0.056167
1.908097,-0.095240,-0.490843,9.945449,-0.007326,0.056167
1.907715,-0.109892,-0.495727,9.945449,-0.007326,0.061050
1.907334,-0.080587,-0.505494,9.945449,-0.007326,0.061050
1.906952,-0.080587,-0.505494,9.945449,0.007328,0.061050
1.906952,-0.065935,-0.505494,9.945449,-0.021978,0.061050
1.906571,-0.036633,-0.500610,9.945449,-0.007326,0.065935
1.906571,-0.036633,-0.490843,9.945449,-0.007326,0.065935
1.906571,-0.007328,-0.476191,9.945449,-0.007326,0.065935
1.906571,0.007326,-0.466422,9.945449,0.007328,0.061050
1.906952,0.007326,-0.456655,9.945449,-0.021978,0.061050
1.906952,0.021978,-0.446886,9.945449,-0.021978,0.056167
1.906952,0.007326,-0.446886,9.945449,-0.007326,0.056167
1.906571,-0.007328,-0.451771,9.945449,-0.021978,0.056167
1.906571,0.007326,-0.461538,9.945449,-0.007326,0.056167
1.906571,-0.007328,-0.476191,9.945449,0.007328,0.061050
1.906571,0.007326,-0.485958,9.945449,0.007328,0.061050
1.906952,0.007326,-0.500610,9.945449,-0.021978,0.061050
1.906952,0.021978,-0.515263,9.945449,0.007328,0.065935
1.906952,0.036631,-0.529915,9.945449,-0.007326,0.065935
1.907334,0.036631,-0.544566,9.945449,-0.007326,0.065935
1.907334,0.036631,-0.573871,9.945449,-0.021978,0.061050
1.907715,0.051283,-0.598290,9.945449,-0.021978,0.061050
1.907715,0.051283,-0.632479,9.945449,-0.007326,0.061050
1.907715,0.051283,-0.666667,9.945449,0.007328,0.061050
1.908097,0.065933,-0.700854,9.945449,-0.007326,0.061050
1.908478,0.095238,-0.739926,9.945449,0.007328,0.061050
1.908859,0.109890,-0.774115,9.945449,0.007328,0.061050
1.909622,0.153847,-0.803419,9.945449,-0.021978,0.061050
1.911148,0.241758,-0.822955,9.945449,-0.007326,0.065935
1.912293,0.271063,-0.842491,9.945449,-0.007326,0.061050
1.913056,0.271063,-0.857142,9.945449,-0.007326,0.065935
1.914963,0.388279,-0.857142,9.945449,0.007328,0.065935
1.917633,0.505495,-0.881563,9.945449,0.007328,0.065935
1.919541,0.534798,-0.886447,9.945449,-0.036631,0.065935
1.921829,0.520147,-0.881563,9.945449,-0.007326,0.065935
1.924881,0.695971,-0.876678,9.945449,-0.007326,0.065935
1.928314,0.813187,-0.886447,9.945449,-0.007326,0.065935
1.931748,0.813187,-0.871795,9.945449,-0.007326,0.065935
1.935563,0.901098,-0.866911,9.945449,-0.007326,0.061050
1.939378,0.915751,-0.866911,9.945449,0.007328,0.061050
1.943574,1.018314,-0.876678,9.945449,0.007328,0.065935
1.948152,1.106228,-0.871795,9.945449,-0.007326,0.065935
1.953492,1.223444,-0.862027,9.945449,-0.007326,0.061050
1.958833,1.252747,-0.857142,9.945449,-0.007326,0.061050
1.963792,1.252747,-0.866911,9.945449,-0.021978,0.061050
1.969133,1.326008,-0.866911,9.945449,-0.021978,0.061050
1.975236,1.443224,-0.876678,9.945449,-0.007326,0.061050
1.981722,1.560440,-0.876678,9.945449,-0.021978,0.061050
1.988207,1.560440,-0.871795,9.945449,-0.007326,0.061050
1.994311,1.560440,-0.881563,9.945449,-0.021978,0.065935
2.000796,1.604395,-0.891331,9.945449,-0.007326,0.061050
2.008425,1.780220,-0.905983,9.945449,-0.007326,0.061050
2.016436,1.912088,-0.891331,9.945449,-0.007326,0.065935
2.024065,1.897436,-0.891331,9.945449,0.007328,0.065935
2.031696,1.882784,-0.901099,9.945449,0.007328,0.065935
2.040088,2.014652,-0.896214,9.945449,-0.007326,0.061050
2.048862,2.161173,-0.910867,9.945449,0.007328,0.061050
2.057636,2.146521,-0.915751,9.945449,0.007328,0.065935
2.066409,2.175823,-0.905983,9.945449,-0.007326,0.061050
2.075946,2.293039,-0.920635,9.945449,-0.007326,0.061050
2.085484,2.380953,-0.920635,9.945449,-0.007326,0.061050
2.095402,2.454212,-0.915751,9.945449,0.007328,0.065935
2.105320,2.483517,-0.910867,9.945449,-0.021978,0.061050
2.115620,2.498169,-0.910867,9.945449,-0.007326,0.061050
2.125920,2.556776,-0.925519,9.945449,-0.007326,0.061050
2.136982,2.688644,-0.915751,9.945449,-0.036631,0.065935
2.148426,2.791208,-0.905983,9.945449,-0.007326,0.061050
2.159489,2.776556,-0.891331,9.945449,-0.021978,0.061050
2.170170,2.747253,-0.891331,9.945449,-0.007326,0.061050
2.181997,2.849817,-0.896214,9.945449,-0.007326,0.061050
2.194204,2.981686,-0.891331,9.945449,0.007328,0.061050
2.206411,3.010988,-0.876678,9.945449,-0.007326,0.061050
2.218236,2.996336,-0.866911,9.945449,-0.007326,0.056167
2.230063,2.967033,-0.862027,9.945449,-0.007326,0.056167
2.242651,3.040293,-0.862027,9.945449,0.007328,0.056167
2.255621,3.186813,-0.857142,9.945449,-0.021978,0.056167
2.268210,3.157509,-0.842491,9.945449,-0.021978,0.056167
2.280418,3.113552,-0.842491,9.945449,0.007328,0.051283
2.292243,3.054945,-0.857142,9.945449,-0.007326,0.051283
2.305213,3.157509,-0.866911,9.945449,-0.007326,0.051283
2.318565,3.245420,-0.876678,9.945449,0.007328,0.056167
2.331535,3.245420,-0.862027,9.945449,-0.007326,0.056167
2.343742,3.157509,-0.876678,9.945449,0.007328,0.051283
2.356712,3.157509,-0.862027,9.945449,-0.007326,0.056167
2.370063,3.289377,-0.871795,9.945449,0.007328,0.051283
2.383797,3.391941,-0.842491,9.945449,-0.007326,0.051283
2.397148,3.304029,-0.852259,9.945449,-0.007326,0.051283
2.409355,3.216118,-0.837606,9.945449,-0.007326,0.051283
2.422708,3.260073,-0.837606,9.945449,0.007328,0.046398
2.436441,3.377289,-0.827839,9.945449,-0.007326,0.046398
2.450174,3.421246,-0.822955,9.945449,-0.051283,0.046398
2.463144,3.304029,-0.837606,9.945449,0.007328,0.046398
2.475733,3.230768,-0.832723,9.945449,0.007328,0.046398
2.489084,3.304029,-0.822955,9.945449,-0.007326,0.046398
2.503199,3.421246,-0.832723,9.945449,-0.007326,0.046398
2.516169,3.362637,-0.832723,9.945449,0.021980,0.041514
2.528377,3.157509,-0.837606,9.945449,-0.007326,0.041514
2.540965,3.157509,-0.822955,9.945449,-0.007326,0.041514
2.553935,3.245420,-0.793651,9.945449,-0.021978,0.046398
2.566524,3.201466,-0.720390,9.945449,0.007328,0.041514
2.577205,2.908424,-0.647131,9.945449,-0.007326,0.041514
2.587505,2.688644,-0.578754,9.945449,-0.007326,0.041514
2.597804,2.644688,-0.539682,9.945449,0.007328,0.041514
2.607723,2.586081,-0.505494,9.945449,-0.007326,0.046398
2.616116,2.322344,-0.500610,9.945449,-0.007326,0.046398
2.623364,1.985348,-0.505494,9.945449,-0.007326,0.046398
2.629849,1.750916,-0.549451,9.945449,-0.007326,0.041514
2.636334,1.692308,-0.598290,9.945449,-0.007326,0.041514
2.642056,1.575092,-0.647131,9.945449,0.007328,0.041514
2.646633,1.311356,-0.705739,9.945449,-0.007326,0.041514
2.650448,1.120878,-0.754579,9.945449,-0.007326,0.036631
2.654263,1.003662,-0.813187,9.945449,-0.007326,0.036631
2.658077,1.003662,-0.857142,9.945449,-0.021978,0.031747
2.661511,0.959707,-0.886447,9.945449,-0.007326,0.031747
2.664181,0.769230,-0.915751,9.945449,-0.007326,0.031747
2.666852,0.739927,-0.925519,9.945449,-0.007326,0.031747
2.669904,0.769230,-0.945055,9.945449,0.007328,0.031747
2.672193,0.666666,-0.964591,9.945449,-0.007326,0.031747
2.674482,0.593407,-0.969475,9.945449,0.007328,0.036631
2.676770,0.608059,-0.974359,9.945449,-0.007326,0.041514
2.677915,0.461538,-1.003663,9.945449,-0.007326,0.046398
2.679441,0.388279,-1.028083,9.945449,-0.007326,0.046398
2.680585,0.344322,-1.057387,9.945449,-0.007326,0.051283
2.682111,0.373627,-1.076923,9.945449,0.007328,0.056167
2.683255,0.344322,-1.086691,9.945449,0.007328,0.056167
2.683637,0.212454,-1.111111,9.945449,-0.007326,0.056167
2.684018,0.153847,-1.130647,9.945449,-0.007326,0.056167
2.684781,0.168499,-1.150183,9.945449,0.007328,0.051283
2.686307,0.271063,-1.169719,9.945449,-0.007326,0.051283
2.686689,0.197802,-1.174603,9.945449,-0.021978,0.046398
2.687070,0.109890,-1.174603,9.945449,-0.036631,0.046398
2.687452,0.109890,-1.179487,9.945449,0.007328,0.041514
2.688215,0.153847,-1.189255,9.945449,-0.007326,0.041514
2.688977,0.212454,-1.169719,9.945449,0.007328,0.046398
2.690122,0.241758,-1.135531,9.945449,-0.007326,0.046398
2.690503,0.197802,-1.115995,9.945449,-0.021978,0.046398
2.691266,0.153847,-1.106227,9.945449,0.007328,0.051283
2.691648,0.153847,-1.101343,9.945449,-0.021978,0.051283
2.692792,0.197802,-1.101343,9.945449,-0.021978,0.056167
2.693555,0.212454,-1.101343,9.945449,0.007328,0.051283
2.693937,0.153847,-1.096459,9.945449,0.007328,0.051283
2.693937,0.095238,-1.091575,9.945449,-0.007326,0.051283
2.694318,0.080585,-1.106227,9.945449,-0.007326,0.051283
2.694700,0.080585,-1.125763,9.945449,0.007328,0.046398
2.694700,0.051283,-1.145299,9.945449,-0.007326,0.046398
2.694700,0.007326,-1.155067,9.945449,-0.021978,0.041514
2.694700,0.007326,-1.169719,9.945449,-0.007326,0.041514
2.694700,-0.007328,-1.179487,9.945449,-0.007326,0.036631
2.694700,0.007326,-1.189255,9.945449,-0.007326,0.036631
2.694700,-0.007328,-1.194139,9.945449,-0.007326,0.041514
2.694700,0.007326,-1.199023,9.945449,-0.007326,0.036631
2.694700,0.007326,-1.199023,9.945449,-0.007326,0.041514
2.694700,0.036631,-1.199023,9.945449,0.007328,0.046398
2.694700,0.021978,-1.199023,9.945449,-0.007326,0.046398
2.695081,0.036631,-1.194139,9.945449,0.007328,0.051283
2.695081,0.021978,-1.189255,9.945449,-0.021978,0.051283
2.695081,0.036631,-1.179487,9.945449,-0.007326,0.051283
2.695081,0.021978,-1.164835,9.945449,0.007328,0.051283
2.695081,0.021978,-1.145299,9.945449,-0.021978,0.051283
2.695081,0.007326,-1.125763,9.945449,-0.021978,0.051283
2.695081,0.007326,-1.106227,9.945449,-0.007326,0.046398
2.695081,-0.007328,-1.081807,9.945449,-0.007326,0.046398
2.695081,-0.007328,-1.052503,9.945449,-0.021978,0.041514
2.695081,-0.007328,-1.023199,9.945449,-0.007326,0.041514
2.694700,-0.007328,-0.989011,9.945449,-0.007326,0.041514
2.694700,0.007326,-0.954823,9.945449,-0.007326,0.041514
2.694318,-0.036633,-0.910867,9.945449,-0.007326,0.041514
2.694318,-0.051285,-0.866911,9.945449,-0.007326,0.041514
2.693937,-0.051285,-0.822955,9.945449,0.007328,0.041514
2.693555,-0.080587,-0.774115,9.945449,-0.007326,0.046398
2.693174,-0.109892,-0.730159,9.945449,-0.007326,0.051283
2.692411,-0.124544,-0.691087,9.945449,-0.007326,0.051283
2.691648,-0.153849,-0.652015,9.945449,-0.007326,0.056167
2.690503,-0.241760,-0.612943,9.945449,0.007328,0.061050
2.689359,-0.227108,-0.564102,9.945449,-0.007326,0.061050
2.688596,-0.212456,-0.525030,9.945449,-0.007326,0.061050
2.686689,-0.344324,-0.490843,9.945449,0.007328,0.061050
2.684400,-0.505497,-0.437119,9.945449,-0.007326,0.061050
2.682111,-0.520149,-0.407814,9.945449,0.007328,0.056167
2.680585,-0.402931,-0.373627,9.945449,-0.021978,0.056167
2.677915,-0.564104,-0.349206,9.945449,-0.007326,0.051283
2.674100,-0.827841,-0.315019,9.945449,0.007328,0.051283
2.670285,-0.857145,-0.290598,9.945449,-0.007326,0.051283
2.667234,-0.813189,-0.271062,9.945449,-0.021978,0.051283
2.663800,-0.827841,-0.236875,9.945449,-0.007326,0.051283
2.659222,-1.032969,-0.202686,9.945449,-0.007326,0.056167
2.653500,-1.252748,-0.188034,9.945449,-0.021978,0.056167
2.647778,-1.311357,-0.192918,9.945449,-0.007326,0.056167
2.643200,-1.267401,-0.178267,9.945449,-0.007326,0.056167
2.637478,-1.296705,-0.168498,9.945449,-0.007326,0.056167
2.631375,-1.457878,-0.202686,9.945449,-0.021978,0.056167
2.624127,-1.648354,-0.236875,9.945449,-0.007326,0.056167
2.616879,-1.736265,-0.241758,9.945449,0.007328,0.051283
2.610393,-1.706961,-0.227106,9.945449,0.007328,0.046398
2.603145,-1.750917,-0.222222,9.945449,-0.007326,0.046398
2.594753,-1.926743,-0.227106,9.945449,-0.007326,0.041514
2.585979,-2.087914,-0.231990,9.945449,-0.021978,0.036631
2.577205,-2.117218,-0.227106,9.945449,-0.007326,0.031747
2.569194,-2.087914,-0.236875,9.945449,0.007328,0.026863
2.559657,-2.219780,-0.236875,9.945449,-0.021978,0.026863
2.549739,-2.366302,-0.241758,9.945449,-0.007326,0.026863
2.539439,-2.483517,-0.251526,9.945449,-0.007326,0.026863
2.529140,-2.542126,-0.275947,9.945449,0.007328,0.026863
2.519222,-2.498169,-0.280830,9.945449,-0.021978,0.031747
2.508158,-2.600735,-0.285714,9.945449,-0.007326,0.036631
2.497095,-2.732601,-0.305250,9.945449,-0.021978,0.036631
2.485270,-2.835167,-0.315019,9.945449,-0.007326,0.041514
2.474207,-2.820515,-0.319902,9.945449,-0.007326,0.041514
2.462762,-2.820515,-0.315019,9.945449,-0.007326,0.041514
2.450555,-2.952381,-0.315019,9.945449,-0.021978,0.046398
2.438730,-2.981686,-0.349206,9.945449,0.007328,0.041514
2.426522,-2.981686,-0.344322,9.945449,0.007328,0.041514
2.414315,-3.025642,-0.373627,9.945449,-0.007326,0.041514
2.402107,-3.069599,-0.388278,9.945449,0.007328,0.036631
2.389519,-3.113556,-0.363858,9.945449,-0.007326,0.036631
2.376549,-3.142860,-0.358974,9.945449,-0.007326,0.036631
2.363960,-3.172161,-0.358974,9.945449,-0.021978,0.036631
2.350990,-3.230770,-0.344322,9.945449,-0.007326,0.036631
2.337638,-3.260075,-0.344322,9.945449,-0.007326,0.036631
2.324287,-3.304031,-0.344322,9.945449,-0.007326,0.041514
2.310935,-3.333336,-0.378510,9.945449,0.007328,0.041514
2.297202,-3.391945,-0.402930,9.945449,-0.007326,0.046398
2.283469,-3.406593,-0.412699,9.945449,-0.007326,0.051283
2.269736,-3.406593,-0.437119,9.945449,-0.007326,0.051283
2.256003,-3.406593,-0.451771,9.945449,0.007328,0.051283
2.241888,-3.465202,-0.461538,9.945449,-0.007326,0.051283
2.228155,-3.450550,-0.481074,9.945449,-0.007326,0.046398
2.214422,-3.406593,-0.505494,9.945449,-0.007326,0.041514
2.201452,-3.377293,-0.490843,9.945449,-0.021978,0.041514
2.187337,-3.406593,-0.481074,9.945449,-0.007326,0.036631
2.173603,-3.421246,-0.481074,9.945449,-0.007326,0.036631
2.160252,-3.391945,-0.461538,9.945449,-0.007326,0.031747
2.146900,-3.333336,-0.466422,9.945449,-0.021978,0.031747
2.133930,-3.318684,-0.456655,9.945449,-0.007326,0.031747
2.120198,-3.362640,-0.442002,9.945449,-0.007326,0.031747
2.106465,-3.362640,-0.456655,9.945449,-0.007326,0.036631
2.093495,-3.318684,-0.505494,9.945449,-0.007326,0.041514
2.080906,-3.186813,-0.598290,9.945449,-0.007326,0.041514
2.068698,-3.113556,-0.691087,9.945449,-0.007326,0.041514
2.056873,-3.040295,-0.774115,9.945449,0.007328,0.041514
2.045429,-2.908428,-0.847375,9.945449,-0.007326,0.041514
2.035510,-2.703297,-0.901099,9.945449,-0.007326,0.041514
2.025973,-2.498169,-0.930403,9.945449,-0.007326,0.041514
2.016817,-2.322346,-0.925519,9.945449,0.007328,0.041514
2.008806,-2.175827,-0.905983,9.945449,-0.007326,0.041514
2.001559,-1.956045,-0.876678,9.945449,0.007328,0.041514
1.995455,-1.750917,-0.842491,9.945449,-0.021978,0.046398
1.989352,-1.604397,-0.808303,9.945449,-0.021978,0.051283
1.983629,-1.487181,-0.764347,9.945449,-0.007326,0.056167
1.978669,-1.355312,-0.705739,9.945449,-0.007326,0.056167
1.973710,-1.252748,-0.681318,9.945449,-0.007326,0.061050
1.969133,-1.179489,-0.671551,9.945449,0.021980,0.065935
1.964936,-1.106228,-0.642246,9.945449,0.007328,0.070819
1.961503,-1.018316,-0.637362,9.945449,-0.007326,0.070819
1.957689,-0.915752,-0.603174,9.945449,0.007328,0.070819
1.954637,-0.871796,-0.588523,9.945449,-0.007326,0.065935
1.951585,-0.798536,-0.564102,9.945449,-0.007326,0.061050
1.948152,-0.769232,-0.559218,9.945449,-0.021978,0.051283
1.945863,-0.710625,-0.544566,9.945449,-0.021978,0.051283
1.943193,-0.637363,-0.534799,9.945449,-0.021978,0.046398
1.940522,-0.681320,-0.544566,9.945067,-0.021978,0.046398
1.938234,-0.593409,-0.534799,9.945067,-0.007326,0.046398
1.935945,-0.564104,-0.529915,9.945449,0.007328,0.046398
1.933656,-0.578756,-0.539682,9.945449,-0.007326,0.051283
1.931748,-0.534800,-0.534799,9.945449,-0.007326,0.056167
1.930603,-0.402931,-0.529915,9.945449,-0.007326,0.061050
1.928696,-0.417583,-0.520146,9.945449,0.021980,0.061050
1.926789,-0.446888,-0.520146,9.945449,0.021980,0.065935
1.925263,-0.417583,-0.525030,9.945449,0.007328,0.061050
1.924500,-0.271065,-0.515263,9.945449,0.007328,0.061050
1.923737,-0.241760,-0.495727,9.945449,0.007328,0.056167
1.922211,-0.300367,-0.485958,9.945449,-0.007326,0.051283
1.921067,-0.315020,-0.466422,9.945449,-0.007326,0.046398
1.920304,-0.227108,-0.481074,9.945449,-0.021978,0.041514
1.919159,-0.256413,-0.505494,9.945449,-0.021978,0.041514
1.918015,-0.285717,-0.515263,9.945449,-0.021978,0.041514
1.917252,-0.241760,-0.520146,9.945449,-0.021978,0.041514
1.916107,-0.212456,-0.525030,9.945449,0.007328,0.041514
1.914963,-0.285717,-0.534799,9.945449,-0.007326,0.046398
1.914200,-0.256413,-0.525030,9.945449,-0.021978,0.046398
1.913819,-0.124544,-0.529915,9.945449,-0.007326,0.051283
1.913437,-0.109892,-0.525030,9.945449,0.007328,0.051283
1.911911,-0.227108,-0.525030,9.945449,-0.007326,0.051283
1.911148,-0.197803,-0.525030,9.945449,-0.007326,0.051283
1.911148,-0.109892,-0.525030,9.945449,-0.021978,0.051283
1.910767,-0.080587,-0.520146,9.945449,0.007328,0.051283
1.910385,-0.095240,-0.505494,9.945449,-0.021978,0.051283
1.910004,-0.109892,-0.495727,9.945449,-0.007326,0.046398
1.909622,-0.095240,-0.490843,9.945449,-0.007326,0.046398
1.909241,-0.080587,-0.495727,9.945449,-0.021978,0.046398
1.909241,-0.051285,-0.495727,9.945449,0.007328,0.046398
1.908859,-0.051285,-0.500610,9.945449,-0.007326,0.046398
1.908859,-0.036633,-0.510379,9.945449,-0.007326,0.051283
1.908478,-0.065935,-0.529915,9.945449,0.007328,0.051283
1.908097,-0.065935,-0.549451,9.945449,0.007328,0.056167
1.908097,-0.021980,-0.573871,9.945449,0.007328,0.056167
1.908097,-0.007328,-0.593407,9.945449,-0.021978,0.061050
1.908097,-0.021980,-0.612943,9.945449,-0.007326,0.056167
1.908097,-0.007328,-0.637362,9.945449,-0.021978,0.056167
1.908478,0.065933,-0.666667,9.945449,-0.021978,0.056167
1.908859,0.080585,-0.691087,9.945449,-0.007326,0.056167
1.909241,0.109890,-0.710623,9.945449,-0.021978,0.051283
1.909622,0.109890,-0.730159,9.945449,0.021980,0.051283
1.910767,0.183149,-0.759462,9.945449,0.007328,0.051283
1.911530,0.227106,-0.778998,9.945449,0.007328,0.051283
1.912293,0.197802,-0.803419,9.945449,-0.007326,0.051283
1.913437,0.271063,-0.822955,9.945449,-0.007326,0.051283
1.915344,0.402931,-0.827839,9.945449,-0.007326,0.056167
1.917252,0.461538,-0.857142,9.945449,-0.007326,0.056167
1.919159,0.432234,-0.862027,9.945449,-0.007326,0.056167
1.921067,0.476191,-0.876678,9.945449,-0.007326,0.056167
1.924118,0.652014,-0.876678,9.945449,-0.021978,0.056167
1.927552,0.769230,-0.886447,9.945449,-0.007326,0.056167
1.930603,0.769230,-0.881563,9.945449,-0.007326,0.056167
1.934037,0.813187,-0.876678,9.945449,-0.007326,0.056167
1.937852,0.930403,-0.891331,9.945449,0.007328,0.051283
1.942048,0.989012,-0.896214,9.945449,-0.007326,0.051283
1.946626,1.076923,-0.896214,9.945449,-0.021978,0.051283
1.951967,1.208792,-0.886447,9.945449,-0.021978,0.051283
1.956926,1.252747,-0.891331,9.945449,-0.007326,0.051283
1.962266,1.311356,-0.891331,9.945449,0.007328,0.051283
1.967607,1.326008,-0.901099,9.945449,-0.007326,0.056167
1.974092,1.443224,-0.905983,9.945449,-0.007326,0.056167
1.980577,1.575092,-0.910867,9.945449,-0.007326,0.056167
1.987444,1.648352,-0.915751,9.945449,-0.007326,0.056167
1.993929,1.648352,-0.915751,9.945449,-0.007326,0.061050
2.000796,1.692308,-0.920635,9.945449,-0.007326,0.061050
2.008806,1.853479,-0.920635,9.945449,0.007328,0.056167
2.017199,2.000000,-0.910867,9.945449,-0.007326,0.061050
2.025210,2.014652,-0.910867,9.945449,-0.021978,0.056167
2.033221,2.029305,-0.905983,9.945449,-0.007326,0.051283
2.041995,2.131868,-0.896214,9.945449,-0.007326,0.051283
2.051151,2.249084,-0.905983,9.945449,-0.007326,0.051283
2.060306,2.249084,-0.905983,9.945449,-0.007326,0.051283
2.069461,2.322344,-0.896214,9.945449,-0.007326,0.051283
2.079380,2.395605,-0.905983,9.945449,-0.021978,0.051283
2.089298,2.454212,-0.905983,9.945449,0.007328,0.051283
2.099598,2.512821,-0.901099,9.945449,-0.007326,0.056167
2.109898,2.556776,-0.896214,9.945449,-0.007326,0.056167
2.120579,2.600733,-0.910867,9.945449,-0.021978,0.056167
2.131260,2.673992,-0.910867,9.945449,-0.007326,0.056167
2.143086,2.747253,-0.915751,9.945449,-0.007326,0.056167
2.154148,2.835165,-0.901099,9.945449,0.007328,0.056167
2.165592,2.820513,-0.901099,9.945449,0.007328,0.051283
2.176656,2.835165,-0.901099,9.945449,-0.007326,0.051283
2.188482,2.923077,-0.901099,9.945449,0.007328,0.051283
2.201070,3.010988,-0.891331,9.945449,-0.007326,0.051283
2.213277,3.054945,-0.881563,9.945449,-0.007326,0.046398
2.225485,3.025640,-0.871795,9.945449,-0.007326,0.046398
2.237311,3.040293,-0.876678,9.945449,-0.007326,0.046398
2.250281,3.128204,-0.857142,9.945449,-0.007326,0.046398
2.263251,3.201466,-0.857142,9.945449,-0.021978,0.051283
2.275840,3.201466,-0.837606,9.945449,-0.021978,0.051283
2.288047,3.098902,-0.842491,9.945449,-0.007326,0.046398
2.300636,3.128204,-0.852259,9.945449,0.007328,0.051283
2.313987,3.245420,-0.857142,9.945449,-0.007326,0.046398
2.327338,3.304029,-0.852259,9.945449,-0.007326,0.046398
2.340308,3.274725,-0.847375,9.945449,-0.007326,0.046398
2.352515,3.172161,-0.842491,9.945449,0.007328,0.046398
2.365867,3.260073,-0.847375,9.945449,-0.021978,0.041514
2.379601,3.362637,-0.832723,9.945449,-0.021978,0.041514
2.393334,3.391941,-0.827839,9.945449,-0.007326,0.041514
2.405922,3.260073,-0.822955,9.945449,-0.007326,0.041514
2.418511,3.216118,-0.827839,9.945449,0.007328,0.036631
2.432245,3.318682,-0.832723,9.945449,-0.007326,0.036631
2.445977,3.435898,-0.832723,9.945449,-0.007326,0.036631
2.459329,3.362637,-0.842491,9.945449,-0.007326,0.036631
2.471537,3.201466,-0.847375,9.945449,-0.021978,0.041514
2.484507,3.230768,-0.852259,9.945449,0.007328,0.036631
2.498621,3.391941,-0.866911,9.945449,-0.007326,0.041514
2.511973,3.406593,-0.871795,9.945449,-0.007326,0.041514
2.524562,3.260073,-0.886447,9.945449,-0.007326,0.041514
2.537151,3.157509,-0.871795,9.945449,0.007328,0.036631
2.550121,3.230768,-0.837606,9.945449,-0.007326,0.041514
2.563091,3.245420,-0.754579,9.945449,-0.007326,0.036631
2.574535,3.054945,-0.676435,9.945449,-0.021978,0.036631
2.585216,2.805861,-0.588523,9.945449,0.007328,0.036631
2.595515,2.673992,-0.529915,9.945449,-0.007326,0.036631
2.605434,2.615385,-0.495727,9.945449,-0.007326,0.036631
2.614589,2.424908,-0.476191,9.945449,-0.007326,0.036631
2.622601,2.117216,-0.471307,9.945449,-0.007326,0.036631
2.629086,1.853479,-0.500610,9.945449,-0.007326,0.031747
2.635571,1.721611,-0.549451,9.945449,-0.007326,0.031747
2.641674,1.604395,-0.598290,9.945449,-0.007326,0.031747
2.646633,1.413919,-0.661782,9.945449,-0.007326,0.031747
2.650448,1.164835,-0.710623,9.945449,-0.007326,0.026863
2.653881,1.003662,-0.778998,9.945449,-0.007326,0.021978
2.657696,0.974360,-0.832723,9.945449,-0.007326,0.017095
2.661511,0.945055,-0.876678,9.945449,-0.007326,0.017095
2.664181,0.783882,-0.915751,9.945449,-0.021978,0.012211
2.666852,0.695971,-0.930403,9.945449,-0.007326,0.017095
2.669523,0.725275,-0.949939,9.945067,-0.021978,0.021978
2.671811,0.652014,-0.974359,9.945449,-0.007326,0.026863
2.674100,0.593407,-0.984127,9.945449,-0.021978,0.031747
2.676389,0.593407,-0.984127,9.945449,-0.021978,0.031747
2.677915,0.432234,-1.013431,9.945067,-0.021978,0.036631
2.679059,0.373627,-1.037851,9.945449,-0.007326,0.046398
2.680585,0.373627,-1.067155,9.945449,0.007328,0.051283
2.681730,0.358974,-1.081807,9.945449,-0.007326,0.051283
2.683255,0.344322,-1.086691,9.945449,-0.007326,0.056167
2.684018,0.241758,-1.111111,9.945449,-0.021978,0.056167
2.684018,0.153847,-1.125763,9.945449,0.007328,0.051283
2.685163,0.197802,-1.145299,9.945449,-0.007326,0.046398
2.686307,0.241758,-1.159951,9.945449,-0.007326,0.041514
2.687070,0.212454,-1.169719,9.945449,0.007328,0.041514
2.687070,0.139194,-1.164835,9.945449,-0.007326,0.036631
2.687452,0.109890,-1.164835,9.945449,0.007328,0.036631
2.688596,0.197802,-1.169719,9.945449,-0.007326,0.031747
2.689359,0.227106,-1.140415,9.945449,-0.007326,0.031747
2.690503,0.212454,-1.115995,9.945449,-0.021978,0.031747
2.690885,0.168499,-1.111111,9.945449,0.007328,0.036631
2.691266,0.153847,-1.101343,9.945449,-0.007326,0.036631
2.692029,0.153847,-1.101343,9.945449,-0.036631,0.041514
2.692792,0.183149,-1.101343,9.945449,-0.007326,0.041514
2.693555,0.183149,-1.101343,9.945449,0.007328,0.041514
2.693937,0.139194,-1.101343,9.945449,-0.007326,0.041514
2.693937,0.080585,-1.101343,9.945449,0.007328,0.046398
2.694318,0.065933,-1.115995,9.945449,-0.007326,0.046398
2.694318,0.065933,-1.135531,9.945449,-0.007326,0.041514
2.694318,0.036631,-1.155067,9.945449,0.007328,0.041514
2.694318,0.021978,-1.164835,9.945449,-0.007326,0.036631
2.694318,0.021978,-1.179487,9.945449,-0.007326,0.036631
2.694318,0.007326,-1.184371,9.945449,0.007328,0.031747
2.694700,0.007326,-1.194139,9.945449,-0.036631,0.031747
2.694318,0.021978,-1.203907,9.945449,-0.007326,0.031747
2.694700,0.021978,-1.203907,9.945449,-0.021978,0.031747
2.694700,0.007326,-1.203907,9.945449,0.007328,0.036631
2.694700,0.021978,-1.203907,9.945449,-0.007326,0.036631
2.694700,0.036631,-1.199023,9.945449,-0.021978,0.041514
2.694700,0.036631,-1.194139,9.945449,0.007328,0.041514
2.695081,0.036631,-1.189255,9.945449,-0.007326,0.041514
2.695081,0.051283,-1.179487,9.945449,-0.007326,0.041514
2.695081,0.051283,-1.169719,9.945449,-0.007326,0.041514
2.695462,0.021978,-1.159951,9.945449,-0.021978,0.041514
2.695462,0.036631,-1.145299,9.945449,-0.007326,0.041514
2.695462,0.036631,-1.125763,9.945449,-0.007326,0.041514
2.695462,0.007326,-1.106227,9.945449,-0.007326,0.036631
2.695081,0.007326,-1.081807,9.945449,-0.007326,0.036631
2.695462,0.007326,-1.057387,9.945449,-0.007326,0.031747
2.695081,-0.007328,-1.028083,9.945449,-0.007326,0.031747
2.695081,-0.021980,-0.993895,9.945449,-0.007326,0.031747
2.694700,-0.051285,-0.959707,9.945449,-0.007326,0.031747
2.694700,-0.051285,-0.925519,9.945449,0.007328,0.031747
2.694318,-0.051285,-0.886447,9.945449,-0.007326,0.031747
2.693937,-0.065935,-0.837606,9.945449,-0.021978,0.036631
2.693555,-0.080587,-0.788767,9.945449,-0.007326,0.036631
2.693174,-0.095240,-0.739926,9.945449,-0.007326,0.046398
2.692411,-0.139196,-0.691087,9.945449,-0.007326,0.051283
2.691648,-0.183151,-0.652015,9.945449,-0.021978,0.051283
2.690503,-0.241760,-0.603174,9.945449,-0.007326,0.056167
2.689359,-0.241760,-0.549451,9.945449,0.007328,0.056167
2.688596,-0.241760,-0.500610,9.945449,-0.007326,0.056167
2.686307,-0.388281,-0.461538,9.945449,0.007328,0.051283
2.684018,-0.520149,-0.407814,9.945449,-0.007326,0.051283
2.681730,-0.520149,-0.368742,9.945449,-0.007326,0.046398
2.680204,-0.461540,-0.339438,9.945449,0.007328,0.046398
2.676770,-0.666668,-0.300366,9.945449,0.007328,0.041514
2.672574,-0.857145,-0.275947,9.945449,-0.021978,0.041514
2.669141,-0.901100,-0.246642,9.945449,-0.021978,0.036631
2.665326,-0.886448,-0.222222,9.945449,-0.007326,0.041514
2.661511,-0.930405,-0.202686,9.945449,-0.007326,0.041514
2.656552,-1.135532,-0.236875,9.945449,-0.021978,0.041514
2.650830,-1.267401,-0.256411,9.945449,0.007328,0.041514
2.645870,-1.282053,-0.246642,9.945449,-0.021978,0.046398
2.640530,-1.282053,-0.241758,9.945449,0.007328,0.046398
2.634808,-1.340660,-0.222222,9.945449,-0.007326,0.046398
2.627941,-1.560442,-0.202686,9.945449,-0.007326,0.046398
2.620693,-1.721613,-0.197803,9.945449,-0.021978,0.041514
2.613826,-1.721613,-0.183150,9.945449,0.007328,0.041514
2.606578,-1.721613,-0.168498,9.945449,-0.007326,0.036631
2.598949,-1.838829,-0.173382,9.945449,-0.007326,0.036631
2.589793,-2.102566,-0.183150,9.945449,0.007328,0.031747
2.580257,-2.234432,-0.192918,9.945449,-0.007326,0.026863
2.571864,-2.205132,-0.192918,9.945449,-0.007326,0.021978
2.562709,-2.234432,-0.207570,9.945449,0.007328,0.021978
2.552409,-2.380955,-0.227106,9.945067,-0.021978,0.017095
2.541728,-2.556778,-0.256411,9.945449,-0.007326,0.017095
2.530666,-2.659344,-0.275947,9.945449,-0.007326,0.017095
2.520366,-2.615387,-0.290598,9.945449,-0.007326,0.021978
2.509684,-2.644691,-0.290598,9.945449,-0.007326,0.021978
2.498621,-2.732601,-0.319902,9.945067,-0.007326,0.021978
2.486796,-2.849819,-0.324786,9.945067,-0.021978,0.026863
2.474970,-2.908428,-0.329670,9.945449,-0.021978,0.031747
2.463144,-2.879124,-0.324786,9.945449,0.007328,0.031747
2.451318,-2.937729,-0.324786,9.945067,0.007328,0.031747
2.439492,-2.967033,-0.354091,9.945449,-0.007326,0.036631
2.426904,-3.010990,-0.363858,9.945449,-0.007326,0.036631
2.414696,-3.084251,-0.373627,9.945449,-0.007326,0.036631
2.402107,-3.113556,-0.378510,9.945449,-0.007326,0.036631
2.389519,-3.113556,-0.344322,9.945449,-0.007326,0.036631
2.376549,-3.172161,-0.339438,9.945449,-0.021978,0.031747
2.363578,-3.216118,-0.339438,9.945449,-0.007326,0.031747
2.350227,-3.304031,-0.339438,9.945449,-0.007326,0.031747
2.336875,-3.304031,-0.349206,9.945449,0.007328,0.031747
2.323524,-3.318684,-0.368742,9.945449,0.007328,0.031747
2.309791,-3.362640,-0.393163,9.945449,-0.007326,0.031747
2.296058,-3.421246,-0.427350,9.945449,-0.021978,0.036631
2.281562,-3.450550,-0.451771,9.945449,-0.007326,0.036631
2.268591,-3.406593,-0.466422,9.945449,-0.007326,0.036631
2.255240,-3.377293,-0.466422,9.945449,-0.007326,0.036631
2.241125,-3.465202,-0.476191,9.945449,-0.007326,0.036631
2.227011,-3.479855,-0.481074,9.945449,0.007328,0.036631
2.213277,-3.435898,-0.500610,9.945449,-0.007326,0.036631
2.200307,-3.318684,-0.510379,9.945449,-0.021978,0.031747
2.186956,-3.318684,-0.485958,9.945449,-0.007326,0.031747
2.173222,-3.406593,-0.485958,9.945449,-0.007326,0.031747
2.159870,-3.362640,-0.485958,9.945449,-0.021978,0.026863
2.146900,-3.230770,-0.500610,9.945449,0.007328,0.026863
2.134312,-3.201466,-0.490843,9.945449,-0.007326,0.026863
2.120960,-3.274727,-0.485958,9.945067,-0.021978,0.026863
2.107609,-3.304031,-0.490843,9.945449,-0.021978,0.026863
2.095021,-3.216118,-0.515263,9.945449,-0.007326,0.026863
2.082814,-3.113556,-0.559218,9.945449,0.007328,0.026863
2.070987,-3.025642,-0.637362,9.945449,-0.021978,0.026863
2.058780,-2.996338,-0.700854,9.945449,-0.007326,0.031747
2.047717,-2.893776,-0.783883,9.945449,-0.007326,0.031747
2.037418,-2.688644,-0.842491,9.945449,0.007328,0.031747
2.027880,-2.498169,-0.886447,9.945449,-0.007326,0.036631
2.018725,-2.322346,-0.905983,9.945449,0.007328,0.036631
2.010714,-2.205132,-0.896214,9.945449,-0.007326,0.036631
2.003084,-2.014652,-0.881563,9.945449,-0.007326,0.036631
1.996599,-1.809525,-0.847375,9.945449,0.007328,0.041514
1.990114,-1.648354,-0.822955,9.945449,-0.036631,0.041514
1.984392,-1.516485,-0.778998,9.945449,-0.007326,0.046398
1.979432,-1.399269,-0.720390,9.945449,-0.007326,0.046398
1.974473,-1.267401,-0.705739,9.945449,0.007328,0.051283
1.969896,-1.194141,-0.681318,9.945449,-0.007326,0.051283
1.965699,-1.120880,-0.652015,9.945449,-0.007326,0.056167
1.961885,-1.047621,-0.642246,9.945449,0.007328,0.056167
1.958452,-0.930405,-0.612943,9.945449,0.007328,0.056167
1.955018,-0.857145,-0.593407,9.945449,-0.021978,0.056167
1.951967,-0.798536,-0.568987,9.945449,-0.007326,0.051283
1.948915,-0.783884,-0.549451,9.945449,-0.021978,0.051283
1.946244,-0.725277,-0.539682,9.945449,-0.007326,0.046398
1.943574,-0.652016,-0.529915,9.945449,-0.007326,0.041514
1.940904,-0.666668,-0.534799,9.945449,-0.021978,0.041514
1.938615,-0.637363,-0.529915,9.945067,-0.021978,0.041514
1.936326,-0.564104,-0.529915,9.945449,-0.007326,0.041514
1.934037,-0.578756,-0.544566,9.945067,-0.007326,0.041514
1.932129,-0.564104,-0.544566,9.945449,-0.007326,0.046398
1.930603,-0.432236,-0.534799,9.945449,-0.007326,0.046398
1.929077,-0.417583,-0.525030,9.945449,0.007328,0.051283
1.927170,-0.446888,-0.525030,9.945449,0.007328,0.051283
1.925263,-0.432236,-0.529915,9.945449,-0.007326,0.051283
1.924500,-0.256413,-0.515263,9.945449,-0.007326,0.046398
1.923737,-0.227108,-0.495727,9.945449,-0.021978,0.046398
1.922592,-0.271065,-0.485958,9.945449,-0.007326,0.046398
1.921067,-0.329672,-0.466422,9.945449,-0.007326,0.041514
1.920304,-0.212456,-0.481074,9.945449,0.007328,0.036631
1.919159,-0.256413,-0.500610,9.945449,-0.007326,0.031747
1.918015,-0.300367,-0.515263,9.945449,-0.007326,0.036631
1.917252,-0.241760,-0.515263,9.945449,-0.007326,0.036631
1.916489,-0.212456,-0.529915,9.945449,-0.007326,0.036631
1.915344,-0.256413,-0.534799,9.945449,-0.007326,0.041514
1.914200,-0.271065,-0.520146,9.945449,-0.007326,0.041514
1.913819,-0.153849,-0.520146,9.945449,-0.007326,0.041514
1.913437,-0.095240,-0.520146,9.945449,0.007328,0.041514
1.912293,-0.183151,-0.520146,9.945449,-0.007326,0.041514
1.911530,-0.227108,-0.520146,9.945449,-0.007326,0.041514
1.911148,-0.139196,-0.525030,9.945449,0.007328,0.041514
1.910767,-0.095240,-0.525030,9.945449,-0.007326,0.041514
1.910385,-0.095240,-0.510379,9.945449,-0.021978,0.036631
1.910004,-0.109892,-0.500610,9.945449,-0.021978,0.036631
1.909622,-0.080587,-0.495727,9.945449,-0.007326,0.036631
1.909241,-0.065935,-0.490843,9.945449,-0.021978,0.036631
1.909241,-0.080587,-0.485958,9.945449,0.007328,0.041514
1.908859,-0.065935,-0.485958,9.945449,-0.007326,0.041514
1.908478,-0.080587,-0.485958,9.945449,-0.007326,0.046398
1.908097,-0.109892,-0.495727,9.945449,0.007328,0.046398
1.907334,-0.095240,-0.500610,9.945449,-0.007326,0.046398
1.907334,-0.051285,-0.505494,9.945449,0.007328,0.046398
1.906952,-0.065935,-0.510379,9.945449,-0.021978,0.046398
1.906571,-0.065935,-0.505494,9.945449,0.007328,0.046398
1.906571,-0.051285,-0.490843,9.945449,-0.007326,0.046398
1.906571,-0.007328,-0.485958,9.945449,-0.007326,0.041514
1.906571,0.021978,-0.476191,9.945449,-0.021978,0.041514
1.906952,0.007326,-0.466422,9.945449,-0.007326,0.041514
1.906952,0.007326,-0.456655,9.945449,-0.007326,0.041514
1.906952,-0.007328,-0.456655,9.945449,-0.007326,0.041514
1.906952,-0.007328,-0.461538,9.945449,-0.007326,0.041514
1.906952,0.007326,-0.476191,9.945449,-0.007326,0.046398
1.906952,-0.007328,-0.490843,9.945449,-0.021978,0.046398
1.906952,0.007326,-0.505494,9.945449,-0.007326,0.046398
1.906952,0.021978,-0.520146,9.945449,-0.007326,0.051283
1.906952,0.021978,-0.544566,9.945449,-0.007326,0.051283
1.907334,0.051283,-0.564102,9.945449,-0.021978,0.051283
1.907334,0.036631,-0.593407,9.945449,0.007328,0.046398
1.907715,0.065933,-0.627595,9.945449,-0.007326,0.046398
1.907715,0.065933,-0.661782,9.945449,0.007328,0.041514
1.908097,0.080585,-0.705739,9.945449,0.007328,0.041514
1.908478,0.095238,-0.749695,9.945449,-0.007326,0.041514
1.909241,0.124542,-0.788767,9.945449,-0.021978,0.041514
1.910385,0.212454,-0.827839,9.945449,-0.007326,0.041514
1.911530,0.285715,-0.852259,9.945449,-0.021978,0.046398
1.912674,0.271063,-0.881563,9.945449,-0.007326,0.046398
1.914200,0.329670,-0.891331,9.945449,-0.007326,0.046398
1.916870,0.520147,-0.910867,9.945449,-0.007326,0.046398
1.919159,0.593407,-0.930403,9.945449,-0.007326,0.046398
1.921829,0.593407,-0.930403,9.945449,0.007328,0.046398
1.924881,0.739927,-0.920635,9.945449,-0.007326,0.046398
1.929077,0.871796,-0.930403,9.945449,-0.007326,0.046398
1.932893,0.959707,-0.925519,9.945449,0.007328,0.046398
1.937089,1.003662,-0.925519,9.945449,-0.007326,0.046398
1.941667,1.076923,-0.920635,9.945067,-0.021978,0.046398
1.946626,1.179487,-0.930403,9.945449,-0.007326,0.046398
1.952348,1.340660,-0.915751,9.945449,-0.007326,0.046398
1.958452,1.413919,-0.915751,9.945449,-0.007326,0.046398
1.964555,1.472527,-0.910867,9.945449,-0.007326,0.046398
1.970659,1.501831,-0.910867,9.945449,-0.007326,0.046398
1.977144,1.619047,-0.920635,9.945449,-0.007326,0.046398
1.985155,1.809525,-0.920635,9.945449,-0.021978,0.046398
1.992403,1.853479,-0.930403,9.945449,-0.007326,0.046398
1.999651,1.838827,-0.935287,9.945449,-0.007326,0.046398
2.007662,1.912088,-0.935287,9.945449,-0.007326,0.046398
2.016817,2.131868,-0.940171,9.945449,0.007328,0.046398
2.025973,2.219780,-0.940171,9.945449,-0.007326,0.046398
2.034747,2.205128,-0.940171,9.945449,-0.007326,0.041514
2.043903,2.293039,-0.935287,9.945449,-0.021978,0.041514
2.053439,2.366301,-0.940171,9.945449,-0.007326,0.041514
2.063739,2.454212,-0.945055,9.945449,-0.021978,0.046398
2.074420,2.586081,-0.940171,9.945449,-0.007326,0.046398
2.084721,2.600733,-0.925519,9.945449,-0.021978,0.046398
2.095783,2.659340,-0.915751,9.945449,-0.007326,0.046398
2.106465,2.703297,-0.910867,9.945449,-0.021978,0.046398
2.117909,2.791208,-0.910867,9.945449,-0.021978,0.046398
2.129734,2.864470,-0.896214,9.945449,-0.007326,0.046398
2.141178,2.908424,-0.896214,9.945449,-0.007326,0.046398
2.153004,2.923077,-0.876678,9.945449,-0.007326,0.051283
2.164829,2.952381,-0.871795,9.945449,-0.021978,0.051283
2.177037,3.010988,-0.871795,9.945449,0.007328,0.051283
2.189626,3.054945,-0.866911,9.945449,-0.007326,0.051283
2.202214,3.098902,-0.862027,9.945449,-0.007326,0.046398
2.214422,3.113552,-0.847375,9.945449,0.007328,0.046398
2.227011,3.157509,-0.837606,9.945449,-0.007326,0.041514
2.239599,3.128204,-0.852259,9.945449,0.007328,0.041514
2.252951,3.216118,-0.827839,9.945449,-0.021978,0.041514
2.265539,3.230768,-0.832723,9.945449,-0.021978,0.041514
2.278510,3.216118,-0.822955,9.945067,-0.007326,0.036631
2.291099,3.172161,-0.842491,9.945449,-0.007326,0.041514
2.304069,3.230768,-0.852259,9.945449,0.007328,0.036631
2.317039,3.260073,-0.857142,9.945449,0.007328,0.036631
2.330390,3.304029,-0.857142,9.945449,-0.007326,0.036631
2.343360,3.245420,-0.866911,9.945449,0.007328,0.036631
2.355949,3.230768,-0.857142,9.945449,-0.007326,0.036631
2.369300,3.304029,-0.862027,9.945449,0.007328,0.036631
2.383034,3.362637,-0.842491,9.945449,-0.021978,0.036631
2.396385,3.362637,-0.857142,9.945449,-0.021978,0.036631
2.409355,3.289377,-0.842491,9.945449,-0.007326,0.031747
2.422326,3.274725,-0.832723,9.945449,-0.007326,0.031747
2.436059,3.347984,-0.822955,9.945449,0.007328,0.031747
2.449792,3.391941,-0.813187,9.945449,-0.007326,0.026863
2.462381,3.304029,-0.813187,9.945449,-0.007326,0.026863
2.474970,3.186813,-0.788767,9.945449,-0.007326,0.026863
2.487940,3.216118,-0.774115,9.945449,-0.021978,0.021978
2.501673,3.318682,-0.774115,9.945449,-0.007326,0.021978
2.514261,3.245420,-0.749695,9.945449,-0.021978,0.021978
2.525707,3.040293,-0.735043,9.945449,0.007328,0.021978
2.537532,2.967033,-0.725275,9.945449,-0.007326,0.021978
2.549739,3.010988,-0.725275,9.945449,-0.021978,0.021978
2.561565,3.025640,-0.720390,9.945449,-0.007326,0.021978
2.572246,2.835165,-0.705739,9.945449,-0.007326,0.021978
2.582164,2.615385,-0.686203,9.945449,-0.021978,0.021978
2.592082,2.527472,-0.656898,9.945449,0.007328,0.021978
2.602000,2.512821,-0.627595,9.945449,-0.007326,0.026863
2.610774,2.366301,-0.608059,9.945449,-0.007326,0.021978
2.618405,2.117216,-0.578754,9.945449,-0.007326,0.026863
2.625271,1.897436,-0.583638,9.945449,0.007328,0.021978
2.632138,1.750916,-0.608059,9.945449,-0.007326,0.026863
2.638241,1.663004,-0.642246,9.945449,0.007328,0.026863
2.643582,1.487179,-0.681318,9.945449,-0.007326,0.026863
2.648159,1.252747,-0.715507,9.945067,-0.021978,0.021978
2.652355,1.120878,-0.764347,9.945449,0.007328,0.021978
2.656170,1.032967,-0.813187,9.945449,-0.007326,0.021978
2.659985,1.003662,-0.852259,9.945067,-0.021978,0.021978
2.663037,0.871796,-0.886447,9.945067,-0.007326,0.021978
2.665708,0.754580,-0.905983,9.945449,0.007328,0.021978
2.668760,0.739927,-0.920635,9.945449,-0.007326,0.021978
2.671048,0.681318,-0.954823,9.945449,-0.021978,0.021978
2.673337,0.578754,-0.974359,9.945449,-0.007326,0.021978
2.675245,0.578754,-0.974359,9.945067,-0.007326,0.026863
2.677533,0.534798,-0.998779,9.945449,-0.007326,0.026863
2.678678,0.417582,-1.018315,9.945449,-0.007326,0.026863
2.679822,0.358974,-1.047619,9.945449,0.007328,0.031747
2.681348,0.358974,-1.067155,9.945449,-0.007326,0.031747
2.682874,0.388279,-1.067155,9.945449,-0.007326,0.036631
2.684018,0.300365,-1.086691,9.945449,0.007328,0.036631
2.684018,0.168499,-1.106227,9.945449,-0.007326,0.036631
2.684781,0.153847,-1.135531,9.945449,0.007328,0.036631
2.685926,0.227106,-1.159951,9.945449,-0.007326,0.036631
2.686689,0.227106,-1.174603,9.945449,-0.007326,0.031747
2.686689,0.139194,-1.179487,9.945449,-0.007326,0.031747
2.687070,0.080585,-1.174603,9.945449,0.007328,0.026863
2.687833,0.153847,-1.189255,9.945449,-0.021978,0.026863
2.688596,0.212454,-1.184371,9.945449,-0.021978,0.026863
2.689359,0.212454,-1.155067,9.945449,0.007328,0.026863
2.690122,0.183149,-1.135531,9.945449,-0.021978,0.026863
2.690885,0.153847,-1.130647,9.945449,-0.007326,0.031747
2.691266,0.168499,-1.125763,9.945449,-0.007326,0.031747
2.692029,0.153847,-1.120879,9.945449,-0.021978,0.031747
2.692792,0.183149,-1.120879,9.945449,-0.007326,0.031747
2.693174,0.168499,-1.120879,9.945449,-0.007326,0.031747
2.693937,0.139194,-1.111111,9.945449,-0.021978,0.031747
2.693937,0.095238,-1.111111,9.945449,-0.007326,0.031747
2.694318,0.095238,-1.120879,9.945449,-0.021978,0.031747
2.694700,0.080585,-1.135531,9.945449,-0.007326,0.031747
2.694700,0.051283,-1.150183,9.945449,-0.021978,0.031747
2.694700,0.036631,-1.159951,9.945449,0.007328,0.026863
2.694700,0.021978,-1.169719,9.945449,-0.007326,0.021978
2.694700,0.007326,-1.174603,9.945449,-0.007326,0.021978
2.694700,0.007326,-1.174603,9.945449,-0.021978,0.021978
2.694700,0.021978,-1.164835,9.945449,-0.007326,0.021978
2.694700,0.007326,-1.150183,9.945449,-0.021978,0.021978
2.694700,0.007326,-1.130647,9.945449,-0.007326,0.021978
2.694700,-0.007328,-1.106227,9.945449,0.007328,0.026863
2.694700,0.007326,-1.081807,9.945449,-0.007326,0.031747
2.694700,-0.007328,-1.047619,9.945449,-0.007326,0.031747
2.694318,-0.021980,-1.013431,9.945067,0.007328,0.031747
2.694318,-0.007328,-0.974359,9.945449,-0.007326,0.036631
2.694318,-0.021980,-0.925519,9.945449,0.007328,0.036631
2.693937,-0.051285,-0.876678,9.945449,-0.007326,0.036631
2.693937,-0.051285,-0.827839,9.945449,-0.007326,0.036631
2.693555,-0.051285,-0.778998,9.945449,-0.007326,0.036631
2.693174,-0.080587,-0.720390,9.945449,-0.021978,0.036631
2.692411,-0.124544,-0.671551,9.945449,-0.021978,0.031747
2.691648,-0.153849,-0.627595,9.945449,-0.007326,0.031747
2.690503,-0.227108,-0.583638,9.945449,-0.021978,0.031747
2.689359,-0.241760,-0.534799,9.945449,-0.007326,0.031747
2.688215,-0.256413,-0.490843,9.945449,-0.007326,0.031747
2.686307,-0.402931,-0.461538,9.945449,-0.007326,0.031747
2.683637,-0.520149,-0.412699,9.945449,0.007328,0.031747
2.681730,-0.534800,-0.373627,9.945449,0.007328,0.036631
2.679822,-0.490845,-0.354091,9.945449,-0.021978,0.036631
2.676389,-0.710625,-0.324786,9.945449,-0.007326,0.036631
2.672193,-0.886448,-0.305250,9.945449,-0.007326,0.041514
2.668378,-0.901100,-0.280830,9.945449,-0.021978,0.041514
2.664945,-0.857145,-0.256411,9.945449,0.007328,0.046398
2.661129,-0.915752,-0.222222,9.945449,-0.007326,0.041514
2.655789,-1.164837,-0.251526,9.945449,-0.021978,0.046398
2.650448,-1.252748,-0.271062,9.945449,-0.007326,0.046398
2.645489,-1.267401,-0.246642,9.945449,-0.007326,0.046398
2.640148,-1.252748,-0.236875,9.945449,-0.007326,0.046398
2.634426,-1.355312,-0.222222,9.945449,-0.021978,0.041514
2.627941,-1.545790,-0.217339,9.945449,-0.021978,0.036631
2.620693,-1.677658,-0.207570,9.945449,0.007328,0.036631
2.613826,-1.677658,-0.188034,9.945449,-0.021978,0.031747
2.606960,-1.677658,-0.173382,9.945449,-0.007326,0.026863
2.599330,-1.838829,-0.163614,9.945449,-0.007326,0.026863
2.590175,-2.073261,-0.178267,9.945449,-0.007326,0.021978
2.581401,-2.161175,-0.183150,9.945067,-0.021978,0.017095
2.572627,-2.146523,-0.188034,9.945449,-0.007326,0.017095
2.563472,-2.205132,-0.197803,9.945067,0.007328,0.017095
2.553554,-2.380955,-0.207570,9.945449,-0.007326,0.012211
2.542873,-2.556778,-0.241758,9.945449,-0.021978,0.012211
2.531810,-2.630039,-0.246642,9.945449,-0.007326,0.012211
2.521510,-2.630039,-0.251526,9.945449,-0.007326,0.012211
2.510447,-2.673996,-0.266178,9.945449,-0.007326,0.012211
2.499384,-2.791210,-0.305250,9.945449,-0.007326,0.012211
2.487177,-2.908428,-0.334555,9.945449,-0.007326,0.012211
2.475733,-2.908428,-0.363858,9.945067,-0.021978,0.017095
2.463907,-2.908428,-0.354091,9.945449,-0.007326,0.017095
2.451699,-2.996338,-0.349206,9.945067,-0.007326,0.017095
2.439111,-3.054947,-0.344322,9.945067,-0.007326,0.017095
2.426522,-3.113556,-0.329670,9.945449,0.007328,0.021978
2.413933,-3.142860,-0.329670,9.945449,0.007328,0.021978
2.401345,-3.142860,-0.339438,9.945449,-0.007326,0.021978
2.387993,-3.216118,-0.339438,9.945067,-0.007326,0.026863
2.375023,-3.260075,-0.363858,9.945067,-0.007326,0.026863
2.361671,-3.289379,-0.388278,9.945449,-0.007326,0.026863
2.348319,-3.318684,-0.412699,9.945449,-0.007326,0.026863
2.334968,-3.318684,-0.417583,9.945067,-0.007326,0.026863
2.321616,-3.304031,-0.427350,9.945449,-0.007326,0.026863
2.308265,-3.318684,-0.446886,9.945449,0.007328,0.026863
2.294151,-3.362640,-0.451771,9.945449,-0.021978,0.026863
2.280799,-3.362640,-0.466422,9.945449,-0.007326,0.026863
2.267828,-3.318684,-0.456655,9.945449,-0.007326,0.026863
2.254477,-3.318684,-0.451771,9.945449,-0.007326,0.026863
2.241125,-3.391945,-0.456655,9.945449,-0.007326,0.026863
2.227392,-3.391945,-0.476191,9.945449,-0.007326,0.026863
2.214422,-3.304031,-0.495727,9.945067,0.007328,0.026863
2.201452,-3.230770,-0.490843,9.945449,-0.021978,0.031747
2.188100,-3.289379,-0.505494,9.945449,0.007328,0.031747
2.175129,-3.289379,-0.520146,9.945449,-0.021978,0.026863
2.162159,-3.230770,-0.549451,9.945449,-0.007326,0.026863
2.149952,-3.098904,-0.554335,9.945449,-0.007326,0.031747
2.137745,-3.084251,-0.564102,9.945449,-0.021978,0.026863
2.125157,-3.113556,-0.593407,9.945449,-0.007326,0.026863
2.113331,-3.054947,-0.622710,9.945449,-0.007326,0.026863
2.102268,-2.893776,-0.656898,9.945449,-0.007326,0.026863
2.091587,-2.776558,-0.671551,9.945449,-0.007326,0.026863
2.080525,-2.747253,-0.681318,9.945449,-0.007326,0.026863
2.069461,-2.703297,-0.700854,9.945449,-0.007326,0.026863
2.059924,-2.586082,-0.715507,9.945449,-0.007326,0.026863
2.050769,-2.366302,-0.735043,9.945449,-0.007326,0.026863
2.041995,-2.263737,-0.735043,9.945449,-0.021978,0.026863
2.033221,-2.219780,-0.705739,9.945449,-0.007326,0.031747
2.025210,-2.131870,-0.695971,9.945449,0.007328,0.031747
2.017580,-2.000000,-0.705739,9.945449,-0.007326,0.036631
2.010332,-1.868134,-0.700854,9.945449,-0.021978,0.036631
2.003847,-1.721613,-0.691087,9.945449,-0.007326,0.036631
1.997362,-1.663006,-0.676435,9.945067,-0.021978,0.036631
1.990877,-1.619049,-0.676435,9.945449,-0.007326,0.036631
1.985155,-1.501833,-0.661782,9.945449,-0.007326,0.036631
1.980195,-1.326010,-0.637362,9.945449,-0.007326,0.036631
1.975618,-1.238096,-0.647131,9.945449,-0.007326,0.036631
1.970277,-1.252748,-0.627595,9.945449,-0.007326,0.036631
1.965699,-1.223446,-0.632479,9.945449,-0.007326,0.031747
1.961885,-1.076925,-0.642246,9.945449,-0.007326,0.031747
1.958070,-0.959709,-0.622710,9.945067,-0.007326,0.031747
1.954637,-0.915752,-0.612943,9.945449,0.007328,0.036631
1.951204,-0.857145,-0.598290,9.945449,0.007328,0.036631
1.947389,-0.901100,-0.598290,9.945449,-0.007326,0.036631
1.944719,-0.754581,-0.593407,9.945449,0.007328,0.036631
1.942430,-0.666668,-0.583638,9.945449,0.007328,0.041514
1.939759,-0.652016,-0.583638,9.945449,-0.007326,0.041514
1.937471,-0.593409,-0.564102,9.945449,-0.007326,0.041514
1.935182,-0.593409,-0.549451,9.945449,-0.021978,0.041514
1.932893,-0.593409,-0.559218,9.945449,0.007328,0.041514
1.931748,-0.417583,-0.534799,9.945449,0.007328,0.041514
1.930222,-0.358976,-0.525030,9.945449,-0.021978,0.036631
1.928314,-0.432236,-0.495727,9.945449,-0.021978,0.036631
1.926407,-0.446888,-0.505494,9.945449,-0.007326,0.036631
1.925263,-0.373629,-0.505494,9.945449,-0.007326,0.036631
1.924500,-0.227108,-0.500610,9.945449,0.007328,0.036631
1.923737,-0.241760,-0.485958,9.945449,-0.007326,0.036631
1.921829,-0.344324,-0.471307,9.945449,-0.021978,0.036631
1.920685,-0.300367,-0.466422,9.945449,-0.007326,0.036631
1.920304,-0.227108,-0.485958,9.945449,-0.021978,0.036631
1.918778,-0.271065,-0.505494,9.945449,0.007328,0.036631
1.917633,-0.256413,-0.515263,9.945449,0.007328,0.036631
1.916870,-0.241760,-0.515263,9.945449,-0.007326,0.036631
1.915726,-0.241760,-0.529915,9.945449,-0.007326,0.036631
1.914582,-0.300367,-0.525030,9.945449,-0.007326,0.031747
1.913819,-0.212456,-0.520146,9.945449,-0.021978,0.031747
1.913437,-0.124544,-0.520146,9.945449,-0.007326,0.031747
1.912674,-0.153849,-0.520146,9.945067,-0.021978,0.031747
1.911530,-0.241760,-0.525030,9.945449,-0.007326,0.031747
1.911148,-0.168499,-0.529915,9.945449,-0.007326,0.026863
1.910767,-0.095240,-0.534799,9.945449,-0.007326,0.026863
1.910767,-0.080587,-0.525030,9.945067,-0.021978,0.031747
1.910004,-0.109892,-0.520146,9.945067,-0.007326,0.031747
1.909622,-0.080587,-0.520146,9.945449,-0.007326,0.031747
1.909622,-0.051285,-0.529915,9.945449,-0.007326,0.031747
1.909622,-0.021980,-0.534799,9.945449,0.007328,0.031747
1.909622,0.021978,-0.534799,9.945449,-0.007326,0.036631
1.909622,0.021978,-0.544566,9.945449,-0.007326,0.036631
1.910004,0.021978,-0.554335,9.945449,-0.007326,0.036631
1.910385,0.051283,-0.568987,9.945449,-0.007326,0.036631
1.910385,0.065933,-0.588523,9.945449,-0.007326,0.036631
1.910767,0.065933,-0.617826,9.945449,0.007328,0.031747
1.911148,0.080585,-0.647131,9.945449,-0.021978,0.031747
1.911148,0.080585,-0.681318,9.945449,-0.007326,0.031747
1.911530,0.095238,-0.715507,9.945449,-0.021978,0.031747
1.912293,0.124542,-0.759462,9.945067,-0.021978,0.031747
1.913056,0.183149,-0.793651,9.945449,0.007328,0.031747
1.914200,0.227106,-0.813187,9.945449,-0.021978,0.036631
1.915726,0.300365,-0.842491,9.945449,-0.007326,0.036631
1.916870,0.285715,-0.871795,9.945449,-0.007326,0.041514
1.918396,0.388279,-0.891331,9.945449,-0.007326,0.041514
1.920685,0.490843,-0.905983,9.945449,0.007328,0.041514
1.923355,0.593407,-0.901099,9.945449,-0.007326,0.041514
1.926407,0.695971,-0.905983,9.945449,-0.007326,0.041514
1.929077,0.710623,-0.901099,9.945449,-0.007326,0.041514
1.932512,0.769230,-0.891331,9.945449,0.007328,0.041514
1.936708,0.915751,-0.901099,9.945449,-0.007326,0.041514
1.940522,0.989012,-0.905983,9.945449,-0.007326,0.041514
1.945100,1.032967,-0.901099,9.945449,-0.021978,0.041514
1.949678,1.106228,-0.891331,9.945449,-0.007326,0.041514
1.955018,1.238094,-0.896214,9.945449,-0.007326,0.041514
1.960359,1.340660,-0.886447,9.945449,-0.007326,0.041514
1.965699,1.340660,-0.901099,9.945449,-0.021978,0.041514
1.971803,1.399267,-0.901099,9.945449,-0.021978,0.041514
1.977906,1.531136,-0.910867,9.945449,-0.007326,0.041514
1.985155,1.663004,-0.910867,9.945449,0.021980,0.041514
1.992022,1.692308,-0.915751,9.945449,-0.007326,0.041514
1.998507,1.677656,-0.925519,9.945449,-0.021978,0.041514
2.006136,1.809525,-0.930403,9.945449,0.007328,0.036631
2.014529,1.970695,-0.925519,9.945449,-0.007326,0.036631
2.022921,2.058607,-0.925519,9.945449,-0.007326,0.036631
2.030933,2.043957,-0.925519,9.945449,-0.007326,0.036631
2.039706,2.102564,-0.920635,9.945449,-0.007326,0.036631
2.048862,2.234432,-0.935287,9.945449,-0.007326,0.031747
2.058398,2.307692,-0.945055,9.945449,-0.007326,0.036631
2.068317,2.395605,-0.925519,9.945449,-0.007326,0.036631
2.078235,2.454212,-0.930403,9.945449,0.007328,0.031747
2.088154,2.512821,-0.935287,9.945449,-0.007326,0.036631
2.098835,2.600733,-0.925519,9.945449,0.007328,0.036631
2.109898,2.659340,-0.920635,9.945449,-0.007326,0.031747
2.120579,2.717949,-0.915751,9.945449,-0.021978,0.036631
2.132023,2.776556,-0.910867,9.945449,-0.007326,0.031747
2.143467,2.835165,-0.905983,9.945449,-0.007326,0.031747
2.155293,2.893772,-0.891331,9.945449,-0.007326,0.031747
2.167118,2.937729,-0.886447,9.945449,0.007328,0.036631
2.178945,2.952381,-0.886447,9.945449,0.007328,0.036631
2.190770,2.981686,-0.881563,9.945449,-0.007326,0.036631
2.203359,3.069597,-0.871795,9.945449,-0.007326,0.036631
2.215947,3.128204,-0.866911,9.945449,0.007328,0.031747
2.228155,3.113552,-0.862027,9.945449,-0.007326,0.031747
2.240362,3.084249,-0.852259,9.945449,-0.007326,0.031747
2.253332,3.172161,-0.837606,9.945449,-0.007326,0.031747
2.266302,3.216118,-0.842491,9.945449,-0.007326,0.031747
2.279273,3.216118,-0.827839,9.945449,-0.021978,0.031747
2.291480,3.142857,-0.852259,9.945449,0.007328,0.031747
2.304450,3.172161,-0.842491,9.945449,-0.007326,0.031747
2.317420,3.245420,-0.847375,9.945449,-0.007326,0.031747
2.330772,3.318682,-0.842491,9.945449,-0.021978,0.031747
2.343742,3.260073,-0.862027,9.945449,-0.007326,0.031747
2.356330,3.201466,-0.847375,9.945449,-0.007326,0.031747
2.369682,3.274725,-0.842491,9.945449,0.007328,0.031747
2.383415,3.362637,-0.822955,9.945449,-0.007326,0.026863
2.396767,3.377289,-0.842491,9.945449,-0.021978,0.026863
2.410118,3.289377,-0.832723,9.945449,-0.007326,0.026863
2.422708,3.260073,-0.837606,9.945449,-0.021978,0.021978
2.436441,3.362637,-0.818070,9.945449,0.007328,0.021978
2.450174,3.421246,-0.818070,9.945067,-0.007326,0.021978
2.463144,3.347984,-0.842491,9.945449,-0.021978,0.021978
2.475733,3.216118,-0.822955,9.945449,-0.007326,0.021978
2.489084,3.260073,-0.822955,9.945449,0.007328,0.021978
2.502817,3.377289,-0.818070,9.945067,0.007328,0.021978
2.515787,3.333334,-0.818070,9.945449,-0.007326,0.021978
2.527995,3.157509,-0.822955,9.945449,-0.021978,0.021978
2.540584,3.113552,-0.803419,9.945449,0.007328,0.021978
2.553172,3.172161,-0.798534,9.945449,0.007328,0.021978
2.565761,3.157509,-0.725275,9.945449,-0.007326,0.021978
2.576442,2.908424,-0.666667,9.945067,-0.007326,0.021978
2.586742,2.673992,-0.608059,9.945067,-0.007326,0.021978
2.597041,2.615385,-0.559218,9.945449,0.007328,0.017095
2.606960,2.571428,-0.525030,9.945449,-0.007326,0.021978
2.615733,2.351648,-0.500610,9.945449,-0.007326,0.021978
2.622982,2.029305,-0.500610,9.945449,-0.021978,0.021978
2.629467,1.780220,-0.544566,9.945449,-0.007326,0.017095
2.635952,1.721611,-0.588523,9.945449,0.007328,0.017095
2.641674,1.589743,-0.637362,9.945449,0.007328,0.017095
2.646633,1.355310,-0.686203,9.945067,-0.021978,0.017095
2.650067,1.120878,-0.739926,9.945449,-0.021978,0.012211
2.653881,1.018314,-0.803419,9.945449,0.007328,0.007326
2.657696,1.003662,-0.852259,9.945449,-0.007326,0.007326
2.661511,0.930403,-0.891331,9.945449,-0.007326,0.002442
2.663800,0.769230,-0.915751,9.945067,-0.021978,0.002442
2.666471,0.695971,-0.935287,9.945067,-0.007326,0.002442
2.669523,0.754580,-0.949939,9.945067,-0.021978,0.007326
2.671811,0.652014,-0.969475,9.945067,-0.007326,0.007326
2.674100,0.549450,-0.984127,9.945067,-0.007326,0.012211
2.676389,0.593407,-0.984127,9.945067,-0.007326,0.017095
2.677915,0.476191,-1.008547,9.945067,0.007328,0.021978
2.679059,0.388279,-1.028083,9.945067,-0.007326,0.026863
2.680204,0.344322,-1.057387,9.945449,-0.007326,0.031747
2.681730,0.373627,-1.067155,9.945067,-0.007326,0.031747
2.683255,0.329670,-1.076923,9.945449,-0.007326,0.031747
2.683637,0.241758,-1.101343,9.945449,-0.007326,0.031747
2.684018,0.153847,-1.120879,9.945449,-0.021978,0.031747
2.684781,0.168499,-1.140415,9.945449,-0.021978,0.031747
2.685926,0.241758,-1.155067,9.945449,0.007328,0.026863
2.686689,0.212454,-1.164835,9.945067,-0.007326,0.021978
2.687070,0.124542,-1.164835,9.945067,-0.021978,0.017095
2.687452,0.095238,-1.164835,9.945067,-0.007326,0.017095
2.688215,0.183149,-1.169719,9.945449,0.007328,0.017095
2.688977,0.212454,-1.150183,9.945067,-0.007326,0.017095
2.690122,0.227106,-1.125763,9.945067,-0.021978,0.017095
2.690503,0.183149,-1.111111,9.945067,-0.007326,0.021978
2.691266,0.139194,-1.106227,9.945449,-0.007326,0.021978
2.691648,0.139194,-1.106227,9.945067,0.007328,0.026863
2.692411,0.168499,-1.101343,9.945449,-0.007326,0.026863
2.693174,0.183149,-1.106227,9.945449,-0.007326,0.031747
2.693555,0.153847,-1.101343,9.945449,-0.007326,0.031747
2.693555,0.095238,-1.101343,9.945449,-0.021978,0.026863
2.693937,0.080585,-1.111111,9.945449,-0.021978,0.026863
2.694318,0.080585,-1.125763,9.945449,-0.007326,0.021978
2.694318,0.051283,-1.140415,9.945449,-0.007326,0.021978
2.694318,0.021978,-1.155067,9.945449,-0.007326,0.021978
2.694318,0.021978,-1.169719,9.945449,-0.021978,0.017095
2.694318,0.007326,-1.179487,9.945067,-0.007326,0.017095
2.694318,0.021978,-1.189255,9.945067,-0.007326,0.012211
2.694318,0.007326,-1.194139,9.945067,0.007328,0.012211
2.694700,0.007326,-1.199023,9.945067,-0.007326,0.017095
2.694700,0.021978,-1.194139,9.945449,-0.007326,0.017095
2.694700,0.021978,-1.189255,9.945067,-0.007326,0.021978
2.694700,0.007326,-1.174603,9.945449,0.007328,0.021978
2.694700,0.007326,-1.159951,9.945449,0.007328,0.026863
2.694700,0.007326,-1.145299,9.945449,-0.007326,0.031747
2.694700,0.007326,-1.125763,9.945449,-0.021978,0.026863
2.694700,0.007326,-1.101343,9.945449,-0.007326,0.026863
2.694700,0.007326,-1.072039,9.945449,-0.007326,0.026863
2.694700,-0.007328,-1.037851,9.945449,-0.007326,0.026863
2.694318,-0.007328,-1.003663,9.945067,-0.007326,0.021978
2.694318,-0.007328,-0.964591,9.945449,-0.007326,0.021978
2.694318,-0.036633,-0.920635,9.945449,-0.007326,0.017095
2.693937,-0.036633,-0.876678,9.945067,-0.007326,0.017095
2.693937,-0.051285,-0.822955,9.945067,-0.007326,0.017095
2.693555,-0.065935,-0.769231,9.945067,-0.007326,0.012211
2.692792,-0.095240,-0.720390,9.945067,-0.021978,0.017095
2.692411,-0.124544,-0.676435,9.945067,-0.007326,0.017095
2.691648,-0.168499,-0.632479,9.945067,-0.007326,0.021978
2.690122,-0.256413,-0.588523,9.945067,-0.007326,0.026863
2.689359,-0.241760,-0.539682,9.945067,-0.021978,0.026863
2.688215,-0.256413,-0.500610,9.945067,-0.007326,0.031747
2.685926,-0.417583,-0.466422,9.945449,-0.007326,0.036631
2.683637,-0.505497,-0.422466,9.945449,-0.007326,0.036631
2.681348,-0.520149,-0.383394,9.945067,-0.007326,0.041514
2.679441,-0.505497,-0.363858,9.945449,-0.007326,0.041514
2.676008,-0.710625,-0.329670,9.945449,-0.007326,0.041514
2.671811,-0.886448,-0.305250,9.945449,-0.007326,0.036631
2.668378,-0.871796,-0.275947,9.945449,0.007328,0.036631
2.664945,-0.857145,-0.251526,9.945449,-0.007326,0.036631
2.661129,-0.930405,-0.212454,9.945449,-0.007326,0.036631
2.655789,-1.164837,-0.192918,9.945449,-0.007326,0.031747
2.649685,-1.355312,-0.188034,9.945067,-0.007326,0.031747
2.644345,-1.355312,-0.168498,9.945449,0.007328,0.031747
2.639004,-1.326010,-0.163614,9.945449,-0.007326,0.026863
2.632900,-1.384617,-0.192918,9.945449,-0.021978,0.026863
2.626034,-1.619049,-0.222222,9.945067,-0.021978,0.026863
2.618786,-1.765570,-0.236875,9.945449,-0.007326,0.026863
2.611537,-1.780222,-0.222222,9.945449,-0.007326,0.026863
2.604671,-1.750917,-0.222222,9.945449,-0.007326,0.021978
2.596660,-1.868134,-0.227106,9.945067,-0.007326,0.021978
2.587886,-2.087914,-0.222222,9.945067,-0.007326,0.017095
2.578731,-2.190479,-0.212454,9.945449,0.007328,0.012211
2.569957,-2.190479,-0.217339,9.945449,-0.007326,0.002442
2.560802,-2.219780,-0.231990,9.945067,-0.021978,0.002442
2.551265,-2.322346,-0.246642,9.945067,-0.007326,-0.002442
2.540584,-2.512821,-0.251526,9.945067,0.007328,-0.002442
2.529903,-2.615387,-0.271062,9.945067,0.007328,-0.002442
2.519603,-2.615387,-0.271062,9.945067,-0.007326,-0.002442
2.508921,-2.615387,-0.290598,9.945067,-0.007326,0.002442
2.497858,-2.703297,-0.315019,9.945067,-0.021978,0.002442
2.486033,-2.864471,-0.324786,9.945067,0.007328,0.007326
2.474207,-2.908428,-0.354091,9.945449,-0.007326,0.007326
2.462762,-2.879124,-0.363858,9.945067,-0.007326,0.007326
2.450555,-2.908428,-0.373627,9.945067,-0.007326,0.012211
2.438730,-2.967033,-0.388278,9.945067,-0.007326,0.012211
2.426522,-3.040295,-0.363858,9.945067,-0.021978,0.017095
2.414315,-3.084251,-0.354091,9.945449,0.007328,0.012211
2.401726,-3.098904,-0.344322,9.945067,-0.007326,0.017095
2.389138,-3.113556,-0.319902,9.945067,-0.021978,0.017095
2.376549,-3.157509,-0.315019,9.945449,-0.007326,0.017095
2.363197,-3.245422,-0.319902,9.945067,-0.007326,0.017095
2.349845,-3.304031,-0.349206,9.945067,-0.007326,0.017095
2.336494,-3.274727,-0.354091,9.945067,-0.007326,0.017095
2.323524,-3.304031,-0.383394,9.945067,-0.021978,0.017095
2.309791,-3.362640,-0.402930,9.945067,-0.007326,0.017095
2.295676,-3.435898,-0.427350,9.945449,0.007328,0.017095
2.281944,-3.406593,-0.456655,9.945067,0.007328,0.021978
2.268973,-3.347988,-0.451771,9.945449,-0.021978,0.021978
2.255240,-3.347988,-0.461538,9.945449,-0.021978,0.021978
2.241125,-3.450550,-0.471307,9.945067,0.007328,0.021978
2.227392,-3.465202,-0.466422,9.945067,0.007328,0.021978
2.214040,-3.406593,-0.485958,9.945067,-0.007326,0.021978
2.200689,-3.304031,-0.485958,9.945067,-0.007326,0.021978
2.186956,-3.362640,-0.476191,9.945067,-0.007326,0.021978
2.173222,-3.421246,-0.476191,9.945067,-0.007326,0.021978
2.159870,-3.391945,-0.451771,9.945449,0.021980,0.021978
2.146900,-3.289379,-0.461538,9.945067,-0.007326,0.021978
2.133549,-3.289379,-0.446886,9.945067,-0.007326,0.021978
2.119816,-3.377293,-0.446886,9.945067,-0.021978,0.021978
2.106465,-3.377293,-0.471307,9.945449,-0.007326,0.017095
2.093495,-3.289379,-0.510379,9.945449,0.007328,0.017095
2.080906,-3.172161,-0.593407,9.945067,-0.007326,0.017095
2.068698,-3.084251,-0.681318,9.945067,-0.007326,0.017095
2.056491,-3.054947,-0.769231,9.945067,-0.007326,0.017095
2.045429,-2.893776,-0.842491,9.945449,-0.007326,0.017095
2.035129,-2.703297,-0.891331,9.945449,0.007328,0.017095
2.025973,-2.483517,-0.920635,9.945067,-0.021978,0.017095
2.017199,-2.293041,-0.915751,9.945067,-0.007326,0.017095
2.008806,-2.175827,-0.905983,9.945067,-0.007326,0.021978
2.001559,-1.970697,-0.876678,9.945067,-0.007326,0.021978
1.995074,-1.736265,-0.837606,9.945449,0.007328,0.026863
1.988970,-1.619049,-0.798534,9.945067,-0.021978,0.031747
1.983248,-1.487181,-0.759462,9.945067,-0.007326,0.031747
1.978288,-1.355312,-0.710623,9.945449,0.007328,0.031747
1.973710,-1.252748,-0.676435,9.945449,0.007328,0.036631
1.969133,-1.179489,-0.661782,9.945449,0.007328,0.041514
1.964936,-1.091578,-0.632479,9.945449,-0.007326,0.041514
1.961122,-1.018316,-0.632479,9.945449,0.007328,0.036631
1.957689,-0.945057,-0.603174,9.945449,-0.021978,0.036631
1.954255,-0.871796,-0.593407,9.945449,0.007328,0.031747
1.951204,-0.813189,-0.573871,9.945067,-0.021978,0.026863
1.947770,-0.798536,-0.568987,9.945067,-0.021978,0.021978
1.945482,-0.710625,-0.559218,9.945067,-0.007326,0.021978
1.942811,-0.681320,-0.549451,9.945449,-0.021978,0.021978
1.940141,-0.681320,-0.554335,9.945067,-0.021978,0.021978
1.937852,-0.578756,-0.539682,9.945067,-0.021978,0.021978
1.935945,-0.564104,-0.529915,9.945067,0.007328,0.026863
1.933275,-0.593409,-0.539682,9.945067,-0.007326,0.026863
1.931748,-0.490845,-0.529915,9.945067,0.007328,0.031747
1.930222,-0.388281,-0.520146,9.945449,-0.021978,0.036631
1.928696,-0.432236,-0.500610,9.945449,-0.007326,0.036631
1.926789,-0.432236,-0.510379,9.945067,0.007328,0.036631
1.925263,-0.402931,-0.510379,9.945449,-0.021978,0.036631
1.924500,-0.271065,-0.500610,9.945449,0.007328,0.036631
1.923737,-0.256413,-0.490843,9.945449,-0.007326,0.031747
1.921829,-0.329672,-0.481074,9.945067,-0.021978,0.031747
1.920685,-0.300367,-0.471307,9.945449,0.007328,0.021978
1.919922,-0.227108,-0.490843,9.945449,-0.007326,0.021978
1.918778,-0.300367,-0.510379,9.945449,-0.021978,0.021978
1.917633,-0.271065,-0.515263,9.945067,-0.007326,0.026863
1.916870,-0.227108,-0.525030,9.945067,0.007328,0.026863
1.915726,-0.241760,-0.539682,9.945067,-0.007326,0.026863
1.914200,-0.315020,-0.534799,9.945067,-0.007326,0.031747
1.913819,-0.197803,-0.529915,9.945067,-0.007326,0.031747
1.913437,-0.109892,-0.534799,9.945449,0.007328,0.031747
1.912293,-0.197803,-0.529915,9.945449,-0.007326,0.031747
1.911148,-0.241760,-0.534799,9.945449,-0.021978,0.031747
1.910767,-0.139196,-0.534799,9.945449,-0.021978,0.031747
1.910767,-0.051285,-0.529915,9.945067,-0.021978,0.026863
1.910385,-0.080587,-0.515263,9.945067,0.007328,0.026863
1.909622,-0.124544,-0.495727,9.945067,-0.021978,0.021978
1.909622,-0.109892,-0.485958,9.945067,-0.007326,0.017095
1.909241,-0.065935,-0.490843,9.945067,-0.007326,0.017095
1.908859,-0.080587,-0.485958,9.945067,-0.007326,0.021978
1.908478,-0.051285,-0.485958,9.945067,-0.007326,0.021978
1.908097,-0.109892,-0.485958,9.945067,0.007328,0.021978
1.907715,-0.095240,-0.495727,9.945449,0.007328,0.026863
1.907334,-0.080587,-0.500610,9.945449,-0.021978,0.031747
1.906952,-0.065935,-0.500610,9.945449,-0.007326,0.031747
1.906952,-0.065935,-0.500610,9.945449,-0.007326,0.031747
1.906571,-0.051285,-0.495727,9.945449,-0.007326,0.031747
1.906571,-0.007328,-0.500610,9.945449,-0.007326,0.031747
1.906952,0.021978,-0.505494,9.945449,-0.007326,0.026863
1.906952,0.036631,-0.510379,9.945067,-0.007326,0.026863
1.906952,0.036631,-0.520146,9.945067,-0.021978,0.021978
1.907334,0.036631,-0.539682,9.945067,-0.007326,0.017095
1.907334,0.051283,-0.568987,9.945067,-0.007326,0.021978
1.907715,0.036631,-0.598290,9.945449,-0.007326,0.021978
1.907715,0.036631,-0.637362,9.945449,-0.007326,0.026863
1.908097,0.065933,-0.676435,9.945067,0.007328,0.026863
1.908097,0.065933,-0.720390,9.945067,-0.021978,0.031747
1.908478,0.095238,-0.759462,9.945449,-0.007326,0.031747
1.909241,0.124542,-0.798534,9.945449,0.007328,0.036631
1.910004,0.197802,-0.827839,9.945449,-0.007326,0.036631
1.911530,0.315018,-0.852259,9.945067,-0.007326,0.036631
1.912674,0.285715,-0.876678,9.945449,0.007328,0.031747
1.914200,0.373627,-0.891331,9.945449,0.007328,0.031747
1.916870,0.534798,-0.910867,9.945449,-0.007326,0.026863
1.919541,0.608059,-0.925519,9.945067,-0.007326,0.026863
1.922211,0.608059,-0.930403,9.945067,-0.007326,0.026863
1.925644,0.783882,-0.925519,9.945067,-0.007326,0.031747
1.929459,0.886446,-0.930403,9.945067,0.007328,0.031747
1.933656,0.945055,-0.930403,9.945067,0.007328,0.031747
1.937852,1.018314,-0.940171,9.945067,-0.021978,0.036631
1.942430,1.150183,-0.940171,9.945067,0.007328,0.036631
1.947770,1.208792,-0.949939,9.945067,0.007328,0.036631
1.953874,1.384615,-0.945055,9.945449,0.007328,0.036631
1.959977,1.457876,-0.940171,9.945449,-0.007326,0.036631
1.966081,1.501831,-0.940171,9.945067,-0.007326,0.036631
1.972184,1.560440,-0.949939,9.945449,-0.007326,0.031747
1.979814,1.706959,-0.949939,9.945067,-0.007326,0.031747
1.987826,1.868132,-0.945055,9.945449,0.007328,0.031747
1.995074,1.897436,-0.940171,9.945067,0.007328,0.026863
2.002703,1.912088,-0.945055,9.945449,-0.007326,0.026863
2.011477,2.043957,-0.935287,9.945067,-0.021978,0.026863
2.020632,2.205128,-0.940171,9.945067,-0.007326,0.026863
2.029787,2.293039,-0.935287,9.945067,-0.007326,0.026863
2.038944,2.278389,-0.920635,9.945067,-0.007326,0.026863
2.048862,2.351648,-0.920635,9.945067,-0.021978,0.026863
2.058780,2.424908,-0.935287,9.945449,0.007328,0.031747
2.069461,2.571428,-0.925519,9.945449,0.007328,0.031747
2.080143,2.644688,-0.915751,9.945067,-0.021978,0.031747
2.090824,2.673992,-0.901099,9.945067,-0.021978,0.031747
2.101506,2.703297,-0.901099,9.945449,-0.007326,0.031747
2.112950,2.761904,-0.901099,9.945449,-0.007326,0.026863
2.124775,2.864470,-0.901099,9.945449,-0.007326,0.026863
2.136219,2.923077,-0.886447,9.945067,-0.021978,0.026863
2.148045,2.923077,-0.876678,9.945067,-0.007326,0.021978
2.159870,2.952381,-0.866911,9.945067,-0.007326,0.021978
2.172077,2.981686,-0.881563,9.945067,-0.007326,0.026863
2.184285,3.069597,-0.896214,9.945449,-0.007326,0.021978
2.197255,3.128204,-0.881563,9.945067,-0.007326,0.026863
2.209462,3.113552,-0.876678,9.945449,-0.007326,0.026863
2.221669,3.113552,-0.852259,9.945067,-0.021978,0.026863
2.234640,3.142857,-0.847375,9.945449,-0.007326,0.026863
2.247610,3.230768,-0.852259,9.945067,0.007328,0.026863
2.260580,3.260073,-0.832723,9.945067,-0.021978,0.026863
2.273169,3.216118,-0.822955,9.945067,-0.007326,0.026863
2.285758,3.172161,-0.827839,9.945067,-0.007326,0.021978
2.298728,3.186813,-0.847375,9.945067,-0.007326,0.021978
2.312461,3.304029,-0.866911,9.945067,-0.007326,0.021978
2.325813,3.347984,-0.862027,9.945067,0.007328,0.021978
2.338783,3.289377,-0.842491,9.945449,-0.007326,0.017095
2.351371,3.216118,-0.842491,9.945067,-0.007326,0.017095
2.364722,3.318682,-0.832723,9.945067,-0.007326,0.017095
2.378838,3.435898,-0.842491,9.945449,0.007328,0.017095
2.392571,3.479853,-0.832723,9.945067,-0.021978,0.017095
2.405159,3.289377,-0.818070,9.945067,-0.007326,0.017095
2.418129,3.230768,-0.808303,9.945067,-0.021978,0.012211
2.431863,3.362637,-0.808303,9.945067,-0.007326,0.017095
2.446359,3.494505,-0.832723,9.945067,-0.007326,0.017095
2.459710,3.406593,-0.842491,9.945067,-0.007326,0.017095
2.471918,3.186813,-0.832723,9.945067,-0.007326,0.017095
2.484507,3.216118,-0.832723,9.945067,-0.021978,0.017095
2.498621,3.391941,-0.852259,9.945067,-0.007326,0.012211
2.513117,3.479853,-0.876678,9.945067,-0.007326,0.012211
2.525325,3.289377,-0.881563,9.945067,-0.007326,0.012211
2.537532,3.157509,-0.866911,9.945067,-0.007326,0.012211
2.550502,3.172161,-0.813187,9.945067,-0.007326,0.007326
2.563472,3.245420,-0.735043,9.945067,-0.021978,0.012211
2.575298,3.084249,-0.681318,9.945067,-0.021978,0.007326
2.585979,2.820513,-0.593407,9.945067,-0.021978,0.012211
2.595897,2.659340,-0.534799,9.945067,0.007328,0.012211
2.605815,2.542124,-0.485958,9.945067,0.007328,0.012211
2.614970,2.424908,-0.476191,9.945067,-0.007326,0.012211
2.622982,2.175823,-0.495727,9.945067,-0.007326,0.012211
2.629849,1.868132,-0.520146,9.945067,-0.021978,0.012211
2.635571,1.663004,-0.564102,9.945067,0.007328,0.012211
2.641674,1.575092,-0.598290,9.945067,-0.007326,0.012211
2.647015,1.428572,-0.656898,9.945067,-0.007326,0.007326
2.651211,1.208792,-0.730159,9.945067,-0.021978,-0.002442
2.654644,1.018314,-0.788767,9.945067,-0.021978,-0.007326
2.658077,0.930403,-0.832723,9.945067,0.007328,-0.007326
2.661511,0.930403,-0.871795,9.945067,0.007328,-0.012210
2.664562,0.842491,-0.905983,9.945067,-0.021978,-0.012210
2.667234,0.754580,-0.925519,9.945067,-0.007326,-0.007326
2.669904,0.681318,-0.949939,9.945067,-0.007326,-0.007326
2.671811,0.593407,-0.969475,9.945067,-0.007326,-0.002442
2.674100,0.593407,-0.979243,9.945067,0.007328,0.007326
2.676770,0.622711,-0.993895,9.945067,-0.007326,0.012211
2.677915,0.402931,-1.023199,9.945067,-0.007326,0.017095
2.678678,0.329670,-1.042735,9.945067,-0.007326,0.017095
2.680204,0.329670,-1.072039,9.945067,-0.007326,0.026863
2.681730,0.373627,-1.096459,9.945067,0.007328,0.026863
2.682874,0.315018,-1.091575,9.945449,-0.007326,0.031747
2.683637,0.241758,-1.111111,9.945067,-0.007326,0.031747
2.684018,0.168499,-1.130647,9.945067,-0.007326,0.026863
2.684781,0.183149,-1.145299,9.945067,-0.007326,0.026863
2.685926,0.241758,-1.155067,9.945067,-0.021978,0.021978
2.686689,0.227106,-1.155067,9.945067,-0.021978,0.017095
2.687070,0.139194,-1.159951,9.945067,-0.007326,0.007326
2.687452,0.109890,-1.159951,9.945067,0.007328,0.007326
2.688215,0.183149,-1.159951,9.945067,-0.007326,0.007326
2.689359,0.227106,-1.140415,9.945067,-0.007326,0.007326
2.690122,0.227106,-1.111111,9.945067,-0.007326,0.012211
2.690885,0.183149,-1.101343,9.945067,-0.021978,0.012211
2.691266,0.153847,-1.096459,9.945067,-0.007326,0.012211
2.691648,0.153847,-1.096459,9.945067,0.007328,0.017095
2.692411,0.168499,-1.096459,9.945067,0.007328,0.021978
2.692792,0.153847,-1.096459,9.945067,0.007328,0.026863
2.693174,0.124542,-1.096459,9.945067,-0.007326,0.021978
2.693555,0.109890,-1.101343,9.945067,0.007328,0.021978
2.693937,0.095238,-1.106227,9.945067,-0.007326,0.021978
2.694318,0.065933,-1.115995,9.945067,0.007328,0.021978
2.694318,0.051283,-1.135531,9.945067,-0.007326,0.017095
2.694318,0.021978,-1.150183,9.945067,-0.007326,0.012211
2.694318,-0.007328,-1.164835,9.945067,-0.007326,0.007326
2.694318,0.007326,-1.179487,9.945449,0.007328,0.007326
2.694318,0.021978,-1.189255,9.945067,-0.007326,0.002442
2.694318,0.007326,-1.189255,9.945067,-0.007326,0.002442
2.694318,0.021978,-1.194139,9.945067,-0.021978,0.007326
2.694700,0.036631,-1.194139,9.945067,-0.007326,0.007326
2.694318,0.021978,-1.194139,9.945067,-0.007326,0.007326
2.694700,0.036631,-1.189255,9.945067,-0.007326,0.012211
2.694700,0.036631,-1.184371,9.945067,-0.007326,0.017095
2.694700,0.036631,-1.179487,9.945067,-0.007326,0.017095
2.695081,0.036631,-1.174603,9.945067,0.007328,0.021978
2.695081,0.021978,-1.169719,9.945067,-0.007326,0.021978
2.695081,0.036631,-1.164835,9.945449,-0.007326,0.021978
2.695081,0.021978,-1.159951,9.945067,-0.007326,0.017095
2.695081,0.036631,-1.159951,9.945067,-0.021978,0.017095
2.695462,0.021978,-1.145299,9.945067,0.007328,0.012211
2.695462,0.007326,-1.140415,9.945067,-0.007326,0.012211
2.695081,0.007326,-1.130647,9.945067,-0.021978,0.007326
2.695081,-0.021980,-1.120879,9.945067,-0.021978,0.007326
2.695081,0.007326,-1.101343,9.945067,-0.007326,0.007326
2.695081,0.021978,-1.086691,9.945067,-0.007326,0.007326
2.695081,-0.007328,-1.057387,9.945067,-0.021978,0.007326
2.695081,-0.007328,-1.028083,9.945067,-0.021978,0.012211
2.695081,-0.021980,-0.993895,9.945067,0.007328,0.017095
2.694700,-0.036633,-0.964591,9.945067,-0.007326,0.021978
2.694700,-0.051285,-0.925519,9.945067,-0.021978,0.021978
2.694318,-0.051285,-0.881563,9.945067,0.007328,0.026863
2.693937,-0.051285,-0.832723,9.945067,-0.007326,0.031747
2.693555,-0.080587,-0.769231,9.945067,-0.007326,0.031747
2.692792,-0.109892,-0.710623,9.945067,-0.007326,0.031747
2.692029,-0.153849,-0.656898,9.945067,-0.021978,0.031747
2.691266,-0.197803,-0.612943,9.945067,-0.007326,0.031747
2.689740,-0.271065,-0.554335,9.945067,0.007328,0.026863
2.688977,-0.227108,-0.490843,9.945067,-0.021978,0.026863
2.687452,-0.315020,-0.446886,9.945449,-0.007326,0.021978
2.684781,-0.505497,-0.383394,9.945067,-0.021978,0.017095
2.682111,-0.593409,-0.339438,9.945067,-0.007326,0.012211
2.680204,-0.549452,-0.305250,9.945067,-0.007326,0.012211
2.677152,-0.681320,-0.275947,9.945067,-0.021978,0.017095
2.672956,-0.901100,-0.241758,9.945067,-0.007326,0.017095
2.668378,-1.003664,-0.212454,9.945067,-0.007326,0.017095
2.664562,-1.003664,-0.192918,9.945067,-0.007326,0.017095
2.659985,-1.047621,-0.173382,9.945067,-0.007326,0.021978
2.654263,-1.252748,-0.207570,9.945067,-0.007326,0.021978
2.648541,-1.399269,-0.236875,9.945067,-0.007326,0.021978
2.642437,-1.443226,-0.227106,9.945067,-0.007326,0.026863
2.636715,-1.443226,-0.207570,9.945067,-0.007326,0.021978
2.630230,-1.531137,-0.207570,9.945067,0.007328,0.021978
2.622982,-1.721613,-0.207570,9.945067,-0.021978,0.017095
2.614970,-1.853481,-0.192918,9.945067,0.007328,0.017095
2.607341,-1.868134,-0.188034,9.945067,0.007328,0.012211
2.599712,-1.882786,-0.192918,9.945067,-0.007326,0.007326
2.590938,-2.073261,-0.192918,9.945067,-0.021978,0.002442
2.581401,-2.234432,-0.202686,9.945067,-0.021978,-0.002442
2.572246,-2.293041,-0.197803,9.945067,-0.007326,-0.007326
2.562709,-2.322346,-0.217339,9.945067,-0.007326,-0.007326
2.552791,-2.395607,-0.236875,9.945067,-0.007326,-0.007326
2.542491,-2.527473,-0.256411,9.945067,-0.021978,-0.007326
2.531047,-2.673996,-0.271062,9.945067,0.007328,-0.002442
2.520366,-2.688644,-0.275947,9.945067,-0.007326,0.002442
2.509684,-2.703297,-0.280830,9.945067,-0.021978,0.002442
2.498621,-2.703297,-0.310134,9.945067,-0.021978,0.007326
2.486414,-2.864471,-0.310134,9.945067,-0.007326,0.007326
2.474589,-2.952381,-0.319902,9.945067,-0.007326,0.007326
2.462381,-2.967033,-0.319902,9.945067,-0.021978,0.007326
2.450555,-2.967033,-0.310134,9.945067,-0.007326,0.007326
2.438730,-3.010990,-0.319902,9.945067,-0.007326,0.007326
2.425760,-3.098904,-0.329670,9.945067,0.007328,0.007326
2.413170,-3.142860,-0.368742,9.945067,-0.007326,0.012211
2.400582,-3.128208,-0.378510,9.945067,-0.007326,0.012211
2.387993,-3.157509,-0.388278,9.945067,-0.007326,0.012211
2.374642,-3.201466,-0.388278,9.945067,-0.021978,0.012211
2.361289,-3.274727,-0.378510,9.945067,-0.021978,0.012211
2.347938,-3.333336,-0.373627,9.945067,0.007328,0.007326
2.334586,-3.304031,-0.373627,9.945067,-0.021978,0.007326
2.321235,-3.318684,-0.378510,9.945067,-0.007326,0.012211
2.307884,-3.347988,-0.412699,9.945067,0.007328,0.012211
2.293769,-3.435898,-0.422466,9.945067,-0.021978,0.017095
2.280036,-3.435898,-0.437119,9.945067,-0.007326,0.017095
2.266684,-3.406593,-0.446886,9.945067,0.007328,0.017095
2.252951,-3.362640,-0.471307,9.945067,0.007328,0.012211
2.238455,-3.450550,-0.471307,9.945067,-0.007326,0.012211
2.224721,-3.465202,-0.485958,9.945067,-0.007326,0.012211
2.211370,-3.406593,-0.490843,9.945067,-0.007326,0.007326
2.198018,-3.362640,-0.481074,9.945067,-0.007326,0.002442
2.184667,-3.347988,-0.505494,9.945067,-0.007326,0.002442
2.171314,-3.347988,-0.510379,9.945067,-0.007326,-0.002442
2.157963,-3.318684,-0.495727,9.945067,-0.007326,-0.002442
2.144993,-3.260075,-0.510379,9.945067,0.007328,-0.002442
2.132023,-3.230770,-0.520146,9.945067,-0.007326,-0.002442
2.119435,-3.230770,-0.534799,9.945067,-0.021978,0.002442
2.106846,-3.172161,-0.564102,9.945067,0.007328,0.002442
2.094639,-3.098904,-0.598290,9.945067,-0.007326,0.007326
2.082432,-3.025642,-0.612943,9.945067,0.007328,0.007326
2.070606,-2.967033,-0.637362,9.945067,-0.007326,0.012211
2.059161,-2.923080,-0.666667,9.945067,-0.007326,0.012211
2.048480,-2.761906,-0.725275,9.945067,-0.021978,0.012211
2.038562,-2.586082,-0.759462,9.945067,-0.007326,0.017095
2.029024,-2.483517,-0.798534,9.945067,-0.007326,0.012211
2.019488,-2.395607,-0.813187,9.945067,-0.036631,0.012211
2.011095,-2.234432,-0.842491,9.945067,-0.021978,0.017095
2.003466,-2.029305,-0.852259,9.945067,-0.007326,0.017095
1.996599,-1.824177,-0.837606,9.945067,-0.007326,0.021978
1.989733,-1.750917,-0.818070,9.945067,-0.007326,0.021978
1.983629,-1.633701,-0.778998,9.945067,0.007328,0.021978
1.978288,-1.457878,-0.744811,9.945067,-0.007326,0.021978
1.973710,-1.282053,-0.720390,9.945067,-0.007326,0.021978
1.968751,-1.238096,-0.705739,9.945067,-0.007326,0.026863
1.964555,-1.179489,-0.661782,9.945067,-0.007326,0.031747
1.960359,-1.076925,-0.647131,9.945449,0.007328,0.031747
1.956926,-0.959709,-0.612943,9.945067,-0.007326,0.031747
1.953874,-0.827841,-0.598290,9.945067,-0.007326,0.031747
1.950822,-0.798536,-0.568987,9.945067,-0.021978,0.031747
1.947007,-0.871796,-0.559218,9.945067,-0.021978,0.026863
1.944337,-0.739929,-0.549451,9.945067,-0.007326,0.026863
1.942048,-0.681320,-0.544566,9.945067,-0.007326,0.021978
1.939378,-0.622713,-0.549451,9.945067,-0.007326,0.021978
1.937089,-0.578756,-0.539682,9.945067,-0.021978,0.021978
1.934419,-0.622713,-0.539682,9.945067,-0.007326,0.017095
1.932129,-0.593409,-0.544566,9.945067,0.007328,0.017095
1.930603,-0.446888,-0.534799,9.945067,-0.007326,0.021978
1.929077,-0.417583,-0.529915,9.945067,-0.021978,0.021978
1.927170,-0.446888,-0.520146,9.945067,-0.007326,0.021978
1.925263,-0.476192,-0.529915,9.945067,-0.007326,0.021978
1.924118,-0.344324,-0.525030,9.945067,0.007328,0.021978
1.923355,-0.256413,-0.515263,9.945449,-0.007326,0.021978
1.922211,-0.300367,-0.500610,9.945067,-0.007326,0.021978
1.920685,-0.329672,-0.481074,9.945067,-0.021978,0.021978
1.919541,-0.285717,-0.500610,9.945449,-0.007326,0.017095
1.918396,-0.300367,-0.520146,9.945067,-0.007326,0.017095
1.917633,-0.256413,-0.520146,9.945067,-0.007326,0.017095
1.916870,-0.197803,-0.520146,9.945067,-0.021978,0.012211
1.915726,-0.241760,-0.525030,9.945067,-0.007326,0.012211
1.914200,-0.344324,-0.515263,9.945067,-0.007326,0.012211
1.913819,-0.212456,-0.515263,9.945067,-0.007326,0.012211
1.913437,-0.109892,-0.520146,9.945067,-0.007326,0.012211
1.912293,-0.168499,-0.520146,9.945067,0.007328,0.012211
1.911530,-0.241760,-0.529915,9.945067,-0.007326,0.012211
1.910767,-0.153849,-0.539682,9.945067,-0.007326,0.012211
1.910767,-0.065935,-0.549451,9.945449,0.007328,0.017095
1.910767,-0.065935,-0.554335,9.945067,-0.021978,0.017095
1.910385,-0.065935,-0.554335,9.945067,-0.007326,0.017095
1.910385,-0.021980,-0.559218,9.945067,-0.007326,0.017095
1.910385,0.007326,-0.573871,9.945067,-0.007326,0.017095
1.910767,0.051283,-0.583638,9.945067,-0.007326,0.021978
1.911148,0.080585,-0.603174,9.945067,-0.007326,0.017095
1.911148,0.065933,-0.622710,9.945449,-0.007326,0.017095
1.911530,0.051283,-0.661782,9.945067,-0.007326,0.017095
1.911911,0.080585,-0.700854,9.945067,-0.007326,0.017095
1.912674,0.109890,-0.744811,9.945067,-0.007326,0.021978
1.913056,0.168499,-0.774115,9.945067,0.007328,0.021978
1.914200,0.197802,-0.803419,9.945067,-0.007326,0.021978
1.915344,0.271063,-0.832723,9.945067,-0.007326,0.021978
1.916489,0.271063,-0.866911,9.945067,-0.007326,0.021978
1.918015,0.358974,-0.896214,9.945067,-0.007326,0.021978
1.919922,0.446886,-0.910867,9.945067,-0.007326,0.021978
1.922592,0.549450,-0.910867,9.945067,-0.007326,0.021978
1.925644,0.666666,-0.915751,9.945067,-0.007326,0.021978
1.928314,0.725275,-0.915751,9.945067,-0.007326,0.021978
1.931748,0.783882,-0.915751,9.945067,-0.007326,0.021978
1.935945,0.930403,-0.915751,9.945067,-0.007326,0.026863
1.939759,0.989012,-0.920635,9.945067,0.007328,0.026863
1.944337,1.062271,-0.915751,9.945067,-0.007326,0.026863
1.949296,1.164835,-0.910867,9.945067,-0.007326,0.026863
1.954637,1.311356,-0.905983,9.945067,-0.021978,0.026863
1.960359,1.355310,-0.896214,9.945067,-0.007326,0.026863
1.966081,1.384615,-0.910867,9.945067,-0.007326,0.026863
1.971803,1.443224,-0.905983,9.945067,0.007328,0.026863
1.978669,1.575092,-0.915751,9.945067,0.007328,0.026863
1.985918,1.721611,-0.920635,9.945067,0.007328,0.021978
1.992785,1.750916,-0.925519,9.945067,0.007328,0.021978
1.999651,1.750916,-0.925519,9.945067,-0.021978,0.021978
2.007662,1.853479,-0.935287,9.945067,-0.007326,0.021978
2.016054,2.058607,-0.935287,9.945067,0.007328,0.021978
2.024828,2.131868,-0.945055,9.945067,-0.007326,0.021978
2.033221,2.102564,-0.935287,9.945067,-0.036631,0.021978
2.042377,2.190475,-0.925519,9.945067,0.007328,0.021978
2.051913,2.307692,-0.940171,9.945067,0.007328,0.021978
2.061450,2.380953,-0.940171,9.945067,-0.007326,0.026863
2.072131,2.483517,-0.940171,9.945067,-0.021978,0.021978
2.082051,2.527472,-0.935287,9.945067,-0.007326,0.021978
2.092350,2.571428,-0.920635,9.945067,-0.021978,0.017095
2.103031,2.644688,-0.920635,9.945067,-0.007326,0.021978
2.114094,2.717949,-0.910867,9.945067,-0.021978,0.021978
2.125538,2.791208,-0.920635,9.945067,-0.007326,0.017095
2.136982,2.849817,-0.901099,9.945067,-0.021978,0.017095
2.148808,2.879120,-0.886447,9.945067,-0.007326,0.017095
2.160633,2.923077,-0.876678,9.945067,-0.007326,0.012211
2.172459,2.981686,-0.876678,9.945067,-0.007326,0.012211
2.184667,3.010988,-0.886447,9.945067,-0.021978,0.017095
2.196874,3.054945,-0.866911,9.945067,-0.021978,0.017095
2.209462,3.084249,-0.852259,9.945067,-0.007326,0.017095
2.222051,3.113552,-0.847375,9.945067,0.007328,0.017095
2.234640,3.128204,-0.847375,9.945067,-0.007326,0.017095
2.247229,3.172161,-0.857142,9.945067,-0.007326,0.017095
2.260199,3.201466,-0.837606,9.945067,0.007328,0.017095
2.272787,3.186813,-0.822955,9.945067,-0.007326,0.017095
2.285377,3.186813,-0.842491,9.945067,-0.007326,0.012211
2.298728,3.201466,-0.857142,9.945067,-0.021978,0.012211
2.311698,3.245420,-0.871795,9.945067,-0.007326,0.012211
2.324668,3.274725,-0.857142,9.945067,-0.007326,0.012211
2.337638,3.260073,-0.847375,9.945067,0.007328,0.012211
2.350227,3.230768,-0.862027,9.945067,0.007328,0.012211
2.363578,3.304029,-0.852259,9.945067,-0.007326,0.012211
2.377312,3.377289,-0.857142,9.945067,0.007328,0.007326
2.390663,3.377289,-0.827839,9.945067,-0.007326,0.007326
2.403633,3.289377,-0.822955,9.945067,-0.007326,0.007326
2.416985,3.289377,-0.818070,9.945067,-0.007326,0.007326
2.430337,3.362637,-0.822955,9.945067,-0.007326,0.007326
2.444452,3.450550,-0.822955,9.945067,-0.007326,0.007326
2.457803,3.377289,-0.818070,9.945067,-0.007326,0.007326
2.470392,3.230768,-0.813187,9.945067,-0.021978,0.007326
2.483362,3.260073,-0.822955,9.945067,-0.007326,0.007326
2.497477,3.421246,-0.837606,9.945067,-0.007326,0.002442
2.511210,3.435898,-0.842491,9.945067,-0.021978,0.002442
2.523799,3.274725,-0.847375,9.945067,-0.021978,0.002442
2.536388,3.172161,-0.832723,9.945067,-0.007326,0.002442
2.549358,3.260073,-0.818070,9.945067,0.007328,0.002442
2.562709,3.274725,-0.739926,9.945067,0.007328,0.002442
2.574153,3.040293,-0.676435,9.945067,-0.007326,0.002442
2.584453,2.791208,-0.593407,9.945067,-0.007326,0.007326
2.594753,2.673992,-0.534799,9.945067,-0.021978,0.007326
2.605052,2.615385,-0.510379,9.945067,-0.007326,0.007326
2.614208,2.454212,-0.485958,9.945067,-0.007326,0.007326
2.621838,2.131868,-0.505494,9.945067,-0.007326,0.007326
2.628704,1.868132,-0.529915,9.945067,-0.007326,0.007326
2.634808,1.721611,-0.564102,9.945067,0.007328,0.007326
2.640911,1.619047,-0.617826,9.945449,-0.007326,0.007326
2.646252,1.443224,-0.676435,9.945067,-0.007326,0.002442
2.650067,1.179487,-0.735043,9.945067,-0.021978,-0.002442
2.653881,1.018314,-0.793651,9.945067,-0.007326,-0.012210
2.657696,0.959707,-0.837606,9.945067,-0.007326,-0.012210
2.661129,0.959707,-0.876678,9.945067,-0.021978,-0.017094
2.664181,0.813187,-0.905983,9.945067,-0.007326,-0.017094
2.666852,0.739927,-0.925519,9.945067,-0.021978,-0.017094
2.669523,0.725275,-0.935287,9.945067,-0.007326,-0.017094
2.671811,0.637363,-0.959707,9.945067,-0.021978,-0.012210
2.674100,0.622711,-0.969475,9.945067,-0.021978,-0.007326
2.676770,0.608059,-0.974359,9.945067,-0.007326,0.002442
2.677915,0.417582,-1.003663,9.945067,-0.007326,0.007326
2.679059,0.358974,-1.023199,9.945067,-0.007326,0.012211
2.680585,0.358974,-1.057387,9.945067,0.007328,0.017095
2.682111,0.388279,-1.072039,9.945067,0.007328,0.021978
2.683255,0.329670,-1.076923,9.945067,0.021980,0.021978
2.683637,0.212454,-1.101343,9.945067,-0.007326,0.017095
2.684018,0.153847,-1.125763,9.945067,-0.007326,0.017095
2.684781,0.197802,-1.145299,9.945067,-0.021978,0.012211
2.685926,0.212454,-1.159951,9.945067,0.007328,0.012211
2.686689,0.197802,-1.159951,9.945067,-0.007326,0.002442
2.686689,0.124542,-1.164835,9.945067,-0.007326,-0.002442
2.687070,0.095238,-1.169719,9.945067,-0.007326,-0.002442
2.687833,0.139194,-1.174603,9.945067,-0.021978,-0.002442
2.688596,0.197802,-1.169719,9.945067,-0.021978,0.002442
2.689740,0.212454,-1.135531,9.945067,0.007328,0.007326
2.690503,0.212454,-1.111111,9.945067,-0.007326,0.007326
2.690885,0.183149,-1.101343,9.945067,-0.007326,0.012211
2.691648,0.153847,-1.091575,9.945067,-0.007326,0.012211
2.692029,0.153847,-1.091575,9.945067,-0.007326,0.017095
2.692792,0.168499,-1.096459,9.945067,-0.007326,0.017095
2.693555,0.183149,-1.096459,9.945067,-0.007326,0.017095
2.693555,0.109890,-1.091575,9.945067,-0.007326,0.017095
2.693937,0.080585,-1.091575,9.945067,-0.007326,0.012211
2.694318,0.080585,-1.106227,9.945067,-0.007326,0.012211
2.694318,0.051283,-1.115995,9.945067,-0.007326,0.007326
2.694318,0.036631,-1.125763,9.945067,-0.007326,0.002442
2.694318,0.007326,-1.130647,9.945067,-0.007326,-0.002442
2.694318,0.007326,-1.130647,9.945067,-0.007326,-0.002442
2.694318,-0.007328,-1.120879,9.945067,-0.007326,-0.007326
2.694318,0.007326,-1.111111,9.945067,-0.007326,-0.002442
2.694318,-0.007328,-1.091575,9.945067,-0.007326,-0.002442
2.694318,-0.007328,-1.067155,9.945067,-0.007326,0.002442
2.694318,0.007326,-1.042735,9.945067,-0.007326,0.007326
2.694318,0.007326,-1.008547,9.945067,-0.007326,0.007326
2.693937,-0.007328,-0.974359,9.945067,-0.007326,0.012211
2.693937,-0.007328,-0.930403,9.945067,-0.007326,0.017095
2.693937,-0.036633,-0.886447,9.945067,0.007328,0.017095
2.693555,-0.051285,-0.837606,9.945067,-0.007326,0.017095
2.693174,-0.065935,-0.788767,9.945067,-0.007326,0.017095
2.692792,-0.095240,-0.730159,9.945067,0.007328,0.012211
2.692411,-0.109892,-0.681318,9.945067,-0.007326,0.012211
2.691648,-0.139196,-0.637362,9.945067,-0.007326,0.007326
2.690503,-0.227108,-0.588523,9.945067,-0.007326,0.002442
2.689359,-0.241760,-0.539682,9.945067,-0.007326,-0.002442
2.688596,-0.227108,-0.495727,9.945067,0.007328,-0.002442
2.686307,-0.388281,-0.461538,9.945067,-0.007326,-0.007326
2.684018,-0.534800,-0.412699,9.945067,-0.007326,-0.002442
2.681730,-0.520149,-0.378510,9.945067,-0.007326,-0.002442
2.679822,-0.490845,-0.349206,9.945067,-0.021978,0.002442
2.676770,-0.681320,-0.315019,9.945067,-0.007326,0.007326
2.672574,-0.901100,-0.290598,9.945067,-0.007326,0.012211
2.668760,-0.915752,-0.271062,9.945067,-0.007326,0.017095
2.665326,-0.842493,-0.256411,9.945067,-0.007326,0.021978
2.661511,-0.930405,-0.217339,9.945067,-0.021978,0.026863
2.655789,-1.179489,-0.202686,9.945067,-0.007326,0.031747
2.649685,-1.413921,-0.197803,9.945067,-0.021978,0.031747
2.644345,-1.384617,-0.188034,9.945067,0.007328,0.031747
2.639004,-1.296705,-0.178267,9.945067,0.007328,0.031747
2.633282,-1.384617,-0.197803,9.945067,-0.021978,0.026863
2.626034,-1.648354,-0.231990,9.945067,-0.021978,0.026863
2.618405,-1.780222,-0.241758,9.945067,-0.007326,0.021978
2.611537,-1.750917,-0.231990,9.945067,-0.007326,0.012211
2.604671,-1.736265,-0.222222,9.945067,-0.007326,0.007326
2.596660,-1.868134,-0.217339,9.945067,-0.021978,0.002442
2.587505,-2.102566,-0.217339,9.945067,-0.021978,-0.002442
2.578731,-2.161175,-0.202686,9.945067,-0.007326,-0.012210
2.570338,-2.102566,-0.207570,9.945067,-0.007326,-0.012210
2.561565,-2.175827,-0.202686,9.945067,-0.007326,-0.012210
2.551646,-2.336998,-0.212454,9.945067,-0.021978,-0.017094
2.540965,-2.527473,-0.227106,9.945067,-0.007326,-0.017094
2.530284,-2.586082,-0.236875,9.945067,0.021980,-0.012210
2.520366,-2.571430,-0.246642,9.945067,0.007328,-0.002442
2.509684,-2.630039,-0.261294,9.945067,-0.021978,-0.002442
2.497858,-2.761906,-0.300366,9.945067,-0.007326,-0.002442
2.486414,-2.879124,-0.315019,9.945067,-0.021978,-0.002442
2.474207,-2.937729,-0.315019,9.945067,0.007328,-0.007326
2.462381,-2.952381,-0.334555,9.945067,-0.007326,-0.007326
2.450174,-2.981686,-0.334555,9.945067,-0.021978,-0.007326
2.437204,-3.084251,-0.329670,9.945067,0.007328,-0.012210
2.424615,-3.186813,-0.339438,9.945067,-0.007326,-0.012210
2.411644,-3.201466,-0.339438,9.945067,-0.007326,-0.012210
2.399056,-3.201466,-0.363858,9.945067,-0.021978,-0.012210
2.386086,-3.201466,-0.402930,9.945067,-0.007326,-0.012210
2.372734,-3.274727,-0.407814,9.945067,-0.007326,-0.012210
2.359382,-3.318684,-0.422466,9.945067,-0.007326,-0.007326
2.345649,-3.347988,-0.432235,9.945067,-0.007326,-0.007326
2.332679,-3.289379,-0.446886,9.945067,-0.007326,-0.002442
2.319709,-3.260075,-0.456655,9.945067,-0.007326,-0.002442
2.305976,-3.333336,-0.446886,9.945067,-0.021978,0.002442
2.292243,-3.391945,-0.446886,9.945067,-0.007326,0.007326
2.279273,-3.333336,-0.446886,9.945067,-0.007326,0.007326
2.266302,-3.260075,-0.461538,9.945067,-0.007326,0.007326
2.253332,-3.274727,-0.461538,9.945067,0.007328,0.007326
2.239599,-3.362640,-0.451771,9.945067,-0.007326,0.007326
2.225867,-3.377293,-0.481074,9.945067,-0.007326,0.007326
2.213277,-3.260075,-0.490843,9.945067,-0.021978,0.007326
2.200689,-3.172161,-0.525030,9.945067,-0.007326,0.007326
2.187337,-3.216118,-0.529915,9.945067,-0.007326,0.007326
2.174366,-3.245422,-0.554335,9.945067,-0.007326,0.002442
2.162159,-3.157509,-0.573871,9.945067,-0.007326,0.002442
2.150715,-2.996338,-0.573871,9.945067,-0.007326,0.002442
2.138890,-2.952381,-0.608059,9.945067,0.007328,0.007326
2.127064,-2.967033,-0.617826,9.945067,-0.007326,0.007326
2.115238,-2.937729,-0.642246,9.945067,0.007328,0.012211
2.104557,-2.761906,-0.661782,9.945067,-0.007326,0.012211
2.094639,-2.615387,-0.686203,9.945067,-0.007326,0.012211
2.084339,-2.586082,-0.686203,9.945067,0.007328,0.012211
2.074039,-2.556778,-0.705739,9.945067,-0.007326,0.017095
2.064883,-2.454216,-0.720390,9.945067,0.007328,0.017095
2.056110,-2.234432,-0.720390,9.945067,-0.007326,0.017095
2.048099,-2.102566,-0.705739,9.945067,-0.007326,0.012211
2.040088,-2.073261,-0.700854,9.945067,-0.007326,0.012211
2.032077,-2.014652,-0.686203,9.945067,-0.007326,0.012211
2.025210,-1.838829,-0.676435,9.945067,-0.021978,0.007326
2.018343,-1.721613,-0.676435,9.945067,-0.007326,0.007326
2.011858,-1.663006,-0.661782,9.945067,-0.021978,0.007326
2.005755,-1.575092,-0.656898,9.945067,0.007328,0.007326
2.000033,-1.487181,-0.652015,9.945067,-0.007326,0.007326
1.994692,-1.428574,-0.647131,9.945067,-0.007326,0.007326
1.989352,-1.355312,-0.647131,9.945067,-0.021978,0.007326
1.984774,-1.238096,-0.642246,9.945067,-0.021978,0.007326
1.980577,-1.120880,-0.627595,9.945067,0.007328,0.007326
1.976381,-1.106228,-0.637362,9.945067,0.007328,0.007326
1.972184,-1.032969,-0.617826,9.945067,-0.021978,0.007326
1.968751,-0.959709,-0.632479,9.945067,-0.007326,0.007326
1.965318,-0.842493,-0.608059,9.945067,0.007328,0.012211
1.962266,-0.827841,-0.612943,9.945067,-0.007326,0.012211
1.959214,-0.769232,-0.603174,9.945067,-0.007326,0.012211
1.956544,-0.725277,-0.588523,9.945067,-0.007326,0.012211
1.954255,-0.637363,-0.578754,9.945067,0.007328,0.007326
1.951967,-0.608061,-0.573871,9.945067,-0.007326,0.012211
1.949296,-0.608061,-0.564102,9.945067,-0.007326,0.012211
1.947389,-0.549452,-0.559218,9.945067,-0.007326,0.012211
1.946244,-0.388281,-0.544566,9.945067,0.007328,0.012211
1.944337,-0.432236,-0.539682,9.945067,-0.007326,0.012211
1.942430,-0.505497,-0.525030,9.945067,-0.007326,0.012211
1.940522,-0.461540,-0.539682,9.945067,-0.007326,0.012211
1.940141,-0.256413,-0.529915,9.945067,-0.007326,0.017095
1.939378,-0.212456,-0.510379,9.945067,-0.007326,0.012211
1.937471,-0.329672,-0.495727,9.945067,-0.021978,0.017095
1.935945,-0.402931,-0.485958,9.945067,-0.007326,0.012211
1.934800,-0.285717,-0.510379,9.945067,-0.007326,0.012211
1.934037,-0.241760,-0.525030,9.945067,-0.007326,0.012211
1.933275,-0.212456,-0.515263,9.945067,-0.021978,0.012211
1.932512,-0.183151,-0.500610,9.945067,-0.007326,0.012211
1.931748,-0.183151,-0.490843,9.945067,-0.007326,0.007326
1.930603,-0.227108,-0.485958,9.945067,0.007328,0.012211
1.930222,-0.183151,-0.476191,9.945067,-0.007326,0.012211
1.929840,-0.095240,-0.471307,9.945067,-0.007326,0.012211
1.929840,-0.080587,-0.466422,9.945067,-0.021978,0.017095
1.929077,-0.095240,-0.456655,9.945067,-0.021978,0.012211
1.929077,-0.095240,-0.446886,9.945067,-0.007326,0.012211
1.928696,-0.021980,-0.451771,9.945067,-0.007326,0.012211
1.928696,-0.007328,-0.451771,9.945067,-0.007326,0.012211
1.928696,0.007326,-0.456655,9.945067,-0.007326,0.012211
1.929077,0.007326,-0.456655,9.945067,-0.007326,0.012211
1.929077,0.021978,-0.466422,9.945067,0.007328,0.007326
1.929077,0.036631,-0.485958,9.945067,-0.007326,0.007326
1.929077,0.051283,-0.500610,9.945067,-0.021978,0.007326
1.929459,0.051283,-0.520146,9.945067,-0.021978,0.007326
1.929459,0.036631,-0.544566,9.945067,-0.007326,0.007326
1.929459,0.036631,-0.573871,9.945067,0.007328,0.007326
1.929840,0.095238,-0.608059,9.945067,-0.007326,0.007326
1.930222,0.080585,-0.637362,9.945067,-0.007326,0.007326
1.930603,0.109890,-0.666667,9.945067,0.007328,0.007326
1.930985,0.109890,-0.695971,9.945067,-0.021978,0.007326
1.931748,0.153847,-0.720390,9.945067,-0.021978,0.007326
1.932893,0.241758,-0.739926,9.945067,-0.007326,0.012211
1.934037,0.241758,-0.759462,9.945067,-0.007326,0.012211
1.934800,0.212454,-0.788767,9.945067,-0.007326,0.012211
1.935945,0.256411,-0.808303,9.945067,-0.007326,0.012211
1.937852,0.417582,-0.832723,9.945067,0.007328,0.012211
1.940141,0.490843,-0.857142,9.945067,-0.007326,0.012211
1.942048,0.505495,-0.862027,9.945067,-0.007326,0.017095
1.943574,0.417582,-0.881563,9.945067,-0.007326,0.017095
1.946244,0.534798,-0.896214,9.945067,-0.007326,0.017095
1.950059,0.783882,-0.905983,9.945067,0.007328,0.017095
1.953492,0.827839,-0.905983,9.945067,-0.021978,0.017095
1.956544,0.798534,-0.901099,9.945067,-0.007326,0.012211
1.960359,0.886446,-0.896214,9.945067,0.007328,0.017095
1.964555,1.032967,-0.905983,9.945067,0.007328,0.017095
1.969514,1.120878,-0.896214,9.945067,-0.021978,0.017095
1.974473,1.208792,-0.896214,9.945067,-0.007326,0.017095
1.979814,1.267399,-0.891331,9.945067,-0.021978,0.012211
1.985155,1.340660,-0.891331,9.945067,-0.007326,0.012211
1.990877,1.399267,-0.901099,9.945067,-0.007326,0.017095
1.996981,1.487179,-0.901099,9.945067,-0.007326,0.017095
2.003466,1.560440,-0.910867,9.945067,0.007328,0.017095
2.010332,1.648352,-0.910867,9.945067,-0.007326,0.017095
2.017199,1.721611,-0.905983,9.945067,-0.007326,0.017095
2.024447,1.780220,-0.915751,9.945067,-0.021978,0.017095
2.032077,1.853479,-0.915751,9.945067,-0.007326,0.017095
2.040469,1.985348,-0.910867,9.945067,-0.007326,0.017095
2.048862,2.029305,-0.925519,9.945067,-0.007326,0.012211
2.056873,2.043957,-0.930403,9.945067,-0.021978,0.012211
2.065646,2.131868,-0.930403,9.945067,0.007328,0.012211
2.075183,2.293039,-0.940171,9.945067,-0.021978,0.012211
2.084721,2.351648,-0.935287,9.945067,-0.021978,0.012211
2.094258,2.380953,-0.930403,9.945067,0.007328,0.012211
2.104176,2.439560,-0.935287,9.945067,-0.021978,0.012211
2.114475,2.512821,-0.940171,9.945067,-0.021978,0.012211
2.125157,2.615385,-0.940171,9.945067,-0.007326,0.012211
2.136219,2.688644,-0.925519,9.945067,0.007328,0.017095
2.147663,2.747253,-0.915751,9.945067,-0.007326,0.017095
2.158726,2.761904,-0.905983,9.945067,-0.021978,0.017095
2.169789,2.805861,-0.915751,9.945067,-0.007326,0.012211
2.181615,2.908424,-0.901099,9.945067,-0.007326,0.012211
2.193822,2.996336,-0.901099,9.945067,-0.007326,0.012211
2.206029,3.010988,-0.881563,9.945067,-0.007326,0.007326
2.217855,3.025640,-0.866911,9.945067,0.021980,0.012211
2.230444,3.054945,-0.871795,9.945067,0.007328,0.007326
2.242651,3.113552,-0.857142,9.945067,-0.007326,0.007326
2.255621,3.157509,-0.842491,9.945067,-0.007326,0.007326
2.268210,3.142857,-0.837606,9.945067,0.007328,0.007326
2.281181,3.157509,-0.842491,9.945067,-0.007326,0.007326
2.293388,3.113552,-0.857142,9.945067,-0.021978,0.007326
2.305976,3.186813,-0.857142,9.945067,-0.007326,0.007326
2.318946,3.216118,-0.857142,9.945067,-0.007326,0.002442
2.331916,3.245420,-0.852259,9.945067,-0.007326,0.002442
2.344886,3.201466,-0.862027,9.945067,0.007328,0.002442
2.357475,3.245420,-0.862027,9.945067,-0.007326,0.007326
2.371207,3.289377,-0.862027,9.945067,-0.007326,0.002442
2.384560,3.347984,-0.837606,9.945067,0.007328,0.002442
2.397530,3.318682,-0.842491,9.945067,-0.007326,-0.002442
2.410500,3.245420,-0.837606,9.945067,-0.007326,-0.002442
2.423852,3.304029,-0.842491,9.945067,-0.007326,-0.002442
2.437585,3.377289,-0.832723,9.945067,-0.007326,-0.002442
2.450937,3.391941,-0.822955,9.945067,-0.021978,-0.007326
2.463907,3.289377,-0.842491,9.945067,-0.007326,-0.007326
2.476496,3.230768,-0.837606,9.945067,-0.007326,-0.007326
2.490229,3.347984,-0.857142,9.945067,-0.007326,-0.007326
2.504343,3.435898,-0.847375,9.945067,-0.007326,-0.007326
2.517313,3.333334,-0.847375,9.945067,-0.007326,-0.007326
2.529521,3.201466,-0.862027,9.945067,-0.007326,-0.007326
2.543254,3.245420,-0.847375,9.945067,0.007328,-0.007326
2.556224,3.304029,-0.798534,9.945067,-0.007326,-0.007326
2.568431,3.186813,-0.705739,9.945067,-0.007326,-0.007326
2.579112,2.923077,-0.622710,9.945067,0.007328,-0.007326
2.589793,2.761904,-0.554335,9.945067,-0.007326,-0.007326
2.600475,2.732601,-0.500610,9.945067,-0.007326,-0.007326
2.610393,2.571428,-0.476191,9.945067,-0.021978,-0.002442
2.618786,2.307692,-0.466422,9.945067,0.007328,-0.002442
2.625653,1.985348,-0.476191,9.945067,-0.021978,-0.002442
2.632519,1.809525,-0.525030,9.945067,0.007328,-0.007326
2.638623,1.692308,-0.573871,9.945067,0.007328,-0.007326
2.644345,1.516483,-0.637362,9.945067,-0.007326,-0.007326
2.648541,1.252747,-0.691087,9.945067,-0.007326,-0.007326
2.652355,1.076923,-0.754579,9.945067,-0.007326,-0.012210
2.656170,0.989012,-0.818070,9.945067,-0.007326,-0.017094
2.659985,1.003662,-0.862027,9.945067,-0.007326,-0.021978
2.663037,0.842491,-0.905983,9.945067,0.007328,-0.021978
2.665708,0.725275,-0.920635,9.945067,-0.021978,-0.021978
2.668378,0.725275,-0.935287,9.945067,-0.007326,-0.021978
2.671048,0.681318,-0.964591,9.945067,-0.021978,-0.017094
2.673337,0.593407,-0.979243,9.945067,-0.007326,-0.012210
2.675245,0.578754,-0.974359,9.945067,-0.021978,-0.007326
2.677152,0.520147,-0.998779,9.945067,-0.007326,-0.002442
2.678296,0.402931,-1.023199,9.945067,-0.007326,0.002442
2.679822,0.373627,-1.052503,9.945067,-0.007326,0.012211
2.681348,0.358974,-1.072039,9.945067,0.007328,0.012211
2.682492,0.344322,-1.076923,9.945067,-0.007326,0.012211
2.683255,0.271063,-1.091575,9.945067,-0.007326,0.012211
2.684018,0.183149,-1.120879,9.945067,-0.007326,0.012211
2.684400,0.153847,-1.135531,9.945067,-0.007326,0.007326
2.685163,0.183149,-1.150183,9.945067,-0.007326,0.002442
2.686307,0.241758,-1.164835,9.945067,-0.007326,-0.002442
2.686689,0.168499,-1.164835,9.945067,-0.007326,-0.007326
2.687070,0.109890,-1.164835,9.945067,-0.007326,-0.007326
2.687452,0.124542,-1.169719,9.945067,-0.007326,-0.007326
2.688215,0.168499,-1.174603,9.945067,-0.007326,-0.012210
2.689359,0.197802,-1.155067,9.945067,0.007328,-0.007326
2.689740,0.183149,-1.125763,9.945067,-0.007326,-0.002442
2.690503,0.183149,-1.111111,9.945067,-0.007326,-0.002442
2.691266,0.168499,-1.106227,9.945067,-0.007326,0.002442
2.691648,0.124542,-1.101343,9.945067,-0.007326,0.007326
2.692411,0.168499,-1.101343,9.945067,-0.007326,0.007326
2.692792,0.139194,-1.101343,9.945067,-0.007326,0.007326
2.693174,0.139194,-1.101343,9.945067,-0.007326,0.007326
2.693555,0.095238,-1.101343,9.945067,0.007328,0.007326
2.693937,0.095238,-1.106227,9.945067,-0.007326,0.002442
2.694318,0.080585,-1.115995,9.945067,-0.007326,-0.002442
2.694318,0.051283,-1.130647,9.945067,-0.007326,-0.007326
2.694318,0.036631,-1.140415,9.945067,-0.007326,-0.012210
2.694318,0.007326,-1.155067,9.945067,-0.007326,-0.012210
2.694318,0.021978,-1.169719,9.945067,-0.007326,-0.017094
2.694318,0.007326,-1.179487,9.945067,0.007328,-0.012210
2.694318,0.007326,-1.184371,9.945067,-0.007326,-0.012210
2.694318,0.021978,-1.189255,9.945067,0.007328,-0.007326
2.694318,0.007326,-1.194139,9.945067,0.007328,-0.002442
2.694700,0.036631,-1.189255,9.945067,-0.021978,0.002442
2.694700,0.036631,-1.184371,9.945067,-0.021978,0.002442
2.694700,0.007326,-1.179487,9.945067,-0.007326,0.007326
2.694700,0.021978,-1.179487,9.945067,-0.007326,0.007326
2.694700,0.021978,-1.174603,9.945067,-0.007326,0.007326
2.694700,0.021978,-1.174603,9.945067,-0.007326,0.007326
2.695081,0.036631,-1.169719,9.945067,0.007328,0.007326
2.694700,0.007326,-1.159951,9.945067,-0.021978,0.002442
2.695081,0.021978,-1.155067,9.945067,-0.007326,-0.002442
2.695081,0.007326,-1.140415,9.945067,-0.007326,-0.002442
2.695081,0.007326,-1.125763,9.945067,-0.007326,-0.007326
2.695081,-0.007328,-1.101343,9.945067,-0.007326,-0.007326
2.695081,0.007326,-1.076923,9.945067,-0.021978,-0.007326
2.694700,-0.021980,-1.047619,9.945067,-0.007326,-0.007326
2.694700,-0.007328,-1.023199,9.945067,0.007328,-0.007326
2.694700,-0.021980,-0.989011,9.945067,-0.007326,-0.007326
2.694318,-0.036633,-0.949939,9.945067,-0.021978,-0.002442
2.694318,-0.036633,-0.915751,9.945067,-0.007326,0.002442
2.693937,-0.036633,-0.876678,9.945067,-0.007326,0.002442
2.693937,-0.065935,-0.827839,9.945067,-0.021978,0.007326
2.693555,-0.095240,-0.778998,9.945067,-0.007326,0.012211
2.692792,-0.095240,-0.735043,9.945067,-0.007326,0.012211
2.692411,-0.109892,-0.691087,9.945067,-0.007326,0.012211
2.691648,-0.153849,-0.647131,9.945067,-0.007326,0.012211
2.690503,-0.227108,-0.608059,9.945067,-0.007326,0.012211
2.689359,-0.227108,-0.554335,9.945067,-0.021978,0.007326
2.688596,-0.212456,-0.510379,9.945067,0.007328,0.002442
2.686689,-0.373629,-0.476191,9.945067,-0.007326,0.002442
2.684400,-0.505497,-0.427350,9.945067,-0.007326,-0.002442
2.682111,-0.505497,-0.398046,9.945067,-0.021978,-0.002442
2.680967,-0.432236,-0.358974,9.945067,-0.021978,-0.002442
2.677915,-0.608061,-0.329670,9.945067,-0.007326,-0.002442
2.673719,-0.842493,-0.305250,9.945067,-0.007326,-0.002442
2.670285,-0.857145,-0.280830,9.945067,-0.007326,0.002442
2.667234,-0.827841,-0.261294,9.945067,-0.007326,0.002442
2.663418,-0.842493,-0.227106,9.945067,-0.007326,0.007326
2.658459,-1.076925,-0.202686,9.945067,-0.007326,0.012211
2.652737,-1.267401,-0.188034,9.945067,0.007328,0.012211
2.647396,-1.355312,-0.188034,9.945067,0.007328,0.012211
2.642056,-1.296705,-0.183150,9.945067,-0.021978,0.012211
2.636715,-1.340660,-0.173382,9.945067,0.007328,0.007326
2.629849,-1.516485,-0.212454,9.945067,-0.007326,0.007326
2.622601,-1.692310,-0.246642,9.945067,0.007328,0.002442
2.615352,-1.750917,-0.241758,9.945067,-0.007326,-0.002442
2.608485,-1.736265,-0.217339,9.945067,-0.007326,-0.007326
2.601238,-1.809525,-0.217339,9.945067,-0.021978,-0.012210
2.592464,-1.985350,-0.231990,9.945067,-0.007326,-0.017094
2.584071,-2.102566,-0.236875,9.945067,-0.021978,-0.017094
2.575298,-2.131870,-0.222222,9.945067,0.007328,-0.017094
2.566524,-2.161175,-0.227106,9.945067,-0.021978,-0.021978
2.556987,-2.263737,-0.227106,9.945067,-0.007326,-0.021978
2.547450,-2.366302,-0.231990,9.945067,-0.007326,-0.021978
2.537151,-2.483517,-0.261294,9.945067,-0.007326,-0.017094
2.526851,-2.542126,-0.256411,9.945067,-0.007326,-0.017094
2.516550,-2.527473,-0.266178,9.945067,0.007328,-0.012210
2.505869,-2.630039,-0.285714,9.944686,-0.021978,-0.007326
2.494425,-2.747253,-0.280830,9.945067,-0.007326,-0.007326
2.482599,-2.835167,-0.315019,9.945067,-0.007326,-0.007326
2.471537,-2.835167,-0.310134,9.945067,0.007328,-0.007326
2.459710,-2.879124,-0.324786,9.945067,-0.007326,-0.012210
2.447885,-2.923080,-0.339438,9.945067,-0.007326,-0.012210
2.436059,-2.981686,-0.344322,9.945067,0.007328,-0.017094
2.423471,-3.040295,-0.373627,9.945067,-0.007326,-0.017094
2.410881,-3.025642,-0.373627,9.945067,-0.007326,-0.017094
2.398674,-3.084251,-0.378510,9.945067,-0.007326,-0.017094
2.386467,-3.069599,-0.398046,9.945067,-0.007326,-0.017094
2.373879,-3.098904,-0.383394,9.945067,0.007328,-0.012210
2.361289,-3.157509,-0.412699,9.945067,-0.007326,-0.012210
2.348319,-3.201466,-0.417583,9.945067,0.007328,-0.012210
2.335349,-3.230770,-0.412699,9.945067,-0.007326,-0.007326
2.322379,-3.216118,-0.398046,9.945067,0.007328,-0.002442
2.309028,-3.260075,-0.378510,9.945067,-0.007326,0.002442
2.295295,-3.362640,-0.368742,9.945067,0.007328,0.002442
2.281944,-3.377293,-0.383394,9.945067,-0.007326,0.002442
2.268591,-3.362640,-0.383394,9.945067,-0.021978,0.002442
2.255240,-3.347988,-0.398046,9.945067,-0.007326,-0.002442
2.241125,-3.465202,-0.412699,9.945067,-0.007326,-0.007326
2.227011,-3.479855,-0.456655,9.945067,0.007328,-0.012210
2.213277,-3.450550,-0.490843,9.945067,-0.007326,-0.012210
2.200307,-3.333336,-0.529915,9.945067,-0.007326,-0.017094
2.186574,-3.347988,-0.539682,9.945067,-0.021978,-0.017094
2.173222,-3.362640,-0.544566,9.945067,0.007328,-0.021978
2.159870,-3.274727,-0.578754,9.945067,-0.007326,-0.017094
2.147663,-3.142860,-0.598290,9.945067,-0.007326,-0.017094
2.135456,-3.098904,-0.598290,9.945067,-0.021978,-0.017094
2.123249,-3.084251,-0.622710,9.945067,-0.021978,-0.007326
2.111424,-3.040295,-0.637362,9.945067,-0.007326,-0.007326
2.099980,-2.879124,-0.666667,9.945067,0.007328,-0.002442
2.089298,-2.776558,-0.686203,9.945067,-0.007326,0.002442
2.078616,-2.703297,-0.691087,9.945067,-0.021978,0.007326
2.068317,-2.644691,-0.710623,9.945067,0.007328,0.007326
2.058398,-2.542126,-0.715507,9.945067,-0.007326,0.007326
2.049243,-2.366302,-0.730159,9.945067,-0.007326,0.007326
2.040851,-2.234432,-0.725275,9.945067,-0.021978,0.007326
2.032459,-2.175827,-0.705739,9.945067,-0.007326,0.002442
2.024447,-2.073261,-0.705739,9.945067,-0.021978,-0.002442
2.016817,-1.956045,-0.700854,9.945067,-0.007326,-0.002442
2.009569,-1.838829,-0.700854,9.945067,-0.007326,-0.002442
2.003084,-1.677658,-0.695971,9.945067,-0.021978,-0.002442
1.996981,-1.619049,-0.686203,9.945067,-0.007326,-0.002442
1.990496,-1.589745,-0.681318,9.945067,-0.021978,0.002442
1.985155,-1.457878,-0.661782,9.945067,-0.021978,0.007326
1.980195,-1.296705,-0.637362,9.945067,0.007328,0.012211
1.975618,-1.223446,-0.637362,9.945067,-0.007326,0.012211
1.971040,-1.179489,-0.622710,9.945067,-0.021978,0.012211
1.966462,-1.164837,-0.622710,9.945067,-0.007326,0.012211
1.962266,-1.047621,-0.622710,9.945067,0.007328,0.012211
1.958833,-0.945057,-0.617826,9.945067,-0.007326,0.012211
1.955400,-0.857145,-0.608059,9.945067,-0.021978,0.012211
1.952348,-0.842493,-0.593407,9.945067,0.007328,0.012211
1.948915,-0.827841,-0.588523,9.945067,-0.021978,0.007326
1.946244,-0.739929,-0.583638,9.945067,-0.007326,0.002442
1.943956,-0.637363,-0.573871,9.945067,-0.007326,0.002442
1.941285,-0.637363,-0.573871,9.945067,-0.007326,0.002442
1.938997,-0.608061,-0.564102,9.945067,-0.007326,-0.002442
1.937089,-0.564104,-0.559218,9.945067,-0.007326,0.002442
1.934800,-0.520149,-0.554335,9.945067,-0.007326,0.002442
1.932893,-0.505497,-0.559218,9.945067,-0.021978,0.002442
1.931748,-0.344324,-0.534799,9.945067,-0.007326,0.002442
1.930603,-0.329672,-0.525030,9.945067,-0.007326,0.002442
1.928696,-0.402931,-0.505494,9.945067,0.007328,0.007326
1.927170,-0.373629,-0.500610,9.945067,-0.007326,0.002442
1.926026,-0.329672,-0.515263,9.945067,0.007328,0.002442
1.925263,-0.212456,-0.515263,9.945067,-0.007326,0.002442
1.924881,-0.183151,-0.490843,9.945067,-0.007326,0.002442
1.923737,-0.241760,-0.481074,9.945067,-0.007326,-0.002442
1.922592,-0.285717,-0.471307,9.945067,-0.007326,-0.007326
1.921829,-0.197803,-0.466422,9.945067,-0.007326,-0.007326
1.921448,-0.124544,-0.466422,9.945067,-0.007326,-0.007326
1.921067,-0.124544,-0.461538,9.945067,0.007328,-0.002442
1.919922,-0.183151,-0.456655,9.945067,-0.007326,-0.002442
1.918778,-0.256413,-0.471307,9.945067,-0.007326,-0.002442
1.918015,-0.197803,-0.490843,9.945067,0.007328,-0.002442
1.917633,-0.124544,-0.500610,9.945067,-0.021978,0.002442
1.917252,-0.139196,-0.510379,9.945067,-0.007326,0.002442
1.916107,-0.212456,-0.525030,9.945067,-0.007326,0.002442
1.914963,-0.256413,-0.539682,9.945067,-0.007326,0.002442
1.914582,-0.153849,-0.554335,9.945067,0.007328,0.002442
1.914582,-0.051285,-0.564102,9.945067,-0.021978,0.002442
1.914200,-0.051285,-0.564102,9.945067,-0.021978,0.002442
1.913819,-0.065935,-0.554335,9.945067,0.007328,0.002442
1.913819,-0.007328,-0.554335,9.945067,-0.007326,0.002442
1.914200,0.021978,-0.568987,9.945067,-0.007326,0.002442
1.914582,0.065933,-0.578754,9.945067,-0.021978,0.002442
1.914582,0.080585,-0.598290,9.945067,-0.007326,0.002442
1.914963,0.065933,-0.617826,9.945067,-0.021978,0.002442
1.915344,0.065933,-0.647131,9.945067,-0.021978,0.007326
1.915726,0.109890,-0.676435,9.945067,-0.021978,0.007326
1.916107,0.095238,-0.710623,9.945067,-0.007326,0.012211
1.916489,0.109890,-0.754579,9.945067,0.007328,0.017095
1.916870,0.124542,-0.793651,9.945067,0.007328,0.012211
1.918015,0.197802,-0.827839,9.945067,-0.007326,0.012211
1.918778,0.227106,-0.852259,9.945067,-0.007326,0.012211
1.919922,0.227106,-0.881563,9.945067,-0.007326,0.012211
1.921067,0.300365,-0.896214,9.945067,0.007328,0.007326
1.923737,0.490843,-0.901099,9.945067,-0.021978,0.002442
1.926026,0.564102,-0.910867,9.945067,-0.021978,0.002442
1.928314,0.549450,-0.910867,9.945067,-0.021978,0.002442
1.930603,0.608059,-0.891331,9.945067,-0.007326,-0.002442
1.934800,0.813187,-0.896214,9.945067,-0.007326,-0.002442
1.938234,0.886446,-0.896214,9.945067,-0.007326,0.002442
1.942048,0.901098,-0.886447,9.945067,-0.007326,0.007326
1.945863,0.959707,-0.876678,9.945067,-0.007326,0.012211
1.950441,1.106228,-0.871795,9.945067,0.007328,0.012211
1.955400,1.150183,-0.876678,9.945067,0.007328,0.012211
1.960359,1.238094,-0.866911,9.945067,-0.007326,0.017095
1.965699,1.238094,-0.886447,9.945067,-0.007326,0.012211
1.971040,1.311356,-0.886447,9.945067,-0.007326,0.007326
1.977144,1.428572,-0.896214,9.945067,0.007328,0.002442
1.983629,1.545788,-0.896214,9.945067,-0.021978,0.002442
1.990114,1.604395,-0.901099,9.945067,-0.021978,-0.002442
1.996218,1.589743,-0.910867,9.945067,-0.007326,-0.002442
2.003084,1.648352,-0.920635,9.945067,-0.007326,-0.007326
2.010714,1.794872,-0.915751,9.945067,-0.021978,-0.007326
2.019106,1.941391,-0.915751,9.945067,-0.007326,-0.002442
2.026736,1.956043,-0.915751,9.945067,-0.007326,0.002442
2.034366,1.956043,-0.920635,9.945067,0.007328,0.002442
2.043140,2.087912,-0.905983,9.945067,0.007328,0.007326
2.052295,2.190475,-0.915751,9.945067,0.007328,0.012211
2.061450,2.219780,-0.910867,9.945067,0.007328,0.012211
2.070987,2.293039,-0.905983,9.945067,-0.007326,0.012211
2.080525,2.366301,-0.920635,9.945067,0.007328,0.007326
2.090443,2.424908,-0.901099,9.945067,-0.007326,0.007326
2.100361,2.498169,-0.901099,9.945067,-0.021978,0.007326
2.110661,2.527472,-0.901099,9.945067,-0.036631,0.002442
2.120960,2.586081,-0.901099,9.945067,-0.007326,-0.002442
2.131642,2.644688,-0.915751,9.945067,-0.007326,-0.002442
2.143086,2.747253,-0.905983,9.945067,-0.021978,-0.002442
2.154530,2.805861,-0.896214,9.945067,-0.007326,-0.002442
2.165592,2.805861,-0.901099,9.945067,-0.007326,-0.002442
2.177037,2.820513,-0.901099,9.945067,-0.007326,0.002442
2.188482,2.908424,-0.905983,9.945067,0.007328,0.002442
2.201070,3.025640,-0.891331,9.945067,0.007328,0.007326
2.212896,3.040293,-0.886447,9.945067,-0.007326,0.007326
2.225103,3.010988,-0.876678,9.945067,-0.021978,0.007326
2.237311,3.025640,-0.881563,9.945067,0.007328,0.007326
2.249899,3.142857,-0.871795,9.945067,-0.007326,0.002442
2.262869,3.216118,-0.847375,9.945067,0.007328,0.002442
2.275840,3.186813,-0.837606,9.945067,-0.007326,0.002442
2.288047,3.113552,-0.847375,9.945067,-0.007326,-0.002442
2.300636,3.128204,-0.837606,9.945067,-0.007326,-0.002442
2.313987,3.245420,-0.862027,9.945067,-0.007326,-0.007326
2.326957,3.304029,-0.837606,9.945067,-0.007326,-0.007326
2.339927,3.260073,-0.842491,9.945067,-0.021978,-0.007326
2.352134,3.157509,-0.837606,9.945067,0.007328,-0.007326
2.365485,3.245420,-0.842491,9.945067,0.007328,-0.012210
2.379219,3.347984,-0.837606,9.945067,-0.007326,-0.007326
2.392952,3.391941,-0.827839,9.945067,-0.021978,-0.007326
2.405541,3.260073,-0.822955,9.945067,-0.007326,-0.007326
2.418129,3.216118,-0.837606,9.945067,-0.007326,-0.007326
2.431863,3.318682,-0.832723,9.945067,0.007328,-0.007326
2.445596,3.406593,-0.842491,9.945067,-0.007326,-0.007326
2.458947,3.347984,-0.842491,9.945067,-0.007326,-0.007326
2.471155,3.186813,-0.847375,9.945067,-0.007326,-0.007326
2.484125,3.245420,-0.857142,9.945067,-0.007326,-0.007326
2.498240,3.391941,-0.862027,9.945067,0.007328,-0.012210
2.511973,3.421246,-0.876678,9.945067,-0.007326,-0.012210
2.524562,3.260073,-0.871795,9.945067,-0.021978,-0.012210
2.536769,3.172161,-0.866911,9.945067,-0.021978,-0.017094
2.550502,3.245420,-0.837606,9.945067,-0.007326,-0.017094
2.563091,3.230768,-0.749695,9.945067,0.007328,-0.017094
2.574535,3.040293,-0.681318,9.945067,-0.007326,-0.017094
2.585216,2.791208,-0.588523,9.945067,-0.021978,-0.017094
2.595515,2.717949,-0.534799,9.945067,-0.007326,-0.017094
2.605815,2.615385,-0.495727,9.945067,0.007328,-0.012210
2.614970,2.424908,-0.466422,9.945067,0.007328,-0.007326
2.622601,2.131868,-0.481074,9.945067,-0.007326,-0.007326
2.629467,1.882784,-0.500610,9.945067,0.007328,-0.007326
2.635952,1.736263,-0.549451,9.945067,-0.021978,-0.007326
2.642056,1.619047,-0.598290,9.945067,0.007328,-0.007326
2.647015,1.399267,-0.652015,9.945067,-0.007326,-0.012210
2.650830,1.164835,-0.715507,9.945067,-0.007326,-0.021978
2.654644,1.032967,-0.774115,9.945067,-0.007326,-0.021978
2.658459,0.974360,-0.822955,9.945067,-0.021978,-0.026862
2.661892,0.945055,-0.871795,9.945067,-0.007326,-0.031746
2.664562,0.783882,-0.896214,9.944686,-0.021978,-0.031746
2.667234,0.725275,-0.920635,9.945067,-0.021978,-0.031746
2.669904,0.695971,-0.940171,9.944686,-0.007326,-0.026862
2.672193,0.608059,-0.964591,9.944686,0.007328,-0.026862
2.674100,0.578754,-0.979243,9.944686,-0.021978,-0.021978
2.676770,0.593407,-0.984127,9.944686,-0.021978,-0.017094
2.677915,0.417582,-1.018315,9.945067,0.007328,-0.007326
2.678678,0.344322,-1.037851,9.945067,0.007328,-0.002442
2.680204,0.329670,-1.072039,9.945067,-0.007326,0.007326
2.681730,0.358974,-1.086691,9.944686,-0.007326,0.012211
2.682874,0.300365,-1.081807,9.945067,0.007328,0.012211
2.683637,0.256411,-1.101343,9.945067,-0.007326,0.012211
2.684018,0.168499,-1.120879,9.945067,-0.021978,0.007326
2.684781,0.168499,-1.135531,9.945067,-0.007326,-0.002442
2.685544,0.212454,-1.150183,9.945067,0.007328,-0.007326
2.686689,0.241758,-1.159951,9.945067,-0.021978,-0.012210
2.687070,0.153847,-1.159951,9.944686,-0.021978,-0.017094
2.687070,0.109890,-1.155067,9.945067,-0.007326,-0.021978
2.687833,0.153847,-1.164835,9.945067,0.007328,-0.021978
2.688596,0.197802,-1.155067,9.944686,-0.021978,-0.021978
2.689359,0.197802,-1.125763,9.944686,-0.007326,-0.017094
2.690122,0.183149,-1.106227,9.945067,0.007328,-0.017094
2.690885,0.168499,-1.101343,9.944686,-0.021978,-0.012210
2.691266,0.168499,-1.096459,9.944686,-0.007326,-0.002442
2.691648,0.139194,-1.096459,9.945067,-0.007326,0.002442
2.692029,0.139194,-1.106227,9.945067,-0.007326,0.002442
2.692792,0.139194,-1.111111,9.945067,-0.007326,0.002442
2.693174,0.124542,-1.111111,9.945067,0.007328,0.002442
2.693555,0.109890,-1.111111,9.945067,-0.007326,-0.002442
2.693937,0.095238,-1.111111,9.945067,0.007328,-0.007326
2.693937,0.065933,-1.120879,9.945067,0.007328,-0.007326
2.693937,0.036631,-1.130647,9.945067,-0.007326,-0.012210
2.694318,0.036631,-1.145299,9.945067,-0.007326,-0.017094
2.694318,0.036631,-1.159951,9.945067,-0.007326,-0.017094
2.694318,-0.007328,-1.164835,9.945067,-0.007326,-0.017094
2.694318,0.007326,-1.174603,9.945067,-0.007326,-0.017094
2.694318,0.021978,-1.184371,9.945067,-0.021978,-0.017094
2.694318,0.036631,-1.184371,9.945067,-0.007326,-0.017094
2.694318,0.007326,-1.184371,9.945067,-0.007326,-0.012210
2.694700,0.036631,-1.179487,9.945067,-0.021978,-0.007326
2.694700,0.036631,-1.179487,9.945067,-0.007326,-0.007326
2.694700,0.021978,-1.174603,9.945067,-0.007326,-0.002442
2.694700,0.036631,-1.169719,9.945067,-0.007326,0.002442
2.694700,0.021978,-1.164835,9.945067,-0.007326,-0.002442
2.695081,0.007326,-1.159951,9.945067,-0.007326,-0.002442
2.694700,0.007326,-1.159951,9.945067,-0.021978,-0.007326
2.695081,0.007326,-1.155067,9.945067,-0.007326,-0.007326
2.695081,0.021978,-1.155067,9.945067,-0.007326,-0.007326
2.695081,0.036631,-1.150183,9.945067,-0.007326,-0.012210
2.695081,0.007326,-1.145299,9.945067,-0.021978,-0.017094
2.695081,-0.007328,-1.140415,9.945067,-0.007326,-0.017094
2.695081,0.007326,-1.135531,9.944686,-0.036631,-0.021978
2.695081,0.007326,-1.120879,9.945067,-0.007326,-0.017094
2.695081,0.007326,-1.111111,9.944686,-0.007326,-0.017094
2.695081,0.021978,-1.096459,9.945067,-0.007326,-0.012210
2.695081,-0.007328,-1.076923,9.944686,-0.007326,-0.012210
2.695081,-0.007328,-1.057387,9.944686,-0.007326,-0.002442
2.694700,-0.007328,-1.032967,9.944686,-0.007326,0.002442
2.694700,-0.021980,-1.008547,9.945067,-0.021978,0.007326
2.694700,-0.007328,-0.984127,9.945067,0.007328,0.007326
2.694700,-0.021980,-0.949939,9.945067,-0.007326,0.012211
2.694318,-0.051285,-0.915751,9.945067,-0.021978,0.007326
2.694318,-0.036633,-0.876678,9.945067,-0.007326,0.007326
2.693937,-0.036633,-0.837606,9.945067,-0.021978,0.002442
2.693555,-0.065935,-0.793651,9.945067,-0.007326,0.002442
2.693174,-0.095240,-0.744811,9.945067,-0.007326,-0.002442
2.692792,-0.095240,-0.700854,9.945067,-0.007326,-0.007326
2.692029,-0.109892,-0.652015,9.945067,-0.007326,-0.012210
2.691266,-0.168499,-0.608059,9.945067,-0.007326,-0.012210
2.690122,-0.256413,-0.564102,9.945067,-0.007326,-0.017094
2.689359,-0.212456,-0.515263,9.945067,-0.007326,-0.017094
2.688215,-0.241760,-0.471307,9.945067,-0.007326,-0.017094
2.685926,-0.417583,-0.437119,9.945067,-0.021978,-0.017094
2.683637,-0.520149,-0.393163,9.945067,-0.007326,-0.012210
2.681348,-0.505497,-0.363858,9.945067,0.007328,-0.007326
2.679441,-0.490845,-0.344322,9.945067,-0.007326,-0.002442
2.676008,-0.725277,-0.310134,9.945067,-0.007326,-0.002442
2.671811,-0.915752,-0.295483,9.945067,-0.007326,0.002442
2.668378,-0.886448,-0.275947,9.945067,-0.021978,0.002442
2.664562,-0.857145,-0.261294,9.945067,-0.007326,-0.002442
2.660366,-0.959709,-0.231990,9.945067,-0.007326,-0.002442
2.654644,-1.223446,-0.212454,9.945067,0.007328,-0.002442
2.648922,-1.384617,-0.222222,9.945067,-0.007326,-0.002442
2.643582,-1.340660,-0.202686,9.945067,0.007328,-0.007326
2.638623,-1.311357,-0.178267,9.945067,-0.021978,-0.007326
2.632138,-1.443226,-0.197803,9.945067,-0.021978,-0.007326
2.624890,-1.663006,-0.231990,9.945067,-0.021978,-0.007326
2.617642,-1.765570,-0.251526,9.944686,-0.007326,-0.012210
2.610774,-1.706961,-0.246642,9.945067,-0.007326,-0.012210
2.603908,-1.736265,-0.241758,9.945067,0.007328,-0.007326
2.595515,-1.897438,-0.246642,9.944686,-0.021978,-0.007326
2.587123,-2.073261,-0.231990,9.944686,-0.007326,-0.012210
2.578349,-2.087914,-0.217339,9.944686,-0.007326,-0.017094
2.570338,-2.073261,-0.207570,9.945067,-0.007326,-0.017094
2.561183,-2.175827,-0.197803,9.944686,-0.007326,-0.017094
2.551265,-2.307693,-0.202686,9.944686,-0.021978,-0.021978
2.541347,-2.439564,-0.202686,9.945067,-0.007326,-0.021978
2.531047,-2.512821,-0.212454,9.944686,0.007328,-0.021978
2.520747,-2.512821,-0.231990,9.944686,-0.021978,-0.021978
2.510065,-2.586082,-0.241758,9.944686,-0.007326,-0.021978
2.499003,-2.732601,-0.271062,9.944686,-0.007326,-0.021978
2.486796,-2.849819,-0.275947,9.944686,-0.007326,-0.021978
2.475352,-2.879124,-0.310134,9.944686,-0.007326,-0.021978
2.463907,-2.879124,-0.319902,9.944686,-0.007326,-0.021978
2.452081,-2.937729,-0.339438,9.945067,0.007328,-0.017094
2.439492,-3.040295,-0.363858,9.944686,-0.021978,-0.017094
2.427285,-3.069599,-0.354091,9.944686,-0.007326,-0.017094
2.414696,-3.113556,-0.363858,9.945067,0.007328,-0.012210
2.402107,-3.142860,-0.368742,9.944686,-0.021978,-0.012210
2.389138,-3.157509,-0.344322,9.945067,-0.007326,-0.012210
2.376168,-3.230770,-0.344322,9.944686,-0.007326,-0.007326
2.362815,-3.274727,-0.344322,9.944686,-0.007326,-0.012210
2.349464,-3.318684,-0.383394,9.944686,0.007328,-0.012210
2.336112,-3.333336,-0.388278,9.944686,-0.007326,-0.012210
2.322379,-3.362640,-0.402930,9.945067,-0.007326,-0.017094
2.309028,-3.377293,-0.427350,9.945067,-0.021978,-0.017094
2.294914,-3.421246,-0.427350,9.945067,-0.007326,-0.017094
2.281562,-3.391945,-0.461538,9.944686,-0.007326,-0.017094
2.268210,-3.347988,-0.466422,9.945067,-0.007326,-0.021978
2.254858,-3.347988,-0.451771,9.945067,-0.021978,-0.021978
2.240744,-3.435898,-0.456655,9.945067,-0.007326,-0.026862
2.226629,-3.435898,-0.456655,9.944686,-0.007326,-0.026862
2.213277,-3.391945,-0.471307,9.945067,0.007328,-0.026862
2.200307,-3.304031,-0.485958,9.945067,-0.007326,-0.026862
2.186574,-3.391945,-0.466422,9.945067,0.007328,-0.026862
2.172840,-3.406593,-0.471307,9.945067,0.007328,-0.021978
2.159489,-3.362640,-0.466422,9.945067,-0.007326,-0.021978
2.146519,-3.274727,-0.485958,9.945067,-0.007326,-0.021978
2.133168,-3.289379,-0.495727,9.945067,-0.007326,-0.017094
2.119816,-3.333336,-0.495727,9.944686,-0.007326,-0.017094
2.106846,-3.304031,-0.525030,9.945067,-0.007326,-0.017094
2.094258,-3.216118,-0.539682,9.945067,-0.007326,-0.017094
2.081669,-3.157509,-0.578754,9.945067,-0.007326,-0.012210
2.069080,-3.113556,-0.637362,9.945067,-0.021978,-0.017094
2.057636,-3.025642,-0.715507,9.945067,-0.007326,-0.017094
2.046573,-2.849819,-0.783883,9.945067,-0.007326,-0.012210
2.035892,-2.717949,-0.832723,9.945067,-0.007326,-0.012210
2.025973,-2.556778,-0.871795,9.944686,-0.021978,-0.012210
2.016817,-2.380955,-0.886447,9.944686,-0.007326,-0.007326
2.008425,-2.234432,-0.886447,9.944686,-0.021978,-0.002442
2.000796,-2.029305,-0.871795,9.944686,-0.007326,-0.002442
1.994311,-1.809525,-0.842491,9.945067,-0.007326,0.002442
1.987444,-1.692310,-0.808303,9.944686,-0.021978,0.007326
1.981722,-1.560442,-0.774115,9.944686,-0.007326,0.007326
1.976381,-1.399269,-0.730159,9.945067,0.007328,0.007326
1.971803,-1.252748,-0.681318,9.944686,-0.007326,0.012211
1.967225,-1.208794,-0.661782,9.945067,-0.021978,0.012211
1.963029,-1.120880,-0.632479,9.944686,-0.007326,0.012211
1.959214,-1.032969,-0.617826,9.945067,-0.007326,0.007326
1.955400,-0.930405,-0.593407,9.945067,-0.007326,0.007326
1.952348,-0.871796,-0.578754,9.945067,-0.021978,0.002442
1.948915,-0.857145,-0.568987,9.945067,-0.021978,-0.002442
1.945482,-0.813189,-0.568987,9.945067,-0.007326,-0.007326
1.942811,-0.754581,-0.568987,9.945067,-0.007326,-0.007326
1.939759,-0.710625,-0.573871,9.944686,-0.007326,-0.007326
1.937471,-0.637363,-0.568987,9.944686,-0.021978,-0.007326
1.935182,-0.622713,-0.559218,9.944686,-0.021978,-0.007326
1.932512,-0.637363,-0.564102,9.944686,-0.007326,-0.007326
1.930985,-0.476192,-0.549451,9.944686,0.007328,-0.002442
1.929077,-0.417583,-0.534799,9.945067,-0.021978,-0.002442
1.927552,-0.432236,-0.520146,9.945067,-0.007326,-0.002442
1.925263,-0.476192,-0.525030,9.945067,-0.007326,-0.002442
1.924118,-0.358976,-0.515263,9.945067,-0.007326,-0.002442
1.923355,-0.256413,-0.510379,9.945067,0.007328,-0.002442
1.921829,-0.300367,-0.495727,9.945067,-0.007326,-0.002442
1.920685,-0.315020,-0.476191,9.945067,-0.007326,-0.007326
1.919922,-0.285717,-0.485958,9.945067,-0.007326,-0.012210
1.918396,-0.300367,-0.510379,9.945067,-0.007326,-0.012210
1.917252,-0.271065,-0.510379,9.945067,-0.021978,-0.012210
1.916870,-0.212456,-0.515263,9.944686,-0.021978,-0.017094
1.915344,-0.271065,-0.520146,9.945067,-0.007326,-0.017094
1.913819,-0.315020,-0.520146,9.944686,0.007328,-0.017094
1.913437,-0.197803,-0.529915,9.944686,-0.007326,-0.012210
1.913056,-0.139196,-0.544566,9.945067,-0.007326,-0.012210
1.911911,-0.197803,-0.559218,9.945067,-0.007326,-0.007326
1.911148,-0.212456,-0.573871,9.945067,-0.007326,-0.007326
1.911148,-0.095240,-0.583638,9.945067,-0.007326,-0.007326
1.911148,-0.036633,-0.598290,9.945067,0.007328,-0.007326
1.910767,-0.021980,-0.593407,9.945067,-0.007326,-0.002442
1.911148,0.007326,-0.598290,9.945067,-0.021978,-0.002442
1.911148,0.051283,-0.617826,9.945067,0.007328,-0.007326
1.911148,0.036631,-0.632479,9.945067,0.007328,-0.007326
1.911530,0.036631,-0.661782,9.944686,-0.036631,-0.007326
1.911911,0.109890,-0.700854,9.945067,-0.007326,-0.002442
1.912674,0.139194,-0.730159,9.944686,-0.021978,-0.002442
1.913437,0.153847,-0.759462,9.945067,0.007328,-0.002442
1.914200,0.227106,-0.783883,9.944686,-0.021978,-0.002442
1.915726,0.271063,-0.822955,9.945067,0.007328,-0.002442
1.916489,0.271063,-0.857142,9.945067,-0.021978,0.002442
1.918396,0.358974,-0.886447,9.945067,-0.007326,0.002442
1.920304,0.446886,-0.905983,9.945067,-0.021978,0.002442
1.922974,0.564102,-0.905983,9.944686,-0.007326,0.002442
1.925644,0.652014,-0.910867,9.944686,-0.007326,0.002442
1.928696,0.695971,-0.915751,9.945067,-0.007326,0.002442
1.931748,0.754580,-0.915751,9.945067,-0.007326,-0.002442
1.935945,0.930403,-0.920635,9.945067,-0.007326,0.002442
1.940141,0.989012,-0.925519,9.945067,-0.007326,0.002442
1.944337,1.062271,-0.925519,9.945067,-0.007326,0.002442
1.949296,1.150183,-0.915751,9.945067,-0.021978,0.002442
1.955018,1.311356,-0.910867,9.945067,-0.007326,0.002442
1.960359,1.369963,-0.905983,9.945067,-0.021978,0.002442
1.966081,1.384615,-0.925519,9.944686,-0.021978,0.002442
1.972184,1.472527,-0.915751,9.945067,-0.007326,0.002442
1.978669,1.589743,-0.920635,9.945067,-0.021978,-0.002442
1.985918,1.721611,-0.920635,9.944686,-0.007326,-0.002442
1.993166,1.765568,-0.925519,9.945067,-0.007326,-0.002442
2.000414,1.765568,-0.935287,9.944686,-0.007326,-0.002442
2.008044,1.882784,-0.940171,9.944686,0.007328,-0.007326
2.016817,2.058607,-0.935287,9.945067,-0.007326,-0.002442
2.025591,2.161173,-0.940171,9.945067,-0.007326,-0.002442
2.034366,2.146521,-0.935287,9.945067,-0.007326,-0.002442
2.043521,2.234432,-0.935287,9.945067,-0.007326,-0.002442
2.053058,2.336996,-0.945055,9.945067,0.007328,-0.007326
2.062595,2.410255,-0.940171,9.945067,-0.007326,-0.002442
2.073276,2.512821,-0.935287,9.944686,-0.021978,-0.002442
2.083576,2.571428,-0.925519,9.945067,-0.021978,-0.007326
2.094258,2.630037,-0.930403,9.945067,-0.007326,-0.007326
2.104939,2.688644,-0.920635,9.945067,-0.007326,-0.002442
2.116383,2.747253,-0.910867,9.945067,-0.021978,-0.002442
2.127827,2.820513,-0.910867,9.945067,-0.007326,-0.007326
2.139271,2.879120,-0.901099,9.945067,-0.007326,-0.007326
2.151097,2.908424,-0.896214,9.945067,-0.007326,-0.007326
2.162922,2.952381,-0.881563,9.945067,-0.007326,-0.007326
2.175129,2.981686,-0.876678,9.945067,-0.007326,-0.012210
2.187337,3.040293,-0.881563,9.945067,-0.021978,-0.012210
2.199926,3.084249,-0.862027,9.945067,-0.007326,-0.007326
2.212133,3.128204,-0.862027,9.945067,0.007328,-0.007326
2.225103,3.142857,-0.852259,9.945067,-0.007326,-0.007326
2.237311,3.142857,-0.852259,9.945067,-0.007326,-0.007326
2.250281,3.186813,-0.837606,9.945067,-0.007326,-0.007326
2.263251,3.230768,-0.832723,9.945067,0.007328,-0.012210
2.276222,3.230768,-0.842491,9.944686,-0.007326,-0.012210
2.288810,3.186813,-0.837606,9.945067,-0.007326,-0.012210
2.301780,3.186813,-0.837606,9.945067,-0.007326,-0.012210
2.314750,3.260073,-0.852259,9.945067,-0.021978,-0.012210
2.328101,3.318682,-0.847375,9.944686,-0.021978,-0.012210
2.341071,3.274725,-0.852259,9.945067,0.007328,-0.017094
2.354423,3.230768,-0.837606,9.945067,-0.021978,-0.017094
2.367393,3.289377,-0.837606,9.944686,-0.007326,-0.017094
2.381127,3.362637,-0.827839,9.945067,-0.007326,-0.017094
2.394478,3.362637,-0.808303,9.944686,-0.007326,-0.012210
2.407448,3.289377,-0.822955,9.944686,-0.007326,-0.017094
2.420418,3.274725,-0.798534,9.944686,-0.007326,-0.017094
2.433770,3.289377,-0.793651,9.944686,0.007328,-0.017094
2.447122,3.377289,-0.778998,9.945067,-0.007326,-0.017094
2.460092,3.274725,-0.778998,9.944686,-0.007326,-0.021978
2.472681,3.186813,-0.778998,9.944686,0.007328,-0.017094
2.485270,3.186813,-0.774115,9.945067,-0.007326,-0.021978
2.498240,3.230768,-0.759462,9.944686,-0.007326,-0.021978
2.511210,3.216118,-0.754579,9.945067,0.007328,-0.017094
2.523036,3.054945,-0.754579,9.945067,-0.007326,-0.021978
2.534480,2.952381,-0.764347,9.945067,-0.021978,-0.021978
2.546687,3.010988,-0.759462,9.945067,-0.007326,-0.021978
2.558513,3.010988,-0.754579,9.945067,-0.007326,-0.021978
2.569576,2.879120,-0.754579,9.945067,-0.007326,-0.021978
2.579875,2.659340,-0.720390,9.944686,-0.007326,-0.021978
2.589793,2.556776,-0.695971,9.945067,-0.007326,-0.021978
2.600093,2.542124,-0.642246,9.945067,-0.007326,-0.021978
2.608867,2.424908,-0.603174,9.945067,-0.007326,-0.021978
2.617260,2.175823,-0.573871,9.945067,-0.007326,-0.021978
2.624508,1.985348,-0.568987,9.944686,-0.007326,-0.017094
2.630993,1.794872,-0.603174,9.944686,-0.007326,-0.021978
2.637478,1.706959,-0.627595,9.945067,-0.007326,-0.021978
2.643200,1.531136,-0.661782,9.944686,-0.021978,-0.017094
2.647778,1.326008,-0.700854,9.945067,-0.007326,-0.021978
2.651974,1.150183,-0.744811,9.945067,-0.021978,-0.026862
2.655789,1.032967,-0.803419,9.945067,-0.007326,-0.026862
2.659603,1.018314,-0.837606,9.945067,-0.007326,-0.026862
2.663037,0.886446,-0.871795,9.945067,-0.007326,-0.031746
2.665708,0.769230,-0.896214,9.944686,-0.007326,-0.031746
2.668378,0.739927,-0.910867,9.944686,-0.007326,-0.036630
2.670667,0.652014,-0.945055,9.944686,-0.007326,-0.036630
2.672956,0.578754,-0.964591,9.944686,-0.036631,-0.031746
2.675245,0.564102,-0.969475,9.944686,-0.007326,-0.031746
2.677152,0.549450,-0.993895,9.944686,-0.007326,-0.026862
2.678296,0.358974,-1.018315,9.945067,-0.007326,-0.021978
2.679441,0.358974,-1.047619,9.945067,-0.007326,-0.021978
2.680967,0.373627,-1.072039,9.944686,-0.007326,-0.017094
2.682492,0.358974,-1.076923,9.944686,-0.007326,-0.012210
2.683255,0.300365,-1.081807,9.945067,-0.021978,-0.007326
2.683637,0.197802,-1.101343,9.945067,-0.007326,-0.007326
2.684400,0.183149,-1.120879,9.945067,-0.021978,-0.007326
2.685163,0.197802,-1.135531,9.944686,-0.007326,-0.007326
2.686307,0.241758,-1.145299,9.945067,-0.021978,-0.012210
2.686689,0.183149,-1.150183,9.944686,-0.007326,-0.017094
2.686689,0.109890,-1.150183,9.944686,-0.007326,-0.021978
2.687452,0.124542,-1.155067,9.944686,0.007328,-0.021978
2.688215,0.153847,-1.164835,9.945067,-0.007326,-0.021978
2.688977,0.197802,-1.150183,9.944686,-0.007326,-0.021978
2.689740,0.183149,-1.120879,9.944686,-0.021978,-0.021978
2.690122,0.168499,-1.106227,9.944686,-0.021978,-0.017094
2.690885,0.153847,-1.101343,9.945067,-0.021978,-0.017094
2.691266,0.153847,-1.101343,9.945067,-0.007326,-0.017094
2.691648,0.139194,-1.101343,9.944686,-0.021978,-0.012210
2.692029,0.109890,-1.106227,9.945067,-0.007326,-0.012210
2.692411,0.124542,-1.111111,9.944686,-0.007326,-0.012210
2.693174,0.124542,-1.111111,9.945067,-0.007326,-0.007326
2.693555,0.109890,-1.111111,9.945067,-0.007326,-0.012210
2.693937,0.095238,-1.111111,9.945067,-0.007326,-0.012210
2.693937,0.065933,-1.111111,9.945067,-0.007326,-0.017094
2.694318,0.051283,-1.120879,9.945067,-0.007326,-0.017094
2.694318,0.051283,-1.130647,9.944686,-0.021978,-0.021978
2.694318,0.021978,-1.135531,9.944686,-0.007326,-0.021978
2.694318,0.021978,-1.135531,9.945067,0.007328,-0.026862
2.694318,0.007326,-1.130647,9.945067,-0.007326,-0.026862
2.694318,-0.007328,-1.120879,9.944686,-0.007326,-0.026862
2.694318,0.007326,-1.101343,9.944686,-0.007326,-0.026862
2.694318,0.007326,-1.081807,9.945067,0.007328,-0.021978
2.694318,0.007326,-1.057387,9.944686,-0.021978,-0.021978
2.694318,0.007326,-1.028083,9.945067,0.007328,-0.017094
2.694318,0.007326,-0.998779,9.945067,-0.007326,-0.017094
2.693937,-0.007328,-0.969475,9.945067,-0.007326,-0.012210
2.693937,-0.021980,-0.935287,9.945067,-0.007326,-0.012210
2.693937,-0.007328,-0.901099,9.945067,-0.007326,-0.017094
2.693555,-0.051285,-0.857142,9.945067,-0.007326,-0.012210
2.693555,-0.036633,-0.818070,9.945067,-0.007326,-0.012210
2.693174,-0.036633,-0.774115,9.945067,-0.007326,-0.017094
2.692792,-0.065935,-0.735043,9.945067,-0.007326,-0.021978
2.692411,-0.080587,-0.695971,9.944686,-0.021978,-0.021978
2.692029,-0.124544,-0.656898,9.945067,-0.007326,-0.021978
2.690885,-0.197803,-0.627595,9.945067,-0.007326,-0.021978
2.690122,-0.227108,-0.593407,9.944686,-0.007326,-0.021978
2.689359,-0.183151,-0.554335,9.944686,-0.007326,-0.021978
2.687833,-0.241760,-0.525030,9.944686,0.007328,-0.017094
2.685926,-0.417583,-0.495727,9.944686,-0.007326,-0.012210
2.684018,-0.461540,-0.466422,9.944686,-0.007326,-0.012210
2.682111,-0.446888,-0.437119,9.945067,-0.007326,-0.007326
2.680585,-0.388281,-0.407814,9.945067,-0.007326,-0.007326
2.677533,-0.608061,-0.383394,9.945067,-0.007326,-0.002442
2.673719,-0.798536,-0.358974,9.944686,0.007328,-0.002442
2.671430,-0.695972,-0.344322,9.944686,-0.007326,-0.002442
2.668760,-0.666668,-0.305250,9.944686,0.007328,0.002442
2.665326,-0.813189,-0.280830,9.944686,-0.007326,0.002442
2.661129,-0.930405,-0.246642,9.944686,-0.021978,0.002442
2.656170,-1.076925,-0.241758,9.945067,-0.021978,0.002442
2.651592,-1.106228,-0.222222,9.944686,0.007328,-0.002442
2.647015,-1.150185,-0.202686,9.945067,-0.021978,-0.002442
2.642056,-1.238096,-0.183150,9.944686,-0.007326,-0.002442
2.635952,-1.369965,-0.158731,9.944686,-0.021978,-0.002442
2.629467,-1.531137,-0.148962,9.945067,-0.007326,-0.007326
2.622601,-1.633701,-0.153846,9.945067,-0.007326,-0.012210
2.615733,-1.677658,-0.148962,9.944686,-0.021978,-0.017094
2.608867,-1.721613,-0.148962,9.945067,0.021980,-0.017094
2.600856,-1.882786,-0.158731,9.945067,-0.007326,-0.021978
2.591701,-2.102566,-0.173382,9.945067,-0.007326,-0.026862
2.582546,-2.190479,-0.202686,9.944686,-0.007326,-0.031746
2.574153,-2.161175,-0.212454,9.945067,0.007328,-0.031746
2.564998,-2.234432,-0.222222,9.944686,-0.021978,-0.036630
2.554698,-2.424911,-0.227106,9.944686,-0.021978,-0.041514
2.544399,-2.556778,-0.261294,9.944686,0.007328,-0.041514
2.533717,-2.586082,-0.280830,9.945067,-0.007326,-0.041514
2.523799,-2.556778,-0.280830,9.944686,-0.007326,-0.036630
2.512736,-2.615387,-0.305250,9.945067,-0.007326,-0.036630
2.501292,-2.761906,-0.315019,9.944686,-0.007326,-0.036630
2.489847,-2.835167,-0.334555,9.944686,-0.007326,-0.036630
2.478022,-2.835167,-0.349206,9.944686,-0.007326,-0.036630
2.466577,-2.835167,-0.354091,9.944686,0.007328,-0.031746
2.455133,-2.908428,-0.378510,9.944686,-0.007326,-0.031746
2.442544,-3.010990,-0.378510,9.944686,-0.007326,-0.031746
2.430719,-3.025642,-0.398046,9.945067,-0.007326,-0.026862
2.418892,-2.981686,-0.398046,9.945067,0.007328,-0.026862
2.406685,-3.010990,-0.393163,9.944686,-0.007326,-0.026862
2.394097,-3.084251,-0.407814,9.944686,-0.007326,-0.026862
2.381508,-3.113556,-0.402930,9.944686,-0.021978,-0.026862
2.369300,-3.084251,-0.402930,9.944686,-0.007326,-0.026862
2.356712,-3.098904,-0.422466,9.944686,-0.007326,-0.026862
2.343742,-3.142860,-0.398046,9.944686,-0.021978,-0.026862
2.331153,-3.157509,-0.412699,9.944686,-0.007326,-0.026862
2.318565,-3.186813,-0.412699,9.944686,-0.007326,-0.021978
2.305595,-3.186813,-0.417583,9.944686,-0.007326,-0.021978
2.292625,-3.216118,-0.407814,9.944686,-0.007326,-0.017094
2.279655,-3.245422,-0.407814,9.945067,-0.007326,-0.012210
2.266684,-3.216118,-0.422466,9.944686,-0.021978,-0.012210
2.253714,-3.216118,-0.427350,9.945067,0.007328,-0.012210
2.240362,-3.289379,-0.412699,9.944686,0.007328,-0.012210
2.226629,-3.318684,-0.432235,9.945067,-0.021978,-0.017094
2.213659,-3.304031,-0.427350,9.945067,-0.007326,-0.017094
2.200689,-3.274727,-0.451771,9.944686,-0.021978,-0.017094
2.187337,-3.318684,-0.437119,9.945067,-0.021978,-0.021978
2.173985,-3.347988,-0.446886,9.944686,-0.021978,-0.021978
2.160633,-3.318684,-0.442002,9.945067,-0.007326,-0.021978
2.148045,-3.274727,-0.451771,9.944686,-0.007326,-0.021978
2.134312,-3.304031,-0.456655,9.945067,-0.021978,-0.021978
2.121342,-3.318684,-0.476191,9.944686,-0.021978,-0.021978
2.107991,-3.318684,-0.485958,9.944686,-0.007326,-0.021978
2.095021,-3.230770,-0.515263,9.945067,-0.007326,-0.021978
2.082432,-3.201466,-0.534799,9.945067,-0.021978,-0.021978
2.069843,-3.157509,-0.622710,9.945067,-0.007326,-0.021978
2.058017,-3.054947,-0.715507,9.945067,-0.007326,-0.021978
2.046954,-2.893776,-0.788767,9.945067,-0.007326,-0.021978
2.036273,-2.732601,-0.852259,9.945067,-0.007326,-0.021978
2.026354,-2.600735,-0.871795,9.945067,-0.007326,-0.021978
2.016817,-2.439564,-0.901099,9.944686,-0.021978,-0.021978
2.008425,-2.234432,-0.910867,9.944686,-0.021978,-0.021978
2.000796,-2.029305,-0.886447,9.944686,-0.007326,-0.021978
1.993929,-1.824177,-0.857142,9.944686,-0.007326,-0.017094
1.987444,-1.706961,-0.813187,9.944686,-0.007326,-0.017094
1.981722,-1.560442,-0.778998,9.944686,0.007328,-0.012210
1.976381,-1.399269,-0.739926,9.945067,-0.007326,-0.012210
1.971803,-1.267401,-0.695971,9.944686,-0.007326,-0.007326
1.966844,-1.223446,-0.681318,9.945067,-0.007326,-0.007326
1.962648,-1.120880,-0.647131,9.945067,0.007328,-0.002442
1.958833,-1.032969,-0.632479,9.945067,-0.007326,-0.002442
1.955400,-0.915752,-0.612943,9.945067,-0.007326,-0.002442
1.952348,-0.857145,-0.593407,9.945067,-0.007326,-0.007326
1.948915,-0.842493,-0.578754,9.944686,-0.021978,-0.007326
1.945482,-0.783884,-0.564102,9.945067,-0.007326,-0.012210
1.942811,-0.725277,-0.559218,9.944686,-0.021978,-0.017094
1.940141,-0.695972,-0.564102,9.944686,-0.007326,-0.017094
1.937852,-0.622713,-0.544566,9.944686,-0.007326,-0.017094
1.935563,-0.622713,-0.539682,9.944686,-0.021978,-0.021978
1.932893,-0.637363,-0.549451,9.944686,-0.021978,-0.017094
1.931366,-0.490845,-0.534799,9.944686,-0.021978,-0.017094
1.929840,-0.417583,-0.529915,9.944686,-0.007326,-0.012210
1.927933,-0.446888,-0.510379,9.945067,-0.007326,-0.007326
1.925644,-0.490845,-0.525030,9.944686,-0.007326,-0.002442
1.924500,-0.402931,-0.515263,9.945067,-0.007326,-0.002442
1.923737,-0.285717,-0.515263,9.945067,0.007328,-0.002442
1.922211,-0.300367,-0.490843,9.945067,-0.007326,-0.007326
1.920685,-0.358976,-0.476191,9.945067,-0.021978,-0.007326
1.919922,-0.285717,-0.485958,9.945067,-0.007326,-0.012210
1.918396,-0.344324,-0.510379,9.945067,-0.007326,-0.017094
1.917252,-0.285717,-0.515263,9.945067,-0.021978,-0.017094
1.916489,-0.227108,-0.520146,9.944686,-0.007326,-0.017094
1.914963,-0.285717,-0.525030,9.944686,-0.007326,-0.021978
1.913819,-0.300367,-0.520146,9.944686,-0.007326,-0.021978
1.913056,-0.241760,-0.525030,9.944686,-0.007326,-0.021978
1.912293,-0.183151,-0.539682,9.944686,-0.007326,-0.017094
1.911148,-0.256413,-0.554335,9.945067,-0.021978,-0.017094
1.910385,-0.197803,-0.549451,9.945067,0.007328,-0.012210
1.910004,-0.139196,-0.539682,9.945067,-0.007326,-0.012210
1.909622,-0.124544,-0.525030,9.945067,-0.007326,-0.012210
1.908859,-0.139196,-0.515263,9.944686,-0.007326,-0.007326
1.908478,-0.139196,-0.505494,9.945067,-0.007326,-0.012210
1.907715,-0.124544,-0.510379,9.945067,0.007328,-0.012210
1.907334,-0.109892,-0.510379,9.944686,-0.021978,-0.012210
1.907334,-0.065935,-0.500610,9.944686,-0.007326,-0.012210
1.906952,-0.065935,-0.495727,9.944686,0.007328,-0.012210
1.906571,-0.065935,-0.490843,9.945067,0.007328,-0.017094
1.906571,-0.051285,-0.490843,9.945067,0.007328,-0.017094
1.906952,0.021978,-0.495727,9.945067,-0.007326,-0.017094
1.906952,0.036631,-0.505494,9.944686,-0.021978,-0.017094
1.906952,0.036631,-0.510379,9.945067,-0.007326,-0.017094
1.907334,0.051283,-0.529915,9.944686,-0.021978,-0.017094
1.907334,0.036631,-0.549451,9.945067,0.007328,-0.017094
1.907334,0.051283,-0.583638,9.944686,-0.007326,-0.012210
1.907715,0.051283,-0.622710,9.945067,0.021980,-0.012210
1.908097,0.065933,-0.666667,9.945067,-0.007326,-0.012210
1.908097,0.051283,-0.705739,9.944686,0.007328,-0.012210
1.908478,0.095238,-0.754579,9.944686,-0.007326,-0.012210
1.909241,0.124542,-0.788767,9.945067,-0.021978,-0.012210
1.910004,0.168499,-0.822955,9.945067,-0.007326,-0.012210
1.911148,0.285715,-0.847375,9.944686,-0.007326,-0.012210
1.912293,0.271063,-0.871795,9.945067,0.007328,-0.012210
1.913819,0.329670,-0.886447,9.944686,-0.007326,-0.012210
1.916107,0.505495,-0.896214,9.944686,-0.021978,-0.017094
1.918778,0.593407,-0.915751,9.944686,-0.007326,-0.012210
1.921067,0.608059,-0.920635,9.944686,-0.007326,-0.012210
1.924118,0.695971,-0.901099,9.944686,-0.007326,-0.012210
1.927933,0.857143,-0.915751,9.945067,-0.007326,-0.012210
1.931366,0.901098,-0.905983,9.945067,0.007328,-0.007326
1.935563,0.974360,-0.915751,9.944686,-0.007326,-0.007326
1.939759,1.032967,-0.915751,9.945067,-0.021978,-0.007326
1.944719,1.150183,-0.925519,9.945067,-0.007326,-0.007326
1.950059,1.267399,-0.915751,9.945067,-0.007326,-0.007326
1.955781,1.369963,-0.915751,9.945067,0.007328,-0.007326
1.961885,1.428572,-0.910867,9.945067,-0.007326,-0.007326
1.967607,1.472527,-0.925519,9.944686,-0.007326,-0.012210
1.974092,1.545788,-0.930403,9.945067,-0.021978,-0.012210
1.981341,1.706959,-0.935287,9.944686,-0.021978,-0.012210
1.988970,1.824175,-0.940171,9.945067,-0.007326,-0.012210
1.996218,1.838827,-0.945055,9.944686,-0.007326,-0.012210
2.003847,1.868132,-0.954823,9.944686,-0.007326,-0.012210
2.012621,2.029305,-0.949939,9.944686,-0.021978,-0.012210
2.021395,2.175823,-0.949939,9.945067,-0.007326,-0.007326
2.030551,2.219780,-0.945055,9.945067,-0.007326,-0.007326
2.039325,2.219780,-0.940171,9.944686,-0.007326,-0.007326
2.049243,2.351648,-0.935287,9.945067,0.007328,-0.007326
2.059161,2.439560,-0.945055,9.945067,0.007328,-0.007326
2.069461,2.542124,-0.930403,9.945067,-0.021978,-0.007326
2.080143,2.615385,-0.930403,9.944686,-0.021978,-0.012210
2.090824,2.659340,-0.925519,9.945067,0.007328,-0.012210
2.101887,2.717949,-0.910867,9.945067,-0.007326,-0.017094
2.112950,2.747253,-0.901099,9.945067,0.007328,-0.017094
2.124775,2.849817,-0.896214,9.945067,-0.021978,-0.017094
2.136601,2.923077,-0.886447,9.944686,-0.021978,-0.017094
2.148426,2.952381,-0.886447,9.944686,0.007328,-0.017094
2.160252,2.937729,-0.866911,9.945067,-0.007326,-0.017094
2.172077,2.996336,-0.866911,9.944686,-0.007326,-0.017094
2.184667,3.054945,-0.866911,9.945067,-0.007326,-0.017094
2.197255,3.113552,-0.857142,9.944686,-0.021978,-0.017094
2.209462,3.113552,-0.862027,9.944686,-0.007326,-0.012210
2.222432,3.128204,-0.842491,9.944686,-0.007326,-0.012210
2.235022,3.128204,-0.852259,9.945067,-0.007326,-0.017094
2.247610,3.186813,-0.842491,9.944686,-0.007326,-0.017094
2.260580,3.245420,-0.842491,9.945067,-0.007326,-0.017094
2.273550,3.216118,-0.837606,9.945067,-0.021978,-0.021978
2.286140,3.201466,-0.842491,9.944686,-0.007326,-0.021978
2.299110,3.201466,-0.857142,9.944686,-0.007326,-0.021978
2.312080,3.245420,-0.852259,9.944686,-0.021978,-0.026862
2.325431,3.304029,-0.857142,9.944686,-0.007326,-0.026862
2.338401,3.289377,-0.862027,9.945067,-0.007326,-0.021978
2.351371,3.245420,-0.862027,9.944686,-0.021978,-0.026862
2.364722,3.304029,-0.847375,9.945067,0.007328,-0.026862
2.378456,3.377289,-0.842491,9.945067,-0.007326,-0.021978
2.392189,3.406593,-0.827839,9.944686,-0.007326,-0.021978
2.405159,3.318682,-0.837606,9.945067,-0.007326,-0.021978
2.418129,3.304029,-0.827839,9.944686,-0.007326,-0.021978
2.431863,3.347984,-0.813187,9.944686,-0.007326,-0.021978
2.445596,3.406593,-0.808303,9.944686,-0.021978,-0.021978
2.458947,3.391941,-0.818070,9.945067,-0.007326,-0.026862
2.471537,3.260073,-0.813187,9.944686,-0.007326,-0.026862
2.485270,3.274725,-0.798534,9.944686,-0.007326,-0.026862
2.498621,3.347984,-0.788767,9.944686,-0.021978,-0.031746
2.511591,3.347984,-0.783883,9.945067,-0.007326,-0.031746
2.524181,3.201466,-0.788767,9.944686,-0.007326,-0.031746
2.536006,3.098902,-0.788767,9.944686,-0.021978,-0.031746
2.548976,3.142857,-0.788767,9.944686,-0.021978,-0.036630
2.561565,3.157509,-0.749695,9.944686,-0.007326,-0.031746
2.572627,2.967033,-0.705739,9.944686,0.007328,-0.031746
2.582927,2.732601,-0.647131,9.944686,-0.007326,-0.026862
2.593227,2.630037,-0.608059,9.945067,-0.007326,-0.031746
2.603526,2.586081,-0.559218,9.945067,-0.007326,-0.026862
2.612682,2.410255,-0.529915,9.944686,-0.007326,-0.026862
2.620312,2.117216,-0.529915,9.944686,-0.007326,-0.026862
2.627178,1.868132,-0.544566,9.945067,-0.021978,-0.026862
2.633663,1.750916,-0.593407,9.945067,0.007328,-0.026862
2.639767,1.648352,-0.622710,9.944686,-0.007326,-0.026862
2.645108,1.443224,-0.666667,9.944686,-0.021978,-0.031746
2.649304,1.208792,-0.715507,9.945067,-0.007326,-0.031746
2.653118,1.062271,-0.769231,9.944686,0.007328,-0.031746
2.656933,1.018314,-0.822955,9.945067,0.021980,-0.036630
2.660748,0.974360,-0.857142,9.945067,0.021980,-0.041514
2.663418,0.798534,-0.886447,9.944686,-0.036631,-0.041514
2.666089,0.725275,-0.910867,9.944686,-0.007326,-0.041514
2.669141,0.739927,-0.925519,9.944686,0.007328,-0.046398
2.671430,0.652014,-0.954823,9.944686,-0.021978,-0.041514
2.673337,0.578754,-0.974359,9.944686,-0.007326,-0.041514
2.675626,0.564102,-0.969475,9.944686,-0.007326,-0.036630
2.677533,0.505495,-1.008547,9.944686,-0.007326,-0.031746
2.678678,0.373627,-1.023199,9.944686,-0.007326,-0.026862
2.679822,0.344322,-1.052503,9.945067,0.007328,-0.021978
2.680967,0.358974,-1.081807,9.944686,-0.007326,-0.017094
2.682111,0.329670,-1.081807,9.944686,-0.007326,-0.017094
2.683255,0.271063,-1.091575,9.945067,0.007328,-0.017094
2.683637,0.183149,-1.115995,9.944686,-0.021978,-0.017094
2.684018,0.153847,-1.135531,9.944686,0.007328,-0.021978
2.684781,0.168499,-1.150183,9.944686,0.007328,-0.021978
2.685926,0.212454,-1.159951,9.944686,0.007328,-0.026862
2.686307,0.183149,-1.159951,9.944686,-0.036631,-0.026862
2.686689,0.124542,-1.159951,9.944686,-0.007326,-0.031746
2.687070,0.109890,-1.159951,9.944686,-0.007326,-0.031746
2.687833,0.153847,-1.164835,9.944686,-0.007326,-0.031746
2.688596,0.212454,-1.159951,9.944686,-0.007326,-0.031746
2.689359,0.183149,-1.125763,9.944686,-0.007326,-0.031746
2.690122,0.197802,-1.106227,9.944686,-0.007326,-0.031746
2.690885,0.168499,-1.101343,9.944686,0.007328,-0.026862
2.691266,0.124542,-1.096459,9.944686,-0.007326,-0.021978
2.691648,0.168499,-1.096459,9.944686,-0.007326,-0.021978
2.692029,0.139194,-1.096459,9.944686,0.007328,-0.021978
2.692792,0.139194,-1.106227,9.944686,-0.007326,-0.017094
2.693174,0.109890,-1.101343,9.944686,-0.021978,-0.021978
2.693555,0.109890,-1.101343,9.945067,-0.007326,-0.021978
2.693555,0.080585,-1.106227,9.944686,-0.021978,-0.026862
2.693937,0.065933,-1.115995,9.944686,-0.021978,-0.026862
2.694318,0.065933,-1.125763,9.944686,-0.007326,-0.026862
2.694318,0.036631,-1.135531,9.944686,-0.007326,-0.031746
2.694318,0.007326,-1.150183,9.944686,0.007328,-0.036630
2.694318,0.021978,-1.159951,9.944686,-0.021978,-0.031746
2.694318,0.021978,-1.164835,9.944686,-0.007326,-0.031746
2.694318,0.021978,-1.169719,9.944686,-0.021978,-0.031746
2.694318,0.007326,-1.164835,9.944686,-0.007326,-0.026862
2.694318,0.007326,-1.159951,9.944686,-0.021978,-0.026862
2.694318,0.021978,-1.145299,9.944686,-0.007326,-0.021978
2.694318,0.021978,-1.130647,9.944686,-0.007326,-0.021978
2.694318,-0.007328,-1.111111,9.944686,-0.007326,-0.021978
2.694318,0.007326,-1.086691,9.944686,-0.007326,-0.021978
2.694318,-0.021980,-1.057387,9.944686,-0.021978,-0.017094
2.694318,-0.021980,-1.032967,9.944686,-0.007326,-0.021978
2.694318,0.007326,-0.998779,9.945067,-0.021978,-0.021978
2.694318,0.007326,-0.959707,9.944686,-0.007326,-0.026862
2.694318,-0.021980,-0.920635,9.944686,0.007328,-0.031746
2.693937,-0.036633,-0.881563,9.944686,-0.007326,-0.031746
2.693937,-0.036633,-0.842491,9.944686,-0.007326,-0.031746
2.693555,-0.051285,-0.798534,9.944686,-0.007326,-0.036630
2.693174,-0.065935,-0.754579,9.944686,-0.021978,-0.036630
2.692792,-0.095240,-0.710623,9.944686,-0.007326,-0.036630
2.692029,-0.139196,-0.676435,9.944686,-0.007326,-0.031746
2.691266,-0.168499,-0.642246,9.944686,-0.007326,-0.026862
2.690122,-0.227108,-0.603174,9.944686,-0.007326,-0.026862
2.689359,-0.212456,-0.559218,9.944686,-0.007326,-0.021978
2.687833,-0.256413,-0.529915,9.944686,-0.021978,-0.017094
2.685926,-0.417583,-0.500610,9.944686,0.007328,-0.017094
2.683637,-0.490845,-0.461538,9.944686,-0.021978,-0.012210
2.682111,-0.446888,-0.432235,9.944686,-0.007326,-0.012210
2.680204,-0.417583,-0.398046,9.944686,-0.007326,-0.012210
2.677152,-0.622713,-0.368742,9.944686,-0.007326,-0.012210
2.673337,-0.827841,-0.344322,9.944686,-0.007326,-0.012210
2.670667,-0.769232,-0.319902,9.944686,-0.007326,-0.017094
2.667615,-0.725277,-0.295483,9.944686,-0.007326,-0.017094
2.664181,-0.813189,-0.256411,9.944686,-0.007326,-0.017094
2.659603,-1.003664,-0.217339,9.944686,-0.007326,-0.017094
2.654263,-1.164837,-0.202686,9.944686,-0.007326,-0.017094
2.649304,-1.208794,-0.197803,9.944686,-0.007326,-0.017094
2.644726,-1.208794,-0.168498,9.944686,0.007328,-0.012210
2.639385,-1.267401,-0.173382,9.945067,0.007328,-0.012210
2.633282,-1.413921,-0.207570,9.945067,0.007328,-0.012210
2.626797,-1.560442,-0.236875,9.944686,-0.007326,-0.012210
2.619931,-1.633701,-0.231990,9.944686,0.007328,-0.017094
2.613063,-1.677658,-0.222222,9.944686,0.007328,-0.021978
2.605815,-1.692310,-0.217339,9.944686,-0.007326,-0.021978
2.598186,-1.824177,-0.217339,9.944686,-0.007326,-0.026862
2.589793,-2.014652,-0.231990,9.944686,-0.007326,-0.031746
2.581401,-2.073261,-0.227106,9.944686,0.007328,-0.036630
2.573009,-2.058609,-0.217339,9.944686,-0.021978,-0.041514
2.564235,-2.146523,-0.217339,9.944686,-0.007326,-0.046398
2.554317,-2.322346,-0.212454,9.944686,0.007328,-0.046398
2.544399,-2.439564,-0.241758,9.944686,-0.021978,-0.046398
2.534099,-2.527473,-0.251526,9.944686,-0.021978,-0.046398
2.524181,-2.527473,-0.261294,9.944686,-0.021978,-0.046398
2.513499,-2.571430,-0.285714,9.944686,-0.007326,-0.046398
2.502436,-2.703297,-0.290598,9.944686,-0.007326,-0.041514
2.490610,-2.820515,-0.324786,9.944686,-0.007326,-0.041514
2.479166,-2.820515,-0.324786,9.944686,-0.007326,-0.036630
2.467721,-2.864471,-0.339438,9.944686,-0.021978,-0.036630
2.456277,-2.879124,-0.349206,9.944686,0.007328,-0.036630
2.444070,-2.967033,-0.339438,9.944686,-0.007326,-0.036630
2.431863,-3.025642,-0.373627,9.944686,-0.007326,-0.036630
2.419655,-3.010990,-0.368742,9.944686,-0.021978,-0.036630
2.407067,-3.054947,-0.378510,9.944686,-0.007326,-0.036630
2.395241,-3.040295,-0.388278,9.944686,-0.021978,-0.036630
2.382653,-3.098904,-0.368742,9.944686,0.007328,-0.036630
2.370063,-3.142860,-0.393163,9.944686,-0.007326,-0.036630
2.357475,-3.142860,-0.412699,9.944686,-0.007326,-0.036630
2.344505,-3.157509,-0.398046,9.944686,-0.007326,-0.036630
2.331916,-3.172161,-0.412699,9.944686,-0.007326,-0.036630
2.318946,-3.186813,-0.407814,9.944686,-0.007326,-0.031746
2.305976,-3.245422,-0.432235,9.944686,-0.007326,-0.031746
2.292625,-3.260075,-0.422466,9.944686,-0.007326,-0.021978
2.279655,-3.260075,-0.417583,9.944686,0.007328,-0.021978
2.266684,-3.289379,-0.407814,9.944686,-0.007326,-0.021978
2.253332,-3.318684,-0.388278,9.944686,-0.007326,-0.021978
2.239218,-3.406593,-0.368742,9.944686,-0.021978,-0.021978
2.225485,-3.421246,-0.373627,9.944686,-0.007326,-0.021978
2.211751,-3.406593,-0.388278,9.944686,-0.007326,-0.021978
2.198400,-3.391945,-0.412699,9.944686,-0.021978,-0.026862
2.184285,-3.450550,-0.427350,9.944686,-0.007326,-0.026862
2.170170,-3.494507,-0.466422,9.944686,-0.007326,-0.031746
2.156056,-3.450550,-0.466422,9.944686,-0.007326,-0.031746
2.143086,-3.377293,-0.485958,9.944686,-0.007326,-0.031746
2.129734,-3.377293,-0.510379,9.944686,-0.036631,-0.036630
2.116001,-3.406593,-0.515263,9.944686,-0.007326,-0.036630
2.102650,-3.377293,-0.564102,9.944686,-0.021978,-0.036630
2.089680,-3.245422,-0.583638,9.945067,0.021980,-0.036630
2.077091,-3.172161,-0.627595,9.944686,-0.021978,-0.036630
2.064883,-3.128208,-0.700854,9.944686,-0.007326,-0.031746
2.053439,-2.981686,-0.744811,9.944686,-0.007326,-0.031746
2.042377,-2.820515,-0.827839,9.944686,-0.007326,-0.031746
2.032459,-2.644691,-0.857142,9.944686,-0.007326,-0.026862
2.022921,-2.498169,-0.871795,9.944686,0.007328,-0.026862
2.013766,-2.336998,-0.891331,9.944686,-0.021978,-0.026862
2.005755,-2.146523,-0.881563,9.945067,0.007328,-0.021978
1.998507,-1.970697,-0.862027,9.944686,-0.007326,-0.021978
1.991640,-1.794874,-0.842491,9.944686,-0.007326,-0.021978
1.985537,-1.663006,-0.793651,9.944686,-0.007326,-0.021978
1.979814,-1.487181,-0.754579,9.944686,-0.007326,-0.021978
1.974855,-1.355312,-0.720390,9.944686,0.007328,-0.021978
1.969896,-1.267401,-0.700854,9.944686,-0.007326,-0.021978
1.965318,-1.194141,-0.671551,9.944686,-0.021978,-0.017094
1.961122,-1.091578,-0.661782,9.944686,0.007328,-0.017094
1.957307,-1.003664,-0.632479,9.944686,-0.007326,-0.017094
1.953874,-0.901100,-0.612943,9.944686,-0.007326,-0.012210
1.950441,-0.871796,-0.593407,9.945067,0.007328,-0.012210
1.947389,-0.842493,-0.578754,9.944686,-0.021978,-0.012210
1.944719,-0.739929,-0.564102,9.944686,-0.007326,-0.017094
1.942048,-0.695972,-0.549451,9.944686,-0.007326,-0.017094
1.939378,-0.666668,-0.544566,9.944686,-0.021978,-0.021978
1.937089,-0.578756,-0.534799,9.944686,-0.007326,-0.021978
1.934800,-0.578756,-0.529915,9.944686,0.007328,-0.021978
1.932512,-0.608061,-0.529915,9.944686,-0.021978,-0.021978
1.930603,-0.461540,-0.520146,9.944686,-0.021978,-0.021978
1.929077,-0.446888,-0.510379,9.944686,-0.007326,-0.021978
1.927170,-0.446888,-0.510379,9.944686,-0.007326,-0.017094
1.925263,-0.490845,-0.525030,9.944686,0.007328,-0.012210
1.924118,-0.344324,-0.515263,9.944686,-0.007326,-0.012210
1.922974,-0.271065,-0.510379,9.945067,0.007328,-0.017094
1.921448,-0.344324,-0.490843,9.944686,-0.021978,-0.012210
1.920304,-0.329672,-0.485958,9.944686,-0.021978,-0.017094
1.918778,-0.329672,-0.510379,9.944686,-0.007326,-0.021978
1.917633,-0.315020,-0.525030,9.944686,-0.021978,-0.021978
1.916870,-0.256413,-0.525030,9.944686,-0.007326,-0.026862
1.915726,-0.241760,-0.529915,9.944686,-0.007326,-0.026862
1.914200,-0.329672,-0.525030,9.944686,0.007328,-0.026862
1.913437,-0.241760,-0.529915,9.944686,-0.007326,-0.026862
1.912674,-0.197803,-0.539682,9.944686,-0.021978,-0.026862
1.911530,-0.227108,-0.549451,9.944686,0.007328,-0.026862
1.910767,-0.227108,-0.549451,9.944686,-0.007326,-0.026862
1.910385,-0.153849,-0.539682,9.945067,0.007328,-0.026862
1.910004,-0.095240,-0.539682,9.944686,-0.021978,-0.026862
1.909622,-0.095240,-0.534799,9.944686,-0.007326,-0.021978
1.909241,-0.080587,-0.525030,9.944686,-0.007326,-0.026862
1.909241,-0.065935,-0.529915,9.944686,0.007328,-0.026862
1.909241,-0.021980,-0.544566,9.944686,-0.007326,-0.026862
1.908859,-0.021980,-0.554335,9.944686,-0.007326,-0.026862
1.909241,0.007326,-0.568987,9.944686,-0.021978,-0.026862
1.908859,0.007326,-0.588523,9.944686,-0.007326,-0.026862
1.909241,0.021978,-0.612943,9.944686,0.007328,-0.026862
1.909241,0.051283,-0.637362,9.944686,-0.007326,-0.026862
1.910004,0.095238,-0.661782,9.945067,-0.021978,-0.021978
1.910385,0.124542,-0.686203,9.944686,-0.021978,-0.021978
1.911148,0.168499,-0.705739,9.944686,0.007328,-0.021978
1.911530,0.139194,-0.735043,9.944686,-0.007326,-0.021978
1.912293,0.168499,-0.774115,9.944686,-0.007326,-0.017094
1.913819,0.271063,-0.803419,9.944686,-0.007326,-0.017094
1.915344,0.358974,-0.822955,9.944686,-0.007326,-0.017094
1.916489,0.329670,-0.862027,9.944686,0.007328,-0.021978
1.918396,0.373627,-0.886447,9.944686,-0.007326,-0.017094
1.920304,0.476191,-0.905983,9.944686,-0.007326,-0.017094
1.922974,0.608059,-0.905983,9.944686,-0.007326,-0.017094
1.926407,0.725275,-0.915751,9.944686,0.007328,-0.017094
1.929077,0.725275,-0.910867,9.944686,-0.021978,-0.017094
1.932512,0.798534,-0.915751,9.945067,0.007328,-0.017094
1.936708,0.959707,-0.920635,9.945067,-0.007326,-0.017094
1.940904,1.032967,-0.925519,9.944686,-0.007326,-0.017094
1.945482,1.091576,-0.920635,9.944686,-0.007326,-0.017094
1.950822,1.208792,-0.910867,9.944686,-0.007326,-0.017094
1.956544,1.326008,-0.915751,9.945067,-0.007326,-0.017094
1.962266,1.413919,-0.905983,9.945067,0.007328,-0.017094
1.967988,1.413919,-0.910867,9.944686,-0.007326,-0.017094
1.974092,1.531136,-0.915751,9.944686,0.007328,-0.021978
1.981341,1.663004,-0.920635,9.944686,0.007328,-0.017094
1.988589,1.765568,-0.925519,9.944686,-0.021978,-0.017094
1.995836,1.780220,-0.925519,9.944686,-0.021978,-0.017094
2.003084,1.824175,-0.930403,9.944686,-0.007326,-0.017094
2.011477,1.970695,-0.930403,9.944686,-0.021978,-0.017094
2.019869,2.102564,-0.930403,9.944686,0.007328,-0.017094
2.028643,2.117216,-0.940171,9.944686,-0.021978,-0.017094
2.037418,2.161173,-0.930403,9.944686,-0.007326,-0.017094
2.046573,2.293039,-0.935287,9.944686,-0.007326,-0.021978
2.056491,2.366301,-0.949939,9.945067,-0.007326,-0.021978
2.066409,2.424908,-0.935287,9.944686,-0.007326,-0.021978
2.076709,2.527472,-0.940171,9.944686,-0.007326,-0.017094
2.087010,2.586081,-0.930403,9.944686,-0.007326,-0.021978
2.097691,2.644688,-0.930403,9.944686,0.007328,-0.021978
2.108753,2.703297,-0.920635,9.944686,-0.007326,-0.017094
2.119816,2.761904,-0.915751,9.944686,-0.007326,-0.021978
2.131642,2.849817,-0.915751,9.944686,-0.007326,-0.021978
2.143467,2.923077,-0.896214,9.944686,-0.007326,-0.021978
2.154911,2.923077,-0.876678,9.944686,-0.007326,-0.021978
2.166737,2.967033,-0.866911,9.944686,-0.021978,-0.021978
2.178945,3.010988,-0.871795,9.944686,0.007328,-0.021978
2.191533,3.069597,-0.871795,9.944686,-0.007326,-0.021978
2.204122,3.113552,-0.842491,9.944686,0.007328,-0.021978
2.216710,3.128204,-0.842491,9.944686,-0.007326,-0.026862
2.228918,3.128204,-0.842491,9.945067,0.007328,-0.026862
2.241507,3.142857,-0.837606,9.944686,-0.021978,-0.026862
2.254477,3.216118,-0.847375,9.944686,-0.007326,-0.026862
2.267447,3.260073,-0.822955,9.944686,-0.007326,-0.026862
2.280418,3.201466,-0.827839,9.944686,-0.007326,-0.026862
2.292625,3.157509,-0.847375,9.944686,-0.007326,-0.026862
2.305595,3.201466,-0.857142,9.944686,-0.007326,-0.026862
2.318946,3.274725,-0.871795,9.944686,0.021980,-0.026862
2.332298,3.304029,-0.852259,9.944686,-0.021978,-0.026862
2.344886,3.245420,-0.862027,9.944686,-0.007326,-0.031746
2.357856,3.230768,-0.857142,9.944686,-0.007326,-0.031746
2.371207,3.289377,-0.857142,9.944686,-0.021978,-0.031746
2.384941,3.391941,-0.857142,9.944686,-0.007326,-0.031746
2.398293,3.377289,-0.842491,9.944686,-0.007326,-0.031746
2.411263,3.289377,-0.842491,9.944686,-0.007326,-0.031746
2.424615,3.304029,-0.832723,9.944686,0.007328,-0.031746
2.438348,3.406593,-0.822955,9.944686,-0.021978,-0.036630
2.452081,3.435898,-0.827839,9.944686,-0.021978,-0.036630
2.465051,3.347984,-0.818070,9.944686,0.007328,-0.036630
2.478022,3.274725,-0.822955,9.944686,0.007328,-0.036630
2.491755,3.347984,-0.822955,9.944686,-0.007326,-0.041514
2.505488,3.435898,-0.822955,9.944686,-0.007326,-0.036630
2.518840,3.377289,-0.847375,9.944686,-0.007326,-0.036630
2.531429,3.245420,-0.842491,9.944686,-0.021978,-0.036630
2.544399,3.245420,-0.818070,9.944686,-0.007326,-0.036630
2.557369,3.260073,-0.754579,9.944686,-0.007326,-0.036630
2.569194,3.128204,-0.666667,9.944686,-0.007326,-0.036630
2.580257,2.893772,-0.608059,9.944686,-0.007326,-0.036630
2.590938,2.747253,-0.534799,9.944686,-0.007326,-0.036630
2.600856,2.630037,-0.500610,9.944686,-0.021978,-0.036630
2.610393,2.468864,-0.485958,9.944686,-0.007326,-0.036630
2.618405,2.234432,-0.485958,9.944686,-0.007326,-0.036630
2.625653,1.956043,-0.510379,9.944686,-0.007326,-0.036630
2.632138,1.765568,-0.554335,9.944686,-0.007326,-0.036630
2.638241,1.619047,-0.603174,9.944686,-0.007326,-0.036630
2.643582,1.487179,-0.661782,9.944686,-0.021978,-0.036630
2.648159,1.252747,-0.715507,9.944686,0.007328,-0.041514
2.651974,1.091576,-0.778998,9.944686,-0.007326,-0.046398
2.655407,0.974360,-0.827839,9.944686,-0.007326,-0.046398
2.659222,0.930403,-0.871795,9.944686,-0.007326,-0.051282
2.662274,0.871796,-0.905983,9.944686,-0.007326,-0.056166
2.664945,0.769230,-0.920635,9.944686,-0.007326,-0.051282
2.667997,0.739927,-0.930403,9.944686,-0.007326,-0.051282
2.670667,0.681318,-0.949939,9.944686,-0.021978,-0.051282
2.672574,0.578754,-0.964591,9.944686,-0.021978,-0.051282
2.674863,0.578754,-0.959707,9.944686,-0.007326,-0.046398
2.677152,0.578754,-0.984127,9.944686,-0.007326,-0.041514
2.677915,0.388279,-1.008547,9.944686,0.007328,-0.036630
2.679441,0.329670,-1.037851,9.944686,0.007328,-0.031746
2.680585,0.344322,-1.072039,9.944686,0.007328,-0.026862
2.682111,0.329670,-1.076923,9.944686,-0.007326,-0.021978
2.682874,0.285715,-1.081807,9.944686,0.007328,-0.021978
2.683637,0.212454,-1.106227,9.944686,-0.007326,-0.021978
2.684018,0.168499,-1.130647,9.944686,-0.007326,-0.026862
2.684781,0.168499,-1.150183,9.944686,0.007328,-0.026862
2.685544,0.183149,-1.164835,9.944686,-0.007326,-0.031746
2.686307,0.212454,-1.169719,9.944686,0.007328,-0.036630
2.686689,0.124542,-1.164835,9.944686,-0.007326,-0.036630
2.687070,0.109890,-1.169719,9.944686,-0.007326,-0.036630
2.687452,0.124542,-1.169719,9.944686,-0.007326,-0.036630
2.688215,0.153847,-1.169719,9.944686,-0.021978,-0.036630
2.688977,0.183149,-1.150183,9.944686,-0.007326,-0.031746
2.689740,0.183149,-1.120879,9.944686,0.007328,-0.031746
2.690503,0.168499,-1.101343,9.944686,-0.021978,-0.031746
2.690885,0.168499,-1.096459,9.944686,-0.021978,-0.026862
2.691266,0.139194,-1.091575,9.944686,-0.007326,-0.026862
2.692029,0.139194,-1.096459,9.944686,-0.007326,-0.026862
2.692411,0.124542,-1.101343,9.944686,-0.007326,-0.026862
2.692792,0.109890,-1.106227,9.944686,0.007328,-0.026862
2.693174,0.109890,-1.101343,9.944686,-0.021978,-0.031746
2.693555,0.109890,-1.101343,9.944686,-0.007326,-0.036630
2.693937,0.095238,-1.106227,9.944686,-0.007326,-0.036630
2.693937,0.065933,-1.111111,9.944686,-0.007326,-0.036630
2.693937,0.051283,-1.120879,9.944686,-0.007326,-0.041514
2.693937,0.021978,-1.135531,9.944686,-0.007326,-0.041514
2.694318,0.007326,-1.150183,9.944686,-0.007326,-0.046398
2.694318,0.021978,-1.159951,9.944686,-0.007326,-0.041514
2.694318,0.021978,-1.164835,9.944686,0.007328,-0.041514
2.694318,0.021978,-1.164835,9.944686,0.007328,-0.036630
2.694318,0.007326,-1.169719,9.944686,-0.007326,-0.031746
2.694318,0.021978,-1.169719,9.944686,-0.007326,-0.031746
2.694318,0.036631,-1.169719,9.944686,-0.007326,-0.026862
2.694700,0.036631,-1.164835,9.944686,-0.007326,-0.026862
2.694700,0.021978,-1.164835,9.944686,-0.007326,-0.026862
2.694700,0.021978,-1.159951,9.944686,-0.007326,-0.026862
2.694700,0.007326,-1.159951,9.944686,-0.007326,-0.026862
2.694700,0.007326,-1.155067,9.944686,-0.007326,-0.031746
2.694700,0.007326,-1.155067,9.944686,-0.007326,-0.031746
2.694700,0.021978,-1.155067,9.944686,-0.007326,-0.036630
2.694700,0.021978,-1.150183,9.944686,-0.007326,-0.036630
2.694700,0.007326,-1.135531,9.944686,-0.021978,-0.041514
2.694700,0.021978,-1.115995,9.944686,-0.007326,-0.041514
2.695081,0.021978,-1.101343,9.944686,-0.007326,-0.041514
2.694700,-0.007328,-1.076923,9.944686,0.007328,-0.041514
2.694700,0.007326,-1.052503,9.944686,-0.007326,-0.041514
2.694700,-0.007328,-1.023199,9.944686,-0.007326,-0.036630
2.694700,-0.021980,-0.989011,9.944686,-0.007326,-0.031746
2.694318,-0.021980,-0.949939,9.944686,-0.007326,-0.031746
2.694318,-0.021980,-0.905983,9.944686,0.007328,-0.026862
2.693937,-0.036633,-0.866911,9.944686,-0.007326,-0.021978
2.693555,-0.051285,-0.818070,9.944686,0.007328,-0.021978
2.693174,-0.065935,-0.769231,9.944686,-0.007326,-0.021978
2.692792,-0.095240,-0.715507,9.944686,0.007328,-0.021978
2.692029,-0.139196,-0.666667,9.944686,-0.021978,-0.021978
2.691266,-0.183151,-0.627595,9.944686,0.007328,-0.026862
2.690122,-0.256413,-0.583638,9.944686,-0.007326,-0.026862
2.688977,-0.212456,-0.534799,9.944686,-0.021978,-0.031746
2.687833,-0.285717,-0.490843,9.944686,-0.007326,-0.031746
2.685544,-0.461540,-0.446886,9.944686,-0.007326,-0.031746
2.683255,-0.520149,-0.402930,9.944686,-0.007326,-0.031746
2.681348,-0.461540,-0.358974,9.944686,-0.007326,-0.031746
2.679059,-0.505497,-0.334555,9.944686,0.007328,-0.031746
2.675245,-0.783884,-0.300366,9.944686,-0.021978,-0.031746
2.671430,-0.886448,-0.285714,9.944686,-0.007326,-0.031746
2.667997,-0.842493,-0.261294,9.944686,-0.021978,-0.031746
2.664562,-0.857145,-0.231990,9.944686,0.007328,-0.026862
2.660366,-1.003664,-0.197803,9.944686,-0.021978,-0.021978
2.654644,-1.252748,-0.183150,9.944686,-0.021978,-0.021978
2.648541,-1.369965,-0.197803,9.944686,-0.007326,-0.021978
2.643582,-1.311357,-0.183150,9.944686,-0.007326,-0.021978
2.638241,-1.296705,-0.163614,9.944686,-0.007326,-0.021978
2.631756,-1.501833,-0.192918,9.944686,-0.021978,-0.026862
2.624508,-1.677658,-0.231990,9.944686,-0.021978,-0.026862
2.617260,-1.765570,-0.241758,9.944686,0.007328,-0.031746
2.610011,-1.765570,-0.227106,9.944686,-0.021978,-0.036630
2.602763,-1.780222,-0.236875,9.944686,-0.021978,-0.036630
2.594371,-1.970697,-0.251526,9.944686,-0.021978,-0.041514
2.585597,-2.087914,-0.256411,9.944686,-0.021978,-0.041514
2.577205,-2.102566,-0.251526,9.944686,0.007328,-0.046398
2.568431,-2.117218,-0.256411,9.944686,-0.007326,-0.046398
2.559276,-2.234432,-0.251526,9.944686,-0.021978,-0.046398
2.549739,-2.336998,-0.241758,9.944686,-0.007326,-0.051282
2.539439,-2.424911,-0.246642,9.944686,-0.007326,-0.046398
2.529521,-2.512821,-0.266178,9.944686,-0.007326,-0.046398
2.519603,-2.512821,-0.261294,9.944686,-0.007326,-0.046398
2.508921,-2.586082,-0.266178,9.944686,-0.007326,-0.041514
2.497858,-2.673996,-0.280830,9.944686,-0.007326,-0.041514
2.486414,-2.805862,-0.285714,9.944686,-0.007326,-0.041514
2.474970,-2.805862,-0.305250,9.944686,0.007328,-0.041514
2.463907,-2.835167,-0.319902,9.944686,0.007328,-0.041514
2.452081,-2.893776,-0.329670,9.944686,-0.007326,-0.041514
2.439874,-2.967033,-0.349206,9.944686,0.007328,-0.046398
2.427667,-3.010990,-0.339438,9.944686,-0.007326,-0.046398
2.415077,-3.040295,-0.363858,9.944686,-0.007326,-0.046398
2.402870,-3.054947,-0.373627,9.944686,0.007328,-0.046398
2.390282,-3.098904,-0.373627,9.944686,-0.007326,-0.046398
2.377693,-3.128208,-0.393163,9.944686,-0.007326,-0.046398
2.365104,-3.157509,-0.393163,9.944686,0.007328,-0.046398
2.352134,-3.216118,-0.412699,9.944686,-0.021978,-0.046398
2.339164,-3.201466,-0.422466,9.944686,-0.007326,-0.041514
2.326194,-3.216118,-0.422466,9.944686,-0.007326,-0.036630
2.313224,-3.260075,-0.412699,9.944686,0.021980,-0.031746
2.299491,-3.333336,-0.378510,9.944686,-0.007326,-0.031746
2.286140,-3.347988,-0.383394,9.944686,0.007328,-0.031746
2.272787,-3.318684,-0.388278,9.944686,0.007328,-0.031746
2.259436,-3.333336,-0.398046,9.944686,0.007328,-0.031746
2.245703,-3.406593,-0.427350,9.944686,0.007328,-0.036630
2.231589,-3.435898,-0.427350,9.944686,-0.007326,-0.036630
2.218236,-3.406593,-0.476191,9.944686,-0.007326,-0.041514
2.204885,-3.318684,-0.510379,9.944686,-0.007326,-0.046398
2.191915,-3.318684,-0.544566,9.944686,0.007328,-0.046398
2.178182,-3.318684,-0.573871,9.944686,-0.021978,-0.046398
2.165211,-3.274727,-0.568987,9.944686,-0.021978,-0.046398
2.153004,-3.157509,-0.598290,9.944686,0.007328,-0.051282
2.141178,-3.040295,-0.627595,9.944686,-0.021978,-0.046398
2.128971,-3.040295,-0.627595,9.944686,-0.007326,-0.046398
2.117146,-3.025642,-0.661782,9.944686,-0.021978,-0.041514
2.106083,-2.864471,-0.661782,9.944686,0.007328,-0.041514
2.095402,-2.703297,-0.705739,9.944686,0.007328,-0.036630
2.084721,-2.630039,-0.705739,9.944686,0.007328,-0.031746
2.074802,-2.571430,-0.715507,9.944686,-0.007326,-0.031746
2.065265,-2.483517,-0.739926,9.944686,-0.007326,-0.031746
2.056491,-2.322346,-0.725275,9.944686,0.007328,-0.031746
2.048099,-2.131870,-0.730159,9.944686,-0.007326,-0.031746
2.040088,-2.087914,-0.720390,9.944686,-0.007326,-0.031746
2.032077,-2.000000,-0.705739,9.944686,-0.021978,-0.031746
2.025210,-1.868134,-0.700854,9.944686,0.007328,-0.031746
2.018343,-1.780222,-0.695971,9.944686,-0.021978,-0.031746
2.011858,-1.677658,-0.695971,9.944686,-0.007326,-0.031746
2.005755,-1.545790,-0.686203,9.944686,-0.036631,-0.031746
2.000033,-1.472528,-0.666667,9.944686,-0.007326,-0.026862
1.994692,-1.399269,-0.661782,9.944686,-0.007326,-0.026862
1.989733,-1.311357,-0.652015,9.944686,-0.007326,-0.021978
1.985155,-1.194141,-0.656898,9.944686,-0.007326,-0.021978
1.981341,-1.091578,-0.622710,9.944686,-0.007326,-0.021978
1.977144,-1.062273,-0.622710,9.944686,-0.007326,-0.021978
1.973329,-0.989014,-0.603174,9.944686,-0.007326,-0.017094
1.969514,-0.945057,-0.608059,9.944686,0.007328,-0.017094
1.966462,-0.842493,-0.598290,9.944686,-0.007326,-0.017094
1.963411,-0.769232,-0.593407,9.944686,0.007328,-0.021978
1.960740,-0.725277,-0.588523,9.944686,-0.007326,-0.021978
1.957689,-0.725277,-0.573871,9.944686,-0.007326,-0.026862
1.955400,-0.637363,-0.568987,9.944686,-0.007326,-0.026862
1.953492,-0.564104,-0.564102,9.944686,-0.007326,-0.026862
1.950822,-0.578756,-0.554335,9.944686,-0.021978,-0.026862
1.948533,-0.549452,-0.559218,9.944686,-0.007326,-0.026862
1.947007,-0.461540,-0.554335,9.944686,-0.007326,-0.026862
1.945863,-0.358976,-0.549451,9.944686,-0.007326,-0.026862
1.943574,-0.446888,-0.539682,9.944686,-0.007326,-0.026862
1.941667,-0.461540,-0.544566,9.944686,-0.021978,-0.026862
1.940522,-0.388281,-0.549451,9.944686,0.007328,-0.026862
1.940141,-0.212456,-0.544566,9.944686,-0.007326,-0.031746
1.938997,-0.212456,-0.520146,9.944686,-0.007326,-0.031746
1.937471,-0.329672,-0.505494,9.944686,-0.021978,-0.031746
1.935945,-0.344324,-0.500610,9.944686,-0.007326,-0.036630
1.935563,-0.212456,-0.510379,9.944686,-0.007326,-0.036630
1.934800,-0.183151,-0.520146,9.944686,-0.007326,-0.031746
1.933656,-0.227108,-0.515263,9.944686,-0.021978,-0.036630
1.932893,-0.197803,-0.505494,9.944686,-0.007326,-0.036630
1.932512,-0.124544,-0.505494,9.944686,0.007328,-0.036630
1.932129,-0.109892,-0.500610,9.944686,-0.007326,-0.036630
1.931748,-0.109892,-0.490843,9.944686,-0.007326,-0.036630
1.931748,-0.021980,-0.485958,9.944686,-0.007326,-0.036630
1.931748,-0.007328,-0.490843,9.944686,-0.021978,-0.036630
1.932129,0.036631,-0.495727,9.944686,0.007328,-0.031746
1.932129,0.051283,-0.500610,9.944686,-0.007326,-0.031746
1.932512,0.080585,-0.520146,9.944686,-0.007326,-0.031746
1.932893,0.065933,-0.544566,9.944686,0.007328,-0.031746
1.932893,0.065933,-0.573871,9.944686,-0.007326,-0.026862
1.933275,0.080585,-0.612943,9.944686,-0.007326,-0.026862
1.933656,0.124542,-0.661782,9.944686,-0.021978,-0.026862
1.934037,0.109890,-0.705739,9.944686,-0.007326,-0.026862
1.934800,0.109890,-0.754579,9.944686,-0.007326,-0.026862
1.935563,0.168499,-0.803419,9.944686,-0.021978,-0.026862
1.936326,0.212454,-0.847375,9.944686,0.021980,-0.021978
1.937852,0.285715,-0.881563,9.944686,-0.007326,-0.021978
1.938997,0.271063,-0.920635,9.944686,-0.021978,-0.026862
1.940904,0.402931,-0.945055,9.944686,0.007328,-0.026862
1.943193,0.505495,-0.964591,9.944686,-0.007326,-0.026862
1.945482,0.564102,-0.964591,9.944686,-0.021978,-0.021978
1.948915,0.710623,-0.959707,9.944686,-0.007326,-0.021978
1.952729,0.871796,-0.954823,9.944686,-0.021978,-0.026862
1.956544,0.945055,-0.945055,9.944686,-0.007326,-0.026862
1.960740,1.018314,-0.920635,9.944686,-0.007326,-0.021978
1.965699,1.091576,-0.920635,9.944686,-0.007326,-0.021978
1.970659,1.223444,-0.910867,9.944686,-0.007326,-0.021978
1.976381,1.326008,-0.901099,9.944686,-0.021978,-0.021978
1.982104,1.413919,-0.905983,9.944686,-0.007326,-0.021978
1.988589,1.501831,-0.896214,9.944686,-0.007326,-0.021978
1.994311,1.516483,-0.905983,9.944686,-0.036631,-0.021978
2.000796,1.575092,-0.920635,9.944686,-0.021978,-0.021978
2.008425,1.736263,-0.920635,9.944686,-0.007326,-0.026862
2.016054,1.868132,-0.925519,9.944686,-0.007326,-0.031746
2.023684,1.882784,-0.925519,9.944686,0.007328,-0.026862
2.031314,1.912088,-0.935287,9.944686,0.007328,-0.026862
2.039706,2.043957,-0.940171,9.944686,0.007328,-0.026862
2.048862,2.205128,-0.949939,9.944686,-0.007326,-0.026862
2.058017,2.175823,-0.959707,9.944686,-0.007326,-0.026862
2.066791,2.263737,-0.945055,9.944686,-0.007326,-0.026862
2.076709,2.380953,-0.949939,9.944686,-0.007326,-0.026862
2.087010,2.483517,-0.949939,9.944686,-0.007326,-0.026862
2.097309,2.542124,-0.940171,9.944686,-0.007326,-0.026862
2.107609,2.586081,-0.940171,9.944686,-0.021978,-0.021978
2.118290,2.659340,-0.930403,9.944686,0.007328,-0.021978
2.129353,2.732601,-0.915751,9.944686,0.007328,-0.026862
2.141178,2.849817,-0.910867,9.944686,-0.021978,-0.026862
2.152622,2.879120,-0.886447,9.944686,-0.021978,-0.031746
2.164448,2.893772,-0.891331,9.944686,-0.021978,-0.031746
2.175892,2.879120,-0.876678,9.944686,-0.007326,-0.031746
2.188100,2.996336,-0.871795,9.944686,-0.007326,-0.031746
2.200689,3.069597,-0.862027,9.944686,0.007328,-0.031746
2.212896,3.084249,-0.852259,9.944686,-0.007326,-0.031746
2.225103,3.054945,-0.857142,9.944686,-0.007326,-0.036630
2.237311,3.098902,-0.852259,9.944686,-0.007326,-0.031746
2.250281,3.157509,-0.842491,9.944686,-0.021978,-0.031746
2.263251,3.230768,-0.832723,9.944686,-0.007326,-0.031746
2.275840,3.186813,-0.832723,9.944686,0.007328,-0.031746
2.288429,3.113552,-0.857142,9.944686,-0.007326,-0.031746
2.301017,3.172161,-0.847375,9.944686,-0.021978,-0.036630
2.313987,3.230768,-0.862027,9.944686,0.007328,-0.036630
2.326957,3.260073,-0.857142,9.944686,-0.007326,-0.036630
2.339927,3.230768,-0.862027,9.944686,-0.021978,-0.036630
2.352515,3.186813,-0.866911,9.944686,-0.021978,-0.036630
2.365867,3.304029,-0.862027,9.944686,-0.007326,-0.036630
2.379219,3.347984,-0.827839,9.944686,-0.007326,-0.036630
2.392952,3.362637,-0.822955,9.944686,-0.007326,-0.036630
2.405541,3.245420,-0.803419,9.944686,-0.007326,-0.041514
2.418511,3.230768,-0.813187,9.944686,-0.021978,-0.041514
2.431863,3.304029,-0.778998,9.944686,0.007328,-0.041514
2.445215,3.347984,-0.764347,9.944686,-0.021978,-0.041514
2.457803,3.245420,-0.754579,9.944686,-0.007326,-0.041514
2.470011,3.128204,-0.749695,9.944686,-0.007326,-0.041514
2.482599,3.128204,-0.749695,9.944686,-0.007326,-0.041514
2.495569,3.216118,-0.725275,9.944686,-0.007326,-0.046398
2.508158,3.172161,-0.720390,9.944686,0.007328,-0.041514
2.519222,2.981686,-0.715507,9.944686,0.007328,-0.046398
2.530666,2.864470,-0.720390,9.944686,-0.021978,-0.046398
2.542110,2.893772,-0.730159,9.944686,-0.007326,-0.046398
2.553554,2.908424,-0.725275,9.944686,0.007328,-0.046398
2.564235,2.791208,-0.720390,9.944686,-0.021978,-0.046398
2.574153,2.571428,-0.730159,9.944686,-0.007326,-0.046398
2.583690,2.498169,-0.730159,9.944686,-0.021978,-0.046398
2.593608,2.512821,-0.730159,9.944686,-0.007326,-0.046398
2.603145,2.410255,-0.691087,9.944686,-0.007326,-0.046398
2.611156,2.161173,-0.661782,9.944686,-0.021978,-0.046398
2.618405,2.000000,-0.647131,9.944686,-0.007326,-0.046398
2.626034,1.897436,-0.642246,9.944686,-0.007326,-0.041514
2.632519,1.780220,-0.661782,9.944686,-0.007326,-0.041514
2.638241,1.604395,-0.676435,9.944686,-0.007326,-0.041514
2.643582,1.399267,-0.700854,9.944686,-0.007326,-0.041514
2.648159,1.282051,-0.735043,9.944686,-0.007326,-0.041514
2.652737,1.179487,-0.774115,9.944686,0.007328,-0.046398
2.656170,1.032967,-0.813187,9.944686,-0.007326,-0.046398
2.659985,0.945055,-0.837606,9.944686,-0.021978,-0.046398
2.663037,0.857143,-0.871795,9.944686,-0.007326,-0.051282
2.666089,0.783882,-0.891331,9.944686,-0.007326,-0.051282
2.669141,0.769230,-0.910867,9.944686,-0.007326,-0.051282
2.671048,0.593407,-0.945055,9.944686,-0.021978,-0.051282
2.672956,0.564102,-0.969475,9.944686,-0.007326,-0.056166
2.675245,0.578754,-0.969475,9.944686,-0.021978,-0.051282
2.677152,0.505495,-0.998779,9.944686,-0.007326,-0.056166
2.677915,0.329670,-1.018315,9.944686,-0.007326,-0.051282
2.679441,0.344322,-1.052503,9.944686,-0.021978,-0.046398
2.680967,0.358974,-1.076923,9.944686,-0.007326,-0.046398
2.682111,0.329670,-1.076923,9.944686,-0.007326,-0.041514
2.682874,0.285715,-1.081807,9.944686,-0.021978,-0.036630
2.683637,0.197802,-1.106227,9.944686,0.007328,-0.036630
2.684018,0.153847,-1.120879,9.944686,-0.007326,-0.036630
2.684781,0.168499,-1.140415,9.944686,-0.021978,-0.036630
2.685544,0.212454,-1.155067,9.944686,-0.007326,-0.036630
2.686307,0.197802,-1.155067,9.944686,0.007328,-0.036630
2.686689,0.124542,-1.155067,9.944686,-0.021978,-0.036630
2.687070,0.095238,-1.159951,9.944686,0.007328,-0.036630
2.687452,0.124542,-1.174603,9.944686,-0.007326,-0.041514
2.688215,0.153847,-1.174603,9.944686,-0.021978,-0.041514
2.688596,0.153847,-1.150183,9.944686,0.007328,-0.041514
2.689740,0.183149,-1.125763,9.944686,-0.007326,-0.041514
2.690122,0.183149,-1.106227,9.944686,0.007328,-0.041514
2.690503,0.139194,-1.101343,9.944686,-0.021978,-0.036630
2.691266,0.124542,-1.101343,9.944686,-0.007326,-0.036630
2.691648,0.139194,-1.106227,9.944686,-0.021978,-0.036630
2.692029,0.124542,-1.106227,9.944686,-0.007326,-0.036630
2.692411,0.109890,-1.111111,9.944686,0.007328,-0.036630
2.692792,0.124542,-1.106227,9.944686,-0.007326,-0.036630
2.693555,0.109890,-1.101343,9.944686,-0.007326,-0.036630
2.693555,0.095238,-1.106227,9.944686,-0.021978,-0.041514
2.693937,0.065933,-1.106227,9.944686,-0.007326,-0.041514
2.693937,0.065933,-1.115995,9.944686,0.007328,-0.041514
2.694318,0.051283,-1.120879,9.944686,-0.007326,-0.041514
2.694318,0.036631,-1.125763,9.944686,-0.007326,-0.046398
2.694318,0.007326,-1.125763,9.944686,0.007328,-0.046398
2.694318,0.007326,-1.125763,9.944686,-0.007326,-0.046398
2.694318,-0.007328,-1.120879,9.944686,0.007328,-0.046398
2.694318,0.007326,-1.106227,9.944686,-0.007326,-0.041514
2.694318,0.007326,-1.086691,9.944686,-0.007326,-0.041514
2.694318,0.007326,-1.067155,9.944686,-0.007326,-0.041514
2.694318,0.021978,-1.037851,9.944686,0.007328,-0.041514
2.693937,-0.007328,-1.008547,9.944686,0.007328,-0.036630
2.693937,-0.007328,-0.974359,9.944686,0.007328,-0.036630
2.693937,-0.007328,-0.940171,9.944686,-0.021978,-0.036630
2.693937,-0.021980,-0.896214,9.944686,-0.007326,-0.036630
2.693555,-0.036633,-0.847375,9.944686,-0.007326,-0.036630
2.693555,-0.036633,-0.798534,9.944686,-0.007326,-0.041514
2.693174,-0.080587,-0.754579,9.944686,-0.007326,-0.041514
2.692792,-0.080587,-0.705739,9.944686,-0.007326,-0.041514
2.692029,-0.124544,-0.661782,9.944686,-0.007326,-0.046398
2.691266,-0.168499,-0.617826,9.944686,-0.007326,-0.041514
2.690122,-0.256413,-0.573871,9.944686,-0.007326,-0.041514
2.688977,-0.241760,-0.534799,9.944686,-0.007326,-0.041514
2.687452,-0.300367,-0.500610,9.944686,-0.007326,-0.041514
2.685163,-0.461540,-0.461538,9.944686,-0.007326,-0.041514
2.682874,-0.520149,-0.427350,9.944686,-0.007326,-0.041514
2.681348,-0.461540,-0.388278,9.944686,-0.007326,-0.036630
2.679059,-0.520149,-0.363858,9.944686,-0.007326,-0.036630
2.675245,-0.769232,-0.329670,9.944686,-0.007326,-0.031746
2.671430,-0.871796,-0.310134,9.944686,-0.007326,-0.031746
2.667997,-0.813189,-0.285714,9.944686,-0.007326,-0.026862
2.664562,-0.857145,-0.251526,9.944686,-0.007326,-0.026862
2.660366,-0.989014,-0.212454,9.944686,-0.007326,-0.026862
2.655026,-1.238096,-0.192918,9.944686,-0.007326,-0.026862
2.649304,-1.326010,-0.197803,9.944686,-0.007326,-0.026862
2.643963,-1.282053,-0.173382,9.944686,-0.007326,-0.026862
2.638623,-1.296705,-0.163614,9.944686,-0.007326,-0.026862
2.632519,-1.428574,-0.197803,9.944686,-0.007326,-0.026862
2.625271,-1.648354,-0.227106,9.944686,-0.007326,-0.031746
2.618023,-1.750917,-0.231990,9.944686,-0.007326,-0.031746
2.611156,-1.750917,-0.227106,9.944686,-0.007326,-0.036630
2.603908,-1.736265,-0.212454,9.944686,-0.007326,-0.041514
2.595897,-1.897438,-0.212454,9.944686,-0.007326,-0.046398
2.586742,-2.117218,-0.207570,9.944686,-0.007326,-0.051282
2.577968,-2.146523,-0.202686,9.944686,-0.007326,-0.051282
2.569576,-2.117218,-0.207570,9.944686,0.007328,-0.056166
2.560420,-2.234432,-0.202686,9.944686,-0.021978,-0.056166
2.550502,-2.395607,-0.217339,9.944686,-0.007326,-0.061050
2.539439,-2.542126,-0.231990,9.944686,-0.007326,-0.061050
2.529140,-2.600735,-0.261294,9.944686,0.007328,-0.061050
2.519222,-2.571430,-0.266178,9.944686,0.007328,-0.061050
2.508158,-2.644691,-0.280830,9.944686,-0.007326,-0.056166
2.496714,-2.805862,-0.300366,9.944686,-0.007326,-0.056166
2.484507,-2.893776,-0.324786,9.944686,0.021980,-0.056166
2.473063,-2.908428,-0.315019,9.944686,-0.021978,-0.056166
2.461236,-2.923080,-0.324786,9.944686,-0.021978,-0.056166
2.449029,-3.025642,-0.295483,9.944686,-0.021978,-0.051282
2.436059,-3.142860,-0.310134,9.944686,-0.007326,-0.051282
2.423089,-3.172161,-0.319902,9.944686,-0.007326,-0.051282
2.410500,-3.172161,-0.344322,9.944686,-0.021978,-0.051282
2.397530,-3.216118,-0.349206,9.944686,-0.007326,-0.051282
2.384178,-3.260075,-0.368742,9.944686,-0.007326,-0.056166
2.370826,-3.318684,-0.398046,9.944686,-0.007326,-0.051282
2.357475,-3.318684,-0.432235,9.944686,-0.007326,-0.056166
2.344123,-3.333336,-0.422466,9.944686,-0.007326,-0.056166
2.330772,-3.304031,-0.442002,9.944686,-0.007326,-0.051282
2.317420,-3.304031,-0.437119,9.944686,-0.021978,-0.051282
2.304069,-3.362640,-0.461538,9.944686,-0.021978,-0.051282
2.289954,-3.362640,-0.466422,9.944686,0.007328,-0.051282
2.276984,-3.304031,-0.456655,9.944686,-0.007326,-0.046398
2.264395,-3.289379,-0.461538,9.944686,-0.007326,-0.041514
2.250662,-3.318684,-0.456655,9.944686,-0.007326,-0.041514
2.237311,-3.347988,-0.490843,9.944686,-0.021978,-0.041514
2.223958,-3.318684,-0.515263,9.944686,-0.007326,-0.041514
2.211370,-3.230770,-0.520146,9.944686,0.007328,-0.041514
2.198781,-3.186813,-0.549451,9.944686,-0.007326,-0.041514
2.185811,-3.186813,-0.564102,9.944686,-0.007326,-0.041514
2.173222,-3.172161,-0.583638,9.944686,-0.007326,-0.041514
2.161396,-3.040295,-0.598290,9.944686,-0.021978,-0.046398
2.149952,-2.923080,-0.612943,9.944686,-0.021978,-0.046398
2.138127,-2.923080,-0.637362,9.944686,-0.007326,-0.046398
2.126683,-2.879124,-0.652015,9.944686,-0.007326,-0.046398
2.115620,-2.791210,-0.686203,9.944686,-0.007326,-0.041514
2.105702,-2.615387,-0.691087,9.944686,-0.007326,-0.041514
2.095783,-2.498169,-0.715507,9.944686,-0.021978,-0.041514
2.086247,-2.454216,-0.715507,9.944686,-0.021978,-0.036630
2.077091,-2.366302,-0.705739,9.944686,0.007328,-0.036630
2.068317,-2.249084,-0.730159,9.944686,-0.007326,-0.036630
2.060306,-2.087914,-0.730159,9.944686,-0.021978,-0.036630
2.053058,-1.941393,-0.715507,9.944686,-0.007326,-0.036630
2.045810,-1.868134,-0.710623,9.944686,-0.007326,-0.036630
2.038181,-1.853481,-0.686203,9.944686,-0.007326,-0.036630
2.032077,-1.648354,-0.671551,9.944686,-0.007326,-0.036630
2.026354,-1.501833,-0.671551,9.944686,0.007328,-0.036630
2.020632,-1.472528,-0.666667,9.944686,-0.007326,-0.041514
2.014529,-1.472528,-0.652015,9.944686,-0.021978,-0.041514
2.009569,-1.355312,-0.637362,9.944686,0.007328,-0.041514
2.005373,-1.179489,-0.647131,9.944686,-0.007326,-0.041514
2.000796,-1.135532,-0.637362,9.944686,-0.007326,-0.041514
1.996599,-1.106228,-0.632479,9.944686,-0.007326,-0.041514
1.992022,-1.091578,-0.637362,9.944686,-0.007326,-0.036630
1.988970,-0.930405,-0.617826,9.944686,-0.007326,-0.036630
1.985537,-0.871796,-0.622710,9.944686,-0.021978,-0.036630
1.982867,-0.754581,-0.603174,9.944686,-0.021978,-0.036630
1.979814,-0.754581,-0.578754,9.944686,0.007328,-0.036630
1.976762,-0.754581,-0.583638,9.944686,-0.007326,-0.036630
1.974092,-0.695972,-0.568987,9.944686,-0.007326,-0.036630
1.972184,-0.549452,-0.554335,9.944686,-0.007326,-0.036630
1.970277,-0.549452,-0.568987,9.944686,-0.007326,-0.031746
1.967988,-0.549452,-0.559218,9.944686,-0.007326,-0.031746
1.966081,-0.505497,-0.539682,9.944686,-0.007326,-0.036630
1.964174,-0.446888,-0.544566,9.944686,-0.007326,-0.031746
1.962648,-0.446888,-0.554335,9.944686,0.007328,-0.036630
1.961122,-0.402931,-0.554335,9.944686,-0.007326,-0.036630
1.959214,-0.432236,-0.544566,9.944686,-0.021978,-0.036630
1.957689,-0.388281,-0.534799,9.944686,0.007328,-0.036630
1.956926,-0.300367,-0.544566,9.944686,-0.007326,-0.036630
1.955400,-0.315020,-0.539682,9.944686,-0.021978,-0.036630
1.954637,-0.256413,-0.529915,9.944686,0.007328,-0.036630
1.953874,-0.212456,-0.520146,9.944686,0.007328,-0.036630
1.952729,-0.271065,-0.515263,9.944686,-0.007326,-0.036630
1.951585,-0.227108,-0.500610,9.944686,-0.007326,-0.036630
1.951204,-0.124544,-0.500610,9.944686,-0.007326,-0.036630
1.950822,-0.153849,-0.490843,9.944686,-0.007326,-0.031746
1.949678,-0.197803,-0.500610,9.944686,-0.007326,-0.036630
1.948915,-0.197803,-0.505494,9.944686,-0.007326,-0.036630
1.948152,-0.153849,-0.505494,9.944686,-0.007326,-0.036630
1.948152,-0.109892,-0.505494,9.944686,-0.007326,-0.036630
1.947770,-0.095240,-0.500610,9.944686,-0.021978,-0.036630
1.947389,-0.095240,-0.495727,9.944686,-0.007326,-0.036630
1.947007,-0.051285,-0.485958,9.944686,0.007328,-0.036630
1.947007,-0.036633,-0.485958,9.944686,-0.007326,-0.041514
1.947007,0.007326,-0.490843,9.944686,-0.007326,-0.041514
1.947389,0.036631,-0.500610,9.944686,-0.007326,-0.041514
1.947389,0.036631,-0.505494,9.944686,0.007328,-0.046398
1.947389,0.021978,-0.520146,9.944686,-0.007326,-0.041514
1.947770,0.051283,-0.539682,9.944686,-0.007326,-0.041514
1.948152,0.065933,-0.559218,9.944686,0.007328,-0.041514
1.948152,0.065933,-0.583638,9.944686,0.007328,-0.041514
1.948533,0.080585,-0.608059,9.944686,-0.007326,-0.036630
1.948915,0.109890,-0.642246,9.944686,-0.007326,-0.036630
1.949678,0.109890,-0.671551,9.944686,-0.021978,-0.041514
1.950059,0.109890,-0.710623,9.944686,-0.007326,-0.036630
1.950441,0.153847,-0.749695,9.944686,-0.007326,-0.036630
1.951585,0.227106,-0.774115,9.944686,-0.021978,-0.041514
1.952348,0.212454,-0.798534,9.944686,-0.007326,-0.041514
1.953492,0.256411,-0.832723,9.944686,-0.021978,-0.041514
1.955018,0.344322,-0.842491,9.944686,0.007328,-0.041514
1.957307,0.476191,-0.837606,9.944686,-0.007326,-0.041514
1.959596,0.520147,-0.837606,9.944686,-0.007326,-0.041514
1.961885,0.564102,-0.852259,9.944686,-0.021978,-0.036630
1.964174,0.622711,-0.847375,9.944686,-0.007326,-0.036630
1.967225,0.710623,-0.842491,9.944686,-0.021978,-0.031746
1.970659,0.783882,-0.842491,9.944686,-0.007326,-0.031746
1.974092,0.827839,-0.847375,9.944686,-0.007326,-0.031746
1.977906,0.886446,-0.842491,9.944686,-0.021978,-0.031746
1.981722,0.959707,-0.862027,9.944686,0.007328,-0.026862
1.986300,1.032967,-0.862027,9.944686,-0.007326,-0.026862
1.990496,1.076923,-0.876678,9.944686,-0.021978,-0.026862
1.995074,1.120878,-0.886447,9.944686,-0.007326,-0.026862
2.000033,1.164835,-0.910867,9.944686,-0.007326,-0.031746
2.005755,1.326008,-0.915751,9.944686,-0.007326,-0.031746
2.011477,1.399267,-0.910867,9.944686,-0.007326,-0.036630
2.017580,1.472527,-0.905983,9.944686,-0.007326,-0.036630
2.023302,1.487179,-0.915751,9.944686,0.007328,-0.036630
2.029787,1.589743,-0.920635,9.944686,0.007328,-0.036630
2.037418,1.721611,-0.920635,9.944686,0.007328,-0.036630
2.044666,1.824175,-0.915751,9.944686,0.007328,-0.036630
2.051913,1.780220,-0.930403,9.944686,-0.021978,-0.031746
2.059543,1.853479,-0.930403,9.944686,-0.007326,-0.031746
2.067935,2.029305,-0.920635,9.944686,-0.007326,-0.031746
2.076709,2.146521,-0.935287,9.944686,-0.007326,-0.031746
2.085484,2.131868,-0.925519,9.944686,-0.021978,-0.031746
2.094258,2.205128,-0.920635,9.944686,-0.021978,-0.036630
2.103794,2.293039,-0.930403,9.944686,0.007328,-0.036630
2.113331,2.380953,-0.935287,9.944686,-0.007326,-0.041514
2.123249,2.468864,-0.940171,9.944686,-0.007326,-0.041514
2.133549,2.527472,-0.935287,9.944686,-0.021978,-0.041514
2.143849,2.571428,-0.925519,9.944686,0.007328,-0.041514
2.154530,2.615385,-0.925519,9.944686,-0.021978,-0.041514
2.165592,2.717949,-0.920635,9.944686,-0.021978,-0.041514
2.176656,2.761904,-0.925519,9.944686,-0.007326,-0.041514
2.188100,2.820513,-0.915751,9.944686,-0.007326,-0.041514
2.199544,2.879120,-0.901099,9.944686,-0.021978,-0.036630
2.211370,2.923077,-0.886447,9.944686,-0.007326,-0.036630
2.223577,2.981686,-0.886447,9.944686,-0.007326,-0.036630
2.235785,2.996336,-0.891331,9.944686,0.007328,-0.036630
2.247610,3.040293,-0.866911,9.944686,-0.021978,-0.036630
2.260199,3.098902,-0.857142,9.944686,-0.007326,-0.036630
2.272787,3.113552,-0.847375,9.944686,-0.021978,-0.036630
2.284995,3.098902,-0.852259,9.944686,-0.021978,-0.036630
2.297202,3.098902,-0.871795,9.944686,0.007328,-0.041514
2.310172,3.157509,-0.866911,9.944686,-0.007326,-0.041514
2.323142,3.201466,-0.852259,9.944686,-0.007326,-0.046398
2.335731,3.216118,-0.862027,9.944686,-0.007326,-0.041514
2.348319,3.172161,-0.857142,9.944686,-0.021978,-0.046398
2.361289,3.216118,-0.862027,9.944686,-0.007326,-0.046398
2.374642,3.289377,-0.852259,9.944686,0.007328,-0.046398
2.387993,3.318682,-0.842491,9.944686,-0.007326,-0.046398
2.400963,3.260073,-0.842491,9.944686,-0.007326,-0.046398
2.413933,3.230768,-0.837606,9.944686,-0.007326,-0.041514
2.426904,3.274725,-0.847375,9.944686,-0.007326,-0.046398
2.440255,3.362637,-0.837606,9.944686,-0.007326,-0.046398
2.453988,3.347984,-0.832723,9.944686,0.007328,-0.046398
2.466577,3.274725,-0.842491,9.944686,-0.007326,-0.046398
2.479929,3.260073,-0.832723,9.944686,-0.021978,-0.046398
2.493281,3.347984,-0.852259,9.944686,0.007328,-0.051282
2.507014,3.391941,-0.832723,9.944686,-0.007326,-0.051282
2.519603,3.274725,-0.827839,9.944686,-0.021978,-0.056166
2.531810,3.172161,-0.818070,9.944686,-0.007326,-0.056166
2.545161,3.216118,-0.818070,9.944686,-0.007326,-0.056166
2.557750,3.230768,-0.769231,9.944686,0.007328,-0.056166
2.569957,3.084249,-0.686203,9.944686,-0.021978,-0.056166
2.580257,2.820513,-0.617826,9.944686,-0.007326,-0.056166
2.590556,2.703297,-0.559218,9.944686,-0.007326,-0.056166
2.601238,2.644688,-0.515263,9.944686,-0.007326,-0.056166
2.610774,2.483517,-0.500610,9.944686,-0.007326,-0.051282
2.618786,2.190475,-0.485958,9.944686,-0.007326,-0.051282
2.625653,1.941391,-0.505494,9.944686,-0.007326,-0.051282
2.632138,1.765568,-0.554335,9.944686,-0.007326,-0.051282
2.638623,1.663004,-0.598290,9.944686,-0.007326,-0.051282
2.643963,1.472527,-0.656898,9.944686,-0.007326,-0.051282
2.648159,1.238094,-0.705739,9.944686,-0.021978,-0.056166
2.651974,1.076923,-0.764347,9.944686,-0.007326,-0.061050
2.655789,0.974360,-0.822955,9.944686,-0.007326,-0.061050
2.659603,0.959707,-0.862027,9.944686,-0.021978,-0.065934
2.662655,0.842491,-0.901099,9.944686,-0.007326,-0.070818
2.665326,0.739927,-0.920635,9.944686,-0.021978,-0.070818
2.667997,0.739927,-0.930403,9.944686,-0.007326,-0.070818
2.670667,0.666666,-0.949939,9.944304,-0.021978,-0.065934
2.672574,0.578754,-0.969475,9.944304,-0.007326,-0.061050
2.674863,0.578754,-0.974359,9.944304,-0.007326,-0.056166
2.677152,0.578754,-0.989011,9.944304,-0.021978,-0.051282
2.677915,0.388279,-1.013431,9.944304,-0.007326,-0.046398
2.679059,0.329670,-1.042735,9.944304,-0.007326,-0.041514
2.680585,0.329670,-1.072039,9.944686,-0.007326,-0.041514
2.681730,0.329670,-1.086691,9.944304,-0.007326,-0.036630
2.682874,0.300365,-1.086691,9.944686,-0.007326,-0.036630
2.683637,0.227106,-1.106227,9.944686,0.007328,-0.036630
2.684018,0.168499,-1.125763,9.944686,-0.007326,-0.036630
2.684781,0.153847,-1.140415,9.944304,-0.007326,-0.036630
2.685544,0.197802,-1.155067,9.944686,-0.021978,-0.041514
2.686307,0.183149,-1.155067,9.944686,-0.007326,-0.046398
2.686689,0.139194,-1.159951,9.944304,-0.021978,-0.051282
2.687070,0.109890,-1.159951,9.944304,-0.021978,-0.051282
2.687452,0.139194,-1.164835,9.944304,-0.007326,-0.051282
2.688215,0.153847,-1.164835,9.944304,-0.007326,-0.056166
2.688977,0.197802,-1.140415,9.944304,-0.021978,-0.051282
2.689740,0.183149,-1.111111,9.944304,0.007328,-0.051282
2.690503,0.168499,-1.096459,9.944304,-0.007326,-0.046398
2.690885,0.153847,-1.096459,9.944686,0.007328,-0.046398
2.691266,0.139194,-1.096459,9.944304,-0.007326,-0.041514
2.692029,0.124542,-1.096459,9.944686,-0.007326,-0.041514
2.692411,0.124542,-1.106227,9.944686,0.007328,-0.041514
2.692792,0.095238,-1.106227,9.944686,-0.021978,-0.041514
2.693174,0.109890,-1.106227,9.944686,-0.007326,-0.041514
2.693555,0.109890,-1.106227,9.944304,-0.007326,-0.041514
2.693555,0.095238,-1.111111,9.944686,-0.007326,-0.046398
2.693937,0.080585,-1.120879,9.944686,-0.007326,-0.046398
2.693937,0.051283,-1.130647,9.944304,-0.007326,-0.051282
2.694318,0.036631,-1.140415,9.944686,-0.007326,-0.051282
2.694318,0.036631,-1.150183,9.944304,-0.007326,-0.056166
2.694318,0.021978,-1.159951,9.944304,-0.007326,-0.056166
2.694318,0.021978,-1.164835,9.944304,-0.007326,-0.056166
2.694318,0.007326,-1.169719,9.944304,-0.007326,-0.051282
2.694318,0.007326,-1.169719,9.944304,-0.007326,-0.046398
2.694318,0.036631,-1.169719,9.944686,-0.021978,-0.046398
2.694700,0.021978,-1.164835,9.944686,0.007328,-0.046398
2.694700,0.036631,-1.159951,9.944304,-0.021978,-0.041514
2.694700,0.007326,-1.155067,9.944304,-0.007326,-0.041514
2.694700,0.007326,-1.145299,9.944686,-0.007326,-0.041514
2.694700,0.021978,-1.135531,9.944304,-0.007326,-0.046398
2.694700,-0.007328,-1.115995,9.944686,0.021980,-0.046398
2.694700,0.007326,-1.091575,9.944686,0.007328,-0.046398
2.694700,0.021978,-1.067155,9.944304,-0.007326,-0.046398
2.694700,0.007326,-1.032967,9.944304,-0.007326,-0.051282
2.694318,-0.007328,-0.993895,9.944304,-0.007326,-0.056166
2.694318,-0.036633,-0.959707,9.944686,-0.021978,-0.056166
2.694318,-0.007328,-0.920635,9.944304,-0.007326,-0.056166
2.693937,-0.036633,-0.876678,9.944686,-0.007326,-0.056166
2.693555,-0.065935,-0.832723,9.944304,-0.021978,-0.051282
2.693555,-0.065935,-0.783883,9.944304,-0.007326,-0.046398
2.693174,-0.080587,-0.735043,9.944686,-0.007326,-0.046398
2.692411,-0.124544,-0.691087,9.944686,-0.007326,-0.041514
2.691648,-0.168499,-0.652015,9.944304,-0.007326,-0.036630
2.690503,-0.212456,-0.612943,9.944686,0.007328,-0.036630
2.689359,-0.227108,-0.564102,9.944686,0.007328,-0.036630
2.688596,-0.227108,-0.520146,9.944686,-0.021978,-0.036630
2.686689,-0.373629,-0.485958,9.944304,-0.021978,-0.031746
2.684018,-0.505497,-0.437119,9.944304,-0.007326,-0.031746
2.682111,-0.505497,-0.402930,9.944686,0.007328,-0.036630
2.680585,-0.446888,-0.368742,9.944304,-0.007326,-0.036630
2.677152,-0.652016,-0.339438,9.944686,-0.007326,-0.041514
2.673337,-0.871796,-0.315019,9.944686,-0.007326,-0.041514
2.669904,-0.827841,-0.285714,9.944304,0.007328,-0.046398
2.666852,-0.798536,-0.261294,9.944304,-0.007326,-0.041514
2.663037,-0.871796,-0.217339,9.944686,-0.007326,-0.041514
2.658077,-1.106228,-0.197803,9.944304,-0.007326,-0.041514
2.652355,-1.267401,-0.183150,9.944304,-0.021978,-0.041514
2.647015,-1.311357,-0.178267,9.944686,-0.007326,-0.041514
2.642056,-1.267401,-0.168498,9.944304,-0.007326,-0.041514
2.636334,-1.355312,-0.168498,9.944304,-0.021978,-0.036630
2.629849,-1.545790,-0.207570,9.944686,0.007328,-0.041514
2.622219,-1.663006,-0.241758,9.944304,-0.021978,-0.041514
2.615352,-1.721613,-0.231990,9.944686,-0.007326,-0.041514
2.608485,-1.750917,-0.222222,9.944686,-0.021978,-0.046398
2.601238,-1.780222,-0.217339,9.944686,-0.007326,-0.046398
2.592845,-1.985350,-0.231990,9.944686,-0.007326,-0.051282
2.583690,-2.117218,-0.231990,9.944304,-0.021978,-0.061050
2.575298,-2.131870,-0.227106,9.944304,0.007328,-0.065934
2.566524,-2.146523,-0.236875,9.944304,-0.036631,-0.065934
2.556987,-2.278389,-0.217339,9.944304,-0.007326,-0.070818
2.547069,-2.439564,-0.236875,9.944304,-0.021978,-0.070818
2.536769,-2.527473,-0.266178,9.944304,0.007328,-0.070818
2.526469,-2.527473,-0.266178,9.944304,-0.007326,-0.065934
2.516169,-2.542126,-0.280830,9.944304,-0.021978,-0.061050
2.505106,-2.688644,-0.280830,9.944304,-0.021978,-0.061050
2.493662,-2.791210,-0.305250,9.944304,-0.007326,-0.056166
2.481837,-2.849819,-0.310134,9.944304,-0.007326,-0.056166
2.470392,-2.849819,-0.310134,9.944304,-0.007326,-0.051282
2.458566,-2.908428,-0.295483,9.944304,0.007328,-0.051282
2.446359,-3.010990,-0.280830,9.944304,-0.021978,-0.051282
2.433770,-3.084251,-0.280830,9.944304,-0.007326,-0.051282
2.420800,-3.142860,-0.280830,9.944304,-0.021978,-0.051282
2.408211,-3.157509,-0.305250,9.944304,-0.021978,-0.056166
2.395241,-3.201466,-0.329670,9.944304,-0.007326,-0.061050
2.381890,-3.260075,-0.334555,9.944304,-0.007326,-0.056166
2.368537,-3.318684,-0.378510,9.944304,-0.007326,-0.061050
2.355186,-3.304031,-0.407814,9.944304,-0.007326,-0.061050
2.341834,-3.347988,-0.427350,9.944304,-0.007326,-0.061050
2.328483,-3.347988,-0.451771,9.944304,-0.007326,-0.061050
2.315131,-3.347988,-0.437119,9.944304,0.007328,-0.056166
2.301399,-3.377293,-0.471307,9.944304,0.007328,-0.056166
2.287666,-3.362640,-0.471307,9.944304,-0.007326,-0.051282
2.274696,-3.333336,-0.481074,9.944304,-0.007326,-0.051282
2.261343,-3.318684,-0.485958,9.944304,-0.007326,-0.046398
2.247610,-3.347988,-0.471307,9.944304,0.007328,-0.046398
2.233877,-3.391945,-0.495727,9.944304,-0.007326,-0.046398
2.220906,-3.318684,-0.515263,9.944304,-0.007326,-0.046398
2.207937,-3.260075,-0.529915,9.944304,0.007328,-0.046398
2.194967,-3.245422,-0.534799,9.944304,-0.007326,-0.046398
2.182378,-3.230770,-0.534799,9.944304,-0.021978,-0.046398
2.169026,-3.230770,-0.564102,9.944304,-0.007326,-0.051282
2.157200,-3.069599,-0.573871,9.944304,-0.007326,-0.056166
2.145375,-2.996338,-0.578754,9.944304,-0.007326,-0.056166
2.133549,-2.996338,-0.598290,9.944304,-0.007326,-0.056166
2.121723,-2.967033,-0.608059,9.944304,0.007328,-0.061050
2.110661,-2.864471,-0.642246,9.944304,-0.007326,-0.061050
2.099980,-2.717949,-0.656898,9.944304,-0.007326,-0.056166
2.089680,-2.644691,-0.676435,9.944304,-0.007326,-0.056166
2.079380,-2.586082,-0.691087,9.944304,-0.007326,-0.051282
2.069461,-2.512821,-0.695971,9.944304,0.007328,-0.051282
2.060306,-2.380955,-0.720390,9.944304,-0.007326,-0.051282
2.051913,-2.190479,-0.725275,9.944304,-0.007326,-0.046398
2.043521,-2.131870,-0.725275,9.944304,-0.007326,-0.046398
2.035510,-2.073261,-0.720390,9.944686,-0.007326,-0.046398
2.028261,-1.912090,-0.705739,9.944304,-0.007326,-0.046398
2.021395,-1.809525,-0.710623,9.944686,-0.007326,-0.046398
2.014529,-1.706961,-0.700854,9.944686,-0.007326,-0.041514
2.008425,-1.619049,-0.681318,9.944304,-0.007326,-0.041514
2.002703,-1.516485,-0.676435,9.944304,0.007328,-0.046398
1.996981,-1.413921,-0.666667,9.944686,-0.007326,-0.046398
1.991640,-1.355312,-0.666667,9.944304,-0.021978,-0.046398
1.987063,-1.252748,-0.642246,9.944304,-0.007326,-0.046398
1.982485,-1.150185,-0.632479,9.944304,-0.007326,-0.041514
1.978669,-1.062273,-0.622710,9.944304,-0.007326,-0.041514
1.974473,-1.032969,-0.608059,9.944686,0.021980,-0.041514
1.970659,-0.974361,-0.612943,9.944304,-0.007326,-0.041514
1.967225,-0.915752,-0.612943,9.944686,-0.007326,-0.036630
1.964174,-0.827841,-0.593407,9.944304,-0.007326,-0.036630
1.961503,-0.754581,-0.598290,9.944304,-0.021978,-0.036630
1.958452,-0.725277,-0.573871,9.944304,-0.007326,-0.036630
1.955781,-0.681320,-0.573871,9.944304,-0.007326,-0.036630
1.953874,-0.578756,-0.564102,9.944686,0.007328,-0.036630
1.951204,-0.578756,-0.559218,9.944304,-0.007326,-0.036630
1.948915,-0.564104,-0.554335,9.944304,-0.007326,-0.036630
1.947007,-0.490845,-0.549451,9.944304,-0.021978,-0.036630
1.945863,-0.402931,-0.544566,9.944304,-0.007326,-0.041514
1.943574,-0.461540,-0.534799,9.944304,-0.007326,-0.041514
1.941667,-0.461540,-0.539682,9.944304,-0.007326,-0.041514
1.940141,-0.402931,-0.534799,9.944304,-0.007326,-0.041514
1.939759,-0.227108,-0.525030,9.944686,-0.007326,-0.041514
1.938234,-0.300367,-0.515263,9.944304,-0.007326,-0.041514
1.936708,-0.373629,-0.505494,9.944304,-0.007326,-0.041514
1.935182,-0.329672,-0.510379,9.944686,0.021980,-0.041514
1.934419,-0.256413,-0.534799,9.944686,-0.007326,-0.041514
1.933656,-0.241760,-0.534799,9.944686,-0.007326,-0.041514
1.932893,-0.183151,-0.520146,9.944304,-0.021978,-0.041514
1.932512,-0.153849,-0.505494,9.944304,-0.021978,-0.041514
1.931366,-0.197803,-0.490843,9.944686,0.007328,-0.046398
1.930603,-0.197803,-0.481074,9.944686,0.007328,-0.046398
1.930222,-0.109892,-0.471307,9.944686,-0.007326,-0.046398
1.930222,-0.065935,-0.466422,9.944304,-0.021978,-0.046398
1.929840,-0.065935,-0.451771,9.944304,-0.021978,-0.046398
1.929459,-0.080587,-0.437119,9.944304,-0.007326,-0.046398
1.929077,-0.065935,-0.432235,9.944304,-0.007326,-0.046398
1.929459,-0.021980,-0.437119,9.944686,0.007328,-0.046398
1.929077,-0.021980,-0.437119,9.944686,-0.007326,-0.046398
1.929077,-0.007328,-0.442002,9.944686,-0.021978,-0.041514
1.929459,0.021978,-0.451771,9.944686,-0.007326,-0.046398
1.929459,0.021978,-0.461538,9.944686,0.007328,-0.046398
1.929459,0.021978,-0.476191,9.944304,-0.007326,-0.046398
1.929459,0.021978,-0.495727,9.944304,-0.007326,-0.046398
1.929459,0.021978,-0.525030,9.944304,-0.007326,-0.046398
1.929840,0.036631,-0.559218,9.944304,-0.007326,-0.046398
1.929840,0.065933,-0.593407,9.944304,-0.007326,-0.046398
1.930222,0.080585,-0.632479,9.944304,0.007328,-0.046398
1.930603,0.095238,-0.666667,9.944686,0.007328,-0.046398
1.930985,0.095238,-0.700854,9.944304,-0.007326,-0.041514
1.931748,0.153847,-0.739926,9.944304,-0.021978,-0.041514
1.932893,0.256411,-0.764347,9.944304,-0.007326,-0.041514
1.934037,0.271063,-0.788767,9.944304,-0.021978,-0.041514
1.934800,0.241758,-0.818070,9.944304,-0.007326,-0.036630
1.935945,0.285715,-0.842491,9.944304,-0.007326,-0.036630
1.938615,0.461538,-0.866911,9.944686,0.007328,-0.036630
1.940904,0.549450,-0.886447,9.944304,-0.007326,-0.036630
1.943193,0.534798,-0.910867,9.944304,-0.021978,-0.036630
1.945100,0.534798,-0.920635,9.944304,-0.007326,-0.036630
1.948533,0.710623,-0.935287,9.944686,0.007328,-0.036630
1.952729,0.930403,-0.940171,9.944686,-0.007326,-0.031746
1.956544,0.959707,-0.930403,9.944304,-0.007326,-0.036630
1.960740,0.989012,-0.920635,9.944304,-0.007326,-0.036630
1.964936,1.062271,-0.930403,9.944686,0.007328,-0.036630
1.970277,1.208792,-0.935287,9.944686,-0.007326,-0.036630
1.975999,1.355310,-0.930403,9.944304,-0.021978,-0.036630
1.981722,1.428572,-0.925519,9.944304,-0.021978,-0.031746
1.987826,1.487179,-0.920635,9.944304,-0.007326,-0.031746
1.993929,1.501831,-0.925519,9.944304,-0.007326,-0.036630
2.000414,1.604395,-0.935287,9.944304,-0.007326,-0.036630
2.008044,1.780220,-0.930403,9.944304,-0.007326,-0.036630
2.016054,1.882784,-0.915751,9.944686,-0.007326,-0.036630
2.023684,1.882784,-0.925519,9.944686,-0.007326,-0.036630
2.030933,1.897436,-0.920635,9.944686,0.007328,-0.036630
2.039706,2.058607,-0.920635,9.944304,-0.007326,-0.036630
2.048862,2.205128,-0.930403,9.944686,-0.007326,-0.041514
2.057636,2.161173,-0.930403,9.944304,-0.007326,-0.041514
2.066409,2.219780,-0.925519,9.944304,-0.007326,-0.041514
2.076328,2.380953,-0.925519,9.944686,0.007328,-0.046398
2.086247,2.468864,-0.920635,9.944304,-0.007326,-0.046398
2.096546,2.512821,-0.915751,9.944304,-0.007326,-0.046398
2.106846,2.527472,-0.905983,9.944304,-0.021978,-0.046398
2.117146,2.571428,-0.920635,9.944304,-0.007326,-0.046398
2.128208,2.673992,-0.910867,9.944686,0.021980,-0.046398
2.139652,2.791208,-0.905983,9.944304,-0.021978,-0.046398
2.150715,2.835165,-0.891331,9.944686,0.007328,-0.041514
2.162159,2.805861,-0.886447,9.944304,-0.007326,-0.041514
2.173222,2.849817,-0.891331,9.944686,0.007328,-0.041514
2.185430,2.937729,-0.891331,9.944304,-0.007326,-0.041514
2.197637,3.025640,-0.871795,9.944304,-0.007326,-0.041514
2.209844,3.040293,-0.866911,9.944304,-0.007326,-0.041514
2.222051,3.025640,-0.862027,9.944686,-0.007326,-0.046398
2.233877,3.054945,-0.871795,9.944686,0.007328,-0.046398
2.246847,3.128204,-0.857142,9.944304,-0.021978,-0.046398
2.259817,3.186813,-0.842491,9.944304,-0.007326,-0.046398
2.272406,3.157509,-0.837606,9.944304,-0.007326,-0.051282
2.284614,3.113552,-0.852259,9.944304,-0.007326,-0.051282
2.297202,3.142857,-0.871795,9.944304,-0.007326,-0.046398
2.310172,3.230768,-0.866911,9.944304,-0.021978,-0.046398
2.323142,3.260073,-0.857142,9.944304,-0.007326,-0.046398
2.336112,3.216118,-0.862027,9.944304,-0.007326,-0.046398
2.349082,3.186813,-0.862027,9.944304,-0.007326,-0.046398
2.362434,3.289377,-0.866911,9.944304,-0.007326,-0.046398
2.375786,3.347984,-0.837606,9.944686,-0.007326,-0.046398
2.388756,3.333334,-0.818070,9.944304,-0.021978,-0.046398
2.402107,3.274725,-0.822955,9.944304,-0.007326,-0.051282
2.415077,3.274725,-0.818070,9.944304,0.007328,-0.051282
2.428430,3.318682,-0.813187,9.944304,-0.021978,-0.051282
2.442163,3.391941,-0.783883,9.944304,0.007328,-0.056166
2.455133,3.347984,-0.788767,9.944686,0.007328,-0.056166
2.467721,3.201466,-0.783883,9.944304,-0.021978,-0.056166
2.480311,3.216118,-0.774115,9.944304,-0.007326,-0.056166
2.493662,3.304029,-0.783883,9.944304,0.007328,-0.061050
2.507014,3.289377,-0.764347,9.944304,-0.007326,-0.061050
2.518840,3.128204,-0.759462,9.944304,-0.007326,-0.061050
2.530666,2.996336,-0.759462,9.944304,-0.007326,-0.061050
2.542873,3.040293,-0.759462,9.944304,-0.007326,-0.061050
2.555461,3.069597,-0.764347,9.944304,-0.007326,-0.056166
2.566905,2.981686,-0.739926,9.944304,-0.007326,-0.056166
2.576823,2.703297,-0.705739,9.944304,-0.021978,-0.056166
2.587123,2.600733,-0.666667,9.944304,-0.007326,-0.056166
2.597423,2.542124,-0.627595,9.944304,0.007328,-0.056166
2.606960,2.468864,-0.598290,9.944304,-0.021978,-0.056166
2.614970,2.234432,-0.568987,9.944304,-0.007326,-0.056166
2.622219,1.985348,-0.564102,9.944304,-0.007326,-0.056166
2.629086,1.809525,-0.588523,9.944686,0.007328,-0.056166
2.635571,1.706959,-0.622710,9.944686,-0.007326,-0.056166
2.641293,1.560440,-0.656898,9.944304,-0.007326,-0.061050
2.646252,1.355310,-0.686203,9.944304,-0.007326,-0.061050
2.650067,1.179487,-0.735043,9.944304,-0.021978,-0.061050
2.654263,1.062271,-0.783883,9.944304,-0.007326,-0.065934
2.657696,1.003662,-0.827839,9.944304,0.007328,-0.065934
2.661511,0.930403,-0.866911,9.944304,-0.007326,-0.070818
2.664181,0.783882,-0.891331,9.944304,0.007328,-0.070818
2.666852,0.725275,-0.905983,9.944304,0.007328,-0.070818
2.669904,0.725275,-0.930403,9.944304,-0.021978,-0.070818
2.671811,0.608059,-0.954823,9.944304,-0.021978,-0.070818
2.673719,0.564102,-0.974359,9.944304,-0.021978,-0.065934
2.676008,0.593407,-0.969475,9.944304,-0.007326,-0.065934
2.677533,0.446886,-1.003663,9.944304,-0.007326,-0.061050
2.678296,0.329670,-1.028083,9.944304,-0.007326,-0.056166
2.679822,0.344322,-1.062271,9.944304,-0.007326,-0.056166
2.680967,0.344322,-1.091575,9.944304,0.007328,-0.051282
2.682111,0.300365,-1.086691,9.944304,0.007328,-0.051282
2.682874,0.256411,-1.091575,9.944304,0.007328,-0.046398
2.683637,0.183149,-1.115995,9.944304,0.007328,-0.046398
2.684018,0.153847,-1.130647,9.944304,-0.021978,-0.046398
2.684781,0.168499,-1.145299,9.944304,-0.007326,-0.051282
2.685544,0.183149,-1.155067,9.944304,-0.007326,-0.051282
2.686307,0.183149,-1.155067,9.944304,-0.007326,-0.056166
2.686689,0.139194,-1.155067,9.944304,0.007328,-0.056166
2.687070,0.109890,-1.155067,9.944304,-0.021978,-0.056166
2.687452,0.124542,-1.159951,9.944304,-0.007326,-0.056166
2.688215,0.168499,-1.155067,9.944304,-0.007326,-0.056166
2.688977,0.183149,-1.130647,9.944304,-0.021978,-0.056166
2.689740,0.168499,-1.111111,9.944304,-0.007326,-0.056166
2.690503,0.168499,-1.101343,9.944304,-0.007326,-0.051282
2.690885,0.139194,-1.096459,9.944304,-0.007326,-0.051282
2.691266,0.139194,-1.096459,9.944304,0.007328,-0.051282
2.691648,0.109890,-1.096459,9.944304,0.007328,-0.051282
2.692029,0.109890,-1.106227,9.944304,-0.007326,-0.051282
2.692411,0.109890,-1.111111,9.944304,-0.007326,-0.051282
2.692792,0.124542,-1.115995,9.944304,-0.007326,-0.051282
2.693174,0.095238,-1.111111,9.944304,0.007328,-0.056166
2.693555,0.080585,-1.111111,9.944304,-0.021978,-0.056166
2.693555,0.065933,-1.106227,9.944304,-0.007326,-0.056166
2.693937,0.036631,-1.106227,9.944304,-0.007326,-0.056166
2.693937,0.051283,-1.106227,9.944304,-0.021978,-0.056166
2.693937,0.021978,-1.101343,9.944304,-0.007326,-0.061050
2.693937,0.021978,-1.086691,9.944304,0.007328,-0.061050
2.693937,-0.007328,-1.067155,9.944304,-0.007326,-0.056166
2.693937,0.007326,-1.047619,9.944304,-0.021978,-0.056166
2.693937,-0.007328,-1.018315,9.944686,0.007328,-0.051282
2.693555,-0.007328,-0.979243,9.944304,-0.021978,-0.056166
2.693555,0.007326,-0.945055,9.944304,-0.007326,-0.051282
2.693555,-0.021980,-0.896214,9.944304,-0.007326,-0.051282
2.693555,-0.021980,-0.852259,9.944304,0.007328,-0.051282
2.693174,-0.065935,-0.803419,9.944304,0.007328,-0.051282
2.692792,-0.065935,-0.764347,9.944304,-0.021978,-0.051282
2.692029,-0.095240,-0.715507,9.944304,-0.021978,-0.056166
2.691648,-0.139196,-0.671551,9.944304,-0.007326,-0.056166
2.690503,-0.197803,-0.622710,9.944304,0.007328,-0.056166
2.689740,-0.212456,-0.573871,9.944304,0.007328,-0.056166
2.688977,-0.197803,-0.525030,9.944304,-0.007326,-0.061050
2.687070,-0.358976,-0.490843,9.944304,-0.021978,-0.056166
2.684400,-0.505497,-0.442002,9.944304,-0.021978,-0.056166
2.682492,-0.490845,-0.412699,9.944304,-0.007326,-0.056166
2.680967,-0.432236,-0.373627,9.944304,-0.007326,-0.056166
2.678296,-0.578756,-0.349206,9.944304,-0.007326,-0.051282
2.674100,-0.827841,-0.324786,9.944304,-0.007326,-0.046398
2.670667,-0.871796,-0.305250,9.944304,0.007328,-0.046398
2.667615,-0.813189,-0.285714,9.944304,-0.007326,-0.041514
2.664181,-0.842493,-0.256411,9.944304,-0.007326,-0.041514
2.659603,-1.032969,-0.222222,9.944304,0.007328,-0.036630
2.653881,-1.252748,-0.207570,9.944304,-0.007326,-0.036630
2.648541,-1.296705,-0.212454,9.944304,-0.007326,-0.036630
2.643582,-1.238096,-0.192918,9.944304,-0.007326,-0.031746
2.638241,-1.311357,-0.183150,9.944304,-0.007326,-0.031746
2.631756,-1.457878,-0.222222,9.944304,-0.007326,-0.036630
2.624890,-1.619049,-0.251526,9.944304,-0.007326,-0.041514
2.618023,-1.692310,-0.241758,9.944304,0.007328,-0.041514
2.611156,-1.677658,-0.227106,9.944304,-0.007326,-0.046398
2.604289,-1.706961,-0.217339,9.944304,-0.021978,-0.051282
2.596278,-1.882786,-0.222222,9.944304,-0.007326,-0.056166
2.587505,-2.058609,-0.217339,9.944304,-0.007326,-0.065934
2.579112,-2.073261,-0.207570,9.944304,-0.007326,-0.070818
2.571101,-2.058609,-0.202686,9.944304,-0.021978,-0.070818
2.561946,-2.175827,-0.192918,9.944304,-0.021978,-0.075702
2.552028,-2.336998,-0.212454,9.944304,-0.021978,-0.075702
2.541728,-2.483517,-0.227106,9.944304,-0.007326,-0.075702
2.531429,-2.512821,-0.246642,9.944304,0.007328,-0.075702
2.521510,-2.527473,-0.261294,9.944304,-0.007326,-0.070818
2.510828,-2.644691,-0.266178,9.944304,0.007328,-0.070818
2.499384,-2.761906,-0.305250,9.944304,-0.007326,-0.070818
2.487559,-2.820515,-0.305250,9.944304,-0.007326,-0.070818
2.476115,-2.879124,-0.310134,9.944304,0.007328,-0.070818
2.464288,-2.923080,-0.310134,9.944304,-0.007326,-0.065934
2.451699,-3.010990,-0.300366,9.944304,-0.007326,-0.065934
2.438730,-3.128208,-0.315019,9.944304,0.007328,-0.065934
2.426141,-3.157509,-0.324786,9.944304,-0.007326,-0.065934
2.413552,-3.172161,-0.344322,9.944304,0.007328,-0.070818
2.400582,-3.216118,-0.363858,9.944304,-0.007326,-0.065934
2.387612,-3.245422,-0.383394,9.944304,0.007328,-0.070818
2.373879,-3.304031,-0.402930,9.944304,-0.021978,-0.070818
2.360908,-3.304031,-0.432235,9.944304,-0.007326,-0.070818
2.347556,-3.304031,-0.437119,9.944304,-0.021978,-0.065934
2.334205,-3.289379,-0.456655,9.944304,-0.007326,-0.065934
2.321235,-3.318684,-0.446886,9.944304,-0.007326,-0.061050
2.307502,-3.333336,-0.451771,9.944304,0.007328,-0.061050
2.294151,-3.333336,-0.456655,9.944304,-0.007326,-0.061050
2.281181,-3.304031,-0.446886,9.944304,-0.007326,-0.056166
2.267828,-3.289379,-0.451771,9.944304,-0.007326,-0.056166
2.254858,-3.289379,-0.432235,9.944304,-0.007326,-0.051282
2.241125,-3.377293,-0.442002,9.944304,-0.007326,-0.051282
2.227774,-3.347988,-0.461538,9.944304,-0.007326,-0.051282
2.214422,-3.304031,-0.481074,9.944304,0.007328,-0.051282
2.201833,-3.245422,-0.495727,9.944304,-0.007326,-0.051282
2.188482,-3.274727,-0.495727,9.944304,-0.021978,-0.051282
2.175129,-3.274727,-0.525030,9.944304,-0.007326,-0.056166
2.162541,-3.201466,-0.549451,9.944304,0.007328,-0.056166
2.150334,-3.098904,-0.554335,9.944304,-0.007326,-0.056166
2.138508,-3.084251,-0.578754,9.944304,-0.007326,-0.061050
2.125920,-3.054947,-0.603174,9.944304,-0.007326,-0.056166
2.114094,-3.025642,-0.632479,9.944304,-0.007326,-0.056166
2.103031,-2.849819,-0.661782,9.944304,-0.007326,-0.056166
2.092350,-2.761906,-0.671551,9.944304,-0.007326,-0.051282
2.081288,-2.717949,-0.695971,9.944304,-0.021978,-0.051282
2.070987,-2.644691,-0.705739,9.944304,-0.007326,-0.051282
2.061069,-2.527473,-0.720390,9.944304,0.007328,-0.051282
2.052295,-2.336998,-0.730159,9.944304,0.007328,-0.051282
2.043521,-2.234432,-0.730159,9.944304,-0.007326,-0.046398
2.035129,-2.175827,-0.720390,9.944304,-0.007326,-0.051282
2.027117,-2.058609,-0.700854,9.944304,-0.007326,-0.051282
2.019488,-1.926743,-0.705739,9.944304,-0.007326,-0.051282
2.012621,-1.824177,-0.700854,9.944304,0.007328,-0.051282
2.006136,-1.706961,-0.686203,9.944304,-0.007326,-0.056166
1.999651,-1.633701,-0.671551,9.944304,-0.007326,-0.056166
1.993929,-1.545790,-0.661782,9.944304,-0.007326,-0.056166
1.987826,-1.472528,-0.652015,9.944304,-0.007326,-0.056166
1.982867,-1.355312,-0.647131,9.944304,-0.007326,-0.056166
1.978288,-1.223446,-0.632479,9.944304,-0.007326,-0.056166
1.973710,-1.194141,-0.622710,9.944304,-0.007326,-0.051282
1.969133,-1.194141,-0.627595,9.944304,-0.007326,-0.051282
1.964936,-1.076925,-0.622710,9.944304,-0.021978,-0.056166
1.961503,-0.959709,-0.637362,9.944304,-0.007326,-0.051282
1.958070,-0.886448,-0.612943,9.944304,-0.007326,-0.051282
1.954637,-0.857145,-0.608059,9.944304,0.007328,-0.046398
1.951585,-0.798536,-0.593407,9.944304,-0.021978,-0.046398
1.948533,-0.754581,-0.593407,9.944304,-0.007326,-0.051282
1.946244,-0.652016,-0.583638,9.944304,-0.007326,-0.051282
1.944337,-0.564104,-0.573871,9.944304,-0.021978,-0.046398
1.941667,-0.593409,-0.568987,9.944304,-0.007326,-0.046398
1.939378,-0.564104,-0.559218,9.944304,-0.021978,-0.046398
1.937852,-0.476192,-0.549451,9.944304,-0.007326,-0.046398
1.935945,-0.461540,-0.534799,9.944304,-0.007326,-0.046398
1.934037,-0.476192,-0.539682,9.944304,-0.007326,-0.046398
1.932512,-0.388281,-0.525030,9.944304,-0.021978,-0.051282
1.931748,-0.285717,-0.505494,9.944304,-0.007326,-0.051282
1.930603,-0.285717,-0.495727,9.944304,-0.021978,-0.046398
1.928696,-0.373629,-0.476191,9.944304,-0.007326,-0.046398
1.927933,-0.271065,-0.476191,9.944304,-0.007326,-0.046398
1.926789,-0.241760,-0.490843,9.944304,0.007328,-0.046398
1.925644,-0.285717,-0.490843,9.944304,-0.007326,-0.051282
1.925263,-0.197803,-0.481074,9.944304,-0.007326,-0.046398
1.924500,-0.168499,-0.471307,9.944304,0.007328,-0.051282
1.923737,-0.212456,-0.476191,9.944304,0.007328,-0.046398
1.922211,-0.256413,-0.466422,9.944304,-0.021978,-0.046398
1.921829,-0.183151,-0.466422,9.944304,-0.007326,-0.046398
1.921448,-0.080587,-0.476191,9.944304,0.007328,-0.046398
1.921067,-0.124544,-0.466422,9.944304,-0.007326,-0.051282
1.920304,-0.153849,-0.471307,9.944304,-0.007326,-0.051282
1.919541,-0.183151,-0.481074,9.944304,-0.007326,-0.051282
1.918396,-0.183151,-0.510379,9.944304,-0.007326,-0.051282
1.918015,-0.153849,-0.515263,9.944304,-0.007326,-0.051282
1.917633,-0.109892,-0.520146,9.944304,-0.021978,-0.051282
1.916870,-0.153849,-0.529915,9.944304,-0.021978,-0.051282
1.915726,-0.197803,-0.549451,9.944304,-0.021978,-0.051282
1.915344,-0.197803,-0.559218,9.944304,-0.007326,-0.051282
1.914963,-0.095240,-0.578754,9.944304,-0.007326,-0.051282
1.914963,-0.051285,-0.588523,9.944304,-0.021978,-0.051282
1.914582,-0.051285,-0.593407,9.944304,-0.007326,-0.051282
1.914582,-0.036633,-0.593407,9.944304,-0.021978,-0.051282
1.914963,0.021978,-0.608059,9.944304,0.007328,-0.056166
1.914963,0.051283,-0.627595,9.944304,0.007328,-0.056166
1.915344,0.065933,-0.652015,9.944304,0.007328,-0.056166
1.915726,0.065933,-0.676435,9.944304,-0.021978,-0.056166
1.916107,0.109890,-0.720390,9.944304,-0.007326,-0.056166
1.916489,0.109890,-0.754579,9.944304,0.007328,-0.051282
1.917252,0.153847,-0.793651,9.944304,-0.007326,-0.051282
1.918396,0.227106,-0.827839,9.944304,-0.007326,-0.051282
1.919159,0.212454,-0.866911,9.944304,-0.007326,-0.051282
1.920304,0.227106,-0.901099,9.944304,0.007328,-0.046398
1.922211,0.388279,-0.920635,9.944304,-0.021978,-0.046398
1.924500,0.549450,-0.935287,9.944304,-0.007326,-0.046398
1.927170,0.593407,-0.949939,9.944304,-0.007326,-0.051282
1.929459,0.564102,-0.949939,9.944304,-0.007326,-0.051282
1.933275,0.783882,-0.949939,9.944304,-0.007326,-0.051282
1.937471,0.945055,-0.959707,9.944304,-0.007326,-0.051282
1.941285,0.989012,-0.949939,9.944304,-0.007326,-0.051282
1.945482,1.047619,-0.945055,9.944304,-0.021978,-0.051282
1.950822,1.208792,-0.930403,9.944304,0.007328,-0.051282
1.956544,1.340660,-0.925519,9.944304,0.007328,-0.051282
1.962648,1.413919,-0.925519,9.944304,-0.007326,-0.046398
1.967988,1.428572,-0.925519,9.944304,-0.036631,-0.041514
1.974473,1.531136,-0.925519,9.944304,0.007328,-0.041514
1.981722,1.692308,-0.930403,9.944304,0.007328,-0.041514
1.988970,1.780220,-0.930403,9.944304,-0.007326,-0.041514
1.996218,1.809525,-0.940171,9.944304,-0.007326,-0.036630
2.003847,1.868132,-0.940171,9.944304,-0.021978,-0.041514
2.012240,2.000000,-0.940171,9.944304,-0.007326,-0.046398
2.021013,2.117216,-0.940171,9.944304,-0.007326,-0.046398
2.029787,2.175823,-0.940171,9.944304,-0.021978,-0.046398
2.038944,2.219780,-0.935287,9.944304,-0.021978,-0.051282
2.048480,2.336996,-0.935287,9.944304,-0.021978,-0.051282
2.058017,2.366301,-0.949939,9.944304,0.021980,-0.051282
2.068317,2.498169,-0.930403,9.944304,-0.007326,-0.051282
2.079380,2.600733,-0.930403,9.944304,-0.007326,-0.046398
2.089680,2.630037,-0.930403,9.944304,0.007328,-0.046398
2.100361,2.673992,-0.920635,9.944304,0.007328,-0.046398
2.111424,2.717949,-0.915751,9.944304,-0.007326,-0.046398
2.122868,2.820513,-0.910867,9.944304,0.007328,-0.046398
2.134693,2.908424,-0.901099,9.944304,-0.007326,-0.046398
2.146519,2.937729,-0.896214,9.944304,-0.021978,-0.046398
2.157963,2.923077,-0.871795,9.944304,-0.007326,-0.046398
2.170170,2.981686,-0.876678,9.944304,-0.007326,-0.051282
2.182378,3.025640,-0.876678,9.944304,0.007328,-0.051282
2.194967,3.098902,-0.862027,9.944304,-0.007326,-0.056166
2.207174,3.113552,-0.857142,9.944304,-0.007326,-0.056166
2.219762,3.128204,-0.847375,9.944304,-0.021978,-0.056166
2.232352,3.128204,-0.852259,9.944304,-0.007326,-0.056166
2.245322,3.186813,-0.842491,9.944304,-0.007326,-0.056166
2.258291,3.260073,-0.837606,9.944304,-0.007326,-0.056166
2.271261,3.230768,-0.832723,9.944304,-0.021978,-0.056166
2.283851,3.186813,-0.842491,9.944304,0.007328,-0.056166
2.296439,3.186813,-0.847375,9.944304,-0.007326,-0.056166
2.309791,3.260073,-0.857142,9.944304,0.007328,-0.056166
2.322761,3.289377,-0.847375,9.944304,-0.007326,-0.056166
2.336112,3.289377,-0.866911,9.944304,-0.021978,-0.056166
2.348701,3.245420,-0.857142,9.944304,-0.007326,-0.056166
2.362052,3.289377,-0.852259,9.944304,-0.007326,-0.056166
2.375786,3.347984,-0.842491,9.944304,-0.007326,-0.061050
2.389138,3.391941,-0.822955,9.944304,-0.007326,-0.061050
2.402489,3.318682,-0.837606,9.944304,-0.007326,-0.061050
2.415077,3.274725,-0.813187,9.944304,-0.007326,-0.065934
2.428430,3.318682,-0.803419,9.944304,-0.021978,-0.065934
2.442163,3.377289,-0.778998,9.944304,0.007328,-0.065934
2.455514,3.333334,-0.783883,9.944304,-0.007326,-0.065934
2.467721,3.201466,-0.778998,9.944304,0.007328,-0.065934
2.480311,3.186813,-0.754579,9.944304,-0.007326,-0.065934
2.493281,3.230768,-0.749695,9.944304,-0.007326,-0.065934
2.506632,3.230768,-0.730159,9.944304,0.007328,-0.065934
2.518076,3.069597,-0.715507,9.944304,0.007328,-0.065934
2.529521,2.923077,-0.725275,9.944304,-0.021978,-0.065934
2.541347,2.952381,-0.710623,9.944304,-0.007326,-0.065934
2.553172,2.952381,-0.705739,9.944304,-0.007326,-0.065934
2.564235,2.835165,-0.691087,9.944304,-0.007326,-0.065934
2.574153,2.630037,-0.695971,9.944304,0.007328,-0.065934
2.584071,2.527472,-0.705739,9.944304,-0.007326,-0.070818
2.593990,2.512821,-0.681318,9.944304,-0.007326,-0.070818
2.603145,2.410255,-0.656898,9.944304,-0.007326,-0.070818
2.611537,2.190475,-0.637362,9.944304,-0.021978,-0.070818
2.618786,2.000000,-0.617826,9.944304,-0.007326,-0.065934
2.626034,1.882784,-0.632479,9.944304,-0.007326,-0.065934
2.632519,1.750916,-0.642246,9.944304,-0.007326,-0.065934
2.638241,1.575092,-0.666667,9.944304,-0.007326,-0.065934
2.643582,1.399267,-0.695971,9.944304,-0.007326,-0.065934
2.648159,1.252747,-0.725275,9.944304,-0.007326,-0.065934
2.652355,1.135530,-0.774115,9.944304,-0.007326,-0.070818
2.656170,1.018314,-0.818070,9.944304,-0.007326,-0.070818
2.659603,0.945055,-0.847375,9.944304,-0.021978,-0.070818
2.662655,0.827839,-0.881563,9.944304,-0.007326,-0.070818
2.665326,0.754580,-0.905983,9.944304,0.007328,-0.070818
2.668378,0.769230,-0.920635,9.944304,-0.007326,-0.070818
2.670667,0.608059,-0.945055,9.944304,-0.021978,-0.070818
2.672574,0.505495,-0.974359,9.944304,-0.021978,-0.070818
2.674863,0.549450,-0.984127,9.944304,-0.007326,-0.070818
2.676770,0.549450,-1.008547,9.944304,-0.007326,-0.070818
2.677915,0.358974,-1.032967,9.944304,-0.021978,-0.065934
2.679059,0.315018,-1.052503,9.944304,-0.007326,-0.061050
2.680204,0.344322,-1.081807,9.944304,-0.007326,-0.061050
2.681730,0.344322,-1.086691,9.944304,0.007328,-0.061050
2.682492,0.285715,-1.081807,9.944304,0.007328,-0.056166
2.683255,0.212454,-1.096459,9.944304,-0.021978,-0.056166
2.683637,0.168499,-1.115995,9.944304,-0.007326,-0.056166
2.684400,0.153847,-1.135531,9.944304,0.007328,-0.056166
2.685163,0.183149,-1.150183,9.944304,-0.007326,-0.056166
2.685926,0.212454,-1.155067,9.944304,0.007328,-0.056166
2.686307,0.153847,-1.155067,9.944304,-0.007326,-0.061050
2.686689,0.109890,-1.150183,9.944304,0.007328,-0.065934
2.687070,0.109890,-1.159951,9.944304,-0.007326,-0.065934
2.687833,0.139194,-1.164835,9.944304,-0.007326,-0.065934
2.688215,0.168499,-1.159951,9.944304,-0.007326,-0.065934
2.688977,0.168499,-1.135531,9.944304,-0.007326,-0.061050
2.689740,0.153847,-1.115995,9.944304,-0.021978,-0.061050
2.690122,0.168499,-1.106227,9.944304,-0.007326,-0.061050
2.690503,0.153847,-1.106227,9.944304,-0.007326,-0.061050
2.691266,0.109890,-1.106227,9.944304,-0.007326,-0.061050
2.691266,0.109890,-1.106227,9.944304,-0.007326,-0.061050
2.691648,0.095238,-1.101343,9.944304,-0.007326,-0.061050
2.692029,0.080585,-1.096459,9.944304,-0.007326,-0.061050
2.692029,0.065933,-1.091575,9.944304,-0.007326,-0.061050
2.692411,0.051283,-1.086691,9.944304,-0.007326,-0.061050
2.692411,0.007326,-1.081807,9.944304,-0.021978,-0.061050
2.692411,0.036631,-1.076923,9.944304,-0.007326,-0.061050
2.692411,0.021978,-1.052503,9.944304,-0.021978,-0.061050
2.692029,0.007326,-1.023199,9.944304,-0.007326,-0.061050
2.692029,-0.007328,-0.993895,9.944304,-0.021978,-0.065934
2.692029,-0.021980,-0.954823,9.944304,-0.007326,-0.065934
2.691648,-0.036633,-0.915751,9.944304,-0.007326,-0.065934
2.691648,-0.065935,-0.871795,9.944304,-0.007326,-0.061050
2.691266,-0.065935,-0.827839,9.944304,-0.007326,-0.061050
2.690503,-0.095240,-0.778998,9.944304,-0.021978,-0.061050
2.690122,-0.109892,-0.730159,9.944304,-0.007326,-0.061050
2.689740,-0.109892,-0.671551,9.944304,-0.007326,-0.061050
2.688977,-0.153849,-0.612943,9.944304,-0.007326,-0.061050
2.687452,-0.271065,-0.573871,9.944304,0.007328,-0.061050
2.685926,-0.358976,-0.534799,9.944304,-0.007326,-0.056166
2.684400,-0.358976,-0.490843,9.944304,-0.007326,-0.061050
2.682874,-0.388281,-0.451771,9.944304,-0.007326,-0.056166
2.680585,-0.461540,-0.407814,9.944304,-0.007326,-0.061050
2.677915,-0.608061,-0.373627,9.944304,0.007328,-0.061050
2.674482,-0.725277,-0.344322,9.944304,-0.007326,-0.061050
2.671811,-0.710625,-0.315019,9.944304,-0.007326,-0.061050
2.668378,-0.754581,-0.280830,9.944304,-0.021978,-0.056166
2.664562,-0.901100,-0.251526,9.944304,-0.007326,-0.056166
2.660366,-0.989014,-0.222222,9.944304,-0.007326,-0.056166
2.655407,-1.120880,-0.207570,9.944304,-0.007326,-0.056166
2.650448,-1.223446,-0.197803,9.944304,-0.007326,-0.056166
2.645108,-1.282053,-0.173382,9.944304,0.007328,-0.051282
2.639385,-1.369965,-0.158731,9.944304,-0.007326,-0.051282
2.633282,-1.472528,-0.148962,9.944304,-0.007326,-0.051282
2.626034,-1.648354,-0.144078,9.944304,-0.007326,-0.046398
2.618405,-1.794874,-0.139194,9.944304,0.007328,-0.046398
2.611156,-1.809525,-0.148962,9.944304,-0.007326,-0.051282
2.603526,-1.853481,-0.153846,9.944304,-0.007326,-0.051282
2.594753,-2.058609,-0.202686,9.944304,-0.007326,-0.056166
2.585597,-2.175827,-0.256411,9.944304,-0.007326,-0.061050
2.577205,-2.175827,-0.266178,9.944304,-0.007326,-0.070818
2.568050,-2.219780,-0.280830,9.944304,-0.007326,-0.075702
2.558513,-2.322346,-0.295483,9.943923,-0.007326,-0.080586
2.548595,-2.395607,-0.290598,9.943923,-0.036631,-0.085470
2.538677,-2.454216,-0.295483,9.943923,-0.021978,-0.090354
2.528377,-2.498169,-0.285714,9.944304,-0.007326,-0.085470
2.518076,-2.542126,-0.300366,9.943923,-0.021978,-0.085470
2.507776,-2.586082,-0.310134,9.943923,-0.021978,-0.080586
2.496714,-2.659344,-0.315019,9.943923,-0.021978,-0.075702
2.485651,-2.747253,-0.334555,9.943923,-0.007326,-0.070818
2.474207,-2.791210,-0.319902,9.943923,-0.007326,-0.070818
2.462762,-2.864471,-0.329670,9.943923,-0.007326,-0.065934
2.450555,-2.908428,-0.315019,9.943923,0.007328,-0.065934
2.438348,-2.996338,-0.305250,9.943923,-0.007326,-0.061050
2.426141,-3.040295,-0.305250,9.943923,-0.007326,-0.061050
2.413552,-3.098904,-0.310134,9.943923,-0.007326,-0.065934
2.400582,-3.157509,-0.339438,9.943923,0.007328,-0.065934
2.387993,-3.186813,-0.363858,9.943923,-0.007326,-0.070818
2.374642,-3.230770,-0.373627,9.943923,-0.021978,-0.070818
2.361671,-3.274727,-0.407814,9.943923,-0.021978,-0.075702
2.348319,-3.304031,-0.417583,9.943923,-0.007326,-0.075702
2.335349,-3.289379,-0.446886,9.943923,-0.007326,-0.075702
2.322379,-3.245422,-0.446886,9.943542,-0.021978,-0.075702
2.309028,-3.304031,-0.451771,9.943542,-0.021978,-0.070818
2.295295,-3.347988,-0.451771,9.943542,-0.036631,-0.065934
2.281944,-3.333336,-0.451771,9.943542,-0.021978,-0.065934
2.268973,-3.274727,-0.461538,9.943160,-0.036631,-0.061050
2.256003,-3.274727,-0.446886,9.943542,-0.021978,-0.056166
2.242270,-3.362640,-0.446886,9.943160,-0.007326,-0.051282
2.228918,-3.362640,-0.456655,9.942779,-0.051283,-0.051282
2.215566,-3.333336,-0.461538,9.942779,-0.065933,-0.051282
2.202596,-3.260075,-0.466422,9.942779,-0.021978,-0.051282
2.189245,-3.274727,-0.476191,9.942397,-0.065933,-0.046398
2.175892,-3.318684,-0.481074,9.942016,-0.095238,-0.051282
2.162922,-3.274727,-0.500610,9.942016,-0.065933,-0.051282
2.150334,-3.172161,-0.485958,9.942016,-0.051283,-0.051282
2.137364,-3.186813,-0.515263,9.941634,-0.051283,-0.051282
2.124394,-3.201466,-0.544566,9.941253,-0.051283,-0.046398
2.112187,-3.157509,-0.568987,9.941253,-0.051283,-0.046398
2.099980,-3.054947,-0.593407,9.941253,-0.036631,-0.041514
2.088536,-2.981686,-0.612943,9.941253,-0.007326,-0.036630
2.076709,-2.952381,-0.632479,9.941253,-0.007326,-0.026862
2.065265,-2.893776,-0.671551,9.941253,0.007328,-0.017094
2.054584,-2.776558,-0.671551,9.941253,-0.007326,-0.007326
2.043903,-2.659344,-0.710623,9.941253,0.007328,0.002442
2.033984,-2.542126,-0.720390,9.941253,-0.007326,0.012211
2.024828,-2.424911,-0.754579,9.941253,0.007328,0.012211
2.016054,-2.307693,-0.788767,9.941634,-0.007326,0.012211
2.007662,-2.161175,-0.803419,9.941634,0.007328,0.007326
2.000033,-1.970697,-0.808303,9.941634,0.007328,0.002442
1.993166,-1.824177,-0.793651,9.941634,-0.007326,-0.007326
1.986681,-1.721613,-0.774115,9.941634,-0.007326,-0.012210
1.980958,-1.545790,-0.749695,9.941253,-0.007326,-0.021978
1.975618,-1.399269,-0.725275,9.941253,-0.021978,-0.026862
1.970659,-1.296705,-0.700854,9.941253,-0.007326,-0.026862
1.965699,-1.238096,-0.666667,9.941253,-0.007326,-0.026862
1.961122,-1.150185,-0.666667,9.941253,-0.007326,-0.031746
1.957307,-1.032969,-0.632479,9.941253,-0.007326,-0.026862
1.953874,-0.945057,-0.617826,9.941253,-0.007326,-0.021978
1.950441,-0.915752,-0.603174,9.941253,-0.021978,-0.017094
1.947007,-0.871796,-0.593407,9.941253,-0.021978,-0.012210
1.943956,-0.754581,-0.583638,9.941634,0.007328,-0.012210
1.940904,-0.739929,-0.583638,9.941253,0.007328,-0.007326
1.938615,-0.681320,-0.573871,9.941253,-0.007326,-0.007326
1.936326,-0.608061,-0.559218,9.941253,-0.007326,-0.007326
1.934037,-0.608061,-0.559218,9.941634,0.007328,-0.012210
1.931748,-0.549452,-0.544566,9.941634,-0.007326,-0.012210
1.930222,-0.432236,-0.525030,9.941253,-0.021978,-0.017094
1.928314,-0.461540,-0.505494,9.941253,-0.007326,-0.021978
1.926407,-0.461540,-0.515263,9.941253,-0.007326,-0.026862
1.924881,-0.417583,-0.510379,9.941253,-0.021978,-0.026862
1.923737,-0.329672,-0.500610,9.941253,-0.021978,-0.026862
1.922592,-0.315020,-0.490843,9.941253,-0.007326,-0.026862
1.921067,-0.329672,-0.481074,9.941253,-0.007326,-0.021978
1.919922,-0.315020,-0.490843,9.941253,-0.007326,-0.017094
1.918396,-0.344324,-0.510379,9.941253,-0.007326,-0.017094
1.917252,-0.315020,-0.520146,9.941253,0.007328,-0.012210
1.916489,-0.227108,-0.525030,9.941253,0.007328,-0.007326
1.914963,-0.285717,-0.525030,9.941253,0.007328,-0.007326
1.913819,-0.285717,-0.520146,9.941634,0.007328,-0.012210
1.913056,-0.227108,-0.529915,9.941253,0.007328,-0.012210
1.912293,-0.212456,-0.549451,9.941634,-0.007326,-0.017094
1.911148,-0.212456,-0.568987,9.941253,-0.007326,-0.021978
1.910767,-0.153849,-0.573871,9.941253,-0.036631,-0.021978
1.910385,-0.080587,-0.578754,9.941253,0.007328,-0.021978
1.910385,-0.065935,-0.578754,9.941253,-0.021978,-0.021978
1.910385,-0.036633,-0.573871,9.941253,-0.021978,-0.021978
1.910767,0.036631,-0.583638,9.941253,-0.021978,-0.021978
1.910767,0.051283,-0.598290,9.941253,0.007328,-0.017094
1.910767,0.036631,-0.612943,9.941253,-0.007326,-0.017094
1.911530,0.095238,-0.637362,9.941253,0.007328,-0.007326
1.911911,0.095238,-0.671551,9.941253,0.007328,-0.007326
1.912293,0.095238,-0.705739,9.941253,-0.021978,-0.007326
1.912674,0.139194,-0.744811,9.941253,-0.007326,-0.007326
1.913437,0.183149,-0.769231,9.941253,-0.021978,-0.007326
1.914963,0.271063,-0.798534,9.941253,-0.007326,-0.012210
1.916107,0.285715,-0.832723,9.941253,-0.007326,-0.012210
1.916870,0.271063,-0.866911,9.941253,-0.021978,-0.017094
1.918778,0.417582,-0.891331,9.941253,-0.007326,-0.021978
1.921067,0.505495,-0.901099,9.941253,-0.007326,-0.021978
1.923737,0.608059,-0.896214,9.941253,-0.021978,-0.021978
1.926407,0.637363,-0.901099,9.941253,-0.007326,-0.021978
1.929077,0.666666,-0.901099,9.941253,-0.021978,-0.021978
1.932512,0.798534,-0.901099,9.941253,0.007328,-0.017094
1.936708,0.915751,-0.901099,9.941253,0.007328,-0.012210
1.940522,0.945055,-0.901099,9.941253,-0.007326,-0.012210
1.945100,1.047619,-0.896214,9.941253,0.007328,-0.012210
1.949678,1.135530,-0.886447,9.941634,-0.007326,-0.007326
1.954637,1.238094,-0.891331,9.941634,-0.007326,-0.007326
1.959977,1.311356,-0.876678,9.941253,-0.007326,-0.007326
1.965318,1.311356,-0.891331,9.941253,-0.007326,-0.012210
1.971040,1.384615,-0.891331,9.941253,-0.007326,-0.017094
1.977525,1.501831,-0.896214,9.941253,-0.007326,-0.017094
1.984392,1.619047,-0.896214,9.941253,-0.007326,-0.021978
1.991259,1.663004,-0.905983,9.941253,-0.021978,-0.021978
1.997744,1.677656,-0.915751,9.941253,-0.021978,-0.021978
2.004992,1.780220,-0.925519,9.941253,0.007328,-0.021978
2.013003,1.926741,-0.925519,9.941253,-0.007326,-0.017094
2.021395,2.029305,-0.925519,9.941253,-0.021978,-0.012210
2.029406,2.029305,-0.925519,9.941253,-0.007326,-0.012210
2.037799,2.073259,-0.925519,9.941253,-0.007326,-0.007326
2.047336,2.234432,-0.930403,9.941253,0.007328,-0.007326
2.056491,2.263737,-0.940171,9.941634,-0.007326,-0.002442
2.065646,2.336996,-0.935287,9.941253,-0.021978,-0.007326
2.075946,2.454212,-0.930403,9.941253,-0.007326,-0.007326
2.085865,2.498169,-0.940171,9.941634,0.007328,-0.012210
2.096546,2.586081,-0.930403,9.941253,-0.021978,-0.012210
2.107228,2.615385,-0.915751,9.941253,-0.036631,-0.017094
2.117909,2.688644,-0.920635,9.941253,-0.021978,-0.021978
2.129353,2.747253,-0.910867,9.941253,-0.021978,-0.021978
2.140797,2.820513,-0.920635,9.941253,-0.007326,-0.021978
2.152622,2.893772,-0.896214,9.941253,-0.021978,-0.017094
2.164067,2.908424,-0.891331,9.941253,0.007328,-0.017094
2.175892,2.937729,-0.886447,9.941253,0.007328,-0.017094
2.188482,2.996336,-0.876678,9.941634,0.021980,-0.017094
2.200689,3.054945,-0.881563,9.941253,-0.007326,-0.012210
2.212896,3.128204,-0.862027,9.941253,-0.007326,-0.012210
2.225485,3.084249,-0.847375,9.941253,-0.007326,-0.012210
2.237692,3.084249,-0.857142,9.941253,-0.007326,-0.017094
2.250281,3.172161,-0.842491,9.941253,-0.007326,-0.017094
2.263632,3.216118,-0.837606,9.941253,-0.007326,-0.021978
2.276603,3.245420,-0.832723,9.941253,-0.021978,-0.021978
2.288810,3.157509,-0.837606,9.941253,-0.021978,-0.026862
2.301399,3.157509,-0.842491,9.941253,-0.007326,-0.026862
2.314750,3.274725,-0.847375,9.941253,0.007328,-0.031746
2.328101,3.304029,-0.862027,9.941253,-0.021978,-0.031746
2.341071,3.260073,-0.852259,9.941253,-0.021978,-0.031746
2.353660,3.201466,-0.847375,9.941253,-0.007326,-0.031746
2.367011,3.289377,-0.847375,9.941253,-0.007326,-0.031746
2.380745,3.362637,-0.837606,9.941253,-0.007326,-0.026862
2.394097,3.391941,-0.837606,9.941253,-0.021978,-0.026862
2.407067,3.274725,-0.822955,9.941253,0.007328,-0.026862
2.419655,3.230768,-0.808303,9.941253,-0.007326,-0.026862
2.433389,3.318682,-0.808303,9.941253,-0.007326,-0.026862
2.446740,3.362637,-0.783883,9.941253,-0.007326,-0.026862
2.459710,3.289377,-0.788767,9.941253,0.007328,-0.026862
2.471918,3.142857,-0.759462,9.941253,-0.007326,-0.026862
2.484507,3.142857,-0.754579,9.941253,-0.007326,-0.031746
2.497477,3.201466,-0.739926,9.941253,-0.007326,-0.031746
2.510065,3.172161,-0.715507,9.941253,-0.021978,-0.036630
2.521510,2.981686,-0.725275,9.941253,-0.021978,-0.036630
2.532573,2.864470,-0.700854,9.941253,-0.007326,-0.031746
2.544017,2.893772,-0.700854,9.941253,-0.007326,-0.036630
2.555461,2.879120,-0.681318,9.941253,-0.007326,-0.036630
2.566142,2.717949,-0.671551,9.941253,-0.007326,-0.036630
2.575679,2.527472,-0.691087,9.941253,-0.021978,-0.031746
2.585216,2.439560,-0.676435,9.941253,-0.007326,-0.031746
2.594753,2.410255,-0.676435,9.941253,0.007328,-0.036630
2.603526,2.322344,-0.676435,9.941253,0.007328,-0.031746
2.611537,2.102564,-0.666667,9.941253,-0.021978,-0.031746
2.618786,1.956043,-0.666667,9.941253,-0.007326,-0.031746
2.626034,1.853479,-0.661782,9.941253,-0.007326,-0.026862
2.632519,1.721611,-0.671551,9.941253,-0.007326,-0.026862
2.638241,1.560440,-0.695971,9.941253,-0.007326,-0.031746
2.643582,1.413919,-0.715507,9.941253,-0.007326,-0.031746
2.648159,1.267399,-0.749695,9.941253,-0.007326,-0.036630
2.652355,1.150183,-0.778998,9.941253,-0.007326,-0.036630
2.656170,1.018314,-0.813187,9.941253,-0.021978,-0.036630
2.659603,0.959707,-0.842491,9.941253,-0.007326,-0.041514
2.662655,0.857143,-0.871795,9.941253,-0.007326,-0.041514
2.665708,0.754580,-0.901099,9.941253,-0.007326,-0.041514
2.668378,0.739927,-0.910867,9.941253,-0.007326,-0.041514
2.670667,0.608059,-0.949939,9.941253,-0.007326,-0.036630
2.672574,0.549450,-0.974359,9.941253,-0.007326,-0.036630
2.674863,0.564102,-0.984127,9.941253,-0.007326,-0.036630
2.676770,0.549450,-1.008547,9.941253,-0.021978,-0.036630
2.677533,0.344322,-1.028083,9.941253,0.007328,-0.031746
2.678678,0.300365,-1.047619,9.941253,-0.007326,-0.026862
2.680204,0.344322,-1.076923,9.941253,-0.007326,-0.026862
2.681730,0.344322,-1.091575,9.941253,-0.007326,-0.026862
2.682492,0.285715,-1.081807,9.941253,0.007328,-0.026862
2.683255,0.227106,-1.091575,9.941253,-0.007326,-0.026862
2.683637,0.168499,-1.111111,9.941253,0.007328,-0.026862
2.684400,0.153847,-1.125763,9.941253,-0.007326,-0.026862
2.685163,0.183149,-1.140415,9.941253,-0.007326,-0.026862
2.685926,0.212454,-1.150183,9.941253,0.007328,-0.026862
2.686689,0.153847,-1.150183,9.941253,-0.007326,-0.031746
2.686689,0.080585,-1.150183,9.941253,-0.007326,-0.031746
2.687070,0.124542,-1.159951,9.941253,-0.007326,-0.031746
2.687833,0.109890,-1.169719,9.941253,-0.007326,-0.031746
2.688215,0.139194,-1.164835,9.941253,0.007328,-0.026862
2.688977,0.153847,-1.140415,9.941253,-0.007326,-0.026862
2.689359,0.153847,-1.115995,9.941253,-0.021978,-0.026862
2.689740,0.124542,-1.101343,9.941253,-0.021978,-0.026862
2.690503,0.124542,-1.091575,9.941253,0.007328,-0.021978
2.690885,0.109890,-1.086691,9.941253,-0.007326,-0.026862
2.690885,0.080585,-1.072039,9.941253,-0.007326,-0.026862
2.691266,0.051283,-1.067155,9.941253,-0.007326,-0.026862
2.691266,0.051283,-1.057387,9.941253,-0.007326,-0.026862
2.691266,0.007326,-1.037851,9.941253,-0.007326,-0.026862
2.691266,-0.007328,-1.018315,9.941253,-0.007326,-0.031746
2.691266,0.007326,-1.003663,9.941253,0.007328,-0.031746
2.690885,-0.021980,-0.969475,9.941253,-0.021978,-0.031746
2.690503,-0.065935,-0.930403,9.941253,-0.007326,-0.031746
2.690503,-0.036633,-0.896214,9.941253,-0.021978,-0.036630
2.690503,-0.036633,-0.847375,9.941253,0.007328,-0.036630
2.690122,-0.051285,-0.798534,9.941253,-0.007326,-0.031746
2.689740,-0.065935,-0.744811,9.941253,-0.007326,-0.031746
2.689359,-0.080587,-0.691087,9.941253,-0.007326,-0.031746
2.688596,-0.124544,-0.642246,9.941253,-0.007326,-0.031746
2.687833,-0.197803,-0.608059,9.941253,-0.007326,-0.031746
2.686307,-0.271065,-0.568987,9.941253,-0.007326,-0.026862
2.685163,-0.315020,-0.520146,9.941253,-0.007326,-0.026862
2.683637,-0.315020,-0.495727,9.941253,-0.021978,-0.021978
2.681730,-0.446888,-0.456655,9.941253,-0.007326,-0.021978
2.679441,-0.505497,-0.437119,9.941253,-0.021978,-0.021978
2.676389,-0.608061,-0.398046,9.941253,-0.007326,-0.021978
2.673719,-0.681320,-0.378510,9.941253,-0.007326,-0.026862
2.670667,-0.681320,-0.349206,9.941253,-0.007326,-0.021978
2.667234,-0.798536,-0.319902,9.941253,-0.021978,-0.021978
2.663800,-0.857145,-0.275947,9.941253,-0.007326,-0.021978
2.659985,-0.915752,-0.246642,9.941253,-0.007326,-0.021978
2.655407,-1.032969,-0.222222,9.941253,-0.021978,-0.021978
2.650448,-1.135532,-0.202686,9.941253,-0.007326,-0.021978
2.645489,-1.223446,-0.173382,9.941253,-0.007326,-0.017094
2.640148,-1.282053,-0.158731,9.941253,-0.021978,-0.017094
2.634426,-1.369965,-0.144078,9.941253,-0.007326,-0.012210
2.627560,-1.560442,-0.139194,9.941253,-0.021978,-0.012210
2.620312,-1.736265,-0.148962,9.941253,-0.007326,-0.012210
2.613063,-1.780222,-0.153846,9.941253,-0.007326,-0.012210
2.605815,-1.809525,-0.153846,9.941253,-0.007326,-0.017094
2.597423,-1.956045,-0.183150,9.941253,-0.021978,-0.021978
2.588268,-2.146523,-0.197803,9.941253,0.007328,-0.021978
2.579112,-2.219780,-0.202686,9.941253,-0.007326,-0.031746
2.570338,-2.219780,-0.217339,9.941253,-0.021978,-0.036630
2.560802,-2.293041,-0.227106,9.941253,-0.021978,-0.041514
2.550502,-2.454216,-0.241758,9.941253,0.007328,-0.046398
2.539821,-2.586082,-0.261294,9.941253,-0.007326,-0.051282
2.529140,-2.615387,-0.285714,9.941253,-0.007326,-0.056166
2.518840,-2.571430,-0.290598,9.941253,-0.007326,-0.056166
2.508158,-2.673996,-0.300366,9.941253,-0.007326,-0.051282
2.496332,-2.805862,-0.319902,9.941253,-0.007326,-0.051282
2.484125,-2.879124,-0.349206,9.941253,0.007328,-0.046398
2.473063,-2.864471,-0.354091,9.941253,-0.007326,-0.041514
2.461618,-2.879124,-0.373627,9.941253,-0.007326,-0.036630
2.449792,-2.952381,-0.363858,9.941253,0.007328,-0.031746
2.437204,-3.025642,-0.383394,9.941253,0.007328,-0.031746
2.424997,-3.054947,-0.402930,9.941253,-0.007326,-0.031746
2.413170,-3.025642,-0.402930,9.941253,0.007328,-0.031746
2.400582,-3.054947,-0.412699,9.941253,-0.007326,-0.031746
2.388375,-3.084251,-0.407814,9.941253,-0.007326,-0.036630
2.375786,-3.128208,-0.412699,9.941253,-0.007326,-0.036630
2.363197,-3.128208,-0.417583,9.941253,-0.007326,-0.041514
2.350608,-3.142860,-0.427350,9.941253,-0.021978,-0.046398
2.338020,-3.128208,-0.417583,9.941253,-0.021978,-0.046398
2.325050,-3.157509,-0.412699,9.941253,-0.021978,-0.046398
2.312080,-3.201466,-0.432235,9.941253,-0.007326,-0.046398
2.299110,-3.216118,-0.427350,9.941253,0.007328,-0.041514
2.286521,-3.201466,-0.427350,9.941253,-0.007326,-0.041514
2.273550,-3.172161,-0.442002,9.941253,-0.021978,-0.036630
2.260962,-3.201466,-0.446886,9.941253,-0.007326,-0.031746
2.247610,-3.274727,-0.461538,9.941253,0.007328,-0.026862
2.234259,-3.245422,-0.490843,9.941253,-0.007326,-0.021978
2.222051,-3.186813,-0.520146,9.941253,0.007328,-0.021978
2.209462,-3.128208,-0.525030,9.941253,0.007328,-0.026862
2.197255,-3.128208,-0.539682,9.941253,-0.007326,-0.026862
2.184667,-3.113556,-0.568987,9.941253,0.007328,-0.026862
2.172840,-3.040295,-0.578754,9.941253,-0.007326,-0.031746
2.161396,-2.908428,-0.588523,9.941253,-0.021978,-0.031746
2.149952,-2.835167,-0.608059,9.941253,-0.021978,-0.031746
2.138890,-2.835167,-0.612943,9.941253,-0.021978,-0.036630
2.127827,-2.791210,-0.642246,9.941253,-0.007326,-0.031746
2.117146,-2.659344,-0.671551,9.941253,-0.007326,-0.031746
2.107609,-2.512821,-0.676435,9.941253,-0.007326,-0.031746
2.098072,-2.424911,-0.691087,9.941253,-0.007326,-0.026862
2.088536,-2.410259,-0.700854,9.941253,0.007328,-0.021978
2.079380,-2.307693,-0.715507,9.941253,-0.007326,-0.017094
2.070987,-2.161175,-0.730159,9.941253,0.007328,-0.017094
2.063358,-2.043957,-0.725275,9.941253,-0.021978,-0.012210
2.055728,-1.926743,-0.710623,9.941253,-0.007326,-0.017094
2.048862,-1.824177,-0.705739,9.941253,-0.021978,-0.017094
2.041995,-1.765570,-0.700854,9.941253,0.007328,-0.021978
2.035129,-1.648354,-0.686203,9.941253,-0.021978,-0.026862
2.030170,-1.457878,-0.671551,9.941253,-0.021978,-0.026862
2.024828,-1.399269,-0.652015,9.941253,-0.021978,-0.031746
2.018725,-1.443226,-0.642246,9.941253,-0.007326,-0.026862
2.013766,-1.326010,-0.652015,9.941253,0.007328,-0.031746
2.009569,-1.164837,-0.637362,9.941253,-0.007326,-0.031746
2.005755,-1.062273,-0.637362,9.941253,-0.007326,-0.026862
2.001177,-1.091578,-0.622710,9.941253,-0.007326,-0.026862
1.997362,-1.018316,-0.617826,9.941253,0.007328,-0.026862
1.993548,-0.945057,-0.627595,9.941253,0.007328,-0.026862
1.990877,-0.798536,-0.612943,9.941253,-0.021978,-0.021978
1.987826,-0.725277,-0.593407,9.941253,-0.007326,-0.021978
1.985155,-0.754581,-0.588523,9.941253,-0.007326,-0.021978
1.982485,-0.695972,-0.573871,9.941253,0.007328,-0.021978
1.980195,-0.593409,-0.559218,9.941253,-0.007326,-0.021978
1.977906,-0.593409,-0.573871,9.941253,-0.021978,-0.021978
1.975999,-0.520149,-0.554335,9.941253,-0.007326,-0.021978
1.974092,-0.490845,-0.539682,9.941253,-0.021978,-0.026862
1.972184,-0.461540,-0.534799,9.941253,0.007328,-0.026862
1.970277,-0.490845,-0.554335,9.941253,-0.021978,-0.026862
1.968751,-0.402931,-0.549451,9.941253,-0.021978,-0.026862
1.967225,-0.373629,-0.544566,9.941253,-0.007326,-0.026862
1.966081,-0.344324,-0.529915,9.941253,-0.007326,-0.026862
1.964555,-0.344324,-0.529915,9.941253,-0.007326,-0.026862
1.963029,-0.388281,-0.544566,9.941253,-0.007326,-0.021978
1.961885,-0.315020,-0.544566,9.941253,0.007328,-0.021978
1.961122,-0.256413,-0.544566,9.941253,-0.007326,-0.021978
1.959596,-0.315020,-0.544566,9.941253,0.007328,-0.021978
1.958833,-0.256413,-0.525030,9.941253,-0.007326,-0.021978
1.958070,-0.183151,-0.520146,9.941253,-0.007326,-0.021978
1.957307,-0.183151,-0.525030,9.941253,-0.021978,-0.021978
1.956163,-0.212456,-0.520146,9.941253,0.007328,-0.021978
1.955781,-0.183151,-0.505494,9.941253,-0.007326,-0.026862
1.955400,-0.095240,-0.495727,9.941253,-0.007326,-0.026862
1.955400,-0.065935,-0.485958,9.941253,-0.007326,-0.026862
1.955018,-0.065935,-0.466422,9.941253,-0.021978,-0.026862
1.955018,-0.021980,-0.451771,9.941253,-0.007326,-0.026862
1.954637,-0.021980,-0.451771,9.941253,-0.007326,-0.026862
1.954637,-0.021980,-0.446886,9.941253,-0.007326,-0.021978
1.954637,0.007326,-0.451771,9.941253,0.007328,-0.021978
1.954637,0.007326,-0.466422,9.941253,-0.021978,-0.021978
1.954637,0.007326,-0.481074,9.941253,0.007328,-0.017094
1.954637,0.007326,-0.495727,9.941253,0.007328,-0.021978
1.955018,0.065933,-0.515263,9.941253,-0.021978,-0.021978
1.955400,0.051283,-0.539682,9.941253,0.007328,-0.021978
1.955781,0.080585,-0.559218,9.941253,0.007328,-0.026862
1.956163,0.080585,-0.583638,9.941253,-0.007326,-0.026862
1.956544,0.109890,-0.617826,9.941253,-0.021978,-0.026862
1.956926,0.109890,-0.647131,9.941253,-0.021978,-0.026862
1.957307,0.124542,-0.681318,9.941253,-0.007326,-0.026862
1.958070,0.183149,-0.720390,9.941253,-0.007326,-0.026862
1.959596,0.241758,-0.749695,9.941253,-0.021978,-0.026862
1.960359,0.227106,-0.783883,9.941253,0.007328,-0.026862
1.961503,0.256411,-0.827839,9.941253,-0.021978,-0.021978
1.963029,0.358974,-0.852259,9.941253,-0.007326,-0.021978
1.965318,0.476191,-0.866911,9.941253,-0.007326,-0.021978
1.967607,0.520147,-0.871795,9.941253,-0.007326,-0.017094
1.969896,0.564102,-0.891331,9.941253,-0.021978,-0.021978
1.972947,0.652014,-0.905983,9.941253,-0.007326,-0.021978
1.976381,0.783882,-0.910867,9.941253,-0.007326,-0.021978
1.980195,0.915751,-0.920635,9.941253,-0.021978,-0.021978
1.984011,0.974360,-0.910867,9.941253,-0.007326,-0.026862
1.988207,1.018314,-0.910867,9.941253,-0.007326,-0.026862
1.992785,1.062271,-0.920635,9.941253,-0.007326,-0.026862
1.997744,1.194139,-0.930403,9.941253,-0.021978,-0.026862
2.003084,1.311356,-0.930403,9.941253,-0.007326,-0.021978
2.008806,1.399267,-0.930403,9.941253,-0.007326,-0.021978
2.014910,1.472527,-0.915751,9.941253,0.007328,-0.021978
2.021395,1.516483,-0.925519,9.941253,-0.021978,-0.021978
2.027880,1.589743,-0.930403,9.941253,-0.007326,-0.021978
2.035129,1.750916,-0.930403,9.941253,-0.007326,-0.017094
2.042758,1.868132,-0.925519,9.941253,-0.007326,-0.021978
2.050006,1.853479,-0.935287,9.941253,-0.007326,-0.021978
2.057636,1.882784,-0.940171,9.941253,0.007328,-0.021978
2.066409,2.087912,-0.930403,9.941253,-0.007326,-0.021978
2.075565,2.205128,-0.935287,9.941253,-0.007326,-0.026862
2.084339,2.190475,-0.930403,9.941253,-0.021978,-0.021978
2.093495,2.278389,-0.925519,9.941253,0.007328,-0.021978
2.103031,2.366301,-0.940171,9.941253,-0.007326,-0.026862
2.112950,2.424908,-0.935287,9.941253,-0.007326,-0.021978
2.123249,2.512821,-0.935287,9.941253,-0.007326,-0.021978
2.133549,2.586081,-0.930403,9.941253,-0.021978,-0.021978
2.144612,2.659340,-0.920635,9.941253,0.007328,-0.021978
2.155293,2.673992,-0.920635,9.941253,-0.007326,-0.021978
2.166355,2.761904,-0.910867,9.941253,-0.021978,-0.021978
2.177800,2.805861,-0.910867,9.941253,-0.007326,-0.021978
2.189245,2.879120,-0.905983,9.941253,-0.007326,-0.021978
2.201070,2.923077,-0.891331,9.941253,-0.007326,-0.021978
2.213277,2.981686,-0.891331,9.941253,0.007328,-0.021978
2.225103,3.025640,-0.871795,9.941253,-0.007326,-0.026862
2.237311,3.025640,-0.876678,9.941253,-0.007326,-0.026862
2.249518,3.069597,-0.862027,9.941253,-0.007326,-0.026862
2.262106,3.113552,-0.852259,9.941253,-0.007326,-0.026862
2.274696,3.128204,-0.857142,9.941253,-0.007326,-0.026862
2.287284,3.113552,-0.857142,9.941253,-0.007326,-0.026862
2.299491,3.113552,-0.862027,9.941253,-0.007326,-0.026862
2.312461,3.186813,-0.866911,9.941253,-0.007326,-0.031746
2.325431,3.230768,-0.862027,9.941253,-0.007326,-0.031746
2.338783,3.201466,-0.866911,9.941253,-0.007326,-0.031746
2.350990,3.201466,-0.866911,9.941253,-0.007326,-0.031746
2.363960,3.230768,-0.852259,9.941253,-0.007326,-0.031746
2.377312,3.304029,-0.842491,9.941253,-0.007326,-0.031746
2.390663,3.333334,-0.827839,9.941253,-0.036631,-0.031746
2.403633,3.274725,-0.842491,9.941253,0.007328,-0.036630
2.416985,3.274725,-0.832723,9.941253,-0.007326,-0.036630
2.429956,3.289377,-0.827839,9.941253,0.007328,-0.036630
2.443689,3.362637,-0.822955,9.941253,-0.007326,-0.036630
2.457040,3.347984,-0.827839,9.941253,-0.007326,-0.036630
2.469630,3.230768,-0.842491,9.941253,0.007328,-0.041514
2.482599,3.260073,-0.822955,9.941253,-0.021978,-0.041514
2.496332,3.333334,-0.822955,9.941253,-0.007326,-0.041514
2.509302,3.347984,-0.813187,9.941253,-0.007326,-0.041514
2.521892,3.186813,-0.808303,9.941253,0.007328,-0.041514
2.534099,3.098902,-0.813187,9.941253,-0.007326,-0.041514
2.547069,3.172161,-0.793651,9.941253,-0.007326,-0.041514
2.559657,3.172161,-0.749695,9.941253,-0.007326,-0.041514
2.571101,2.981686,-0.686203,9.941253,-0.021978,-0.036630
2.581020,2.732601,-0.622710,9.941253,-0.007326,-0.036630
2.591701,2.659340,-0.583638,9.941253,-0.007326,-0.036630
2.602000,2.600733,-0.534799,9.941253,0.007328,-0.036630
2.611156,2.424908,-0.510379,9.941253,-0.007326,-0.036630
2.618786,2.117216,-0.505494,9.941253,0.007328,-0.041514
2.625653,1.882784,-0.515263,9.941253,-0.007326,-0.036630
2.632138,1.765568,-0.568987,9.941253,-0.007326,-0.036630
2.638623,1.648352,-0.603174,9.941253,0.007328,-0.041514
2.643582,1.428572,-0.647131,9.941253,-0.007326,-0.041514
2.647778,1.194139,-0.695971,9.941253,-0.007326,-0.041514
2.651974,1.076923,-0.754579,9.941253,-0.007326,-0.046398
2.655407,0.989012,-0.818070,9.941253,-0.007326,-0.051282
2.659222,0.959707,-0.857142,9.941253,-0.007326,-0.051282
2.662274,0.827839,-0.891331,9.941253,-0.007326,-0.056166
2.664562,0.695971,-0.910867,9.941253,-0.007326,-0.051282
2.667234,0.725275,-0.920635,9.941253,-0.007326,-0.051282
2.669904,0.681318,-0.949939,9.941253,-0.007326,-0.046398
2.671811,0.564102,-0.969475,9.941253,-0.007326,-0.046398
2.673719,0.476191,-0.984127,9.941253,-0.007326,-0.046398
2.676008,0.534798,-0.989011,9.941253,-0.007326,-0.041514
2.677533,0.432234,-1.028083,9.941253,-0.007326,-0.036630
2.678296,0.315018,-1.047619,9.941253,-0.007326,-0.031746
2.679441,0.315018,-1.067155,9.941253,-0.021978,-0.026862
2.680585,0.285715,-1.101343,9.941253,-0.007326,-0.026862
2.681348,0.256411,-1.115995,9.941253,-0.007326,-0.021978
2.682492,0.256411,-1.106227,9.941253,-0.021978,-0.026862
2.683255,0.241758,-1.120879,9.941253,-0.021978,-0.026862
2.683637,0.168499,-1.130647,9.941253,-0.007326,-0.031746
2.684018,0.153847,-1.140415,9.941253,-0.007326,-0.031746
2.684781,0.168499,-1.150183,9.941253,-0.021978,-0.036630
2.685544,0.183149,-1.155067,9.941253,-0.021978,-0.041514
2.686307,0.183149,-1.155067,9.941253,0.007328,-0.041514
2.686689,0.124542,-1.150183,9.941253,0.007328,-0.041514
2.687070,0.124542,-1.150183,9.941253,-0.007326,-0.041514
2.687452,0.124542,-1.150183,9.941253,0.007328,-0.041514
2.688215,0.168499,-1.145299,9.941253,-0.007326,-0.036630
2.688977,0.168499,-1.120879,9.941253,-0.007326,-0.036630
2.689740,0.168499,-1.101343,9.941253,-0.021978,-0.036630
2.690122,0.124542,-1.091575,9.941253,0.007328,-0.031746
2.690885,0.139194,-1.096459,9.941253,-0.007326,-0.031746
2.691266,0.124542,-1.101343,9.941253,-0.007326,-0.031746
2.691648,0.109890,-1.106227,9.941253,-0.007326,-0.031746
2.691648,0.095238,-1.111111,9.941253,-0.007326,-0.031746
2.692029,0.080585,-1.120879,9.941253,-0.007326,-0.036630
2.692029,0.080585,-1.130647,9.941253,-0.007326,-0.041514
2.692411,0.080585,-1.130647,9.941253,-0.007326,-0.041514
2.692792,0.065933,-1.130647,9.941253,-0.007326,-0.041514
2.692792,0.065933,-1.130647,9.941253,-0.021978,-0.041514
2.693174,0.080585,-1.125763,9.941253,-0.007326,-0.046398
2.693174,0.065933,-1.115995,9.941253,-0.021978,-0.041514
2.693555,0.065933,-1.106227,9.941253,-0.021978,-0.041514
2.693555,0.051283,-1.091575,9.941253,-0.007326,-0.036630
2.693937,0.036631,-1.076923,9.941253,0.007328,-0.036630
2.693555,0.007326,-1.057387,9.941253,-0.007326,-0.036630
2.693555,0.007326,-1.037851,9.941253,0.007328,-0.031746
2.693555,0.021978,-1.008547,9.941253,-0.007326,-0.031746
2.693555,0.007326,-0.974359,9.941253,0.007328,-0.031746
2.693555,0.007326,-0.935287,9.941253,0.007328,-0.031746
2.693174,-0.036633,-0.886447,9.941253,-0.007326,-0.031746
2.693174,-0.021980,-0.842491,9.941253,-0.007326,-0.031746
2.693174,-0.051285,-0.793651,9.941253,0.007328,-0.036630
2.692411,-0.080587,-0.749695,9.941253,-0.007326,-0.036630
2.692029,-0.080587,-0.705739,9.941253,0.007328,-0.036630
2.691266,-0.153849,-0.656898,9.941253,-0.007326,-0.041514
2.690122,-0.212456,-0.612943,9.941253,-0.007326,-0.041514
2.689359,-0.197803,-0.559218,9.941253,-0.007326,-0.041514
2.688596,-0.227108,-0.515263,9.941253,-0.021978,-0.036630
2.686307,-0.417583,-0.481074,9.941253,-0.021978,-0.036630
2.684018,-0.490845,-0.437119,9.941253,-0.007326,-0.031746
2.681730,-0.505497,-0.402930,9.941253,0.007328,-0.031746
2.680204,-0.476192,-0.378510,9.941253,0.007328,-0.026862
2.676770,-0.695972,-0.344322,9.941253,-0.007326,-0.026862
2.672574,-0.886448,-0.324786,9.941253,-0.007326,-0.021978
2.669141,-0.886448,-0.295483,9.941253,-0.007326,-0.017094
2.665708,-0.871796,-0.271062,9.941253,0.007328,-0.017094
2.661892,-0.915752,-0.231990,9.941253,-0.007326,-0.017094
2.656552,-1.179489,-0.231990,9.941253,-0.007326,-0.017094
2.650830,-1.282053,-0.261294,9.941253,-0.007326,-0.017094
2.646252,-1.208794,-0.251526,9.941253,0.007328,-0.021978
2.641293,-1.208794,-0.236875,9.941253,-0.007326,-0.026862
2.635571,-1.355312,-0.207570,9.941253,-0.007326,-0.026862
2.628323,-1.589745,-0.192918,9.941253,-0.007326,-0.031746
2.621456,-1.692310,-0.188034,9.941253,-0.007326,-0.036630
2.614970,-1.663006,-0.168498,9.941253,-0.007326,-0.036630
2.608104,-1.663006,-0.148962,9.941253,-0.007326,-0.041514
2.600093,-1.853481,-0.139194,9.941253,-0.036631,-0.041514
2.590938,-2.117218,-0.144078,9.941253,-0.021978,-0.046398
2.581783,-2.219780,-0.158731,9.941253,-0.007326,-0.046398
2.573390,-2.175827,-0.173382,9.941253,0.007328,-0.046398
2.564235,-2.205132,-0.188034,9.941253,-0.021978,-0.051282
2.553935,-2.424911,-0.197803,9.941253,0.007328,-0.051282
2.542873,-2.615387,-0.227106,9.941253,0.007328,-0.056166
2.531810,-2.688644,-0.261294,9.941253,0.007328,-0.051282
2.521510,-2.630039,-0.280830,9.941253,-0.021978,-0.056166
2.510828,-2.673996,-0.300366,9.941253,-0.007326,-0.056166
2.499003,-2.820515,-0.334555,9.941253,-0.007326,-0.056166
2.486796,-2.952381,-0.334555,9.941253,-0.036631,-0.056166
2.474970,-2.937729,-0.358974,9.941253,-0.007326,-0.056166
2.463525,-2.908428,-0.363858,9.941253,0.007328,-0.051282
2.450937,-2.981686,-0.368742,9.941253,-0.021978,-0.051282
2.438730,-3.054947,-0.398046,9.941253,-0.007326,-0.051282
2.426141,-3.084251,-0.388278,9.941253,-0.007326,-0.051282
2.413933,-3.098904,-0.393163,9.941253,-0.007326,-0.046398
2.401345,-3.142860,-0.383394,9.941253,-0.007326,-0.041514
2.388756,-3.142860,-0.368742,9.941253,0.007328,-0.041514
2.375786,-3.201466,-0.344322,9.941253,0.007328,-0.041514
2.362434,-3.245422,-0.334555,9.941253,-0.021978,-0.041514
2.349082,-3.304031,-0.358974,9.941253,0.007328,-0.041514
2.336112,-3.260075,-0.373627,9.941253,-0.021978,-0.041514
2.322761,-3.304031,-0.373627,9.941253,-0.021978,-0.041514
2.309409,-3.362640,-0.398046,9.941253,-0.007326,-0.041514
2.295295,-3.421246,-0.402930,9.941253,-0.007326,-0.041514
2.281944,-3.391945,-0.437119,9.941253,0.007328,-0.041514
2.268591,-3.333336,-0.456655,9.941253,0.007328,-0.041514
2.255240,-3.347988,-0.456655,9.941253,0.007328,-0.041514
2.241125,-3.435898,-0.471307,9.941253,-0.007326,-0.041514
2.227392,-3.406593,-0.495727,9.941253,-0.007326,-0.041514
2.214422,-3.347988,-0.529915,9.941253,-0.007326,-0.041514
2.201452,-3.245422,-0.559218,9.941253,-0.007326,-0.036630
2.188100,-3.245422,-0.559218,9.941253,0.007328,-0.036630
2.175129,-3.274727,-0.583638,9.941253,-0.021978,-0.036630
2.162541,-3.186813,-0.588523,9.941253,-0.007326,-0.036630
2.151097,-3.040295,-0.612943,9.941253,0.007328,-0.036630
2.139652,-2.952381,-0.632479,9.941253,-0.007326,-0.036630
2.127445,-2.967033,-0.632479,9.941253,-0.007326,-0.036630
2.116001,-2.923080,-0.661782,9.941253,0.007328,-0.036630
2.105320,-2.747253,-0.666667,9.941253,-0.007326,-0.036630
2.095402,-2.615387,-0.700854,9.941253,-0.007326,-0.036630
2.085102,-2.542126,-0.695971,9.941253,-0.007326,-0.036630
2.075183,-2.498169,-0.710623,9.941253,-0.007326,-0.036630
2.065646,-2.410259,-0.730159,9.941253,0.007328,-0.036630
2.057636,-2.205132,-0.715507,9.941253,0.007328,-0.036630
2.049625,-2.058609,-0.725275,9.941253,-0.007326,-0.036630
2.041614,-2.014652,-0.715507,9.941253,-0.021978,-0.036630
2.033984,-1.970697,-0.695971,9.941253,0.007328,-0.036630
2.027117,-1.794874,-0.695971,9.941253,-0.007326,-0.036630
2.021013,-1.663006,-0.691087,9.941253,-0.007326,-0.031746
2.014529,-1.604397,-0.681318,9.941253,-0.007326,-0.031746
2.008425,-1.531137,-0.661782,9.941253,-0.007326,-0.031746
2.003084,-1.413921,-0.656898,9.941253,-0.007326,-0.031746
1.998125,-1.340660,-0.656898,9.941253,0.007328,-0.031746
1.993166,-1.267401,-0.652015,9.941253,-0.007326,-0.031746
1.988970,-1.150185,-0.642246,9.941253,-0.021978,-0.031746
1.984774,-1.091578,-0.647131,9.941253,0.007328,-0.031746
1.980958,-0.989014,-0.617826,9.941253,-0.007326,-0.031746
1.977144,-0.945057,-0.622710,9.941253,-0.007326,-0.031746
1.974092,-0.871796,-0.598290,9.941253,-0.007326,-0.036630
1.970659,-0.842493,-0.603174,9.941253,-0.007326,-0.031746
1.967607,-0.769232,-0.603174,9.941253,-0.007326,-0.031746
1.964936,-0.695972,-0.583638,9.941253,-0.007326,-0.031746
1.962648,-0.637363,-0.583638,9.941253,-0.007326,-0.031746
1.960359,-0.622713,-0.573871,9.941253,-0.036631,-0.026862
1.957689,-0.593409,-0.549451,9.941253,0.007328,-0.026862
1.955781,-0.534800,-0.559218,9.941253,-0.021978,-0.026862
1.954255,-0.446888,-0.549451,9.941253,-0.007326,-0.026862
1.952348,-0.461540,-0.549451,9.941253,0.007328,-0.026862
1.950059,-0.490845,-0.534799,9.941253,-0.007326,-0.026862
1.948533,-0.417583,-0.544566,9.941253,-0.007326,-0.031746
1.947770,-0.300367,-0.529915,9.941253,-0.021978,-0.031746
1.947007,-0.227108,-0.520146,9.941253,0.007328,-0.031746
1.945482,-0.329672,-0.505494,9.941253,-0.007326,-0.031746
1.943574,-0.402931,-0.490843,9.941253,-0.021978,-0.031746
1.942430,-0.315020,-0.510379,9.941253,0.021980,-0.031746
1.941667,-0.241760,-0.534799,9.941253,-0.007326,-0.031746
1.940904,-0.241760,-0.534799,9.941253,0.007328,-0.031746
1.940141,-0.183151,-0.529915,9.941253,-0.007326,-0.031746
1.939378,-0.183151,-0.529915,9.941253,0.007328,-0.031746
1.938234,-0.227108,-0.534799,9.941253,-0.007326,-0.026862
1.937471,-0.212456,-0.544566,9.941253,-0.007326,-0.026862
1.937471,-0.095240,-0.559218,9.941253,-0.007326,-0.031746
1.937089,-0.051285,-0.573871,9.941253,-0.007326,-0.031746
1.937089,-0.051285,-0.573871,9.941253,0.007328,-0.031746
1.937089,-0.036633,-0.578754,9.941253,-0.021978,-0.036630
1.937089,0.007326,-0.598290,9.941253,0.007328,-0.036630
1.937089,0.021978,-0.622710,9.941253,-0.021978,-0.036630
1.937471,0.036631,-0.647131,9.941253,-0.007326,-0.036630
1.937471,0.051283,-0.676435,9.941253,-0.007326,-0.031746
1.937852,0.065933,-0.715507,9.941253,0.021980,-0.031746
1.938234,0.095238,-0.754579,9.941253,-0.021978,-0.036630
1.938997,0.168499,-0.788767,9.941253,-0.007326,-0.036630
1.940141,0.241758,-0.803419,9.941253,-0.007326,-0.031746
1.941285,0.285715,-0.827839,9.941253,-0.007326,-0.031746
1.942430,0.241758,-0.862027,9.941253,0.007328,-0.031746
1.943193,0.271063,-0.886447,9.941253,-0.021978,-0.031746
1.945863,0.476191,-0.910867,9.941253,-0.021978,-0.031746
1.948533,0.622711,-0.920635,9.941253,0.007328,-0.031746
1.951204,0.652014,-0.925519,9.941253,-0.007326,-0.031746
1.953874,0.622711,-0.920635,9.941253,-0.007326,-0.031746
1.957307,0.783882,-0.925519,9.941253,-0.007326,-0.031746
1.961885,1.003662,-0.930403,9.941253,0.007328,-0.031746
1.966081,1.047619,-0.925519,9.941253,-0.007326,-0.026862
1.970277,1.047619,-0.910867,9.941253,-0.021978,-0.031746
1.975236,1.164835,-0.910867,9.941253,-0.007326,-0.026862
1.980958,1.326008,-0.920635,9.941253,-0.007326,-0.026862
1.986681,1.413919,-0.915751,9.941253,-0.007326,-0.021978
1.992403,1.428572,-0.925519,9.941253,-0.007326,-0.021978
1.998507,1.487179,-0.940171,9.941253,-0.007326,-0.026862
2.005373,1.604395,-0.945055,9.941253,0.021980,-0.026862
2.012621,1.765568,-0.945055,9.941253,-0.007326,-0.026862
2.020251,1.853479,-0.945055,9.941253,-0.007326,-0.026862
2.027880,1.868132,-0.945055,9.941253,-0.021978,-0.026862
2.035892,1.941391,-0.949939,9.941253,-0.007326,-0.026862
2.044666,2.117216,-0.949939,9.941253,-0.007326,-0.026862
2.053439,2.175823,-0.959707,9.941253,-0.007326,-0.026862
2.062595,2.234432,-0.949939,9.941253,-0.021978,-0.026862
2.072131,2.351648,-0.945055,9.941253,-0.007326,-0.026862
2.082051,2.410255,-0.945055,9.941253,0.007328,-0.026862
2.092350,2.512821,-0.930403,9.941253,-0.007326,-0.026862
2.102650,2.571428,-0.920635,9.941253,-0.021978,-0.026862
2.113331,2.615385,-0.915751,9.941253,0.007328,-0.026862
2.124012,2.673992,-0.920635,9.941634,0.021980,-0.026862
2.135075,2.761904,-0.915751,9.941253,0.007328,-0.026862
2.146900,2.849817,-0.896214,9.941253,-0.021978,-0.026862
2.158726,2.879120,-0.881563,9.941253,-0.007326,-0.026862
2.169789,2.849817,-0.886447,9.941253,0.007328,-0.026862
2.181615,2.908424,-0.886447,9.941253,0.007328,-0.031746
2.193822,2.996336,-0.891331,9.941253,-0.007326,-0.031746
2.206792,3.084249,-0.871795,9.941253,-0.021978,-0.031746
2.218999,3.084249,-0.862027,9.941253,-0.007326,-0.036630
2.231207,3.054945,-0.866911,9.941253,-0.007326,-0.031746
2.243033,3.069597,-0.852259,9.941253,-0.007326,-0.031746
2.256384,3.201466,-0.862027,9.941253,0.007328,-0.031746
2.269354,3.230768,-0.842491,9.941253,-0.007326,-0.036630
2.281944,3.172161,-0.842491,9.941253,0.007328,-0.041514
2.294151,3.098902,-0.852259,9.941253,-0.007326,-0.041514
2.307121,3.201466,-0.852259,9.941253,-0.021978,-0.036630
2.320472,3.304029,-0.876678,9.941253,-0.007326,-0.036630
2.333823,3.318682,-0.847375,9.941253,-0.007326,-0.036630
2.346030,3.186813,-0.852259,9.941253,-0.007326,-0.041514
2.359000,3.216118,-0.847375,9.941253,0.007328,-0.041514
2.372353,3.318682,-0.857142,9.941253,-0.007326,-0.046398
2.386467,3.421246,-0.837606,9.941253,-0.007326,-0.046398
2.399437,3.333334,-0.832723,9.941253,-0.007326,-0.046398
2.412026,3.230768,-0.818070,9.941253,-0.007326,-0.046398
2.425378,3.289377,-0.832723,9.941253,-0.021978,-0.046398
2.439492,3.406593,-0.822955,9.941253,-0.007326,-0.046398
2.453225,3.406593,-0.827839,9.941253,-0.021978,-0.051282
2.465814,3.289377,-0.827839,9.941253,-0.021978,-0.051282
2.478403,3.230768,-0.822955,9.941253,-0.007326,-0.046398
2.491755,3.318682,-0.827839,9.941253,0.007328,-0.046398
2.505869,3.421246,-0.818070,9.941253,0.007328,-0.046398
2.518840,3.289377,-0.822955,9.941253,-0.007326,-0.046398
2.530666,3.128204,-0.798534,9.941253,-0.007326,-0.046398
2.543254,3.142857,-0.793651,9.941253,0.007328,-0.046398
2.556224,3.186813,-0.759462,9.941253,-0.021978,-0.046398
2.568431,3.098902,-0.691087,9.941253,-0.007326,-0.041514
2.578731,2.791208,-0.637362,9.941253,0.007328,-0.046398
2.588649,2.644688,-0.568987,9.941253,-0.007326,-0.041514
2.598949,2.615385,-0.525030,9.941253,-0.007326,-0.046398
2.608485,2.483517,-0.495727,9.941253,-0.007326,-0.041514
2.616879,2.219780,-0.485958,9.941253,0.007328,-0.046398
2.623745,1.926741,-0.505494,9.941253,-0.007326,-0.046398
2.630230,1.736263,-0.539682,9.941253,-0.007326,-0.046398
2.636334,1.633699,-0.593407,9.941253,-0.007326,-0.046398
2.642056,1.501831,-0.642246,9.941253,-0.007326,-0.051282
2.646633,1.252747,-0.691087,9.941253,-0.007326,-0.051282
2.650448,1.091576,-0.754579,9.941253,-0.021978,-0.056166
2.654263,0.974360,-0.798534,9.941253,0.007328,-0.056166
2.657696,0.945055,-0.847375,9.941253,-0.007326,-0.061050
2.660748,0.857143,-0.886447,9.941253,-0.007326,-0.061050
2.663418,0.710623,-0.910867,9.941253,-0.007326,-0.061050
2.665708,0.666666,-0.935287,9.941253,0.007328,-0.061050
2.669141,0.725275,-0.949939,9.941253,-0.021978,-0.056166
2.671048,0.608059,-0.969475,9.941253,-0.007326,-0.056166
2.672956,0.490843,-0.984127,9.941253,-0.021978,-0.051282
2.674863,0.534798,-0.984127,9.941253,-0.007326,-0.046398
2.677152,0.534798,-1.013431,9.941253,-0.021978,-0.041514
2.677915,0.329670,-1.032967,9.941253,-0.021978,-0.036630
2.678678,0.300365,-1.057387,9.941253,0.007328,-0.036630
2.680204,0.315018,-1.091575,9.941253,0.007328,-0.036630
2.681348,0.285715,-1.115995,9.941253,0.007328,-0.036630
2.682111,0.256411,-1.111111,9.941253,0.007328,-0.031746
2.682874,0.241758,-1.115995,9.941253,0.007328,-0.036630
2.683637,0.168499,-1.125763,9.941253,-0.007326,-0.041514
2.684018,0.153847,-1.140415,9.941253,-0.007326,-0.041514
2.684400,0.153847,-1.150183,9.941253,-0.007326,-0.046398
2.685544,0.183149,-1.155067,9.941253,-0.021978,-0.046398
2.686307,0.197802,-1.159951,9.941253,-0.007326,-0.051282
2.686689,0.139194,-1.150183,9.941253,-0.007326,-0.046398
2.687070,0.109890,-1.145299,9.941253,-0.021978,-0.046398
2.687452,0.124542,-1.150183,9.941253,-0.007326,-0.046398
2.688215,0.197802,-1.150183,9.941253,-0.007326,-0.046398
2.688977,0.153847,-1.125763,9.941253,-0.007326,-0.041514
2.689359,0.153847,-1.106227,9.941253,-0.007326,-0.041514
2.690122,0.153847,-1.096459,9.941253,0.007328,-0.041514
2.690503,0.139194,-1.096459,9.941253,-0.021978,-0.041514
2.690885,0.109890,-1.096459,9.941253,-0.007326,-0.041514
2.691266,0.109890,-1.101343,9.941253,-0.007326,-0.041514
2.691648,0.080585,-1.106227,9.941253,-0.007326,-0.041514
2.691648,0.080585,-1.120879,9.941253,-0.007326,-0.041514
2.692029,0.080585,-1.130647,9.941253,-0.021978,-0.046398
2.692029,0.051283,-1.135531,9.941253,-0.021978,-0.046398
2.692411,0.051283,-1.140415,9.941253,-0.007326,-0.051282
2.692411,0.051283,-1.140415,9.941253,-0.007326,-0.051282
2.692792,0.051283,-1.145299,9.941253,0.007328,-0.051282
2.693174,0.080585,-1.140415,9.941253,-0.007326,-0.046398
2.693174,0.080585,-1.130647,9.941253,-0.007326,-0.046398
2.693555,0.065933,-1.115995,9.941253,-0.007326,-0.046398
2.693555,0.051283,-1.096459,9.941253,0.007328,-0.046398
2.693937,0.051283,-1.081807,9.941253,0.007328,-0.041514
2.693937,0.036631,-1.062271,9.941253,0.007328,-0.041514
2.693937,0.021978,-1.037851,9.941253,-0.007326,-0.041514
2.693937,0.021978,-1.008547,9.941253,-0.007326,-0.041514
2.693937,0.007326,-0.969475,9.941253,-0.007326,-0.036630
2.693555,-0.021980,-0.930403,9.941253,-0.036631,-0.041514
2.693555,-0.021980,-0.891331,9.941253,0.007328,-0.041514
2.693174,-0.036633,-0.847375,9.941253,-0.007326,-0.046398
2.692792,-0.080587,-0.798534,9.941253,-0.007326,-0.046398
2.692411,-0.080587,-0.749695,9.941253,-0.021978,-0.051282
2.692029,-0.109892,-0.705739,9.941253,-0.007326,-0.051282
2.691266,-0.153849,-0.661782,9.941253,-0.021978,-0.051282
2.690122,-0.227108,-0.612943,9.941253,-0.007326,-0.051282
2.689359,-0.197803,-0.564102,9.941253,-0.007326,-0.051282
2.688215,-0.241760,-0.525030,9.941253,-0.007326,-0.046398
2.686307,-0.402931,-0.485958,9.941253,-0.021978,-0.046398
2.683637,-0.505497,-0.432235,9.941253,-0.021978,-0.046398
2.681730,-0.505497,-0.398046,9.941253,-0.021978,-0.041514
2.679822,-0.461540,-0.378510,9.941253,-0.007326,-0.036630
2.676389,-0.710625,-0.334555,9.941253,-0.007326,-0.031746
2.672193,-0.915752,-0.315019,9.941253,-0.036631,-0.026862
2.668760,-0.886448,-0.295483,9.941253,0.007328,-0.026862
2.665326,-0.857145,-0.266178,9.941253,0.021980,-0.031746
2.661511,-0.930405,-0.227106,9.941253,0.007328,-0.026862
2.656170,-1.194141,-0.202686,9.941253,-0.007326,-0.026862
2.650067,-1.355312,-0.197803,9.941253,-0.021978,-0.026862
2.644726,-1.355312,-0.173382,9.941253,0.007328,-0.031746
2.639385,-1.296705,-0.158731,9.941253,-0.021978,-0.036630
2.633663,-1.399269,-0.188034,9.941253,-0.007326,-0.036630
2.626797,-1.633701,-0.212454,9.941253,-0.007326,-0.041514
2.618786,-1.794874,-0.227106,9.941253,-0.021978,-0.041514
2.611919,-1.765570,-0.217339,9.941253,-0.007326,-0.046398
2.605052,-1.736265,-0.197803,9.941253,-0.007326,-0.046398
2.597041,-1.882786,-0.197803,9.941253,-0.007326,-0.046398
2.588268,-2.102566,-0.192918,9.941253,-0.007326,-0.051282
2.579112,-2.190479,-0.188034,9.941253,-0.007326,-0.051282
2.569957,-2.175827,-0.197803,9.941253,-0.007326,-0.056166
2.561183,-2.234432,-0.202686,9.941253,0.007328,-0.056166
2.551265,-2.380955,-0.222222,9.941253,-0.021978,-0.061050
2.540584,-2.556778,-0.241758,9.941253,-0.007326,-0.061050
2.529521,-2.659344,-0.271062,9.941253,-0.007326,-0.061050
2.519222,-2.600735,-0.280830,9.941253,-0.007326,-0.061050
2.508539,-2.644691,-0.290598,9.941253,-0.007326,-0.061050
2.497095,-2.776558,-0.315019,9.941253,0.007328,-0.061050
2.484888,-2.908428,-0.349206,9.941253,-0.007326,-0.061050
2.473063,-2.937729,-0.344322,9.941253,-0.021978,-0.056166
2.461618,-2.923080,-0.354091,9.941253,-0.007326,-0.056166
2.449411,-3.010990,-0.334555,9.941253,-0.007326,-0.056166
2.437204,-3.040295,-0.383394,9.941253,-0.007326,-0.056166
2.424615,-3.069599,-0.407814,9.941253,-0.007326,-0.056166
2.412407,-3.084251,-0.398046,9.941253,-0.007326,-0.051282
2.399819,-3.113556,-0.388278,9.941253,0.007328,-0.051282
2.387230,-3.142860,-0.368742,9.941253,0.007328,-0.051282
2.373879,-3.201466,-0.349206,9.941253,-0.007326,-0.051282
2.361289,-3.216118,-0.349206,9.941253,-0.021978,-0.051282
2.347938,-3.274727,-0.339438,9.941253,-0.007326,-0.051282
2.334586,-3.260075,-0.363858,9.941253,-0.007326,-0.051282
2.321616,-3.304031,-0.363858,9.941253,-0.007326,-0.051282
2.307884,-3.347988,-0.388278,9.941253,0.007328,-0.051282
2.294151,-3.391945,-0.412699,9.941253,-0.007326,-0.051282
2.280418,-3.377293,-0.432235,9.941253,0.007328,-0.051282
2.267447,-3.347988,-0.461538,9.941253,-0.007326,-0.046398
2.254095,-3.347988,-0.476191,9.941253,-0.007326,-0.046398
2.239981,-3.406593,-0.495727,9.941253,-0.021978,-0.051282
2.226629,-3.377293,-0.539682,9.941253,-0.021978,-0.051282
2.213659,-3.289379,-0.564102,9.941253,-0.007326,-0.051282
2.201070,-3.172161,-0.598290,9.941253,-0.007326,-0.046398
2.188482,-3.186813,-0.583638,9.941253,-0.007326,-0.046398
2.175511,-3.186813,-0.617826,9.941253,-0.007326,-0.051282
2.163685,-3.040295,-0.642246,9.941253,-0.021978,-0.046398
2.152241,-2.908428,-0.642246,9.941253,-0.007326,-0.046398
2.141178,-2.849819,-0.661782,9.941253,-0.007326,-0.046398
2.129734,-2.849819,-0.656898,9.941253,0.007328,-0.041514
2.118672,-2.776558,-0.705739,9.941253,-0.007326,-0.041514
2.108753,-2.571430,-0.705739,9.941253,-0.007326,-0.041514
2.099217,-2.424911,-0.715507,9.941253,-0.007326,-0.041514
2.090061,-2.366302,-0.725275,9.941253,-0.007326,-0.041514
2.080906,-2.322346,-0.715507,9.941253,-0.007326,-0.041514
2.072513,-2.205132,-0.730159,9.941253,-0.007326,-0.036630
2.064502,-2.058609,-0.725275,9.941253,-0.021978,-0.041514
2.057254,-1.868134,-0.705739,9.941253,-0.007326,-0.041514
2.050388,-1.809525,-0.700854,9.941253,-0.021978,-0.041514
2.043140,-1.780222,-0.686203,9.941253,-0.021978,-0.041514
2.036655,-1.706961,-0.681318,9.941253,-0.007326,-0.041514
2.031314,-1.472528,-0.661782,9.941253,-0.021978,-0.041514
2.025973,-1.384617,-0.661782,9.941253,-0.021978,-0.041514
2.020251,-1.399269,-0.661782,9.941253,0.007328,-0.041514
2.014910,-1.355312,-0.652015,9.941253,-0.007326,-0.036630
2.010714,-1.194141,-0.652015,9.941253,-0.007326,-0.036630
2.006899,-1.047621,-0.656898,9.941253,-0.007326,-0.036630
2.002703,-1.003664,-0.637362,9.941253,-0.007326,-0.036630
1.998888,-1.032969,-0.627595,9.941253,-0.021978,-0.041514
1.995074,-0.930405,-0.627595,9.941253,-0.007326,-0.041514
1.992022,-0.842493,-0.627595,9.941253,-0.021978,-0.041514
1.989352,-0.710625,-0.608059,9.941253,-0.007326,-0.041514
1.986681,-0.681320,-0.593407,9.941253,-0.007326,-0.041514
1.984011,-0.725277,-0.583638,9.941253,-0.007326,-0.041514
1.981722,-0.622713,-0.559218,9.941253,0.007328,-0.041514
1.979814,-0.505497,-0.559218,9.941253,-0.036631,-0.041514
1.977906,-0.505497,-0.559218,9.941253,-0.007326,-0.041514
1.975999,-0.461540,-0.539682,9.941253,-0.007326,-0.036630
1.974092,-0.446888,-0.520146,9.941253,0.007328,-0.036630
1.972566,-0.388281,-0.510379,9.941253,-0.007326,-0.036630
1.971040,-0.417583,-0.529915,9.941253,-0.007326,-0.031746
1.969514,-0.373629,-0.525030,9.941253,-0.007326,-0.036630
1.967988,-0.344324,-0.529915,9.941253,0.007328,-0.036630
1.966844,-0.344324,-0.525030,9.941253,-0.007326,-0.036630
1.965318,-0.315020,-0.529915,9.941253,-0.007326,-0.036630
1.964555,-0.285717,-0.544566,9.941253,-0.007326,-0.041514
1.963029,-0.329672,-0.568987,9.941253,-0.007326,-0.041514
1.961885,-0.256413,-0.578754,9.941253,-0.007326,-0.041514
1.961503,-0.168499,-0.593407,9.941253,-0.021978,-0.041514
1.960740,-0.212456,-0.598290,9.941253,0.007328,-0.041514
1.959596,-0.212456,-0.608059,9.941253,-0.007326,-0.041514
1.959596,-0.109892,-0.622710,9.941253,0.007328,-0.041514
1.959596,-0.021980,-0.632479,9.941253,-0.021978,-0.041514
1.959596,-0.007328,-0.637362,9.941253,-0.007326,-0.041514
1.959977,0.021978,-0.637362,9.941253,-0.007326,-0.041514
1.959977,0.036631,-0.656898,9.941253,0.007328,-0.041514
1.960359,0.065933,-0.676435,9.941253,0.007328,-0.036630
1.960740,0.109890,-0.700854,9.941253,-0.007326,-0.036630
1.961503,0.168499,-0.725275,9.941253,-0.007326,-0.041514
1.962266,0.168499,-0.744811,9.941253,-0.007326,-0.041514
1.963029,0.212454,-0.769231,9.941253,-0.007326,-0.041514
1.964174,0.256411,-0.798534,9.941253,-0.021978,-0.041514
1.964936,0.227106,-0.818070,9.941253,-0.007326,-0.041514
1.966462,0.329670,-0.837606,9.941253,-0.007326,-0.041514
1.968751,0.490843,-0.862027,9.941253,0.007328,-0.041514
1.970659,0.490843,-0.876678,9.941253,-0.021978,-0.041514
1.972566,0.476191,-0.881563,9.941253,-0.021978,-0.046398
1.975236,0.593407,-0.871795,9.941253,-0.007326,-0.041514
1.978669,0.769230,-0.886447,9.941253,-0.007326,-0.041514
1.982104,0.827839,-0.886447,9.941253,-0.007326,-0.041514
1.985537,0.842491,-0.876678,9.941253,-0.021978,-0.041514
1.989352,0.901098,-0.881563,9.941253,-0.007326,-0.036630
1.993166,0.989012,-0.881563,9.941253,-0.007326,-0.036630
1.997744,1.062271,-0.886447,9.941253,0.007328,-0.036630
2.002703,1.164835,-0.886447,9.941253,-0.021978,-0.036630
2.007662,1.194139,-0.886447,9.941253,0.007328,-0.036630
2.013003,1.282051,-0.881563,9.941253,-0.007326,-0.036630
2.018343,1.340660,-0.891331,9.941253,0.007328,-0.036630
2.024065,1.413919,-0.891331,9.941253,-0.007326,-0.036630
2.030170,1.472527,-0.896214,9.941253,-0.007326,-0.036630
2.037036,1.604395,-0.886447,9.941253,-0.007326,-0.036630
2.043903,1.663004,-0.891331,9.941253,-0.007326,-0.036630
2.050388,1.663004,-0.901099,9.941253,-0.021978,-0.036630
2.057254,1.706959,-0.901099,9.941253,-0.007326,-0.036630
2.064883,1.868132,-0.901099,9.941253,-0.007326,-0.036630
2.073276,1.985348,-0.910867,9.941253,0.007328,-0.036630
2.080906,1.956043,-0.910867,9.941253,-0.007326,-0.036630
2.088917,2.000000,-0.896214,9.941253,-0.007326,-0.031746
2.097691,2.117216,-0.901099,9.941253,-0.021978,-0.036630
2.106846,2.190475,-0.915751,9.941253,-0.007326,-0.036630
2.116001,2.234432,-0.905983,9.941253,-0.007326,-0.031746
2.125157,2.293039,-0.910867,9.941253,-0.021978,-0.036630
2.134693,2.336996,-0.910867,9.941253,0.007328,-0.036630
2.144612,2.454212,-0.905983,9.941253,-0.007326,-0.036630
2.154911,2.512821,-0.910867,9.941253,-0.007326,-0.041514
2.165211,2.556776,-0.910867,9.941253,-0.021978,-0.041514
2.175511,2.556776,-0.915751,9.941253,-0.007326,-0.041514
2.186193,2.644688,-0.925519,9.941253,-0.007326,-0.041514
2.197255,2.747253,-0.910867,9.941253,-0.007326,-0.036630
2.208699,2.835165,-0.920635,9.941253,-0.021978,-0.041514
2.220144,2.849817,-0.905983,9.941253,-0.007326,-0.041514
2.231207,2.820513,-0.905983,9.941253,-0.007326,-0.041514
2.243033,2.908424,-0.896214,9.941253,-0.007326,-0.041514
2.255621,3.025640,-0.881563,9.941253,-0.007326,-0.041514
2.267828,3.054945,-0.886447,9.941253,-0.007326,-0.041514
2.279655,2.996336,-0.876678,9.941253,-0.007326,-0.041514
2.291480,2.967033,-0.876678,9.941253,-0.021978,-0.041514
2.303687,3.054945,-0.881563,9.941253,-0.007326,-0.046398
2.317039,3.186813,-0.886447,9.941253,-0.007326,-0.046398
2.329627,3.186813,-0.876678,9.941253,-0.021978,-0.046398
2.342216,3.113552,-0.871795,9.941253,-0.007326,-0.051282
2.354423,3.113552,-0.857142,9.941253,-0.021978,-0.051282
2.367393,3.230768,-0.852259,9.941253,-0.007326,-0.051282
2.381127,3.347984,-0.842491,9.941253,-0.007326,-0.051282
2.394097,3.289377,-0.847375,9.941253,0.007328,-0.051282
2.406304,3.172161,-0.827839,9.941253,-0.021978,-0.051282
2.419274,3.172161,-0.822955,9.941253,-0.007326,-0.051282
2.433007,3.333334,-0.832723,9.941253,-0.021978,-0.051282
2.446740,3.406593,-0.827839,9.941253,-0.007326,-0.056166
2.459329,3.274725,-0.842491,9.941253,0.007328,-0.051282
2.471537,3.142857,-0.827839,9.941253,-0.021978,-0.056166
2.484507,3.230768,-0.842491,9.941253,0.007328,-0.056166
2.498621,3.406593,-0.847375,9.941253,-0.007326,-0.056166
2.512354,3.391941,-0.852259,9.941253,0.007328,-0.056166
2.524181,3.172161,-0.866911,9.941253,-0.007326,-0.056166
2.536769,3.128204,-0.847375,9.941253,-0.007326,-0.056166
2.549739,3.216118,-0.808303,9.941253,0.007328,-0.056166
2.562709,3.216118,-0.725275,9.941253,-0.021978,-0.056166
2.573772,2.967033,-0.647131,9.941253,0.007328,-0.056166
2.584071,2.703297,-0.578754,9.941253,-0.021978,-0.056166
2.594371,2.630037,-0.520146,9.941253,-0.021978,-0.056166
2.604671,2.586081,-0.495727,9.941253,-0.007326,-0.056166
2.613445,2.395605,-0.481074,9.941253,-0.021978,-0.051282
2.620693,2.058607,-0.476191,9.941253,0.007328,-0.051282
2.627178,1.780220,-0.515263,9.941253,-0.007326,-0.051282
2.633663,1.692308,-0.564102,9.941253,0.007328,-0.051282
2.639767,1.619047,-0.608059,9.941253,-0.007326,-0.056166
2.644726,1.369963,-0.656898,9.941253,-0.007326,-0.056166
2.648159,1.076923,-0.700854,9.941253,-0.021978,-0.061050
2.651974,0.989012,-0.774115,9.941253,-0.007326,-0.065934
2.655789,0.959707,-0.832723,9.941253,-0.007326,-0.070818
2.659222,0.915751,-0.881563,9.941253,-0.007326,-0.070818
2.661892,0.769230,-0.910867,9.941253,-0.007326,-0.070818
2.663800,0.622711,-0.930403,9.941253,-0.007326,-0.070818
2.666852,0.695971,-0.945055,9.941253,-0.007326,-0.070818
2.669904,0.754580,-0.964591,9.941253,0.007328,-0.065934
2.671811,0.578754,-0.974359,9.941253,-0.007326,-0.061050
2.673337,0.446886,-0.979243,9.940871,-0.021978,-0.056166
2.675626,0.520147,-0.979243,9.941253,-0.007326,-0.051282
2.677533,0.476191,-1.023199,9.941253,0.007328,-0.046398
2.678296,0.315018,-1.037851,9.941253,0.007328,-0.041514
2.679059,0.300365,-1.062271,9.941253,0.007328,-0.041514
2.680204,0.285715,-1.096459,9.941253,0.007328,-0.041514
2.681348,0.256411,-1.115995,9.941253,-0.021978,-0.041514
2.682111,0.241758,-1.115995,9.941253,-0.007326,-0.041514
2.683255,0.241758,-1.120879,9.941253,-0.007326,-0.046398
2.683637,0.183149,-1.135531,9.941253,-0.007326,-0.046398
2.684018,0.139194,-1.140415,9.941253,-0.007326,-0.051282
2.684781,0.153847,-1.150183,9.941253,-0.021978,-0.056166
2.685544,0.183149,-1.159951,9.941253,-0.021978,-0.056166
2.686307,0.197802,-1.159951,9.941253,-0.007326,-0.056166
2.686689,0.124542,-1.150183,9.941253,-0.007326,-0.056166
2.687070,0.124542,-1.145299,9.941253,-0.021978,-0.056166
2.687452,0.124542,-1.145299,9.941253,0.007328,-0.051282
2.688215,0.168499,-1.140415,9.941253,0.007328,-0.051282
2.688977,0.168499,-1.120879,9.941253,-0.021978,-0.051282
2.689740,0.168499,-1.101343,9.941253,0.007328,-0.046398
2.690122,0.183149,-1.091575,9.941253,0.007328,-0.046398
2.690503,0.124542,-1.081807,9.941253,0.007328,-0.046398
2.690885,0.109890,-1.086691,9.941253,0.007328,-0.046398
2.691266,0.124542,-1.096459,9.941253,-0.007326,-0.046398
2.691648,0.095238,-1.106227,9.941253,-0.007326,-0.051282
2.691648,0.065933,-1.120879,9.941253,-0.007326,-0.051282
2.692029,0.051283,-1.125763,9.941253,-0.007326,-0.056166
2.692029,0.036631,-1.140415,9.941253,-0.007326,-0.056166
2.692411,0.051283,-1.150183,9.941253,-0.021978,-0.056166
2.692411,0.065933,-1.150183,9.941253,0.007328,-0.061050
2.692411,0.036631,-1.150183,9.941253,-0.007326,-0.061050
2.692792,0.051283,-1.145299,9.941253,-0.007326,-0.056166
2.693174,0.095238,-1.145299,9.941253,0.007328,-0.056166
2.693555,0.065933,-1.135531,9.941253,0.007328,-0.051282
2.693555,0.051283,-1.125763,9.941253,-0.007326,-0.051282
2.693937,0.095238,-1.125763,9.941253,-0.007326,-0.046398
2.694318,0.065933,-1.120879,9.941253,-0.007326,-0.046398
2.694318,0.051283,-1.115995,9.941253,-0.007326,-0.046398
2.694700,0.065933,-1.115995,9.941253,-0.007326,-0.046398
2.694700,0.051283,-1.111111,9.941253,-0.007326,-0.046398
2.694700,0.021978,-1.111111,9.941253,0.007328,-0.046398
2.694700,0.007326,-1.106227,9.941253,-0.007326,-0.046398
2.694700,0.021978,-1.101343,9.941253,-0.007326,-0.051282
2.694700,0.007326,-1.086691,9.941253,-0.007326,-0.051282
2.694700,0.007326,-1.072039,9.941253,-0.007326,-0.056166
2.694700,-0.007328,-1.047619,9.941253,-0.007326,-0.061050
2.694318,-0.007328,-1.028083,9.941253,-0.007326,-0.056166
2.694318,-0.007328,-0.998779,9.941253,0.007328,-0.061050
2.694318,-0.007328,-0.969475,9.941253,-0.021978,-0.056166
2.694318,-0.007328,-0.935287,9.941253,-0.007326,-0.056166
2.694318,-0.036633,-0.891331,9.941253,-0.007326,-0.056166
2.693937,-0.036633,-0.847375,9.941253,-0.021978,-0.051282
2.693555,-0.051285,-0.803419,9.941253,-0.007326,-0.046398
2.693174,-0.095240,-0.754579,9.941253,-0.021978,-0.041514
2.692411,-0.109892,-0.710623,9.941253,-0.007326,-0.041514
2.691648,-0.168499,-0.671551,9.941253,0.007328,-0.036630
2.690885,-0.212456,-0.632479,9.941253,-0.007326,-0.036630
2.689740,-0.256413,-0.588523,9.941253,0.007328,-0.036630
2.688977,-0.197803,-0.544566,9.941253,-0.007326,-0.041514
2.687452,-0.329672,-0.505494,9.941253,-0.007326,-0.041514
2.684781,-0.505497,-0.442002,9.941253,0.007328,-0.041514
2.682492,-0.520149,-0.402930,9.941253,-0.007326,-0.046398
2.680967,-0.432236,-0.363858,9.941253,0.007328,-0.051282
2.678678,-0.549452,-0.339438,9.941253,-0.021978,-0.051282
2.674482,-0.827841,-0.295483,9.941253,-0.007326,-0.051282
2.670667,-0.915752,-0.261294,9.941253,-0.007326,-0.051282
2.667615,-0.842493,-0.246642,9.941253,-0.021978,-0.051282
2.664181,-0.827841,-0.212454,9.941253,-0.007326,-0.051282
2.659603,-1.032969,-0.217339,9.941253,-0.007326,-0.046398
2.654263,-1.223446,-0.231990,9.941253,-0.007326,-0.046398
2.648541,-1.282053,-0.246642,9.941253,0.007328,-0.041514
2.643582,-1.267401,-0.217339,9.941253,-0.007326,-0.041514
2.638623,-1.311357,-0.197803,9.941253,-0.007326,-0.041514
2.632138,-1.457878,-0.192918,9.941253,-0.021978,-0.041514
2.624890,-1.663006,-0.188034,9.941253,-0.007326,-0.041514
2.617642,-1.765570,-0.178267,9.941253,-0.007326,-0.046398
2.610774,-1.736265,-0.173382,9.941253,-0.007326,-0.046398
2.603526,-1.780222,-0.168498,9.941253,-0.021978,-0.051282
2.594753,-2.014652,-0.168498,9.941253,-0.021978,-0.056166
2.585216,-2.234432,-0.178267,9.941253,-0.021978,-0.061050
2.576061,-2.249084,-0.192918,9.941253,0.007328,-0.065934
2.566905,-2.219780,-0.222222,9.941253,-0.007326,-0.065934
2.557750,-2.307693,-0.217339,9.941253,-0.021978,-0.070818
2.547069,-2.498169,-0.241758,9.941253,-0.007326,-0.070818
2.536006,-2.659344,-0.266178,9.941253,0.007328,-0.070818
2.525325,-2.673996,-0.266178,9.941253,-0.021978,-0.070818
2.515024,-2.615387,-0.280830,9.941253,-0.007326,-0.065934
2.503962,-2.717949,-0.275947,9.941253,-0.021978,-0.065934
2.492136,-2.849819,-0.315019,9.941253,-0.007326,-0.065934
2.480311,-2.937729,-0.324786,9.941253,-0.021978,-0.061050
2.468484,-2.893776,-0.344322,9.940871,-0.021978,-0.056166
2.457040,-2.893776,-0.334555,9.941253,0.021980,-0.056166
2.444833,-3.010990,-0.329670,9.941253,-0.007326,-0.056166
2.432245,-3.069599,-0.373627,9.941253,0.007328,-0.056166
2.420037,-3.069599,-0.368742,9.941253,-0.007326,-0.056166
2.407830,-3.069599,-0.373627,9.941253,-0.007326,-0.056166
2.395241,-3.113556,-0.368742,9.941253,-0.007326,-0.061050
2.382271,-3.201466,-0.329670,9.941253,-0.021978,-0.061050
2.368919,-3.260075,-0.339438,9.941253,-0.007326,-0.061050
2.355949,-3.274727,-0.349206,9.941253,-0.021978,-0.061050
2.342597,-3.274727,-0.373627,9.941253,-0.007326,-0.061050
2.328864,-3.318684,-0.388278,9.941253,-0.007326,-0.061050
2.315513,-3.347988,-0.398046,9.941253,-0.007326,-0.061050
2.301780,-3.406593,-0.451771,9.941253,-0.007326,-0.056166
2.288429,-3.377293,-0.476191,9.941253,0.007328,-0.056166
2.275459,-3.333336,-0.525030,9.941253,0.007328,-0.051282
2.262488,-3.274727,-0.544566,9.941253,-0.007326,-0.051282
2.249136,-3.304031,-0.554335,9.941253,0.007328,-0.051282
2.235785,-3.304031,-0.583638,9.941253,0.007328,-0.051282
2.223195,-3.201466,-0.627595,9.941253,0.007328,-0.056166
2.211370,-3.054947,-0.632479,9.941253,-0.021978,-0.056166
2.199544,-2.996338,-0.656898,9.941253,-0.007326,-0.061050
2.187719,-2.967033,-0.637362,9.941253,-0.007326,-0.061050
2.175892,-2.923080,-0.666667,9.941253,0.007328,-0.065934
2.165592,-2.717949,-0.666667,9.941253,0.021980,-0.061050
2.155674,-2.571430,-0.681318,9.941253,-0.021978,-0.061050
2.145756,-2.527473,-0.671551,9.941253,-0.007326,-0.061050
2.135456,-2.498169,-0.666667,9.941253,-0.007326,-0.061050
2.126301,-2.410259,-0.695971,9.941253,0.007328,-0.056166
2.117527,-2.249084,-0.710623,9.941253,0.007328,-0.056166
2.109516,-2.087914,-0.705739,9.941253,-0.007326,-0.051282
2.101506,-2.029305,-0.705739,9.941253,-0.007326,-0.046398
2.093495,-2.000000,-0.695971,9.941253,-0.007326,-0.046398
2.086247,-1.882786,-0.691087,9.941253,-0.007326,-0.046398
2.079762,-1.706961,-0.705739,9.941253,-0.007326,-0.046398
2.073657,-1.589745,-0.715507,9.941253,-0.007326,-0.046398
2.067172,-1.619049,-0.700854,9.941253,-0.007326,-0.051282
2.061450,-1.531137,-0.676435,9.941253,-0.021978,-0.051282
2.056491,-1.326010,-0.676435,9.941253,-0.007326,-0.051282
2.051913,-1.223446,-0.676435,9.941253,-0.021978,-0.051282
2.046954,-1.223446,-0.656898,9.941253,-0.007326,-0.051282
2.042377,-1.164837,-0.637362,9.941253,-0.007326,-0.046398
2.038181,-1.062273,-0.632479,9.941253,-0.007326,-0.046398
2.035129,-0.871796,-0.617826,9.941253,0.007328,-0.046398
2.032077,-0.813189,-0.598290,9.941253,-0.021978,-0.046398
2.028261,-0.901100,-0.593407,9.941253,0.007328,-0.041514
2.024828,-0.857145,-0.573871,9.941253,-0.007326,-0.041514
2.021776,-0.769232,-0.588523,9.941253,0.007328,-0.041514
2.019869,-0.622713,-0.588523,9.941253,-0.007326,-0.041514
2.017580,-0.593409,-0.568987,9.941253,-0.021978,-0.041514
2.014529,-0.666668,-0.573871,9.941253,0.007328,-0.041514
2.011858,-0.666668,-0.568987,9.941253,-0.007326,-0.046398
2.009951,-0.520149,-0.559218,9.941253,-0.007326,-0.041514
2.008425,-0.432236,-0.573871,9.941253,-0.007326,-0.046398
2.006899,-0.432236,-0.559218,9.941253,-0.021978,-0.051282
2.004992,-0.476192,-0.559218,9.941253,-0.007326,-0.051282
2.003084,-0.476192,-0.539682,9.941253,-0.007326,-0.051282
2.001940,-0.344324,-0.549451,9.941253,-0.007326,-0.046398
2.000796,-0.256413,-0.549451,9.941253,-0.007326,-0.051282
2.000033,-0.227108,-0.544566,9.941253,-0.007326,-0.046398
1.998888,-0.256413,-0.529915,9.941253,0.007328,-0.046398
1.997744,-0.300367,-0.539682,9.941253,-0.007326,-0.046398
1.996599,-0.271065,-0.544566,9.941253,-0.007326,-0.046398
1.996599,-0.124544,-0.568987,9.941253,0.007328,-0.046398
1.996218,-0.080587,-0.583638,9.941253,-0.007326,-0.046398
1.995836,-0.124544,-0.593407,9.941253,-0.007326,-0.046398
1.995074,-0.153849,-0.608059,9.941253,-0.007326,-0.051282
1.994692,-0.095240,-0.632479,9.941253,-0.007326,-0.051282
1.994692,-0.036633,-0.666667,9.941253,-0.007326,-0.051282
1.994692,-0.007328,-0.700854,9.941253,-0.036631,-0.051282
1.994692,0.007326,-0.725275,9.941253,-0.007326,-0.056166
1.994692,0.036631,-0.749695,9.941253,-0.021978,-0.056166
1.995074,0.065933,-0.788767,9.941253,0.007328,-0.056166
1.995836,0.124542,-0.818070,9.941253,-0.007326,-0.056166
1.996599,0.168499,-0.852259,9.941253,-0.007326,-0.056166
1.997362,0.212454,-0.891331,9.941253,-0.007326,-0.051282
1.998507,0.256411,-0.925519,9.941253,-0.007326,-0.051282
2.000796,0.417582,-0.940171,9.941253,0.007328,-0.051282
2.003084,0.549450,-0.954823,9.941253,-0.007326,-0.046398
2.005373,0.578754,-0.954823,9.941253,0.007328,-0.046398
2.008044,0.666666,-0.954823,9.941253,-0.007326,-0.046398
2.011858,0.842491,-0.940171,9.941253,-0.007326,-0.046398
2.016054,0.945055,-0.945055,9.941253,0.007328,-0.046398
2.020251,0.989012,-0.930403,9.941253,-0.007326,-0.046398
2.024828,1.091576,-0.935287,9.941253,-0.021978,-0.046398
2.029787,1.223444,-0.930403,9.941253,0.007328,-0.046398
2.035510,1.326008,-0.920635,9.941253,-0.007326,-0.046398
2.041614,1.443224,-0.920635,9.941253,-0.007326,-0.046398
2.047336,1.443224,-0.920635,9.941253,-0.007326,-0.041514
2.053439,1.457876,-0.930403,9.941253,0.007328,-0.041514
2.060306,1.619047,-0.930403,9.941253,-0.007326,-0.041514
2.067935,1.809525,-0.930403,9.941253,-0.007326,-0.041514
2.075183,1.853479,-0.940171,9.941253,-0.007326,-0.041514
2.082432,1.824175,-0.930403,9.941253,-0.007326,-0.041514
2.090443,1.956043,-0.925519,9.941253,-0.007326,-0.041514
2.099598,2.117216,-0.935287,9.941253,0.007328,-0.041514
2.108372,2.175823,-0.930403,9.941253,0.007328,-0.041514
2.117146,2.190475,-0.935287,9.941253,0.007328,-0.046398
2.126301,2.263737,-0.935287,9.941253,-0.007326,-0.046398
2.135838,2.380953,-0.930403,9.941253,-0.007326,-0.046398
2.146137,2.498169,-0.925519,9.941253,0.007328,-0.041514
2.156437,2.542124,-0.915751,9.941253,-0.007326,-0.046398
2.166737,2.542124,-0.925519,9.941253,0.007328,-0.046398
2.177037,2.600733,-0.920635,9.941253,0.007328,-0.046398
2.188100,2.688644,-0.920635,9.941253,-0.007326,-0.046398
2.199926,2.820513,-0.910867,9.941253,-0.007326,-0.041514
2.211370,2.835165,-0.901099,9.941253,-0.007326,-0.046398
2.222432,2.849817,-0.910867,9.941253,-0.007326,-0.041514
2.233877,2.864470,-0.891331,9.941253,-0.007326,-0.046398
2.246466,2.967033,-0.886447,9.941253,-0.021978,-0.046398
2.258673,3.054945,-0.876678,9.941253,-0.007326,-0.051282
2.270880,3.054945,-0.862027,9.941253,-0.021978,-0.051282
2.282325,2.996336,-0.881563,9.941253,-0.007326,-0.056166
2.294532,2.996336,-0.871795,9.941253,-0.007326,-0.056166
2.307121,3.128204,-0.876678,9.941253,-0.007326,-0.061050
2.320091,3.186813,-0.886447,9.941253,-0.007326,-0.056166
2.332679,3.157509,-0.871795,9.941253,0.007328,-0.056166
2.344886,3.098902,-0.881563,9.941253,0.021980,-0.061050
2.357475,3.157509,-0.866911,9.941253,-0.007326,-0.056166
2.371207,3.289377,-0.857142,9.941253,-0.007326,-0.061050
2.384560,3.347984,-0.842491,9.941253,-0.007326,-0.061050
2.397148,3.230768,-0.832723,9.941253,0.007328,-0.061050
2.409737,3.172161,-0.842491,9.941253,-0.021978,-0.061050
2.423089,3.245420,-0.822955,9.941253,0.007328,-0.065934
2.436822,3.377289,-0.827839,9.941253,-0.007326,-0.061050
2.450174,3.362637,-0.822955,9.941253,-0.021978,-0.065934
2.462762,3.245420,-0.832723,9.941253,0.007328,-0.061050
2.474970,3.157509,-0.837606,9.941253,-0.007326,-0.065934
2.488703,3.289377,-0.842491,9.941253,-0.007326,-0.065934
2.502817,3.421246,-0.852259,9.941253,-0.007326,-0.065934
2.515787,3.333334,-0.857142,9.941253,0.007328,-0.065934
2.527614,3.128204,-0.857142,9.941253,-0.007326,-0.051282
2.540202,3.142857,-0.852259,9.941253,-0.007326,-0.021978
2.553554,3.260073,-0.793651,9.941253,0.036633,0.002442
2.566142,3.172161,-0.705739,9.941253,0.007328,0.026863
2.576823,2.864470,-0.622710,9.941634,0.007328,0.051283
2.586742,2.659340,-0.544566,9.941634,0.007328,0.080586
2.597041,2.630037,-0.520146,9.941634,0.021980,0.109891
2.607341,2.571428,-0.481074,9.941634,0.021980,0.148963
2.615733,2.293039,-0.456655,9.942016,0.051285,0.183151
2.622601,1.941391,-0.461538,9.942016,0.021980,0.212455
2.628704,1.721611,-0.505494,9.942397,0.051285,0.231991
2.635189,1.677656,-0.568987,9.942779,0.065935,0.246643
2.641293,1.560440,-0.617826,9.943542,0.124544,0.256411
2.645870,1.267399,-0.666667,9.944686,0.227108,0.246643
2.649304,1.032967,-0.720390,9.946975,0.373629,0.246643
2.652737,0.989012,-0.783883,9.948501,0.417583,0.275947
2.656552,0.959707,-0.842491,9.950027,0.358976,0.324787
2.659985,0.901098,-0.881563,9.950408,0.241760,0.349207
2.662655,0.710623,-0.910867,9.951552,0.227108,0.319902
2.664945,0.666666,-0.925519,9.953078,0.344324,0.275947
2.667997,0.725275,-0.930403,9.954986,0.417583,0.271063
2.670667,0.681318,-0.964591,9.957274,0.520149,0.256411
2.672193,0.534798,-0.969475,9.959182,0.476192,0.261295
2.674100,0.476191,-0.974359,9.961089,0.461540,0.241758
2.676389,0.549450,-0.989011,9.962615,0.373629,0.212455
2.677533,0.402931,-1.028083,9.964141,0.388281,0.148963
2.678296,0.285715,-1.047619,9.965667,0.388281,0.119658
2.679441,0.271063,-1.072039,9.966430,0.300367,0.095239
2.680204,0.271063,-1.120879,9.967574,0.256413,0.065935
2.681348,0.227106,-1.135531,9.968719,0.256413,0.046398
2.682111,0.212454,-1.130647,9.969100,0.197803,0.021978
2.682874,0.241758,-1.135531,9.969863,0.153849,-0.017094
2.683637,0.197802,-1.140415,9.970626,0.197803,-0.056166
2.684018,0.153847,-1.140415,9.971007,0.139196,-0.090354
2.684781,0.153847,-1.145299,9.971007,0.021980,-0.105006
2.685544,0.197802,-1.155067,9.970626,-0.051283,-0.134310
2.686307,0.212454,-1.155067,9.969863,-0.109890,-0.153846
2.686689,0.139194,-1.145299,9.969481,-0.124542,-0.148962
2.687070,0.124542,-1.140415,9.968337,-0.241758,-0.134310
2.687833,0.139194,-1.135531,9.967193,-0.241758,-0.134310
2.688596,0.168499,-1.130647,9.966811,-0.168499,-0.124542
2.689359,0.183149,-1.115995,9.966430,-0.153847,-0.095238
2.689740,0.168499,-1.091575,9.966048,-0.139194,-0.065934
2.690122,0.139194,-1.086691,9.965667,-0.109890,-0.041514
2.690885,0.139194,-1.086691,9.965285,-0.095238,-0.012210
2.691266,0.124542,-1.091575,9.965667,-0.007326,0.007326
2.691648,0.095238,-1.101343,9.966048,0.036633,0.031747
2.691648,0.051283,-1.115995,9.966048,0.007328,0.061050
2.691648,0.051283,-1.130647,9.966048,0.007328,0.090355
2.692029,0.065933,-1.145299,9.966430,0.036633,0.100122
2.692029,0.036631,-1.150183,9.966811,0.065935,0.100122
2.692029,0.021978,-1.155067,9.967193,0.124544,0.105007
2.692411,0.051283,-1.159951,9.967956,0.124544,0.109891
2.692411,0.065933,-1.159951,9.967956,0.065935,0.114775
2.692792,0.065933,-1.150183,9.967956,0.036633,0.114775
2.693174,0.095238,-1.145299,9.967956,-0.021978,0.100122
2.693555,0.080585,-1.135531,9.967956,-0.021978,0.080586
2.693555,0.080585,-1.125763,9.967956,-0.007326,0.065935
2.693937,0.080585,-1.120879,9.967574,-0.007326,0.051283
2.694318,0.080585,-1.115995,9.967956,-0.007326,0.036631
2.694318,0.065933,-1.106227,9.967574,-0.007326,0.026863
2.694700,0.051283,-1.091575,9.967574,-0.021978,0.017095
2.694700,0.036631,-1.081807,9.967574,-0.036631,0.002442
2.694700,0.007326,-1.067155,9.967574,-0.021978,-0.012210
2.694700,-0.007328,-1.047619,9.967193,-0.036631,-0.017094
2.694700,-0.007328,-1.028083,9.967193,-0.036631,-0.017094
2.694318,-0.021980,-1.003663,9.967193,-0.021978,-0.017094
2.694318,-0.007328,-0.974359,9.967574,0.007328,-0.021978
2.694318,-0.021980,-0.935287,9.967574,0.007328,-0.012210
2.693937,-0.036633,-0.896214,9.967193,-0.007326,-0.002442
2.693937,-0.036633,-0.857142,9.967574,-0.007326,0.007326
2.693555,-0.051285,-0.808303,9.967574,-0.007326,0.017095
2.693174,-0.065935,-0.764347,9.967574,0.021980,0.026863
2.692792,-0.080587,-0.715507,9.967574,-0.007326,0.036631
2.692029,-0.124544,-0.671551,9.967574,-0.007326,0.041514
2.691266,-0.183151,-0.637362,9.967574,0.007328,0.046398
2.690122,-0.256413,-0.588523,9.967574,0.007328,0.051283
2.689359,-0.212456,-0.549451,9.967574,-0.007326,0.056167
2.687833,-0.271065,-0.515263,9.967574,-0.021978,0.056167
2.685544,-0.461540,-0.471307,9.967574,-0.007326,0.056167
2.683255,-0.534800,-0.432235,9.967574,0.007328,0.051283
2.681348,-0.461540,-0.398046,9.967574,-0.007326,0.046398
2.679441,-0.476192,-0.383394,9.967574,-0.007326,0.046398
2.675626,-0.754581,-0.334555,9.967574,-0.007326,0.036631
2.671811,-0.871796,-0.305250,9.967574,-0.021978,0.031747
2.668760,-0.827841,-0.280830,9.967574,0.007328,0.026863
2.665326,-0.827841,-0.256411,9.967574,-0.007326,0.021978
2.661511,-0.915752,-0.217339,9.967574,-0.007326,0.021978
2.656170,-1.150185,-0.236875,9.967574,-0.021978,0.017095
2.650830,-1.238096,-0.251526,9.967574,-0.007326,0.012211
2.646252,-1.179489,-0.231990,9.967574,-0.007326,0.012211
2.641293,-1.208794,-0.222222,9.967574,-0.021978,0.012211
2.635952,-1.326010,-0.207570,9.967574,-0.007326,0.012211
2.629086,-1.545790,-0.192918,9.967574,-0.007326,0.012211
2.621838,-1.663006,-0.188034,9.967574,-0.007326,0.007326
2.615352,-1.648354,-0.178267,9.967574,-0.007326,0.012211
2.608485,-1.648354,-0.158731,9.967574,-0.007326,0.012211
2.600856,-1.824177,-0.158731,9.967574,-0.021978,0.012211
2.591701,-2.117218,-0.168498,9.967574,-0.007326,0.007326
2.582546,-2.219780,-0.188034,9.967574,-0.021978,0.007326
2.573772,-2.161175,-0.197803,9.967574,-0.007326,0.007326
2.564998,-2.219780,-0.202686,9.967574,-0.021978,0.002442
2.555080,-2.395607,-0.222222,9.967574,-0.021978,0.002442
2.544017,-2.586082,-0.261294,9.967574,-0.007326,0.002442
2.533336,-2.644691,-0.275947,9.967574,-0.007326,0.002442
2.522655,-2.615387,-0.290598,9.967574,-0.007326,0.007326
2.512354,-2.644691,-0.290598,9.967574,-0.007326,0.007326
2.500910,-2.747253,-0.319902,9.967574,-0.007326,0.007326
2.489084,-2.879124,-0.334555,9.967574,0.007328,0.007326
2.477259,-2.879124,-0.344322,9.967574,-0.007326,0.012211
2.465814,-2.864471,-0.339438,9.967574,-0.007326,0.012211
2.454370,-2.893776,-0.334555,9.967574,0.007328,0.012211
2.442163,-2.981686,-0.344322,9.967574,-0.021978,0.012211
2.429956,-2.996338,-0.354091,9.967574,0.007328,0.012211
2.417748,-3.040295,-0.368742,9.967574,-0.007326,0.012211
2.405541,-3.040295,-0.373627,9.967574,-0.007326,0.012211
2.392952,-3.054947,-0.358974,9.967574,-0.007326,0.012211
2.380364,-3.128208,-0.388278,9.967574,-0.007326,0.012211
2.367774,-3.128208,-0.383394,9.967574,-0.007326,0.012211
2.355186,-3.157509,-0.402930,9.967574,-0.007326,0.017095
2.342216,-3.172161,-0.417583,9.967574,-0.007326,0.017095
2.329627,-3.201466,-0.407814,9.967574,0.007328,0.017095
2.316657,-3.216118,-0.432235,9.967574,-0.021978,0.021978
2.303687,-3.245422,-0.442002,9.967574,-0.021978,0.021978
2.290336,-3.274727,-0.432235,9.967574,-0.007326,0.021978
2.276984,-3.274727,-0.417583,9.967574,-0.007326,0.026863
2.264014,-3.289379,-0.378510,9.967574,0.007328,0.026863
2.250281,-3.362640,-0.383394,9.967574,-0.007326,0.026863
2.236548,-3.406593,-0.368742,9.967574,0.007328,0.026863
2.222814,-3.435898,-0.398046,9.967574,-0.007326,0.021978
2.209081,-3.406593,-0.417583,9.967574,0.007328,0.017095
2.195348,-3.421246,-0.417583,9.967574,-0.007326,0.017095
2.181234,-3.450550,-0.446886,9.967574,-0.021978,0.012211
2.167500,-3.479855,-0.471307,9.967574,-0.021978,0.012211
2.153767,-3.406593,-0.485958,9.967574,-0.007326,0.007326
2.140415,-3.333336,-0.515263,9.967574,-0.021978,0.007326
2.127064,-3.362640,-0.510379,9.967574,-0.021978,0.002442
2.113331,-3.391945,-0.529915,9.967574,0.007328,-0.002442
2.100361,-3.304031,-0.559218,9.967574,-0.007326,-0.002442
2.087773,-3.201466,-0.593407,9.967574,-0.007326,0.002442
2.075565,-3.157509,-0.627595,9.967574,-0.021978,0.002442
2.063358,-3.069599,-0.686203,9.967574,-0.007326,0.002442
2.051913,-2.923080,-0.764347,9.967574,0.007328,0.007326
2.041232,-2.761906,-0.822955,9.967574,-0.007326,0.007326
2.031314,-2.586082,-0.857142,9.967574,0.007328,0.012211
2.021776,-2.439564,-0.886447,9.967574,-0.021978,0.012211
2.013003,-2.278389,-0.886447,9.967574,-0.007326,0.017095
2.004992,-2.131870,-0.881563,9.967574,-0.007326,0.017095
1.998125,-1.882786,-0.866911,9.967574,-0.007326,0.021978
1.991259,-1.736265,-0.842491,9.967574,-0.021978,0.017095
1.985155,-1.619049,-0.793651,9.967574,-0.007326,0.021978
1.979814,-1.472528,-0.739926,9.967574,-0.007326,0.026863
1.974855,-1.326010,-0.720390,9.967574,-0.007326,0.026863
1.969896,-1.252748,-0.700854,9.967574,0.007328,0.031747
1.965318,-1.164837,-0.661782,9.967574,-0.007326,0.031747
1.961122,-1.076925,-0.652015,9.967574,-0.021978,0.031747
1.957689,-0.974361,-0.612943,9.967574,-0.007326,0.036631
1.954255,-0.871796,-0.598290,9.967574,-0.007326,0.036631
1.950822,-0.857145,-0.568987,9.967574,0.007328,0.036631
1.947389,-0.857145,-0.554335,9.967574,-0.007326,0.036631
1.944719,-0.754581,-0.544566,9.967574,-0.007326,0.031747
1.942048,-0.695972,-0.534799,9.967574,0.007328,0.031747
1.939378,-0.681320,-0.529915,9.967574,-0.021978,0.031747
1.937089,-0.622713,-0.520146,9.967574,-0.007326,0.031747
1.934800,-0.608061,-0.520146,9.967574,0.007328,0.031747
1.932129,-0.593409,-0.525030,9.967574,-0.007326,0.026863
1.930603,-0.490845,-0.520146,9.967574,0.007328,0.031747
1.928696,-0.490845,-0.515263,9.967574,-0.007326,0.036631
1.926407,-0.520149,-0.534799,9.967574,-0.007326,0.036631
1.924500,-0.476192,-0.529915,9.967574,-0.007326,0.036631
1.923355,-0.344324,-0.529915,9.967574,-0.007326,0.036631
1.922211,-0.329672,-0.510379,9.967574,-0.007326,0.036631
1.920685,-0.315020,-0.500610,9.967574,0.007328,0.031747
1.919159,-0.358976,-0.510379,9.967574,-0.007326,0.031747
1.918015,-0.344324,-0.525030,9.967574,0.007328,0.026863
1.916870,-0.300367,-0.525030,9.967574,-0.007326,0.026863
1.916107,-0.241760,-0.529915,9.967574,0.007328,0.021978
1.914582,-0.300367,-0.525030,9.967574,-0.007326,0.021978
1.913437,-0.256413,-0.520146,9.967574,-0.007326,0.021978
1.912674,-0.227108,-0.529915,9.967574,-0.007326,0.021978
1.911530,-0.271065,-0.539682,9.967574,-0.021978,0.021978
1.910767,-0.212456,-0.539682,9.967574,-0.007326,0.017095
1.910385,-0.124544,-0.529915,9.967574,-0.007326,0.017095
1.910004,-0.124544,-0.520146,9.967574,-0.007326,0.012211
1.909241,-0.139196,-0.505494,9.967574,-0.007326,0.012211
1.908478,-0.168499,-0.490843,9.967574,-0.021978,0.012211
1.907715,-0.153849,-0.490843,9.967574,-0.021978,0.012211
1.907334,-0.139196,-0.500610,9.967574,-0.021978,0.012211
1.906952,-0.095240,-0.500610,9.967574,-0.007326,0.012211
1.906952,-0.065935,-0.490843,9.967574,-0.007326,0.012211
1.906571,-0.080587,-0.481074,9.967574,-0.007326,0.017095
1.906189,-0.051285,-0.466422,9.967574,-0.007326,0.021978
1.906189,-0.036633,-0.456655,9.967574,-0.007326,0.021978
1.906189,0.021978,-0.456655,9.967574,0.007328,0.021978
1.906571,0.021978,-0.456655,9.967574,-0.021978,0.021978
1.906571,0.021978,-0.456655,9.967574,-0.007326,0.021978
1.906571,0.036631,-0.466422,9.967574,-0.007326,0.026863
1.906571,0.036631,-0.485958,9.967574,-0.007326,0.026863
1.906571,0.021978,-0.510379,9.967574,-0.007326,0.026863
1.906952,0.051283,-0.539682,9.967574,-0.007326,0.026863
1.906952,0.065933,-0.573871,9.967574,0.007328,0.026863
1.907334,0.065933,-0.608059,9.967574,0.007328,0.026863
1.907715,0.065933,-0.647131,9.967574,-0.007326,0.026863
1.908097,0.109890,-0.691087,9.967574,-0.007326,0.026863
1.908478,0.095238,-0.735043,9.967574,-0.021978,0.021978
1.908859,0.139194,-0.778998,9.967574,-0.021978,0.021978
1.910004,0.183149,-0.818070,9.967574,-0.007326,0.021978
1.911530,0.329670,-0.852259,9.967574,-0.007326,0.026863
1.912674,0.300365,-0.881563,9.967574,-0.007326,0.026863
1.914200,0.344322,-0.891331,9.967574,-0.007326,0.026863
1.916489,0.520147,-0.925519,9.967574,-0.036631,0.026863
1.919159,0.622711,-0.949939,9.967574,-0.007326,0.026863
1.921829,0.652014,-0.949939,9.967574,-0.021978,0.026863
1.925644,0.813187,-0.945055,9.967574,-0.007326,0.026863
1.929459,0.915751,-0.954823,9.967574,0.007328,0.031747
1.934037,1.032967,-0.954823,9.967574,-0.007326,0.031747
1.938615,1.091576,-0.964591,9.967574,-0.007326,0.031747
1.943574,1.208792,-0.959707,9.967574,-0.021978,0.031747
1.948915,1.311356,-0.959707,9.967574,-0.021978,0.031747
1.955400,1.472527,-0.964591,9.967574,-0.007326,0.036631
1.961885,1.560440,-0.959707,9.967574,-0.021978,0.036631
1.968370,1.604395,-0.964591,9.967574,-0.007326,0.031747
1.975236,1.721611,-0.964591,9.967574,-0.007326,0.031747
1.983248,1.868132,-0.964591,9.967574,-0.007326,0.031747
1.991259,1.985348,-0.974359,9.967574,0.007328,0.031747
1.999270,2.000000,-0.974359,9.967574,-0.007326,0.031747
2.008044,2.073259,-0.974359,9.967574,-0.007326,0.026863
2.017199,2.249084,-0.959707,9.967574,-0.007326,0.026863
2.027117,2.351648,-0.959707,9.967574,-0.007326,0.021978
2.036655,2.424908,-0.945055,9.967574,-0.007326,0.021978
2.046954,2.468864,-0.925519,9.967574,-0.007326,0.021978
2.056873,2.512821,-0.930403,9.967574,-0.007326,0.021978
2.067935,2.644688,-0.910867,9.967574,-0.021978,0.021978
2.078999,2.732601,-0.901099,9.967574,-0.007326,0.021978
2.090443,2.791208,-0.881563,9.967574,-0.036631,0.017095
2.101506,2.791208,-0.876678,9.967574,0.007328,0.017095
2.112568,2.805861,-0.871795,9.967574,-0.021978,0.017095
2.124394,2.879120,-0.866911,9.967574,-0.021978,0.017095
2.136219,2.981686,-0.866911,9.967574,-0.007326,0.017095
2.148426,3.010988,-0.871795,9.967574,-0.007326,0.017095
2.160252,2.981686,-0.857142,9.967574,-0.007326,0.017095
2.172077,2.981686,-0.862027,9.967574,-0.021978,0.017095
2.184667,3.084249,-0.862027,9.967574,-0.007326,0.017095
2.197637,3.157509,-0.857142,9.967574,-0.007326,0.017095
2.210225,3.157509,-0.852259,9.967574,0.007328,0.021978
2.222432,3.128204,-0.847375,9.967574,-0.007326,0.021978
2.234640,3.098902,-0.866911,9.967574,-0.007326,0.017095
2.247992,3.230768,-0.842491,9.967574,-0.007326,0.017095
2.261343,3.304029,-0.847375,9.967574,-0.021978,0.017095
2.274314,3.245420,-0.832723,9.967574,-0.007326,0.017095
2.286521,3.157509,-0.837606,9.967574,-0.007326,0.017095
2.299110,3.186813,-0.852259,9.967574,-0.007326,0.021978
2.312843,3.318682,-0.857142,9.967574,-0.007326,0.021978
2.326576,3.347984,-0.837606,9.967574,-0.007326,0.017095
2.339545,3.289377,-0.827839,9.967574,-0.007326,0.021978
2.351753,3.172161,-0.803419,9.967574,-0.007326,0.017095
2.364722,3.245420,-0.808303,9.967574,-0.007326,0.017095
2.378456,3.362637,-0.769231,9.967574,-0.007326,0.017095
2.392189,3.362637,-0.744811,9.967574,-0.007326,0.017095
2.404396,3.172161,-0.720390,9.967574,-0.007326,0.021978
2.416222,3.069597,-0.695971,9.967574,-0.007326,0.021978
2.428811,3.142857,-0.695971,9.967574,-0.007326,0.017095
2.441781,3.230768,-0.666667,9.967574,-0.007326,0.017095
2.453607,3.069597,-0.656898,9.967574,-0.007326,0.017095
2.464288,2.820513,-0.637362,9.967574,-0.007326,0.017095
2.474970,2.717949,-0.637362,9.967574,-0.007326,0.017095
2.486414,2.791208,-0.647131,9.967574,0.007328,0.012211
2.497858,2.835165,-0.642246,9.967574,-0.007326,0.012211
2.507395,2.586081,-0.632479,9.967574,-0.021978,0.007326
2.516169,2.307692,-0.617826,9.967574,0.007328,0.007326
2.524944,2.263737,-0.632479,9.967574,-0.007326,0.002442
2.534480,2.351648,-0.647131,9.967574,-0.021978,-0.002442
2.543636,2.293039,-0.642246,9.967574,-0.007326,0.002442
2.550884,2.014652,-0.642246,9.967574,-0.007326,-0.002442
2.557369,1.780220,-0.637362,9.967574,-0.021978,-0.002442
2.564616,1.824175,-0.642246,9.967574,-0.007326,-0.002442
2.571864,1.838827,-0.676435,9.967574,-0.007326,-0.002442
2.578349,1.648352,-0.681318,9.967574,0.007328,-0.002442
2.583308,1.413919,-0.691087,9.967574,-0.007326,-0.002442
2.588268,1.340660,-0.691087,9.967574,-0.021978,0.002442
2.593990,1.399267,-0.720390,9.967574,-0.007326,0.002442
2.599330,1.326008,-0.739926,9.967574,0.007328,0.002442
2.603145,1.091576,-0.739926,9.967574,-0.021978,0.002442
2.606960,1.003662,-0.749695,9.967574,0.007328,0.007326
2.610774,1.018314,-0.764347,9.967574,-0.007326,0.007326
2.614970,1.018314,-0.764347,9.967574,-0.007326,0.007326
2.618023,0.871796,-0.788767,9.967574,-0.007326,0.002442
2.620693,0.695971,-0.788767,9.967574,-0.007326,0.002442
2.622982,0.681318,-0.793651,9.967574,0.007328,0.002442
2.626034,0.695971,-0.837606,9.967574,0.007328,0.007326
2.627941,0.578754,-0.866911,9.967574,-0.007326,0.007326
2.629467,0.432234,-0.881563,9.967574,-0.007326,0.012211
2.631375,0.476191,-0.896214,9.967574,-0.007326,0.012211
2.632519,0.402931,-0.930403,9.967574,-0.007326,0.012211
2.634045,0.344322,-0.945055,9.967574,0.007328,0.017095
2.634808,0.300365,-0.969475,9.967574,-0.007326,0.017095
2.635952,0.300365,-0.989011,9.967574,-0.007326,0.017095
2.637097,0.300365,-0.984127,9.967574,0.007328,0.021978
2.638623,0.315018,-0.984127,9.967574,-0.007326,0.021978
2.639385,0.241758,-0.989011,9.967574,-0.007326,0.021978
2.639767,0.212454,-0.979243,9.967574,-0.021978,0.021978
2.641293,0.285715,-0.974359,9.967574,-0.036631,0.021978
2.642437,0.300365,-0.984127,9.967574,-0.007326,0.021978
2.643200,0.197802,-0.979243,9.967574,-0.007326,0.021978
2.643582,0.183149,-0.969475,9.967574,-0.021978,0.017095
2.644726,0.241758,-0.949939,9.967574,-0.007326,0.017095
2.645870,0.256411,-0.949939,9.967574,0.007328,0.017095
2.646252,0.168499,-0.954823,9.967574,-0.007326,0.012211
2.646252,0.080585,-0.959707,9.967574,-0.007326,0.007326
2.646633,0.109890,-0.974359,9.967574,-0.007326,0.007326
2.647015,0.124542,-0.989011,9.967574,-0.007326,0.007326
2.647396,0.095238,-0.993895,9.967574,-0.007326,0.002442
2.647778,0.095238,-0.993895,9.967574,-0.007326,0.002442
2.648159,0.109890,-0.989011,9.967574,0.007328,0.002442
2.648541,0.109890,-0.989011,9.967574,0.007328,-0.002442
2.649304,0.109890,-0.984127,9.967574,-0.021978,0.002442
2.649304,0.080585,-0.979243,9.967574,-0.007326,0.002442
2.649685,0.080585,-0.974359,9.967574,0.007328,0.002442
2.649685,0.051283,-0.969475,9.967574,0.007328,0.002442
2.649685,0.036631,-0.964591,9.967574,-0.021978,0.002442
2.649685,0.007326,-0.954823,9.967574,-0.007326,0.002442
2.649685,-0.007328,-0.940171,9.967574,-0.021978,0.007326
2.649685,-0.007328,-0.925519,9.967574,-0.007326,0.007326
2.649685,-0.036633,-0.896214,9.967574,-0.007326,0.012211
2.649304,-0.036633,-0.866911,9.967574,-0.007326,0.007326
2.649304,-0.036633,-0.832723,9.967574,-0.021978,0.007326
2.648922,-0.051285,-0.788767,9.967574,0.007328,0.007326
2.648541,-0.065935,-0.739926,9.967574,-0.021978,0.007326
2.648159,-0.095240,-0.691087,9.967574,-0.007326,0.002442
2.647778,-0.095240,-0.642246,9.967574,-0.007326,0.002442
2.647396,-0.124544,-0.593407,9.967574,-0.007326,0.002442
2.646252,-0.197803,-0.549451,9.967574,-0.007326,0.002442
2.645108,-0.256413,-0.495727,9.967574,-0.021978,0.007326
2.644345,-0.212456,-0.442002,9.967193,-0.007326,0.002442
2.642819,-0.300367,-0.402930,9.967574,-0.021978,0.007326
2.640530,-0.476192,-0.344322,9.967574,-0.021978,0.012211
2.638241,-0.534800,-0.290598,9.967574,-0.007326,0.012211
2.635952,-0.520149,-0.266178,9.967574,-0.007326,0.017095
2.633282,-0.637363,-0.241758,9.967574,-0.007326,0.017095
2.629086,-0.857145,-0.207570,9.967574,-0.021978,0.017095
2.625271,-0.945057,-0.192918,9.967574,-0.007326,0.021978
2.621075,-1.003664,-0.173382,9.967574,0.007328,0.021978
2.616497,-1.047621,-0.158731,9.967574,0.007328,0.021978
2.611537,-1.179489,-0.197803,9.967574,-0.007326,0.021978
2.605815,-1.296705,-0.231990,9.967574,-0.007326,0.021978
2.600093,-1.428574,-0.241758,9.967574,-0.021978,0.017095
2.593227,-1.531137,-0.246642,9.967574,-0.021978,0.017095
2.586742,-1.589745,-0.251526,9.967574,-0.007326,0.017095
2.580257,-1.604397,-0.236875,9.967574,-0.007326,0.012211
2.573009,-1.736265,-0.222222,9.967574,-0.007326,0.007326
2.564998,-1.912090,-0.217339,9.967574,-0.021978,0.007326
2.556606,-2.000000,-0.202686,9.967574,-0.007326,0.002442
2.548595,-2.000000,-0.197803,9.967574,-0.007326,0.002442
2.540202,-2.087914,-0.212454,9.967574,-0.007326,0.002442
2.530666,-2.249084,-0.217339,9.967574,-0.007326,-0.002442
2.520747,-2.366302,-0.222222,9.967574,-0.007326,-0.002442
2.510828,-2.424911,-0.227106,9.967574,-0.007326,-0.002442
2.500910,-2.454216,-0.256411,9.967574,-0.007326,-0.002442
2.490610,-2.556778,-0.280830,9.967574,-0.021978,-0.002442
2.479166,-2.717949,-0.305250,9.967574,-0.007326,-0.002442
2.467721,-2.791210,-0.319902,9.967574,-0.021978,-0.007326
2.456277,-2.791210,-0.315019,9.967574,-0.007326,-0.002442
2.445215,-2.835167,-0.319902,9.967574,-0.007326,-0.002442
2.433007,-2.937729,-0.324786,9.967574,-0.007326,-0.002442
2.420418,-3.054947,-0.305250,9.967574,-0.007326,-0.002442
2.408211,-3.098904,-0.319902,9.967574,-0.007326,-0.002442
2.395622,-3.098904,-0.324786,9.967574,0.007328,0.002442
2.383034,-3.113556,-0.344322,9.967574,-0.007326,0.002442
2.370063,-3.186813,-0.368742,9.967574,-0.021978,0.002442
2.356712,-3.289379,-0.398046,9.967574,0.007328,0.007326
2.343360,-3.289379,-0.422466,9.967574,0.007328,0.007326
2.330390,-3.245422,-0.417583,9.967574,-0.007326,0.007326
2.317420,-3.245422,-0.442002,9.967574,0.007328,0.007326
2.304069,-3.304031,-0.451771,9.967574,-0.007326,0.002442
2.290336,-3.362640,-0.461538,9.967574,-0.021978,0.002442
2.277366,-3.304031,-0.466422,9.967574,-0.021978,0.007326
2.264776,-3.230770,-0.442002,9.967574,-0.007326,0.007326
2.251425,-3.289379,-0.451771,9.967574,-0.007326,0.007326
2.237692,-3.377293,-0.451771,9.967574,0.007328,0.007326
2.223958,-3.391945,-0.466422,9.967574,-0.007326,0.007326
2.210988,-3.289379,-0.451771,9.967574,0.007328,0.007326
2.198018,-3.245422,-0.446886,9.967574,-0.021978,0.007326
2.184667,-3.318684,-0.442002,9.967574,-0.007326,0.007326
2.170933,-3.406593,-0.446886,9.967574,0.021980,0.007326
2.157582,-3.347988,-0.432235,9.967574,-0.021978,0.012211
2.144612,-3.274727,-0.427350,9.967574,-0.007326,0.012211
2.131260,-3.289379,-0.407814,9.967574,-0.007326,0.012211
2.117527,-3.406593,-0.417583,9.967574,-0.007326,0.012211
2.103794,-3.421246,-0.442002,9.967574,0.007328,0.007326
2.090443,-3.318684,-0.495727,9.967574,-0.007326,0.012211
2.078235,-3.186813,-0.593407,9.967574,-0.036631,0.012211
2.065265,-3.142860,-0.691087,9.967574,-0.007326,0.007326
2.053058,-3.098904,-0.783883,9.967574,0.007328,0.007326
2.041614,-2.937729,-0.871795,9.967574,-0.007326,0.007326
2.031314,-2.732601,-0.920635,9.967574,0.007328,0.012211
2.022158,-2.468864,-0.959707,9.967574,-0.021978,0.012211
2.013384,-2.293041,-0.945055,9.967574,-0.007326,0.012211
2.004992,-2.175827,-0.925519,9.967574,-0.007326,0.017095
1.997744,-1.970697,-0.891331,9.967574,-0.007326,0.017095
1.991259,-1.750917,-0.857142,9.967574,-0.007326,0.017095
1.985537,-1.560442,-0.803419,9.967574,-0.021978,0.021978
1.979814,-1.443226,-0.735043,9.967574,0.007328,0.021978
1.974855,-1.340660,-0.705739,9.967574,-0.007326,0.026863
1.969896,-1.267401,-0.681318,9.967574,0.007328,0.026863
1.965318,-1.150185,-0.642246,9.967574,-0.021978,0.031747
1.961503,-1.032969,-0.632479,9.967574,-0.007326,0.026863
1.957689,-0.959709,-0.593407,9.967574,-0.021978,0.026863
1.954255,-0.930405,-0.583638,9.967574,0.007328,0.026863
1.950441,-0.915752,-0.564102,9.967574,-0.021978,0.021978
1.947389,-0.857145,-0.568987,9.967574,-0.007326,0.017095
1.944719,-0.739929,-0.564102,9.967574,-0.007326,0.017095
1.941667,-0.710625,-0.564102,9.967574,0.007328,0.012211
1.938615,-0.710625,-0.559218,9.967574,-0.007326,0.012211
1.936326,-0.666668,-0.549451,9.967574,-0.007326,0.012211
1.933656,-0.622713,-0.564102,9.967574,-0.007326,0.012211
1.931748,-0.534800,-0.549451,9.967574,-0.021978,0.012211
1.930222,-0.461540,-0.539682,9.967574,-0.007326,0.012211
1.928314,-0.490845,-0.520146,9.967574,-0.007326,0.012211
1.926026,-0.520149,-0.529915,9.967574,-0.007326,0.017095
1.924500,-0.402931,-0.520146,9.967574,-0.007326,0.017095
1.923737,-0.285717,-0.510379,9.967574,-0.007326,0.017095
1.922592,-0.315020,-0.490843,9.967574,-0.007326,0.017095
1.921067,-0.344324,-0.471307,9.967574,-0.021978,0.017095
1.919541,-0.329672,-0.481074,9.967574,-0.021978,0.017095
1.918015,-0.344324,-0.500610,9.967574,-0.007326,0.017095
1.917252,-0.285717,-0.510379,9.967574,-0.007326,0.021978
1.916107,-0.241760,-0.520146,9.967574,0.007328,0.017095
1.914582,-0.344324,-0.515263,9.967574,-0.007326,0.021978
1.913437,-0.300367,-0.520146,9.967574,-0.021978,0.017095
1.912293,-0.271065,-0.539682,9.967574,-0.007326,0.017095
1.911148,-0.256413,-0.559218,9.967574,0.007328,0.017095
1.910385,-0.241760,-0.549451,9.967574,-0.007326,0.017095
1.910004,-0.168499,-0.544566,9.967574,0.007328,0.017095
1.909241,-0.168499,-0.534799,9.967574,-0.021978,0.017095
1.908478,-0.183151,-0.525030,9.967574,0.007328,0.012211
1.907715,-0.168499,-0.510379,9.967574,-0.007326,0.012211
1.907334,-0.095240,-0.505494,9.967574,0.007328,0.012211
1.906952,-0.065935,-0.505494,9.967574,-0.007326,0.012211
1.906571,-0.080587,-0.490843,9.967574,-0.021978,0.017095
1.906189,-0.080587,-0.471307,9.967574,-0.021978,0.017095
1.906189,-0.051285,-0.461538,9.967574,0.007328,0.017095
1.906189,-0.007328,-0.451771,9.967574,-0.007326,0.017095
1.906189,-0.007328,-0.437119,9.967574,0.007328,0.021978
1.906189,0.021978,-0.422466,9.967574,-0.021978,0.021978
1.906189,0.021978,-0.412699,9.967574,-0.007326,0.021978
1.906189,-0.007328,-0.407814,9.967574,-0.007326,0.021978
1.906189,0.007326,-0.407814,9.967574,-0.007326,0.021978
1.906189,-0.007328,-0.412699,9.967574,0.007328,0.017095
1.906189,-0.007328,-0.412699,9.967574,-0.021978,0.021978
1.906189,0.007326,-0.417583,9.967574,-0.007326,0.021978
1.906189,0.007326,-0.417583,9.967574,-0.007326,0.021978
1.905808,-0.007328,-0.412699,9.967574,-0.007326,0.021978
1.905808,-0.036633,-0.417583,9.967574,-0.007326,0.017095
1.905808,0.021978,-0.427350,9.967574,-0.007326,0.017095
1.905808,-0.007328,-0.422466,9.967574,-0.007326,0.017095
1.905808,-0.007328,-0.427350,9.967574,0.007328,0.017095
1.905808,0.007326,-0.422466,9.967574,-0.021978,0.017095
1.905808,0.007326,-0.422466,9.967574,-0.007326,0.017095
1.905808,-0.007328,-0.422466,9.967574,-0.021978,0.017095
1.905426,-0.007328,-0.422466,9.967574,-0.007326,0.017095
1.905426,-0.007328,-0.422466,9.967574,-0.007326,0.012211
1.905426,-0.007328,-0.427350,9.967574,-0.007326,0.012211
1.905426,0.007326,-0.422466,9.967574,-0.007326,0.012211
1.905426,-0.007328,-0.422466,9.967574,-0.007326,0.012211
1.905045,-0.021980,-0.427350,9.967574,0.007328,0.017095
1.905045,-0.036633,-0.437119,9.967574,0.007328,0.017095
1.905045,-0.021980,-0.446886,9.967574,-0.021978,0.017095
1.904663,-0.036633,-0.456655,9.967574,-0.007326,0.012211
1.904663,-0.021980,-0.471307,9.967574,0.007328,0.012211
1.904663,-0.007328,-0.481074,9.967574,0.007328,0.017095
1.904663,-0.007328,-0.495727,9.967574,-0.007326,0.017095
1.904663,0.007326,-0.515263,9.967574,-0.007326,0.012211
1.904663,0.007326,-0.539682,9.967574,-0.007326,0.012211
1.904663,0.051283,-0.564102,9.967574,-0.007326,0.017095
1.905045,0.051283,-0.588523,9.967574,-0.007326,0.017095
1.905426,0.080585,-0.612943,9.967574,0.021980,0.017095
1.905808,0.109890,-0.632479,9.967574,-0.007326,0.017095
1.906571,0.153847,-0.656898,9.967574,0.007328,0.017095
1.907334,0.183149,-0.686203,9.967574,-0.007326,0.017095
1.907715,0.168499,-0.725275,9.967574,-0.021978,0.017095
1.908478,0.197802,-0.774115,9.967574,0.007328,0.021978
1.909622,0.271063,-0.803419,9.967574,-0.007326,0.021978
1.911911,0.402931,-0.832723,9.967574,-0.007326,0.017095
1.913437,0.417582,-0.852259,9.967574,-0.007326,0.017095
1.915344,0.446886,-0.862027,9.967574,-0.021978,0.017095
1.917633,0.534798,-0.896214,9.967574,-0.007326,0.017095
1.920304,0.637363,-0.920635,9.967574,-0.007326,0.017095
1.923355,0.739927,-0.915751,9.967574,-0.007326,0.017095
1.927170,0.857143,-0.930403,9.967574,-0.007326,0.021978
1.930985,0.901098,-0.925519,9.967574,-0.007326,0.021978
1.935563,1.018314,-0.935287,9.967574,-0.007326,0.021978
1.939759,1.062271,-0.945055,9.967574,-0.007326,0.021978
1.944719,1.194139,-0.945055,9.967574,0.007328,0.021978
1.950441,1.326008,-0.935287,9.967574,0.007328,0.021978
1.956163,1.443224,-0.935287,9.967574,-0.007326,0.021978
1.962266,1.472527,-0.920635,9.967574,-0.007326,0.021978
1.968370,1.516483,-0.930403,9.967574,-0.007326,0.021978
1.974855,1.619047,-0.930403,9.967574,-0.007326,0.021978
1.982485,1.780220,-0.935287,9.967574,-0.007326,0.021978
1.990114,1.868132,-0.940171,9.967574,-0.007326,0.021978
1.997362,1.838827,-0.930403,9.967574,-0.007326,0.021978
2.005373,1.912088,-0.940171,9.967574,-0.007326,0.017095
2.014147,2.117216,-0.925519,9.967574,0.007328,0.021978
2.023302,2.219780,-0.920635,9.967574,-0.021978,0.021978
2.032077,2.190475,-0.915751,9.967574,-0.007326,0.017095
2.040851,2.249084,-0.905983,9.967574,-0.007326,0.021978
2.050388,2.336996,-0.925519,9.967574,-0.007326,0.017095
2.060306,2.424908,-0.920635,9.967574,-0.021978,0.017095
2.070606,2.527472,-0.915751,9.967574,-0.021978,0.017095
2.081288,2.586081,-0.910867,9.967574,-0.007326,0.017095
2.091587,2.615385,-0.896214,9.967574,-0.007326,0.017095
2.102268,2.644688,-0.910867,9.967574,-0.021978,0.017095
2.113331,2.717949,-0.896214,9.967574,-0.007326,0.017095
2.124775,2.791208,-0.901099,9.967574,0.007328,0.017095
2.136219,2.849817,-0.896214,9.967574,-0.007326,0.017095
2.147663,2.879120,-0.891331,9.967574,-0.007326,0.017095
2.159489,2.908424,-0.891331,9.967574,-0.007326,0.017095
2.171314,2.952381,-0.876678,9.967574,-0.007326,0.017095
2.183522,2.996336,-0.876678,9.967574,-0.021978,0.017095
2.195729,3.054945,-0.866911,9.967574,-0.007326,0.017095
2.208318,3.098902,-0.866911,9.967574,-0.007326,0.017095
2.220906,3.128204,-0.866911,9.967574,-0.007326,0.017095
2.233114,3.128204,-0.857142,9.967574,0.007328,0.017095
2.245703,3.142857,-0.847375,9.967574,-0.007326,0.017095
2.258673,3.216118,-0.842491,9.967574,-0.021978,0.017095
2.271643,3.201466,-0.832723,9.967574,-0.021978,0.017095
2.284232,3.157509,-0.857142,9.967574,0.007328,0.012211
2.296821,3.186813,-0.857142,9.967574,-0.007326,0.012211
2.309791,3.216118,-0.857142,9.967574,-0.007326,0.012211
2.323524,3.304029,-0.852259,9.967574,-0.007326,0.007326
2.336494,3.274725,-0.847375,9.967574,-0.007326,0.007326
2.349082,3.230768,-0.866911,9.967574,-0.007326,0.007326
2.362052,3.289377,-0.847375,9.967574,-0.007326,0.007326
2.375786,3.347984,-0.842491,9.967574,-0.021978,0.007326
2.389519,3.391941,-0.822955,9.967574,-0.021978,0.007326
2.402489,3.304029,-0.832723,9.967574,-0.021978,0.002442
2.415459,3.274725,-0.832723,9.967574,-0.007326,0.002442
2.428811,3.333334,-0.827839,9.967574,-0.007326,0.002442
2.442544,3.406593,-0.822955,9.967574,0.007328,0.002442
2.456277,3.377289,-0.827839,9.967574,-0.021978,0.002442
2.468866,3.274725,-0.827839,9.967574,-0.021978,0.002442
2.481837,3.274725,-0.842491,9.967574,0.007328,0.002442
2.495569,3.391941,-0.847375,9.967574,0.007328,0.002442
2.509302,3.421246,-0.837606,9.967574,-0.007326,-0.002442
2.522273,3.289377,-0.862027,9.967574,-0.007326,-0.002442
2.534862,3.186813,-0.842491,9.967574,-0.007326,-0.002442
2.547450,3.216118,-0.818070,9.967574,-0.021978,-0.007326
2.560420,3.186813,-0.725275,9.967574,-0.021978,-0.002442
2.572246,3.025640,-0.647131,9.967574,-0.007326,-0.002442
2.582927,2.776556,-0.564102,9.967574,0.007328,-0.002442
2.592845,2.630037,-0.505494,9.967574,-0.007326,0.002442
2.602382,2.542124,-0.495727,9.967574,-0.007326,0.002442
2.611537,2.380953,-0.476191,9.967574,-0.007326,0.002442
2.619168,2.102564,-0.481074,9.967574,-0.007326,0.002442
2.625653,1.824175,-0.505494,9.967574,-0.021978,0.002442
2.631756,1.633699,-0.554335,9.967574,-0.021978,-0.002442
2.637860,1.560440,-0.627595,9.967574,-0.007326,0.002442
2.642819,1.399267,-0.676435,9.967574,0.007328,-0.007326
2.647015,1.150183,-0.725275,9.967574,-0.021978,-0.012210
2.650448,0.989012,-0.783883,9.967574,0.007328,-0.012210
2.653881,0.930403,-0.842491,9.967574,-0.007326,-0.017094
2.657315,0.901098,-0.891331,9.967574,0.007328,-0.017094
2.660366,0.813187,-0.915751,9.967574,-0.007326,-0.021978
2.662655,0.652014,-0.940171,9.967574,-0.007326,-0.021978
2.665326,0.652014,-0.954823,9.967193,-0.007326,-0.017094
2.668378,0.739927,-0.959707,9.967574,-0.007326,-0.017094
2.670667,0.622711,-0.984127,9.967574,0.007328,-0.007326
2.672574,0.505495,-0.979243,9.967574,0.007328,-0.002442
2.674100,0.476191,-0.979243,9.967574,-0.007326,0.002442
2.676389,0.534798,-0.998779,9.967574,-0.007326,0.007326
2.677533,0.388279,-1.032967,9.967574,-0.007326,0.012211
2.678296,0.256411,-1.052503,9.967574,-0.007326,0.017095
2.679441,0.285715,-1.081807,9.967574,-0.007326,0.021978
2.680585,0.285715,-1.120879,9.967574,-0.007326,0.021978
2.681348,0.241758,-1.130647,9.967574,-0.007326,0.021978
2.682111,0.212454,-1.120879,9.967574,0.007328,0.017095
2.682874,0.212454,-1.130647,9.967574,-0.021978,0.017095
2.683637,0.197802,-1.140415,9.967574,-0.007326,0.017095
2.684018,0.153847,-1.145299,9.967574,-0.007326,0.012211
2.684781,0.168499,-1.145299,9.967574,0.007328,0.007326
2.685544,0.197802,-1.150183,9.967193,-0.021978,0.002442
2.686307,0.183149,-1.145299,9.967574,-0.021978,0.002442
2.686689,0.139194,-1.140415,9.967574,0.007328,-0.002442
2.687070,0.109890,-1.135531,9.967574,-0.007326,-0.002442
2.687452,0.139194,-1.135531,9.967574,0.007328,-0.002442
2.688215,0.153847,-1.135531,9.967574,-0.007326,-0.002442
2.688977,0.197802,-1.115995,9.967574,-0.007326,-0.002442
2.689740,0.153847,-1.086691,9.967574,-0.007326,0.002442
2.690122,0.139194,-1.086691,9.967574,-0.007326,0.002442
2.690503,0.124542,-1.086691,9.967574,-0.007326,0.002442
2.690885,0.109890,-1.091575,9.967574,-0.007326,-0.002442
2.691266,0.080585,-1.101343,9.967574,-0.007326,-0.002442
2.691648,0.065933,-1.115995,9.967574,-0.021978,-0.002442
2.691648,0.051283,-1.130647,9.967574,-0.007326,-0.002442
2.691648,0.051283,-1.145299,9.967574,-0.007326,-0.002442
2.692029,0.051283,-1.150183,9.967574,-0.007326,-0.002442
2.692029,0.036631,-1.155067,9.967574,-0.007326,-0.002442
2.692029,0.036631,-1.159951,9.967574,-0.007326,-0.002442
2.692029,0.021978,-1.164835,9.967574,-0.007326,0.002442
2.692411,0.051283,-1.164835,9.967574,-0.007326,0.002442
2.692411,0.051283,-1.159951,9.967574,-0.021978,0.002442
2.692792,0.080585,-1.150183,9.967574,-0.007326,0.002442
2.693174,0.095238,-1.135531,9.967574,-0.007326,0.002442
2.693555,0.109890,-1.125763,9.967574,-0.021978,0.002442
2.693937,0.080585,-1.111111,9.967574,-0.007326,-0.002442
2.694318,0.080585,-1.106227,9.967574,-0.021978,-0.002442
2.694318,0.065933,-1.101343,9.967574,0.007328,-0.002442
2.694700,0.065933,-1.101343,9.967574,-0.007326,-0.002442
2.694700,0.036631,-1.101343,9.967574,-0.007326,-0.002442
2.694700,0.021978,-1.111111,9.967574,-0.021978,-0.002442
2.694700,0.021978,-1.111111,9.967574,-0.007326,-0.002442
2.694700,-0.007328,-1.111111,9.967574,-0.021978,-0.002442
2.694700,0.007326,-1.115995,9.967574,-0.007326,0.002442
2.694700,0.007326,-1.111111,9.967574,-0.007326,-0.002442
2.694700,0.007326,-1.101343,9.967574,-0.021978,-0.002442
2.694700,0.021978,-1.086691,9.967574,-0.007326,0.002442
2.694700,0.007326,-1.067155,9.967574,-0.007326,0.002442
2.694700,0.007326,-1.047619,9.967574,-0.007326,0.007326
2.694700,-0.007328,-1.023199,9.967574,0.007328,0.007326
2.694318,-0.036633,-0.998779,9.967574,-0.021978,0.007326
2.694318,-0.021980,-0.969475,9.967574,-0.021978,0.012211
2.694318,-0.007328,-0.930403,9.967574,-0.007326,0.012211
2.693937,-0.036633,-0.886447,9.967574,-0.007326,0.012211
2.693937,-0.051285,-0.837606,9.967574,-0.021978,0.017095
2.693555,-0.065935,-0.793651,9.967574,-0.007326,0.017095
2.692792,-0.095240,-0.739926,9.967574,-0.021978,0.012211
2.692411,-0.124544,-0.695971,9.967574,-0.007326,0.012211
2.691648,-0.168499,-0.652015,9.967574,-0.007326,0.012211
2.690503,-0.227108,-0.603174,9.967574,-0.007326,0.012211
2.689740,-0.212456,-0.544566,9.967574,0.007328,0.007326
2.688596,-0.227108,-0.490843,9.967574,-0.007326,0.007326
2.686689,-0.388281,-0.446886,9.967574,-0.007326,0.007326
2.684018,-0.534800,-0.388278,9.967574,-0.007326,0.002442
2.682111,-0.520149,-0.354091,9.967574,-0.007326,-0.002442
2.680204,-0.490845,-0.329670,9.967574,-0.007326,-0.002442
2.676770,-0.710625,-0.290598,9.967574,-0.007326,-0.002442
2.672574,-0.930405,-0.261294,9.967574,-0.021978,-0.002442
2.668760,-0.930405,-0.241758,9.967574,-0.007326,-0.002442
2.664945,-0.901100,-0.227106,9.967574,-0.007326,0.002442
2.661129,-0.959709,-0.202686,9.967574,-0.007326,0.002442
2.655407,-1.252748,-0.207570,9.967574,-0.007326,0.002442
2.649304,-1.399269,-0.251526,9.967574,-0.007326,0.002442
2.643963,-1.326010,-0.261294,9.967574,-0.007326,0.007326
2.639004,-1.282053,-0.246642,9.967574,-0.007326,0.007326
2.632900,-1.443226,-0.241758,9.967574,-0.007326,0.007326
2.625271,-1.706961,-0.236875,9.967574,-0.007326,0.007326
2.618023,-1.794874,-0.222222,9.967574,0.007328,0.007326
2.611156,-1.706961,-0.207570,9.967574,0.007328,0.002442
2.604289,-1.721613,-0.202686,9.967574,-0.007326,0.002442
2.596278,-1.941393,-0.197803,9.967574,-0.021978,-0.002442
2.586742,-2.175827,-0.192918,9.967574,-0.007326,-0.002442
2.577968,-2.190479,-0.183150,9.967574,-0.021978,-0.007326
2.569194,-2.161175,-0.197803,9.967574,-0.007326,-0.007326
2.560039,-2.219780,-0.217339,9.967574,-0.007326,-0.012210
2.549739,-2.439564,-0.212454,9.967574,-0.007326,-0.012210
2.539058,-2.586082,-0.236875,9.967574,0.007328,-0.012210
2.528377,-2.630039,-0.236875,9.967574,-0.021978,-0.012210
2.518076,-2.586082,-0.246642,9.967574,0.007328,-0.012210
2.507395,-2.630039,-0.275947,9.967574,0.007328,-0.012210
2.495951,-2.776558,-0.285714,9.967574,-0.007326,-0.012210
2.484125,-2.908428,-0.315019,9.967193,-0.021978,-0.012210
2.472300,-2.908428,-0.310134,9.967574,-0.007326,-0.007326
2.460855,-2.893776,-0.329670,9.967574,-0.007326,-0.007326
2.449029,-2.937729,-0.349206,9.967574,-0.021978,-0.007326
2.436822,-3.010990,-0.363858,9.967574,-0.007326,-0.002442
2.424234,-3.069599,-0.378510,9.967574,-0.007326,-0.002442
2.411644,-3.098904,-0.368742,9.967574,0.007328,-0.002442
2.399056,-3.128208,-0.363858,9.967574,-0.007326,0.002442
2.386467,-3.157509,-0.358974,9.967574,0.007328,0.002442
2.373497,-3.216118,-0.358974,9.967574,-0.021978,0.002442
2.360145,-3.274727,-0.349206,9.967574,0.007328,0.007326
2.346793,-3.318684,-0.349206,9.967574,-0.007326,0.002442
2.333442,-3.318684,-0.378510,9.967574,-0.021978,0.002442
2.320091,-3.333336,-0.407814,9.967574,-0.007326,0.002442
2.306358,-3.377293,-0.437119,9.967574,-0.021978,0.002442
2.292243,-3.450550,-0.437119,9.967574,-0.007326,0.002442
2.278892,-3.406593,-0.442002,9.967574,0.007328,-0.002442
2.265158,-3.362640,-0.466422,9.967574,-0.021978,-0.002442
2.251806,-3.391945,-0.476191,9.967574,-0.021978,-0.002442
2.237692,-3.465202,-0.481074,9.967574,-0.007326,-0.012210
2.223958,-3.450550,-0.495727,9.967574,-0.021978,-0.012210
2.210607,-3.362640,-0.466422,9.967574,-0.007326,-0.012210
2.197255,-3.333336,-0.476191,9.967193,-0.007326,-0.012210
2.183904,-3.377293,-0.456655,9.967574,-0.007326,-0.012210
2.169789,-3.435898,-0.446886,9.967574,-0.021978,-0.012210
2.156437,-3.362640,-0.442002,9.967574,-0.007326,-0.017094
2.143086,-3.289379,-0.412699,9.967574,-0.007326,-0.012210
2.129734,-3.362640,-0.412699,9.967574,-0.007326,-0.012210
2.116001,-3.406593,-0.412699,9.967574,-0.007326,-0.012210
2.102268,-3.435898,-0.432235,9.967574,0.007328,-0.012210
2.089298,-3.333336,-0.525030,9.967574,0.007328,-0.007326
2.076709,-3.216118,-0.603174,9.967574,-0.007326,-0.007326
2.064121,-3.172161,-0.725275,9.967574,0.007328,-0.007326
2.051913,-3.069599,-0.822955,9.967574,-0.007326,-0.007326
2.040469,-2.923080,-0.891331,9.967574,0.007328,-0.007326
2.030551,-2.673996,-0.940171,9.967574,-0.007326,-0.002442
2.021013,-2.454216,-0.954823,9.967574,-0.021978,-0.002442
2.012240,-2.307693,-0.954823,9.967574,0.007328,-0.002442
2.004229,-2.117218,-0.930403,9.967574,-0.007326,0.002442
1.996981,-1.912090,-0.891331,9.967574,-0.007326,0.002442
1.990496,-1.736265,-0.857142,9.967574,0.007328,0.007326
1.984774,-1.560442,-0.798534,9.967574,-0.007326,0.012211
1.979432,-1.428574,-0.744811,9.967574,-0.007326,0.017095
1.974473,-1.311357,-0.705739,9.967574,-0.007326,0.021978
1.969514,-1.252748,-0.686203,9.967574,-0.007326,0.026863
1.964936,-1.135532,-0.642246,9.967574,-0.007326,0.026863
1.961122,-1.032969,-0.622710,9.967574,0.007328,0.026863
1.957689,-0.945057,-0.588523,9.967574,-0.007326,0.031747
1.954255,-0.871796,-0.573871,9.967574,-0.007326,0.026863
1.950822,-0.857145,-0.544566,9.967574,-0.007326,0.026863
1.947389,-0.842493,-0.539682,9.967574,-0.007326,0.026863
1.944719,-0.754581,-0.529915,9.967574,-0.007326,0.021978
1.941667,-0.710625,-0.534799,9.967574,-0.007326,0.017095
1.938997,-0.710625,-0.534799,9.967574,-0.007326,0.017095
1.936326,-0.652016,-0.539682,9.967574,-0.007326,0.017095
1.933656,-0.681320,-0.559218,9.967574,-0.007326,0.012211
1.931366,-0.578756,-0.554335,9.967574,-0.021978,0.017095
1.929840,-0.490845,-0.554335,9.967574,-0.007326,0.017095
1.927933,-0.476192,-0.544566,9.967574,-0.007326,0.017095
1.925644,-0.520149,-0.549451,9.967574,-0.021978,0.017095
1.924118,-0.417583,-0.534799,9.967574,-0.007326,0.017095
1.922974,-0.315020,-0.525030,9.967574,0.007328,0.017095
1.921829,-0.300367,-0.505494,9.967574,-0.021978,0.012211
1.920685,-0.300367,-0.485958,9.967574,-0.007326,0.007326
1.919159,-0.344324,-0.495727,9.967574,0.007328,0.007326
1.917633,-0.358976,-0.510379,9.967574,-0.007326,0.002442
1.916870,-0.271065,-0.515263,9.967574,-0.021978,0.002442
1.915726,-0.241760,-0.529915,9.967574,0.007328,0.002442
1.914200,-0.329672,-0.515263,9.967574,-0.007326,0.002442
1.913437,-0.285717,-0.515263,9.967574,-0.021978,0.002442
1.912293,-0.256413,-0.534799,9.967574,-0.007326,0.002442
1.911530,-0.256413,-0.549451,9.967574,-0.007326,-0.002442
1.910385,-0.227108,-0.539682,9.967574,-0.007326,-0.002442
1.910004,-0.153849,-0.529915,9.967574,-0.007326,-0.002442
1.909622,-0.153849,-0.520146,9.967574,-0.007326,-0.007326
1.908859,-0.168499,-0.510379,9.967574,-0.007326,-0.002442
1.908097,-0.183151,-0.500610,9.967574,0.007328,-0.007326
1.907334,-0.139196,-0.500610,9.967574,-0.007326,-0.002442
1.906952,-0.095240,-0.505494,9.967574,-0.007326,-0.002442
1.906952,-0.080587,-0.495727,9.967574,-0.007326,0.002442
1.906571,-0.065935,-0.481074,9.967574,0.007328,0.002442
1.906189,-0.065935,-0.466422,9.967574,-0.007326,0.007326
1.906189,-0.036633,-0.456655,9.967574,-0.007326,0.007326
1.906189,-0.007328,-0.446886,9.967574,-0.021978,0.012211
1.906189,0.007326,-0.437119,9.967574,-0.021978,0.012211
1.906189,-0.007328,-0.422466,9.967574,-0.007326,0.012211
1.906189,0.007326,-0.417583,9.967574,-0.007326,0.012211
1.906189,-0.007328,-0.412699,9.967574,0.007328,0.017095
1.906189,0.021978,-0.412699,9.967574,0.007328,0.012211
1.906189,0.007326,-0.412699,9.967574,-0.007326,0.012211
1.905808,-0.007328,-0.422466,9.967574,-0.021978,0.017095
1.906189,0.021978,-0.437119,9.967574,0.007328,0.012211
1.906189,0.007326,-0.451771,9.967574,-0.021978,0.012211
1.906189,0.036631,-0.471307,9.967574,-0.007326,0.017095
1.906571,0.051283,-0.490843,9.967574,0.007328,0.012211
1.906571,0.051283,-0.505494,9.967574,-0.007326,0.012211
1.906952,0.051283,-0.529915,9.967574,-0.007326,0.012211
1.906952,0.065933,-0.564102,9.967574,-0.007326,0.012211
1.907334,0.065933,-0.598290,9.967574,-0.021978,0.012211
1.907715,0.080585,-0.637362,9.967574,-0.007326,0.012211
1.908097,0.095238,-0.681318,9.967574,-0.021978,0.012211
1.908478,0.124542,-0.725275,9.967574,0.007328,0.012211
1.908859,0.139194,-0.769231,9.967574,-0.007326,0.007326
1.909622,0.183149,-0.808303,9.967574,-0.007326,0.007326
1.911148,0.271063,-0.847375,9.967574,0.007328,0.007326
1.912293,0.300365,-0.881563,9.967574,-0.007326,0.007326
1.913819,0.315018,-0.896214,9.967574,0.007328,0.012211
1.916107,0.490843,-0.915751,9.967574,-0.021978,0.012211
1.918778,0.593407,-0.945055,9.967574,-0.007326,0.012211
1.921448,0.637363,-0.949939,9.967574,-0.007326,0.012211
1.924500,0.739927,-0.930403,9.967574,-0.021978,0.012211
1.928314,0.886446,-0.945055,9.967574,-0.007326,0.007326
1.932512,0.989012,-0.930403,9.967574,-0.007326,0.007326
1.936708,1.032967,-0.930403,9.967574,-0.021978,0.007326
1.941285,1.091576,-0.925519,9.967574,-0.007326,0.007326
1.946244,1.223444,-0.935287,9.967574,0.007328,0.012211
1.952348,1.384615,-0.925519,9.967574,-0.021978,0.012211
1.958070,1.443224,-0.910867,9.967574,-0.007326,0.007326
1.964174,1.487179,-0.910867,9.967574,-0.021978,0.007326
1.970277,1.516483,-0.905983,9.967574,-0.007326,0.012211
1.977144,1.648352,-0.905983,9.967574,-0.021978,0.007326
1.984774,1.809525,-0.920635,9.967574,-0.021978,0.012211
1.992403,1.853479,-0.915751,9.967574,-0.007326,0.012211
1.999270,1.809525,-0.910867,9.967574,-0.021978,0.012211
2.007281,1.897436,-0.915751,9.967574,-0.007326,0.012211
2.016436,2.102564,-0.915751,9.967574,-0.021978,0.012211
2.025210,2.175823,-0.930403,9.967574,0.007328,0.012211
2.033603,2.175823,-0.910867,9.967574,-0.021978,0.012211
2.042758,2.219780,-0.901099,9.967574,-0.007326,0.012211
2.052295,2.322344,-0.915751,9.967574,-0.007326,0.012211
2.061832,2.395605,-0.915751,9.967574,-0.007326,0.017095
2.072131,2.512821,-0.925519,9.967574,-0.007326,0.012211
2.082432,2.542124,-0.920635,9.967574,-0.021978,0.012211
2.092732,2.556776,-0.910867,9.967574,-0.007326,0.012211
2.103413,2.630037,-0.920635,9.967574,-0.021978,0.012211
2.114475,2.732601,-0.915751,9.967574,-0.007326,0.012211
2.125538,2.776556,-0.925519,9.967574,-0.007326,0.012211
2.136982,2.835165,-0.910867,9.967574,-0.007326,0.007326
2.148808,2.864470,-0.901099,9.967574,-0.007326,0.007326
2.160633,2.937729,-0.886447,9.967574,-0.021978,0.012211
2.172459,2.967033,-0.876678,9.967574,0.007328,0.012211
2.184285,3.010988,-0.886447,9.967574,-0.007326,0.012211
2.196874,3.069597,-0.866911,9.967574,-0.007326,0.012211
2.209081,3.084249,-0.852259,9.967574,-0.007326,0.012211
2.222051,3.128204,-0.847375,9.967574,-0.007326,0.007326
2.234259,3.128204,-0.847375,9.967574,-0.007326,0.007326
2.246847,3.172161,-0.842491,9.967574,-0.021978,0.007326
2.259817,3.201466,-0.837606,9.967574,-0.007326,0.007326
2.272787,3.201466,-0.822955,9.967574,-0.007326,0.007326
2.285377,3.157509,-0.832723,9.967574,0.007328,0.002442
2.297965,3.172161,-0.847375,9.967574,-0.007326,0.002442
2.310935,3.245420,-0.862027,9.967574,0.007328,0.002442
2.324287,3.289377,-0.857142,9.967574,-0.021978,0.002442
2.337257,3.274725,-0.847375,9.967574,-0.007326,-0.002442
2.349845,3.216118,-0.862027,9.967574,-0.007326,-0.007326
2.363197,3.289377,-0.847375,9.967574,-0.007326,-0.002442
2.376549,3.347984,-0.857142,9.967574,-0.007326,-0.007326
2.390282,3.377289,-0.837606,9.967574,-0.007326,-0.007326
2.403252,3.304029,-0.842491,9.967193,-0.021978,-0.007326
2.416222,3.260073,-0.832723,9.967574,-0.007326,-0.002442
2.429574,3.333334,-0.832723,9.967574,-0.007326,-0.007326
2.443307,3.391941,-0.847375,9.967574,-0.021978,-0.007326
2.457040,3.377289,-0.842491,9.967574,-0.007326,-0.007326
2.469630,3.260073,-0.847375,9.967574,-0.021978,-0.007326
2.482599,3.260073,-0.847375,9.967574,-0.007326,-0.012210
2.496332,3.377289,-0.857142,9.967574,0.007328,-0.012210
2.510065,3.421246,-0.871795,9.967574,-0.007326,-0.012210
2.523036,3.304029,-0.866911,9.967574,-0.021978,-0.012210
2.535625,3.186813,-0.842491,9.967574,-0.007326,-0.012210
2.548595,3.216118,-0.798534,9.967574,-0.007326,-0.012210
2.561183,3.186813,-0.700854,9.967574,-0.007326,-0.017094
2.573009,3.040293,-0.637362,9.967574,-0.007326,-0.012210
2.583690,2.805861,-0.544566,9.967574,-0.021978,-0.012210
2.593608,2.659340,-0.490843,9.967574,-0.007326,-0.012210
2.603526,2.527472,-0.461538,9.967574,0.007328,-0.007326
2.612682,2.366301,-0.451771,9.967574,0.007328,-0.012210
2.620312,2.087912,-0.471307,9.967574,0.007328,-0.012210
2.626797,1.824175,-0.490843,9.967574,-0.007326,-0.012210
2.632519,1.633699,-0.544566,9.967574,-0.007326,-0.012210
2.638241,1.516483,-0.608059,9.967574,-0.036631,-0.012210
2.643582,1.369963,-0.671551,9.967574,-0.021978,-0.012210
2.647396,1.135530,-0.735043,9.967574,-0.007326,-0.017094
2.650830,0.974360,-0.793651,9.967574,-0.007326,-0.021978
2.654263,0.901098,-0.847375,9.967574,0.007328,-0.021978
2.657696,0.871796,-0.891331,9.967574,-0.007326,-0.026862
2.660748,0.813187,-0.920635,9.967574,-0.021978,-0.026862
2.663037,0.681318,-0.949939,9.967574,0.007328,-0.021978
2.665708,0.652014,-0.954823,9.967574,0.007328,-0.021978
2.668760,0.739927,-0.954823,9.967574,-0.007326,-0.017094
2.671048,0.608059,-0.974359,9.967574,-0.021978,-0.012210
2.672574,0.490843,-0.979243,9.967574,-0.021978,-0.007326
2.674482,0.505495,-0.984127,9.967574,-0.007326,-0.002442
2.676770,0.549450,-1.003663,9.967574,0.007328,0.002442
2.677533,0.344322,-1.023199,9.967574,-0.007326,0.007326
2.678296,0.256411,-1.042735,9.967574,-0.007326,0.012211
2.679822,0.300365,-1.076923,9.967574,-0.007326,0.012211
2.680967,0.300365,-1.115995,9.967574,0.007328,0.012211
2.681730,0.241758,-1.111111,9.967574,0.007328,0.012211
2.682492,0.212454,-1.106227,9.967574,-0.007326,0.007326
2.683255,0.212454,-1.120879,9.967574,-0.007326,0.007326
2.683637,0.168499,-1.135531,9.967574,0.007328,0.002442
2.684018,0.139194,-1.145299,9.967574,-0.007326,-0.002442
2.684781,0.139194,-1.155067,9.967574,-0.007326,-0.007326
2.685544,0.183149,-1.159951,9.967574,-0.007326,-0.007326
2.686307,0.183149,-1.159951,9.967574,-0.021978,-0.012210
2.686689,0.139194,-1.150183,9.967574,0.007328,-0.012210
2.687070,0.124542,-1.145299,9.967574,-0.007326,-0.012210
2.687452,0.109890,-1.140415,9.967574,-0.007326,-0.012210
2.687833,0.124542,-1.150183,9.967574,-0.007326,-0.007326
2.688596,0.153847,-1.145299,9.967574,-0.021978,-0.007326
2.689359,0.153847,-1.120879,9.967574,0.007328,-0.007326
2.689740,0.124542,-1.101343,9.967574,-0.021978,-0.007326
2.690122,0.124542,-1.101343,9.967574,0.007328,-0.012210
2.690503,0.124542,-1.106227,9.967574,-0.007326,-0.012210
2.690885,0.109890,-1.106227,9.967574,-0.007326,-0.012210
2.691266,0.095238,-1.111111,9.967574,-0.007326,-0.012210
2.691648,0.080585,-1.120879,9.967574,-0.021978,-0.012210
2.691648,0.080585,-1.130647,9.967574,-0.007326,-0.012210
2.692029,0.065933,-1.135531,9.967193,-0.021978,-0.012210
2.692029,0.021978,-1.140415,9.967574,0.007328,-0.012210
2.692029,0.036631,-1.150183,9.967574,-0.007326,-0.012210
2.692029,0.051283,-1.159951,9.967574,-0.007326,-0.007326
2.692411,0.051283,-1.159951,9.967574,-0.007326,-0.007326
2.692792,0.065933,-1.150183,9.967193,-0.021978,-0.007326
2.692792,0.080585,-1.140415,9.967574,-0.007326,-0.002442
2.693174,0.080585,-1.125763,9.967574,-0.007326,-0.007326
2.693555,0.095238,-1.120879,9.967574,-0.007326,-0.007326
2.693937,0.095238,-1.111111,9.967574,-0.007326,-0.007326
2.694318,0.065933,-1.101343,9.967574,-0.021978,-0.007326
2.694318,0.065933,-1.096459,9.967574,-0.021978,-0.007326
2.694700,0.065933,-1.091575,9.967574,0.007328,-0.012210
2.694700,0.036631,-1.086691,9.967574,-0.007326,-0.012210
2.694700,0.021978,-1.081807,9.967574,0.007328,-0.012210
2.694700,0.007326,-1.076923,9.967574,-0.007326,-0.012210
2.694318,-0.021980,-1.062271,9.967574,0.007328,-0.012210
2.694318,-0.007328,-1.052503,9.967574,-0.007326,-0.007326
2.694318,-0.007328,-1.028083,9.967574,-0.007326,-0.007326
2.694318,-0.007328,-1.003663,9.967574,-0.007326,-0.002442
2.694318,-0.007328,-0.974359,9.967574,0.007328,-0.002442
2.694318,-0.007328,-0.945055,9.967574,-0.007326,-0.002442
2.693937,-0.021980,-0.905983,9.967574,0.007328,0.002442
2.693937,-0.051285,-0.862027,9.967574,0.007328,0.002442
2.693555,-0.051285,-0.808303,9.967574,-0.007326,0.002442
2.693174,-0.065935,-0.764347,9.967574,-0.021978,0.007326
2.692792,-0.095240,-0.720390,9.967574,-0.021978,0.007326
2.692029,-0.124544,-0.676435,9.967574,0.007328,0.012211
2.691266,-0.153849,-0.652015,9.967574,-0.007326,0.007326
2.690122,-0.241760,-0.603174,9.967574,-0.007326,0.007326
2.689359,-0.256413,-0.559218,9.967574,-0.007326,0.007326
2.687833,-0.256413,-0.525030,9.967574,0.007328,0.007326
2.685926,-0.373629,-0.495727,9.967574,-0.007326,0.002442
2.683255,-0.505497,-0.437119,9.967574,0.007328,-0.002442
2.681730,-0.505497,-0.402930,9.967574,-0.007326,-0.002442
2.679822,-0.446888,-0.383394,9.967574,0.007328,-0.007326
2.676389,-0.637363,-0.349206,9.967574,-0.007326,-0.007326
2.672574,-0.842493,-0.315019,9.967574,-0.007326,-0.007326
2.669141,-0.857145,-0.285714,9.967574,0.007328,-0.007326
2.666089,-0.798536,-0.275947,9.967574,-0.007326,-0.007326
2.662655,-0.827841,-0.241758,9.967574,-0.021978,-0.007326
2.657315,-1.047621,-0.217339,9.967574,0.007328,-0.007326
2.651592,-1.267401,-0.192918,9.967574,-0.007326,-0.007326
2.646252,-1.326010,-0.192918,9.967574,-0.021978,-0.002442
2.641674,-1.208794,-0.197803,9.967574,-0.007326,-0.007326
2.635952,-1.326010,-0.207570,9.967574,-0.021978,-0.007326
2.629467,-1.531137,-0.246642,9.967574,-0.021978,-0.007326
2.622219,-1.663006,-0.261294,9.967574,-0.007326,-0.007326
2.615352,-1.706961,-0.256411,9.967574,-0.007326,-0.007326
2.608867,-1.663006,-0.236875,9.967193,-0.007326,-0.012210
2.601619,-1.721613,-0.241758,9.967574,-0.007326,-0.012210
2.593227,-1.926743,-0.246642,9.967574,-0.007326,-0.017094
2.584834,-2.058609,-0.246642,9.967574,0.007328,-0.021978
2.576442,-2.058609,-0.231990,9.967193,-0.021978,-0.021978
2.568050,-2.043957,-0.236875,9.967193,-0.007326,-0.021978
2.559276,-2.161175,-0.241758,9.967193,-0.021978,-0.021978
2.549358,-2.322346,-0.231990,9.967574,-0.007326,-0.021978
2.539058,-2.439564,-0.236875,9.967574,-0.007326,-0.021978
2.529140,-2.454216,-0.241758,9.967574,-0.007326,-0.021978
2.519222,-2.439564,-0.256411,9.967574,-0.007326,-0.017094
2.508921,-2.512821,-0.261294,9.967574,0.007328,-0.017094
2.497477,-2.688644,-0.271062,9.967193,-0.007326,-0.017094
2.486033,-2.805862,-0.275947,9.967574,-0.021978,-0.012210
2.474970,-2.776558,-0.295483,9.967574,-0.007326,-0.012210
2.463525,-2.791210,-0.324786,9.967574,-0.007326,-0.012210
2.451699,-2.879124,-0.334555,9.967574,-0.007326,-0.012210
2.439492,-2.996338,-0.354091,9.967574,-0.007326,-0.012210
2.427667,-3.010990,-0.354091,9.967574,-0.021978,-0.007326
2.415840,-2.996338,-0.358974,9.967574,0.007328,-0.007326
2.403252,-3.054947,-0.344322,9.967193,-0.021978,-0.007326
2.390282,-3.113556,-0.329670,9.967574,-0.021978,-0.012210
2.377312,-3.201466,-0.329670,9.967193,-0.021978,-0.007326
2.364341,-3.216118,-0.319902,9.967574,-0.007326,-0.007326
2.350990,-3.260075,-0.339438,9.967574,-0.007326,-0.007326
2.337638,-3.304031,-0.354091,9.967574,-0.007326,-0.007326
2.324287,-3.362640,-0.398046,9.967574,-0.007326,-0.002442
2.310554,-3.362640,-0.417583,9.967574,-0.007326,-0.002442
2.296821,-3.391945,-0.432235,9.967574,0.007328,-0.002442
2.283088,-3.406593,-0.442002,9.967193,-0.007326,-0.002442
2.269736,-3.406593,-0.466422,9.967574,-0.007326,-0.007326
2.256003,-3.362640,-0.476191,9.967574,0.007328,-0.012210
2.242270,-3.421246,-0.485958,9.967574,-0.007326,-0.012210
2.228537,-3.435898,-0.490843,9.967574,-0.007326,-0.017094
2.214803,-3.391945,-0.481074,9.967574,-0.007326,-0.021978
2.201452,-3.333336,-0.495727,9.967574,-0.007326,-0.021978
2.188100,-3.362640,-0.471307,9.967574,0.007328,-0.021978
2.174366,-3.391945,-0.461538,9.967193,-0.007326,-0.021978
2.161015,-3.377293,-0.456655,9.967574,-0.007326,-0.021978
2.148045,-3.289379,-0.427350,9.967574,-0.007326,-0.021978
2.134693,-3.304031,-0.427350,9.967193,-0.007326,-0.021978
2.120960,-3.377293,-0.412699,9.967574,-0.007326,-0.021978
2.107228,-3.406593,-0.417583,9.967193,-0.007326,-0.021978
2.094258,-3.347988,-0.461538,9.967193,-0.021978,-0.021978
2.081288,-3.245422,-0.539682,9.967574,-0.007326,-0.021978
2.068698,-3.186813,-0.652015,9.967574,-0.007326,-0.017094
2.056491,-3.142860,-0.754579,9.967193,-0.021978,-0.017094
2.045047,-3.010990,-0.837606,9.967574,0.007328,-0.017094
2.034366,-2.791210,-0.910867,9.967574,-0.007326,-0.017094
2.024828,-2.586082,-0.949939,9.967574,-0.007326,-0.017094
2.015673,-2.395607,-0.954823,9.967193,-0.007326,-0.012210
2.007281,-2.234432,-0.945055,9.967574,0.007328,-0.012210
2.000033,-2.029305,-0.905983,9.967574,-0.007326,-0.002442
1.993548,-1.780222,-0.876678,9.967574,0.007328,0.002442
1.987444,-1.604397,-0.803419,9.967574,-0.007326,0.007326
1.981722,-1.501833,-0.754579,9.967574,0.007328,0.007326
1.976381,-1.355312,-0.720390,9.967574,-0.007326,0.012211
1.971803,-1.252748,-0.676435,9.967574,0.007328,0.017095
1.967225,-1.223446,-0.666667,9.967574,0.007328,0.017095
1.963029,-1.106228,-0.632479,9.967574,-0.007326,0.021978
1.959214,-1.018316,-0.622710,9.967574,-0.007326,0.017095
1.955781,-0.930405,-0.593407,9.967574,-0.007326,0.017095
1.952348,-0.842493,-0.568987,9.967574,-0.007326,0.017095
1.949296,-0.842493,-0.549451,9.967574,-0.007326,0.012211
1.946244,-0.798536,-0.539682,9.967574,-0.007326,0.012211
1.943574,-0.725277,-0.534799,9.967574,-0.021978,0.007326
1.940141,-0.725277,-0.539682,9.967574,0.007328,0.007326
1.937852,-0.681320,-0.534799,9.967574,-0.007326,0.002442
1.935563,-0.637363,-0.534799,9.967574,-0.007326,0.002442
1.932893,-0.652016,-0.549451,9.967574,-0.007326,0.002442
1.930985,-0.564104,-0.544566,9.967574,-0.007326,0.007326
1.929077,-0.490845,-0.539682,9.967574,0.007328,0.007326
1.927170,-0.461540,-0.529915,9.967574,-0.007326,0.007326
1.924881,-0.476192,-0.534799,9.967574,-0.007326,0.007326
1.923737,-0.388281,-0.520146,9.967574,-0.007326,0.007326
1.922592,-0.315020,-0.515263,9.967574,-0.007326,0.002442
1.921448,-0.300367,-0.495727,9.967574,-0.021978,-0.002442
1.919922,-0.329672,-0.490843,9.967574,-0.021978,-0.002442
1.918396,-0.358976,-0.505494,9.967574,-0.007326,-0.007326
1.917252,-0.315020,-0.520146,9.967574,-0.007326,-0.007326
1.916107,-0.256413,-0.525030,9.967574,-0.007326,-0.007326
1.914963,-0.271065,-0.529915,9.967574,-0.007326,-0.007326
1.913819,-0.300367,-0.515263,9.967574,-0.007326,-0.007326
1.912674,-0.256413,-0.525030,9.967574,-0.007326,-0.007326
1.911530,-0.271065,-0.544566,9.967574,0.007328,-0.007326
1.910767,-0.241760,-0.554335,9.967574,-0.007326,-0.007326
1.910385,-0.183151,-0.539682,9.967574,-0.021978,-0.007326
1.910004,-0.124544,-0.529915,9.967574,-0.007326,-0.012210
1.909241,-0.124544,-0.520146,9.967574,0.007328,-0.012210
1.908478,-0.168499,-0.505494,9.967193,-0.021978,-0.012210
1.907715,-0.168499,-0.495727,9.967574,0.007328,-0.012210
1.907334,-0.124544,-0.500610,9.967574,-0.007326,-0.012210
1.906952,-0.095240,-0.500610,9.967574,-0.007326,-0.012210
1.906952,-0.080587,-0.490843,9.967574,-0.007326,-0.007326
1.906571,-0.080587,-0.476191,9.967574,0.007328,-0.002442
1.906189,-0.065935,-0.466422,9.967574,0.007328,-0.002442
1.906189,-0.036633,-0.461538,9.967574,-0.007326,0.002442
1.906189,-0.007328,-0.446886,9.967574,-0.007326,0.002442
1.906189,0.021978,-0.437119,9.967574,-0.007326,0.007326
1.906189,-0.007328,-0.422466,9.967574,-0.007326,0.007326
1.906189,0.007326,-0.417583,9.967574,-0.021978,0.002442
1.906189,0.007326,-0.412699,9.967574,-0.007326,0.002442
1.906189,0.007326,-0.417583,9.967574,-0.007326,0.002442
1.906189,0.007326,-0.427350,9.967574,0.007328,0.002442
1.906189,0.007326,-0.437119,9.967574,-0.007326,0.002442
1.906189,0.007326,-0.446886,9.967574,-0.021978,0.007326
1.906189,0.007326,-0.461538,9.967574,0.007328,0.007326
1.906571,0.036631,-0.481074,9.967574,-0.021978,0.007326
1.906571,0.036631,-0.495727,9.967574,-0.007326,0.002442
1.906952,0.036631,-0.515263,9.967574,-0.007326,0.002442
1.906952,0.051283,-0.539682,9.967574,0.007328,0.002442
1.906952,0.080585,-0.573871,9.967574,-0.007326,0.002442
1.907334,0.065933,-0.608059,9.967574,0.007328,0.002442
1.907715,0.080585,-0.642246,9.967574,-0.007326,0.002442
1.908097,0.080585,-0.695971,9.967574,-0.007326,0.002442
1.908478,0.109890,-0.735043,9.967574,-0.007326,0.002442
1.908859,0.124542,-0.759462,9.967574,-0.007326,0.002442
1.910004,0.153847,-0.798534,9.967574,-0.007326,0.002442
1.911148,0.271063,-0.832723,9.967574,-0.007326,0.002442
1.912293,0.285715,-0.862027,9.967574,-0.007326,0.002442
1.913437,0.300365,-0.876678,9.967574,-0.007326,0.002442
1.915726,0.417582,-0.886447,9.967574,-0.007326,0.002442
1.918396,0.564102,-0.915751,9.967574,-0.007326,0.002442
1.920685,0.593407,-0.930403,9.967574,-0.007326,0.002442
1.923737,0.652014,-0.910867,9.967574,0.007328,0.002442
1.927170,0.813187,-0.915751,9.967574,-0.007326,0.002442
1.930985,0.915751,-0.915751,9.967574,-0.007326,-0.002442
1.935182,0.974360,-0.915751,9.967574,0.007328,-0.002442
1.939378,1.003662,-0.920635,9.967574,-0.007326,0.002442
1.943956,1.106228,-0.920635,9.967574,-0.007326,0.002442
1.949296,1.194139,-0.920635,9.967574,-0.021978,0.002442
1.955018,1.369963,-0.915751,9.967574,0.007328,-0.002442
1.960740,1.413919,-0.910867,9.967574,-0.007326,-0.002442
1.966844,1.428572,-0.910867,9.967574,-0.021978,-0.002442
1.972947,1.516483,-0.915751,9.967574,-0.007326,-0.002442
1.979814,1.648352,-0.910867,9.967574,-0.007326,-0.002442
1.987444,1.794872,-0.915751,9.967574,-0.007326,-0.002442
1.994692,1.794872,-0.920635,9.967574,-0.007326,-0.002442
2.001940,1.794872,-0.925519,9.967574,-0.007326,-0.002442
2.009951,1.897436,-0.920635,9.967574,-0.007326,-0.002442
2.019106,2.117216,-0.925519,9.967574,-0.021978,-0.002442
2.027880,2.175823,-0.925519,9.967574,-0.021978,-0.002442
2.036655,2.146521,-0.925519,9.967574,-0.007326,0.002442
2.045810,2.234432,-0.920635,9.967574,0.007328,0.002442
2.055347,2.336996,-0.935287,9.967193,-0.021978,0.002442
2.065265,2.424908,-0.930403,9.967574,-0.007326,0.007326
2.075946,2.556776,-0.930403,9.967574,-0.007326,0.002442
2.086247,2.556776,-0.920635,9.967574,-0.007326,0.002442
2.096546,2.600733,-0.915751,9.967574,-0.007326,0.002442
2.107609,2.644688,-0.915751,9.967574,-0.007326,0.002442
2.119053,2.761904,-0.915751,9.967574,-0.021978,0.002442
2.130116,2.835165,-0.905983,9.967574,0.007328,0.007326
2.142323,2.879120,-0.901099,9.967574,-0.021978,0.007326
2.153385,2.879120,-0.876678,9.967574,-0.007326,0.007326
2.165211,2.923077,-0.886447,9.967574,-0.036631,0.002442
2.177419,2.996336,-0.881563,9.967574,-0.021978,0.002442
2.190007,3.054945,-0.876678,9.967574,0.007328,0.002442
2.202214,3.069597,-0.866911,9.967574,-0.007326,0.002442
2.214422,3.084249,-0.857142,9.967574,-0.007326,0.002442
2.227011,3.142857,-0.852259,9.967574,-0.007326,0.002442
2.239981,3.157509,-0.847375,9.967574,-0.007326,-0.002442
2.252569,3.186813,-0.827839,9.967574,0.007328,-0.002442
2.265539,3.201466,-0.822955,9.967574,-0.007326,-0.002442
2.278510,3.201466,-0.827839,9.967574,-0.007326,-0.007326
2.291099,3.186813,-0.832723,9.967193,-0.007326,-0.007326
2.304069,3.201466,-0.832723,9.967574,0.007328,-0.007326
2.317039,3.245420,-0.842491,9.967574,-0.007326,-0.012210
2.330009,3.274725,-0.852259,9.967574,0.007328,-0.007326
2.342979,3.260073,-0.852259,9.967574,0.007328,-0.007326
2.355949,3.230768,-0.852259,9.967574,-0.007326,-0.007326
2.369300,3.304029,-0.852259,9.967574,0.007328,-0.012210
2.382653,3.347984,-0.842491,9.967574,-0.021978,-0.012210
2.396385,3.347984,-0.842491,9.967574,-0.007326,-0.012210
2.409355,3.274725,-0.842491,9.967574,-0.007326,-0.012210
2.422326,3.274725,-0.837606,9.967574,-0.021978,-0.017094
2.435678,3.362637,-0.847375,9.967574,-0.007326,-0.017094
2.449411,3.391941,-0.837606,9.967574,-0.007326,-0.017094
2.462381,3.362637,-0.857142,9.967574,-0.007326,-0.017094
2.475352,3.260073,-0.842491,9.967574,-0.007326,-0.017094
2.488703,3.274725,-0.852259,9.967574,-0.007326,-0.017094
2.502436,3.406593,-0.866911,9.967574,-0.007326,-0.017094
2.516169,3.435898,-0.862027,9.967574,0.007328,-0.021978
2.528758,3.274725,-0.871795,9.967574,0.007328,-0.021978
2.541347,3.186813,-0.832723,9.967193,-0.007326,-0.021978
2.554317,3.216118,-0.783883,9.967193,-0.007326,-0.021978
2.566524,3.186813,-0.681318,9.967574,-0.021978,-0.021978
2.577586,2.981686,-0.603174,9.967574,0.007328,-0.021978
2.587886,2.747253,-0.529915,9.967574,0.007328,-0.021978
2.598186,2.615385,-0.481074,9.967574,-0.007326,-0.021978
2.607341,2.483517,-0.456655,9.967574,-0.007326,-0.021978
2.615733,2.307692,-0.446886,9.967574,0.007328,-0.021978
2.622982,2.014652,-0.461538,9.967574,-0.007326,-0.017094
2.629467,1.692308,-0.515263,9.967574,0.007328,-0.017094
2.635189,1.589743,-0.578754,9.967574,0.007328,-0.017094
2.640530,1.516483,-0.622710,9.967193,-0.007326,-0.021978
2.645108,1.311356,-0.686203,9.967193,-0.007326,-0.026862
2.648541,1.076923,-0.739926,9.967574,-0.007326,-0.026862
2.651974,0.945055,-0.803419,9.967193,-0.021978,-0.031746
2.655407,0.886446,-0.862027,9.967193,-0.007326,-0.031746
2.658840,0.886446,-0.910867,9.967193,-0.007326,-0.031746
2.661511,0.783882,-0.930403,9.967193,-0.007326,-0.031746
2.663800,0.637363,-0.954823,9.967574,-0.007326,-0.031746
2.666471,0.652014,-0.964591,9.967574,-0.007326,-0.031746
2.669523,0.739927,-0.969475,9.967193,-0.021978,-0.026862
2.671430,0.608059,-0.984127,9.967193,-0.007326,-0.021978
2.672956,0.490843,-0.979243,9.967193,-0.007326,-0.017094
2.675245,0.490843,-0.979243,9.967193,-0.007326,-0.007326
2.677152,0.534798,-1.003663,9.967574,-0.007326,-0.002442
2.677915,0.358974,-1.028083,9.967574,-0.007326,0.002442
2.678678,0.285715,-1.042735,9.967574,-0.007326,0.002442
2.679822,0.285715,-1.072039,9.967574,0.007328,0.002442
2.680967,0.256411,-1.111111,9.967574,-0.007326,0.002442
2.681730,0.241758,-1.111111,9.967574,-0.021978,0.002442
2.682874,0.241758,-1.111111,9.967193,-0.007326,-0.002442
2.683255,0.197802,-1.120879,9.967574,-0.007326,-0.007326
2.683637,0.139194,-1.135531,9.967574,-0.007326,-0.012210
2.684400,0.153847,-1.140415,9.967574,-0.021978,-0.012210
2.685163,0.168499,-1.150183,9.967574,-0.007326,-0.017094
2.685926,0.197802,-1.155067,9.967574,-0.021978,-0.021978
2.686307,0.168499,-1.150183,9.967193,-0.007326,-0.021978
2.686689,0.109890,-1.140415,9.967574,-0.007326,-0.017094
2.687070,0.124542,-1.140415,9.967574,0.007328,-0.017094
2.687833,0.139194,-1.145299,9.967193,-0.007326,-0.017094
2.688215,0.153847,-1.145299,9.967574,-0.007326,-0.017094
2.688977,0.153847,-1.130647,9.967574,-0.007326,-0.017094
2.689359,0.153847,-1.115995,9.967574,-0.007326,-0.017094
2.689740,0.139194,-1.106227,9.967193,-0.021978,-0.017094
2.690503,0.139194,-1.106227,9.967574,-0.007326,-0.017094
2.690885,0.109890,-1.111111,9.967574,-0.021978,-0.021978
2.691266,0.095238,-1.115995,9.967574,-0.021978,-0.017094
2.691648,0.095238,-1.120879,9.967574,-0.007326,-0.017094
2.691648,0.080585,-1.125763,9.967574,-0.021978,-0.021978
2.691648,0.051283,-1.130647,9.967574,-0.021978,-0.021978
2.692029,0.051283,-1.140415,9.967193,-0.021978,-0.021978
2.692029,0.036631,-1.145299,9.967574,0.007328,-0.021978
2.692029,0.036631,-1.150183,9.967574,-0.007326,-0.017094
2.692411,0.051283,-1.155067,9.967574,-0.007326,-0.017094
2.692411,0.051283,-1.150183,9.967574,0.007328,-0.017094
2.692792,0.065933,-1.145299,9.967574,-0.007326,-0.017094
2.693174,0.080585,-1.130647,9.967193,-0.021978,-0.017094
2.693555,0.065933,-1.111111,9.967574,-0.007326,-0.017094
2.693555,0.065933,-1.086691,9.967574,0.007328,-0.017094
2.693937,0.065933,-1.062271,9.967574,-0.007326,-0.017094
2.693937,0.036631,-1.037851,9.967574,-0.007326,-0.017094
2.693937,0.007326,-1.013431,9.967574,-0.007326,-0.017094
2.693937,0.007326,-0.989011,9.967193,-0.021978,-0.017094
2.693937,0.007326,-0.959707,9.967574,-0.007326,-0.017094
2.693555,-0.021980,-0.920635,9.967574,-0.007326,-0.017094
2.693555,-0.036633,-0.881563,9.967193,0.007328,-0.021978
2.693174,-0.036633,-0.842491,9.967574,-0.021978,-0.017094
2.692792,-0.065935,-0.798534,9.967574,-0.007326,-0.017094
2.692411,-0.109892,-0.744811,9.967574,0.007328,-0.017094
2.691648,-0.139196,-0.705739,9.967574,-0.007326,-0.012210
2.690885,-0.139196,-0.676435,9.967574,-0.007326,-0.012210
2.690122,-0.227108,-0.622710,9.967574,-0.007326,-0.012210
2.688977,-0.212456,-0.578754,9.967574,-0.007326,-0.007326
2.687833,-0.241760,-0.544566,9.967574,0.007328,-0.002442
2.685926,-0.373629,-0.500610,9.967574,-0.007326,-0.002442
2.683637,-0.490845,-0.446886,9.967574,-0.007326,0.002442
2.681730,-0.476192,-0.407814,9.967574,0.007328,0.002442
2.679822,-0.446888,-0.383394,9.967574,-0.007326,0.002442
2.676389,-0.666668,-0.354091,9.967574,-0.007326,0.007326
2.672193,-0.871796,-0.319902,9.967574,0.007328,0.002442
2.668760,-0.871796,-0.295483,9.967193,-0.021978,0.002442
2.665708,-0.813189,-0.280830,9.967574,-0.007326,0.002442
2.661892,-0.857145,-0.246642,9.967574,0.007328,-0.002442
2.656933,-1.062273,-0.256411,9.967574,-0.007326,-0.002442
2.651592,-1.208794,-0.256411,9.967574,-0.021978,-0.002442
2.647015,-1.208794,-0.256411,9.967574,-0.007326,-0.007326
2.642056,-1.179489,-0.231990,9.967574,-0.007326,-0.012210
2.636715,-1.296705,-0.207570,9.967574,-0.007326,-0.012210
2.630230,-1.501833,-0.192918,9.967574,0.007328,-0.017094
2.623364,-1.633701,-0.188034,9.967193,-0.021978,-0.017094
2.616497,-1.648354,-0.183150,9.967574,0.007328,-0.021978
2.610011,-1.619049,-0.173382,9.967193,-0.007326,-0.021978
2.602763,-1.721613,-0.163614,9.967193,-0.007326,-0.021978
2.593608,-1.985350,-0.163614,9.967574,-0.007326,-0.026862
2.584453,-2.190479,-0.158731,9.967193,-0.007326,-0.031746
2.575679,-2.190479,-0.158731,9.967193,-0.021978,-0.031746
2.567287,-2.161175,-0.183150,9.967193,0.007328,-0.036630
2.557369,-2.293041,-0.212454,9.967193,-0.007326,-0.036630
2.546687,-2.498169,-0.231990,9.967574,-0.007326,-0.036630
2.535625,-2.659344,-0.266178,9.967193,-0.007326,-0.036630
2.524944,-2.659344,-0.285714,9.967193,-0.007326,-0.036630
2.515024,-2.600735,-0.305250,9.967193,-0.007326,-0.036630
2.503580,-2.688644,-0.334555,9.967193,-0.007326,-0.036630
2.491755,-2.835167,-0.344322,9.967574,-0.007326,-0.036630
2.479929,-2.937729,-0.344322,9.967193,-0.021978,-0.031746
2.468103,-2.879124,-0.354091,9.967193,0.007328,-0.031746
2.457040,-2.864471,-0.344322,9.967574,0.007328,-0.026862
2.444452,-2.952381,-0.363858,9.967193,-0.007326,-0.026862
2.432245,-3.010990,-0.388278,9.967193,-0.021978,-0.026862
2.420037,-3.054947,-0.378510,9.967574,-0.007326,-0.021978
2.407830,-3.040295,-0.388278,9.967574,-0.007326,-0.021978
2.395622,-3.069599,-0.358974,9.967574,-0.007326,-0.021978
2.383034,-3.098904,-0.378510,9.967193,-0.007326,-0.017094
2.370445,-3.142860,-0.393163,9.967574,-0.007326,-0.017094
2.357856,-3.142860,-0.383394,9.967193,-0.007326,-0.017094
2.344886,-3.186813,-0.373627,9.967574,-0.007326,-0.017094
2.331916,-3.201466,-0.363858,9.967574,-0.021978,-0.017094
2.318565,-3.274727,-0.349206,9.967574,-0.007326,-0.017094
2.305213,-3.304031,-0.344322,9.967193,-0.021978,-0.012210
2.291480,-3.362640,-0.354091,9.967574,-0.007326,-0.012210
2.278129,-3.377293,-0.368742,9.967574,-0.021978,-0.012210
2.264395,-3.362640,-0.393163,9.967193,-0.007326,-0.012210
2.250281,-3.421246,-0.427350,9.967574,0.007328,-0.012210
2.236166,-3.509159,-0.442002,9.967193,-0.007326,-0.012210
2.222432,-3.479855,-0.451771,9.967574,0.007328,-0.017094
2.208699,-3.435898,-0.481074,9.967193,-0.007326,-0.017094
2.194967,-3.406593,-0.490843,9.967574,-0.007326,-0.017094
2.181234,-3.435898,-0.500610,9.967574,-0.007326,-0.021978
2.167500,-3.435898,-0.520146,9.967574,-0.007326,-0.021978
2.154530,-3.362640,-0.505494,9.967574,0.007328,-0.026862
2.141560,-3.274727,-0.515263,9.967574,-0.007326,-0.026862
2.128208,-3.289379,-0.515263,9.967193,-0.007326,-0.026862
2.114857,-3.318684,-0.534799,9.967193,-0.021978,-0.026862
2.101887,-3.289379,-0.534799,9.967574,-0.007326,-0.026862
2.089680,-3.157509,-0.554335,9.967193,-0.007326,-0.026862
2.077472,-3.084251,-0.588523,9.967574,-0.007326,-0.026862
2.065265,-3.054947,-0.637362,9.967193,-0.007326,-0.026862
2.053821,-2.967033,-0.700854,9.967574,0.007328,-0.021978
2.043140,-2.820515,-0.774115,9.967574,-0.007326,-0.021978
2.033221,-2.644691,-0.832723,9.967574,-0.007326,-0.021978
2.023684,-2.483517,-0.857142,9.967574,-0.007326,-0.021978
2.014529,-2.351650,-0.866911,9.967193,-0.021978,-0.017094
2.006518,-2.219780,-0.876678,9.967574,0.007328,-0.021978
1.999270,-1.970697,-0.866911,9.967574,-0.007326,-0.017094
1.992785,-1.765570,-0.847375,9.967193,-0.007326,-0.021978
1.986681,-1.648354,-0.803419,9.967193,-0.007326,-0.017094
1.980958,-1.487181,-0.739926,9.967574,0.021980,-0.012210
1.975618,-1.355312,-0.720390,9.967574,0.007328,-0.007326
1.971040,-1.252748,-0.686203,9.967574,-0.007326,-0.007326
1.966462,-1.179489,-0.671551,9.967574,-0.007326,-0.002442
1.962266,-1.091578,-0.642246,9.967574,-0.007326,-0.002442
1.958452,-1.047621,-0.617826,9.967574,-0.007326,-0.002442
1.955018,-0.930405,-0.603174,9.967574,-0.007326,-0.002442
1.951585,-0.857145,-0.588523,9.967574,-0.007326,-0.007326
1.948533,-0.842493,-0.564102,9.967574,-0.021978,-0.007326
1.945100,-0.783884,-0.554335,9.967574,-0.007326,-0.007326
1.942430,-0.739929,-0.549451,9.967574,-0.007326,-0.007326
1.939759,-0.739929,-0.559218,9.967574,-0.007326,-0.007326
1.937471,-0.637363,-0.544566,9.967193,-0.021978,-0.007326
1.934800,-0.622713,-0.534799,9.967193,-0.021978,-0.007326
1.932512,-0.637363,-0.544566,9.967574,-0.007326,-0.007326
1.930603,-0.534800,-0.529915,9.967193,-0.007326,-0.002442
1.929077,-0.461540,-0.525030,9.967574,0.007328,-0.002442
1.926789,-0.461540,-0.520146,9.967574,-0.007326,-0.002442
1.924881,-0.490845,-0.529915,9.967193,-0.007326,-0.002442
1.923737,-0.402931,-0.515263,9.967574,-0.007326,-0.002442
1.922592,-0.315020,-0.505494,9.967574,-0.007326,-0.002442
1.921067,-0.329672,-0.485958,9.967574,-0.007326,-0.002442
1.919922,-0.315020,-0.485958,9.967193,-0.007326,-0.007326
1.918396,-0.358976,-0.505494,9.967574,0.007328,-0.007326
1.916870,-0.344324,-0.515263,9.967574,-0.007326,-0.007326
1.916107,-0.256413,-0.525030,9.967574,0.007328,-0.007326
1.914963,-0.285717,-0.529915,9.967574,-0.007326,-0.012210
1.913819,-0.300367,-0.515263,9.967574,-0.021978,-0.012210
1.912674,-0.241760,-0.525030,9.967193,-0.007326,-0.012210
1.911530,-0.285717,-0.544566,9.967193,-0.021978,-0.012210
1.910385,-0.271065,-0.549451,9.967574,-0.007326,-0.012210
1.910385,-0.168499,-0.539682,9.967574,-0.007326,-0.017094
1.909622,-0.109892,-0.534799,9.967574,-0.007326,-0.017094
1.909241,-0.153849,-0.525030,9.967574,0.007328,-0.017094
1.908097,-0.227108,-0.505494,9.967193,-0.007326,-0.021978
1.907715,-0.168499,-0.505494,9.967574,-0.007326,-0.021978
1.907334,-0.080587,-0.515263,9.967574,-0.007326,-0.017094
1.906952,-0.095240,-0.515263,9.967574,-0.007326,-0.017094
1.906571,-0.095240,-0.505494,9.967574,0.007328,-0.017094
1.906571,-0.036633,-0.505494,9.967574,-0.007326,-0.012210
1.906571,-0.007328,-0.505494,9.967574,-0.007326,-0.012210
1.906952,0.021978,-0.505494,9.967574,-0.007326,-0.012210
1.906952,0.051283,-0.510379,9.967574,0.007328,-0.012210
1.906952,0.065933,-0.520146,9.967574,-0.007326,-0.012210
1.907334,0.051283,-0.544566,9.967574,0.007328,-0.012210
1.907334,0.051283,-0.568987,9.967574,-0.021978,-0.012210
1.907715,0.051283,-0.603174,9.967574,-0.007326,-0.007326
1.908097,0.065933,-0.647131,9.967193,-0.021978,-0.007326
1.908097,0.051283,-0.691087,9.967574,-0.007326,-0.007326
1.908478,0.051283,-0.735043,9.967574,-0.021978,-0.007326
1.908859,0.109890,-0.783883,9.967193,-0.021978,-0.012210
1.909622,0.153847,-0.827839,9.967193,-0.007326,-0.012210
1.911148,0.256411,-0.857142,9.967574,0.007328,-0.012210
1.912293,0.285715,-0.886447,9.967193,-0.021978,-0.007326
1.913437,0.315018,-0.901099,9.967193,-0.007326,-0.012210
1.916107,0.461538,-0.905983,9.967574,-0.007326,-0.012210
1.918778,0.608059,-0.930403,9.967574,0.007328,-0.007326
1.921067,0.622711,-0.935287,9.967574,-0.007326,-0.007326
1.924118,0.710623,-0.910867,9.967574,-0.007326,-0.007326
1.927933,0.857143,-0.920635,9.967574,0.007328,-0.002442
1.932129,0.930403,-0.910867,9.967574,-0.021978,-0.002442
1.936326,1.018314,-0.910867,9.967574,-0.007326,-0.002442
1.940522,1.047619,-0.910867,9.967574,-0.007326,-0.002442
1.945482,1.150183,-0.915751,9.967574,-0.007326,-0.002442
1.951204,1.282051,-0.915751,9.967574,0.007328,-0.002442
1.956926,1.369963,-0.920635,9.967193,-0.007326,-0.002442
1.963029,1.472527,-0.910867,9.967574,0.007328,0.002442
1.968751,1.457876,-0.915751,9.967574,-0.021978,0.002442
1.975236,1.545788,-0.920635,9.967574,-0.007326,-0.002442
1.982867,1.721611,-0.935287,9.967574,-0.007326,-0.002442
1.990496,1.853479,-0.945055,9.967574,-0.007326,-0.002442
1.997744,1.853479,-0.945055,9.967574,-0.007326,-0.002442
2.005373,1.853479,-0.945055,9.967574,-0.007326,-0.002442
2.014147,2.029305,-0.949939,9.967574,-0.007326,-0.002442
2.023684,2.205128,-0.949939,9.967574,-0.007326,-0.002442
2.032459,2.234432,-0.949939,9.967574,0.007328,-0.007326
2.041614,2.249084,-0.930403,9.967574,-0.007326,-0.007326
2.051151,2.336996,-0.935287,9.967574,-0.007326,-0.007326
2.061450,2.454212,-0.935287,9.967193,-0.021978,-0.007326
2.071750,2.586081,-0.930403,9.967574,-0.007326,-0.007326
2.082432,2.644688,-0.935287,9.967193,-0.021978,-0.012210
2.093113,2.659340,-0.910867,9.967574,-0.007326,-0.012210
2.103794,2.688644,-0.905983,9.967574,0.007328,-0.012210
2.115238,2.747253,-0.896214,9.967574,-0.007326,-0.012210
2.127064,2.849817,-0.896214,9.967574,-0.007326,-0.012210
2.138890,2.923077,-0.891331,9.967193,-0.021978,-0.012210
2.150715,2.937729,-0.886447,9.967193,-0.007326,-0.012210
2.162159,2.937729,-0.871795,9.967574,0.007328,-0.017094
2.174366,2.981686,-0.866911,9.967574,-0.007326,-0.012210
2.186574,3.040293,-0.862027,9.967193,-0.021978,-0.012210
2.199544,3.113552,-0.857142,9.967574,-0.007326,-0.012210
2.211751,3.128204,-0.852259,9.967574,-0.007326,-0.017094
2.224340,3.113552,-0.837606,9.967574,-0.007326,-0.017094
2.236548,3.113552,-0.847375,9.967574,-0.007326,-0.017094
2.249899,3.201466,-0.837606,9.967193,-0.007326,-0.017094
2.262869,3.245420,-0.842491,9.967574,-0.007326,-0.017094
2.275459,3.216118,-0.827839,9.967574,-0.007326,-0.017094
2.287666,3.142857,-0.832723,9.967574,-0.021978,-0.017094
2.301017,3.172161,-0.847375,9.967193,-0.007326,-0.017094
2.314368,3.289377,-0.852259,9.967193,-0.021978,-0.017094
2.327338,3.318682,-0.866911,9.967574,-0.007326,-0.017094
2.339927,3.274725,-0.852259,9.967574,-0.007326,-0.021978
2.352897,3.186813,-0.857142,9.967574,-0.007326,-0.021978
2.366248,3.274725,-0.847375,9.967193,-0.007326,-0.021978
2.379982,3.377289,-0.852259,9.967574,-0.007326,-0.021978
2.393715,3.421246,-0.837606,9.967193,-0.021978,-0.017094
2.406304,3.304029,-0.832723,9.967193,-0.007326,-0.021978
2.419274,3.230768,-0.818070,9.967193,-0.021978,-0.021978
2.433007,3.347984,-0.822955,9.967574,0.007328,-0.021978
2.447122,3.450550,-0.822955,9.967574,-0.021978,-0.021978
2.460473,3.421246,-0.822955,9.967574,-0.007326,-0.021978
2.473063,3.245420,-0.822955,9.967574,0.007328,-0.021978
2.486033,3.260073,-0.818070,9.967193,-0.007326,-0.021978
2.500147,3.362637,-0.832723,9.967193,-0.021978,-0.021978
2.513880,3.465200,-0.837606,9.967574,-0.007326,-0.021978
2.526469,3.274725,-0.837606,9.967193,-0.007326,-0.026862
2.538677,3.142857,-0.813187,9.967574,0.007328,-0.026862
2.551265,3.172161,-0.778998,9.967574,-0.007326,-0.026862
2.564235,3.172161,-0.686203,9.967193,-0.007326,-0.026862
2.575298,3.040293,-0.637362,9.967193,-0.007326,-0.026862
2.585597,2.747253,-0.559218,9.967193,-0.021978,-0.026862
2.595134,2.571428,-0.505494,9.967574,0.007328,-0.026862
2.605052,2.498169,-0.485958,9.967574,-0.007326,-0.026862
2.613826,2.336996,-0.490843,9.967193,-0.021978,-0.026862
2.620693,2.058607,-0.500610,9.967193,-0.021978,-0.026862
2.626797,1.780220,-0.520146,9.967574,0.007328,-0.026862
2.632900,1.589743,-0.568987,9.967193,-0.007326,-0.026862
2.638623,1.516483,-0.632479,9.967574,-0.007326,-0.031746
2.643582,1.399267,-0.695971,9.967193,-0.007326,-0.031746
2.647396,1.135530,-0.744811,9.967193,-0.007326,-0.036630
2.650448,0.959707,-0.798534,9.967193,-0.007326,-0.041514
2.654263,0.930403,-0.852259,9.967574,-0.007326,-0.041514
2.657696,0.915751,-0.896214,9.967193,-0.007326,-0.041514
2.660748,0.857143,-0.925519,9.967193,-0.021978,-0.046398
2.663037,0.695971,-0.945055,9.967193,0.007328,-0.041514
2.665708,0.637363,-0.940171,9.967193,0.007328,-0.041514
2.669141,0.754580,-0.945055,9.967193,-0.007326,-0.041514
2.671430,0.652014,-0.964591,9.967193,-0.021978,-0.036630
2.672956,0.490843,-0.969475,9.967193,-0.007326,-0.036630
2.674482,0.461538,-0.969475,9.967193,0.007328,-0.026862
2.676770,0.549450,-0.989011,9.967193,0.007328,-0.021978
2.677915,0.417582,-1.018315,9.967193,-0.007326,-0.021978
2.679059,0.315018,-1.028083,9.967193,-0.007326,-0.017094
2.679822,0.271063,-1.057387,9.967574,-0.007326,-0.012210
2.680967,0.256411,-1.096459,9.967574,0.007328,-0.012210
2.681730,0.271063,-1.111111,9.967193,-0.007326,-0.012210
2.682874,0.241758,-1.106227,9.967193,-0.021978,-0.017094
2.683637,0.197802,-1.120879,9.967193,-0.007326,-0.017094
2.683637,0.139194,-1.125763,9.967574,-0.007326,-0.017094
2.684400,0.153847,-1.140415,9.967193,-0.007326,-0.021978
2.685163,0.183149,-1.150183,9.967193,-0.021978,-0.026862
2.685926,0.212454,-1.150183,9.967193,-0.007326,-0.021978
2.686307,0.168499,-1.145299,9.967193,-0.007326,-0.026862
2.686689,0.124542,-1.135531,9.967193,-0.007326,-0.026862
2.687452,0.109890,-1.135531,9.967193,-0.007326,-0.021978
2.687833,0.139194,-1.140415,9.967193,0.007328,-0.021978
2.688596,0.183149,-1.130647,9.967574,0.007328,-0.021978
2.689359,0.168499,-1.106227,9.967193,-0.007326,-0.021978
2.689740,0.153847,-1.081807,9.967193,-0.007326,-0.021978
2.690503,0.153847,-1.076923,9.967193,-0.007326,-0.021978
2.690885,0.124542,-1.081807,9.967574,-0.007326,-0.021978
2.691266,0.095238,-1.086691,9.967193,-0.007326,-0.021978
2.691648,0.095238,-1.096459,9.967574,-0.007326,-0.026862
2.691648,0.080585,-1.111111,9.967574,0.007328,-0.026862
2.692029,0.065933,-1.120879,9.967574,0.007328,-0.026862
2.692029,0.051283,-1.130647,9.967193,-0.007326,-0.026862
2.692029,0.036631,-1.140415,9.967193,0.007328,-0.026862
2.692029,0.036631,-1.150183,9.967574,-0.007326,-0.026862
2.692411,0.036631,-1.155067,9.967193,-0.021978,-0.026862
2.692411,0.051283,-1.155067,9.967574,-0.007326,-0.026862
2.692792,0.051283,-1.150183,9.967193,-0.007326,-0.026862
2.693174,0.065933,-1.145299,9.967193,-0.007326,-0.026862
2.693174,0.080585,-1.140415,9.967574,-0.007326,-0.026862
2.693555,0.095238,-1.130647,9.967193,-0.007326,-0.026862
2.693937,0.051283,-1.120879,9.967193,-0.021978,-0.021978
2.694318,0.080585,-1.115995,9.967193,-0.007326,-0.026862
2.694318,0.065933,-1.106227,9.967193,-0.021978,-0.026862
2.694700,0.051283,-1.091575,9.967574,0.007328,-0.026862
2.694318,0.021978,-1.081807,9.967193,-0.007326,-0.026862
2.694318,0.007326,-1.067155,9.967193,-0.007326,-0.026862
2.694318,0.021978,-1.047619,9.967193,-0.007326,-0.026862
2.694318,0.007326,-1.028083,9.967193,-0.007326,-0.026862
2.694318,-0.007328,-1.003663,9.967193,-0.007326,-0.031746
2.694318,-0.021980,-0.974359,9.967193,-0.021978,-0.026862
2.693937,-0.036633,-0.940171,9.967193,0.007328,-0.026862
2.693937,-0.021980,-0.905983,9.967193,-0.021978,-0.031746
2.693937,-0.021980,-0.866911,9.967193,-0.021978,-0.031746
2.693555,-0.036633,-0.822955,9.967193,-0.007326,-0.026862
2.693174,-0.051285,-0.778998,9.967193,-0.021978,-0.021978
2.692792,-0.080587,-0.735043,9.967193,0.007328,-0.021978
2.692411,-0.124544,-0.695971,9.967574,0.007328,-0.021978
2.691648,-0.124544,-0.661782,9.967193,-0.007326,-0.017094
2.690885,-0.212456,-0.622710,9.967574,0.007328,-0.012210
2.689740,-0.241760,-0.583638,9.967193,-0.021978,-0.012210
2.688596,-0.227108,-0.549451,9.967574,0.007328,-0.007326
2.687070,-0.329672,-0.525030,9.967574,0.007328,-0.007326
2.684781,-0.476192,-0.481074,9.967193,-0.021978,-0.007326
2.682492,-0.520149,-0.437119,9.967574,-0.007326,-0.007326
2.680967,-0.402931,-0.412699,9.967574,-0.007326,-0.007326
2.678678,-0.490845,-0.398046,9.967193,-0.007326,-0.012210
2.674863,-0.739929,-0.349206,9.967193,-0.021978,-0.017094
2.671430,-0.842493,-0.319902,9.967193,0.007328,-0.017094
2.668760,-0.754581,-0.290598,9.967574,-0.007326,-0.017094
2.665326,-0.754581,-0.266178,9.967193,-0.021978,-0.017094
2.661511,-0.871796,-0.217339,9.967193,-0.021978,-0.017094
2.656170,-1.120880,-0.197803,9.967193,-0.007326,-0.017094
2.650448,-1.267401,-0.173382,9.967193,-0.007326,-0.017094
2.645870,-1.252748,-0.168498,9.967193,-0.007326,-0.017094
2.640911,-1.208794,-0.163614,9.967193,-0.007326,-0.017094
2.634808,-1.355312,-0.178267,9.967193,-0.007326,-0.017094
2.627941,-1.531137,-0.212454,9.967193,-0.007326,-0.021978
2.620693,-1.692310,-0.231990,9.967574,0.007328,-0.021978
2.614208,-1.692310,-0.231990,9.967574,-0.007326,-0.021978
2.607341,-1.706961,-0.222222,9.967193,-0.007326,-0.026862
2.599712,-1.780222,-0.231990,9.967193,-0.007326,-0.031746
2.590938,-2.000000,-0.231990,9.967193,-0.021978,-0.031746
2.581783,-2.131870,-0.236875,9.967193,-0.007326,-0.036630
2.573390,-2.117218,-0.231990,9.967193,-0.007326,-0.041514
2.564998,-2.117218,-0.241758,9.967193,-0.021978,-0.041514
2.555461,-2.249084,-0.241758,9.967193,-0.021978,-0.041514
2.545161,-2.410259,-0.241758,9.967193,-0.007326,-0.041514
2.534862,-2.512821,-0.271062,9.967193,-0.007326,-0.041514
2.524944,-2.512821,-0.261294,9.967193,-0.021978,-0.041514
2.514643,-2.542126,-0.266178,9.967193,0.007328,-0.036630
2.503580,-2.630039,-0.290598,9.967193,-0.007326,-0.036630
2.492136,-2.747253,-0.300366,9.967193,-0.007326,-0.036630
2.480692,-2.820515,-0.324786,9.967193,-0.021978,-0.036630
2.469247,-2.820515,-0.329670,9.967193,-0.007326,-0.036630
2.457803,-2.835167,-0.334555,9.967193,-0.021978,-0.036630
2.445977,-2.893776,-0.354091,9.967193,0.007328,-0.036630
2.433770,-2.967033,-0.354091,9.967193,-0.007326,-0.036630
2.421563,-3.010990,-0.368742,9.967193,-0.007326,-0.036630
2.409737,-3.010990,-0.368742,9.967193,-0.007326,-0.036630
2.397530,-3.025642,-0.368742,9.967193,-0.007326,-0.036630
2.384941,-3.040295,-0.383394,9.967193,-0.007326,-0.036630
2.372353,-3.084251,-0.368742,9.967193,0.007328,-0.036630
2.359382,-3.172161,-0.402930,9.967193,-0.007326,-0.031746
2.346793,-3.186813,-0.412699,9.967193,-0.007326,-0.031746
2.334205,-3.186813,-0.398046,9.967193,-0.007326,-0.026862
2.321235,-3.186813,-0.388278,9.967193,-0.021978,-0.021978
2.307884,-3.274727,-0.368742,9.967193,-0.007326,-0.021978
2.294151,-3.333336,-0.363858,9.967193,-0.007326,-0.017094
2.280799,-3.333336,-0.373627,9.967193,-0.007326,-0.017094
2.267447,-3.333336,-0.363858,9.967574,-0.007326,-0.017094
2.254095,-3.362640,-0.388278,9.967193,-0.007326,-0.017094
2.239599,-3.465202,-0.398046,9.967574,-0.007326,-0.021978
2.225485,-3.523811,-0.422466,9.967193,-0.007326,-0.021978
2.211751,-3.479855,-0.466422,9.967193,-0.007326,-0.021978
2.198781,-3.362640,-0.495727,9.967193,-0.007326,-0.026862
2.184667,-3.406593,-0.500610,9.967193,-0.007326,-0.031746
2.170552,-3.450550,-0.505494,9.967193,-0.007326,-0.036630
2.157200,-3.406593,-0.520146,9.967193,-0.021978,-0.036630
2.144993,-3.260075,-0.534799,9.967193,-0.007326,-0.036630
2.132023,-3.216118,-0.544566,9.967193,-0.007326,-0.036630
2.118672,-3.274727,-0.549451,9.967193,-0.021978,-0.036630
2.105702,-3.260075,-0.564102,9.967193,0.007328,-0.036630
2.093113,-3.128208,-0.593407,9.967193,-0.007326,-0.036630
2.081669,-2.996338,-0.612943,9.967193,-0.021978,-0.036630
2.069843,-2.967033,-0.632479,9.967193,-0.021978,-0.031746
2.058398,-2.952381,-0.656898,9.967193,0.007328,-0.031746
2.047336,-2.835167,-0.705739,9.967193,-0.007326,-0.026862
2.037418,-2.644691,-0.759462,9.967193,-0.007326,-0.026862
2.028261,-2.483517,-0.803419,9.967193,-0.007326,-0.026862
2.018725,-2.380955,-0.832723,9.967193,-0.007326,-0.026862
2.009951,-2.278389,-0.847375,9.967193,-0.007326,-0.021978
2.002321,-2.087914,-0.847375,9.967193,-0.021978,-0.021978
1.995836,-1.853481,-0.842491,9.967193,-0.007326,-0.021978
1.989352,-1.706961,-0.827839,9.967193,-0.021978,-0.021978
1.983248,-1.619049,-0.788767,9.967193,0.007328,-0.021978
1.977525,-1.501833,-0.744811,9.967574,0.007328,-0.021978
1.972947,-1.326010,-0.715507,9.967574,-0.007326,-0.017094
1.968370,-1.223446,-0.700854,9.967193,-0.007326,-0.017094
1.963792,-1.150185,-0.661782,9.967193,-0.007326,-0.012210
1.959596,-1.062273,-0.647131,9.967574,0.007328,-0.012210
1.956163,-0.989014,-0.612943,9.967193,-0.007326,-0.007326
1.952729,-0.871796,-0.598290,9.967193,-0.007326,-0.007326
1.949296,-0.842493,-0.568987,9.967193,-0.021978,-0.012210
1.946244,-0.813189,-0.559218,9.967193,-0.007326,-0.012210
1.943574,-0.739929,-0.544566,9.967193,-0.007326,-0.012210
1.940904,-0.725277,-0.544566,9.967574,0.007328,-0.012210
1.938234,-0.681320,-0.534799,9.967193,-0.007326,-0.017094
1.935945,-0.608061,-0.529915,9.967193,-0.007326,-0.017094
1.933275,-0.608061,-0.539682,9.967193,-0.007326,-0.017094
1.931366,-0.578756,-0.529915,9.967193,-0.007326,-0.012210
1.929459,-0.490845,-0.529915,9.967193,-0.007326,-0.012210
1.927552,-0.461540,-0.520146,9.967574,0.007328,-0.012210
1.925644,-0.505497,-0.534799,9.967574,-0.007326,-0.012210
1.924118,-0.432236,-0.529915,9.967193,-0.007326,-0.012210
1.922974,-0.344324,-0.525030,9.967193,-0.007326,-0.012210
1.921448,-0.329672,-0.510379,9.967574,0.007328,-0.012210
1.920304,-0.300367,-0.500610,9.967574,-0.007326,-0.017094
1.918778,-0.358976,-0.510379,9.967193,-0.021978,-0.017094
1.917252,-0.358976,-0.520146,9.967574,0.007328,-0.017094
1.916489,-0.285717,-0.525030,9.967193,-0.007326,-0.021978
1.915344,-0.256413,-0.534799,9.967193,-0.007326,-0.021978
1.913819,-0.300367,-0.520146,9.967193,-0.007326,-0.026862
1.913056,-0.227108,-0.525030,9.967193,-0.007326,-0.026862
1.911911,-0.271065,-0.529915,9.967574,0.007328,-0.021978
1.910767,-0.271065,-0.539682,9.967193,-0.007326,-0.026862
1.910385,-0.197803,-0.534799,9.967193,-0.021978,-0.026862
1.910004,-0.109892,-0.525030,9.967574,-0.007326,-0.026862
1.909241,-0.124544,-0.520146,9.967193,-0.021978,-0.026862
1.908478,-0.197803,-0.505494,9.967193,0.007328,-0.026862
1.907715,-0.197803,-0.505494,9.967193,-0.007326,-0.026862
1.907334,-0.124544,-0.520146,9.967193,-0.021978,-0.026862
1.907334,-0.065935,-0.534799,9.967193,-0.007326,-0.026862
1.906952,-0.065935,-0.534799,9.967574,0.007328,-0.021978
1.906952,-0.051285,-0.529915,9.967193,-0.007326,-0.021978
1.906952,-0.021980,-0.534799,9.967193,-0.007326,-0.017094
1.906952,0.021978,-0.544566,9.967193,-0.007326,-0.017094
1.907334,0.051283,-0.554335,9.967193,-0.007326,-0.017094
1.907715,0.065933,-0.573871,9.967193,-0.021978,-0.017094
1.907715,0.065933,-0.593407,9.967574,0.007328,-0.017094
1.908097,0.051283,-0.627595,9.967193,-0.007326,-0.017094
1.908097,0.065933,-0.666667,9.967574,-0.007326,-0.012210
1.908478,0.095238,-0.720390,9.967193,-0.007326,-0.017094
1.908859,0.095238,-0.749695,9.967193,-0.007326,-0.012210
1.909622,0.124542,-0.788767,9.967193,0.007328,-0.017094
1.910767,0.197802,-0.827839,9.967193,-0.021978,-0.017094
1.911911,0.271063,-0.857142,9.967193,0.007328,-0.012210
1.913056,0.271063,-0.876678,9.967193,0.007328,-0.012210
1.914963,0.373627,-0.881563,9.967574,-0.007326,-0.012210
1.917252,0.534798,-0.910867,9.967574,-0.007326,-0.012210
1.919922,0.593407,-0.920635,9.967193,-0.007326,-0.012210
1.922211,0.564102,-0.910867,9.967193,0.007328,-0.017094
1.925644,0.739927,-0.901099,9.967193,-0.007326,-0.017094
1.929459,0.857143,-0.910867,9.967193,-0.007326,-0.017094
1.933275,0.901098,-0.901099,9.967574,-0.007326,-0.012210
1.937471,0.989012,-0.901099,9.967193,-0.021978,-0.012210
1.942048,1.032967,-0.896214,9.967193,-0.007326,-0.012210
1.947007,1.135530,-0.905983,9.967574,0.007328,-0.012210
1.952348,1.282051,-0.901099,9.967574,-0.007326,-0.007326
1.958070,1.369963,-0.901099,9.967193,-0.007326,-0.012210
1.963792,1.399267,-0.896214,9.967193,-0.007326,-0.012210
1.969896,1.428572,-0.905983,9.967574,0.007328,-0.012210
1.976381,1.575092,-0.915751,9.967574,0.007328,-0.017094
1.983629,1.706959,-0.920635,9.967574,-0.007326,-0.017094
1.990496,1.780220,-0.920635,9.967574,-0.021978,-0.017094
1.997744,1.765568,-0.925519,9.967193,-0.007326,-0.017094
2.004992,1.794872,-0.930403,9.967574,-0.007326,-0.017094
2.013766,2.000000,-0.935287,9.967574,-0.007326,-0.017094
2.022539,2.117216,-0.935287,9.967193,-0.007326,-0.017094
2.030933,2.131868,-0.935287,9.967193,-0.021978,-0.017094
2.039706,2.131868,-0.920635,9.967574,0.007328,-0.017094
2.048862,2.249084,-0.925519,9.967193,-0.007326,-0.017094
2.058780,2.380953,-0.945055,9.967574,0.007328,-0.017094
2.069080,2.468864,-0.930403,9.967193,-0.007326,-0.017094
2.079380,2.527472,-0.930403,9.967574,0.007328,-0.017094
2.089680,2.556776,-0.920635,9.967193,-0.007326,-0.017094
2.100361,2.615385,-0.915751,9.967193,-0.021978,-0.017094
2.111424,2.703297,-0.910867,9.967193,-0.007326,-0.017094
2.122486,2.776556,-0.901099,9.967193,-0.021978,-0.021978
2.133930,2.820513,-0.896214,9.967193,-0.007326,-0.017094
2.145756,2.864470,-0.891331,9.967193,-0.021978,-0.017094
2.157582,2.908424,-0.866911,9.967574,-0.007326,-0.017094
2.169407,2.952381,-0.871795,9.967193,-0.007326,-0.017094
2.181234,2.996336,-0.876678,9.967574,0.007328,-0.017094
2.193441,3.025640,-0.866911,9.967193,-0.007326,-0.017094
2.206029,3.069597,-0.862027,9.967193,0.007328,-0.017094
2.218236,3.128204,-0.862027,9.967193,-0.021978,-0.017094
2.230826,3.128204,-0.857142,9.967193,-0.007326,-0.021978
2.243414,3.113552,-0.847375,9.967193,-0.021978,-0.021978
2.256003,3.172161,-0.847375,9.967193,-0.021978,-0.021978
2.268973,3.216118,-0.842491,9.967193,-0.021978,-0.021978
2.281562,3.201466,-0.842491,9.967193,-0.007326,-0.026862
2.294151,3.157509,-0.852259,9.967574,0.007328,-0.026862
2.307121,3.201466,-0.857142,9.967193,-0.007326,-0.026862
2.320091,3.260073,-0.862027,9.967193,-0.021978,-0.031746
2.333442,3.304029,-0.852259,9.967193,-0.036631,-0.026862
2.346412,3.245420,-0.862027,9.967193,-0.007326,-0.026862
2.359382,3.245420,-0.847375,9.967193,0.007328,-0.026862
2.372734,3.289377,-0.852259,9.967193,-0.007326,-0.026862
2.386467,3.391941,-0.832723,9.967193,-0.007326,-0.026862
2.400200,3.362637,-0.827839,9.967193,-0.007326,-0.031746
2.412789,3.274725,-0.822955,9.967193,-0.021978,-0.026862
2.425760,3.289377,-0.818070,9.967193,-0.007326,-0.031746
2.439492,3.391941,-0.813187,9.967574,-0.007326,-0.031746
2.453225,3.435898,-0.813187,9.967193,-0.007326,-0.036630
2.466195,3.333334,-0.827839,9.967574,-0.007326,-0.031746
2.479166,3.230768,-0.818070,9.967193,0.007328,-0.036630
2.492518,3.289377,-0.832723,9.967193,-0.007326,-0.031746
2.506251,3.421246,-0.847375,9.967193,-0.021978,-0.036630
2.519603,3.391941,-0.847375,9.967193,-0.007326,-0.031746
2.532192,3.216118,-0.862027,9.967193,-0.007326,-0.031746
2.544399,3.186813,-0.818070,9.967574,-0.007326,-0.031746
2.557369,3.172161,-0.754579,9.967193,-0.007326,-0.031746
2.569576,3.142857,-0.676435,9.967193,0.007328,-0.031746
2.579875,2.893772,-0.593407,9.967193,0.007328,-0.031746
2.590175,2.688644,-0.529915,9.967193,-0.007326,-0.031746
2.599712,2.527472,-0.490843,9.967574,0.007328,-0.031746
2.609248,2.439560,-0.476191,9.967193,-0.007326,-0.031746
2.617260,2.219780,-0.476191,9.967193,-0.021978,-0.031746
2.623745,1.926741,-0.490843,9.967193,0.007328,-0.031746
2.629849,1.633699,-0.554335,9.967193,-0.007326,-0.031746
2.635571,1.560440,-0.598290,9.967193,0.007328,-0.036630
2.641293,1.472527,-0.661782,9.967193,-0.021978,-0.036630
2.645489,1.282051,-0.710623,9.967193,-0.007326,-0.041514
2.648922,1.032967,-0.759462,9.967193,-0.007326,-0.046398
2.652355,0.930403,-0.822955,9.967193,-0.007326,-0.051282
2.655789,0.915751,-0.871795,9.967193,-0.007326,-0.051282
2.659222,0.901098,-0.910867,9.967193,-0.007326,-0.056166
2.662274,0.813187,-0.930403,9.967193,-0.007326,-0.056166
2.664181,0.637363,-0.940171,9.967193,-0.007326,-0.051282
2.667234,0.681318,-0.949939,9.967193,-0.007326,-0.051282
2.670285,0.739927,-0.959707,9.967193,-0.007326,-0.051282
2.672193,0.593407,-0.969475,9.967193,0.007328,-0.046398
2.673337,0.476191,-0.974359,9.967193,-0.007326,-0.041514
2.675626,0.505495,-0.969475,9.967193,-0.007326,-0.036630
2.677533,0.490843,-1.008547,9.967193,-0.007326,-0.026862
2.678296,0.315018,-1.028083,9.967193,0.007328,-0.021978
2.679059,0.271063,-1.052503,9.967193,-0.007326,-0.021978
2.680204,0.285715,-1.086691,9.967193,0.007328,-0.021978
2.680967,0.241758,-1.120879,9.967193,-0.007326,-0.017094
2.681730,0.227106,-1.120879,9.967193,-0.007326,-0.021978
2.682874,0.227106,-1.115995,9.967193,0.021980,-0.021978
2.683255,0.197802,-1.130647,9.967193,0.007328,-0.021978
2.683637,0.153847,-1.135531,9.967193,-0.007326,-0.026862
2.684400,0.139194,-1.140415,9.967193,-0.007326,-0.031746
2.685163,0.168499,-1.150183,9.967193,-0.007326,-0.031746
2.685926,0.197802,-1.150183,9.967193,-0.007326,-0.036630
2.686307,0.183149,-1.145299,9.967193,0.007328,-0.036630
2.686689,0.139194,-1.130647,9.967193,-0.007326,-0.036630
2.687070,0.109890,-1.130647,9.967193,0.007328,-0.031746
2.687833,0.124542,-1.130647,9.967193,-0.007326,-0.031746
2.688596,0.168499,-1.130647,9.967193,-0.007326,-0.026862
2.689359,0.183149,-1.106227,9.967193,-0.007326,-0.026862
2.689740,0.139194,-1.086691,9.967193,-0.021978,-0.026862
2.690122,0.139194,-1.081807,9.967193,0.007328,-0.026862
2.690503,0.124542,-1.086691,9.967193,0.007328,-0.026862
2.690885,0.095238,-1.096459,9.967193,0.007328,-0.026862
2.691266,0.080585,-1.106227,9.967193,-0.007326,-0.031746
2.691266,0.051283,-1.115995,9.967193,-0.007326,-0.031746
2.691648,0.036631,-1.130647,9.967193,-0.007326,-0.036630
2.691648,0.036631,-1.140415,9.967193,-0.007326,-0.036630
2.691648,0.036631,-1.155067,9.967193,-0.021978,-0.036630
2.691648,0.021978,-1.159951,9.967193,-0.007326,-0.036630
2.692029,0.021978,-1.164835,9.967193,-0.007326,-0.036630
2.692029,0.036631,-1.169719,9.967193,-0.007326,-0.031746
2.692029,0.036631,-1.164835,9.967193,-0.007326,-0.031746
2.692411,0.051283,-1.164835,9.967193,0.007328,-0.031746
2.692411,0.080585,-1.155067,9.967193,-0.007326,-0.031746
2.692792,0.065933,-1.145299,9.967193,-0.007326,-0.031746
2.693174,0.095238,-1.135531,9.967193,-0.007326,-0.031746
2.693555,0.109890,-1.120879,9.967193,-0.021978,-0.031746
2.693937,0.109890,-1.101343,9.967193,-0.007326,-0.036630
2.694318,0.095238,-1.091575,9.967193,-0.007326,-0.036630
2.694700,0.065933,-1.086691,9.967193,-0.007326,-0.036630
2.694700,0.065933,-1.086691,9.967193,-0.007326,-0.036630
2.694700,0.036631,-1.091575,9.967193,-0.007326,-0.036630
2.694700,0.007326,-1.096459,9.967193,-0.021978,-0.036630
2.694700,0.007326,-1.106227,9.967193,-0.007326,-0.036630
2.694700,0.021978,-1.115995,9.967193,-0.007326,-0.041514
2.694700,0.007326,-1.115995,9.967193,-0.021978,-0.036630
2.694700,0.007326,-1.111111,9.967193,-0.021978,-0.036630
2.694700,0.007326,-1.106227,9.967193,-0.007326,-0.036630
2.694700,0.007326,-1.101343,9.967193,-0.007326,-0.031746
2.694700,0.021978,-1.091575,9.967193,-0.007326,-0.031746
2.694700,0.007326,-1.076923,9.967193,-0.007326,-0.031746
2.694700,0.007326,-1.067155,9.967193,-0.007326,-0.026862
2.694700,0.007326,-1.057387,9.967193,-0.007326,-0.026862
2.694700,-0.007328,-1.032967,9.967193,-0.007326,-0.021978
2.694318,-0.007328,-1.008547,9.967193,-0.007326,-0.021978
2.694318,-0.021980,-0.979243,9.967193,0.007328,-0.021978
2.694318,-0.036633,-0.940171,9.967193,0.007328,-0.021978
2.693937,-0.036633,-0.905983,9.967193,-0.007326,-0.021978
2.693937,-0.021980,-0.866911,9.967193,0.007328,-0.021978
2.693555,-0.036633,-0.818070,9.967193,-0.007326,-0.021978
2.693174,-0.080587,-0.769231,9.967193,-0.007326,-0.021978
2.692792,-0.080587,-0.725275,9.967193,-0.021978,-0.026862
2.692411,-0.109892,-0.681318,9.967193,-0.007326,-0.021978
2.691648,-0.124544,-0.637362,9.967193,-0.021978,-0.026862
2.690503,-0.241760,-0.578754,9.967193,-0.007326,-0.031746
2.689359,-0.212456,-0.529915,9.967193,-0.007326,-0.031746
2.688596,-0.197803,-0.500610,9.967193,-0.007326,-0.031746
2.686689,-0.344324,-0.466422,9.967193,-0.007326,-0.031746
2.684400,-0.505497,-0.412699,9.967193,-0.007326,-0.036630
2.682111,-0.564104,-0.383394,9.967193,0.007328,-0.036630
2.680204,-0.446888,-0.363858,9.967193,-0.007326,-0.031746
2.677533,-0.578756,-0.349206,9.967193,-0.007326,-0.031746
2.673337,-0.857145,-0.315019,9.967193,-0.007326,-0.031746
2.669523,-0.915752,-0.295483,9.967193,-0.007326,-0.031746
2.666089,-0.871796,-0.290598,9.967193,-0.007326,-0.026862
2.662655,-0.827841,-0.266178,9.967193,0.007328,-0.031746
2.657696,-1.047621,-0.241758,9.967193,-0.021978,-0.026862
2.651592,-1.282053,-0.217339,9.967193,-0.021978,-0.026862
2.646252,-1.384617,-0.212454,9.967193,-0.021978,-0.026862
2.641293,-1.267401,-0.217339,9.967193,-0.007326,-0.026862
2.635952,-1.296705,-0.212454,9.967193,-0.007326,-0.026862
2.629467,-1.457878,-0.241758,9.967193,-0.007326,-0.026862
2.621838,-1.663006,-0.256411,9.967193,-0.007326,-0.026862
2.614970,-1.721613,-0.246642,9.967193,-0.007326,-0.031746
2.608485,-1.633701,-0.227106,9.967193,-0.021978,-0.031746
2.601619,-1.677658,-0.227106,9.967193,-0.007326,-0.031746
2.593227,-1.897438,-0.217339,9.967193,-0.007326,-0.036630
2.584453,-2.073261,-0.207570,9.967193,-0.021978,-0.041514
2.576061,-2.087914,-0.188034,9.967193,0.007328,-0.041514
2.568050,-2.029305,-0.197803,9.967193,-0.007326,-0.046398
2.559276,-2.117218,-0.197803,9.967193,-0.021978,-0.046398
2.549358,-2.336998,-0.192918,9.967193,-0.007326,-0.046398
2.538677,-2.498169,-0.197803,9.967193,-0.007326,-0.051282
2.528377,-2.512821,-0.212454,9.967193,-0.021978,-0.046398
2.518840,-2.483517,-0.231990,9.967193,-0.021978,-0.046398
2.508158,-2.556778,-0.256411,9.967193,-0.007326,-0.046398
2.496332,-2.747253,-0.271062,9.967193,-0.007326,-0.041514
2.484507,-2.893776,-0.285714,9.967193,0.007328,-0.041514
2.473063,-2.879124,-0.300366,9.967193,-0.007326,-0.041514
2.461618,-2.835167,-0.315019,9.967193,-0.007326,-0.036630
2.449411,-2.952381,-0.315019,9.967193,-0.007326,-0.036630
2.436441,-3.113556,-0.310134,9.967193,0.007328,-0.036630
2.423471,-3.201466,-0.319902,9.967193,-0.007326,-0.036630
2.410881,-3.157509,-0.329670,9.967193,-0.021978,-0.036630
2.397911,-3.128208,-0.354091,9.967193,-0.007326,-0.036630
2.385323,-3.216118,-0.383394,9.967193,-0.007326,-0.036630
2.371589,-3.304031,-0.388278,9.967193,-0.007326,-0.036630
2.357856,-3.362640,-0.417583,9.967193,-0.007326,-0.036630
2.344886,-3.274727,-0.437119,9.967193,-0.021978,-0.036630
2.332298,-3.245422,-0.456655,9.967193,-0.007326,-0.036630
2.318565,-3.289379,-0.466422,9.967193,-0.007326,-0.036630
2.304832,-3.362640,-0.451771,9.967193,0.007328,-0.041514
2.291480,-3.391945,-0.456655,9.967193,-0.007326,-0.041514
2.278510,-3.274727,-0.456655,9.967193,-0.007326,-0.041514
2.265921,-3.245422,-0.466422,9.967193,0.007328,-0.041514
2.252188,-3.289379,-0.446886,9.967193,-0.007326,-0.041514
2.238074,-3.406593,-0.427350,9.967193,-0.021978,-0.041514
2.224721,-3.391945,-0.446886,9.967193,-0.007326,-0.041514
2.212133,-3.289379,-0.446886,9.967193,-0.021978,-0.041514
2.199163,-3.230770,-0.456655,9.967193,-0.007326,-0.041514
2.185430,-3.333336,-0.446886,9.967193,-0.007326,-0.046398
2.171314,-3.406593,-0.446886,9.967193,-0.007326,-0.046398
2.158345,-3.347988,-0.451771,9.967193,-0.007326,-0.046398
2.145756,-3.186813,-0.461538,9.967193,-0.007326,-0.046398
2.132405,-3.260075,-0.476191,9.967193,0.007328,-0.046398
2.118672,-3.347988,-0.490843,9.967193,-0.021978,-0.046398
2.105702,-3.362640,-0.515263,9.967193,0.007328,-0.046398
2.093113,-3.201466,-0.559218,9.967193,-0.021978,-0.041514
2.081288,-3.084251,-0.578754,9.967193,-0.021978,-0.041514
2.068698,-3.098904,-0.637362,9.967193,-0.007326,-0.041514
2.056491,-3.098904,-0.710623,9.967193,-0.007326,-0.041514
2.045810,-2.879124,-0.778998,9.967193,0.007328,-0.036630
2.035510,-2.673996,-0.842491,9.967193,-0.007326,-0.036630
2.025973,-2.498169,-0.876678,9.967193,-0.021978,-0.031746
2.016817,-2.395607,-0.881563,9.967193,0.007328,-0.031746
2.008044,-2.263737,-0.886447,9.967193,0.007328,-0.026862
2.000796,-2.014652,-0.871795,9.967193,-0.021978,-0.021978
1.994311,-1.780222,-0.852259,9.967193,-0.007326,-0.021978
1.988207,-1.677658,-0.813187,9.967193,-0.007326,-0.017094
1.982104,-1.575092,-0.769231,9.967193,-0.007326,-0.017094
1.976762,-1.428574,-0.720390,9.967193,-0.007326,-0.017094
1.972566,-1.252748,-0.676435,9.967193,-0.007326,-0.012210
1.967607,-1.179489,-0.661782,9.967193,-0.007326,-0.012210
1.963411,-1.091578,-0.612943,9.967193,-0.021978,-0.012210
1.959214,-1.062273,-0.603174,9.967193,-0.021978,-0.012210
1.955781,-0.974361,-0.583638,9.967193,0.007328,-0.012210
1.952729,-0.886448,-0.578754,9.967193,-0.007326,-0.017094
1.948915,-0.871796,-0.564102,9.967193,-0.007326,-0.017094
1.945863,-0.827841,-0.568987,9.967193,-0.007326,-0.017094
1.942811,-0.798536,-0.568987,9.967193,-0.007326,-0.021978
1.939759,-0.783884,-0.583638,9.967193,-0.007326,-0.021978
1.937471,-0.652016,-0.578754,9.967193,-0.021978,-0.026862
1.935182,-0.622713,-0.564102,9.967193,-0.021978,-0.026862
1.932512,-0.652016,-0.564102,9.967193,0.007328,-0.026862
1.930603,-0.534800,-0.544566,9.967193,-0.007326,-0.026862
1.929077,-0.446888,-0.534799,9.967193,0.007328,-0.026862
1.927170,-0.432236,-0.520146,9.967193,-0.007326,-0.031746
1.925263,-0.476192,-0.525030,9.967193,-0.007326,-0.031746
1.924118,-0.373629,-0.510379,9.967193,-0.021978,-0.031746
1.922974,-0.315020,-0.505494,9.967193,-0.007326,-0.031746
1.921448,-0.315020,-0.485958,9.967193,-0.007326,-0.031746
1.920304,-0.315020,-0.476191,9.967193,-0.007326,-0.036630
1.918778,-0.344324,-0.495727,9.967193,-0.021978,-0.036630
1.917252,-0.344324,-0.510379,9.967193,-0.007326,-0.036630
1.916489,-0.271065,-0.510379,9.967193,-0.007326,-0.036630
1.915726,-0.241760,-0.520146,9.967193,-0.007326,-0.036630
1.914200,-0.315020,-0.515263,9.967193,0.007328,-0.036630
1.913437,-0.271065,-0.515263,9.967193,-0.007326,-0.036630
1.912293,-0.241760,-0.529915,9.967193,-0.007326,-0.031746
1.911148,-0.256413,-0.544566,9.967193,-0.007326,-0.036630
1.910385,-0.227108,-0.544566,9.967193,-0.021978,-0.036630
1.910004,-0.153849,-0.534799,9.967193,-0.007326,-0.036630
1.909241,-0.124544,-0.529915,9.967193,-0.007326,-0.031746
1.908859,-0.153849,-0.520146,9.967193,-0.007326,-0.031746
1.907715,-0.183151,-0.505494,9.967193,-0.007326,-0.031746
1.907334,-0.124544,-0.505494,9.967574,0.021980,-0.031746
1.907334,-0.095240,-0.510379,9.967193,-0.007326,-0.026862
1.906952,-0.080587,-0.505494,9.967193,-0.007326,-0.026862
1.906571,-0.065935,-0.490843,9.967193,0.007328,-0.026862
1.906189,-0.080587,-0.471307,9.967193,-0.021978,-0.026862
1.906189,-0.021980,-0.461538,9.967193,0.007328,-0.026862
1.906189,0.007326,-0.446886,9.967193,-0.007326,-0.021978
1.906189,-0.007328,-0.432235,9.967574,0.007328,-0.021978
1.906571,-0.007328,-0.427350,9.967193,-0.007326,-0.021978
1.906571,-0.007328,-0.417583,9.967193,-0.007326,-0.021978
1.906571,-0.007328,-0.412699,9.967193,-0.021978,-0.021978
1.906189,0.007326,-0.417583,9.967193,-0.021978,-0.026862
1.906189,0.007326,-0.427350,9.967193,-0.021978,-0.026862
1.906189,0.007326,-0.437119,9.967193,-0.007326,-0.026862
1.906571,0.021978,-0.451771,9.967193,-0.021978,-0.026862
1.906571,0.021978,-0.466422,9.967193,-0.007326,-0.026862
1.906571,0.036631,-0.481074,9.967193,-0.021978,-0.021978
1.906952,0.036631,-0.500610,9.967193,0.007328,-0.026862
1.906952,0.036631,-0.520146,9.967193,-0.007326,-0.026862
1.906952,0.051283,-0.549451,9.967193,-0.007326,-0.026862
1.907334,0.051283,-0.573871,9.967193,-0.007326,-0.026862
1.907334,0.065933,-0.608059,9.967193,-0.007326,-0.026862
1.907715,0.065933,-0.642246,9.967193,-0.007326,-0.026862
1.908097,0.080585,-0.681318,9.967193,-0.007326,-0.026862
1.908097,0.080585,-0.720390,9.967193,0.007328,-0.031746
1.908859,0.109890,-0.759462,9.967193,-0.007326,-0.031746
1.909622,0.139194,-0.793651,9.967193,-0.007326,-0.031746
1.910767,0.212454,-0.822955,9.967193,-0.007326,-0.026862
1.911911,0.285715,-0.842491,9.967193,-0.007326,-0.026862
1.913056,0.241758,-0.862027,9.967193,-0.021978,-0.026862
1.914582,0.358974,-0.862027,9.967193,-0.021978,-0.026862
1.917252,0.505495,-0.886447,9.967193,0.007328,-0.026862
1.919541,0.564102,-0.896214,9.967193,-0.007326,-0.026862
1.921448,0.534798,-0.886447,9.967193,-0.021978,-0.026862
1.924881,0.695971,-0.876678,9.967193,-0.021978,-0.026862
1.928696,0.798534,-0.891331,9.967193,-0.007326,-0.026862
1.932129,0.871796,-0.886447,9.967193,-0.007326,-0.026862
1.935945,0.930403,-0.881563,9.967193,-0.007326,-0.026862
1.940141,0.945055,-0.891331,9.967193,-0.007326,-0.026862
1.944337,1.062271,-0.901099,9.967193,-0.007326,-0.026862
1.949678,1.150183,-0.901099,9.967193,-0.007326,-0.026862
1.955018,1.282051,-0.905983,9.967193,-0.021978,-0.026862
1.960359,1.340660,-0.896214,9.967193,-0.007326,-0.026862
1.966081,1.369963,-0.910867,9.967193,-0.007326,-0.026862
1.971803,1.413919,-0.905983,9.967193,-0.007326,-0.021978
1.978669,1.545788,-0.910867,9.967193,-0.007326,-0.026862
1.985918,1.721611,-0.915751,9.967193,-0.007326,-0.026862
1.992785,1.721611,-0.915751,9.967193,-0.021978,-0.026862
1.999270,1.706959,-0.920635,9.967193,0.007328,-0.026862
2.007281,1.824175,-0.930403,9.967193,-0.021978,-0.026862
2.016054,2.043957,-0.930403,9.967193,-0.007326,-0.026862
2.024447,2.117216,-0.930403,9.967193,-0.007326,-0.026862
2.032459,2.058607,-0.920635,9.967193,-0.007326,-0.026862
2.041232,2.131868,-0.910867,9.967193,-0.007326,-0.021978
2.051151,2.293039,-0.925519,9.967193,-0.021978,-0.021978
2.060687,2.366301,-0.930403,9.967193,-0.007326,-0.021978
2.070606,2.424908,-0.920635,9.967193,-0.021978,-0.021978
2.080525,2.468864,-0.925519,9.967193,-0.007326,-0.026862
2.090824,2.512821,-0.925519,9.967193,0.007328,-0.026862
2.101506,2.630037,-0.925519,9.967193,-0.007326,-0.021978
2.112568,2.688644,-0.915751,9.967193,-0.007326,-0.026862
2.123631,2.747253,-0.910867,9.967193,-0.007326,-0.026862
2.134693,2.776556,-0.905983,9.967193,-0.007326,-0.021978
2.146137,2.835165,-0.901099,9.967193,0.007328,-0.026862
2.158345,2.923077,-0.891331,9.967193,-0.021978,-0.026862
2.170170,2.952381,-0.881563,9.967193,-0.007326,-0.026862
2.181997,2.952381,-0.881563,9.967193,-0.021978,-0.026862
2.194204,2.981686,-0.876678,9.967193,0.007328,-0.021978
2.206411,3.040293,-0.866911,9.967193,-0.007326,-0.026862
2.218999,3.128204,-0.866911,9.967193,-0.021978,-0.026862
2.231589,3.128204,-0.857142,9.967193,-0.021978,-0.026862
2.243796,3.098902,-0.852259,9.967193,0.007328,-0.021978
2.256384,3.172161,-0.847375,9.967193,-0.021978,-0.026862
2.269736,3.216118,-0.842491,9.967193,-0.007326,-0.026862
2.282706,3.245420,-0.847375,9.967193,-0.007326,-0.026862
2.294914,3.142857,-0.842491,9.967193,-0.007326,-0.031746
2.307502,3.157509,-0.857142,9.967193,-0.007326,-0.031746
2.320853,3.245420,-0.862027,9.967193,-0.007326,-0.031746
2.334205,3.333334,-0.862027,9.967193,-0.007326,-0.036630
2.347175,3.274725,-0.862027,9.967193,-0.021978,-0.036630
2.359763,3.201466,-0.847375,9.967193,-0.007326,-0.036630
2.372734,3.245420,-0.857142,9.967193,-0.007326,-0.041514
2.386849,3.406593,-0.847375,9.967193,-0.021978,-0.041514
2.400582,3.406593,-0.842491,9.967193,-0.007326,-0.041514
2.413170,3.304029,-0.842491,9.967193,-0.007326,-0.041514
2.426141,3.230768,-0.827839,9.967193,-0.007326,-0.046398
2.439874,3.333334,-0.837606,9.967193,-0.007326,-0.046398
2.453988,3.435898,-0.837606,9.967193,-0.021978,-0.046398
2.466958,3.362637,-0.842491,9.967193,-0.007326,-0.046398
2.479166,3.245420,-0.827839,9.967193,-0.007326,-0.046398
2.492136,3.230768,-0.818070,9.967193,-0.021978,-0.046398
2.505869,3.377289,-0.822955,9.967193,-0.007326,-0.046398
2.519603,3.362637,-0.808303,9.967193,-0.007326,-0.046398
2.531429,3.186813,-0.808303,9.967193,-0.007326,-0.046398
2.543636,3.084249,-0.783883,9.967193,-0.007326,-0.046398
2.556224,3.128204,-0.749695,9.967193,-0.007326,-0.046398
2.568431,3.128204,-0.700854,9.967193,-0.021978,-0.051282
2.579112,2.879120,-0.632479,9.967193,0.007328,-0.046398
2.588649,2.644688,-0.568987,9.967193,-0.007326,-0.046398
2.598567,2.512821,-0.525030,9.967193,0.007328,-0.046398
2.608104,2.483517,-0.495727,9.967193,-0.021978,-0.046398
2.616497,2.293039,-0.490843,9.967193,-0.007326,-0.046398
2.623364,1.970695,-0.490843,9.967193,-0.007326,-0.046398
2.629467,1.692308,-0.529915,9.967193,-0.007326,-0.046398
2.635571,1.619047,-0.578754,9.967193,-0.021978,-0.046398
2.641293,1.516483,-0.637362,9.967193,0.007328,-0.046398
2.645870,1.311356,-0.691087,9.967193,-0.007326,-0.046398
2.649304,1.032967,-0.739926,9.967193,-0.007326,-0.051282
2.652737,0.930403,-0.798534,9.967193,0.007328,-0.051282
2.656170,0.930403,-0.857142,9.967193,-0.021978,-0.056166
2.659603,0.901098,-0.896214,9.967193,-0.007326,-0.056166
2.662274,0.754580,-0.930403,9.967193,-0.007326,-0.056166
2.664181,0.622711,-0.945055,9.967193,-0.007326,-0.056166
2.667234,0.681318,-0.954823,9.967193,0.007328,-0.051282
2.670285,0.739927,-0.974359,9.967193,-0.007326,-0.046398
2.671811,0.578754,-0.984127,9.967193,-0.007326,-0.046398
2.673337,0.446886,-0.989011,9.967193,-0.007326,-0.041514
2.675626,0.520147,-0.984127,9.967193,-0.007326,-0.041514
2.677533,0.505495,-1.023199,9.967193,0.007328,-0.036630
2.678296,0.329670,-1.037851,9.967193,-0.021978,-0.031746
2.679441,0.285715,-1.057387,9.967193,-0.007326,-0.031746
2.680204,0.271063,-1.091575,9.967193,0.007328,-0.031746
2.681348,0.285715,-1.115995,9.967193,-0.021978,-0.031746
2.682492,0.256411,-1.106227,9.967193,-0.007326,-0.026862
2.683255,0.227106,-1.111111,9.967193,-0.007326,-0.031746
2.683637,0.183149,-1.125763,9.967193,-0.007326,-0.036630
2.684018,0.139194,-1.135531,9.967193,-0.007326,-0.041514
2.684781,0.153847,-1.145299,9.967193,-0.007326,-0.041514
2.685544,0.183149,-1.155067,9.967193,-0.007326,-0.041514
2.686307,0.183149,-1.155067,9.967193,-0.007326,-0.046398
2.686689,0.139194,-1.150183,9.967193,-0.021978,-0.046398
2.687070,0.109890,-1.145299,9.967193,-0.021978,-0.046398
2.687452,0.109890,-1.145299,9.967193,-0.007326,-0.046398
2.688215,0.139194,-1.150183,9.967193,-0.021978,-0.046398
2.688977,0.183149,-1.140415,9.967193,0.007328,-0.046398
2.689740,0.168499,-1.111111,9.967193,-0.007326,-0.041514
2.690122,0.139194,-1.096459,9.967193,-0.007326,-0.041514
2.690503,0.153847,-1.096459,9.967193,-0.007326,-0.041514
2.690885,0.124542,-1.096459,9.967193,-0.007326,-0.041514
2.691266,0.095238,-1.101343,9.967193,-0.007326,-0.041514
2.691648,0.095238,-1.106227,9.967193,-0.007326,-0.041514
2.691648,0.065933,-1.115995,9.967193,-0.007326,-0.046398
2.691648,0.051283,-1.115995,9.967193,-0.007326,-0.046398
2.692029,0.036631,-1.115995,9.967193,-0.007326,-0.046398
2.692029,0.021978,-1.115995,9.967193,-0.021978,-0.046398
2.692029,0.007326,-1.106227,9.967193,0.007328,-0.046398
2.692029,0.007326,-1.101343,9.967193,-0.007326,-0.046398
2.692029,0.021978,-1.086691,9.967193,-0.007326,-0.046398
2.692029,0.007326,-1.067155,9.967193,-0.007326,-0.041514
2.692029,0.007326,-1.042735,9.967193,0.007328,-0.041514
2.692029,0.007326,-1.018315,9.967193,0.007328,-0.041514
2.692029,0.007326,-0.984127,9.967193,-0.007326,-0.041514
2.692029,-0.007328,-0.954823,9.967193,-0.007326,-0.041514
2.691648,0.007326,-0.920635,9.967193,-0.021978,-0.041514
2.691648,-0.021980,-0.876678,9.967193,-0.007326,-0.036630
2.691266,-0.036633,-0.837606,9.967193,0.007328,-0.036630
2.690885,-0.065935,-0.798534,9.967193,0.007328,-0.041514
2.690503,-0.080587,-0.754579,9.967193,-0.007326,-0.041514
2.690122,-0.109892,-0.710623,9.967193,0.007328,-0.041514
2.689359,-0.109892,-0.666667,9.967193,-0.036631,-0.041514
2.688977,-0.139196,-0.622710,9.967193,-0.007326,-0.046398
2.687452,-0.241760,-0.588523,9.967193,-0.007326,-0.046398
2.685544,-0.344324,-0.539682,9.967193,0.007328,-0.041514
2.684400,-0.315020,-0.490843,9.967193,-0.007326,-0.041514
2.682874,-0.358976,-0.476191,9.967193,-0.007326,-0.041514
2.680967,-0.432236,-0.432235,9.967193,-0.007326,-0.041514
2.677915,-0.549452,-0.402930,9.967193,-0.007326,-0.036630
2.674863,-0.695972,-0.363858,9.967193,-0.007326,-0.036630
2.671811,-0.725277,-0.334555,9.967193,-0.007326,-0.031746
2.669141,-0.725277,-0.305250,9.967193,-0.007326,-0.026862
2.664945,-0.857145,-0.275947,9.967193,-0.007326,-0.026862
2.660748,-0.959709,-0.231990,9.967193,-0.021978,-0.026862
2.655789,-1.106228,-0.222222,9.967193,-0.007326,-0.026862
2.650448,-1.194141,-0.197803,9.967193,-0.007326,-0.026862
2.645489,-1.282053,-0.178267,9.967193,-0.007326,-0.026862
2.639767,-1.311357,-0.168498,9.967193,-0.007326,-0.026862
2.633663,-1.443226,-0.173382,9.967193,-0.007326,-0.026862
2.627178,-1.560442,-0.207570,9.967193,-0.007326,-0.031746
2.620312,-1.648354,-0.222222,9.967193,0.007328,-0.036630
2.613445,-1.692310,-0.227106,9.967193,-0.007326,-0.041514
2.606197,-1.765570,-0.217339,9.967193,-0.007326,-0.046398
2.598186,-1.868134,-0.217339,9.967193,0.007328,-0.046398
2.589412,-2.000000,-0.227106,9.967193,0.007328,-0.051282
2.580638,-2.087914,-0.202686,9.967193,-0.007326,-0.061050
2.572627,-2.087914,-0.212454,9.967193,0.007328,-0.061050
2.563472,-2.190479,-0.207570,9.967193,-0.021978,-0.065934
2.553554,-2.336998,-0.202686,9.967193,-0.007326,-0.065934
2.543636,-2.439564,-0.231990,9.967193,-0.007326,-0.065934
2.532954,-2.527473,-0.241758,9.967193,-0.021978,-0.065934
2.522655,-2.556778,-0.256411,9.967193,0.007328,-0.061050
2.512354,-2.586082,-0.295483,9.967193,-0.021978,-0.061050
2.500910,-2.732601,-0.295483,9.967193,-0.007326,-0.056166
2.489084,-2.835167,-0.319902,9.967193,-0.007326,-0.056166
2.477259,-2.893776,-0.315019,9.967193,-0.007326,-0.056166
2.465814,-2.893776,-0.329670,9.967193,0.007328,-0.056166
2.453607,-2.967033,-0.329670,9.967193,0.007328,-0.051282
2.441018,-3.069599,-0.315019,9.967193,-0.007326,-0.046398
2.428430,-3.113556,-0.319902,9.967193,-0.007326,-0.051282
2.415459,-3.157509,-0.329670,9.967193,-0.021978,-0.051282
2.402870,-3.172161,-0.344322,9.967193,0.007328,-0.051282
2.390282,-3.186813,-0.358974,9.967193,-0.021978,-0.051282
2.376930,-3.230770,-0.383394,9.967193,-0.007326,-0.051282
2.363578,-3.304031,-0.393163,9.967193,0.007328,-0.051282
2.349845,-3.318684,-0.407814,9.967193,-0.007326,-0.051282
2.336875,-3.289379,-0.422466,9.967193,-0.007326,-0.051282
2.323905,-3.289379,-0.442002,9.967193,0.007328,-0.051282
2.310554,-3.289379,-0.446886,9.967193,0.007328,-0.051282
2.297202,-3.347988,-0.442002,9.967193,-0.007326,-0.046398
2.283469,-3.347988,-0.432235,9.967193,-0.007326,-0.046398
2.270499,-3.304031,-0.446886,9.967193,-0.007326,-0.041514
2.257529,-3.260075,-0.451771,9.967193,-0.007326,-0.041514
2.243796,-3.347988,-0.442002,9.967193,-0.007326,-0.041514
2.230063,-3.406593,-0.432235,9.967193,-0.021978,-0.041514
2.216329,-3.377293,-0.446886,9.967193,-0.007326,-0.041514
2.203740,-3.289379,-0.456655,9.967193,-0.007326,-0.041514
2.190389,-3.304031,-0.466422,9.967193,-0.007326,-0.041514
2.176656,-3.391945,-0.451771,9.967193,-0.007326,-0.041514
2.162922,-3.435898,-0.442002,9.967193,0.007328,-0.041514
2.149571,-3.347988,-0.437119,9.967193,-0.007326,-0.046398
2.136601,-3.304031,-0.446886,9.967193,-0.007326,-0.046398
2.122868,-3.362640,-0.451771,9.967193,-0.021978,-0.046398
2.108753,-3.435898,-0.451771,9.967193,-0.007326,-0.041514
2.095402,-3.406593,-0.471307,9.967193,-0.021978,-0.046398
2.082432,-3.260075,-0.554335,9.967193,-0.007326,-0.046398
2.070224,-3.157509,-0.661782,9.967193,-0.007326,-0.046398
2.058017,-3.113556,-0.749695,9.967193,0.007328,-0.046398
2.046573,-2.996338,-0.827839,9.967193,0.007328,-0.046398
2.035892,-2.820515,-0.886447,9.967193,-0.007326,-0.046398
2.026354,-2.571430,-0.930403,9.967193,0.007328,-0.046398
2.017580,-2.366302,-0.940171,9.967193,-0.021978,-0.041514
2.008806,-2.234432,-0.930403,9.967193,-0.007326,-0.046398
2.001177,-2.058609,-0.891331,9.967193,-0.021978,-0.041514
1.994692,-1.838829,-0.862027,9.967193,0.007328,-0.041514
1.988589,-1.648354,-0.822955,9.967193,-0.007326,-0.036630
1.982867,-1.516485,-0.774115,9.967193,-0.007326,-0.036630
1.977525,-1.399269,-0.715507,9.967193,0.007328,-0.036630
1.972947,-1.282053,-0.676435,9.967193,0.007328,-0.031746
1.967988,-1.223446,-0.666667,9.967193,-0.007326,-0.031746
1.963792,-1.135532,-0.627595,9.967193,-0.007326,-0.026862
1.959977,-1.018316,-0.627595,9.967193,-0.007326,-0.026862
1.956544,-0.974361,-0.593407,9.967193,-0.007326,-0.031746
1.953111,-0.886448,-0.583638,9.967193,-0.007326,-0.031746
1.949296,-0.857145,-0.568987,9.967193,-0.007326,-0.036630
1.946626,-0.842493,-0.564102,9.967193,-0.021978,-0.036630
1.943574,-0.739929,-0.554335,9.967193,-0.007326,-0.041514
1.940522,-0.725277,-0.559218,9.967193,-0.021978,-0.041514
1.938234,-0.681320,-0.559218,9.967193,-0.007326,-0.041514
1.935563,-0.637363,-0.549451,9.967193,-0.007326,-0.041514
1.933275,-0.622713,-0.559218,9.967193,0.007328,-0.041514
1.931366,-0.534800,-0.544566,9.967193,-0.021978,-0.036630
1.929459,-0.461540,-0.534799,9.967193,-0.007326,-0.031746
1.927552,-0.476192,-0.520146,9.967193,-0.007326,-0.031746
1.925644,-0.505497,-0.529915,9.967193,-0.007326,-0.031746
1.924118,-0.417583,-0.510379,9.967193,-0.007326,-0.026862
1.923355,-0.315020,-0.510379,9.967193,0.007328,-0.026862
1.921829,-0.329672,-0.495727,9.967193,-0.007326,-0.031746
1.920685,-0.329672,-0.476191,9.967193,-0.007326,-0.031746
1.919159,-0.344324,-0.485958,9.967193,-0.007326,-0.031746
1.917633,-0.344324,-0.505494,9.967193,-0.007326,-0.031746
1.916870,-0.300367,-0.510379,9.967193,0.007328,-0.031746
1.915726,-0.256413,-0.525030,9.967193,-0.007326,-0.031746
1.914200,-0.329672,-0.525030,9.967193,0.007328,-0.031746
1.913056,-0.300367,-0.525030,9.967193,-0.007326,-0.031746
1.911911,-0.271065,-0.544566,9.967193,-0.007326,-0.031746
1.911148,-0.271065,-0.559218,9.967193,-0.007326,-0.036630
1.910385,-0.227108,-0.554335,9.967193,-0.007326,-0.036630
1.910004,-0.153849,-0.544566,9.967193,-0.007326,-0.036630
1.909241,-0.168499,-0.534799,9.967193,-0.007326,-0.036630
1.908478,-0.183151,-0.529915,9.967193,-0.007326,-0.036630
1.907715,-0.168499,-0.515263,9.967193,-0.021978,-0.041514
1.907334,-0.124544,-0.515263,9.967193,-0.007326,-0.036630
1.906952,-0.080587,-0.510379,9.967193,-0.007326,-0.036630
1.906952,-0.080587,-0.500610,9.967193,0.007328,-0.036630
1.906571,-0.051285,-0.481074,9.967193,-0.007326,-0.036630
1.906571,-0.051285,-0.461538,9.967193,0.007328,-0.036630
1.906571,-0.021980,-0.451771,9.967193,-0.007326,-0.036630
1.906571,0.007326,-0.437119,9.967193,-0.021978,-0.036630
1.906571,0.007326,-0.422466,9.967193,0.007328,-0.041514
1.906571,0.021978,-0.412699,9.967193,0.007328,-0.036630
1.906571,0.007326,-0.402930,9.967193,0.007328,-0.036630
1.906571,-0.007328,-0.407814,9.967193,-0.007326,-0.036630
1.906189,-0.007328,-0.407814,9.967193,-0.007326,-0.036630
1.906189,-0.007328,-0.412699,9.967193,-0.007326,-0.041514
1.906189,0.007326,-0.412699,9.967193,0.007328,-0.041514
1.906189,-0.007328,-0.412699,9.967193,-0.007326,-0.041514
1.906189,-0.007328,-0.412699,9.967193,-0.007326,-0.041514
1.906189,0.021978,-0.412699,9.967193,-0.021978,-0.041514
1.906189,0.007326,-0.412699,9.967193,-0.021978,-0.041514
1.906189,0.007326,-0.412699,9.967193,-0.021978,-0.041514
1.906189,0.007326,-0.412699,9.967193,-0.007326,-0.041514
1.906189,0.007326,-0.412699,9.967193,-0.007326,-0.041514
1.906189,0.007326,-0.412699,9.967193,-0.007326,-0.036630
1.906189,0.021978,-0.412699,9.967193,-0.021978,-0.036630
1.906189,0.007326,-0.407814,9.967193,-0.007326,-0.036630
1.906189,0.021978,-0.407814,9.967193,-0.007326,-0.036630
1.906189,0.007326,-0.407814,9.967193,-0.007326,-0.036630
1.906189,0.007326,-0.402930,9.967193,-0.007326,-0.036630
1.906189,-0.007328,-0.402930,9.967193,0.007328,-0.036630
1.906189,0.007326,-0.402930,9.967193,-0.007326,-0.036630
1.906189,0.007326,-0.402930,9.967193,-0.007326,-0.036630
1.906189,0.007326,-0.402930,9.967193,0.007328,-0.031746
1.906189,0.007326,-0.402930,9.967193,-0.007326,-0.031746
1.906189,0.007326,-0.402930,9.967193,-0.007326,-0.031746
1.906189,0.007326,-0.402930,9.967193,-0.007326,-0.031746
1.906189,-0.007328,-0.402930,9.967193,0.007328,-0.031746
1.906189,-0.007328,-0.407814,9.967193,-0.021978,-0.031746
1.906189,0.021978,-0.407814,9.967193,-0.021978,-0.031746
