I0,I1,I2,½Ç¶Èrad,½ÇËÙ¶Èrad/s,Å¤¾ØNm
-1.195544,0.007328,0.095239,2.695462,0.021978,-1.130647
-1.195544,-0.021978,0.095239,2.695462,-0.007328,-1.130647
-1.195544,-0.021978,0.090355,2.695462,0.007326,-1.130647
-1.195544,-0.007326,0.090355,2.695462,0.021978,-1.135531
-1.195544,-0.007326,0.090355,2.695462,0.007326,-1.130647
-1.195544,-0.007326,0.090355,2.695462,0.007326,-1.130647
-1.195544,0.007328,0.090355,2.695462,0.007326,-1.130647
-1.195544,-0.007326,0.095239,2.695462,0.007326,-1.130647
-1.195926,-0.007326,0.095239,2.695844,0.021978,-1.135531
-1.195544,0.007328,0.095239,2.695462,0.007326,-1.130647
-1.195544,0.007328,0.095239,2.695462,-0.007328,-1.130647
-1.195544,-0.007326,0.090355,2.695462,0.021978,-1.135531
-1.195544,-0.007326,0.090355,2.695462,0.007326,-1.135531
-1.195544,-0.007326,0.090355,2.695462,-0.007328,-1.130647
-1.195544,-0.021978,0.090355,2.695462,0.021978,-1.130647
-1.195544,-0.007326,0.095239,2.695844,0.007326,-1.130647
-1.195544,-0.021978,0.090355,2.695462,-0.007328,-1.130647
-1.195544,-0.007326,0.095239,2.695462,0.021978,-1.130647
-1.195544,0.007328,0.095239,2.695462,-0.007328,-1.135531
-1.195544,-0.007326,0.090355,2.695844,0.021978,-1.130647
-1.195544,-0.007326,0.090355,2.695462,0.007326,-1.130647
-1.195544,-0.021978,0.090355,2.695462,0.007326,-1.130647
-1.195544,-0.007326,0.090355,2.695844,0.007326,-1.130647
-1.195544,-0.021978,0.090355,2.695462,-0.007328,-1.130647
-1.195544,-0.007326,0.090355,2.695462,0.007326,-1.135531
-1.195544,-0.021978,0.095239,2.695462,0.007326,-1.130647
-1.195544,-0.007326,0.095239,2.695462,0.021978,-1.130647
-1.195544,0.007328,0.095239,2.695462,0.021978,-1.130647
-1.195544,-0.007326,0.095239,2.695462,0.007326,-1.130647
-1.195544,-0.007326,0.095239,2.695844,-0.007328,-1.130647
-1.195544,-0.007326,0.095239,2.695462,0.021978,-1.135531
-1.195544,-0.007326,0.090355,2.695844,0.007326,-1.135531
-1.195544,-0.007326,0.095239,2.695844,0.007326,-1.130647
-1.195544,-0.007326,0.095239,2.695844,0.007326,-1.130647
-1.195544,0.007328,0.095239,2.695462,0.007326,-1.135531
-1.195926,-0.021978,0.095239,2.695462,0.007326,-1.135531
-1.195544,-0.007326,0.095239,2.695844,0.007326,-1.135531
-1.195544,-0.021978,0.095239,2.695844,0.007326,-1.130647
-1.195544,-0.007326,0.095239,2.695844,0.007326,-1.130647
-1.195544,-0.007326,0.095239,2.695844,0.007326,-1.130647
-1.195544,-0.021978,0.095239,2.695844,0.007326,-1.130647
-1.195544,-0.007326,0.095239,2.695844,0.007326,-1.130647
-1.195544,-0.007326,0.095239,2.695844,0.021978,-1.130647
-1.195544,-0.007326,0.095239,2.695844,-0.021980,-1.125763
-1.195544,-0.007326,0.095239,2.695844,0.007326,-1.125763
-1.195544,-0.007326,0.095239,2.695462,0.021978,-1.130647
-1.195544,-0.007326,0.095239,2.695844,0.007326,-1.130647
-1.195544,-0.021978,0.095239,2.695844,0.007326,-1.130647
-1.195544,-0.007326,0.090355,2.695844,0.007326,-1.130647
-1.195544,-0.007326,0.090355,2.695844,0.007326,-1.125763
-1.195544,-0.021978,0.090355,2.695844,0.007326,-1.130647
-1.195544,-0.007326,0.095239,2.695844,0.007326,-1.130647
-1.195544,-0.021978,0.095239,2.695844,0.007326,-1.130647
-1.195544,0.007328,0.090355,2.695844,0.007326,-1.130647
-1.195544,-0.007326,0.090355,2.695844,-0.007328,-1.130647
-1.195544,-0.007326,0.090355,2.695844,0.021978,-1.130647
-1.195544,-0.021978,0.090355,2.695844,0.007326,-1.130647
-1.195544,-0.007326,0.095239,2.695844,0.021978,-1.130647
-1.195544,-0.021978,0.095239,2.695844,0.007326,-1.125763
-1.195544,-0.021978,0.095239,2.695844,0.007326,-1.125763
-1.195544,-0.007326,0.095239,2.695844,0.021978,-1.125763
-1.195544,-0.007326,0.095239,2.695844,0.007326,-1.125763
-1.195544,0.007328,0.095239,2.695844,-0.007328,-1.130647
-1.195544,-0.007326,0.095239,2.695844,0.021978,-1.130647
-1.195544,-0.007326,0.095239,2.695844,0.007326,-1.130647
-1.195544,-0.007326,0.095239,2.695844,0.007326,-1.125763
-1.195544,-0.007326,0.090355,2.695844,0.007326,-1.120879
-1.195544,-0.007326,0.090355,2.695844,0.007326,-1.125763
-1.195926,-0.021978,0.090355,2.695844,0.021978,-1.125763
-1.195544,-0.007326,0.095239,2.695844,0.007326,-1.125763
-1.195544,0.007328,0.095239,2.695844,-0.007328,-1.125763
-1.195544,-0.021978,0.095239,2.695844,0.021978,-1.130647
-1.195544,-0.007326,0.095239,2.695844,0.021978,-1.125763
-1.195544,-0.007326,0.095239,2.695844,0.007326,-1.120879
-1.195544,-0.021978,0.095239,2.695844,-0.007328,-1.120879
-1.195544,-0.007326,0.090355,2.695844,0.021978,-1.125763
-1.195544,-0.007326,0.090355,2.695844,0.007326,-1.125763
-1.195544,-0.007326,0.090355,2.695844,-0.007328,-1.125763
-1.195544,-0.007326,0.095239,2.695844,0.007326,-1.125763
-1.195544,-0.007326,0.095239,2.695844,0.021978,-1.125763
-1.195544,0.007328,0.095239,2.695844,0.007326,-1.125763
-1.195544,0.007328,0.095239,2.695844,0.021978,-1.125763
-1.195544,-0.021978,0.095239,2.695844,-0.007328,-1.120879
-1.195926,0.007328,0.095239,2.695844,0.021978,-1.125763
-1.195544,0.007328,0.095239,2.695844,0.021978,-1.125763
-1.195544,-0.007326,0.095239,2.695844,0.007326,-1.120879
-1.195544,-0.007326,0.095239,2.695844,0.007326,-1.125763
-1.195544,-0.007326,0.090355,2.695844,0.021978,-1.125763
-1.195544,-0.021978,0.095239,2.695844,0.007326,-1.120879
-1.195544,-0.007326,0.095239,2.695844,-0.007328,-1.115995
-1.195544,-0.007326,0.095239,2.695844,0.021978,-1.115995
-1.195544,0.007328,0.095239,2.695844,0.007326,-1.120879
-1.195544,0.007328,0.090355,2.695844,0.007326,-1.120879
-1.195544,-0.007326,0.090355,2.695844,0.007326,-1.120879
-1.195544,-0.007326,0.090355,2.696225,0.021978,-1.120879
-1.195544,0.007328,0.090355,2.696225,0.007326,-1.120879
-1.195544,0.007328,0.090355,2.696225,0.007326,-1.120879
-1.195544,-0.021978,0.090355,2.696225,0.021978,-1.120879
-1.195544,-0.007326,0.095239,2.695844,-0.007328,-1.120879
-1.195544,0.007328,0.095239,2.695844,0.007326,-1.120879
-1.195544,-0.007326,0.090355,2.696225,0.036631,-1.125763
-1.195544,-0.021978,0.090355,2.696225,0.007326,-1.120879
-1.195544,0.007328,0.095239,2.696225,0.007326,-1.115995
-1.195544,-0.007326,0.095239,2.696225,0.007326,-1.120879
-1.195544,-0.007326,0.095239,2.696225,0.007326,-1.120879
-1.195544,-0.021978,0.095239,2.696225,0.021978,-1.120879
-1.195544,-0.007326,0.090355,2.696225,0.021978,-1.120879
-1.195544,-0.007326,0.090355,2.696225,0.007326,-1.115995
-1.195544,-0.007326,0.095239,2.696225,0.007326,-1.115995
-1.195544,-0.007326,0.090355,2.696225,0.021978,-1.120879
-1.195544,-0.007326,0.090355,2.696225,0.007326,-1.120879
-1.195926,-0.021978,0.095239,2.696225,0.021978,-1.115995
-1.195544,0.007328,0.095239,2.696225,0.007326,-1.115995
-1.195544,0.007328,0.095239,2.696225,0.007326,-1.111111
-1.195544,-0.021978,0.095239,2.696225,0.007326,-1.115995
-1.195544,-0.007326,0.095239,2.696225,0.007326,-1.111111
-1.195544,-0.021978,0.090355,2.696225,0.021978,-1.111111
-1.195544,-0.007326,0.090355,2.696225,0.007326,-1.111111
-1.195544,-0.021978,0.095239,2.696607,0.036631,-1.111111
-1.195544,-0.007326,0.090355,2.696225,-0.007328,-1.111111
-1.195544,-0.007326,0.095239,2.696607,0.007326,-1.115995
-1.195544,-0.007326,0.090355,2.696607,0.021978,-1.115995
-1.195544,-0.007326,0.090355,2.696607,0.007326,-1.115995
-1.195544,-0.007326,0.090355,2.696607,0.021978,-1.111111
-1.195544,-0.021978,0.095239,2.696607,0.007326,-1.106227
-1.195544,-0.007326,0.090355,2.696607,0.007326,-1.106227
-1.195544,0.007328,0.090355,2.696607,0.007326,-1.106227
-1.195544,-0.007326,0.095239,2.696607,0.007326,-1.106227
-1.195544,-0.007326,0.095239,2.696607,0.007326,-1.106227
-1.195544,-0.007326,0.095239,2.696607,0.007326,-1.106227
-1.195544,0.007328,0.090355,2.696607,0.021978,-1.106227
-1.195544,0.007328,0.090355,2.696607,0.007326,-1.106227
-1.195544,-0.007326,0.090355,2.696607,-0.007328,-1.106227
-1.195544,0.007328,0.090355,2.696607,0.007326,-1.106227
-1.195544,-0.021978,0.090355,2.696988,0.021978,-1.106227
-1.195544,-0.021978,0.090355,2.696988,0.007326,-1.101343
-1.195544,-0.021978,0.090355,2.696607,0.007326,-1.101343
-1.195544,-0.021978,0.090355,2.696988,0.021978,-1.101343
-1.195544,0.007328,0.090355,2.696988,0.021978,-1.096459
-1.195544,-0.007326,0.090355,2.696988,0.021978,-1.096459
-1.195544,-0.007326,0.095239,2.696988,0.007326,-1.096459
-1.195544,-0.021978,0.090355,2.696988,0.007326,-1.096459
-1.195544,-0.007326,0.095239,2.696988,0.021978,-1.101343
-1.195544,-0.021978,0.095239,2.696988,0.021978,-1.101343
-1.195544,-0.007326,0.095239,2.696988,0.007326,-1.096459
-1.195544,-0.021978,0.090355,2.696988,0.007326,-1.101343
-1.195544,0.007328,0.090355,2.696988,0.021978,-1.096459
-1.195544,-0.007326,0.095239,2.696988,0.021978,-1.101343
-1.195544,-0.007326,0.095239,2.696988,-0.007328,-1.101343
-1.195544,-0.007326,0.090355,2.696988,-0.007328,-1.096459
-1.195544,-0.007326,0.090355,2.696988,0.021978,-1.101343
-1.195544,-0.007326,0.090355,2.696988,0.021978,-1.101343
-1.195544,0.007328,0.090355,2.696988,0.007326,-1.096459
-1.195544,-0.007326,0.095239,2.696988,0.007326,-1.096459
-1.195926,-0.021978,0.095239,2.696988,0.007326,-1.096459
-1.195544,-0.007326,0.095239,2.696988,0.021978,-1.101343
-1.195544,-0.007326,0.095239,2.697370,0.007326,-1.096459
-1.195544,-0.021978,0.095239,2.696988,-0.007328,-1.096459
-1.195544,-0.021978,0.095239,2.696988,0.007326,-1.096459
-1.195544,-0.007326,0.095239,2.696988,0.021978,-1.096459
-1.195544,0.007328,0.090355,2.696988,0.007326,-1.096459
-1.195544,-0.007326,0.090355,2.697370,0.021978,-1.096459
-1.195544,-0.021978,0.095239,2.696988,0.007326,-1.101343
-1.195544,-0.021978,0.090355,2.696988,0.007326,-1.096459
-1.195544,-0.007326,0.090355,2.697370,0.007326,-1.091575
-1.195544,-0.007326,0.090355,2.697370,0.007326,-1.091575
-1.195544,0.007328,0.090355,2.697370,0.007326,-1.091575
-1.195544,-0.021978,0.090355,2.697370,0.007326,-1.091575
-1.195544,-0.007326,0.095239,2.697370,0.007326,-1.091575
-1.195544,-0.007326,0.095239,2.696988,0.007326,-1.091575
-1.195544,-0.007326,0.095239,2.697370,0.021978,-1.096459
-1.195544,-0.007326,0.090355,2.697370,0.021978,-1.096459
-1.195926,-0.021978,0.090355,2.697370,0.007326,-1.091575
-1.195544,0.007328,0.090355,2.697370,0.007326,-1.091575
-1.195544,-0.021978,0.095239,2.697370,0.021978,-1.096459
-1.195544,-0.021978,0.095239,2.697370,0.007326,-1.091575
-1.195544,-0.007326,0.095239,2.697370,0.021978,-1.091575
-1.195544,-0.007326,0.095239,2.697370,-0.007328,-1.091575
-1.195544,0.007328,0.095239,2.697370,0.007326,-1.091575
-1.195544,-0.007326,0.095239,2.697370,0.007326,-1.091575
-1.195544,-0.007326,0.095239,2.697370,0.007326,-1.096459
-1.195544,-0.021978,0.095239,2.697370,0.007326,-1.096459
-1.195544,-0.007326,0.090355,2.697370,0.007326,-1.091575
-1.195544,0.007328,0.095239,2.697370,0.021978,-1.091575
-1.195544,-0.007326,0.095239,2.697370,0.007326,-1.091575
-1.195544,-0.021978,0.095239,2.697370,0.021978,-1.091575
-1.195544,-0.007326,0.095239,2.697370,0.007326,-1.091575
-1.195544,0.007328,0.095239,2.697370,0.021978,-1.096459
-1.195544,-0.007326,0.095239,2.697370,0.007326,-1.091575
-1.195926,-0.007326,0.095239,2.697370,0.007326,-1.091575
-1.195544,0.007328,0.095239,2.697370,0.007326,-1.091575
-1.195544,-0.007326,0.090355,2.697370,0.021978,-1.091575
-1.195544,-0.007326,0.095239,2.697370,0.007326,-1.096459
-1.195544,-0.007326,0.095239,2.697370,0.007326,-1.091575
-1.195544,-0.007326,0.095239,2.697370,0.007326,-1.091575
-1.195544,-0.021978,0.095239,2.697370,0.021978,-1.086691
-1.195544,-0.007326,0.095239,2.697370,0.007326,-1.086691
-1.195544,-0.007326,0.095239,2.697370,0.007326,-1.091575
-1.195544,-0.007326,0.090355,2.697370,-0.007328,-1.096459
-1.195544,-0.007326,0.095239,2.697370,0.007326,-1.096459
-1.195544,-0.007326,0.090355,2.697370,0.007326,-1.096459
-1.195544,-0.007326,0.090355,2.697370,0.007326,-1.096459
-1.195544,-0.021978,0.095239,2.697370,0.021978,-1.096459
-1.195544,0.007328,0.095239,2.697370,0.007326,-1.091575
-1.195544,-0.007326,0.090355,2.697370,0.007326,-1.091575
-1.195544,-0.007326,0.090355,2.697370,0.007326,-1.096459
-1.195544,-0.007326,0.090355,2.697370,0.007326,-1.096459
-1.195544,-0.021978,0.090355,2.697370,0.007326,-1.091575
-1.195544,-0.007326,0.095239,2.697370,0.021978,-1.096459
-1.195544,-0.007326,0.095239,2.697370,-0.007328,-1.091575
-1.195544,-0.007326,0.090355,2.697370,0.007326,-1.091575
-1.195544,-0.007326,0.095239,2.697370,-0.007328,-1.091575
-1.195544,-0.007326,0.090355,2.697370,0.021978,-1.096459
-1.195544,-0.007326,0.090355,2.697370,0.007326,-1.096459
-1.195544,-0.007326,0.095239,2.697370,0.021978,-1.096459
-1.195544,-0.021978,0.090355,2.697370,0.007326,-1.096459
-1.195544,0.007328,0.095239,2.697370,0.007326,-1.096459
-1.195544,-0.007326,0.090355,2.697370,0.007326,-1.091575
-1.195544,-0.021978,0.090355,2.697370,0.007326,-1.091575
-1.195544,-0.007326,0.090355,2.697370,0.007326,-1.091575
-1.195926,-0.021978,0.090355,2.697370,-0.007328,-1.091575
-1.195544,-0.007326,0.090355,2.697370,-0.007328,-1.096459
-1.195544,-0.007326,0.090355,2.697370,0.007326,-1.096459
-1.195544,-0.007326,0.095239,2.697370,-0.007328,-1.091575
-1.195544,-0.007326,0.095239,2.697370,0.021978,-1.091575
-1.195544,-0.007326,0.095239,2.697370,0.007326,-1.086691
-1.195544,-0.021978,0.095239,2.697370,0.007326,-1.086691
-1.195544,-0.007326,0.095239,2.697370,0.007326,-1.086691
-1.195544,0.007328,0.095239,2.697370,0.007326,-1.086691
-1.195544,-0.007326,0.095239,2.697370,0.036631,-1.086691
-1.195544,-0.007326,0.095239,2.697370,0.007326,-1.081807
-1.195544,-0.007326,0.095239,2.697370,0.007326,-1.086691
-1.195544,-0.021978,0.095239,2.697370,0.007326,-1.086691
-1.195544,-0.007326,0.095239,2.697370,-0.007328,-1.086691
-1.195544,-0.007326,0.095239,2.697370,0.007326,-1.086691
-1.195544,-0.007326,0.095239,2.697370,0.007326,-1.086691
-1.195544,-0.007326,0.095239,2.697370,-0.007328,-1.091575
-1.195544,-0.007326,0.090355,2.697370,-0.007328,-1.091575
-1.195544,-0.007326,0.090355,2.697370,0.021978,-1.091575
-1.195544,0.007328,0.090355,2.697370,0.007326,-1.086691
-1.195544,-0.021978,0.090355,2.697370,0.007326,-1.086691
-1.195544,-0.007326,0.090355,2.697370,0.007326,-1.091575
-1.195544,0.007328,0.090355,2.697370,0.007326,-1.086691
-1.195544,-0.007326,0.090355,2.697370,0.007326,-1.091575
-1.195544,-0.007326,0.095239,2.697370,0.007326,-1.091575
-1.195544,0.007328,0.090355,2.697370,-0.007328,-1.086691
-1.195544,-0.021978,0.090355,2.697370,0.021978,-1.086691
-1.195544,-0.007326,0.090355,2.697370,0.007326,-1.086691
-1.195544,-0.007326,0.090355,2.697370,0.007326,-1.086691
-1.195544,0.007328,0.095239,2.697370,-0.007328,-1.086691
-1.195544,-0.021978,0.090355,2.697370,0.007326,-1.091575
-1.195544,0.007328,0.095239,2.697370,0.007326,-1.091575
-1.195544,-0.021978,0.090355,2.697370,0.007326,-1.091575
-1.195544,-0.007326,0.090355,2.697370,0.021978,-1.091575
-1.195544,-0.007326,0.095239,2.697370,0.007326,-1.086691
-1.195544,-0.007326,0.095239,2.697370,0.007326,-1.086691
-1.195544,0.007328,0.095239,2.697370,0.007326,-1.086691
-1.195544,-0.007326,0.095239,2.697370,0.007326,-1.086691
-1.195544,-0.007326,0.095239,2.697370,0.007326,-1.086691
-1.195544,-0.007326,0.095239,2.697370,0.007326,-1.086691
-1.195544,-0.007326,0.090355,2.697370,0.007326,-1.086691
-1.195544,0.007328,0.090355,2.697370,0.007326,-1.086691
-1.195544,-0.007326,0.095239,2.697370,-0.007328,-1.091575
-1.195544,0.007328,0.090355,2.697370,0.007326,-1.091575
-1.195544,-0.021978,0.090355,2.697370,-0.007328,-1.091575
-1.195544,-0.007326,0.090355,2.697370,0.007326,-1.091575
-1.195544,-0.007326,0.090355,2.697370,0.021978,-1.086691
-1.195544,-0.021978,0.090355,2.697370,-0.007328,-1.086691
-1.195544,-0.021978,0.090355,2.697370,0.007326,-1.086691
-1.195544,-0.007326,0.095239,2.697370,-0.007328,-1.086691
-1.195544,-0.007326,0.095239,2.697370,0.021978,-1.091575
-1.195544,0.021980,0.090355,2.697370,0.021978,-1.091575
-1.195544,-0.007326,0.090355,2.697370,0.007326,-1.086691
-1.195544,-0.007326,0.090355,2.697370,0.007326,-1.086691
-1.195544,-0.007326,0.090355,2.697370,0.007326,-1.086691
-1.195544,0.007328,0.090355,2.697370,0.007326,-1.086691
-1.195544,-0.007326,0.095239,2.697370,0.007326,-1.091575
-1.195544,0.007328,0.095239,2.697370,0.021978,-1.091575
-1.195544,0.007328,0.095239,2.697370,0.007326,-1.086691
-1.195544,-0.007326,0.095239,2.697370,0.007326,-1.086691
-1.195544,-0.007326,0.090355,2.697370,0.021978,-1.086691
-1.195544,-0.007326,0.095239,2.697370,-0.007328,-1.086691
-1.195544,-0.021978,0.090355,2.697370,0.021978,-1.086691
-1.195544,-0.007326,0.090355,2.697370,0.007326,-1.081807
-1.195544,-0.007326,0.090355,2.697370,-0.007328,-1.086691
-1.195544,-0.021978,0.095239,2.697370,0.021978,-1.086691
-1.195544,-0.007326,0.090355,2.697370,0.007326,-1.081807
-1.195544,-0.007326,0.090355,2.697370,0.007326,-1.081807
-1.195544,-0.021978,0.090355,2.697370,-0.007328,-1.086691
-1.195544,-0.007326,0.090355,2.697370,0.007326,-1.091575
-1.195544,-0.007326,0.090355,2.697370,0.007326,-1.091575
-1.195544,0.007328,0.095239,2.697370,0.007326,-1.086691
-1.195544,-0.007326,0.095239,2.697370,0.007326,-1.081807
-1.195544,0.007328,0.090355,2.697370,0.007326,-1.081807
-1.195544,-0.007326,0.090355,2.697370,-0.007328,-1.081807
-1.195544,0.007328,0.090355,2.697370,0.021978,-1.086691
-1.195544,-0.021978,0.095239,2.697370,0.021978,-1.086691
-1.195926,-0.021978,0.090355,2.697751,0.007326,-1.081807
-1.195544,0.007328,0.090355,2.697370,0.007326,-1.086691
-1.195544,0.007328,0.095239,2.697370,0.007326,-1.086691
-1.195544,-0.007326,0.090355,2.697370,0.007326,-1.086691
-1.195544,0.007328,0.090355,2.697370,0.021978,-1.086691
-1.195926,-0.021978,0.090355,2.697370,-0.007328,-1.081807
-1.195544,0.007328,0.090355,2.697751,-0.007328,-1.081807
-1.195544,-0.007326,0.090355,2.697370,0.007326,-1.086691
-1.195544,-0.007326,0.090355,2.697370,-0.007328,-1.081807
-1.195544,0.007328,0.095239,2.697370,0.007326,-1.086691
-1.195544,-0.021978,0.090355,2.697370,-0.007328,-1.086691
-1.195544,-0.007326,0.090355,2.697370,0.007326,-1.086691
-1.195544,0.007328,0.090355,2.697370,0.021978,-1.086691
-1.195544,-0.021978,0.090355,2.697370,0.007326,-1.081807
-1.195544,-0.007326,0.090355,2.697370,0.007326,-1.081807
-1.195544,0.007328,0.095239,2.697370,0.021978,-1.081807
-1.195544,-0.021978,0.090355,2.697370,0.007326,-1.081807
-1.195544,-0.007326,0.090355,2.697370,0.021978,-1.081807
-1.195544,-0.007326,0.090355,2.697370,0.007326,-1.081807
-1.195544,-0.007326,0.095239,2.697370,0.007326,-1.081807
-1.195544,-0.007326,0.095239,2.697370,0.007326,-1.086691
-1.195544,-0.021978,0.095239,2.697370,0.007326,-1.086691
-1.195544,-0.007326,0.095239,2.697370,0.021978,-1.086691
-1.195544,0.007328,0.095239,2.697370,0.007326,-1.086691
-1.195544,-0.007326,0.095239,2.697370,0.007326,-1.086691
-1.195544,-0.007326,0.090355,2.697370,0.021978,-1.086691
-1.195926,-0.021978,0.090355,2.697370,0.007326,-1.081807
-1.195926,-0.036631,0.095239,2.697370,-0.007328,-1.081807
-1.195544,0.007328,0.090355,2.697370,0.007326,-1.081807
-1.195544,-0.007326,0.090355,2.697370,-0.007328,-1.081807
-1.195544,-0.007326,0.090355,2.697370,0.007326,-1.086691
-1.195544,-0.007326,0.095239,2.697370,-0.007328,-1.086691
-1.195544,-0.021978,0.090355,2.697370,0.007326,-1.081807
-1.195544,0.007328,0.090355,2.697370,0.007326,-1.086691
-1.195544,0.007328,0.095239,2.697370,-0.007328,-1.086691
-1.195544,-0.007326,0.095239,2.697370,0.007326,-1.086691
-1.195544,0.007328,0.095239,2.697370,0.007326,-1.086691
-1.195544,0.007328,0.095239,2.697370,-0.007328,-1.081807
-1.195544,-0.021978,0.095239,2.697370,0.007326,-1.081807
-1.195544,0.007328,0.090355,2.697370,0.007326,-1.081807
-1.195544,-0.007326,0.090355,2.697370,0.021978,-1.086691
-1.195926,-0.021978,0.095239,2.697370,0.007326,-1.086691
-1.195544,-0.007326,0.095239,2.697751,0.007326,-1.081807
-1.195544,-0.007326,0.095239,2.697370,0.021978,-1.086691
-1.195544,-0.007326,0.095239,2.697370,0.007326,-1.086691
-1.195544,-0.007326,0.090355,2.697370,0.007326,-1.086691
-1.195544,-0.021978,0.095239,2.697370,0.007326,-1.086691
-1.195544,0.007328,0.095239,2.697370,0.021978,-1.086691
-1.195544,-0.007326,0.090355,2.697370,0.007326,-1.081807
-1.195544,-0.007326,0.095239,2.697370,0.021978,-1.081807
-1.195544,0.021980,0.090355,2.697370,-0.007328,-1.086691
-1.195544,0.007328,0.090355,2.697370,0.007326,-1.086691
-1.195544,-0.021978,0.090355,2.697370,0.007326,-1.086691
-1.195544,0.007328,0.090355,2.697370,0.007326,-1.081807
-1.195544,-0.021978,0.095239,2.697370,0.021978,-1.086691
-1.195544,-0.007326,0.095239,2.697370,0.007326,-1.086691
-1.195544,0.007328,0.090355,2.697370,0.007326,-1.081807
-1.195926,-0.021978,0.090355,2.697370,0.021978,-1.081807
-1.195544,-0.007326,0.095239,2.697370,0.007326,-1.076923
-1.195544,-0.007326,0.095239,2.697751,0.007326,-1.081807
-1.195544,-0.007326,0.095239,2.697370,0.021978,-1.086691
-1.195544,-0.021978,0.090355,2.697370,0.007326,-1.081807
-1.195544,0.007328,0.095239,2.697370,0.007326,-1.081807
-1.195544,-0.007326,0.095239,2.697370,0.007326,-1.081807
-1.195544,-0.007326,0.090355,2.697370,0.007326,-1.081807
-1.195544,-0.021978,0.090355,2.697370,0.021978,-1.081807
-1.195544,-0.007326,0.090355,2.697370,0.007326,-1.086691
-1.195544,-0.007326,0.090355,2.697370,0.021978,-1.081807
-1.195544,-0.007326,0.090355,2.697370,0.021978,-1.081807
-1.195544,0.007328,0.095239,2.697370,0.007326,-1.081807
-1.195544,0.007328,0.090355,2.697370,0.021978,-1.081807
-1.195544,-0.021978,0.095239,2.697370,0.007326,-1.081807
-1.195544,0.007328,0.090355,2.697370,0.007326,-1.086691
-1.195544,0.007328,0.090355,2.697370,0.007326,-1.081807
-1.195544,-0.007326,0.095239,2.697370,0.007326,-1.081807
-1.195544,0.007328,0.095239,2.697370,0.021978,-1.086691
-1.195544,-0.007326,0.090355,2.697370,0.007326,-1.086691
-1.195544,-0.007326,0.090355,2.697370,0.021978,-1.091575
-1.195544,-0.021978,0.090355,2.697370,0.007326,-1.086691
-1.195544,-0.007326,0.090355,2.697370,0.007326,-1.086691
-1.195544,-0.007326,0.095239,2.697370,0.021978,-1.086691
-1.195544,-0.007326,0.095239,2.697370,0.007326,-1.081807
-1.195544,-0.021978,0.095239,2.697751,0.007326,-1.081807
-1.195544,-0.021978,0.095239,2.697751,0.007326,-1.086691
-1.195544,-0.021978,0.095239,2.697370,0.007326,-1.086691
-1.195544,0.021980,0.095239,2.697370,0.007326,-1.086691
-1.195544,-0.007326,0.095239,2.697370,0.007326,-1.081807
-1.195544,-0.007326,0.090355,2.697751,0.007326,-1.081807
-1.195544,-0.007326,0.090355,2.697370,-0.007328,-1.081807
-1.195544,-0.007326,0.095239,2.697370,0.007326,-1.086691
-1.195544,-0.021978,0.090355,2.697370,-0.007328,-1.086691
-1.195544,-0.007326,0.090355,2.697370,0.007326,-1.086691
-1.195544,-0.007326,0.090355,2.697370,-0.007328,-1.086691
-1.195544,0.007328,0.090355,2.697370,0.007326,-1.081807
-1.195544,-0.021978,0.095239,2.697370,0.021978,-1.081807
-1.195544,-0.007326,0.095239,2.697370,0.007326,-1.081807
-1.195544,-0.007326,0.090355,2.697370,0.007326,-1.086691
-1.195544,-0.021978,0.095239,2.697751,-0.007328,-1.086691
-1.195544,-0.007326,0.095239,2.697751,0.007326,-1.081807
-1.195544,-0.007326,0.095239,2.697370,0.007326,-1.086691
-1.195544,0.007328,0.095239,2.697370,0.021978,-1.081807
-1.195544,0.007328,0.090355,2.697370,0.007326,-1.081807
-1.195926,-0.021978,0.090355,2.697751,0.007326,-1.081807
-1.195544,-0.007326,0.095239,2.697370,-0.007328,-1.081807
-1.195544,-0.007326,0.095239,2.697751,0.007326,-1.081807
-1.195544,-0.007326,0.090355,2.697370,0.007326,-1.081807
-1.195544,-0.021978,0.095239,2.697751,0.007326,-1.076923
-1.195544,0.007328,0.095239,2.697370,0.007326,-1.076923
-1.195544,-0.007326,0.090355,2.697370,0.007326,-1.081807
-1.195544,-0.007326,0.090355,2.697370,0.007326,-1.086691
-1.195544,-0.007326,0.090355,2.697370,0.007326,-1.086691
-1.195544,-0.007326,0.095239,2.697751,0.021978,-1.081807
-1.195544,0.007328,0.095239,2.697751,0.007326,-1.081807
-1.195544,0.007328,0.095239,2.697370,-0.007328,-1.081807
-1.195544,-0.007326,0.095239,2.697751,0.007326,-1.086691
-1.195544,-0.021978,0.090355,2.697751,0.021978,-1.081807
-1.195544,0.007328,0.090355,2.697370,-0.007328,-1.081807
-1.195544,0.007328,0.090355,2.697370,-0.007328,-1.081807
-1.195544,-0.007326,0.095239,2.697751,0.021978,-1.081807
-1.195544,-0.007326,0.095239,2.697751,0.007326,-1.081807
-1.195544,-0.007326,0.095239,2.697370,0.007326,-1.081807
-1.195544,-0.021978,0.095239,2.697370,0.007326,-1.081807
-1.195544,-0.007326,0.095239,2.697751,0.007326,-1.086691
-1.195544,-0.007326,0.090355,2.697751,-0.007328,-1.086691
-1.195544,0.007328,0.095239,2.697751,0.007326,-1.086691
-1.195544,-0.007326,0.095239,2.697751,0.021978,-1.086691
-1.195544,-0.007326,0.095239,2.697751,0.007326,-1.081807
-1.195544,-0.007326,0.090355,2.697370,-0.007328,-1.076923
-1.195544,-0.021978,0.095239,2.697751,0.007326,-1.081807
-1.195544,-0.007326,0.090355,2.697370,0.007326,-1.081807
-1.195544,-0.007326,0.090355,2.697370,-0.007328,-1.076923
-1.195544,-0.007326,0.090355,2.697751,0.007326,-1.081807
-1.195544,-0.021978,0.090355,2.697751,0.021978,-1.081807
-1.195544,0.007328,0.090355,2.697751,-0.007328,-1.076923
-1.195544,0.007328,0.090355,2.697370,-0.021980,-1.076923
-1.195544,-0.021978,0.090355,2.697751,0.007326,-1.081807
-1.195544,-0.007326,0.095239,2.697751,0.007326,-1.081807
-1.195544,-0.007326,0.095239,2.697370,0.007326,-1.081807
-1.195544,-0.007326,0.095239,2.697751,0.007326,-1.081807
-1.195544,-0.007326,0.095239,2.697751,0.007326,-1.076923
-1.195544,-0.007326,0.095239,2.697370,0.021978,-1.081807
-1.195544,-0.007326,0.095239,2.697370,0.007326,-1.081807
-1.195544,-0.007326,0.090355,2.697751,0.021978,-1.081807
-1.195544,0.007328,0.090355,2.697751,-0.007328,-1.081807
-1.195544,-0.007326,0.090355,2.697751,-0.007328,-1.072039
-1.195544,-0.007326,0.095239,2.697370,-0.007328,-1.076923
-1.195544,0.007328,0.090355,2.697751,0.007326,-1.076923
-1.195544,-0.007326,0.090355,2.697751,-0.007328,-1.081807
-1.195544,-0.007326,0.090355,2.697751,0.007326,-1.081807
-1.195544,-0.007326,0.090355,2.697751,0.007326,-1.081807
-1.195544,-0.007326,0.095239,2.697370,0.021978,-1.076923
-1.195544,0.021980,0.090355,2.697751,0.007326,-1.076923
-1.195544,0.007328,0.095239,2.697751,-0.007328,-1.076923
-1.195544,-0.007326,0.095239,2.697370,0.007326,-1.081807
-1.195544,0.007328,0.090355,2.697370,0.007326,-1.076923
-1.195544,-0.007326,0.090355,2.697370,-0.007328,-1.081807
-1.195544,-0.007326,0.090355,2.697370,0.007326,-1.081807
-1.195544,-0.007326,0.095239,2.697370,0.007326,-1.081807
-1.195544,-0.007326,0.090355,2.697370,0.007326,-1.081807
-1.195544,-0.021978,0.090355,2.697370,0.007326,-1.076923
-1.195544,-0.021978,0.095239,2.697751,0.007326,-1.076923
-1.195544,-0.007326,0.095239,2.697370,-0.007328,-1.076923
-1.195544,0.007328,0.095239,2.697370,-0.007328,-1.076923
-1.195544,-0.007326,0.095239,2.697751,0.021978,-1.076923
-1.195544,-0.007326,0.095239,2.697751,0.007326,-1.076923
-1.195544,-0.007326,0.090355,2.697751,0.007326,-1.076923
-1.195544,-0.007326,0.095239,2.697370,0.007326,-1.081807
-1.195544,0.007328,0.095239,2.697370,0.007326,-1.081807
-1.195544,0.007328,0.095239,2.697751,0.007326,-1.081807
-1.195544,0.007328,0.090355,2.697370,0.007326,-1.076923
-1.195544,0.007328,0.090355,2.697751,0.007326,-1.076923
-1.195544,-0.007326,0.090355,2.697370,0.007326,-1.076923
-1.195544,-0.021978,0.095239,2.697751,0.007326,-1.081807
-1.195544,-0.007326,0.095239,2.697751,0.007326,-1.081807
-1.195544,-0.007326,0.090355,2.697751,0.007326,-1.081807
-1.195544,-0.007326,0.095239,2.697751,0.007326,-1.076923
-1.195544,0.007328,0.090355,2.697370,-0.007328,-1.076923
-1.195544,-0.007326,0.095239,2.697751,0.036631,-1.081807
-1.195544,0.021980,0.090355,2.697370,0.007326,-1.081807
-1.195544,-0.007326,0.095239,2.697370,-0.007328,-1.081807
-1.195544,-0.021978,0.095239,2.697751,0.007326,-1.081807
-1.195544,0.007328,0.095239,2.697751,0.007326,-1.081807
-1.195544,-0.007326,0.095239,2.697370,-0.007328,-1.076923
-1.195544,-0.007326,0.090355,2.697751,0.021978,-1.081807
-1.195544,-0.021978,0.095239,2.697370,-0.007328,-1.076923
-1.195544,-0.007326,0.090355,2.697370,0.007326,-1.081807
-1.195544,-0.007326,0.095239,2.697370,0.007326,-1.076923
-1.195544,-0.007326,0.090355,2.697751,0.007326,-1.081807
-1.195544,0.007328,0.090355,2.697751,0.021978,-1.081807
-1.195544,0.007328,0.095239,2.697370,0.007326,-1.076923
-1.195544,0.007328,0.095239,2.697751,0.021978,-1.076923
-1.195544,-0.007326,0.095239,2.697751,0.021978,-1.081807
-1.195544,-0.021978,0.090355,2.697370,0.021978,-1.081807
-1.195544,0.007328,0.095239,2.697370,-0.021980,-1.081807
-1.195544,0.007328,0.095239,2.697751,0.021978,-1.086691
-1.195544,-0.007326,0.095239,2.697751,0.007326,-1.081807
-1.195544,-0.007326,0.095239,2.697751,-0.007328,-1.076923
-1.195544,0.021980,0.095239,2.697751,0.007326,-1.081807
-1.195544,-0.021978,0.090355,2.697370,-0.007328,-1.081807
-1.195544,0.007328,0.095239,2.697370,0.007326,-1.081807
-1.195544,-0.007326,0.090355,2.697751,0.007326,-1.081807
-1.195544,0.007328,0.090355,2.697370,-0.007328,-1.076923
-1.195544,-0.007326,0.095239,2.697751,0.021978,-1.076923
-1.195544,-0.007326,0.095239,2.697370,-0.007328,-1.076923
-1.195544,-0.007326,0.095239,2.697751,0.021978,-1.081807
-1.195544,-0.007326,0.095239,2.697751,0.007326,-1.076923
-1.195544,-0.007326,0.095239,2.697751,-0.007328,-1.076923
-1.195544,-0.007326,0.095239,2.697751,-0.007328,-1.076923
-1.195544,-0.007326,0.095239,2.697751,0.021978,-1.076923
-1.195544,-0.007326,0.095239,2.697751,0.007326,-1.076923
-1.195544,-0.007326,0.090355,2.697370,0.007326,-1.081807
-1.195544,-0.007326,0.095239,2.697751,0.007326,-1.081807
-1.195544,-0.007326,0.090355,2.697751,0.036631,-1.076923
-1.195544,-0.007326,0.090355,2.697751,0.007326,-1.076923
-1.195544,-0.007326,0.095239,2.697751,0.007326,-1.076923
-1.195544,-0.007326,0.095239,2.697751,0.021978,-1.081807
-1.195544,-0.007326,0.095239,2.697751,0.007326,-1.076923
-1.195544,-0.021978,0.095239,2.697751,0.021978,-1.081807
-1.195544,-0.007326,0.090355,2.697370,-0.007328,-1.076923
-1.195544,0.007328,0.095239,2.697370,-0.007328,-1.076923
-1.195544,-0.007326,0.090355,2.697751,0.007326,-1.081807
-1.195926,-0.021978,0.090355,2.697751,-0.007328,-1.081807
-1.195544,-0.021978,0.095239,2.697370,0.007326,-1.076923
-1.195544,0.007328,0.095239,2.697370,0.021978,-1.076923
-1.195544,0.007328,0.090355,2.697751,0.007326,-1.076923
-1.195544,-0.007326,0.095239,2.697751,0.007326,-1.076923
-1.195926,-0.021978,0.095239,2.697370,0.021978,-1.076923
-1.195544,-0.021978,0.095239,2.697370,-0.007328,-1.076923
-1.195544,-0.007326,0.090355,2.697370,-0.007328,-1.076923
-1.195544,0.007328,0.095239,2.697370,0.007326,-1.076923
-1.195544,-0.007326,0.095239,2.697751,-0.007328,-1.081807
-1.195544,-0.007326,0.095239,2.697751,0.007326,-1.081807
-1.195544,-0.007326,0.090355,2.697751,-0.007328,-1.076923
-1.195544,-0.021978,0.090355,2.697370,0.007326,-1.081807
-1.195544,-0.007326,0.090355,2.697370,-0.007328,-1.076923
-1.195544,-0.021978,0.095239,2.697370,-0.007328,-1.076923
-1.195544,-0.021978,0.095239,2.697751,0.007326,-1.076923
-1.195544,0.021980,0.095239,2.697370,-0.007328,-1.076923
-1.195544,-0.007326,0.095239,2.697751,0.021978,-1.081807
-1.195544,-0.007326,0.095239,2.697751,0.021978,-1.076923
-1.195544,-0.007326,0.095239,2.697751,0.007326,-1.076923
-1.195544,0.007328,0.090355,2.697751,-0.007328,-1.076923
-1.195544,-0.007326,0.095239,2.697751,0.021978,-1.081807
-1.195544,0.007328,0.090355,2.697751,0.007326,-1.081807
-1.195544,-0.007326,0.090355,2.697751,0.007326,-1.076923
-1.195544,-0.007326,0.090355,2.697751,0.007326,-1.076923
-1.195544,0.007328,0.095239,2.697370,0.007326,-1.081807
-1.195544,-0.007326,0.095239,2.697751,0.007326,-1.076923
-1.195544,-0.021978,0.090355,2.697751,0.007326,-1.076923
-1.195926,-0.021978,0.090355,2.697370,-0.007328,-1.076923
-1.195544,-0.021978,0.090355,2.697751,0.007326,-1.076923
-1.195544,-0.007326,0.095239,2.697751,0.007326,-1.076923
-1.195544,-0.007326,0.095239,2.697370,0.007326,-1.081807
-1.195544,-0.007326,0.095239,2.697751,-0.007328,-1.081807
-1.195544,-0.007326,0.090355,2.697751,0.021978,-1.081807
-1.195544,-0.021978,0.095239,2.697751,0.007326,-1.081807
-1.195544,-0.007326,0.095239,2.697370,0.007326,-1.076923
-1.195544,-0.007326,0.095239,2.697751,0.021978,-1.081807
-1.195544,-0.007326,0.090355,2.697370,-0.007328,-1.076923
-1.195544,-0.007326,0.090355,2.697370,0.007326,-1.081807
-1.195544,-0.021978,0.095239,2.697370,0.007326,-1.081807
-1.195544,-0.007326,0.095239,2.697370,-0.007328,-1.081807
-1.195544,-0.007326,0.095239,2.697751,0.007326,-1.081807
-1.195544,-0.021978,0.095239,2.697751,0.021978,-1.081807
-1.195544,-0.007326,0.095239,2.697751,0.007326,-1.072039
-1.195544,-0.021978,0.095239,2.697751,0.021978,-1.072039
-1.195544,0.007328,0.090355,2.697751,0.007326,-1.072039
-1.195544,-0.021978,0.090355,2.697751,-0.007328,-1.076923
-1.195544,-0.007326,0.090355,2.697751,0.007326,-1.076923
-1.195544,0.007328,0.090355,2.697751,0.021978,-1.081807
-1.195544,0.007328,0.095239,2.697751,0.007326,-1.076923
-1.195926,-0.021978,0.090355,2.697751,0.021978,-1.076923
-1.195544,-0.007326,0.090355,2.697751,0.007326,-1.076923
-1.195544,-0.021978,0.090355,2.697751,0.007326,-1.076923
-1.195544,-0.007326,0.090355,2.697751,0.007326,-1.076923
-1.195544,-0.007326,0.090355,2.697370,0.007326,-1.076923
-1.195544,-0.007326,0.090355,2.697751,0.007326,-1.076923
-1.195544,-0.007326,0.090355,2.697370,-0.007328,-1.076923
-1.195544,-0.007326,0.095239,2.697370,0.007326,-1.076923
-1.195544,-0.021978,0.090355,2.697751,0.007326,-1.076923
-1.195544,-0.007326,0.090355,2.697751,0.007326,-1.076923
-1.195544,-0.021978,0.095239,2.697370,0.007326,-1.076923
-1.195544,-0.007326,0.090355,2.697751,0.021978,-1.081807
-1.195544,-0.007326,0.095239,2.697370,0.007326,-1.076923
-1.195926,-0.021978,0.095239,2.697751,0.007326,-1.076923
-1.195544,0.007328,0.095239,2.697751,0.007326,-1.076923
-1.195544,-0.007326,0.095239,2.697751,0.007326,-1.081807
-1.195544,0.007328,0.090355,2.697751,0.007326,-1.081807
-1.195544,-0.007326,0.095239,2.697370,0.007326,-1.081807
-1.195544,-0.021978,0.095239,2.697751,0.007326,-1.076923
-1.195544,-0.007326,0.090355,2.697751,0.007326,-1.076923
-1.195544,-0.021978,0.090355,2.697751,-0.007328,-1.076923
-1.195544,-0.007326,0.090355,2.697751,0.007326,-1.076923
-1.195544,-0.007326,0.090355,2.697370,-0.007328,-1.076923
-1.195544,-0.007326,0.090355,2.697751,0.007326,-1.076923
-1.195544,-0.007326,0.095239,2.697751,0.007326,-1.076923
-1.195544,-0.007326,0.095239,2.697751,0.007326,-1.076923
-1.195544,-0.021978,0.095239,2.697751,0.021978,-1.076923
-1.195544,-0.021978,0.095239,2.697751,0.007326,-1.076923
-1.195544,-0.007326,0.095239,2.697751,0.007326,-1.076923
-1.195544,-0.007326,0.095239,2.697751,0.021978,-1.076923
-1.195544,0.007328,0.090355,2.697751,0.021978,-1.072039
-1.195544,0.007328,0.090355,2.697751,0.007326,-1.072039
-1.195544,-0.021978,0.090355,2.697751,0.021978,-1.072039
-1.195926,-0.021978,0.090355,2.697370,-0.007328,-1.072039
-1.195544,-0.021978,0.090355,2.697751,0.007326,-1.076923
-1.195544,0.007328,0.090355,2.697751,0.007326,-1.076923
-1.195544,-0.007326,0.095239,2.697751,0.007326,-1.076923
-1.195544,0.007328,0.095239,2.697751,0.007326,-1.076923
-1.195544,-0.007326,0.095239,2.697751,0.007326,-1.076923
-1.195544,0.007328,0.095239,2.697370,0.021978,-1.081807
-1.195926,-0.021978,0.090355,2.697751,0.007326,-1.076923
-1.195544,-0.021978,0.090355,2.697751,0.007326,-1.076923
-1.195544,-0.007326,0.090355,2.697751,0.021978,-1.076923
-1.195544,-0.007326,0.090355,2.697370,-0.007328,-1.076923
-1.195544,-0.007326,0.095239,2.697370,0.007326,-1.076923
-1.195926,-0.021978,0.095239,2.697751,0.021978,-1.081807
-1.195544,0.007328,0.095239,2.697751,0.007326,-1.076923
-1.195544,-0.007326,0.095239,2.697751,0.021978,-1.076923
-1.195544,-0.007326,0.090355,2.697751,0.021978,-1.081807
-1.195544,-0.007326,0.090355,2.697751,0.021978,-1.076923
-1.195544,-0.007326,0.090355,2.697751,-0.007328,-1.076923
-1.195544,-0.007326,0.090355,2.697751,0.007326,-1.076923
-1.195544,-0.007326,0.090355,2.697751,0.007326,-1.076923
-1.195926,-0.021978,0.090355,2.697751,-0.007328,-1.076923
-1.195544,-0.007326,0.090355,2.697751,0.021978,-1.076923
-1.195544,0.007328,0.095239,2.697751,0.007326,-1.076923
-1.195544,-0.007326,0.095239,2.697751,-0.007328,-1.081807
-1.195544,-0.007326,0.090355,2.697751,0.007326,-1.081807
-1.195544,-0.007326,0.090355,2.697370,0.007326,-1.076923
-1.195544,0.007328,0.095239,2.697751,0.007326,-1.076923
-1.195544,0.007328,0.095239,2.697751,0.021978,-1.076923
-1.195544,-0.007326,0.095239,2.697751,0.021978,-1.076923
-1.195544,0.007328,0.095239,2.697751,0.021978,-1.076923
-1.195544,0.007328,0.095239,2.697751,0.021978,-1.076923
-1.195544,0.007328,0.095239,2.697751,-0.007328,-1.076923
-1.195544,-0.007326,0.095239,2.697751,0.021978,-1.081807
-1.195544,-0.021978,0.095239,2.697751,0.007326,-1.081807
-1.195544,-0.007326,0.095239,2.697751,0.021978,-1.081807
-1.195544,-0.007326,0.095239,2.697751,-0.007328,-1.081807
-1.195544,-0.007326,0.095239,2.697751,0.021978,-1.081807
-1.195544,-0.007326,0.095239,2.697751,0.007326,-1.076923
-1.195544,-0.007326,0.090355,2.697751,-0.007328,-1.076923
-1.195544,-0.021978,0.090355,2.697751,-0.007328,-1.081807
-1.195544,-0.007326,0.090355,2.697751,0.007326,-1.081807
-1.195544,0.007328,0.095239,2.697751,-0.007328,-1.081807
-1.195544,-0.021978,0.095239,2.697751,0.007326,-1.081807
-1.195544,-0.021978,0.095239,2.697751,0.007326,-1.081807
-1.195926,-0.007326,0.095239,2.697751,0.007326,-1.081807
-1.195544,0.007328,0.095239,2.697370,0.007326,-1.081807
-1.195544,-0.007326,0.095239,2.697751,0.021978,-1.076923
-1.195544,-0.021978,0.095239,2.697751,0.007326,-1.072039
-1.195544,-0.007326,0.095239,2.697751,0.007326,-1.076923
-1.195544,-0.007326,0.095239,2.697751,0.007326,-1.076923
-1.195544,-0.007326,0.095239,2.697751,0.021978,-1.081807
-1.195544,0.007328,0.100122,2.697751,0.007326,-1.081807
-1.195544,-0.007326,0.095239,2.697751,0.021978,-1.081807
-1.195544,-0.007326,0.100122,2.697751,0.021978,-1.081807
-1.195544,0.007328,0.095239,2.697751,0.007326,-1.081807
-1.195544,-0.021978,0.100122,2.697370,0.007326,-1.081807
-1.195544,-0.007326,0.100122,2.697751,0.007326,-1.076923
-1.195544,-0.007326,0.095239,2.697751,-0.007328,-1.076923
-1.195544,-0.007326,0.095239,2.697751,-0.007328,-1.076923
-1.195544,-0.007326,0.095239,2.697751,0.007326,-1.076923
-1.195544,-0.007326,0.095239,2.697751,0.007326,-1.076923
-1.195544,0.007328,0.095239,2.697751,0.007326,-1.072039
-1.195544,-0.021978,0.095239,2.697751,0.007326,-1.076923
-1.195544,-0.021978,0.095239,2.697751,0.021978,-1.076923
-1.195544,-0.007326,0.095239,2.697751,0.007326,-1.081807
-1.195926,-0.021978,0.095239,2.697751,-0.007328,-1.076923
-1.195544,-0.007326,0.090355,2.697751,-0.007328,-1.076923
-1.195544,-0.007326,0.095239,2.697751,0.007326,-1.081807
-1.195544,-0.007326,0.095239,2.697751,0.021978,-1.076923
-1.195544,0.007328,0.095239,2.697751,0.007326,-1.076923
-1.195544,-0.036631,0.095239,2.697751,0.007326,-1.076923
-1.195544,-0.007326,0.100122,2.697751,0.007326,-1.076923
-1.195544,-0.007326,0.095239,2.697751,0.021978,-1.076923
-1.195544,0.007328,0.095239,2.697751,0.007326,-1.072039
-1.195544,-0.021978,0.095239,2.697751,0.021978,-1.072039
-1.195544,-0.007326,0.100122,2.697751,0.007326,-1.072039
-1.195544,0.007328,0.095239,2.697751,0.007326,-1.076923
-1.195544,-0.007326,0.100122,2.697751,0.007326,-1.076923
-1.195544,-0.007326,0.100122,2.697751,-0.007328,-1.076923
-1.195544,-0.007326,0.095239,2.697751,0.007326,-1.076923
-1.195544,0.007328,0.095239,2.697751,0.007326,-1.076923
-1.195544,-0.007326,0.100122,2.697751,0.021978,-1.076923
-1.195544,-0.021978,0.095239,2.697751,0.021978,-1.072039
-1.195544,-0.007326,0.100122,2.697751,-0.021980,-1.072039
-1.195544,0.007328,0.100122,2.697751,-0.007328,-1.076923
-1.195544,0.007328,0.100122,2.697751,0.007326,-1.076923
-1.195544,-0.007326,0.100122,2.697751,0.007326,-1.076923
-1.195544,-0.007326,0.095239,2.697751,0.007326,-1.072039
-1.195544,-0.007326,0.100122,2.697751,0.021978,-1.072039
-1.195544,-0.007326,0.095239,2.697751,0.007326,-1.072039
-1.195544,-0.021978,0.095239,2.697751,0.007326,-1.076923
-1.195544,-0.007326,0.095239,2.697751,0.007326,-1.076923
-1.195544,-0.007326,0.095239,2.697751,0.021978,-1.076923
-1.195544,-0.007326,0.095239,2.697751,0.007326,-1.072039
-1.195544,0.007328,0.100122,2.697751,0.007326,-1.072039
-1.195544,-0.007326,0.100122,2.697751,0.007326,-1.072039
-1.195926,-0.021978,0.100122,2.697751,0.007326,-1.072039
-1.195544,-0.007326,0.095239,2.697751,0.007326,-1.076923
-1.195544,-0.007326,0.100122,2.697751,0.021978,-1.072039
-1.195544,0.007328,0.100122,2.697751,0.007326,-1.072039
-1.195544,-0.007326,0.100122,2.697751,0.007326,-1.072039
-1.195544,0.007328,0.100122,2.697751,-0.007328,-1.076923
-1.195544,-0.007326,0.100122,2.697751,0.021978,-1.072039
-1.195544,-0.021978,0.100122,2.697751,0.007326,-1.072039
-1.195544,0.007328,0.100122,2.697751,-0.007328,-1.072039
-1.195544,-0.007326,0.100122,2.697751,0.021978,-1.072039
-1.195544,-0.007326,0.100122,2.697751,-0.007328,-1.076923
-1.195544,-0.007326,0.100122,2.697751,-0.007328,-1.072039
-1.195544,-0.007326,0.100122,2.697751,-0.007328,-1.076923
-1.195544,-0.007326,0.100122,2.697751,-0.007328,-1.076923
-1.195544,-0.007326,0.100122,2.697751,-0.007328,-1.072039
-1.195544,-0.007326,0.095239,2.697751,0.007326,-1.072039
-1.195544,-0.021978,0.100122,2.697751,0.007326,-1.072039
-1.195544,0.007328,0.100122,2.697751,0.021978,-1.072039
-1.195544,-0.007326,0.100122,2.697751,0.007326,-1.072039
-1.195544,-0.007326,0.100122,2.697751,-0.007328,-1.072039
-1.195544,-0.007326,0.100122,2.697751,0.021978,-1.072039
-1.195544,-0.007326,0.100122,2.697751,-0.007328,-1.072039
-1.195926,-0.021978,0.095239,2.697751,0.007326,-1.076923
-1.195544,-0.007326,0.100122,2.697751,0.007326,-1.072039
-1.195544,0.007328,0.095239,2.697751,0.007326,-1.076923
-1.195544,-0.021978,0.095239,2.697751,0.007326,-1.072039
-1.195544,0.007328,0.095239,2.697751,0.007326,-1.076923
-1.195544,0.007328,0.100122,2.697751,-0.007328,-1.076923
-1.195544,-0.007326,0.100122,2.697751,0.021978,-1.076923
-1.195544,-0.007326,0.100122,2.697751,0.021978,-1.072039
-1.195544,0.007328,0.100122,2.697751,0.007326,-1.072039
-1.195544,-0.007326,0.095239,2.697751,0.021978,-1.076923
-1.195544,-0.007326,0.095239,2.697751,0.007326,-1.076923
-1.195544,-0.007326,0.095239,2.697751,0.007326,-1.076923
-1.195544,-0.007326,0.100122,2.697751,-0.007328,-1.076923
-1.195544,-0.021978,0.100122,2.697751,0.021978,-1.076923
-1.195544,0.007328,0.100122,2.697751,0.021978,-1.076923
-1.195926,-0.021978,0.095239,2.697751,0.021978,-1.076923
-1.195544,0.007328,0.100122,2.697751,0.007326,-1.076923
-1.195544,0.007328,0.095239,2.697751,-0.007328,-1.076923
-1.195544,-0.007326,0.100122,2.697751,-0.007328,-1.076923
-1.195544,-0.007326,0.095239,2.697751,0.007326,-1.072039
-1.195544,-0.007326,0.095239,2.697751,0.021978,-1.072039
-1.195544,-0.007326,0.095239,2.697751,-0.007328,-1.076923
-1.195544,-0.007326,0.095239,2.697751,-0.007328,-1.076923
-1.195544,-0.007326,0.095239,2.697751,0.007326,-1.076923
-1.195544,-0.007326,0.095239,2.697751,-0.021980,-1.076923
-1.195544,-0.007326,0.095239,2.697751,0.021978,-1.072039
-1.195544,-0.007326,0.095239,2.697751,-0.007328,-1.072039
-1.195544,-0.007326,0.095239,2.697751,0.007326,-1.072039
-1.195544,-0.007326,0.095239,2.697751,0.021978,-1.076923
-1.195544,-0.007326,0.100122,2.697751,0.021978,-1.072039
-1.195544,-0.021978,0.100122,2.697751,-0.007328,-1.067155
-1.195544,-0.007326,0.100122,2.697751,0.007326,-1.067155
-1.195544,-0.007326,0.100122,2.697751,0.007326,-1.067155
-1.195544,-0.021978,0.095239,2.697751,-0.007328,-1.072039
-1.195544,0.007328,0.095239,2.697751,0.036631,-1.076923
-1.195544,-0.007326,0.100122,2.697751,0.021978,-1.076923
-1.195544,0.007328,0.100122,2.697751,-0.007328,-1.076923
-1.195544,-0.007326,0.095239,2.697751,0.021978,-1.072039
-1.195544,-0.007326,0.100122,2.697751,0.007326,-1.072039
-1.195544,-0.021978,0.095239,2.697751,-0.007328,-1.076923
-1.195544,-0.007326,0.095239,2.697751,0.021978,-1.076923
-1.195544,-0.007326,0.095239,2.697751,0.007326,-1.072039
-1.195544,-0.007326,0.100122,2.697751,0.021978,-1.076923
-1.195544,-0.007326,0.100122,2.697751,0.007326,-1.072039
-1.195544,-0.007326,0.100122,2.697751,0.007326,-1.076923
-1.195544,0.007328,0.100122,2.697751,0.007326,-1.076923
-1.195544,-0.021978,0.100122,2.697751,0.007326,-1.076923
-1.195544,-0.007326,0.100122,2.697751,-0.007328,-1.072039
-1.195544,-0.007326,0.100122,2.697751,0.007326,-1.072039
-1.195544,-0.007326,0.100122,2.697751,-0.007328,-1.072039
-1.195544,-0.007326,0.095239,2.697751,0.021978,-1.072039
-1.195544,-0.007326,0.095239,2.697751,0.007326,-1.072039
-1.195544,-0.021978,0.095239,2.697751,0.007326,-1.072039
-1.195544,-0.007326,0.095239,2.697751,0.007326,-1.076923
-1.195544,-0.007326,0.095239,2.697751,0.021978,-1.072039
-1.195544,0.007328,0.095239,2.697751,0.007326,-1.072039
-1.195544,-0.007326,0.095239,2.697751,-0.007328,-1.072039
-1.195544,-0.007326,0.095239,2.697751,-0.007328,-1.076923
-1.195544,-0.007326,0.100122,2.697751,0.007326,-1.081807
-1.195544,-0.007326,0.100122,2.697751,0.021978,-1.076923
-1.195544,-0.007326,0.100122,2.697751,0.007326,-1.072039
-1.195544,-0.007326,0.100122,2.697751,0.007326,-1.072039
-1.195544,-0.007326,0.095239,2.697751,0.007326,-1.072039
-1.195926,-0.021978,0.100122,2.697751,0.021978,-1.076923
-1.195544,-0.007326,0.100122,2.697751,0.007326,-1.072039
-1.195544,-0.007326,0.100122,2.697751,0.021978,-1.076923
-1.195544,-0.021978,0.095239,2.697751,0.021978,-1.072039
-1.195544,-0.021978,0.100122,2.697751,0.021978,-1.072039
-1.195544,-0.007326,0.095239,2.697751,-0.007328,-1.072039
-1.195544,-0.007326,0.100122,2.697751,0.007326,-1.076923
-1.195544,-0.007326,0.095239,2.697751,0.007326,-1.072039
-1.195544,-0.007326,0.100122,2.697751,0.007326,-1.076923
-1.195544,-0.007326,0.100122,2.697751,0.007326,-1.076923
-1.195544,-0.007326,0.095239,2.697751,0.021978,-1.076923
-1.195544,-0.007326,0.095239,2.697751,0.007326,-1.076923
-1.195544,-0.007326,0.095239,2.697751,0.007326,-1.072039
-1.195544,0.007328,0.095239,2.697751,0.007326,-1.072039
-1.195544,-0.007326,0.095239,2.697751,0.007326,-1.072039
-1.195544,-0.007326,0.095239,2.697751,0.021978,-1.072039
-1.195544,0.007328,0.095239,2.697751,0.021978,-1.076923
-1.195544,-0.007326,0.100122,2.697751,0.007326,-1.076923
-1.195544,-0.007326,0.100122,2.697751,-0.007328,-1.072039
-1.195544,-0.007326,0.095239,2.697751,0.007326,-1.072039
-1.195544,-0.007326,0.095239,2.697751,0.007326,-1.072039
-1.195544,-0.007326,0.100122,2.697751,0.007326,-1.072039
-1.195544,-0.007326,0.100122,2.697751,-0.007328,-1.076923
-1.195544,-0.007326,0.095239,2.697751,0.007326,-1.076923
-1.195544,-0.007326,0.095239,2.697751,0.021978,-1.076923
-1.195544,-0.021978,0.095239,2.697751,0.007326,-1.076923
-1.195544,-0.007326,0.095239,2.697751,-0.007328,-1.072039
-1.195544,0.007328,0.095239,2.697751,0.021978,-1.072039
-1.195544,-0.007326,0.095239,2.697751,-0.007328,-1.072039
-1.195544,-0.007326,0.100122,2.697751,0.007326,-1.076923
-1.195544,0.007328,0.095239,2.697751,0.021978,-1.076923
-1.195544,-0.007326,0.095239,2.697751,-0.007328,-1.072039
-1.195544,-0.007326,0.100122,2.697751,0.007326,-1.076923
-1.195544,-0.007326,0.100122,2.697751,0.007326,-1.076923
-1.195544,0.007328,0.095239,2.697751,0.007326,-1.072039
-1.195544,-0.007326,0.095239,2.697751,-0.007328,-1.072039
-1.195544,-0.021978,0.095239,2.697751,0.007326,-1.076923
-1.195544,-0.021978,0.095239,2.697751,-0.007328,-1.076923
-1.195544,-0.007326,0.095239,2.697751,0.007326,-1.076923
-1.195544,-0.021978,0.095239,2.697751,0.021978,-1.076923
-1.195544,0.007328,0.095239,2.697751,0.021978,-1.072039
-1.195544,-0.007326,0.100122,2.697751,0.021978,-1.076923
-1.195544,-0.007326,0.095239,2.697751,0.007326,-1.076923
-1.195544,-0.007326,0.095239,2.697751,0.007326,-1.072039
-1.195544,-0.021978,0.095239,2.697751,0.007326,-1.072039
-1.195544,0.007328,0.095239,2.697751,-0.007328,-1.072039
-1.195544,-0.007326,0.095239,2.697751,0.007326,-1.072039
-1.195544,-0.007326,0.095239,2.697751,0.007326,-1.076923
-1.195544,-0.007326,0.100122,2.697751,-0.007328,-1.076923
-1.195544,-0.007326,0.100122,2.697751,0.007326,-1.076923
-1.195544,-0.021978,0.095239,2.697751,0.007326,-1.076923
-1.195544,0.007328,0.100122,2.697751,0.007326,-1.076923
-1.195544,-0.007326,0.095239,2.697751,0.007326,-1.072039
-1.195544,-0.007326,0.095239,2.697751,-0.007328,-1.072039
-1.195544,-0.021978,0.095239,2.697751,-0.007328,-1.076923
-1.195544,0.007328,0.100122,2.697751,-0.007328,-1.076923
-1.195544,-0.007326,0.100122,2.697751,-0.007328,-1.076923
-1.195544,-0.007326,0.100122,2.697751,0.007326,-1.076923
-1.195926,-0.021978,0.095239,2.697751,-0.007328,-1.076923
-1.195544,0.007328,0.100122,2.697751,0.007326,-1.081807
-1.195544,-0.007326,0.100122,2.697751,0.007326,-1.076923
-1.195544,0.007328,0.095239,2.697751,0.021978,-1.076923
-1.195544,-0.007326,0.100122,2.697751,0.007326,-1.076923
-1.195544,-0.007326,0.100122,2.697751,0.007326,-1.076923
-1.195544,-0.007326,0.100122,2.697751,0.007326,-1.076923
-1.195544,-0.007326,0.100122,2.697751,0.007326,-1.076923
-1.195544,-0.007326,0.100122,2.697751,0.007326,-1.076923
-1.195544,-0.007326,0.095239,2.697751,0.007326,-1.081807
-1.195544,-0.007326,0.095239,2.697751,0.007326,-1.076923
-1.195544,0.007328,0.095239,2.697751,0.007326,-1.072039
-1.195544,-0.007326,0.100122,2.697751,0.007326,-1.072039
-1.195544,-0.007326,0.100122,2.697751,0.007326,-1.072039
-1.195544,0.007328,0.100122,2.697751,0.021978,-1.072039
-1.195544,-0.007326,0.100122,2.697751,0.007326,-1.072039
-1.195544,-0.007326,0.100122,2.697751,0.021978,-1.072039
-1.195544,0.007328,0.100122,2.697751,0.007326,-1.072039
-1.195544,0.007328,0.100122,2.697751,-0.007328,-1.072039
-1.195544,-0.021978,0.100122,2.697751,0.021978,-1.076923
-1.195544,-0.007326,0.100122,2.697751,0.007326,-1.076923
-1.195544,-0.007326,0.100122,2.697751,-0.007328,-1.076923
-1.195544,-0.021978,0.100122,2.697751,0.007326,-1.072039
-1.195926,-0.021978,0.100122,2.697751,0.021978,-1.072039
-1.195544,-0.007326,0.100122,2.697751,0.007326,-1.072039
-1.195544,-0.007326,0.100122,2.697751,0.007326,-1.076923
-1.195544,-0.007326,0.095239,2.697751,0.007326,-1.072039
-1.195544,0.007328,0.095239,2.697751,-0.007328,-1.072039
-1.195544,-0.007326,0.100122,2.697751,0.007326,-1.076923
-1.195926,-0.036631,0.100122,2.697751,0.021978,-1.076923
-1.195544,0.007328,0.100122,2.697751,0.007326,-1.072039
-1.195544,0.007328,0.100122,2.697751,0.007326,-1.072039
-1.195544,-0.021978,0.095239,2.697751,0.021978,-1.072039
-1.195544,-0.007326,0.095239,2.697751,0.007326,-1.072039
-1.195544,0.007328,0.100122,2.697751,0.007326,-1.076923
-1.195544,-0.007326,0.100122,2.697751,-0.007328,-1.072039
-1.195544,-0.007326,0.100122,2.697751,0.007326,-1.072039
-1.195544,-0.007326,0.100122,2.697751,0.007326,-1.076923
-1.195544,-0.021978,0.100122,2.697751,0.007326,-1.076923
-1.195544,0.007328,0.100122,2.697751,0.007326,-1.072039
-1.195926,-0.021978,0.100122,2.697751,0.007326,-1.076923
-1.195544,-0.021978,0.100122,2.697751,0.007326,-1.076923
-1.195544,0.007328,0.100122,2.697751,0.007326,-1.072039
-1.195544,-0.021978,0.100122,2.697751,-0.007328,-1.072039
-1.195544,-0.007326,0.100122,2.697751,0.007326,-1.072039
-1.195544,-0.007326,0.100122,2.697751,0.007326,-1.076923
-1.195544,-0.021978,0.100122,2.697751,0.007326,-1.076923
-1.195544,-0.007326,0.095239,2.697751,0.007326,-1.076923
-1.195926,-0.036631,0.100122,2.697751,0.021978,-1.076923
-1.195544,-0.007326,0.095239,2.697751,0.007326,-1.072039
-1.195544,0.007328,0.095239,2.697751,0.007326,-1.067155
-1.195544,0.007328,0.095239,2.697751,0.007326,-1.072039
-1.195544,-0.007326,0.095239,2.697751,0.007326,-1.076923
-1.195544,-0.021978,0.095239,2.697751,0.021978,-1.076923
-1.195544,0.021980,0.095239,2.697751,0.007326,-1.072039
-1.195544,-0.007326,0.100122,2.697751,0.007326,-1.072039
-1.195544,-0.021978,0.095239,2.697751,0.007326,-1.072039
-1.195544,-0.007326,0.095239,2.697751,0.007326,-1.072039
-1.195926,-0.021978,0.095239,2.697751,-0.007328,-1.076923
-1.195544,-0.007326,0.100122,2.697751,0.007326,-1.072039
-1.195544,-0.007326,0.100122,2.697751,0.021978,-1.076923
-1.195544,-0.021978,0.095239,2.697751,0.007326,-1.072039
-1.195544,-0.021978,0.095239,2.697751,0.007326,-1.076923
-1.195544,0.007328,0.100122,2.697751,0.007326,-1.076923
-1.195544,-0.007326,0.095239,2.697751,0.007326,-1.072039
-1.195544,-0.021978,0.100122,2.697751,0.007326,-1.072039
-1.195544,-0.007326,0.095239,2.697751,0.007326,-1.076923
-1.195544,-0.007326,0.095239,2.697751,0.021978,-1.076923
-1.195544,-0.007326,0.095239,2.697751,0.007326,-1.072039
-1.195544,-0.007326,0.095239,2.697751,0.007326,-1.072039
-1.195544,-0.007326,0.095239,2.697751,0.007326,-1.072039
-1.195544,-0.007326,0.095239,2.697751,0.007326,-1.072039
-1.195544,-0.007326,0.095239,2.697751,0.007326,-1.076923
-1.195544,-0.021978,0.095239,2.697751,0.007326,-1.076923
-1.195544,-0.007326,0.095239,2.697751,0.021978,-1.076923
-1.195544,-0.007326,0.095239,2.697751,-0.007328,-1.067155
-1.195544,-0.007326,0.095239,2.697751,-0.007328,-1.072039
-1.195544,0.007328,0.095239,2.697751,-0.007328,-1.076923
-1.195544,0.007328,0.100122,2.697751,0.021978,-1.076923
-1.195544,-0.021978,0.100122,2.697751,0.007326,-1.072039
-1.195544,-0.021978,0.100122,2.697751,0.007326,-1.072039
-1.195544,-0.007326,0.100122,2.697751,0.021978,-1.076923
-1.195544,0.007328,0.100122,2.697751,0.007326,-1.076923
-1.195544,-0.021978,0.100122,2.697751,0.007326,-1.076923
-1.195544,-0.021978,0.100122,2.697751,0.007326,-1.076923
-1.195544,-0.007326,0.100122,2.697751,0.021978,-1.072039
-1.195544,-0.021978,0.100122,2.697751,-0.021980,-1.072039
-1.195544,-0.007326,0.100122,2.697751,0.021978,-1.072039
-1.195544,-0.021978,0.100122,2.697751,0.007326,-1.072039
-1.195544,0.007328,0.100122,2.697751,0.007326,-1.072039
-1.195544,-0.021978,0.100122,2.697751,0.007326,-1.076923
-1.195544,-0.007326,0.095239,2.697751,0.021978,-1.072039
-1.195544,-0.021978,0.095239,2.697751,-0.007328,-1.072039
-1.195544,-0.007326,0.095239,2.697751,0.007326,-1.072039
-1.195544,-0.021978,0.095239,2.697751,-0.007328,-1.072039
-1.195544,0.007328,0.095239,2.697751,0.007326,-1.072039
-1.195544,-0.007326,0.100122,2.697751,0.007326,-1.072039
-1.195544,-0.021978,0.100122,2.697751,-0.007328,-1.072039
-1.195544,-0.007326,0.100122,2.697751,0.007326,-1.076923
-1.195544,-0.007326,0.100122,2.697751,-0.007328,-1.072039
-1.195544,-0.007326,0.100122,2.697751,0.007326,-1.072039
-1.195544,-0.007326,0.095239,2.697751,0.007326,-1.076923
-1.195544,-0.007326,0.100122,2.697751,0.007326,-1.072039
-1.195544,0.007328,0.095239,2.697751,-0.007328,-1.072039
-1.195544,-0.007326,0.095239,2.697751,0.021978,-1.072039
-1.195544,-0.021978,0.100122,2.697751,-0.007328,-1.076923
-1.195544,0.007328,0.095239,2.697751,-0.007328,-1.076923
-1.195544,-0.007326,0.095239,2.697751,-0.007328,-1.076923
-1.195544,-0.007326,0.100122,2.697751,0.021978,-1.076923
-1.195544,-0.007326,0.100122,2.697751,0.007326,-1.072039
-1.195544,-0.021978,0.100122,2.697751,-0.007328,-1.067155
-1.195544,-0.007326,0.100122,2.697751,-0.007328,-1.072039
-1.195544,-0.007326,0.100122,2.697751,0.007326,-1.072039
-1.195544,-0.007326,0.100122,2.697751,0.007326,-1.072039
-1.195544,0.007328,0.095239,2.697751,0.007326,-1.072039
-1.195544,-0.007326,0.100122,2.697751,0.007326,-1.076923
-1.195544,-0.007326,0.095239,2.697751,0.007326,-1.076923
-1.195544,-0.007326,0.100122,2.697751,-0.007328,-1.076923
-1.195544,0.007328,0.100122,2.697751,-0.007328,-1.076923
-1.195544,0.007328,0.095239,2.697751,0.007326,-1.076923
-1.195544,0.007328,0.095239,2.697751,0.007326,-1.076923
-1.195544,-0.021978,0.100122,2.697751,-0.007328,-1.072039
-1.195544,0.007328,0.095239,2.697751,0.007326,-1.076923
-1.195544,-0.021978,0.095239,2.697751,0.007326,-1.072039
-1.195544,-0.021978,0.095239,2.697751,0.021978,-1.076923
-1.195544,-0.007326,0.095239,2.697751,-0.007328,-1.072039
-1.195544,-0.007326,0.095239,2.697751,0.007326,-1.072039
-1.195544,-0.007326,0.100122,2.697751,0.021978,-1.076923
-1.195926,-0.021978,0.100122,2.697751,0.007326,-1.072039
-1.195544,-0.007326,0.100122,2.697751,0.021978,-1.072039
-1.195544,-0.007326,0.100122,2.697751,0.007326,-1.076923
-1.195544,0.007328,0.100122,2.697751,-0.007328,-1.072039
-1.195544,-0.007326,0.100122,2.697751,0.021978,-1.072039
-1.195544,-0.007326,0.100122,2.697751,-0.007328,-1.072039
-1.195544,-0.007326,0.100122,2.697751,0.007326,-1.076923
-1.195544,-0.007326,0.100122,2.697751,0.021978,-1.072039
-1.195544,-0.007326,0.100122,2.697751,0.021978,-1.072039
-1.195544,-0.007326,0.100122,2.697751,-0.007328,-1.072039
-1.195544,0.007328,0.100122,2.697751,0.021978,-1.076923
-1.195544,-0.007326,0.100122,2.697751,0.021978,-1.072039
-1.195544,0.007328,0.095239,2.697751,0.007326,-1.072039
-1.195544,-0.007326,0.100122,2.697751,0.007326,-1.072039
-1.195544,-0.007326,0.100122,2.697751,0.007326,-1.076923
-1.195544,0.007328,0.100122,2.697751,-0.007328,-1.072039
-1.195544,-0.007326,0.100122,2.697751,-0.007328,-1.072039
-1.195544,-0.007326,0.100122,2.697751,-0.007328,-1.076923
-1.195544,0.007328,0.095239,2.697751,0.007326,-1.076923
-1.195544,-0.007326,0.095239,2.697751,-0.007328,-1.076923
-1.195544,-0.007326,0.095239,2.697751,0.007326,-1.076923
-1.195544,-0.021978,0.100122,2.697751,0.021978,-1.076923
-1.195544,0.007328,0.100122,2.697751,-0.007328,-1.072039
-1.195544,-0.007326,0.095239,2.697751,0.007326,-1.076923
-1.195544,-0.021978,0.095239,2.697751,0.007326,-1.072039
-1.195544,-0.007326,0.095239,2.697751,0.007326,-1.072039
-1.195544,-0.007326,0.100122,2.697751,0.007326,-1.072039
-1.195544,-0.007326,0.100122,2.697751,0.007326,-1.072039
-1.195544,0.007328,0.100122,2.697751,0.007326,-1.072039
-1.195544,-0.007326,0.100122,2.697751,0.021978,-1.072039
-1.195544,-0.007326,0.095239,2.697751,0.007326,-1.072039
-1.195544,-0.007326,0.095239,2.697751,0.007326,-1.072039
-1.195544,-0.007326,0.095239,2.697751,-0.007328,-1.072039
-1.195544,-0.007326,0.095239,2.697751,0.007326,-1.072039
-1.195544,0.007328,0.100122,2.697751,0.007326,-1.072039
-1.195544,0.007328,0.100122,2.697751,0.021978,-1.072039
-1.195926,-0.021978,0.095239,2.697751,-0.021980,-1.072039
-1.195544,0.007328,0.095239,2.697751,0.007326,-1.076923
-1.195544,-0.007326,0.095239,2.697751,0.007326,-1.076923
-1.195544,-0.007326,0.095239,2.697751,0.007326,-1.072039
-1.195544,-0.007326,0.100122,2.697751,0.007326,-1.072039
-1.195544,-0.007326,0.100122,2.697751,0.007326,-1.072039
-1.195544,0.007328,0.100122,2.697751,0.007326,-1.072039
-1.195544,0.007328,0.100122,2.697751,0.007326,-1.072039
-1.195544,-0.007326,0.095239,2.697751,0.007326,-1.072039
-1.195544,-0.007326,0.100122,2.697751,0.021978,-1.072039
-1.195544,-0.007326,0.100122,2.697751,0.007326,-1.072039
-1.195544,-0.007326,0.095239,2.697751,-0.007328,-1.072039
-1.195544,-0.007326,0.095239,2.697751,0.007326,-1.076923
-1.195544,0.007328,0.095239,2.697751,-0.007328,-1.076923
-1.195544,-0.007326,0.095239,2.697751,-0.007328,-1.076923
-1.195926,-0.021978,0.095239,2.697751,0.007326,-1.072039
-1.195544,-0.007326,0.100122,2.697751,0.007326,-1.072039
-1.195544,-0.007326,0.095239,2.697751,0.021978,-1.067155
-1.195544,-0.007326,0.095239,2.697751,-0.007328,-1.067155
-1.195544,-0.007326,0.095239,2.697751,0.021978,-1.072039
-1.195544,-0.007326,0.095239,2.697751,0.021978,-1.072039
-1.195544,-0.007326,0.095239,2.697751,-0.007328,-1.067155
-1.195544,-0.021978,0.095239,2.697751,0.007326,-1.072039
-1.195544,-0.021978,0.095239,2.697751,0.007326,-1.072039
-1.195544,-0.007326,0.100122,2.697751,0.007326,-1.072039
-1.195544,-0.007326,0.100122,2.697751,-0.007328,-1.072039
-1.195544,-0.007326,0.095239,2.697751,-0.007328,-1.072039
-1.195544,-0.007326,0.095239,2.697751,0.007326,-1.067155
-1.195544,-0.007326,0.100122,2.697751,0.007326,-1.067155
-1.195544,0.021980,0.100122,2.697751,-0.007328,-1.072039
-1.195544,-0.007326,0.100122,2.697370,-0.007328,-1.072039
-1.195544,0.007328,0.100122,2.697751,0.007326,-1.072039
-1.195544,0.021980,0.100122,2.697751,0.007326,-1.072039
-1.195544,-0.007326,0.100122,2.697751,0.007326,-1.067155
-1.195544,-0.007326,0.095239,2.697751,0.007326,-1.067155
-1.195544,-0.007326,0.095239,2.697751,0.007326,-1.067155
-1.195544,-0.007326,0.095239,2.697751,-0.007328,-1.067155
-1.195544,-0.007326,0.100122,2.697751,-0.007328,-1.072039
-1.195544,-0.007326,0.100122,2.697751,0.007326,-1.072039
-1.195544,-0.021978,0.095239,2.697751,0.007326,-1.072039
-1.195544,-0.007326,0.095239,2.697751,0.007326,-1.067155
-1.195544,-0.007326,0.095239,2.697751,0.007326,-1.067155
-1.195544,0.007328,0.095239,2.697751,0.007326,-1.067155
-1.195544,-0.007326,0.095239,2.697751,-0.007328,-1.072039
-1.195544,0.007328,0.100122,2.697751,0.007326,-1.067155
-1.195544,-0.007326,0.100122,2.697751,0.007326,-1.072039
-1.195926,-0.021978,0.095239,2.697751,-0.007328,-1.072039
-1.195544,-0.007326,0.095239,2.697751,0.007326,-1.072039
-1.195544,-0.021978,0.095239,2.697751,0.007326,-1.072039
-1.195544,0.007328,0.095239,2.697751,0.007326,-1.072039
-1.195544,-0.007326,0.095239,2.697751,0.007326,-1.067155
-1.195544,-0.007326,0.095239,2.697751,-0.007328,-1.067155
-1.195544,-0.007326,0.100122,2.697751,0.007326,-1.072039
-1.195544,-0.007326,0.095239,2.697751,0.007326,-1.072039
-1.195544,0.007328,0.095239,2.697751,0.021978,-1.072039
-1.195544,-0.007326,0.100122,2.697751,0.007326,-1.067155
-1.195544,-0.007326,0.100122,2.697751,-0.007328,-1.067155
-1.195544,-0.007326,0.100122,2.697751,0.007326,-1.067155
-1.195544,-0.007326,0.100122,2.697751,-0.007328,-1.072039
-1.195544,-0.007326,0.100122,2.697751,0.007326,-1.072039
-1.195544,-0.021978,0.100122,2.697751,0.007326,-1.072039
-1.195544,-0.007326,0.100122,2.697751,0.007326,-1.072039
-1.195544,-0.007326,0.100122,2.697751,0.007326,-1.072039
-1.195544,-0.007326,0.100122,2.697751,0.007326,-1.067155
-1.195544,-0.021978,0.095239,2.697751,0.007326,-1.067155
-1.195544,-0.007326,0.095239,2.697751,0.007326,-1.067155
-1.195544,-0.021978,0.095239,2.697751,0.021978,-1.067155
-1.195544,-0.007326,0.095239,2.697751,0.007326,-1.067155
-1.195544,-0.007326,0.095239,2.697751,0.007326,-1.072039
-1.195544,0.007328,0.100122,2.697751,0.021978,-1.067155
-1.195544,0.007328,0.100122,2.697751,0.007326,-1.067155
-1.195926,-0.021978,0.100122,2.697751,0.007326,-1.072039
-1.195544,0.007328,0.100122,2.697751,0.007326,-1.072039
-1.195544,-0.007326,0.095239,2.697751,-0.007328,-1.072039
-1.195544,-0.007326,0.095239,2.697751,0.021978,-1.072039
-1.195544,-0.021978,0.095239,2.697751,0.021978,-1.072039
-1.195544,-0.007326,0.095239,2.697751,0.007326,-1.072039
-1.195544,-0.007326,0.095239,2.697751,0.007326,-1.072039
-1.195544,-0.007326,0.095239,2.697751,0.007326,-1.072039
-1.195544,-0.007326,0.095239,2.697751,-0.007328,-1.072039
-1.195544,-0.021978,0.095239,2.697751,0.007326,-1.072039
-1.195544,-0.021978,0.095239,2.697751,0.007326,-1.067155
-1.195544,-0.007326,0.095239,2.697751,0.007326,-1.072039
-1.195544,0.007328,0.100122,2.697751,0.007326,-1.067155
-1.195544,-0.007326,0.095239,2.697751,-0.007328,-1.067155
-1.195544,-0.007326,0.095239,2.697751,0.021978,-1.072039
-1.195544,-0.007326,0.095239,2.697751,-0.007328,-1.067155
-1.195544,-0.007326,0.095239,2.697751,0.007326,-1.067155
-1.195544,0.007328,0.095239,2.697751,0.021978,-1.067155
-1.195544,-0.007326,0.095239,2.697751,0.007326,-1.072039
-1.195544,-0.007326,0.095239,2.697751,0.021978,-1.067155
-1.195544,-0.021978,0.095239,2.697751,-0.007328,-1.067155
-1.195544,-0.021978,0.100122,2.697751,-0.007328,-1.067155
-1.195544,-0.021978,0.100122,2.697751,0.007326,-1.072039
-1.195544,-0.007326,0.095239,2.697751,0.007326,-1.067155
-1.195544,0.007328,0.095239,2.697751,0.007326,-1.067155
-1.195544,-0.007326,0.095239,2.697751,0.007326,-1.072039
-1.195544,-0.007326,0.095239,2.697751,0.007326,-1.067155
-1.195544,-0.007326,0.095239,2.697751,0.007326,-1.072039
-1.195544,-0.007326,0.095239,2.697751,0.007326,-1.067155
-1.195544,0.007328,0.100122,2.697751,-0.007328,-1.067155
-1.195544,0.007328,0.100122,2.697751,0.007326,-1.067155
-1.195926,-0.021978,0.095239,2.697751,0.007326,-1.067155
-1.195544,0.007328,0.095239,2.697751,0.021978,-1.067155
-1.195544,-0.007326,0.095239,2.697751,0.007326,-1.067155
-1.195544,0.007328,0.095239,2.697751,0.021978,-1.072039
-1.195544,-0.021978,0.100122,2.697751,-0.007328,-1.067155
-1.195544,-0.007326,0.100122,2.697751,0.007326,-1.067155
-1.195544,-0.007326,0.100122,2.697751,0.007326,-1.067155
-1.195544,-0.007326,0.100122,2.697751,0.007326,-1.067155
-1.195544,-0.007326,0.100122,2.697751,0.007326,-1.067155
-1.195544,-0.007326,0.095239,2.697751,0.007326,-1.067155
-1.195544,-0.007326,0.095239,2.697751,0.021978,-1.067155
-1.195544,-0.007326,0.095239,2.697751,0.007326,-1.067155
-1.195544,-0.007326,0.095239,2.697751,0.007326,-1.067155
-1.195544,-0.007326,0.095239,2.697751,0.007326,-1.067155
-1.195544,-0.007326,0.100122,2.697751,0.007326,-1.067155
-1.195544,-0.007326,0.095239,2.697751,0.007326,-1.072039
-1.195544,-0.007326,0.095239,2.697751,0.007326,-1.067155
-1.195544,0.007328,0.095239,2.697751,0.007326,-1.072039
-1.195544,-0.007326,0.095239,2.697751,-0.007328,-1.072039
-1.195544,-0.007326,0.095239,2.697751,0.021978,-1.076923
-1.195544,-0.007326,0.095239,2.697751,0.007326,-1.072039
-1.195544,-0.007326,0.100122,2.697751,0.007326,-1.067155
-1.195544,-0.007326,0.100122,2.697751,0.007326,-1.067155
-1.195544,-0.007326,0.100122,2.697751,0.007326,-1.067155
-1.195544,-0.007326,0.100122,2.697751,-0.007328,-1.067155
-1.195544,0.007328,0.095239,2.697751,0.007326,-1.072039
-1.195544,-0.021978,0.100122,2.697751,0.007326,-1.072039
-1.195544,-0.021978,0.095239,2.697751,0.007326,-1.072039
-1.195544,-0.007326,0.100122,2.697751,0.007326,-1.072039
-1.195544,-0.007326,0.100122,2.697751,-0.007328,-1.072039
-1.195544,0.007328,0.100122,2.697751,0.007326,-1.072039
-1.195544,-0.007326,0.100122,2.697751,0.021978,-1.072039
-1.195544,-0.007326,0.100122,2.697751,0.007326,-1.062271
-1.195544,-0.007326,0.100122,2.697751,0.007326,-1.067155
-1.195544,-0.007326,0.095239,2.697751,0.021978,-1.072039
-1.195544,-0.021978,0.100122,2.697751,0.007326,-1.072039
-1.195544,-0.007326,0.100122,2.697751,0.007326,-1.072039
-1.195544,0.007328,0.095239,2.697751,0.007326,-1.072039
-1.195544,-0.021978,0.100122,2.697751,0.021978,-1.072039
-1.195544,-0.007326,0.100122,2.697751,-0.007328,-1.067155
-1.195544,-0.007326,0.100122,2.697751,0.007326,-1.076923
-1.195544,-0.021978,0.100122,2.697751,0.021978,-1.072039
-1.195544,-0.007326,0.100122,2.697751,0.021978,-1.067155
-1.195544,-0.007326,0.100122,2.697751,0.007326,-1.067155
-1.195544,-0.007326,0.100122,2.697751,0.007326,-1.067155
-1.195544,-0.007326,0.100122,2.697751,-0.007328,-1.072039
-1.195544,-0.007326,0.100122,2.697751,-0.007328,-1.076923
-1.195544,-0.036631,0.100122,2.697751,0.007326,-1.072039
-1.195544,-0.021978,0.095239,2.697751,0.036631,-1.067155
-1.195544,-0.021978,0.095239,2.697751,-0.007328,-1.067155
-1.195926,-0.007326,0.095239,2.697751,0.007326,-1.072039
-1.195544,0.007328,0.095239,2.697751,0.007326,-1.067155
-1.195544,-0.007326,0.095239,2.697751,0.007326,-1.067155
-1.195544,0.007328,0.100122,2.697751,0.007326,-1.067155
-1.195544,-0.007326,0.100122,2.697751,0.007326,-1.072039
-1.195544,-0.007326,0.100122,2.697751,0.021978,-1.072039
-1.195544,-0.007326,0.100122,2.697751,-0.007328,-1.067155
-1.195544,-0.007326,0.095239,2.697751,0.007326,-1.072039
-1.195544,0.007328,0.100122,2.697751,0.007326,-1.076923
-1.195544,-0.021978,0.100122,2.697751,0.007326,-1.072039
-1.195544,-0.007326,0.100122,2.697751,-0.007328,-1.072039
-1.195544,0.021980,0.100122,2.697751,0.007326,-1.072039
-1.195544,-0.007326,0.100122,2.697751,0.007326,-1.072039
-1.195544,0.007328,0.095239,2.697751,0.007326,-1.072039
-1.195544,-0.007326,0.100122,2.697751,0.007326,-1.067155
-1.195544,-0.007326,0.100122,2.697751,0.021978,-1.062271
-1.195544,-0.021978,0.095239,2.697751,0.007326,-1.067155
-1.195544,-0.007326,0.095239,2.697751,0.007326,-1.067155
-1.195544,-0.007326,0.100122,2.697751,0.007326,-1.067155
-1.195544,-0.007326,0.100122,2.697751,-0.007328,-1.067155
-1.195544,-0.007326,0.095239,2.697751,0.007326,-1.067155
-1.195544,-0.007326,0.095239,2.697751,0.007326,-1.067155
-1.195544,0.007328,0.095239,2.697751,-0.007328,-1.072039
-1.195544,-0.021978,0.095239,2.697751,0.007326,-1.072039
-1.195544,-0.021978,0.100122,2.697751,0.007326,-1.067155
-1.195544,-0.007326,0.095239,2.697751,0.007326,-1.067155
-1.195544,-0.007326,0.095239,2.697751,0.007326,-1.067155
-1.195544,-0.007326,0.100122,2.697751,0.007326,-1.067155
-1.195544,-0.007326,0.095239,2.697751,0.007326,-1.067155
-1.195544,-0.007326,0.100122,2.697751,-0.007328,-1.067155
-1.195544,-0.007326,0.100122,2.697751,0.021978,-1.072039
-1.195544,0.007328,0.095239,2.697751,-0.007328,-1.072039
-1.195544,0.007328,0.100122,2.697751,0.021978,-1.072039
-1.195544,0.007328,0.100122,2.697751,0.007326,-1.067155
-1.195544,-0.007326,0.100122,2.697751,-0.007328,-1.067155
-1.195544,-0.007326,0.095239,2.697751,0.007326,-1.067155
-1.195544,-0.007326,0.095239,2.697751,0.007326,-1.072039
-1.195544,-0.007326,0.095239,2.697751,0.007326,-1.067155
-1.195544,-0.007326,0.095239,2.697751,0.007326,-1.067155
-1.195544,-0.021978,0.100122,2.697751,0.007326,-1.067155
-1.195544,0.007328,0.100122,2.697751,0.021978,-1.072039
-1.195544,-0.007326,0.095239,2.697751,0.007326,-1.067155
-1.195544,-0.007326,0.100122,2.697751,0.007326,-1.067155
-1.195544,0.007328,0.100122,2.697751,0.007326,-1.067155
-1.195544,-0.007326,0.095239,2.697751,0.007326,-1.067155
-1.195544,-0.021978,0.095239,2.697751,0.007326,-1.072039
-1.195544,0.007328,0.095239,2.697751,-0.007328,-1.067155
-1.195544,-0.007326,0.095239,2.697751,0.007326,-1.067155
-1.195544,0.007328,0.100122,2.697751,0.007326,-1.067155
-1.195544,-0.007326,0.100122,2.697751,0.007326,-1.067155
-1.195544,-0.007326,0.095239,2.697751,0.007326,-1.072039
-1.195544,-0.007326,0.095239,2.697751,0.007326,-1.072039
-1.195544,0.007328,0.095239,2.697751,0.007326,-1.067155
-1.195544,-0.007326,0.100122,2.697751,-0.007328,-1.072039
-1.195544,-0.007326,0.095239,2.697751,0.007326,-1.072039
-1.195544,-0.007326,0.095239,2.697751,0.007326,-1.067155
-1.195544,-0.007326,0.095239,2.697751,0.007326,-1.072039
-1.195544,-0.007326,0.095239,2.697751,0.007326,-1.072039
-1.195544,-0.021978,0.100122,2.697751,-0.007328,-1.067155
-1.195544,-0.007326,0.100122,2.697751,0.007326,-1.072039
-1.195544,0.007328,0.100122,2.697751,-0.007328,-1.072039
-1.195544,-0.021978,0.100122,2.697751,0.007326,-1.076923
-1.195544,-0.007326,0.100122,2.697751,0.007326,-1.072039
-1.195544,-0.007326,0.100122,2.697751,0.007326,-1.067155
-1.195926,-0.021978,0.095239,2.697751,0.007326,-1.067155
-1.195544,0.007328,0.095239,2.697751,-0.007328,-1.067155
-1.195544,-0.007326,0.095239,2.697751,0.007326,-1.072039
-1.195544,-0.007326,0.095239,2.697751,0.021978,-1.067155
-1.195544,0.007328,0.100122,2.697751,0.007326,-1.067155
-1.195544,-0.021978,0.100122,2.697751,0.007326,-1.067155
-1.195544,-0.021978,0.100122,2.697751,0.007326,-1.067155
-1.195544,0.007328,0.095239,2.697751,0.007326,-1.072039
-1.195544,0.007328,0.100122,2.697751,0.007326,-1.076923
-1.195544,-0.021978,0.100122,2.697751,0.007326,-1.076923
-1.195544,0.007328,0.100122,2.697751,0.021978,-1.072039
-1.195544,-0.007326,0.100122,2.697751,0.007326,-1.067155
-1.195544,-0.007326,0.095239,2.697751,0.007326,-1.067155
-1.195926,-0.021978,0.100122,2.697751,-0.007328,-1.067155
-1.195544,-0.007326,0.100122,2.697751,0.021978,-1.072039
-1.195544,-0.007326,0.100122,2.697751,0.007326,-1.067155
-1.195544,-0.007326,0.095239,2.697751,-0.007328,-1.067155
-1.195544,-0.007326,0.095239,2.697751,0.007326,-1.072039
-1.195544,-0.007326,0.095239,2.697751,-0.007328,-1.067155
-1.195544,0.007328,0.095239,2.697751,0.007326,-1.067155
-1.195544,0.007328,0.100122,2.697751,0.021978,-1.067155
-1.195544,-0.007326,0.100122,2.697751,0.007326,-1.067155
-1.195544,-0.007326,0.100122,2.697751,0.007326,-1.067155
-1.195544,0.007328,0.100122,2.697751,0.007326,-1.072039
-1.195544,-0.007326,0.100122,2.697751,0.007326,-1.072039
-1.195544,-0.021978,0.095239,2.697751,0.021978,-1.076923
-1.195544,0.007328,0.095239,2.697751,0.007326,-1.072039
-1.195544,0.007328,0.100122,2.697751,0.021978,-1.067155
-1.195544,-0.007326,0.100122,2.697751,0.007326,-1.072039
-1.195544,-0.007326,0.095239,2.697751,0.007326,-1.067155
-1.195544,-0.007326,0.100122,2.697751,0.007326,-1.067155
-1.195544,-0.021978,0.100122,2.697751,0.007326,-1.072039
-1.195544,-0.021978,0.095239,2.697751,0.007326,-1.072039
-1.195544,-0.007326,0.095239,2.697751,0.007326,-1.072039
-1.195544,-0.007326,0.100122,2.697751,0.021978,-1.067155
-1.195544,-0.007326,0.095239,2.697751,0.007326,-1.067155
-1.195544,0.007328,0.100122,2.697751,0.007326,-1.072039
-1.195544,0.007328,0.095239,2.697751,-0.007328,-1.067155
-1.195544,0.007328,0.095239,2.697751,-0.007328,-1.062271
-1.195544,-0.007326,0.100122,2.697751,0.007326,-1.067155
-1.195544,-0.007326,0.100122,2.697751,-0.007328,-1.067155
-1.195544,-0.007326,0.100122,2.697751,0.021978,-1.067155
-1.195544,-0.007326,0.100122,2.697751,0.007326,-1.067155
-1.195544,0.007328,0.100122,2.697751,0.007326,-1.067155
-1.195544,-0.007326,0.100122,2.697751,0.007326,-1.067155
-1.195544,-0.007326,0.100122,2.697751,-0.007328,-1.067155
-1.195544,-0.007326,0.095239,2.697751,-0.007328,-1.072039
-1.195544,-0.007326,0.095239,2.697751,0.021978,-1.076923
-1.195544,-0.021978,0.095239,2.697751,0.007326,-1.072039
-1.195544,-0.007326,0.095239,2.697751,0.007326,-1.067155
-1.195926,-0.021978,0.095239,2.697751,0.007326,-1.062271
-1.195544,-0.021978,0.095239,2.697751,0.007326,-1.067155
-1.195544,-0.007326,0.095239,2.697751,-0.007328,-1.067155
-1.195544,-0.007326,0.095239,2.697751,0.007326,-1.067155
-1.195544,-0.007326,0.095239,2.697751,0.007326,-1.072039
-1.195544,0.007328,0.100122,2.697751,0.021978,-1.072039
-1.195544,-0.021978,0.100122,2.697751,0.007326,-1.072039
-1.195544,-0.021978,0.095239,2.697751,0.007326,-1.072039
-1.195544,-0.007326,0.095239,2.697751,0.007326,-1.067155
-1.195544,-0.007326,0.095239,2.697751,0.007326,-1.067155
-1.195544,-0.007326,0.100122,2.697751,-0.007328,-1.072039
-1.195544,-0.007326,0.100122,2.697751,0.007326,-1.072039
-1.195544,-0.007326,0.100122,2.697751,0.007326,-1.067155
-1.195544,-0.007326,0.100122,2.697751,0.007326,-1.067155
-1.195544,-0.021978,0.100122,2.697751,-0.007328,-1.072039
-1.195544,-0.007326,0.095239,2.697751,0.021978,-1.076923
-1.195544,0.007328,0.095239,2.697751,0.007326,-1.072039
-1.195544,-0.021978,0.095239,2.697751,0.021978,-1.072039
-1.195544,-0.007326,0.095239,2.697751,0.007326,-1.067155
-1.195544,-0.007326,0.095239,2.697751,-0.007328,-1.062271
-1.195544,0.007328,0.100122,2.697751,0.007326,-1.062271
-1.195544,-0.007326,0.095239,2.697751,0.007326,-1.067155
-1.195544,-0.007326,0.095239,2.697751,0.007326,-1.072039
-1.195544,0.007328,0.095239,2.697751,0.007326,-1.072039
-1.195544,-0.007326,0.100122,2.697751,0.007326,-1.067155
-1.195544,-0.007326,0.100122,2.697751,0.007326,-1.072039
-1.195544,-0.007326,0.095239,2.697751,0.007326,-1.072039
-1.195544,-0.007326,0.095239,2.697751,0.007326,-1.072039
-1.195544,0.007328,0.095239,2.697751,0.007326,-1.072039
-1.195544,-0.007326,0.095239,2.697751,-0.007328,-1.072039
-1.195544,-0.007326,0.095239,2.697751,0.007326,-1.067155
-1.195544,0.007328,0.095239,2.697751,0.007326,-1.067155
-1.195544,0.007328,0.100122,2.697751,0.021978,-1.067155
-1.195544,0.007328,0.100122,2.697751,0.007326,-1.067155
-1.195544,-0.021978,0.095239,2.697751,0.007326,-1.067155
-1.195544,-0.021978,0.095239,2.697751,0.007326,-1.067155
-1.195544,-0.007326,0.095239,2.697751,0.007326,-1.067155
-1.195544,-0.007326,0.100122,2.697751,0.007326,-1.072039
-1.195544,-0.007326,0.095239,2.697751,0.007326,-1.072039
-1.195544,0.007328,0.100122,2.697751,-0.007328,-1.072039
-1.195544,0.007328,0.095239,2.697751,0.007326,-1.067155
-1.195544,-0.021978,0.095239,2.697751,-0.007328,-1.067155
-1.195544,-0.007326,0.095239,2.697751,-0.007328,-1.072039
-1.195544,-0.007326,0.100122,2.697751,-0.007328,-1.072039
-1.195544,-0.007326,0.100122,2.697751,0.007326,-1.072039
-1.195544,-0.007326,0.100122,2.697751,0.007326,-1.067155
-1.195544,-0.021978,0.095239,2.697751,-0.007328,-1.067155
-1.195544,-0.007326,0.100122,2.697751,0.007326,-1.067155
-1.195544,-0.007326,0.100122,2.697751,-0.007328,-1.067155
-1.195544,-0.007326,0.095239,2.697751,0.007326,-1.072039
-1.195544,-0.021978,0.095239,2.697751,0.007326,-1.072039
-1.195544,-0.007326,0.100122,2.697751,0.007326,-1.067155
-1.195544,-0.021978,0.095239,2.697751,0.007326,-1.067155
-1.195544,0.007328,0.095239,2.697751,0.021978,-1.067155
-1.195544,-0.007326,0.095239,2.697751,0.007326,-1.067155
-1.195544,0.007328,0.095239,2.697751,-0.007328,-1.067155
-1.195544,-0.007326,0.095239,2.697751,0.007326,-1.072039
-1.195544,-0.007326,0.095239,2.697751,0.007326,-1.067155
-1.195544,-0.007326,0.100122,2.697751,0.007326,-1.072039
-1.195544,-0.007326,0.095239,2.697751,0.021978,-1.072039
-1.195544,-0.007326,0.100122,2.697751,0.007326,-1.072039
-1.195544,0.007328,0.100122,2.697751,-0.007328,-1.072039
-1.195544,-0.007326,0.100122,2.697751,0.007326,-1.067155
-1.195926,-0.007326,0.095239,2.697751,0.021978,-1.067155
-1.195544,0.007328,0.095239,2.697751,0.007326,-1.067155
-1.195544,-0.007326,0.100122,2.697751,0.007326,-1.067155
-1.195544,-0.007326,0.095239,2.697751,0.007326,-1.072039
-1.195544,-0.007326,0.095239,2.697751,0.007326,-1.067155
-1.195544,-0.007326,0.095239,2.697751,0.007326,-1.067155
-1.195544,-0.007326,0.095239,2.697751,-0.007328,-1.067155
-1.195544,-0.007326,0.095239,2.697751,0.007326,-1.067155
-1.195544,-0.007326,0.095239,2.697751,0.007326,-1.067155
-1.195544,0.007328,0.095239,2.697751,0.007326,-1.067155
-1.195544,-0.007326,0.095239,2.697751,0.007326,-1.067155
-1.195544,-0.007326,0.095239,2.697751,0.007326,-1.072039
-1.195544,0.007328,0.095239,2.697751,0.007326,-1.067155
-1.195544,-0.007326,0.095239,2.697751,0.021978,-1.067155
-1.195544,-0.007326,0.095239,2.697751,-0.007328,-1.067155
-1.195544,-0.021978,0.100122,2.697751,-0.007328,-1.072039
-1.195544,-0.007326,0.100122,2.697751,-0.007328,-1.072039
-1.195544,-0.007326,0.100122,2.697751,0.007326,-1.072039
-1.195544,0.007328,0.100122,2.697751,0.021978,-1.072039
-1.195544,-0.007326,0.100122,2.697751,0.007326,-1.067155
-1.195544,-0.007326,0.095239,2.697751,0.007326,-1.067155
-1.195544,-0.007326,0.095239,2.697751,0.007326,-1.067155
-1.195544,-0.021978,0.100122,2.697751,0.007326,-1.067155
-1.195544,0.007328,0.095239,2.697751,0.036631,-1.067155
-1.195544,0.021980,0.100122,2.697751,-0.007328,-1.067155
-1.195544,0.007328,0.095239,2.697751,0.021978,-1.072039
-1.195544,0.021980,0.095239,2.697751,0.007326,-1.067155
-1.195544,-0.007326,0.095239,2.697751,0.021978,-1.072039
-1.195544,-0.007326,0.100122,2.697751,0.021978,-1.076923
-1.195926,-0.036631,0.100122,2.697751,0.007326,-1.076923
-1.195544,-0.021978,0.095239,2.697751,0.007326,-1.072039
-1.195544,-0.007326,0.095239,2.697751,-0.007328,-1.067155
-1.195544,-0.007326,0.095239,2.697751,0.021978,-1.067155
-1.195544,-0.007326,0.095239,2.697751,0.007326,-1.067155
-1.195544,-0.007326,0.095239,2.697751,0.007326,-1.067155
-1.195544,0.007328,0.095239,2.697751,-0.021980,-1.067155
-1.195544,-0.021978,0.095239,2.697751,0.007326,-1.072039
-1.195544,-0.007326,0.095239,2.697751,0.007326,-1.072039
-1.195544,-0.007326,0.095239,2.697751,-0.007328,-1.072039
-1.195544,-0.007326,0.095239,2.697751,0.007326,-1.076923
-1.195544,-0.021978,0.100122,2.697751,-0.007328,-1.072039
-1.195544,-0.007326,0.100122,2.697751,0.007326,-1.067155
-1.195544,-0.007326,0.095239,2.697751,0.021978,-1.067155
-1.195544,-0.021978,0.095239,2.697751,0.007326,-1.072039
-1.195544,-0.007326,0.095239,2.697751,0.007326,-1.072039
-1.195544,-0.007326,0.095239,2.697751,0.007326,-1.072039
-1.195544,0.007328,0.095239,2.697751,-0.007328,-1.067155
-1.195544,-0.007326,0.100122,2.697751,0.007326,-1.067155
-1.195926,-0.021978,0.100122,2.697751,0.007326,-1.067155
-1.195544,0.007328,0.100122,2.697751,0.007326,-1.072039
-1.195544,-0.021978,0.095239,2.697751,0.021978,-1.067155
-1.195544,-0.021978,0.100122,2.697751,0.021978,-1.067155
-1.195544,0.007328,0.100122,2.697751,0.007326,-1.067155
-1.195544,-0.007326,0.100122,2.697751,0.007326,-1.072039
-1.195544,-0.007326,0.100122,2.697751,0.007326,-1.067155
-1.195544,0.021980,0.095239,2.697751,0.021978,-1.067155
-1.195544,-0.021978,0.095239,2.697751,0.021978,-1.067155
-1.195544,0.007328,0.100122,2.697751,0.007326,-1.067155
-1.195544,-0.007326,0.100122,2.697751,-0.007328,-1.072039
-1.195544,-0.007326,0.100122,2.697751,0.021978,-1.072039
-1.195544,-0.007326,0.100122,2.697751,0.021978,-1.072039
-1.195544,0.007328,0.100122,2.697751,0.007326,-1.067155
-1.195544,0.007328,0.100122,2.697751,-0.007328,-1.067155
-1.195544,-0.007326,0.100122,2.697751,-0.007328,-1.067155
-1.195544,-0.021978,0.095239,2.697751,0.007326,-1.072039
-1.195544,0.007328,0.095239,2.697751,0.007326,-1.067155
-1.195544,-0.021978,0.100122,2.697751,0.007326,-1.067155
-1.195544,-0.007326,0.100122,2.697751,-0.007328,-1.067155
-1.195544,-0.007326,0.100122,2.697751,0.021978,-1.067155
-1.195544,-0.007326,0.100122,2.697751,0.007326,-1.067155
-1.195544,0.007328,0.095239,2.697751,0.007326,-1.067155
-1.195544,-0.021978,0.095239,2.697751,0.007326,-1.072039
-1.195544,-0.021978,0.100122,2.697751,0.007326,-1.072039
-1.195544,-0.007326,0.100122,2.697751,0.007326,-1.072039
-1.195544,-0.007326,0.100122,2.697751,0.007326,-1.072039
-1.195544,-0.007326,0.100122,2.697751,-0.007328,-1.067155
-1.195926,-0.021978,0.100122,2.697751,0.007326,-1.067155
-1.195544,-0.007326,0.100122,2.697751,0.007326,-1.067155
-1.195544,-0.007326,0.100122,2.697751,0.007326,-1.067155
-1.195544,-0.007326,0.100122,2.697751,0.007326,-1.067155
-1.195544,-0.007326,0.100122,2.697751,0.007326,-1.067155
-1.195544,-0.007326,0.100122,2.697751,0.021978,-1.072039
-1.195544,-0.021978,0.095239,2.697751,0.007326,-1.072039
-1.195544,-0.007326,0.095239,2.697751,0.021978,-1.067155
-1.195544,-0.007326,0.100122,2.697751,0.007326,-1.067155
-1.195544,-0.021978,0.095239,2.697751,0.007326,-1.067155
-1.195544,0.007328,0.100122,2.697751,0.007326,-1.072039
-1.195544,0.007328,0.100122,2.697751,0.021978,-1.067155
-1.195544,-0.007326,0.100122,2.697751,0.007326,-1.067155
-1.195544,-0.007326,0.100122,2.697751,-0.007328,-1.072039
-1.195544,-0.007326,0.095239,2.697751,0.007326,-1.072039
-1.195544,-0.007326,0.095239,2.697751,-0.007328,-1.072039
-1.195544,-0.007326,0.100122,2.697751,-0.007328,-1.072039
-1.195544,-0.021978,0.095239,2.697751,0.007326,-1.067155
-1.195544,0.021980,0.100122,2.697751,0.007326,-1.072039
-1.195544,-0.021978,0.100122,2.697751,-0.007328,-1.072039
-1.195544,0.007328,0.095239,2.697751,0.007326,-1.072039
-1.195544,-0.007326,0.095239,2.697751,0.021978,-1.072039
-1.195544,-0.007326,0.100122,2.697751,0.021978,-1.067155
-1.195544,-0.021978,0.100122,2.697751,-0.007328,-1.067155
-1.195544,-0.007326,0.095239,2.697751,0.021978,-1.067155
-1.195544,0.007328,0.100122,2.697751,-0.007328,-1.067155
-1.195544,-0.007326,0.100122,2.697751,0.007326,-1.067155
-1.195544,-0.021978,0.100122,2.697751,0.007326,-1.067155
-1.195544,-0.007326,0.095239,2.697751,-0.007328,-1.072039
-1.195544,0.007328,0.100122,2.697751,0.021978,-1.072039
-1.195544,0.021980,0.100122,2.697751,0.007326,-1.067155
-1.195544,-0.007326,0.095239,2.697751,0.007326,-1.067155
-1.195544,-0.007326,0.100122,2.697751,0.007326,-1.067155
-1.195544,0.007328,0.100122,2.697751,0.007326,-1.072039
-1.195544,-0.021978,0.100122,2.697751,0.007326,-1.067155
-1.195544,-0.007326,0.095239,2.697751,0.007326,-1.072039
-1.195544,-0.021978,0.100122,2.697751,0.007326,-1.067155
-1.195544,-0.021978,0.100122,2.697751,0.007326,-1.067155
-1.195544,0.007328,0.100122,2.697751,0.021978,-1.072039
-1.195544,-0.007326,0.095239,2.697751,0.007326,-1.072039
-1.195544,-0.021978,0.095239,2.697751,0.007326,-1.072039
-1.195544,-0.021978,0.100122,2.697751,0.021978,-1.072039
-1.195544,-0.007326,0.100122,2.697751,0.007326,-1.072039
-1.195544,-0.007326,0.100122,2.697751,0.021978,-1.076923
-1.195544,-0.007326,0.100122,2.697751,0.007326,-1.072039
-1.195544,0.007328,0.095239,2.697751,-0.007328,-1.067155
-1.195544,-0.007326,0.095239,2.697751,-0.007328,-1.067155
-1.195544,-0.007326,0.095239,2.697751,0.007326,-1.067155
-1.195544,0.007328,0.100122,2.697751,0.007326,-1.067155
-1.195544,-0.007326,0.100122,2.697751,0.007326,-1.072039
-1.195544,-0.007326,0.095239,2.697751,0.007326,-1.067155
-1.195544,-0.021978,0.095239,2.697751,0.007326,-1.067155
-1.195544,0.007328,0.100122,2.697751,0.021978,-1.072039
-1.195544,-0.007326,0.095239,2.697751,-0.007328,-1.072039
-1.195544,-0.007326,0.100122,2.697751,0.021978,-1.072039
-1.195544,-0.007326,0.095239,2.697751,0.007326,-1.067155
-1.195544,-0.021978,0.100122,2.697751,0.007326,-1.067155
-1.195544,0.007328,0.100122,2.697751,0.007326,-1.067155
-1.195544,-0.007326,0.100122,2.697751,0.007326,-1.067155
-1.195544,-0.007326,0.095239,2.697751,0.007326,-1.067155
-1.195544,-0.007326,0.100122,2.697751,0.007326,-1.072039
-1.195544,0.007328,0.100122,2.697751,0.021978,-1.076923
-1.195544,-0.021978,0.100122,2.697751,0.007326,-1.072039
-1.195544,0.007328,0.095239,2.697751,-0.007328,-1.072039
-1.195544,-0.021978,0.095239,2.697751,0.007326,-1.072039
-1.195544,0.007328,0.095239,2.697751,0.007326,-1.072039
-1.195544,-0.007326,0.100122,2.697751,0.021978,-1.067155
-1.195544,-0.007326,0.100122,2.697751,0.021978,-1.072039
-1.195544,0.007328,0.100122,2.697751,-0.007328,-1.067155
-1.195544,-0.021978,0.100122,2.697751,0.021978,-1.072039
-1.195544,-0.007326,0.100122,2.697751,0.007326,-1.062271
-1.195544,-0.007326,0.100122,2.697751,0.007326,-1.067155
-1.195544,-0.007326,0.095239,2.697751,-0.007328,-1.067155
-1.195544,-0.007326,0.095239,2.697751,0.021978,-1.067155
-1.195544,-0.021978,0.095239,2.697751,0.021978,-1.067155
-1.195544,-0.007326,0.095239,2.697751,0.007326,-1.067155
-1.195544,0.007328,0.095239,2.697751,0.007326,-1.067155
-1.195544,-0.021978,0.095239,2.697751,0.007326,-1.072039
-1.195544,-0.007326,0.095239,2.697751,0.007326,-1.072039
-1.195544,-0.007326,0.095239,2.697751,0.021978,-1.072039
-1.195544,-0.021978,0.095239,2.697751,0.007326,-1.067155
-1.195544,0.007328,0.100122,2.697751,0.021978,-1.072039
-1.195544,-0.021978,0.100122,2.697751,0.007326,-1.067155
-1.195544,-0.007326,0.100122,2.697751,0.021978,-1.072039
-1.195544,-0.007326,0.100122,2.697751,0.007326,-1.067155
-1.195544,-0.021978,0.100122,2.697751,-0.007328,-1.067155
-1.195544,-0.007326,0.095239,2.697751,0.007326,-1.072039
-1.195544,-0.007326,0.095239,2.697751,0.021978,-1.072039
-1.195544,-0.007326,0.095239,2.697751,0.007326,-1.072039
-1.195544,-0.007326,0.100122,2.697751,0.007326,-1.072039
-1.195544,-0.007326,0.100122,2.697751,0.007326,-1.072039
-1.195926,-0.021978,0.095239,2.697751,0.021978,-1.072039
-1.195544,0.007328,0.095239,2.697751,-0.007328,-1.072039
-1.195544,-0.021978,0.095239,2.697751,0.007326,-1.072039
-1.195544,-0.007326,0.100122,2.697751,0.021978,-1.072039
-1.195544,-0.007326,0.095239,2.697751,0.007326,-1.067155
-1.195544,-0.007326,0.100122,2.697751,-0.007328,-1.067155
-1.195544,-0.007326,0.100122,2.697751,0.021978,-1.067155
-1.195544,-0.007326,0.095239,2.697751,0.007326,-1.067155
-1.195544,-0.007326,0.100122,2.697751,0.021978,-1.072039
-1.195544,0.007328,0.100122,2.697751,0.021978,-1.067155
-1.195544,-0.021978,0.100122,2.697751,0.007326,-1.067155
-1.195544,0.007328,0.100122,2.697751,0.007326,-1.072039
-1.195544,0.007328,0.100122,2.697751,0.007326,-1.072039
-1.195544,-0.007326,0.100122,2.697751,0.007326,-1.072039
-1.195544,-0.007326,0.100122,2.697751,0.021978,-1.072039
-1.195544,-0.007326,0.105007,2.697751,0.021978,-1.072039
-1.195544,-0.007326,0.105007,2.697751,0.007326,-1.072039
-1.195544,0.007328,0.105007,2.697751,0.007326,-1.072039
-1.195544,0.007328,0.100122,2.697751,0.021978,-1.072039
-1.195544,-0.007326,0.105007,2.697751,0.007326,-1.072039
-1.195544,-0.007326,0.100122,2.697751,-0.007328,-1.072039
-1.195544,-0.021978,0.100122,2.697751,0.007326,-1.072039
-1.195544,-0.007326,0.100122,2.697751,0.007326,-1.072039
-1.195544,-0.007326,0.100122,2.697751,0.021978,-1.072039
-1.195544,-0.007326,0.100122,2.697751,-0.007328,-1.067155
-1.195544,-0.007326,0.100122,2.697751,-0.007328,-1.067155
-1.195544,-0.007326,0.100122,2.697751,0.007326,-1.072039
-1.195544,-0.007326,0.100122,2.697751,-0.007328,-1.067155
-1.195544,-0.007326,0.100122,2.697751,0.007326,-1.067155
-1.195544,-0.007326,0.100122,2.697751,-0.007328,-1.072039
-1.195544,-0.007326,0.100122,2.697751,-0.007328,-1.072039
-1.195544,-0.021978,0.100122,2.697751,0.021978,-1.072039
-1.195544,-0.007326,0.100122,2.697751,0.007326,-1.072039
-1.195544,0.007328,0.100122,2.697751,-0.007328,-1.067155
-1.195544,-0.021978,0.100122,2.697751,0.007326,-1.072039
-1.195544,-0.007326,0.105007,2.697751,0.021978,-1.072039
-1.195544,-0.007326,0.105007,2.697751,0.007326,-1.072039
-1.195544,-0.007326,0.105007,2.697751,0.007326,-1.067155
-1.195544,-0.007326,0.105007,2.697751,-0.007328,-1.072039
-1.195544,0.007328,0.105007,2.697751,0.007326,-1.072039
-1.195544,-0.021978,0.105007,2.697751,0.007326,-1.072039
-1.195544,-0.007326,0.100122,2.697751,0.007326,-1.076923
-1.195544,-0.007326,0.100122,2.697751,0.007326,-1.072039
-1.195544,0.007328,0.105007,2.697751,0.007326,-1.072039
-1.195544,0.007328,0.100122,2.697751,-0.007328,-1.072039
-1.195544,-0.007326,0.100122,2.697751,0.007326,-1.072039
-1.195544,-0.007326,0.105007,2.697751,0.007326,-1.072039
-1.195544,-0.021978,0.100122,2.697751,0.007326,-1.072039
-1.195544,-0.007326,0.105007,2.697751,0.021978,-1.072039
-1.195544,-0.007326,0.100122,2.697751,-0.007328,-1.072039
-1.195544,-0.007326,0.105007,2.697751,0.021978,-1.072039
-1.195544,-0.007326,0.100122,2.697751,-0.007328,-1.072039
-1.195544,-0.007326,0.100122,2.697751,0.021978,-1.072039
-1.195544,-0.007326,0.105007,2.697751,0.007326,-1.067155
-1.195544,-0.007326,0.100122,2.697751,0.007326,-1.067155
-1.195544,-0.007326,0.105007,2.697751,0.021978,-1.067155
-1.195544,-0.007326,0.105007,2.697751,0.007326,-1.067155
-1.195544,0.007328,0.105007,2.697751,0.007326,-1.067155
-1.195544,-0.021978,0.100122,2.697751,0.021978,-1.072039
-1.195544,-0.007326,0.100122,2.697751,-0.007328,-1.072039
-1.195544,-0.007326,0.100122,2.697751,0.021978,-1.072039
-1.195544,-0.007326,0.100122,2.697751,0.007326,-1.072039
-1.195544,0.007328,0.105007,2.697751,0.007326,-1.072039
-1.195544,0.007328,0.105007,2.697751,0.007326,-1.072039
-1.195544,-0.021978,0.105007,2.697751,0.007326,-1.072039
-1.195544,-0.007326,0.105007,2.697751,-0.007328,-1.072039
-1.195544,-0.007326,0.100122,2.697751,0.007326,-1.072039
-1.195544,-0.007326,0.105007,2.697751,0.021978,-1.072039
-1.195544,0.007328,0.105007,2.697751,0.021978,-1.067155
-1.195544,-0.007326,0.105007,2.697751,0.007326,-1.067155
-1.195544,-0.007326,0.100122,2.697751,-0.007328,-1.072039
-1.195544,-0.007326,0.100122,2.697751,0.007326,-1.072039
-1.195544,-0.007326,0.100122,2.697751,0.007326,-1.072039
-1.195544,-0.007326,0.100122,2.697751,0.021978,-1.067155
-1.195544,-0.021978,0.105007,2.697751,0.007326,-1.067155
-1.195544,-0.007326,0.105007,2.697751,-0.021980,-1.067155
-1.195544,-0.007326,0.105007,2.697751,0.007326,-1.072039
-1.195926,-0.036631,0.105007,2.697751,0.007326,-1.067155
-1.195544,-0.021978,0.105007,2.697751,0.007326,-1.072039
-1.195544,-0.021978,0.105007,2.697751,0.007326,-1.072039
-1.195544,-0.007326,0.105007,2.697751,0.007326,-1.072039
-1.195544,-0.007326,0.100122,2.697751,0.007326,-1.067155
-1.195544,-0.007326,0.100122,2.697751,-0.007328,-1.067155
-1.195544,-0.007326,0.100122,2.697751,0.007326,-1.067155
-1.195544,0.007328,0.100122,2.697751,0.007326,-1.072039
-1.195544,-0.007326,0.105007,2.697751,0.007326,-1.067155
-1.195544,0.007328,0.100122,2.697751,0.007326,-1.067155
-1.195544,-0.007326,0.105007,2.697751,0.021978,-1.072039
-1.195544,-0.021978,0.105007,2.697751,0.007326,-1.067155
-1.195544,-0.007326,0.100122,2.697751,-0.007328,-1.067155
-1.195544,0.007328,0.105007,2.697751,0.007326,-1.067155
-1.195544,-0.021978,0.100122,2.697751,0.007326,-1.067155
-1.195544,-0.021978,0.100122,2.697751,0.007326,-1.067155
-1.195544,-0.021978,0.100122,2.697751,0.007326,-1.067155
-1.195544,0.007328,0.105007,2.697751,0.007326,-1.067155
-1.195544,-0.007326,0.105007,2.697751,0.007326,-1.072039
-1.195544,-0.007326,0.100122,2.697751,0.007326,-1.072039
-1.195544,-0.021978,0.100122,2.697751,0.007326,-1.072039
-1.195544,-0.007326,0.105007,2.697751,0.007326,-1.076923
-1.195544,0.021980,0.100122,2.697751,0.007326,-1.072039
-1.195926,-0.021978,0.105007,2.697751,0.007326,-1.072039
-1.195544,-0.007326,0.100122,2.697751,0.021978,-1.072039
-1.195544,-0.007326,0.105007,2.697751,0.007326,-1.067155
-1.195544,-0.007326,0.100122,2.697751,0.007326,-1.067155
-1.195544,-0.021978,0.100122,2.697751,0.021978,-1.067155
-1.195544,-0.007326,0.100122,2.697751,0.007326,-1.072039
-1.195544,-0.007326,0.100122,2.697751,0.007326,-1.072039
-1.195544,-0.021978,0.105007,2.697751,0.007326,-1.072039
-1.195544,-0.007326,0.105007,2.697751,-0.007328,-1.072039
-1.195544,-0.021978,0.100122,2.697751,0.007326,-1.072039
-1.195544,-0.021978,0.100122,2.697751,0.021978,-1.072039
-1.195544,0.007328,0.105007,2.697751,0.007326,-1.062271
-1.195544,-0.021978,0.105007,2.697751,0.007326,-1.067155
-1.195544,-0.007326,0.105007,2.697751,0.007326,-1.067155
-1.195544,0.007328,0.105007,2.697751,0.021978,-1.067155
-1.195544,-0.007326,0.100122,2.697751,0.021978,-1.067155
-1.195544,-0.007326,0.105007,2.697751,0.007326,-1.072039
-1.195544,0.007328,0.100122,2.697751,0.007326,-1.072039
-1.195544,-0.007326,0.105007,2.697751,0.007326,-1.072039
-1.195544,0.007328,0.100122,2.697751,0.007326,-1.067155
-1.195544,-0.007326,0.100122,2.697751,0.007326,-1.067155
-1.195544,-0.007326,0.100122,2.697751,0.007326,-1.072039
-1.195544,-0.007326,0.105007,2.697751,-0.007328,-1.067155
-1.195544,-0.007326,0.105007,2.697751,0.007326,-1.067155
-1.195544,0.007328,0.105007,2.697751,0.007326,-1.067155
-1.195544,-0.007326,0.100122,2.697751,0.021978,-1.067155
-1.195544,-0.007326,0.105007,2.697751,0.007326,-1.067155
-1.195544,0.007328,0.100122,2.697751,0.007326,-1.072039
-1.195544,-0.007326,0.100122,2.697751,0.007326,-1.072039
-1.195544,-0.007326,0.100122,2.697751,0.007326,-1.072039
-1.195544,-0.007326,0.105007,2.697751,0.007326,-1.072039
-1.195544,-0.007326,0.100122,2.697751,0.007326,-1.072039
-1.195544,0.007328,0.100122,2.697751,0.007326,-1.072039
-1.195544,-0.007326,0.100122,2.697751,0.021978,-1.072039
-1.195544,-0.007326,0.105007,2.697751,0.007326,-1.067155
-1.195544,-0.007326,0.105007,2.697751,-0.007328,-1.067155
-1.195544,-0.007326,0.100122,2.697751,0.021978,-1.072039
-1.195544,-0.007326,0.100122,2.697751,0.007326,-1.067155
-1.195544,-0.007326,0.100122,2.697751,0.007326,-1.067155
-1.195544,-0.007326,0.100122,2.697751,0.007326,-1.067155
-1.195544,-0.007326,0.105007,2.697751,-0.007328,-1.072039
-1.195544,-0.007326,0.105007,2.697751,0.007326,-1.072039
-1.195544,-0.007326,0.105007,2.697751,0.007326,-1.067155
-1.195544,0.007328,0.100122,2.697751,0.007326,-1.062271
-1.195544,-0.007326,0.100122,2.697751,0.007326,-1.067155
-1.195544,0.007328,0.100122,2.697751,0.021978,-1.072039
-1.195544,-0.021978,0.100122,2.697751,0.007326,-1.067155
-1.195544,-0.007326,0.100122,2.697751,0.007326,-1.067155
-1.195544,-0.021978,0.105007,2.697751,0.007326,-1.067155
-1.195544,-0.021978,0.100122,2.697751,0.007326,-1.067155
-1.195926,-0.021978,0.100122,2.697751,0.021978,-1.072039
-1.195544,-0.007326,0.100122,2.697751,0.007326,-1.072039
-1.195544,0.007328,0.100122,2.697751,0.007326,-1.067155
-1.195544,-0.021978,0.100122,2.697751,0.021978,-1.067155
-1.195544,-0.021978,0.100122,2.697751,-0.007328,-1.067155
-1.195544,0.007328,0.100122,2.697751,0.007326,-1.067155
-1.195544,0.007328,0.105007,2.697751,0.007326,-1.067155
-1.195544,-0.007326,0.105007,2.697751,0.007326,-1.072039
-1.195544,-0.007326,0.105007,2.697751,0.007326,-1.072039
-1.195544,0.007328,0.105007,2.697751,0.007326,-1.072039
-1.195544,0.007328,0.105007,2.697751,-0.007328,-1.067155
-1.195544,-0.007326,0.105007,2.697751,0.007326,-1.067155
-1.195544,0.007328,0.105007,2.697751,0.036631,-1.067155
-1.195544,0.007328,0.105007,2.697751,0.007326,-1.067155
-1.195544,-0.007326,0.105007,2.697751,-0.007328,-1.067155
-1.195544,-0.007326,0.105007,2.697751,0.007326,-1.067155
-1.195544,-0.007326,0.105007,2.697751,0.007326,-1.072039
-1.195544,0.007328,0.105007,2.697751,0.007326,-1.072039
-1.195544,-0.021978,0.105007,2.697751,-0.007328,-1.072039
-1.195544,-0.021978,0.100122,2.697751,0.007326,-1.072039
-1.195544,-0.007326,0.105007,2.697751,-0.007328,-1.067155
-1.195544,-0.007326,0.100122,2.697751,-0.007328,-1.072039
-1.195544,-0.007326,0.105007,2.697751,0.021978,-1.072039
-1.195926,-0.036631,0.105007,2.697751,0.007326,-1.067155
-1.195544,-0.021978,0.105007,2.697751,-0.007328,-1.067155
-1.195544,-0.007326,0.100122,2.697751,0.007326,-1.067155
-1.195544,-0.007326,0.105007,2.697751,-0.007328,-1.067155
-1.195544,-0.007326,0.105007,2.697751,0.007326,-1.067155
-1.195544,0.007328,0.105007,2.697751,0.007326,-1.067155
-1.195544,0.007328,0.105007,2.697751,0.007326,-1.067155
-1.195544,-0.007326,0.105007,2.697751,0.007326,-1.062271
-1.195544,-0.007326,0.100122,2.697751,0.007326,-1.062271
-1.195544,0.007328,0.100122,2.697751,-0.007328,-1.067155
-1.195544,-0.007326,0.100122,2.697751,0.007326,-1.067155
-1.195544,-0.007326,0.105007,2.697751,0.021978,-1.067155
-1.195544,-0.007326,0.105007,2.697751,0.007326,-1.062271
-1.195544,0.007328,0.105007,2.697751,0.007326,-1.067155
-1.195544,-0.021978,0.100122,2.697751,0.007326,-1.067155
-1.195544,-0.007326,0.105007,2.697751,0.007326,-1.062271
-1.195544,-0.007326,0.105007,2.697751,0.021978,-1.062271
-1.195544,-0.007326,0.100122,2.697751,0.021978,-1.067155
-1.195544,-0.007326,0.105007,2.697751,0.007326,-1.067155
-1.195544,-0.007326,0.105007,2.697751,0.007326,-1.067155
-1.195544,-0.007326,0.105007,2.697751,0.007326,-1.067155
-1.195544,-0.007326,0.105007,2.697751,0.007326,-1.067155
-1.195544,0.007328,0.105007,2.697751,-0.007328,-1.067155
-1.195544,0.007328,0.100122,2.697751,0.007326,-1.067155
-1.195544,-0.021978,0.100122,2.697751,0.007326,-1.067155
-1.195544,-0.007326,0.100122,2.697751,0.007326,-1.067155
-1.195544,-0.007326,0.105007,2.697751,0.007326,-1.067155
-1.195544,-0.007326,0.105007,2.697751,-0.007328,-1.062271
-1.195544,-0.007326,0.100122,2.697751,0.007326,-1.062271
-1.195544,-0.021978,0.100122,2.697751,-0.007328,-1.062271
-1.195544,-0.036631,0.100122,2.697751,0.007326,-1.067155
-1.195544,-0.007326,0.100122,2.697751,-0.007328,-1.067155
-1.195544,0.007328,0.100122,2.697751,0.007326,-1.067155
-1.195544,-0.021978,0.100122,2.697751,0.007326,-1.062271
-1.195544,-0.007326,0.100122,2.697751,-0.007328,-1.062271
-1.195544,-0.007326,0.100122,2.697751,-0.007328,-1.067155
-1.195544,0.007328,0.100122,2.697751,0.021978,-1.067155
-1.195544,-0.007326,0.100122,2.697751,0.021978,-1.067155
-1.195544,-0.007326,0.105007,2.697751,0.007326,-1.062271
-1.195544,0.007328,0.105007,2.697751,0.007326,-1.067155
-1.195544,-0.007326,0.100122,2.697751,0.007326,-1.067155
-1.195544,-0.007326,0.100122,2.697751,0.007326,-1.062271
-1.195544,-0.007326,0.105007,2.697751,0.007326,-1.062271
-1.195544,-0.007326,0.105007,2.697751,0.007326,-1.062271
-1.195544,-0.021978,0.105007,2.697751,0.007326,-1.062271
-1.195544,-0.007326,0.100122,2.697751,0.007326,-1.062271
-1.195544,0.007328,0.100122,2.697751,0.036631,-1.062271
-1.195544,-0.007326,0.105007,2.697751,0.007326,-1.062271
-1.195544,-0.021978,0.105007,2.697751,0.007326,-1.062271
-1.195544,-0.021978,0.105007,2.697751,0.007326,-1.067155
-1.195544,-0.007326,0.105007,2.697751,-0.007328,-1.067155
-1.195544,-0.007326,0.105007,2.697751,0.021978,-1.062271
-1.195544,-0.007326,0.105007,2.697751,0.007326,-1.057387
-1.195544,-0.007326,0.105007,2.697751,0.007326,-1.057387
-1.195544,0.007328,0.100122,2.697751,0.007326,-1.057387
-1.195544,-0.021978,0.100122,2.697751,0.021978,-1.062271
-1.195544,-0.007326,0.105007,2.697751,0.007326,-1.062271
-1.195544,0.007328,0.105007,2.697751,0.007326,-1.067155
-1.195544,0.007328,0.100122,2.697751,0.021978,-1.067155
-1.195544,-0.007326,0.105007,2.697751,-0.007328,-1.067155
-1.195544,-0.007326,0.105007,2.697751,0.021978,-1.062271
-1.195544,-0.021978,0.105007,2.697751,0.007326,-1.057387
-1.195544,-0.007326,0.105007,2.697751,-0.007328,-1.062271
-1.195544,-0.021978,0.100122,2.697751,-0.007328,-1.062271
-1.195544,-0.007326,0.100122,2.697751,0.007326,-1.062271
-1.195544,-0.007326,0.105007,2.697751,0.021978,-1.067155
-1.195544,-0.007326,0.105007,2.697751,-0.007328,-1.067155
-1.195544,0.007328,0.100122,2.697751,0.007326,-1.067155
-1.195544,-0.007326,0.100122,2.697751,0.007326,-1.062271
-1.195544,-0.021978,0.100122,2.697751,0.021978,-1.067155
-1.195544,-0.007326,0.100122,2.697751,0.007326,-1.062271
-1.195544,-0.007326,0.105007,2.697751,0.007326,-1.062271
-1.195544,-0.021978,0.105007,2.697751,-0.007328,-1.067155
-1.195544,-0.021978,0.105007,2.697751,0.007326,-1.067155
-1.195544,-0.007326,0.105007,2.697751,0.007326,-1.067155
-1.195544,-0.007326,0.105007,2.697751,-0.007328,-1.062271
-1.195544,0.007328,0.100122,2.697751,-0.007328,-1.067155
-1.195544,-0.021978,0.105007,2.697751,0.007326,-1.067155
-1.195544,-0.021978,0.100122,2.697751,-0.007328,-1.062271
-1.195544,-0.007326,0.100122,2.697751,0.007326,-1.067155
-1.195544,0.007328,0.105007,2.697751,0.007326,-1.067155
-1.195544,-0.021978,0.105007,2.697751,0.007326,-1.062271
-1.195544,0.007328,0.100122,2.697751,0.007326,-1.062271
-1.195544,0.007328,0.100122,2.697751,-0.007328,-1.067155
-1.195544,-0.021978,0.105007,2.697751,0.021978,-1.067155
-1.195544,-0.021978,0.100122,2.697751,-0.007328,-1.062271
-1.195544,-0.007326,0.100122,2.697751,0.007326,-1.062271
-1.195544,0.007328,0.105007,2.697751,0.021978,-1.062271
-1.195544,-0.007326,0.105007,2.697751,0.007326,-1.067155
-1.195544,-0.007326,0.105007,2.697751,0.007326,-1.067155
-1.195544,-0.007326,0.105007,2.697751,0.007326,-1.067155
-1.195544,-0.007326,0.105007,2.697751,0.007326,-1.067155
-1.195544,0.007328,0.105007,2.697751,0.007326,-1.062271
-1.195544,-0.007326,0.105007,2.697751,0.007326,-1.067155
-1.195544,-0.021978,0.105007,2.697751,0.021978,-1.067155
-1.195544,0.007328,0.105007,2.697751,0.007326,-1.067155
-1.195544,-0.007326,0.105007,2.697751,0.007326,-1.067155
-1.195544,-0.007326,0.100122,2.697751,0.021978,-1.067155
-1.195544,-0.021978,0.100122,2.697751,0.021978,-1.067155
-1.195544,-0.007326,0.100122,2.697751,0.007326,-1.062271
-1.195544,-0.007326,0.100122,2.697751,0.007326,-1.062271
-1.195544,-0.021978,0.100122,2.697751,0.007326,-1.062271
-1.195544,-0.007326,0.105007,2.697751,-0.007328,-1.062271
-1.195544,-0.021978,0.100122,2.697751,-0.007328,-1.067155
-1.195544,-0.007326,0.105007,2.697751,0.021978,-1.067155
-1.195544,-0.007326,0.105007,2.697751,0.021978,-1.062271
-1.195544,-0.007326,0.105007,2.697751,0.007326,-1.062271
-1.195544,-0.007326,0.100122,2.697751,0.021978,-1.062271
-1.195544,0.007328,0.105007,2.697751,0.007326,-1.062271
-1.195544,-0.007326,0.105007,2.697751,-0.007328,-1.062271
-1.195544,-0.007326,0.105007,2.697751,0.007326,-1.067155
-1.195544,0.021980,0.105007,2.697751,0.021978,-1.067155
-1.195544,0.007328,0.105007,2.697751,0.021978,-1.062271
-1.195544,-0.007326,0.105007,2.697751,-0.007328,-1.062271
-1.195544,-0.007326,0.105007,2.697751,0.007326,-1.067155
-1.195544,-0.007326,0.100122,2.697751,-0.007328,-1.062271
-1.195544,-0.021978,0.100122,2.697751,-0.007328,-1.067155
-1.195544,0.007328,0.105007,2.697751,0.007326,-1.067155
-1.195544,-0.021978,0.100122,2.697751,0.007326,-1.062271
-1.195544,-0.007326,0.105007,2.697751,0.007326,-1.062271
-1.195544,0.007328,0.105007,2.697751,0.021978,-1.062271
-1.195544,-0.007326,0.105007,2.697751,0.007326,-1.062271
-1.195544,-0.007326,0.105007,2.697751,0.007326,-1.062271
-1.195544,-0.007326,0.100122,2.697751,0.007326,-1.062271
-1.195544,-0.007326,0.100122,2.697751,-0.007328,-1.062271
-1.195544,-0.021978,0.100122,2.697751,-0.007328,-1.062271
-1.195544,-0.021978,0.100122,2.697751,0.021978,-1.072039
-1.195544,-0.007326,0.100122,2.697751,-0.007328,-1.067155
-1.195544,0.007328,0.100122,2.697751,0.007326,-1.062271
-1.195544,-0.007326,0.100122,2.697751,0.007326,-1.057387
-1.195544,-0.007326,0.100122,2.697751,0.021978,-1.057387
-1.195544,-0.007326,0.100122,2.697751,0.021978,-1.062271
-1.195544,-0.007326,0.100122,2.697751,-0.007328,-1.062271
-1.195544,-0.007326,0.100122,2.697751,0.021978,-1.067155
-1.195544,-0.007326,0.100122,2.697751,0.007326,-1.062271
-1.195544,-0.007326,0.105007,2.697751,-0.007328,-1.062271
-1.195544,-0.007326,0.100122,2.697751,0.021978,-1.067155
-1.195544,-0.007326,0.100122,2.697751,0.021978,-1.067155
-1.195544,-0.021978,0.100122,2.697751,0.007326,-1.067155
-1.195544,-0.007326,0.100122,2.697751,0.007326,-1.062271
-1.195544,-0.007326,0.100122,2.697751,-0.007328,-1.062271
-1.195544,-0.021978,0.105007,2.697751,0.007326,-1.067155
-1.195926,-0.021978,0.105007,2.697751,0.007326,-1.067155
-1.195926,-0.021978,0.100122,2.697751,0.021978,-1.067155
-1.195544,0.007328,0.105007,2.697751,0.007326,-1.067155
-1.195544,-0.007326,0.100122,2.697751,0.021978,-1.067155
-1.195544,-0.021978,0.100122,2.697751,-0.007328,-1.062271
-1.195544,-0.007326,0.105007,2.697751,0.007326,-1.067155
-1.195544,0.007328,0.105007,2.697751,0.021978,-1.067155
-1.195544,-0.007326,0.105007,2.697751,-0.007328,-1.062271
-1.195544,-0.007326,0.100122,2.697751,0.007326,-1.062271
-1.195544,-0.007326,0.100122,2.697751,-0.007328,-1.067155
-1.195544,-0.007326,0.105007,2.697751,0.021978,-1.067155
-1.195544,0.007328,0.105007,2.697751,0.021978,-1.067155
-1.195544,-0.021978,0.100122,2.697751,0.007326,-1.067155
-1.195544,-0.021978,0.100122,2.697751,0.007326,-1.067155
-1.195544,-0.007326,0.100122,2.697751,0.007326,-1.067155
-1.195544,-0.021978,0.105007,2.697751,0.007326,-1.067155
-1.195544,-0.007326,0.105007,2.697751,0.007326,-1.067155
-1.195544,-0.007326,0.100122,2.697751,0.007326,-1.067155
-1.195544,-0.007326,0.100122,2.697751,-0.007328,-1.067155
-1.195544,-0.007326,0.100122,2.697751,0.007326,-1.067155
-1.195544,-0.007326,0.105007,2.697751,0.007326,-1.067155
-1.195544,-0.007326,0.105007,2.697751,0.007326,-1.062271
-1.195544,-0.007326,0.105007,2.697751,0.021978,-1.067155
-1.195544,-0.007326,0.105007,2.697751,0.007326,-1.067155
-1.195544,-0.007326,0.100122,2.697751,0.021978,-1.062271
-1.195544,-0.007326,0.100122,2.697751,0.007326,-1.067155
-1.195544,-0.007326,0.100122,2.697751,-0.007328,-1.067155
-1.195544,-0.007326,0.100122,2.697751,0.007326,-1.067155
-1.195544,-0.007326,0.105007,2.697751,0.007326,-1.062271
-1.195544,-0.007326,0.105007,2.697751,0.021978,-1.067155
-1.195544,-0.007326,0.105007,2.697751,0.007326,-1.062271
-1.195544,-0.007326,0.100122,2.697751,0.021978,-1.062271
-1.195544,-0.007326,0.100122,2.697751,0.007326,-1.062271
-1.195544,0.007328,0.105007,2.697751,0.007326,-1.062271
-1.195544,0.007328,0.100122,2.697751,0.007326,-1.062271
-1.195544,-0.021978,0.100122,2.697751,0.021978,-1.062271
-1.195544,-0.007326,0.105007,2.697751,-0.007328,-1.062271
-1.195544,0.007328,0.105007,2.697751,0.007326,-1.067155
-1.195544,-0.007326,0.105007,2.697751,0.021978,-1.067155
-1.195544,-0.007326,0.105007,2.697751,0.007326,-1.062271
-1.195544,-0.007326,0.100122,2.697751,0.021978,-1.062271
-1.195544,0.007328,0.105007,2.697751,0.007326,-1.062271
-1.195544,-0.007326,0.105007,2.697751,0.007326,-1.062271
-1.195544,-0.007326,0.100122,2.697751,0.021978,-1.062271
-1.195544,-0.007326,0.105007,2.697751,0.007326,-1.062271
-1.195544,-0.007326,0.100122,2.697751,-0.007328,-1.067155
-1.195544,-0.021978,0.100122,2.697751,0.007326,-1.067155
-1.195544,-0.007326,0.100122,2.697751,0.021978,-1.062271
-1.195544,-0.007326,0.100122,2.697751,-0.007328,-1.062271
-1.195544,-0.021978,0.100122,2.697751,0.007326,-1.062271
-1.195544,-0.021978,0.100122,2.697751,0.007326,-1.067155
-1.195544,-0.007326,0.105007,2.697751,-0.007328,-1.067155
-1.195544,-0.007326,0.105007,2.697751,-0.007328,-1.072039
-1.195544,-0.007326,0.100122,2.697751,-0.007328,-1.067155
-1.195544,-0.007326,0.100122,2.697751,0.021978,-1.067155
-1.195544,0.007328,0.100122,2.697751,0.021978,-1.062271
-1.195544,-0.021978,0.100122,2.697751,-0.007328,-1.057387
-1.195544,0.007328,0.100122,2.697751,0.021978,-1.062271
-1.195544,-0.007326,0.100122,2.697751,0.007326,-1.067155
-1.195544,-0.007326,0.100122,2.697751,0.021978,-1.067155
-1.195926,-0.036631,0.100122,2.697751,0.007326,-1.062271
-1.195544,-0.007326,0.100122,2.697751,0.007326,-1.062271
-1.195544,-0.007326,0.100122,2.697751,0.007326,-1.067155
-1.195544,-0.007326,0.100122,2.697751,0.007326,-1.062271
-1.195544,-0.007326,0.100122,2.697751,0.007326,-1.067155
-1.195544,-0.007326,0.100122,2.697751,-0.007328,-1.062271
-1.195544,-0.007326,0.105007,2.697751,0.007326,-1.067155
-1.195544,-0.007326,0.100122,2.697751,0.007326,-1.062271
-1.195544,0.007328,0.100122,2.697751,0.007326,-1.067155
-1.195926,-0.021978,0.100122,2.697751,-0.007328,-1.067155
-1.195544,0.007328,0.100122,2.697751,-0.007328,-1.067155
-1.195544,-0.021978,0.105007,2.697751,-0.007328,-1.067155
-1.195544,-0.007326,0.105007,2.697751,0.007326,-1.067155
-1.195544,-0.021978,0.105007,2.697751,0.021978,-1.062271
-1.195544,0.007328,0.105007,2.697751,0.007326,-1.062271
-1.195544,0.007328,0.100122,2.697751,0.007326,-1.062271
-1.195544,-0.007326,0.105007,2.697751,0.021978,-1.062271
-1.195544,-0.007326,0.105007,2.697751,0.007326,-1.062271
-1.195544,0.007328,0.100122,2.697751,0.007326,-1.067155
-1.195544,-0.007326,0.105007,2.697751,-0.007328,-1.067155
-1.195544,-0.007326,0.105007,2.697751,0.007326,-1.067155
-1.195544,-0.021978,0.105007,2.697751,0.021978,-1.067155
-1.195544,-0.007326,0.105007,2.697751,-0.007328,-1.067155
-1.195544,-0.007326,0.105007,2.697751,0.007326,-1.067155
-1.195544,-0.007326,0.105007,2.697751,0.007326,-1.067155
-1.195544,-0.007326,0.105007,2.697751,-0.007328,-1.067155
-1.195544,-0.007326,0.100122,2.697751,0.007326,-1.067155
-1.195544,-0.007326,0.105007,2.697751,0.007326,-1.067155
-1.195544,-0.007326,0.105007,2.697751,0.007326,-1.067155
-1.195544,-0.007326,0.100122,2.697751,0.007326,-1.067155
-1.195544,-0.021978,0.100122,2.697751,0.007326,-1.062271
-1.195544,-0.007326,0.100122,2.697751,0.007326,-1.062271
-1.195544,-0.007326,0.105007,2.697751,-0.007328,-1.067155
-1.195544,-0.007326,0.105007,2.697751,0.007326,-1.067155
-1.195544,0.007328,0.105007,2.697751,0.007326,-1.062271
-1.195544,-0.007326,0.100122,2.697751,0.021978,-1.062271
-1.195544,-0.007326,0.105007,2.697751,-0.007328,-1.062271
-1.195544,-0.007326,0.105007,2.697751,0.021978,-1.062271
-1.195544,-0.021978,0.100122,2.697751,0.007326,-1.062271
-1.195544,-0.007326,0.105007,2.697751,0.007326,-1.062271
-1.195544,0.007328,0.100122,2.697751,-0.007328,-1.062271
-1.195544,-0.007326,0.100122,2.697751,0.007326,-1.067155
-1.195544,-0.007326,0.100122,2.697751,0.007326,-1.067155
-1.195544,-0.007326,0.105007,2.697751,0.007326,-1.067155
-1.195544,-0.007326,0.105007,2.697751,0.007326,-1.067155
-1.195544,-0.021978,0.105007,2.697751,0.007326,-1.062271
-1.195544,-0.021978,0.100122,2.697751,0.007326,-1.067155
-1.195544,0.007328,0.100122,2.697751,0.007326,-1.067155
-1.195544,0.007328,0.105007,2.697751,-0.007328,-1.067155
-1.195544,-0.007326,0.100122,2.697751,0.007326,-1.067155
-1.195544,-0.007326,0.100122,2.697751,0.007326,-1.062271
-1.195544,-0.021978,0.100122,2.697751,0.007326,-1.067155
-1.195544,-0.021978,0.100122,2.697751,0.007326,-1.062271
-1.195544,-0.021978,0.100122,2.697751,-0.007328,-1.062271
-1.195544,-0.007326,0.100122,2.697751,0.007326,-1.067155
-1.195544,-0.007326,0.105007,2.697751,0.021978,-1.067155
-1.195544,-0.007326,0.105007,2.697751,0.007326,-1.062271
-1.195544,0.007328,0.100122,2.697751,0.007326,-1.067155
-1.195544,0.007328,0.100122,2.697751,-0.007328,-1.067155
-1.195544,-0.021978,0.100122,2.697751,0.021978,-1.067155
-1.195544,0.007328,0.105007,2.697751,-0.007328,-1.062271
-1.195544,-0.007326,0.105007,2.697751,0.007326,-1.067155
-1.195544,0.007328,0.105007,2.697751,0.007326,-1.067155
-1.195544,-0.007326,0.100122,2.697751,0.007326,-1.067155
-1.195544,0.007328,0.105007,2.697751,0.007326,-1.067155
-1.195544,-0.021978,0.100122,2.697751,0.007326,-1.062271
-1.195544,0.007328,0.100122,2.697751,-0.007328,-1.062271
-1.195544,-0.007326,0.105007,2.697751,0.007326,-1.062271
-1.195544,-0.021978,0.105007,2.697751,0.007326,-1.067155
-1.195544,0.007328,0.105007,2.697751,0.021978,-1.067155
-1.195544,-0.007326,0.105007,2.697751,0.007326,-1.067155
-1.195544,0.007328,0.105007,2.697751,0.007326,-1.067155
-1.195544,-0.007326,0.100122,2.697751,0.007326,-1.067155
-1.195544,-0.007326,0.105007,2.697751,0.007326,-1.062271
-1.195544,-0.007326,0.105007,2.697751,0.007326,-1.057387
-1.195544,0.007328,0.100122,2.697751,-0.007328,-1.062271
-1.195544,-0.007326,0.105007,2.697751,0.007326,-1.067155
-1.195544,-0.007326,0.100122,2.697751,0.007326,-1.062271
-1.195544,-0.021978,0.105007,2.697751,0.007326,-1.062271
-1.195544,-0.007326,0.105007,2.697751,0.007326,-1.067155
-1.195544,-0.007326,0.105007,2.697751,0.007326,-1.062271
-1.195544,-0.007326,0.100122,2.697751,-0.007328,-1.062271
-1.195544,-0.007326,0.105007,2.697751,0.007326,-1.062271
-1.195544,-0.007326,0.105007,2.697751,0.021978,-1.067155
-1.195544,-0.007326,0.105007,2.697751,0.007326,-1.062271
-1.195544,-0.021978,0.100122,2.697751,0.007326,-1.067155
-1.195544,-0.007326,0.105007,2.697751,0.021978,-1.067155
-1.195544,-0.007326,0.105007,2.697751,-0.007328,-1.067155
-1.195544,-0.021978,0.100122,2.697751,0.007326,-1.067155
-1.195544,-0.021978,0.105007,2.697751,0.007326,-1.062271
-1.195544,-0.007326,0.105007,2.697751,0.007326,-1.067155
-1.195544,-0.007326,0.100122,2.697751,0.007326,-1.067155
-1.195544,-0.007326,0.100122,2.697751,0.021978,-1.062271
-1.195544,-0.007326,0.105007,2.697751,-0.021980,-1.062271
-1.195544,-0.021978,0.105007,2.697751,-0.007328,-1.067155
-1.195544,-0.007326,0.105007,2.697751,-0.007328,-1.067155
-1.195926,-0.036631,0.100122,2.697751,0.021978,-1.067155
-1.195544,-0.007326,0.100122,2.697751,0.007326,-1.062271
-1.195544,-0.007326,0.105007,2.697751,0.007326,-1.062271
-1.195544,-0.007326,0.105007,2.697751,0.007326,-1.062271
-1.195544,0.007328,0.100122,2.697751,-0.007328,-1.067155
-1.195544,-0.007326,0.105007,2.697751,-0.007328,-1.067155
-1.195544,-0.007326,0.100122,2.697751,0.021978,-1.067155
-1.195544,-0.021978,0.100122,2.697751,-0.007328,-1.067155
-1.195544,0.007328,0.100122,2.697751,0.007326,-1.062271
-1.195544,-0.007326,0.100122,2.697751,0.007326,-1.062271
-1.195544,-0.007326,0.105007,2.697751,-0.007328,-1.067155
-1.195544,-0.007326,0.105007,2.697751,0.007326,-1.067155
-1.195544,-0.007326,0.100122,2.697751,0.021978,-1.062271
-1.195544,-0.021978,0.105007,2.697751,-0.007328,-1.062271
-1.195926,-0.021978,0.100122,2.697751,0.021978,-1.062271
-1.195544,-0.007326,0.100122,2.697751,0.021978,-1.062271
-1.195544,-0.021978,0.100122,2.697751,0.007326,-1.062271
-1.195544,-0.007326,0.100122,2.697751,0.007326,-1.062271
-1.195544,-0.007326,0.100122,2.697751,0.007326,-1.067155
-1.195544,-0.007326,0.100122,2.697751,0.007326,-1.067155
-1.195544,-0.007326,0.105007,2.697751,-0.007328,-1.062271
-1.195544,-0.007326,0.105007,2.697751,0.007326,-1.067155
-1.195544,-0.021978,0.105007,2.697751,0.007326,-1.067155
-1.195544,-0.007326,0.105007,2.697751,0.021978,-1.062271
-1.195544,-0.007326,0.100122,2.697751,-0.007328,-1.062271
-1.195544,0.007328,0.105007,2.697751,0.021978,-1.062271
-1.195544,-0.007326,0.100122,2.697751,0.007326,-1.062271
-1.195544,-0.007326,0.100122,2.697751,0.007326,-1.067155
-1.195544,-0.007326,0.100122,2.697751,0.007326,-1.062271
-1.195544,-0.007326,0.105007,2.697751,0.007326,-1.062271
-1.195544,-0.021978,0.105007,2.697751,-0.007328,-1.067155
-1.195544,-0.007326,0.105007,2.697751,0.021978,-1.067155
-1.195544,-0.007326,0.105007,2.697751,0.021978,-1.062271
-1.195544,0.007328,0.105007,2.697751,0.021978,-1.062271
-1.195544,-0.007326,0.105007,2.697751,-0.007328,-1.057387
-1.195544,-0.021978,0.105007,2.697751,0.007326,-1.062271
-1.195544,-0.007326,0.105007,2.697751,-0.007328,-1.062271
-1.195544,-0.007326,0.105007,2.697751,0.007326,-1.067155
-1.195544,0.007328,0.105007,2.697751,0.007326,-1.067155
-1.195544,-0.007326,0.105007,2.697751,0.007326,-1.067155
-1.195544,-0.007326,0.100122,2.697751,0.007326,-1.067155
-1.195544,-0.007326,0.100122,2.697751,0.007326,-1.067155
-1.195544,-0.007326,0.100122,2.697751,0.007326,-1.067155
-1.195544,-0.021978,0.105007,2.697751,0.007326,-1.067155
-1.195544,0.007328,0.100122,2.697751,0.007326,-1.062271
-1.195544,0.007328,0.100122,2.697751,0.007326,-1.062271
-1.195544,0.007328,0.100122,2.697751,0.007326,-1.067155
-1.195544,0.007328,0.105007,2.697751,0.007326,-1.067155
-1.195544,-0.007326,0.100122,2.697751,-0.007328,-1.067155
-1.195544,-0.007326,0.105007,2.697751,-0.007328,-1.067155
-1.195544,-0.021978,0.100122,2.697751,0.007326,-1.067155
-1.195544,0.007328,0.100122,2.697751,0.007326,-1.062271
-1.195544,-0.007326,0.105007,2.697751,0.007326,-1.067155
-1.195544,0.007328,0.100122,2.697751,0.007326,-1.067155
-1.195544,-0.007326,0.100122,2.697751,0.007326,-1.067155
-1.195544,0.007328,0.100122,2.697751,0.007326,-1.067155
-1.195544,-0.007326,0.100122,2.697751,0.007326,-1.067155
-1.195544,0.007328,0.100122,2.697751,-0.007328,-1.067155
-1.195544,-0.007326,0.100122,2.697751,0.021978,-1.067155
-1.195544,-0.007326,0.100122,2.697751,0.007326,-1.062271
-1.195544,0.007328,0.100122,2.697751,-0.007328,-1.062271
-1.195544,-0.007326,0.100122,2.697751,0.021978,-1.062271
-1.195544,-0.021978,0.100122,2.697751,-0.007328,-1.062271
-1.195544,-0.007326,0.105007,2.697751,0.007326,-1.062271
-1.195544,0.007328,0.105007,2.697751,0.021978,-1.067155
-1.195544,0.007328,0.105007,2.697751,0.021978,-1.067155
-1.195544,-0.007326,0.105007,2.697751,0.021978,-1.062271
-1.195544,-0.007326,0.105007,2.697751,0.007326,-1.062271
-1.195544,-0.007326,0.105007,2.697751,0.007326,-1.067155
-1.195544,-0.007326,0.100122,2.697751,-0.007328,-1.067155
-1.195544,-0.007326,0.100122,2.697751,0.007326,-1.067155
-1.195544,-0.007326,0.100122,2.697751,-0.007328,-1.067155
-1.195544,-0.007326,0.105007,2.697751,-0.007328,-1.067155
-1.195544,-0.021978,0.105007,2.697751,0.007326,-1.067155
-1.195544,-0.007326,0.105007,2.697751,0.007326,-1.067155
-1.195544,-0.007326,0.105007,2.697751,0.007326,-1.062271
-1.195926,-0.036631,0.100122,2.697751,0.007326,-1.062271
-1.195544,-0.007326,0.105007,2.697751,0.021978,-1.067155
-1.195544,-0.007326,0.100122,2.697751,0.007326,-1.062271
-1.195544,-0.007326,0.105007,2.697751,0.007326,-1.062271
-1.195544,-0.007326,0.100122,2.697751,0.007326,-1.067155
-1.195544,-0.007326,0.100122,2.697751,0.007326,-1.067155
-1.195544,-0.007326,0.105007,2.697751,0.007326,-1.067155
-1.195544,-0.007326,0.100122,2.697751,0.021978,-1.067155
-1.195544,-0.007326,0.105007,2.697751,-0.007328,-1.062271
-1.195544,-0.007326,0.100122,2.697751,-0.007328,-1.067155
-1.195544,-0.007326,0.100122,2.697751,0.007326,-1.067155
-1.195544,-0.007326,0.100122,2.697751,-0.007328,-1.067155
-1.195544,-0.007326,0.100122,2.697751,0.007326,-1.067155
-1.195544,-0.007326,0.100122,2.697751,0.007326,-1.062271
-1.195544,0.007328,0.100122,2.697751,-0.007328,-1.062271
-1.195544,-0.021978,0.100122,2.697751,-0.007328,-1.062271
-1.195544,-0.007326,0.100122,2.697751,0.007326,-1.062271
-1.195544,-0.007326,0.100122,2.697751,0.021978,-1.067155
-1.195544,-0.007326,0.100122,2.697751,0.007326,-1.062271
-1.195544,-0.021978,0.100122,2.697751,-0.007328,-1.062271
-1.195544,-0.021978,0.100122,2.697751,0.007326,-1.067155
-1.195544,-0.021978,0.105007,2.697751,0.007326,-1.067155
-1.195544,0.007328,0.100122,2.697751,0.007326,-1.067155
-1.195544,-0.007326,0.105007,2.697751,0.007326,-1.062271
-1.195544,-0.007326,0.100122,2.697751,0.007326,-1.062271
-1.195544,-0.007326,0.100122,2.697751,0.007326,-1.062271
-1.195544,-0.021978,0.100122,2.697751,-0.007328,-1.067155
-1.195544,-0.007326,0.100122,2.697751,0.021978,-1.067155
-1.195544,-0.007326,0.100122,2.697751,-0.007328,-1.062271
-1.195544,-0.007326,0.100122,2.697751,0.007326,-1.062271
-1.195544,-0.007326,0.105007,2.697751,-0.007328,-1.062271
-1.195544,-0.007326,0.105007,2.697751,0.007326,-1.067155
-1.195544,-0.007326,0.100122,2.697751,0.007326,-1.067155
-1.195544,-0.007326,0.100122,2.697751,0.007326,-1.067155
-1.195544,-0.007326,0.100122,2.697751,0.007326,-1.067155
-1.195544,-0.007326,0.100122,2.697751,0.021978,-1.062271
-1.195544,-0.007326,0.100122,2.697751,0.007326,-1.067155
-1.195544,-0.007326,0.100122,2.697751,0.021978,-1.067155
-1.195544,0.007328,0.105007,2.697751,0.007326,-1.062271
-1.195544,-0.007326,0.105007,2.697751,0.021978,-1.062271
-1.195544,-0.007326,0.100122,2.697751,0.007326,-1.062271
-1.195544,-0.007326,0.100122,2.697751,0.007326,-1.062271
-1.195544,0.007328,0.100122,2.697751,0.007326,-1.062271
-1.195544,0.007328,0.105007,2.697751,0.007326,-1.062271
-1.195544,-0.007326,0.100122,2.697751,0.007326,-1.062271
-1.195544,-0.021978,0.105007,2.697751,0.007326,-1.062271
-1.195544,-0.007326,0.100122,2.697751,0.021978,-1.062271
-1.195544,0.007328,0.100122,2.697751,0.007326,-1.067155
-1.195544,-0.021978,0.100122,2.697751,0.007326,-1.067155
-1.195544,-0.007326,0.105007,2.697751,-0.007328,-1.067155
-1.195544,-0.007326,0.100122,2.697751,0.021978,-1.067155
-1.195544,-0.007326,0.105007,2.697751,0.007326,-1.067155
-1.195544,0.021980,0.100122,2.697751,0.021978,-1.067155
-1.195544,-0.007326,0.105007,2.697751,0.007326,-1.062271
-1.195544,-0.021978,0.105007,2.697751,0.007326,-1.062271
-1.195544,-0.007326,0.100122,2.697751,-0.007328,-1.067155
-1.195544,-0.021978,0.105007,2.697751,0.007326,-1.067155
-1.195544,-0.007326,0.105007,2.697751,-0.007328,-1.062271
-1.195544,0.007328,0.100122,2.697751,0.007326,-1.062271
-1.195544,-0.007326,0.100122,2.697751,0.007326,-1.062271
-1.195544,-0.007326,0.105007,2.697751,-0.007328,-1.062271
-1.195544,-0.007326,0.105007,2.697751,0.007326,-1.062271
-1.195544,0.007328,0.100122,2.697751,0.021978,-1.062271
-1.195544,-0.007326,0.105007,2.697751,0.007326,-1.062271
-1.195544,0.007328,0.105007,2.697751,-0.007328,-1.062271
-1.195544,-0.021978,0.100122,2.697751,0.007326,-1.067155
-1.195544,0.007328,0.105007,2.697751,0.021978,-1.067155
-1.195544,-0.021978,0.100122,2.697751,0.007326,-1.067155
-1.195544,-0.007326,0.105007,2.697751,0.021978,-1.067155
-1.195544,-0.007326,0.105007,2.697751,-0.007328,-1.062271
-1.195544,-0.021978,0.100122,2.697751,-0.007328,-1.062271
-1.195544,-0.021978,0.100122,2.697751,0.007326,-1.067155
-1.195544,0.007328,0.100122,2.697751,0.007326,-1.067155
-1.195544,-0.007326,0.100122,2.697751,0.021978,-1.067155
-1.195544,-0.021978,0.100122,2.697751,0.007326,-1.062271
-1.195544,-0.007326,0.105007,2.697751,0.007326,-1.062271
-1.195544,-0.007326,0.105007,2.697751,0.021978,-1.067155
-1.195544,0.007328,0.105007,2.697751,0.007326,-1.062271
-1.195544,-0.021978,0.105007,2.697751,0.007326,-1.067155
-1.195544,-0.021978,0.105007,2.697751,0.021978,-1.062271
-1.195544,-0.007326,0.100122,2.697751,0.007326,-1.062271
-1.195544,-0.007326,0.105007,2.697751,-0.007328,-1.067155
-1.195544,-0.007326,0.105007,2.697751,0.007326,-1.067155
-1.195544,0.007328,0.105007,2.697751,-0.007328,-1.067155
-1.195926,-0.036631,0.100122,2.697751,0.007326,-1.072039
-1.195544,0.007328,0.100122,2.697751,0.007326,-1.067155
-1.195544,-0.007326,0.100122,2.697751,0.007326,-1.062271
-1.195544,0.007328,0.105007,2.697751,0.007326,-1.062271
-1.195544,-0.021978,0.105007,2.697751,0.007326,-1.062271
-1.195544,0.007328,0.100122,2.697751,0.007326,-1.067155
-1.195544,-0.007326,0.105007,2.697751,-0.007328,-1.062271
-1.195544,0.007328,0.105007,2.697751,0.007326,-1.067155
-1.195544,-0.021978,0.105007,2.697751,0.007326,-1.067155
-1.195544,0.007328,0.100122,2.697751,-0.007328,-1.062271
-1.195544,-0.007326,0.105007,2.697751,0.021978,-1.067155
-1.195544,-0.007326,0.105007,2.697751,0.021978,-1.067155
-1.195544,-0.007326,0.100122,2.697751,-0.007328,-1.067155
-1.195544,0.007328,0.100122,2.697751,0.007326,-1.062271
-1.195544,-0.007326,0.100122,2.697751,-0.007328,-1.062271
-1.195544,-0.007326,0.100122,2.697751,0.021978,-1.062271
-1.195544,-0.007326,0.100122,2.697751,0.007326,-1.067155
-1.195544,-0.007326,0.100122,2.697751,0.007326,-1.062271
-1.195544,-0.007326,0.100122,2.697751,0.021978,-1.062271
-1.195544,-0.007326,0.100122,2.697751,0.007326,-1.062271
-1.195544,-0.007326,0.105007,2.697751,0.007326,-1.067155
-1.195544,-0.007326,0.105007,2.697751,0.007326,-1.067155
-1.195544,0.007328,0.105007,2.697751,-0.007328,-1.062271
-1.195544,-0.007326,0.105007,2.697751,0.007326,-1.067155
-1.195544,0.021980,0.105007,2.697751,0.007326,-1.062271
-1.195544,-0.007326,0.105007,2.697751,0.007326,-1.062271
-1.195544,-0.021978,0.100122,2.697751,0.007326,-1.067155
-1.195544,-0.007326,0.100122,2.697751,-0.007328,-1.067155
-1.195544,0.007328,0.105007,2.697751,0.021978,-1.072039
-1.195544,0.007328,0.105007,2.697751,0.021978,-1.067155
-1.195544,-0.021978,0.100122,2.697751,-0.007328,-1.062271
-1.195544,-0.007326,0.105007,2.697751,0.036631,-1.067155
-1.195544,-0.007326,0.100122,2.697751,0.021978,-1.062271
-1.195544,-0.007326,0.100122,2.697751,-0.007328,-1.062271
-1.195544,-0.007326,0.100122,2.697751,0.021978,-1.067155
-1.195544,-0.007326,0.100122,2.697751,0.007326,-1.062271
-1.195544,-0.007326,0.100122,2.697751,0.021978,-1.062271
-1.195544,0.007328,0.100122,2.697751,0.021978,-1.067155
-1.195544,-0.021978,0.105007,2.697751,0.007326,-1.062271
-1.195544,-0.007326,0.105007,2.697751,0.007326,-1.062271
-1.195544,-0.007326,0.105007,2.697751,0.007326,-1.062271
-1.195544,-0.007326,0.105007,2.697751,0.007326,-1.067155
-1.195926,-0.036631,0.105007,2.697751,-0.007328,-1.067155
-1.195544,0.007328,0.105007,2.697751,0.021978,-1.072039
-1.195544,0.021980,0.105007,2.697751,0.007326,-1.067155
-1.195544,-0.021978,0.100122,2.697751,0.007326,-1.067155
-1.195544,0.007328,0.105007,2.697751,0.021978,-1.067155
-1.195544,-0.021978,0.100122,2.697751,0.007326,-1.062271
-1.195544,-0.007326,0.100122,2.697751,0.007326,-1.067155
-1.195544,-0.021978,0.100122,2.697751,0.007326,-1.062271
-1.195544,-0.021978,0.105007,2.697751,0.007326,-1.067155
-1.195544,-0.007326,0.100122,2.697751,0.036631,-1.067155
-1.195544,-0.007326,0.100122,2.697751,-0.007328,-1.067155
-1.195544,-0.007326,0.105007,2.697751,0.007326,-1.067155
-1.195544,-0.007326,0.105007,2.697751,0.007326,-1.067155
-1.195544,-0.021978,0.105007,2.697751,0.021978,-1.067155
-1.195544,-0.007326,0.100122,2.697751,0.007326,-1.062271
-1.195544,-0.007326,0.100122,2.697751,0.007326,-1.062271
-1.195544,-0.007326,0.105007,2.697751,0.021978,-1.062271
-1.195544,-0.007326,0.105007,2.697751,0.007326,-1.067155
-1.195544,-0.007326,0.105007,2.697751,0.021978,-1.067155
-1.195544,-0.007326,0.105007,2.697751,0.007326,-1.067155
-1.195544,-0.021978,0.105007,2.697751,0.007326,-1.067155
-1.195544,-0.007326,0.105007,2.697751,-0.007328,-1.067155
-1.195544,-0.007326,0.100122,2.697751,0.007326,-1.062271
-1.195544,-0.021978,0.100122,2.697751,-0.007328,-1.062271
-1.195544,-0.007326,0.100122,2.697751,0.021978,-1.067155
-1.195544,-0.007326,0.105007,2.697751,0.021978,-1.062271
-1.195544,0.007328,0.100122,2.697751,0.007326,-1.062271
-1.195544,-0.007326,0.100122,2.697751,0.007326,-1.062271
-1.195544,-0.007326,0.100122,2.697751,0.021978,-1.067155
-1.195544,-0.007326,0.105007,2.697751,0.007326,-1.067155
-1.195544,-0.021978,0.105007,2.697751,-0.007328,-1.062271
-1.195544,-0.007326,0.100122,2.697751,0.007326,-1.067155
-1.195544,-0.007326,0.105007,2.697751,0.007326,-1.067155
-1.195544,-0.007326,0.105007,2.697751,0.007326,-1.062271
-1.195544,-0.021978,0.105007,2.697751,0.021978,-1.062271
-1.195544,-0.021978,0.105007,2.697751,0.007326,-1.062271
-1.195544,-0.007326,0.100122,2.697751,0.007326,-1.062271
-1.195544,-0.007326,0.105007,2.697751,0.007326,-1.062271
-1.195544,-0.007326,0.100122,2.697751,0.007326,-1.062271
-1.195544,-0.007326,0.100122,2.697751,0.007326,-1.062271
-1.195544,-0.007326,0.100122,2.697751,-0.007328,-1.062271
-1.195544,-0.007326,0.105007,2.697751,0.007326,-1.062271
-1.195544,-0.007326,0.105007,2.697751,0.021978,-1.067155
-1.195544,-0.021978,0.100122,2.697751,0.007326,-1.067155
-1.195544,-0.007326,0.100122,2.697751,0.007326,-1.067155
-1.195544,0.007328,0.100122,2.697751,0.007326,-1.067155
-1.195544,-0.007326,0.105007,2.697751,-0.007328,-1.067155
-1.195544,-0.021978,0.105007,2.697751,0.007326,-1.067155
-1.195926,-0.021978,0.105007,2.697751,0.007326,-1.067155
-1.195544,-0.007326,0.105007,2.697751,0.007326,-1.072039
-1.195544,-0.007326,0.105007,2.697751,0.021978,-1.067155
-1.195544,0.007328,0.100122,2.697751,0.021978,-1.062271
-1.195544,-0.007326,0.105007,2.697751,0.007326,-1.062271
-1.195544,0.007328,0.105007,2.697751,0.007326,-1.062271
-1.195544,-0.021978,0.100122,2.697751,0.007326,-1.062271
-1.195544,-0.007326,0.100122,2.697751,0.007326,-1.067155
-1.195544,-0.007326,0.100122,2.697751,0.007326,-1.062271
-1.195544,0.007328,0.100122,2.697751,-0.007328,-1.062271
-1.195544,-0.007326,0.105007,2.697751,0.007326,-1.067155
-1.195544,-0.007326,0.100122,2.697751,-0.007328,-1.067155
-1.195544,-0.021978,0.100122,2.697751,-0.007328,-1.067155
-1.195544,-0.007326,0.100122,2.697751,-0.007328,-1.067155
-1.195544,-0.007326,0.105007,2.697751,-0.007328,-1.067155
-1.195544,-0.007326,0.105007,2.697751,0.007326,-1.062271
-1.195544,0.007328,0.100122,2.697751,-0.007328,-1.062271
-1.195544,-0.007326,0.100122,2.697751,0.007326,-1.067155
-1.195544,-0.021978,0.100122,2.697751,-0.007328,-1.062271
-1.195544,-0.007326,0.100122,2.697751,0.007326,-1.067155
-1.195544,-0.007326,0.100122,2.697751,-0.007328,-1.062271
-1.195544,-0.007326,0.105007,2.697751,-0.007328,-1.062271
-1.195544,-0.007326,0.100122,2.697751,0.007326,-1.067155
-1.195544,-0.007326,0.105007,2.697751,0.007326,-1.067155
-1.195544,-0.007326,0.100122,2.697751,0.021978,-1.067155
-1.195544,-0.007326,0.105007,2.697751,0.021978,-1.067155
-1.195544,-0.007326,0.105007,2.697751,0.007326,-1.062271
-1.195544,-0.007326,0.105007,2.697751,0.021978,-1.062271
-1.195544,0.007328,0.105007,2.697751,0.021978,-1.062271
-1.195544,0.007328,0.105007,2.697751,0.021978,-1.062271
-1.195544,-0.007326,0.105007,2.697751,0.021978,-1.067155
-1.195544,-0.007326,0.105007,2.697751,-0.007328,-1.062271
-1.195544,-0.007326,0.105007,2.697751,0.007326,-1.062271
-1.195544,-0.007326,0.105007,2.697751,0.007326,-1.062271
-1.195544,-0.007326,0.105007,2.697751,0.007326,-1.067155
-1.195544,-0.007326,0.105007,2.697751,0.007326,-1.067155
-1.195544,-0.007326,0.105007,2.697751,-0.007328,-1.067155
-1.195544,-0.007326,0.105007,2.697751,0.021978,-1.067155
-1.195544,-0.007326,0.105007,2.697751,0.007326,-1.062271
-1.195544,-0.007326,0.100122,2.697751,0.007326,-1.062271
-1.195544,-0.007326,0.105007,2.697751,0.007326,-1.062271
-1.195544,0.007328,0.105007,2.697751,-0.007328,-1.067155
-1.195544,-0.021978,0.100122,2.697751,-0.007328,-1.067155
-1.195544,-0.007326,0.105007,2.697751,0.021978,-1.067155
-1.195544,-0.007326,0.105007,2.697751,0.021978,-1.067155
-1.195544,-0.007326,0.100122,2.697751,0.007326,-1.067155
-1.195544,-0.007326,0.105007,2.697751,-0.007328,-1.067155
-1.195544,-0.036631,0.105007,2.697751,0.021978,-1.067155
-1.195544,-0.021978,0.105007,2.697751,0.007326,-1.067155
-1.195544,-0.007326,0.105007,2.697751,-0.007328,-1.062271
-1.195544,0.007328,0.105007,2.697751,0.007326,-1.067155
-1.195544,-0.007326,0.105007,2.697751,0.007326,-1.067155
-1.195544,-0.021978,0.105007,2.697751,0.007326,-1.062271
-1.195544,-0.007326,0.105007,2.697751,-0.007328,-1.062271
-1.195544,-0.007326,0.105007,2.697751,0.007326,-1.067155
-1.195544,-0.007326,0.105007,2.697751,0.007326,-1.067155
-1.195544,-0.007326,0.100122,2.697751,-0.007328,-1.067155
-1.195544,-0.007326,0.100122,2.697751,0.007326,-1.067155
-1.195544,-0.007326,0.105007,2.697751,0.021978,-1.067155
-1.195544,-0.007326,0.100122,2.697751,0.007326,-1.067155
-1.195544,-0.007326,0.105007,2.697751,0.007326,-1.067155
-1.195544,-0.021978,0.105007,2.697751,0.007326,-1.067155
-1.195544,-0.021978,0.100122,2.697751,0.007326,-1.062271
-1.195544,-0.021978,0.100122,2.697751,-0.007328,-1.062271
-1.195544,-0.007326,0.105007,2.697751,0.007326,-1.067155
-1.195544,0.007328,0.100122,2.697751,0.007326,-1.062271
-1.195544,-0.007326,0.100122,2.697751,0.007326,-1.062271
-1.195544,0.007328,0.100122,2.697751,0.021978,-1.062271
-1.195544,-0.007326,0.100122,2.697751,0.007326,-1.062271
-1.195544,-0.007326,0.100122,2.697751,0.021978,-1.067155
-1.195544,-0.021978,0.100122,2.697751,0.007326,-1.062271
-1.195544,-0.007326,0.100122,2.697751,0.007326,-1.062271
-1.195544,-0.007326,0.100122,2.697751,0.021978,-1.067155
-1.195544,-0.021978,0.105007,2.697751,0.007326,-1.062271
-1.195544,0.007328,0.105007,2.697751,-0.007328,-1.067155
-1.195544,-0.007326,0.100122,2.697751,0.021978,-1.072039
-1.195544,-0.036631,0.100122,2.697751,0.007326,-1.067155
-1.195544,-0.007326,0.100122,2.697751,0.007326,-1.062271
-1.195544,-0.007326,0.100122,2.697751,-0.007328,-1.062271
-1.195544,-0.007326,0.100122,2.697751,0.007326,-1.062271
-1.195544,-0.007326,0.100122,2.697751,0.007326,-1.062271
-1.195544,-0.007326,0.100122,2.697751,0.021978,-1.067155
-1.195544,-0.007326,0.100122,2.697751,-0.007328,-1.067155
-1.195544,-0.007326,0.100122,2.697751,0.021978,-1.067155
-1.195544,-0.021978,0.100122,2.697751,0.007326,-1.062271
-1.195544,-0.021978,0.100122,2.697751,0.007326,-1.062271
-1.195544,-0.007326,0.100122,2.697751,0.007326,-1.062271
-1.195544,-0.007326,0.100122,2.697751,-0.007328,-1.062271
-1.195544,0.007328,0.100122,2.697751,0.007326,-1.062271
-1.195544,-0.007326,0.100122,2.697751,0.007326,-1.062271
-1.195544,-0.007326,0.100122,2.697751,0.007326,-1.062271
-1.195544,-0.007326,0.100122,2.697751,0.021978,-1.067155
-1.195544,-0.007326,0.100122,2.697751,0.007326,-1.062271
-1.195544,0.007328,0.100122,2.697751,-0.007328,-1.062271
-1.195544,-0.007326,0.100122,2.697751,0.021978,-1.062271
-1.195544,-0.007326,0.100122,2.697751,0.007326,-1.067155
-1.195544,-0.007326,0.100122,2.697751,0.007326,-1.067155
-1.195544,0.007328,0.100122,2.697751,0.007326,-1.067155
-1.195544,-0.021978,0.100122,2.697751,0.021978,-1.067155
-1.195544,-0.007326,0.100122,2.697751,0.021978,-1.062271
-1.195544,-0.007326,0.100122,2.697751,0.007326,-1.062271
-1.195544,-0.007326,0.105007,2.697751,0.007326,-1.062271
-1.195544,-0.021978,0.105007,2.697751,0.021978,-1.067155
-1.195544,-0.007326,0.105007,2.697751,-0.007328,-1.067155
-1.195544,-0.007326,0.105007,2.697751,0.007326,-1.067155
-1.195544,0.007328,0.100122,2.697751,-0.007328,-1.067155
-1.195544,-0.021978,0.100122,2.697751,0.021978,-1.067155
-1.195544,0.007328,0.100122,2.697751,-0.007328,-1.067155
-1.195544,-0.021978,0.100122,2.697751,0.021978,-1.062271
-1.195544,-0.007326,0.100122,2.697751,0.007326,-1.062271
-1.195544,-0.007326,0.100122,2.697751,0.007326,-1.062271
-1.195544,0.007328,0.100122,2.697751,-0.007328,-1.062271
-1.195544,-0.021978,0.100122,2.697751,0.007326,-1.067155
-1.195544,-0.021978,0.100122,2.697751,0.007326,-1.062271
-1.195544,-0.007326,0.100122,2.697751,0.007326,-1.062271
-1.195544,-0.007326,0.100122,2.697751,0.007326,-1.062271
-1.195544,-0.007326,0.100122,2.697751,0.021978,-1.067155
-1.195544,-0.007326,0.100122,2.697751,0.007326,-1.062271
-1.195544,-0.007326,0.105007,2.697751,0.007326,-1.067155
-1.195544,0.007328,0.100122,2.697751,0.007326,-1.062271
-1.195544,-0.021978,0.100122,2.697751,0.007326,-1.067155
-1.195544,0.007328,0.105007,2.697751,0.007326,-1.067155
-1.195544,0.007328,0.105007,2.697751,0.021978,-1.067155
-1.195544,-0.021978,0.105007,2.697751,0.007326,-1.067155
-1.195544,-0.021978,0.100122,2.697751,0.007326,-1.067155
-1.195544,-0.007326,0.100122,2.697751,0.021978,-1.067155
-1.195544,-0.021978,0.100122,2.697751,0.021978,-1.062271
-1.195544,-0.021978,0.100122,2.697751,0.007326,-1.062271
-1.195544,-0.007326,0.100122,2.697751,0.021978,-1.067155
-1.195544,0.007328,0.105007,2.697751,0.007326,-1.067155
-1.195544,-0.007326,0.100122,2.697751,-0.007328,-1.062271
-1.195544,-0.007326,0.105007,2.697751,0.021978,-1.062271
-1.195544,-0.007326,0.105007,2.697751,-0.007328,-1.057387
-1.195544,-0.007326,0.100122,2.697751,-0.007328,-1.062271
-1.195544,-0.021978,0.105007,2.697751,0.007326,-1.062271
-1.195544,0.007328,0.105007,2.697751,0.007326,-1.067155
-1.195544,-0.007326,0.105007,2.697751,0.007326,-1.067155
-1.195544,-0.021978,0.105007,2.697751,0.007326,-1.067155
-1.195544,0.007328,0.105007,2.697751,0.007326,-1.067155
-1.195544,-0.007326,0.105007,2.697751,0.007326,-1.062271
-1.195544,0.007328,0.105007,2.697751,0.021978,-1.062271
-1.195544,-0.007326,0.100122,2.697751,0.021978,-1.062271
-1.195544,-0.007326,0.100122,2.697751,0.007326,-1.067155
-1.195544,-0.021978,0.100122,2.697751,0.021978,-1.067155
-1.195544,-0.007326,0.105007,2.697751,0.021978,-1.062271
-1.195544,-0.007326,0.105007,2.697751,0.007326,-1.062271
-1.195544,-0.021978,0.105007,2.697751,-0.007328,-1.062271
-1.195544,0.007328,0.105007,2.697751,-0.007328,-1.067155
-1.195544,0.007328,0.100122,2.697751,0.007326,-1.067155
-1.195544,-0.021978,0.105007,2.697751,0.007326,-1.067155
-1.195544,0.007328,0.105007,2.697751,0.021978,-1.067155
-1.195544,-0.007326,0.100122,2.697751,0.007326,-1.062271
-1.195544,-0.007326,0.100122,2.697751,-0.007328,-1.062271
-1.195544,-0.007326,0.100122,2.697751,0.007326,-1.067155
-1.195544,-0.007326,0.105007,2.697751,0.007326,-1.067155
-1.195544,-0.007326,0.105007,2.697751,0.007326,-1.062271
-1.195544,0.007328,0.100122,2.697751,-0.007328,-1.067155
-1.195544,-0.007326,0.100122,2.697751,0.021978,-1.067155
-1.195544,-0.007326,0.100122,2.697751,0.007326,-1.067155
-1.195544,0.007328,0.105007,2.697751,0.007326,-1.067155
-1.195544,-0.007326,0.105007,2.697751,0.021978,-1.067155
-1.195544,-0.021978,0.105007,2.697751,0.007326,-1.067155
-1.195544,0.007328,0.105007,2.697751,0.007326,-1.062271
-1.195544,0.007328,0.105007,2.697751,-0.007328,-1.067155
-1.195544,-0.007326,0.109891,2.697751,0.007326,-1.067155
-1.195544,-0.007326,0.105007,2.697751,0.007326,-1.067155
-1.195544,-0.007326,0.105007,2.697751,0.007326,-1.067155
-1.195544,-0.021978,0.105007,2.697751,0.007326,-1.067155
-1.195544,0.007328,0.105007,2.697751,0.007326,-1.067155
-1.195544,-0.021978,0.105007,2.697751,0.007326,-1.067155
-1.195544,-0.007326,0.105007,2.697751,0.007326,-1.062271
-1.195544,0.007328,0.105007,2.697751,0.007326,-1.062271
-1.195544,-0.007326,0.105007,2.697751,0.007326,-1.062271
-1.195544,-0.007326,0.105007,2.697751,0.007326,-1.062271
-1.195544,-0.021978,0.105007,2.697751,-0.007328,-1.062271
-1.195544,-0.007326,0.105007,2.697751,0.007326,-1.062271
-1.195544,-0.007326,0.105007,2.697751,0.021978,-1.062271
-1.195544,-0.021978,0.109891,2.697751,0.021978,-1.062271
-1.195544,-0.021978,0.109891,2.697751,0.007326,-1.062271
-1.195544,-0.007326,0.105007,2.697751,0.007326,-1.062271
-1.195544,-0.021978,0.105007,2.697751,0.021978,-1.062271
-1.195544,-0.021978,0.105007,2.697751,0.007326,-1.062271
-1.195544,-0.007326,0.105007,2.697751,0.021978,-1.062271
-1.195544,-0.007326,0.109891,2.697751,0.007326,-1.062271
-1.195544,0.007328,0.105007,2.697751,-0.007328,-1.062271
-1.195544,-0.007326,0.109891,2.697751,0.007326,-1.067155
-1.195544,-0.021978,0.109891,2.697751,0.021978,-1.067155
-1.195544,-0.007326,0.109891,2.697751,0.007326,-1.062271
-1.195544,-0.007326,0.109891,2.697751,0.021978,-1.062271
-1.195544,-0.007326,0.109891,2.697751,0.021978,-1.062271
-1.195544,-0.007326,0.109891,2.697751,0.007326,-1.062271
-1.195544,-0.007326,0.109891,2.697751,0.007326,-1.062271
-1.195544,-0.021978,0.109891,2.697751,0.021978,-1.067155
-1.195544,0.007328,0.109891,2.697751,0.007326,-1.062271
-1.195544,-0.007326,0.109891,2.697751,0.007326,-1.062271
-1.195544,-0.007326,0.105007,2.697751,0.007326,-1.062271
-1.195544,-0.021978,0.105007,2.697751,-0.007328,-1.067155
-1.195544,-0.007326,0.105007,2.697751,-0.007328,-1.067155
-1.195544,0.007328,0.105007,2.697751,0.007326,-1.062271
-1.195544,0.007328,0.105007,2.697751,0.007326,-1.062271
-1.195544,-0.007326,0.105007,2.697751,0.007326,-1.062271
-1.195544,0.007328,0.109891,2.697751,0.021978,-1.062271
-1.195544,-0.007326,0.109891,2.697751,0.007326,-1.062271
-1.195544,-0.021978,0.105007,2.697751,0.007326,-1.062271
-1.195544,0.007328,0.109891,2.697751,0.021978,-1.062271
-1.195544,-0.007326,0.109891,2.697751,0.007326,-1.062271
-1.195544,-0.021978,0.105007,2.697751,0.007326,-1.062271
-1.195544,-0.007326,0.109891,2.697751,0.007326,-1.062271
-1.195544,0.007328,0.105007,2.697751,0.007326,-1.062271
-1.195544,-0.021978,0.109891,2.697751,-0.007328,-1.057387
-1.195544,-0.021978,0.109891,2.697751,0.007326,-1.062271
-1.195926,-0.021978,0.105007,2.697751,-0.007328,-1.062271
-1.195544,0.007328,0.105007,2.697751,0.007326,-1.062271
-1.195544,-0.007326,0.109891,2.697751,0.007326,-1.067155
-1.195544,-0.021978,0.109891,2.697751,0.007326,-1.062271
-1.195544,-0.007326,0.109891,2.697751,-0.007328,-1.062271
-1.195544,0.007328,0.105007,2.697751,0.021978,-1.067155
-1.195544,0.007328,0.105007,2.697751,0.007326,-1.067155
-1.195544,0.007328,0.105007,2.697751,0.007326,-1.062271
-1.195544,-0.007326,0.109891,2.697751,0.036631,-1.062271
-1.195544,0.007328,0.109891,2.697751,-0.007328,-1.062271
-1.195544,0.007328,0.109891,2.697751,0.007326,-1.062271
-1.195544,-0.007326,0.109891,2.697751,0.021978,-1.067155
-1.195544,0.007328,0.105007,2.697751,-0.007328,-1.062271
-1.195544,-0.007326,0.105007,2.697751,0.007326,-1.062271
-1.195544,-0.021978,0.109891,2.697751,0.007326,-1.062271
-1.195544,-0.007326,0.109891,2.697751,0.007326,-1.062271
-1.195544,-0.007326,0.109891,2.697751,-0.007328,-1.062271
-1.195544,-0.007326,0.109891,2.697751,0.007326,-1.062271
-1.195544,0.007328,0.109891,2.697751,0.021978,-1.062271
-1.195544,0.007328,0.105007,2.697751,0.007326,-1.057387
-1.195544,-0.007326,0.109891,2.697751,0.007326,-1.062271
-1.195544,-0.007326,0.109891,2.697751,0.007326,-1.062271
-1.195544,-0.007326,0.109891,2.697751,-0.007328,-1.062271
-1.195544,0.007328,0.105007,2.697751,-0.007328,-1.062271
-1.195544,-0.007326,0.109891,2.697751,0.007326,-1.062271
-1.195544,-0.021978,0.109891,2.697751,-0.007328,-1.062271
-1.195544,-0.021978,0.109891,2.697751,-0.007328,-1.067155
-1.195544,-0.007326,0.109891,2.697751,0.007326,-1.067155
-1.195544,-0.007326,0.105007,2.697751,0.007326,-1.062271
-1.195544,-0.021978,0.109891,2.697751,0.007326,-1.062271
-1.195544,0.007328,0.105007,2.697751,0.007326,-1.067155
-1.195544,-0.007326,0.105007,2.697751,0.007326,-1.067155
-1.195544,-0.007326,0.109891,2.697751,0.007326,-1.067155
-1.195544,-0.007326,0.105007,2.697751,0.007326,-1.067155
-1.195544,-0.021978,0.109891,2.697751,0.021978,-1.067155
-1.195544,0.007328,0.109891,2.697751,0.007326,-1.067155
-1.195544,-0.021978,0.105007,2.697751,0.021978,-1.062271
-1.195544,0.007328,0.105007,2.697751,0.007326,-1.062271
-1.195926,-0.021978,0.105007,2.697751,0.007326,-1.062271
-1.195544,-0.007326,0.109891,2.697751,0.007326,-1.062271
-1.195544,-0.007326,0.109891,2.697751,0.007326,-1.062271
-1.195544,0.007328,0.109891,2.697751,0.007326,-1.062271
-1.195544,-0.007326,0.109891,2.697751,0.021978,-1.062271
-1.195544,-0.007326,0.105007,2.697751,0.007326,-1.062271
-1.195544,-0.021978,0.109891,2.697751,0.021978,-1.062271
-1.195544,0.007328,0.109891,2.697751,0.007326,-1.062271
-1.195544,-0.007326,0.109891,2.697751,0.007326,-1.067155
-1.195544,-0.007326,0.109891,2.697751,0.021978,-1.067155
-1.195544,-0.007326,0.105007,2.697751,0.007326,-1.062271
-1.195544,-0.007326,0.105007,2.697751,0.007326,-1.067155
-1.195544,0.007328,0.105007,2.697751,0.007326,-1.062271
-1.195544,0.007328,0.105007,2.697751,0.007326,-1.062271
-1.195544,-0.007326,0.105007,2.697751,0.007326,-1.067155
-1.195544,-0.007326,0.105007,2.697751,0.021978,-1.062271
-1.195544,-0.007326,0.109891,2.697751,0.007326,-1.062271
-1.195544,-0.007326,0.109891,2.697751,0.007326,-1.062271
-1.195544,-0.007326,0.109891,2.697751,0.021978,-1.062271
-1.195544,-0.021978,0.105007,2.697751,0.021978,-1.062271
-1.195544,0.007328,0.105007,2.697751,-0.007328,-1.062271
-1.195544,-0.007326,0.105007,2.697751,0.007326,-1.062271
-1.195544,-0.021978,0.105007,2.697751,-0.007328,-1.062271
-1.195544,-0.007326,0.109891,2.697751,0.007326,-1.067155
-1.195544,-0.021978,0.109891,2.697751,0.021978,-1.062271
-1.195544,0.007328,0.109891,2.697751,0.007326,-1.062271
-1.195544,-0.007326,0.109891,2.697751,0.007326,-1.062271
-1.195544,-0.021978,0.109891,2.697751,-0.007328,-1.062271
-1.195544,-0.007326,0.109891,2.697751,0.007326,-1.062271
-1.195544,-0.021978,0.109891,2.697751,-0.007328,-1.062271
-1.195544,0.007328,0.109891,2.697751,0.021978,-1.062271
-1.195544,-0.021978,0.109891,2.697751,0.007326,-1.062271
-1.195544,-0.007326,0.105007,2.697751,0.007326,-1.067155
-1.195926,-0.021978,0.105007,2.697751,0.021978,-1.067155
-1.195544,0.007328,0.105007,2.697751,0.007326,-1.067155
-1.195544,-0.007326,0.109891,2.697751,-0.007328,-1.062271
-1.195544,-0.007326,0.105007,2.697751,0.021978,-1.067155
-1.195544,-0.021978,0.109891,2.697751,0.007326,-1.062271
-1.195544,-0.007326,0.105007,2.697751,0.021978,-1.062271
-1.195544,0.007328,0.105007,2.697751,0.007326,-1.062271
-1.195544,-0.007326,0.105007,2.697751,0.007326,-1.062271
-1.195544,-0.007326,0.109891,2.697751,0.007326,-1.062271
-1.195544,-0.007326,0.105007,2.697751,-0.007328,-1.062271
-1.195544,0.007328,0.105007,2.697751,0.007326,-1.062271
-1.195544,-0.007326,0.109891,2.697751,0.007326,-1.062271
-1.195544,-0.007326,0.109891,2.697751,0.007326,-1.057387
-1.195544,-0.007326,0.109891,2.697751,0.021978,-1.057387
-1.195544,-0.007326,0.109891,2.697751,0.007326,-1.057387
-1.195544,-0.007326,0.109891,2.697751,0.007326,-1.062271
-1.195544,-0.021978,0.109891,2.697751,0.007326,-1.062271
-1.195544,-0.007326,0.105007,2.697751,0.007326,-1.062271
-1.195544,-0.007326,0.109891,2.697751,0.007326,-1.062271
-1.195544,-0.021978,0.109891,2.697751,0.007326,-1.062271
-1.195544,-0.007326,0.109891,2.697751,0.007326,-1.062271
-1.195544,-0.007326,0.105007,2.697751,0.021978,-1.057387
-1.195544,-0.007326,0.109891,2.697751,-0.007328,-1.062271
-1.195544,0.007328,0.109891,2.697751,0.007326,-1.062271
-1.195544,-0.007326,0.105007,2.697751,0.007326,-1.062271
-1.195544,0.007328,0.109891,2.697751,0.021978,-1.062271
-1.195544,-0.007326,0.109891,2.697751,0.007326,-1.057387
-1.195544,0.007328,0.105007,2.697751,0.007326,-1.057387
-1.195544,-0.021978,0.109891,2.697751,0.007326,-1.057387
-1.195544,-0.007326,0.109891,2.697751,-0.007328,-1.057387
-1.195544,-0.007326,0.109891,2.697751,0.007326,-1.057387
-1.195544,0.007328,0.109891,2.697751,0.007326,-1.062271
-1.195544,-0.007326,0.109891,2.697751,-0.007328,-1.062271
-1.195544,0.007328,0.109891,2.697751,0.007326,-1.062271
-1.195544,0.007328,0.109891,2.697751,0.007326,-1.062271
-1.195544,0.007328,0.105007,2.697751,0.007326,-1.057387
-1.195544,-0.007326,0.105007,2.697751,0.021978,-1.062271
-1.195544,-0.021978,0.105007,2.697751,-0.007328,-1.062271
-1.195544,-0.021978,0.105007,2.697751,0.007326,-1.067155
-1.195544,-0.007326,0.105007,2.697751,0.021978,-1.062271
-1.195544,0.007328,0.105007,2.697751,0.007326,-1.062271
-1.195544,-0.007326,0.109891,2.697751,0.021978,-1.062271
-1.195544,-0.007326,0.109891,2.697751,0.021978,-1.062271
-1.195544,-0.007326,0.109891,2.697751,0.021978,-1.062271
-1.195544,0.007328,0.109891,2.697751,0.021978,-1.062271
-1.195544,-0.007326,0.109891,2.697751,-0.007328,-1.057387
-1.195544,-0.007326,0.105007,2.697751,-0.007328,-1.062271
-1.195544,-0.021978,0.105007,2.697751,0.007326,-1.062271
-1.195544,-0.021978,0.105007,2.697751,0.007326,-1.057387
-1.195544,-0.021978,0.105007,2.697751,0.007326,-1.057387
-1.195544,0.007328,0.109891,2.697751,0.007326,-1.062271
-1.195544,0.007328,0.105007,2.697751,-0.007328,-1.057387
-1.195544,-0.021978,0.109891,2.697751,0.007326,-1.062271
-1.195544,0.007328,0.109891,2.697751,0.007326,-1.062271
-1.195544,-0.007326,0.109891,2.697751,0.021978,-1.062271
-1.195544,-0.007326,0.105007,2.697751,0.007326,-1.057387
-1.195544,-0.021978,0.109891,2.697751,0.007326,-1.057387
-1.195544,-0.007326,0.105007,2.697751,0.021978,-1.062271
-1.195544,-0.021978,0.105007,2.697751,0.007326,-1.062271
-1.195544,0.007328,0.109891,2.697751,0.007326,-1.062271
-1.195544,-0.021978,0.109891,2.697751,0.007326,-1.062271
-1.195544,-0.021978,0.109891,2.697751,0.007326,-1.062271
-1.195544,-0.007326,0.109891,2.697751,-0.007328,-1.062271
-1.195544,0.007328,0.109891,2.697751,0.007326,-1.062271
-1.195544,-0.007326,0.109891,2.697751,0.007326,-1.062271
-1.195544,-0.007326,0.109891,2.697751,0.007326,-1.062271
-1.195544,-0.021978,0.109891,2.697751,0.007326,-1.057387
-1.195544,-0.007326,0.105007,2.697751,0.021978,-1.057387
-1.195544,-0.007326,0.105007,2.697751,0.007326,-1.057387
-1.195544,-0.007326,0.109891,2.697751,0.007326,-1.057387
-1.195544,0.007328,0.109891,2.697751,-0.007328,-1.057387
-1.195544,0.007328,0.105007,2.697751,-0.007328,-1.057387
-1.195544,-0.021978,0.109891,2.697751,0.007326,-1.057387
-1.195544,-0.007326,0.105007,2.697751,0.021978,-1.062271
-1.195544,-0.007326,0.109891,2.697751,-0.007328,-1.062271
-1.195544,0.007328,0.109891,2.697751,0.007326,-1.067155
-1.195544,-0.007326,0.109891,2.697751,0.007326,-1.067155
-1.195544,0.007328,0.109891,2.697751,0.007326,-1.062271
-1.195544,-0.007326,0.109891,2.697751,-0.007328,-1.062271
-1.195544,-0.007326,0.109891,2.697751,0.007326,-1.062271
-1.195544,-0.007326,0.105007,2.697751,-0.007328,-1.062271
-1.195544,-0.021978,0.109891,2.697751,-0.007328,-1.062271
-1.195544,-0.007326,0.105007,2.697751,0.021978,-1.062271
-1.195544,-0.021978,0.105007,2.697751,-0.007328,-1.057387
-1.195544,0.007328,0.105007,2.697751,0.021978,-1.057387
-1.195544,-0.007326,0.109891,2.697751,-0.007328,-1.057387
-1.195544,0.007328,0.109891,2.697751,0.021978,-1.062271
-1.195544,-0.007326,0.109891,2.697751,-0.007328,-1.062271
-1.195544,-0.007326,0.109891,2.697751,0.007326,-1.062271
-1.195544,0.007328,0.109891,2.697751,-0.007328,-1.062271
-1.195544,-0.021978,0.105007,2.697751,0.007326,-1.062271
-1.195544,-0.021978,0.105007,2.697751,-0.007328,-1.062271
-1.195544,-0.007326,0.109891,2.697751,0.007326,-1.062271
-1.195544,0.007328,0.109891,2.697751,0.007326,-1.057387
-1.195544,0.007328,0.109891,2.697751,0.007326,-1.057387
-1.195544,0.007328,0.109891,2.697751,0.021978,-1.062271
-1.195544,-0.007326,0.109891,2.697751,-0.007328,-1.057387
-1.195544,-0.007326,0.105007,2.697751,0.007326,-1.062271
-1.195544,-0.007326,0.105007,2.697751,0.021978,-1.067155
-1.195544,-0.007326,0.109891,2.697751,0.021978,-1.067155
-1.195544,0.007328,0.105007,2.697751,0.007326,-1.062271
-1.195544,0.007328,0.105007,2.697751,0.007326,-1.062271
-1.195544,-0.007326,0.105007,2.697751,0.007326,-1.062271
-1.195544,-0.007326,0.105007,2.697751,0.007326,-1.057387
-1.195544,-0.007326,0.105007,2.697751,0.007326,-1.062271
-1.195544,-0.007326,0.105007,2.697751,0.007326,-1.062271
-1.195544,-0.007326,0.105007,2.697751,0.007326,-1.062271
-1.195544,0.007328,0.109891,2.697751,0.007326,-1.062271
-1.195544,-0.007326,0.105007,2.697751,0.021978,-1.057387
-1.195544,-0.021978,0.109891,2.697751,0.007326,-1.057387
-1.195544,-0.021978,0.109891,2.697751,0.007326,-1.062271
-1.195544,0.007328,0.109891,2.697751,-0.007328,-1.057387
-1.195544,-0.007326,0.109891,2.697751,0.007326,-1.057387
-1.195926,0.007328,0.109891,2.697751,-0.007328,-1.057387
-1.195544,0.007328,0.109891,2.697751,0.021978,-1.062271
-1.195544,-0.007326,0.109891,2.697751,-0.007328,-1.062271
-1.195544,-0.007326,0.109891,2.697751,0.021978,-1.062271
-1.195544,0.007328,0.105007,2.697751,0.007326,-1.062271
-1.195544,0.007328,0.105007,2.697751,0.007326,-1.062271
-1.195544,-0.007326,0.109891,2.697751,0.007326,-1.062271
-1.195544,0.007328,0.105007,2.697751,0.007326,-1.062271
-1.195544,-0.007326,0.109891,2.697751,-0.007328,-1.062271
-1.195544,0.007328,0.109891,2.697751,0.007326,-1.067155
-1.195544,-0.007326,0.105007,2.697751,0.007326,-1.067155
-1.195544,-0.007326,0.109891,2.697751,0.007326,-1.062271
-1.195544,-0.007326,0.105007,2.697751,0.007326,-1.057387
-1.195544,-0.007326,0.109891,2.697751,0.021978,-1.057387
-1.195544,-0.007326,0.109891,2.697751,0.007326,-1.057387
-1.195544,-0.007326,0.105007,2.697751,0.007326,-1.057387
-1.195544,-0.007326,0.105007,2.697751,0.021978,-1.057387
-1.195544,-0.007326,0.105007,2.697751,0.007326,-1.057387
-1.195544,-0.007326,0.105007,2.697751,0.007326,-1.062271
-1.195544,0.007328,0.109891,2.697751,0.007326,-1.062271
-1.195544,0.007328,0.105007,2.697751,0.021978,-1.062271
-1.195544,-0.007326,0.109891,2.697751,-0.007328,-1.057387
-1.195544,-0.021978,0.109891,2.697751,0.007326,-1.062271
-1.195544,-0.021978,0.109891,2.697751,0.007326,-1.062271
-1.195544,-0.021978,0.109891,2.697751,0.007326,-1.057387
-1.195544,-0.007326,0.109891,2.697751,0.007326,-1.057387
-1.195544,0.021980,0.105007,2.697751,0.007326,-1.062271
-1.195544,-0.007326,0.105007,2.697751,-0.007328,-1.062271
-1.195544,0.007328,0.105007,2.697751,-0.007328,-1.062271
-1.195544,-0.007326,0.105007,2.697751,0.021978,-1.062271
-1.195544,0.007328,0.105007,2.697751,0.007326,-1.062271
-1.195544,-0.021978,0.109891,2.697751,0.007326,-1.062271
-1.195544,0.007328,0.105007,2.697751,0.007326,-1.062271
-1.195544,0.021980,0.109891,2.697751,0.007326,-1.062271
-1.195544,-0.021978,0.105007,2.697751,0.007326,-1.057387
-1.195544,-0.007326,0.105007,2.697751,0.007326,-1.057387
-1.195544,-0.007326,0.105007,2.697751,0.007326,-1.057387
-1.195544,0.007328,0.109891,2.697751,0.021978,-1.062271
-1.195544,-0.007326,0.105007,2.697751,-0.007328,-1.062271
-1.195544,-0.007326,0.105007,2.697751,0.007326,-1.057387
-1.195544,0.007328,0.105007,2.697751,0.007326,-1.057387
-1.195544,-0.021978,0.109891,2.697751,0.007326,-1.062271
-1.195544,-0.007326,0.109891,2.697751,-0.007328,-1.067155
-1.195544,-0.007326,0.109891,2.697751,0.021978,-1.067155
-1.195544,-0.007326,0.105007,2.697751,0.021978,-1.057387
-1.195544,0.007328,0.109891,2.697751,-0.007328,-1.057387
-1.195544,0.007328,0.109891,2.697751,0.021978,-1.062271
-1.195544,-0.021978,0.109891,2.697751,-0.007328,-1.057387
-1.195544,0.007328,0.109891,2.697751,0.007326,-1.062271
-1.195544,0.007328,0.105007,2.697751,0.021978,-1.057387
-1.195544,-0.007326,0.109891,2.697751,-0.007328,-1.057387
-1.195544,0.007328,0.109891,2.697751,0.007326,-1.067155
-1.195544,-0.036631,0.109891,2.697751,0.007326,-1.062271
-1.195544,-0.021978,0.109891,2.697751,0.007326,-1.062271
-1.195544,-0.021978,0.105007,2.697751,-0.007328,-1.062271
-1.195544,-0.007326,0.109891,2.697751,0.007326,-1.062271
-1.195544,-0.021978,0.109891,2.697751,0.007326,-1.062271
-1.195544,-0.007326,0.109891,2.697751,0.007326,-1.057387
-1.195544,-0.007326,0.109891,2.697751,-0.021980,-1.057387
-1.195544,-0.007326,0.109891,2.697751,0.007326,-1.062271
-1.195544,0.007328,0.105007,2.697751,0.021978,-1.067155
-1.195544,-0.021978,0.105007,2.697751,0.007326,-1.067155
-1.195544,-0.021978,0.109891,2.697751,0.007326,-1.062271
-1.195544,-0.007326,0.109891,2.697751,0.007326,-1.057387
-1.195544,-0.007326,0.105007,2.697751,0.021978,-1.057387
-1.195926,-0.036631,0.105007,2.697751,0.007326,-1.057387
-1.195544,-0.007326,0.109891,2.697751,0.007326,-1.057387
-1.195544,-0.021978,0.109891,2.697751,0.007326,-1.057387
-1.195544,-0.007326,0.109891,2.697751,0.021978,-1.062271
-1.195544,-0.007326,0.105007,2.697751,0.007326,-1.057387
-1.195544,-0.007326,0.105007,2.697751,0.021978,-1.057387
-1.195544,-0.021978,0.109891,2.697751,0.007326,-1.057387
-1.195544,0.007328,0.109891,2.697751,0.007326,-1.062271
-1.195544,-0.021978,0.109891,2.697751,0.021978,-1.062271
-1.195544,-0.007326,0.109891,2.697751,0.007326,-1.062271
-1.195544,-0.036631,0.105007,2.697751,-0.007328,-1.062271
-1.195544,-0.007326,0.109891,2.697751,0.007326,-1.062271
-1.195544,0.007328,0.109891,2.697751,0.021978,-1.062271
-1.195544,-0.007326,0.105007,2.697751,0.007326,-1.062271
-1.195544,-0.021978,0.109891,2.697751,-0.007328,-1.062271
-1.195926,-0.007326,0.109891,2.697751,0.007326,-1.062271
-1.195544,-0.007326,0.109891,2.697751,-0.007328,-1.062271
-1.195544,-0.007326,0.109891,2.697751,0.007326,-1.062271
-1.195544,-0.007326,0.105007,2.697751,-0.007328,-1.062271
-1.195544,-0.021978,0.105007,2.697751,0.021978,-1.067155
-1.195544,-0.007326,0.105007,2.697751,0.021978,-1.062271
-1.195544,0.007328,0.109891,2.697751,-0.007328,-1.062271
-1.195544,-0.007326,0.109891,2.697751,0.007326,-1.057387
-1.195544,-0.007326,0.105007,2.697751,0.021978,-1.062271
-1.195544,-0.007326,0.105007,2.697751,0.007326,-1.062271
-1.195544,-0.007326,0.109891,2.697751,0.007326,-1.062271
-1.195544,-0.007326,0.105007,2.697751,0.021978,-1.062271
-1.195544,-0.021978,0.105007,2.697751,0.007326,-1.062271
-1.195544,-0.007326,0.109891,2.697751,0.021978,-1.057387
-1.195544,-0.007326,0.105007,2.697751,0.007326,-1.062271
-1.195544,0.007328,0.109891,2.697751,0.007326,-1.062271
-1.195544,0.007328,0.109891,2.697751,0.007326,-1.057387
-1.195544,-0.007326,0.109891,2.697751,0.007326,-1.057387
-1.195926,-0.007326,0.105007,2.697751,0.007326,-1.062271
-1.195544,-0.007326,0.109891,2.697751,0.021978,-1.062271
-1.195544,-0.007326,0.105007,2.697751,-0.007328,-1.062271
-1.195544,-0.021978,0.105007,2.697751,0.007326,-1.062271
-1.195544,0.007328,0.105007,2.697751,0.007326,-1.067155
-1.195544,-0.007326,0.109891,2.697751,0.007326,-1.067155
-1.195544,0.007328,0.109891,2.697751,0.021978,-1.067155
-1.195544,-0.021978,0.105007,2.697751,0.007326,-1.062271
-1.195544,-0.007326,0.109891,2.697751,-0.007328,-1.062271
-1.195544,-0.007326,0.109891,2.697751,-0.007328,-1.062271
-1.195544,0.007328,0.109891,2.697751,0.007326,-1.062271
-1.195544,0.007328,0.109891,2.697751,0.007326,-1.067155
-1.195544,-0.007326,0.109891,2.697751,0.021978,-1.062271
-1.195544,0.007328,0.105007,2.697751,0.007326,-1.057387
-1.195544,-0.007326,0.109891,2.697751,-0.007328,-1.057387
-1.195544,-0.007326,0.105007,2.697751,0.021978,-1.062271
-1.195544,-0.021978,0.109891,2.697751,0.007326,-1.057387
-1.195544,0.007328,0.109891,2.697751,-0.007328,-1.062271
-1.195544,-0.007326,0.105007,2.697751,-0.007328,-1.062271
-1.195544,-0.007326,0.105007,2.697751,0.021978,-1.067155
-1.195544,-0.007326,0.105007,2.697751,0.021978,-1.062271
-1.195544,-0.021978,0.105007,2.697751,0.007326,-1.062271
-1.195544,0.007328,0.109891,2.697751,0.007326,-1.057387
-1.195544,-0.007326,0.109891,2.697751,0.021978,-1.062271
-1.195544,0.007328,0.105007,2.697751,0.021978,-1.067155
-1.195544,-0.007326,0.105007,2.697751,0.007326,-1.062271
-1.195544,-0.007326,0.105007,2.697751,0.007326,-1.062271
-1.195544,0.007328,0.105007,2.697751,-0.007328,-1.062271
-1.195544,-0.021978,0.105007,2.697751,0.007326,-1.062271
-1.195544,0.007328,0.105007,2.697751,0.007326,-1.062271
-1.195544,-0.007326,0.105007,2.697751,0.007326,-1.062271
-1.195544,-0.007326,0.109891,2.697751,0.007326,-1.062271
-1.195544,-0.007326,0.105007,2.697751,-0.007328,-1.062271
-1.195544,0.007328,0.109891,2.697751,0.007326,-1.062271
-1.195544,-0.007326,0.109891,2.697751,0.007326,-1.062271
-1.195544,-0.007326,0.109891,2.697751,0.007326,-1.062271
-1.195544,0.007328,0.109891,2.697751,0.007326,-1.062271
-1.195544,-0.007326,0.109891,2.697751,0.007326,-1.057387
-1.195544,-0.007326,0.109891,2.697751,0.007326,-1.057387
-1.195544,-0.021978,0.105007,2.697751,0.007326,-1.057387
-1.195544,-0.007326,0.105007,2.697751,0.021978,-1.057387
-1.195544,-0.007326,0.109891,2.697751,-0.007328,-1.052503
-1.195544,-0.007326,0.109891,2.697751,-0.007328,-1.062271
-1.195544,-0.021978,0.109891,2.697751,0.007326,-1.062271
-1.195544,0.007328,0.105007,2.697751,0.007326,-1.062271
-1.195544,-0.021978,0.109891,2.697751,0.007326,-1.062271
-1.195544,-0.007326,0.105007,2.697751,-0.007328,-1.062271
-1.195544,0.007328,0.109891,2.697751,0.021978,-1.062271
-1.195544,-0.007326,0.109891,2.697751,0.007326,-1.057387
-1.195544,-0.007326,0.109891,2.697751,0.007326,-1.062271
-1.195544,0.007328,0.105007,2.697751,0.021978,-1.062271
-1.195544,-0.007326,0.109891,2.697751,-0.007328,-1.057387
-1.195544,-0.007326,0.109891,2.697751,0.007326,-1.062271
-1.195544,-0.007326,0.109891,2.697751,0.007326,-1.062271
-1.195544,0.007328,0.109891,2.697751,0.007326,-1.062271
-1.195544,-0.007326,0.109891,2.697751,0.021978,-1.062271
-1.195544,0.007328,0.109891,2.697751,0.007326,-1.057387
-1.195544,0.007328,0.105007,2.697751,-0.007328,-1.057387
-1.195544,-0.007326,0.109891,2.697751,-0.007328,-1.057387
-1.195544,-0.021978,0.105007,2.697751,-0.007328,-1.057387
-1.195544,-0.036631,0.109891,2.697751,-0.007328,-1.062271
-1.195544,-0.007326,0.109891,2.697751,0.007326,-1.062271
-1.195544,0.007328,0.105007,2.697751,0.007326,-1.057387
-1.195544,-0.007326,0.109891,2.697751,0.007326,-1.057387
-1.195544,-0.007326,0.109891,2.697751,0.021978,-1.057387
-1.195544,-0.021978,0.109891,2.697751,0.021978,-1.057387
-1.195544,-0.007326,0.105007,2.697751,-0.007328,-1.057387
-1.195544,-0.007326,0.105007,2.697751,0.007326,-1.057387
-1.195544,-0.007326,0.105007,2.697751,-0.007328,-1.062271
-1.195544,-0.007326,0.105007,2.697751,0.021978,-1.062271
-1.195544,-0.007326,0.105007,2.697751,0.021978,-1.062271
-1.195544,-0.007326,0.109891,2.697751,0.007326,-1.057387
-1.195544,-0.021978,0.109891,2.697751,-0.007328,-1.057387
-1.195544,-0.007326,0.109891,2.697751,0.007326,-1.057387
-1.195544,-0.007326,0.109891,2.697751,-0.007328,-1.057387
-1.195544,-0.021978,0.105007,2.697751,0.021978,-1.062271
-1.195544,-0.021978,0.109891,2.697751,0.007326,-1.062271
-1.195544,-0.007326,0.105007,2.697751,0.007326,-1.062271
-1.195544,0.007328,0.105007,2.697751,0.007326,-1.062271
-1.195544,0.007328,0.105007,2.697751,0.007326,-1.062271
-1.195544,-0.007326,0.105007,2.697751,0.007326,-1.062271
-1.195544,-0.021978,0.105007,2.697751,0.007326,-1.057387
-1.195544,-0.007326,0.109891,2.697751,0.007326,-1.057387
-1.195544,-0.007326,0.109891,2.697751,-0.007328,-1.062271
-1.195544,-0.007326,0.109891,2.697751,0.007326,-1.062271
-1.195544,-0.007326,0.109891,2.697751,-0.007328,-1.062271
-1.195544,0.007328,0.105007,2.697751,0.007326,-1.057387
-1.195544,0.007328,0.109891,2.697751,0.021978,-1.057387
-1.195544,-0.007326,0.109891,2.697751,0.007326,-1.057387
-1.195926,-0.021978,0.109891,2.697751,0.007326,-1.057387
-1.195544,-0.007326,0.109891,2.697751,0.007326,-1.062271
-1.195544,0.007328,0.109891,2.697751,0.007326,-1.057387
-1.195544,-0.007326,0.109891,2.697751,0.007326,-1.052503
-1.195544,-0.007326,0.109891,2.697751,-0.021980,-1.057387
-1.195544,-0.007326,0.109891,2.697751,0.007326,-1.062271
-1.195544,-0.007326,0.105007,2.697751,0.007326,-1.062271
-1.195544,-0.007326,0.105007,2.697751,0.007326,-1.062271
-1.195544,0.007328,0.105007,2.697751,0.007326,-1.062271
-1.195544,-0.021978,0.109891,2.697751,-0.007328,-1.057387
-1.195544,-0.007326,0.109891,2.697751,-0.007328,-1.062271
-1.195544,-0.007326,0.105007,2.697751,0.007326,-1.062271
-1.195544,0.007328,0.105007,2.697751,0.007326,-1.057387
-1.195544,-0.021978,0.105007,2.697751,0.007326,-1.057387
-1.195544,-0.007326,0.105007,2.697751,-0.007328,-1.052503
-1.195544,-0.021978,0.105007,2.697751,-0.007328,-1.057387
-1.195544,-0.007326,0.105007,2.697751,-0.007328,-1.057387
-1.195544,-0.007326,0.105007,2.697751,0.007326,-1.062271
-1.195544,-0.007326,0.105007,2.697751,-0.007328,-1.062271
-1.195544,0.007328,0.109891,2.697751,0.021978,-1.062271
-1.195544,0.007328,0.105007,2.697751,-0.007328,-1.062271
-1.195544,-0.021978,0.105007,2.697751,0.007326,-1.062271
-1.195544,-0.007326,0.105007,2.697751,0.007326,-1.062271
-1.195544,0.007328,0.105007,2.697751,0.021978,-1.062271
-1.195544,-0.021978,0.109891,2.697751,0.007326,-1.057387
-1.195544,-0.007326,0.105007,2.697751,0.007326,-1.057387
-1.195544,0.007328,0.105007,2.697751,-0.007328,-1.057387
-1.195544,-0.021978,0.105007,2.697751,0.021978,-1.062271
-1.195544,0.007328,0.105007,2.697751,0.007326,-1.057387
-1.195544,0.007328,0.109891,2.697751,0.007326,-1.062271
-1.195544,-0.007326,0.105007,2.697751,0.007326,-1.062271
-1.195544,-0.021978,0.105007,2.697751,0.007326,-1.062271
-1.195926,-0.021978,0.105007,2.697751,0.021978,-1.062271
-1.195544,-0.021978,0.105007,2.697751,0.021978,-1.062271
-1.195544,-0.021978,0.105007,2.697751,-0.007328,-1.057387
-1.195544,0.007328,0.109891,2.697751,0.007326,-1.057387
-1.195544,-0.007326,0.109891,2.697751,0.007326,-1.062271
-1.195544,-0.021978,0.109891,2.697751,0.007326,-1.062271
-1.195544,-0.007326,0.109891,2.697751,0.007326,-1.062271
-1.195544,0.007328,0.109891,2.697751,0.007326,-1.057387
-1.195544,-0.021978,0.109891,2.697751,0.007326,-1.057387
-1.195544,-0.007326,0.109891,2.697751,0.007326,-1.057387
-1.195544,-0.021978,0.109891,2.697751,-0.007328,-1.057387
-1.195544,-0.007326,0.109891,2.697751,0.007326,-1.062271
-1.195544,-0.007326,0.109891,2.697751,0.007326,-1.057387
-1.195544,0.007328,0.105007,2.697751,0.007326,-1.057387
-1.195544,-0.021978,0.109891,2.697751,0.007326,-1.057387
-1.195544,-0.007326,0.109891,2.697751,-0.007328,-1.062271
-1.195544,-0.007326,0.109891,2.697751,0.007326,-1.057387
-1.195544,-0.007326,0.105007,2.697751,0.007326,-1.062271
-1.195544,-0.007326,0.105007,2.697751,0.007326,-1.062271
-1.195544,-0.021978,0.105007,2.697751,0.007326,-1.062271
-1.195544,-0.007326,0.105007,2.697751,0.021978,-1.062271
-1.195544,-0.007326,0.105007,2.697751,0.007326,-1.057387
-1.195544,0.007328,0.105007,2.697751,0.007326,-1.062271
-1.195544,-0.007326,0.109891,2.697751,0.021978,-1.057387
-1.195544,-0.007326,0.105007,2.697751,0.007326,-1.057387
-1.195544,-0.007326,0.105007,2.697751,0.007326,-1.057387
-1.195544,-0.007326,0.109891,2.697751,-0.007328,-1.057387
-1.195544,-0.007326,0.109891,2.697751,0.021978,-1.062271
-1.195544,-0.007326,0.109891,2.697751,0.007326,-1.057387
-1.195544,-0.021978,0.109891,2.697751,0.007326,-1.057387
-1.195544,-0.007326,0.105007,2.697751,0.007326,-1.057387
-1.195544,-0.021978,0.105007,2.697751,0.007326,-1.057387
-1.195544,-0.007326,0.109891,2.697751,0.007326,-1.057387
-1.195544,-0.007326,0.109891,2.697751,0.007326,-1.057387
-1.195544,-0.007326,0.105007,2.697751,0.007326,-1.057387
-1.195544,-0.021978,0.105007,2.697751,0.007326,-1.057387
-1.195544,0.007328,0.105007,2.697751,0.007326,-1.057387
-1.195544,0.007328,0.105007,2.697751,0.007326,-1.057387
-1.195544,0.007328,0.109891,2.697751,0.007326,-1.062271
-1.195544,-0.007326,0.105007,2.697751,0.021978,-1.062271
-1.195544,-0.021978,0.105007,2.697751,0.007326,-1.057387
-1.195544,-0.007326,0.105007,2.697751,-0.007328,-1.057387
-1.195544,-0.021978,0.109891,2.697751,0.021978,-1.057387
-1.195544,-0.007326,0.109891,2.697751,0.021978,-1.062271
-1.195544,-0.007326,0.105007,2.697751,0.007326,-1.057387
-1.195544,-0.007326,0.105007,2.697751,0.007326,-1.062271
-1.195544,-0.021978,0.105007,2.697751,0.007326,-1.062271
-1.195544,-0.007326,0.109891,2.697751,0.007326,-1.062271
-1.195544,-0.007326,0.105007,2.697751,0.007326,-1.062271
-1.195544,-0.007326,0.105007,2.697751,0.021978,-1.062271
-1.195544,-0.007326,0.109891,2.697751,0.007326,-1.057387
-1.195544,0.007328,0.109891,2.697751,0.007326,-1.057387
-1.195544,-0.007326,0.105007,2.697751,-0.007328,-1.057387
-1.195544,-0.007326,0.105007,2.697751,0.007326,-1.057387
-1.195544,-0.007326,0.105007,2.697751,-0.007328,-1.057387
-1.195544,0.007328,0.109891,2.697751,0.007326,-1.057387
-1.195544,0.007328,0.105007,2.697751,0.007326,-1.062271
-1.195544,-0.007326,0.109891,2.697751,0.007326,-1.062271
-1.195544,-0.021978,0.105007,2.697751,0.021978,-1.062271
-1.195544,-0.007326,0.105007,2.697751,0.007326,-1.062271
-1.195544,-0.007326,0.109891,2.697751,0.021978,-1.062271
-1.195544,-0.021978,0.105007,2.697751,-0.007328,-1.052503
-1.195544,-0.007326,0.105007,2.697751,0.007326,-1.057387
-1.195544,-0.021978,0.109891,2.697751,0.007326,-1.062271
-1.195544,-0.007326,0.105007,2.697751,0.007326,-1.062271
-1.195544,-0.007326,0.109891,2.697751,0.007326,-1.062271
-1.195544,-0.007326,0.109891,2.697751,0.007326,-1.062271
-1.195544,-0.007326,0.109891,2.697751,0.007326,-1.057387
-1.195544,-0.007326,0.109891,2.697751,-0.007328,-1.057387
-1.195544,-0.007326,0.109891,2.697751,0.007326,-1.057387
-1.195544,-0.007326,0.105007,2.697751,0.007326,-1.057387
-1.195544,0.007328,0.105007,2.697751,0.007326,-1.062271
-1.195544,-0.007326,0.109891,2.697751,0.007326,-1.057387
-1.195544,-0.007326,0.109891,2.697751,0.007326,-1.057387
-1.195544,-0.007326,0.109891,2.697751,0.007326,-1.062271
-1.195544,-0.007326,0.109891,2.697751,-0.007328,-1.057387
-1.195544,0.007328,0.109891,2.697751,0.007326,-1.062271
-1.195544,-0.007326,0.105007,2.697751,0.007326,-1.057387
-1.195544,-0.007326,0.109891,2.697751,-0.007328,-1.057387
-1.195544,-0.021978,0.105007,2.697751,0.007326,-1.062271
-1.195544,0.007328,0.109891,2.697751,-0.007328,-1.062271
-1.195544,-0.007326,0.109891,2.697751,0.021978,-1.062271
-1.195544,-0.007326,0.109891,2.697751,0.007326,-1.052503
-1.195544,0.007328,0.105007,2.697751,-0.007328,-1.057387
-1.195544,0.007328,0.105007,2.697751,0.021978,-1.057387
-1.195544,-0.007326,0.105007,2.697751,0.007326,-1.057387
-1.195544,0.007328,0.105007,2.697751,0.007326,-1.062271
-1.195544,0.007328,0.109891,2.697751,0.007326,-1.062271
-1.195544,0.007328,0.109891,2.697751,-0.007328,-1.062271
-1.195544,-0.007326,0.109891,2.697751,0.007326,-1.057387
-1.195544,0.007328,0.105007,2.697751,0.007326,-1.062271
-1.195544,-0.007326,0.105007,2.697751,0.007326,-1.057387
-1.195544,-0.021978,0.105007,2.697751,0.007326,-1.062271
-1.195544,-0.007326,0.105007,2.697751,0.007326,-1.062271
-1.195544,0.007328,0.105007,2.697751,0.007326,-1.062271
-1.195544,-0.021978,0.105007,2.697751,0.007326,-1.057387
-1.195544,0.007328,0.109891,2.697751,-0.007328,-1.057387
-1.195544,-0.007326,0.105007,2.697751,-0.007328,-1.062271
-1.195544,-0.021978,0.105007,2.697751,0.007326,-1.057387
-1.195544,0.007328,0.105007,2.697751,0.007326,-1.057387
-1.195544,-0.021978,0.105007,2.697751,0.021978,-1.057387
-1.195544,0.007328,0.105007,2.697751,0.007326,-1.052503
-1.195544,-0.007326,0.105007,2.697751,-0.007328,-1.057387
-1.195544,0.007328,0.105007,2.697751,0.007326,-1.062271
-1.195544,-0.007326,0.109891,2.697751,-0.007328,-1.062271
-1.195544,0.007328,0.109891,2.697751,0.007326,-1.062271
-1.195544,-0.007326,0.109891,2.697751,0.021978,-1.062271
-1.195544,0.007328,0.109891,2.697751,0.007326,-1.062271
-1.195544,-0.007326,0.109891,2.697751,0.007326,-1.057387
-1.195544,-0.021978,0.105007,2.697751,-0.007328,-1.057387
-1.195544,-0.007326,0.109891,2.697751,0.007326,-1.062271
-1.195926,-0.021978,0.109891,2.697751,0.021978,-1.062271
-1.195544,-0.007326,0.105007,2.697751,0.007326,-1.062271
-1.195544,-0.021978,0.105007,2.697751,0.021978,-1.057387
-1.195544,-0.021978,0.109891,2.697751,-0.007328,-1.057387
-1.195544,0.007328,0.105007,2.697751,0.007326,-1.062271
-1.195544,-0.007326,0.105007,2.697751,0.007326,-1.062271
-1.195544,-0.007326,0.105007,2.697751,0.021978,-1.062271
-1.195544,-0.007326,0.105007,2.697751,0.007326,-1.062271
-1.195544,-0.007326,0.105007,2.697751,0.007326,-1.057387
-1.195544,-0.007326,0.109891,2.697751,0.021978,-1.062271
-1.195544,-0.007326,0.109891,2.697751,0.021978,-1.062271
-1.195544,-0.007326,0.109891,2.697751,0.007326,-1.062271
-1.195544,-0.007326,0.109891,2.697751,0.007326,-1.062271
-1.195544,0.007328,0.109891,2.697751,0.007326,-1.062271
-1.195544,-0.007326,0.109891,2.697751,0.007326,-1.057387
-1.195544,0.007328,0.109891,2.697751,0.007326,-1.057387
-1.195544,-0.007326,0.109891,2.697751,-0.007328,-1.062271
-1.195544,-0.007326,0.105007,2.697751,0.007326,-1.062271
-1.195544,-0.007326,0.109891,2.697751,0.007326,-1.062271
-1.195544,-0.007326,0.109891,2.697751,0.007326,-1.057387
-1.195544,-0.021978,0.105007,2.697751,0.021978,-1.062271
-1.195544,-0.007326,0.109891,2.697751,0.021978,-1.057387
-1.195544,-0.007326,0.105007,2.697751,0.007326,-1.057387
-1.195544,-0.021978,0.109891,2.697751,0.007326,-1.057387
-1.195544,-0.021978,0.105007,2.697751,0.007326,-1.057387
-1.195544,0.007328,0.105007,2.697751,0.007326,-1.062271
-1.195544,-0.007326,0.105007,2.697751,0.007326,-1.057387
-1.195544,0.007328,0.105007,2.697751,0.007326,-1.057387
-1.195544,0.021980,0.109891,2.697751,-0.007328,-1.062271
-1.195544,-0.021978,0.109891,2.697751,0.021978,-1.062271
-1.195544,0.007328,0.109891,2.697751,0.007326,-1.062271
-1.195544,-0.021978,0.109891,2.697751,0.021978,-1.057387
-1.195544,0.007328,0.109891,2.697751,-0.007328,-1.062271
-1.195544,-0.021978,0.109891,2.697751,0.007326,-1.062271
-1.195544,0.007328,0.109891,2.697751,0.007326,-1.052503
-1.195544,-0.021978,0.109891,2.697751,-0.007328,-1.057387
-1.195544,-0.007326,0.109891,2.697751,-0.007328,-1.057387
-1.195544,-0.007326,0.109891,2.697751,0.007326,-1.062271
-1.195544,-0.007326,0.105007,2.697751,0.021978,-1.062271
-1.195544,-0.007326,0.105007,2.697751,0.007326,-1.057387
-1.195544,0.007328,0.109891,2.697751,0.007326,-1.057387
-1.195544,-0.021978,0.109891,2.697751,0.007326,-1.052503
-1.195544,-0.007326,0.109891,2.697751,0.007326,-1.057387
-1.195544,-0.007326,0.105007,2.697751,0.007326,-1.057387
-1.195544,-0.007326,0.105007,2.697751,0.007326,-1.062271
-1.195544,-0.036631,0.109891,2.697751,0.007326,-1.062271
-1.195544,-0.007326,0.105007,2.697751,0.007326,-1.062271
-1.195544,-0.007326,0.109891,2.697751,0.021978,-1.062271
-1.195544,-0.021978,0.105007,2.697751,0.007326,-1.057387
-1.195544,-0.007326,0.109891,2.697751,-0.007328,-1.057387
-1.195544,-0.007326,0.105007,2.697751,0.007326,-1.057387
-1.195544,0.007328,0.109891,2.697751,0.007326,-1.062271
-1.195544,0.007328,0.105007,2.697751,-0.007328,-1.062271
-1.195544,0.007328,0.109891,2.697751,0.007326,-1.062271
-1.195544,-0.007326,0.109891,2.697751,0.021978,-1.057387
-1.195544,-0.021978,0.105007,2.697751,0.007326,-1.057387
-1.195544,0.007328,0.105007,2.697751,0.021978,-1.057387
-1.195544,-0.007326,0.109891,2.697751,0.007326,-1.057387
-1.195544,0.007328,0.109891,2.697751,0.021978,-1.057387
-1.195544,-0.007326,0.105007,2.697751,-0.007328,-1.057387
-1.195544,0.007328,0.105007,2.697751,0.007326,-1.062271
-1.195544,-0.007326,0.109891,2.697751,0.007326,-1.062271
-1.195544,0.007328,0.109891,2.697751,0.007326,-1.057387
-1.195544,-0.007326,0.109891,2.697751,0.007326,-1.062271
-1.195544,-0.007326,0.105007,2.697751,0.007326,-1.057387
-1.195544,-0.007326,0.109891,2.697751,0.021978,-1.062271
-1.195544,-0.007326,0.109891,2.697751,0.007326,-1.057387
-1.195544,-0.021978,0.109891,2.697751,0.007326,-1.057387
-1.195544,-0.007326,0.109891,2.697751,-0.007328,-1.057387
-1.195544,-0.007326,0.109891,2.697751,0.021978,-1.057387
-1.195544,0.007328,0.109891,2.697751,0.021978,-1.057387
-1.195544,-0.007326,0.105007,2.697751,0.021978,-1.057387
-1.195544,-0.007326,0.105007,2.697751,-0.007328,-1.057387
-1.195926,-0.021978,0.105007,2.697751,0.021978,-1.057387
-1.195544,-0.007326,0.109891,2.697751,0.021978,-1.057387
-1.195544,-0.021978,0.105007,2.697751,0.007326,-1.062271
-1.195544,-0.007326,0.105007,2.697751,0.007326,-1.062271
-1.195544,-0.007326,0.105007,2.697751,0.021978,-1.057387
-1.195544,-0.007326,0.109891,2.697751,0.007326,-1.057387
-1.195544,-0.007326,0.105007,2.697751,-0.007328,-1.062271
-1.195544,0.007328,0.109891,2.697751,0.007326,-1.062271
-1.195544,-0.007326,0.105007,2.697751,0.007326,-1.057387
-1.195544,-0.007326,0.105007,2.697751,-0.007328,-1.057387
-1.195544,0.007328,0.105007,2.697751,0.021978,-1.062271
-1.195544,-0.007326,0.109891,2.697751,0.007326,-1.057387
-1.195544,-0.007326,0.105007,2.697751,0.021978,-1.057387
-1.195544,-0.007326,0.105007,2.697751,0.021978,-1.057387
-1.195544,-0.021978,0.105007,2.697751,0.007326,-1.057387
-1.195544,0.021980,0.109891,2.697751,0.007326,-1.057387
-1.195544,0.007328,0.109891,2.697751,0.021978,-1.062271
-1.195544,-0.007326,0.109891,2.697751,0.021978,-1.057387
-1.195544,-0.007326,0.109891,2.697751,0.007326,-1.057387
-1.195544,-0.007326,0.109891,2.697751,0.007326,-1.062271
-1.195544,-0.007326,0.109891,2.697751,-0.007328,-1.062271
-1.195544,0.007328,0.109891,2.697751,0.007326,-1.062271
-1.195544,0.007328,0.109891,2.697751,0.021978,-1.067155
-1.195544,-0.007326,0.109891,2.697751,0.007326,-1.062271
-1.195544,-0.007326,0.109891,2.697751,-0.007328,-1.062271
-1.195544,-0.021978,0.109891,2.697751,-0.007328,-1.062271
-1.195544,-0.021978,0.109891,2.697751,0.007326,-1.062271
-1.195544,0.007328,0.105007,2.697751,0.021978,-1.062271
-1.195544,-0.007326,0.105007,2.697751,0.007326,-1.057387
-1.195544,0.007328,0.105007,2.697751,0.007326,-1.057387
-1.195926,-0.007326,0.105007,2.697751,0.007326,-1.057387
-1.195544,0.007328,0.105007,2.697751,0.007326,-1.062271
-1.195544,-0.007326,0.109891,2.697751,0.007326,-1.062271
-1.195544,0.007328,0.109891,2.697751,0.007326,-1.062271
-1.195544,-0.007326,0.109891,2.697751,-0.007328,-1.062271
-1.195544,0.007328,0.105007,2.697751,0.007326,-1.062271
-1.195544,-0.007326,0.109891,2.697751,0.021978,-1.062271
-1.195544,-0.007326,0.109891,2.697751,0.007326,-1.062271
-1.195544,0.007328,0.109891,2.697751,0.021978,-1.057387
-1.195544,-0.007326,0.109891,2.697751,-0.007328,-1.062271
-1.195544,-0.007326,0.105007,2.697751,0.007326,-1.062271
-1.195544,-0.021978,0.105007,2.697751,0.007326,-1.057387
-1.195544,-0.021978,0.109891,2.697751,-0.007328,-1.057387
-1.195544,-0.021978,0.105007,2.697751,0.021978,-1.062271
-1.195544,-0.021978,0.105007,2.697751,0.007326,-1.057387
-1.195544,-0.007326,0.109891,2.697751,0.021978,-1.062271
-1.195544,-0.007326,0.105007,2.697751,0.007326,-1.057387
-1.195544,-0.021978,0.105007,2.697751,0.007326,-1.062271
-1.195544,-0.007326,0.105007,2.697751,0.021978,-1.062271
-1.195544,-0.007326,0.109891,2.697751,0.007326,-1.057387
-1.195544,-0.007326,0.105007,2.697751,0.007326,-1.057387
-1.195544,-0.021978,0.109891,2.697751,-0.007328,-1.057387
-1.195544,-0.007326,0.105007,2.697751,0.007326,-1.062271
-1.195544,0.007328,0.109891,2.697751,0.021978,-1.062271
-1.195544,0.007328,0.109891,2.697751,0.007326,-1.062271
-1.195544,-0.007326,0.109891,2.697751,0.007326,-1.062271
-1.195544,0.007328,0.109891,2.697751,0.021978,-1.057387
-1.195926,-0.021978,0.109891,2.697751,0.007326,-1.057387
-1.195544,-0.007326,0.109891,2.697751,0.007326,-1.062271
-1.195544,-0.007326,0.109891,2.697751,0.007326,-1.062271
-1.195544,-0.021978,0.109891,2.697751,-0.007328,-1.062271
-1.195544,-0.007326,0.109891,2.697751,0.007326,-1.062271
-1.195544,-0.007326,0.109891,2.697751,0.007326,-1.062271
-1.195544,-0.007326,0.109891,2.697751,0.007326,-1.062271
-1.195544,0.007328,0.105007,2.697751,0.007326,-1.062271
-1.195544,-0.007326,0.105007,2.697751,0.007326,-1.062271
-1.195544,0.021980,0.109891,2.697751,-0.007328,-1.062271
-1.195544,0.021980,0.105007,2.697751,0.021978,-1.067155
-1.195544,-0.007326,0.105007,2.697751,0.021978,-1.062271
-1.195544,-0.007326,0.105007,2.697751,-0.007328,-1.057387
-1.195544,-0.007326,0.105007,2.697751,0.007326,-1.057387
-1.195926,-0.007326,0.105007,2.697751,0.021978,-1.057387
-1.195544,0.021980,0.105007,2.697751,-0.007328,-1.057387
-1.195544,-0.021978,0.105007,2.697751,0.007326,-1.062271
-1.195544,0.007328,0.109891,2.697751,0.007326,-1.062271
-1.195544,-0.007326,0.109891,2.697751,0.021978,-1.062271
-1.195544,-0.007326,0.109891,2.697751,-0.007328,-1.057387
-1.195544,0.007328,0.105007,2.697751,0.036631,-1.062271
-1.195544,-0.007326,0.105007,2.697751,-0.007328,-1.057387
-1.195544,-0.007326,0.109891,2.697751,0.007326,-1.057387
-1.195544,-0.007326,0.109891,2.697751,0.007326,-1.062271
-1.195544,-0.007326,0.105007,2.697751,0.007326,-1.062271
-1.195544,0.007328,0.109891,2.697751,-0.007328,-1.057387
-1.195544,-0.007326,0.105007,2.697751,0.007326,-1.062271
-1.195544,-0.007326,0.109891,2.697751,0.007326,-1.062271
-1.195544,-0.007326,0.105007,2.697751,0.007326,-1.062271
-1.195544,-0.007326,0.109891,2.697751,0.036631,-1.067155
-1.195544,0.007328,0.109891,2.697751,0.021978,-1.062271
-1.195544,0.007328,0.105007,2.697751,0.021978,-1.062271
-1.195544,-0.007326,0.105007,2.697751,0.007326,-1.057387
-1.195544,-0.021978,0.105007,2.697751,0.021978,-1.057387
-1.195544,-0.007326,0.105007,2.697751,0.007326,-1.057387
-1.195544,-0.007326,0.109891,2.697751,0.007326,-1.052503
-1.195544,0.007328,0.105007,2.697751,0.007326,-1.057387
-1.195544,-0.021978,0.109891,2.697751,-0.007328,-1.062271
-1.195544,-0.036631,0.109891,2.697751,0.021978,-1.062271
-1.195544,0.007328,0.109891,2.697751,0.021978,-1.062271
-1.195544,0.007328,0.109891,2.697751,0.007326,-1.057387
-1.195544,0.007328,0.109891,2.697751,0.007326,-1.057387
-1.195544,-0.021978,0.109891,2.697751,0.007326,-1.057387
-1.195544,0.007328,0.109891,2.697751,0.007326,-1.057387
-1.195544,-0.007326,0.109891,2.697751,0.007326,-1.062271
-1.195544,-0.007326,0.109891,2.697751,0.021978,-1.062271
-1.195544,-0.021978,0.109891,2.697751,0.007326,-1.057387
-1.195544,-0.021978,0.109891,2.697751,0.007326,-1.057387
-1.195544,-0.007326,0.109891,2.697751,0.007326,-1.057387
-1.195544,-0.007326,0.109891,2.697751,0.007326,-1.057387
-1.195544,-0.007326,0.105007,2.697751,0.007326,-1.062271
-1.195544,-0.007326,0.105007,2.697751,0.007326,-1.057387
-1.195544,0.007328,0.109891,2.697751,0.007326,-1.062271
-1.195544,-0.007326,0.105007,2.697751,0.007326,-1.062271
-1.195544,-0.021978,0.105007,2.697751,-0.007328,-1.057387
-1.195544,-0.007326,0.105007,2.697751,0.007326,-1.062271
-1.195544,0.007328,0.109891,2.697751,0.021978,-1.062271
-1.195544,-0.007326,0.109891,2.697751,-0.007328,-1.057387
-1.195544,-0.007326,0.105007,2.697751,0.021978,-1.062271
-1.195544,-0.007326,0.109891,2.697751,0.007326,-1.057387
-1.195544,-0.007326,0.105007,2.697751,0.007326,-1.057387
-1.195926,-0.007326,0.105007,2.697751,0.007326,-1.057387
-1.195544,0.007328,0.109891,2.697751,0.007326,-1.057387
-1.195544,0.007328,0.105007,2.697751,0.007326,-1.062271
-1.195544,0.007328,0.109891,2.697751,0.007326,-1.062271
-1.195544,0.007328,0.109891,2.697751,0.007326,-1.062271
-1.195544,-0.007326,0.105007,2.697751,0.007326,-1.057387
-1.195544,-0.021978,0.109891,2.697751,0.007326,-1.057387
-1.195544,-0.007326,0.105007,2.697751,-0.007328,-1.057387
-1.195544,-0.007326,0.105007,2.697751,0.007326,-1.062271
-1.195544,-0.021978,0.105007,2.697751,0.007326,-1.057387
-1.195544,-0.007326,0.105007,2.697751,-0.007328,-1.062271
-1.195544,0.007328,0.105007,2.697751,-0.007328,-1.062271
-1.195544,-0.021978,0.105007,2.697751,0.007326,-1.067155
-1.195544,-0.007326,0.109891,2.697751,0.021978,-1.062271
-1.195544,-0.021978,0.109891,2.697751,-0.007328,-1.057387
-1.195544,-0.007326,0.105007,2.697751,0.007326,-1.062271
-1.195544,-0.007326,0.109891,2.697751,0.007326,-1.062271
-1.195544,0.007328,0.105007,2.697751,0.007326,-1.062271
-1.195544,-0.021978,0.109891,2.697751,0.021978,-1.062271
-1.195544,-0.007326,0.105007,2.697751,-0.007328,-1.062271
-1.195544,-0.007326,0.105007,2.697751,0.007326,-1.062271
-1.195544,-0.007326,0.105007,2.697751,0.021978,-1.062271
-1.195544,-0.007326,0.109891,2.697751,-0.007328,-1.057387
-1.195544,-0.007326,0.109891,2.697751,0.007326,-1.062271
-1.195544,0.007328,0.109891,2.697751,-0.007328,-1.062271
-1.195544,-0.007326,0.109891,2.697751,-0.007328,-1.062271
-1.195544,-0.021978,0.109891,2.697751,-0.007328,-1.057387
-1.195544,-0.007326,0.105007,2.697751,-0.007328,-1.057387
-1.195544,-0.007326,0.105007,2.697751,0.036631,-1.062271
-1.195544,0.021980,0.105007,2.697751,-0.007328,-1.057387
-1.195544,-0.007326,0.105007,2.697751,-0.007328,-1.062271
-1.195544,-0.007326,0.105007,2.697751,0.021978,-1.062271
-1.195544,0.007328,0.105007,2.697751,-0.007328,-1.057387
-1.195544,0.007328,0.109891,2.697751,0.021978,-1.057387
-1.195544,-0.021978,0.109891,2.697751,0.007326,-1.057387
-1.195544,0.007328,0.109891,2.697751,-0.007328,-1.057387
-1.195544,-0.007326,0.109891,2.697751,-0.021980,-1.057387
-1.195544,-0.007326,0.109891,2.697751,-0.007328,-1.062271
-1.195544,-0.021978,0.105007,2.697751,0.021978,-1.062271
-1.195544,-0.021978,0.109891,2.697751,0.007326,-1.067155
-1.195544,-0.007326,0.109891,2.697751,0.021978,-1.062271
-1.195544,0.007328,0.105007,2.697751,0.007326,-1.057387
-1.195544,0.007328,0.105007,2.697751,0.007326,-1.057387
-1.195544,0.007328,0.105007,2.697751,-0.007328,-1.062271
-1.195544,-0.007326,0.105007,2.697751,0.007326,-1.067155
-1.195544,0.021980,0.105007,2.697751,0.007326,-1.062271
-1.195544,-0.007326,0.105007,2.697751,0.007326,-1.057387
-1.195544,-0.007326,0.109891,2.697751,0.007326,-1.057387
-1.195544,-0.007326,0.109891,2.697751,-0.007328,-1.057387
-1.195544,-0.007326,0.109891,2.697751,-0.007328,-1.057387
-1.195544,-0.007326,0.109891,2.697751,0.007326,-1.057387
-1.195544,-0.007326,0.105007,2.697751,0.007326,-1.057387
-1.195544,-0.007326,0.105007,2.697751,0.007326,-1.057387
-1.195544,0.007328,0.105007,2.697751,0.021978,-1.057387
-1.195544,-0.007326,0.105007,2.697751,0.021978,-1.057387
-1.195544,-0.007326,0.105007,2.697751,0.007326,-1.057387
-1.195544,-0.007326,0.109891,2.697751,0.007326,-1.057387
-1.195544,-0.007326,0.109891,2.697751,-0.007328,-1.057387
-1.195544,-0.007326,0.109891,2.697751,0.021978,-1.067155
-1.195544,-0.007326,0.109891,2.697751,0.021978,-1.062271
-1.195544,-0.021978,0.105007,2.697751,-0.007328,-1.057387
-1.195544,-0.007326,0.105007,2.697751,0.007326,-1.057387
-1.195544,-0.007326,0.109891,2.697751,0.007326,-1.057387
-1.195544,-0.007326,0.105007,2.697751,-0.007328,-1.057387
-1.195544,-0.007326,0.105007,2.697751,0.021978,-1.062271
-1.195544,-0.007326,0.105007,2.697751,0.007326,-1.062271
-1.195544,-0.007326,0.109891,2.697751,0.021978,-1.062271
-1.195544,-0.007326,0.105007,2.697751,-0.007328,-1.062271
-1.195544,0.007328,0.109891,2.697751,0.007326,-1.062271
-1.195926,-0.007326,0.109891,2.697751,0.007326,-1.057387
-1.195544,-0.007326,0.109891,2.697751,0.021978,-1.062271
-1.195544,0.007328,0.105007,2.697751,0.007326,-1.062271
-1.195926,-0.021978,0.105007,2.697751,0.007326,-1.062271
-1.195544,-0.007326,0.109891,2.697751,0.007326,-1.062271
-1.195544,-0.007326,0.109891,2.697751,0.007326,-1.057387
-1.195544,-0.007326,0.109891,2.697751,-0.007328,-1.057387
-1.195544,-0.007326,0.109891,2.697751,0.007326,-1.062271
-1.195544,-0.007326,0.109891,2.697751,0.021978,-1.062271
-1.195544,-0.007326,0.109891,2.697751,0.007326,-1.062271
-1.195544,-0.007326,0.109891,2.697751,0.007326,-1.062271
-1.195544,-0.007326,0.109891,2.697751,0.007326,-1.057387
-1.195544,-0.007326,0.105007,2.697751,0.007326,-1.062271
-1.195544,-0.007326,0.105007,2.697751,0.007326,-1.062271
-1.195544,0.007328,0.105007,2.697751,0.007326,-1.057387
-1.195544,-0.021978,0.105007,2.697751,0.021978,-1.057387
-1.195544,-0.007326,0.109891,2.697751,0.007326,-1.057387
-1.195544,-0.021978,0.109891,2.697751,-0.007328,-1.057387
-1.195544,-0.021978,0.105007,2.697751,0.007326,-1.057387
-1.195544,0.007328,0.109891,2.697751,0.007326,-1.062271
-1.195544,0.007328,0.109891,2.697751,-0.007328,-1.062271
-1.195544,-0.021978,0.105007,2.697751,0.007326,-1.062271
-1.195544,-0.007326,0.105007,2.697751,0.021978,-1.057387
-1.195544,-0.036631,0.105007,2.697751,0.007326,-1.057387
-1.195544,-0.007326,0.105007,2.697751,0.021978,-1.057387
-1.195926,-0.007326,0.109891,2.697751,0.007326,-1.057387
-1.195544,-0.007326,0.109891,2.697751,-0.007328,-1.057387
-1.195544,-0.021978,0.109891,2.697751,0.021978,-1.057387
-1.195544,-0.021978,0.109891,2.697751,-0.007328,-1.057387
-1.195544,-0.007326,0.105007,2.697751,0.021978,-1.057387
-1.195544,-0.021978,0.105007,2.697751,0.007326,-1.062271
-1.195544,0.007328,0.109891,2.697751,0.007326,-1.062271
-1.195544,-0.007326,0.109891,2.697751,0.007326,-1.062271
-1.195544,0.007328,0.105007,2.697751,0.007326,-1.062271
-1.195544,0.007328,0.105007,2.697751,0.021978,-1.062271
-1.195544,0.007328,0.109891,2.697751,0.007326,-1.057387
-1.195544,0.007328,0.109891,2.697751,0.007326,-1.062271
-1.195544,-0.007326,0.109891,2.698133,0.021978,-1.062271
-1.195544,-0.007326,0.109891,2.697751,-0.007328,-1.062271
-1.195544,-0.007326,0.109891,2.697751,0.007326,-1.062271
-1.195544,0.007328,0.109891,2.697751,0.007326,-1.057387
-1.195544,-0.007326,0.109891,2.697751,0.007326,-1.057387
-1.195544,-0.007326,0.109891,2.697751,0.007326,-1.062271
-1.195544,-0.021978,0.109891,2.697751,0.007326,-1.062271
-1.195544,-0.007326,0.109891,2.697751,-0.007328,-1.057387
-1.195544,-0.007326,0.109891,2.697751,0.007326,-1.052503
-1.195544,-0.007326,0.109891,2.697751,0.007326,-1.057387
-1.195544,-0.007326,0.105007,2.697751,0.021978,-1.057387
-1.195544,-0.021978,0.109891,2.697751,0.007326,-1.062271
-1.195544,-0.021978,0.109891,2.697751,0.007326,-1.062271
-1.195544,-0.021978,0.109891,2.697751,0.021978,-1.057387
-1.195544,-0.007326,0.114775,2.697751,0.007326,-1.062271
-1.195544,0.007328,0.109891,2.697751,0.007326,-1.062271
-1.195544,-0.021978,0.109891,2.697751,0.021978,-1.062271
-1.195544,0.007328,0.109891,2.697751,0.007326,-1.062271
-1.195544,0.007328,0.109891,2.697751,0.021978,-1.057387
-1.195544,-0.007326,0.109891,2.697751,0.007326,-1.057387
-1.195544,-0.007326,0.109891,2.697751,-0.007328,-1.057387
-1.195544,-0.007326,0.109891,2.697751,-0.007328,-1.062271
-1.195544,-0.007326,0.109891,2.697751,0.007326,-1.067155
-1.195544,0.007328,0.109891,2.697751,0.007326,-1.062271
-1.195544,-0.007326,0.109891,2.697751,0.007326,-1.062271
-1.195544,0.007328,0.109891,2.697751,-0.007328,-1.057387
-1.195926,-0.007326,0.109891,2.697751,0.021978,-1.057387
-1.195544,-0.007326,0.109891,2.697751,0.007326,-1.062271
-1.195544,0.007328,0.109891,2.697751,0.007326,-1.062271
-1.195544,-0.007326,0.109891,2.697751,0.007326,-1.057387
-1.195544,-0.021978,0.109891,2.697751,-0.007328,-1.057387
-1.195544,-0.021978,0.109891,2.697751,0.007326,-1.057387
-1.195544,-0.007326,0.109891,2.697751,0.007326,-1.057387
-1.195544,0.021980,0.109891,2.697751,0.007326,-1.057387
-1.195544,-0.007326,0.109891,2.697751,0.021978,-1.062271
-1.195544,-0.021978,0.109891,2.697751,0.021978,-1.062271
-1.195544,-0.007326,0.109891,2.697751,0.007326,-1.057387
-1.195544,-0.007326,0.114775,2.697751,0.007326,-1.057387
-1.195544,0.007328,0.114775,2.697751,-0.007328,-1.057387
-1.195544,-0.007326,0.109891,2.697751,-0.007328,-1.057387
-1.195544,-0.007326,0.109891,2.697751,0.007326,-1.062271
-1.195544,-0.007326,0.109891,2.697751,0.021978,-1.062271
-1.195544,-0.007326,0.109891,2.697751,0.007326,-1.057387
-1.195544,-0.021978,0.109891,2.697751,-0.007328,-1.062271
-1.195544,-0.007326,0.109891,2.697751,0.007326,-1.062271
-1.195926,-0.007326,0.109891,2.697751,0.021978,-1.062271
-1.195544,-0.007326,0.114775,2.697751,0.007326,-1.062271
-1.195544,-0.007326,0.114775,2.697751,0.007326,-1.057387
-1.195544,-0.021978,0.109891,2.697751,0.007326,-1.057387
-1.195544,-0.007326,0.109891,2.697751,-0.007328,-1.057387
-1.195544,-0.021978,0.114775,2.697751,0.021978,-1.057387
-1.195544,-0.007326,0.114775,2.697751,0.007326,-1.057387
-1.195544,-0.007326,0.109891,2.697751,0.007326,-1.062271
-1.195544,-0.007326,0.109891,2.697751,0.007326,-1.062271
-1.195544,-0.007326,0.109891,2.697751,0.021978,-1.062271
-1.195544,-0.007326,0.109891,2.697751,0.021978,-1.062271
-1.195544,-0.007326,0.114775,2.697751,0.021978,-1.062271
-1.195544,-0.007326,0.114775,2.697751,0.007326,-1.057387
-1.195544,0.007328,0.114775,2.697751,-0.007328,-1.057387
-1.195544,-0.007326,0.109891,2.697751,0.007326,-1.062271
-1.195544,-0.021978,0.109891,2.697751,0.007326,-1.057387
-1.195544,-0.021978,0.109891,2.697751,-0.007328,-1.057387
-1.195544,-0.007326,0.109891,2.697751,-0.007328,-1.062271
-1.195544,0.007328,0.109891,2.697751,0.021978,-1.062271
-1.195544,0.007328,0.109891,2.697751,0.007326,-1.057387
-1.195544,0.007328,0.114775,2.697751,0.007326,-1.062271
-1.195544,-0.007326,0.114775,2.697751,0.007326,-1.062271
-1.195544,-0.021978,0.109891,2.697751,0.007326,-1.057387
-1.195544,-0.021978,0.114775,2.697751,0.007326,-1.057387
-1.195544,-0.021978,0.109891,2.697751,0.007326,-1.062271
-1.195544,-0.007326,0.109891,2.697751,0.007326,-1.062271
-1.195544,0.007328,0.114775,2.697751,0.007326,-1.057387
-1.195544,-0.007326,0.114775,2.697751,0.007326,-1.057387
-1.195544,-0.007326,0.109891,2.697751,-0.007328,-1.062271
-1.195544,-0.021978,0.109891,2.697751,0.021978,-1.062271
-1.195544,-0.007326,0.109891,2.697751,0.021978,-1.062271
-1.195926,-0.007326,0.114775,2.697751,0.007326,-1.057387
-1.195544,0.007328,0.114775,2.697751,0.007326,-1.057387
-1.195544,0.007328,0.109891,2.697751,0.007326,-1.062271
-1.195544,-0.007326,0.109891,2.697751,-0.021980,-1.062271
-1.195544,-0.007326,0.114775,2.697751,0.021978,-1.062271
-1.195544,-0.021978,0.114775,2.697751,-0.007328,-1.057387
-1.195544,0.007328,0.109891,2.697751,0.007326,-1.057387
-1.195544,-0.007326,0.109891,2.697751,0.007326,-1.057387
-1.195544,-0.007326,0.109891,2.697751,-0.007328,-1.057387
-1.195544,-0.007326,0.114775,2.697751,0.007326,-1.057387
-1.195544,-0.021978,0.114775,2.697751,-0.007328,-1.062271
-1.195544,0.007328,0.109891,2.697751,0.021978,-1.062271
-1.195544,-0.007326,0.109891,2.697751,0.007326,-1.057387
-1.195544,0.007328,0.114775,2.697751,0.007326,-1.052503
-1.195544,-0.007326,0.114775,2.697751,0.007326,-1.062271
-1.195544,0.007328,0.109891,2.697751,0.007326,-1.062271
-1.195544,-0.007326,0.109891,2.697751,0.007326,-1.062271
-1.195544,-0.021978,0.109891,2.697751,0.007326,-1.057387
-1.195544,-0.007326,0.114775,2.697751,0.007326,-1.057387
-1.195544,0.007328,0.109891,2.697751,0.007326,-1.062271
-1.195544,-0.007326,0.114775,2.697751,0.021978,-1.062271
-1.195544,-0.007326,0.109891,2.697751,0.007326,-1.057387
-1.195544,-0.007326,0.114775,2.697751,0.021978,-1.062271
-1.195544,-0.007326,0.109891,2.697751,0.021978,-1.057387
-1.195544,0.007328,0.114775,2.697751,0.007326,-1.057387
-1.195544,0.007328,0.114775,2.697751,0.007326,-1.057387
-1.195544,-0.007326,0.114775,2.697751,-0.007328,-1.057387
-1.195544,-0.007326,0.109891,2.697751,0.007326,-1.057387
-1.195544,-0.007326,0.114775,2.697751,0.007326,-1.062271
-1.195544,-0.021978,0.114775,2.697751,-0.007328,-1.057387
-1.195544,-0.007326,0.114775,2.697751,0.007326,-1.062271
-1.195544,0.007328,0.114775,2.697751,0.021978,-1.062271
-1.195544,-0.007326,0.114775,2.697751,0.007326,-1.057387
-1.195544,-0.007326,0.114775,2.697751,-0.007328,-1.057387
-1.195544,-0.007326,0.114775,2.697751,0.007326,-1.057387
-1.195544,-0.007326,0.114775,2.697751,0.021978,-1.057387
-1.195544,-0.021978,0.114775,2.697751,-0.007328,-1.057387
-1.195544,-0.007326,0.109891,2.697751,0.007326,-1.062271
-1.195544,-0.007326,0.109891,2.697751,0.007326,-1.067155
-1.195544,-0.021978,0.114775,2.697751,0.021978,-1.062271
-1.195544,-0.007326,0.109891,2.697751,0.021978,-1.062271
-1.195544,-0.021978,0.114775,2.697751,-0.007328,-1.057387
-1.195544,-0.007326,0.109891,2.697751,0.007326,-1.052503
-1.195544,-0.007326,0.109891,2.697751,-0.007328,-1.057387
-1.195544,-0.007326,0.109891,2.697751,0.007326,-1.057387
-1.195544,-0.021978,0.114775,2.697751,0.007326,-1.057387
-1.195544,0.007328,0.114775,2.697751,0.007326,-1.057387
-1.195544,-0.007326,0.114775,2.697751,0.007326,-1.062271
-1.195544,-0.007326,0.114775,2.697751,0.021978,-1.062271
-1.195544,0.007328,0.114775,2.697751,-0.007328,-1.057387
-1.195544,-0.007326,0.114775,2.697751,0.007326,-1.062271
-1.195544,0.007328,0.109891,2.697751,0.007326,-1.062271
-1.195544,-0.007326,0.109891,2.697751,0.007326,-1.062271
-1.195544,-0.021978,0.109891,2.697751,0.007326,-1.057387
-1.195544,-0.007326,0.109891,2.697751,0.007326,-1.057387
-1.195544,-0.007326,0.109891,2.697751,-0.007328,-1.057387
-1.195544,-0.007326,0.109891,2.697751,-0.007328,-1.062271
-1.195544,0.007328,0.114775,2.697751,-0.007328,-1.062271
-1.195544,-0.021978,0.114775,2.697751,0.021978,-1.062271
-1.195544,-0.007326,0.109891,2.697751,0.007326,-1.062271
-1.195544,0.007328,0.109891,2.697751,0.007326,-1.062271
-1.195544,-0.007326,0.109891,2.697751,0.007326,-1.062271
-1.195544,-0.007326,0.114775,2.697751,0.007326,-1.057387
-1.195544,-0.007326,0.114775,2.697751,0.021978,-1.057387
-1.195544,-0.036631,0.109891,2.697751,0.007326,-1.062271
-1.195544,-0.021978,0.109891,2.697751,0.007326,-1.062271
-1.195544,-0.007326,0.114775,2.697751,0.007326,-1.067155
-1.195544,-0.007326,0.114775,2.697751,0.021978,-1.062271
-1.195544,0.007328,0.114775,2.697751,0.007326,-1.057387
-1.195544,0.007328,0.109891,2.697751,0.007326,-1.062271
-1.195544,-0.007326,0.109891,2.697751,0.007326,-1.062271
-1.195544,-0.007326,0.114775,2.697751,0.007326,-1.062271
-1.195544,-0.007326,0.114775,2.697751,-0.007328,-1.062271
-1.195544,-0.007326,0.114775,2.697751,0.007326,-1.062271
-1.195926,-0.021978,0.114775,2.697751,0.021978,-1.057387
-1.195544,0.007328,0.114775,2.697751,-0.007328,-1.057387
-1.195544,-0.007326,0.114775,2.697751,0.007326,-1.062271
-1.195544,-0.021978,0.109891,2.697751,-0.007328,-1.057387
-1.195544,0.007328,0.109891,2.697751,0.007326,-1.067155
-1.195544,-0.007326,0.109891,2.697751,0.007326,-1.067155
-1.195544,-0.007326,0.109891,2.697751,0.007326,-1.062271
-1.195544,0.007328,0.109891,2.697751,0.007326,-1.057387
-1.195544,-0.007326,0.114775,2.697751,0.007326,-1.057387
-1.195544,-0.007326,0.114775,2.697751,0.007326,-1.057387
-1.195544,-0.021978,0.114775,2.697751,-0.021980,-1.057387
-1.195544,-0.007326,0.114775,2.697751,0.007326,-1.062271
-1.195544,-0.007326,0.114775,2.697751,0.007326,-1.062271
-1.195544,-0.007326,0.114775,2.697751,0.007326,-1.062271
-1.195544,-0.007326,0.114775,2.697751,0.007326,-1.062271
-1.195544,-0.021978,0.114775,2.697751,0.007326,-1.057387
-1.195544,-0.007326,0.114775,2.697751,0.021978,-1.062271
-1.195544,-0.021978,0.109891,2.697751,-0.007328,-1.057387
-1.195544,-0.007326,0.109891,2.697751,-0.007328,-1.057387
-1.195544,0.007328,0.114775,2.697751,0.021978,-1.052503
-1.195544,-0.007326,0.114775,2.697751,0.021978,-1.052503
-1.195544,0.007328,0.109891,2.697751,0.007326,-1.057387
-1.195544,0.007328,0.109891,2.697751,0.021978,-1.062271
-1.195544,-0.007326,0.109891,2.697751,0.007326,-1.062271
-1.195544,-0.007326,0.109891,2.697751,0.007326,-1.067155
-1.195544,-0.007326,0.109891,2.697751,0.007326,-1.062271
-1.195544,-0.007326,0.109891,2.697751,0.007326,-1.057387
-1.195544,0.007328,0.109891,2.697751,0.007326,-1.062271
-1.195544,-0.007326,0.109891,2.697751,0.021978,-1.062271
-1.195544,-0.021978,0.114775,2.697751,0.007326,-1.057387
-1.195544,-0.007326,0.114775,2.697751,0.007326,-1.057387
-1.195544,-0.007326,0.109891,2.697751,0.007326,-1.057387
-1.195544,-0.007326,0.114775,2.697751,0.007326,-1.062271
-1.195544,-0.007326,0.114775,2.697751,0.007326,-1.062271
-1.195544,-0.007326,0.114775,2.697751,0.007326,-1.062271
-1.195544,-0.007326,0.114775,2.697751,0.007326,-1.062271
-1.195544,-0.007326,0.114775,2.697751,-0.007328,-1.067155
-1.195544,-0.021978,0.114775,2.697751,-0.007328,-1.062271
-1.195544,-0.021978,0.114775,2.697751,-0.007328,-1.057387
-1.195544,-0.007326,0.114775,2.697751,-0.007328,-1.057387
-1.195544,-0.021978,0.114775,2.697751,0.007326,-1.057387
-1.195544,-0.021978,0.114775,2.697751,0.007326,-1.062271
-1.195544,-0.007326,0.109891,2.697751,-0.007328,-1.062271
-1.195544,0.007328,0.109891,2.697751,0.007326,-1.062271
-1.195544,-0.007326,0.114775,2.697751,-0.007328,-1.057387
-1.195544,-0.007326,0.114775,2.697751,0.021978,-1.062271
-1.195544,-0.021978,0.109891,2.697751,-0.007328,-1.057387
-1.195544,-0.007326,0.114775,2.697751,0.007326,-1.062271
-1.195544,-0.007326,0.114775,2.697751,-0.007328,-1.062271
-1.195544,0.007328,0.109891,2.697751,0.007326,-1.057387
-1.195544,0.007328,0.109891,2.697751,-0.007328,-1.057387
-1.195544,-0.007326,0.109891,2.697751,0.007326,-1.057387
-1.195544,0.007328,0.109891,2.697751,-0.007328,-1.062271
-1.195544,0.021980,0.109891,2.697751,0.007326,-1.062271
-1.195544,-0.007326,0.114775,2.697751,0.007326,-1.062271
-1.195544,-0.007326,0.114775,2.697751,0.007326,-1.062271
-1.195544,-0.007326,0.114775,2.697751,0.021978,-1.057387
-1.195544,-0.007326,0.109891,2.697751,0.007326,-1.057387
-1.195544,0.007328,0.114775,2.697751,0.021978,-1.062271
-1.195544,0.007328,0.109891,2.697751,0.007326,-1.062271
-1.195544,-0.007326,0.114775,2.697751,-0.007328,-1.062271
-1.195544,-0.007326,0.114775,2.697751,-0.007328,-1.062271
-1.195544,-0.021978,0.114775,2.697751,0.007326,-1.067155
-1.195544,-0.007326,0.114775,2.697751,-0.007328,-1.067155
-1.195544,-0.007326,0.109891,2.697751,0.007326,-1.062271
-1.195544,0.007328,0.109891,2.697751,0.007326,-1.057387
-1.195544,-0.036631,0.114775,2.697751,0.021978,-1.062271
-1.195544,-0.021978,0.114775,2.697751,0.007326,-1.062271
-1.195544,0.007328,0.109891,2.697751,0.021978,-1.062271
-1.195544,-0.007326,0.109891,2.697751,0.007326,-1.057387
-1.195544,-0.007326,0.109891,2.697751,0.007326,-1.057387
-1.195544,0.007328,0.114775,2.697751,0.021978,-1.062271
-1.195544,-0.007326,0.114775,2.697751,-0.007328,-1.052503
-1.195544,-0.007326,0.114775,2.697751,0.007326,-1.057387
-1.195544,0.007328,0.114775,2.697751,0.007326,-1.062271
-1.195544,-0.007326,0.114775,2.697751,0.007326,-1.057387
-1.195544,0.007328,0.109891,2.697751,-0.007328,-1.057387
-1.195544,-0.007326,0.109891,2.697751,-0.007328,-1.062271
-1.195926,-0.007326,0.109891,2.697751,0.007326,-1.062271
-1.195544,-0.007326,0.109891,2.697751,0.021978,-1.057387
-1.195544,-0.007326,0.114775,2.697751,0.007326,-1.057387
-1.195544,-0.021978,0.114775,2.697751,0.007326,-1.057387
-1.195544,-0.021978,0.114775,2.697751,0.007326,-1.057387
-1.195544,-0.021978,0.114775,2.697751,0.021978,-1.062271
-1.195544,-0.007326,0.114775,2.697751,-0.007328,-1.062271
-1.195544,-0.021978,0.114775,2.697751,0.007326,-1.067155
-1.195544,-0.007326,0.114775,2.697751,0.007326,-1.067155
-1.195544,-0.021978,0.114775,2.697751,0.007326,-1.062271
-1.195544,-0.007326,0.114775,2.697751,0.021978,-1.062271
-1.195544,0.007328,0.109891,2.697751,0.007326,-1.057387
-1.195544,0.007328,0.114775,2.697751,-0.007328,-1.057387
-1.195544,-0.007326,0.114775,2.697751,0.021978,-1.062271
-1.195544,0.007328,0.114775,2.697751,-0.007328,-1.062271
-1.195544,-0.021978,0.114775,2.697751,0.021978,-1.062271
-1.195544,-0.007326,0.109891,2.697751,0.007326,-1.062271
-1.195544,0.007328,0.114775,2.697751,0.007326,-1.062271
-1.195544,-0.007326,0.114775,2.697751,0.007326,-1.062271
-1.195544,-0.007326,0.114775,2.697751,0.021978,-1.062271
-1.195544,-0.021978,0.114775,2.697751,0.007326,-1.057387
-1.195544,-0.007326,0.114775,2.697751,0.007326,-1.057387
-1.195544,-0.021978,0.109891,2.697751,0.021978,-1.057387
-1.195544,-0.021978,0.114775,2.697751,0.007326,-1.052503
-1.195544,-0.021978,0.109891,2.697751,-0.007328,-1.057387
-1.195544,-0.007326,0.109891,2.697751,0.007326,-1.057387
-1.195544,-0.021978,0.109891,2.697751,0.007326,-1.057387
-1.195544,0.007328,0.109891,2.697751,-0.007328,-1.062271
-1.195544,-0.007326,0.114775,2.697751,0.007326,-1.062271
-1.195544,-0.007326,0.109891,2.697751,0.021978,-1.057387
-1.195544,-0.007326,0.114775,2.697751,-0.007328,-1.057387
-1.195544,0.007328,0.114775,2.697751,0.021978,-1.057387
-1.195544,-0.007326,0.114775,2.697751,0.007326,-1.057387
-1.195544,-0.007326,0.109891,2.697751,0.021978,-1.057387
-1.195544,0.007328,0.114775,2.697751,0.007326,-1.057387
-1.195544,0.007328,0.114775,2.697751,0.021978,-1.057387
-1.195544,-0.021978,0.114775,2.697751,-0.007328,-1.057387
-1.195544,-0.007326,0.114775,2.697751,0.007326,-1.062271
-1.195544,-0.007326,0.114775,2.697751,0.007326,-1.062271
-1.195544,-0.007326,0.114775,2.697751,0.007326,-1.057387
-1.195544,-0.007326,0.114775,2.697751,-0.007328,-1.057387
-1.195544,-0.007326,0.114775,2.697751,0.007326,-1.057387
-1.195544,-0.007326,0.114775,2.697751,0.007326,-1.062271
-1.195544,-0.007326,0.109891,2.697751,0.007326,-1.062271
-1.195544,-0.007326,0.114775,2.697751,0.021978,-1.062271
-1.195544,-0.007326,0.114775,2.697751,-0.007328,-1.057387
-1.195544,-0.021978,0.114775,2.697751,0.021978,-1.062271
-1.195544,-0.007326,0.109891,2.697751,0.021978,-1.057387
-1.195544,-0.007326,0.109891,2.697751,0.007326,-1.057387
-1.195544,-0.021978,0.109891,2.697751,-0.007328,-1.057387
-1.195544,-0.007326,0.109891,2.697751,-0.007328,-1.062271
-1.195544,-0.007326,0.114775,2.697751,0.007326,-1.062271
-1.195544,-0.007326,0.114775,2.697751,0.007326,-1.062271
-1.195544,-0.007326,0.109891,2.697751,0.007326,-1.057387
-1.195544,-0.007326,0.114775,2.697751,-0.007328,-1.057387
-1.195544,-0.007326,0.109891,2.697751,-0.007328,-1.057387
-1.195544,-0.021978,0.109891,2.697751,0.021978,-1.062271
-1.195544,0.007328,0.109891,2.697751,0.007326,-1.057387
-1.195544,-0.021978,0.109891,2.697751,0.007326,-1.052503
-1.195544,-0.007326,0.109891,2.697751,0.007326,-1.052503
-1.195544,0.007328,0.114775,2.697751,-0.007328,-1.057387
-1.195544,-0.007326,0.109891,2.697751,0.007326,-1.062271
-1.195544,-0.007326,0.109891,2.697751,0.007326,-1.062271
-1.195544,-0.007326,0.109891,2.697751,-0.007328,-1.057387
-1.195544,-0.007326,0.109891,2.697751,-0.007328,-1.062271
-1.195544,-0.021978,0.109891,2.697751,0.021978,-1.062271
-1.195544,-0.007326,0.109891,2.697751,0.007326,-1.062271
-1.195544,-0.007326,0.109891,2.697751,0.007326,-1.062271
-1.195544,-0.021978,0.109891,2.697751,0.007326,-1.062271
-1.195544,-0.007326,0.109891,2.697751,-0.007328,-1.057387
-1.195544,0.007328,0.109891,2.697751,0.007326,-1.062271
-1.195544,-0.007326,0.109891,2.697751,0.007326,-1.062271
-1.195544,0.007328,0.109891,2.697751,0.007326,-1.062271
-1.195544,0.021980,0.109891,2.697751,0.007326,-1.062271
-1.195544,-0.021978,0.109891,2.697751,0.007326,-1.062271
-1.195544,-0.007326,0.114775,2.697751,-0.007328,-1.057387
-1.195544,-0.021978,0.109891,2.697751,0.007326,-1.062271
-1.195544,0.007328,0.109891,2.697751,0.007326,-1.057387
-1.195544,-0.021978,0.109891,2.697751,0.007326,-1.057387
-1.195544,-0.021978,0.109891,2.697751,0.007326,-1.057387
-1.195544,0.007328,0.114775,2.697751,0.007326,-1.057387
-1.195544,-0.007326,0.109891,2.697751,0.021978,-1.062271
-1.195544,0.007328,0.109891,2.697751,0.007326,-1.062271
-1.195544,-0.007326,0.114775,2.697751,0.007326,-1.057387
-1.195544,-0.021978,0.109891,2.697751,0.021978,-1.062271
-1.195544,-0.021978,0.109891,2.697751,0.007326,-1.052503
-1.195544,0.007328,0.109891,2.697751,0.007326,-1.057387
-1.195544,-0.007326,0.114775,2.697751,0.021978,-1.057387
-1.195544,-0.007326,0.109891,2.697751,0.007326,-1.057387
-1.195544,-0.021978,0.109891,2.697751,0.007326,-1.057387
-1.195544,-0.021978,0.109891,2.697751,-0.007328,-1.062271
-1.195544,-0.007326,0.109891,2.697751,0.021978,-1.062271
-1.195544,-0.021978,0.109891,2.697751,0.007326,-1.062271
-1.195544,-0.007326,0.109891,2.697751,-0.007328,-1.062271
-1.195544,-0.007326,0.114775,2.697751,0.007326,-1.062271
-1.195544,-0.007326,0.109891,2.697751,0.007326,-1.057387
-1.195544,-0.021978,0.109891,2.697751,-0.007328,-1.057387
-1.195544,0.007328,0.109891,2.697751,0.021978,-1.062271
-1.195544,-0.021978,0.109891,2.697751,0.021978,-1.057387
-1.195544,-0.007326,0.109891,2.697751,-0.007328,-1.057387
-1.195544,-0.007326,0.114775,2.697751,0.007326,-1.062271
-1.195544,-0.021978,0.109891,2.697751,0.007326,-1.062271
-1.195544,-0.007326,0.109891,2.697751,0.007326,-1.062271
-1.195544,0.007328,0.109891,2.697751,0.007326,-1.057387
-1.195544,0.007328,0.109891,2.697751,0.007326,-1.062271
-1.195544,-0.007326,0.109891,2.697751,0.007326,-1.062271
-1.195544,0.007328,0.109891,2.697751,0.007326,-1.062271
-1.195544,-0.007326,0.109891,2.697751,0.021978,-1.062271
-1.195544,-0.007326,0.109891,2.697751,0.007326,-1.057387
-1.195544,-0.007326,0.109891,2.697751,0.007326,-1.057387
-1.195544,-0.007326,0.109891,2.697751,0.007326,-1.057387
-1.195544,-0.007326,0.109891,2.697751,0.007326,-1.057387
-1.195544,-0.007326,0.109891,2.697751,0.021978,-1.062271
-1.195544,-0.021978,0.109891,2.697751,0.021978,-1.057387
-1.195544,0.007328,0.114775,2.697751,0.021978,-1.057387
-1.195544,0.007328,0.114775,2.697751,0.007326,-1.057387
-1.195544,-0.007326,0.109891,2.697751,0.021978,-1.057387
-1.195544,-0.007326,0.109891,2.697751,-0.007328,-1.057387
-1.195544,0.007328,0.109891,2.697751,0.007326,-1.062271
-1.195544,-0.007326,0.109891,2.697751,0.007326,-1.057387
-1.195544,-0.007326,0.109891,2.697751,-0.007328,-1.057387
-1.195544,-0.007326,0.114775,2.697751,0.007326,-1.057387
-1.195544,-0.007326,0.109891,2.697751,0.007326,-1.057387
-1.195544,-0.007326,0.109891,2.697751,0.007326,-1.057387
-1.195544,-0.021978,0.114775,2.697751,-0.007328,-1.057387
-1.195544,0.007328,0.109891,2.697751,0.007326,-1.057387
-1.195544,-0.007326,0.114775,2.697751,-0.007328,-1.062271
-1.195544,-0.007326,0.109891,2.697751,0.021978,-1.067155
-1.195544,0.007328,0.109891,2.697751,0.021978,-1.062271
-1.195544,0.007328,0.109891,2.697751,0.007326,-1.062271
-1.195544,-0.007326,0.109891,2.697751,0.007326,-1.062271
-1.195544,-0.007326,0.109891,2.697751,0.007326,-1.057387
-1.195544,-0.021978,0.114775,2.697751,0.007326,-1.062271
-1.195544,-0.007326,0.109891,2.697751,0.007326,-1.062271
-1.195544,-0.021978,0.109891,2.697751,0.021978,-1.062271
-1.195544,-0.007326,0.109891,2.697751,0.021978,-1.057387
-1.195544,-0.007326,0.114775,2.697751,0.007326,-1.057387
-1.195544,-0.007326,0.114775,2.697751,0.007326,-1.057387
-1.195544,-0.021978,0.114775,2.697751,-0.007328,-1.062271
-1.195544,-0.007326,0.109891,2.697751,0.007326,-1.062271
-1.195544,-0.007326,0.109891,2.697751,0.007326,-1.057387
-1.195544,-0.007326,0.109891,2.697751,-0.007328,-1.057387
-1.195544,-0.021978,0.114775,2.697751,0.007326,-1.062271
-1.195544,-0.007326,0.114775,2.697751,0.021978,-1.057387
-1.195544,-0.021978,0.114775,2.697751,0.007326,-1.052503
-1.195544,-0.007326,0.109891,2.697751,0.007326,-1.057387
-1.195544,-0.021978,0.109891,2.697751,0.021978,-1.057387
-1.195544,-0.007326,0.114775,2.697751,-0.007328,-1.057387
-1.195544,-0.021978,0.109891,2.697751,0.007326,-1.057387
-1.195544,-0.007326,0.114775,2.697751,0.007326,-1.057387
-1.195544,-0.007326,0.114775,2.697751,0.007326,-1.062271
-1.195544,-0.007326,0.114775,2.697751,0.007326,-1.062271
-1.195544,-0.007326,0.114775,2.697751,0.007326,-1.057387
-1.195544,0.007328,0.114775,2.697751,0.007326,-1.057387
-1.195544,0.007328,0.114775,2.697751,0.007326,-1.057387
-1.195544,-0.007326,0.114775,2.697751,0.007326,-1.057387
-1.195544,-0.021978,0.114775,2.697751,0.021978,-1.057387
-1.195544,-0.021978,0.114775,2.697751,0.021978,-1.057387
-1.195544,-0.021978,0.114775,2.697751,-0.007328,-1.057387
-1.195544,-0.007326,0.114775,2.697751,0.021978,-1.062271
-1.195544,-0.007326,0.109891,2.697751,0.021978,-1.057387
-1.195544,-0.007326,0.114775,2.697751,-0.007328,-1.057387
-1.195544,-0.007326,0.114775,2.697751,-0.007328,-1.062271
-1.195544,-0.007326,0.114775,2.697751,0.021978,-1.067155
-1.195544,-0.021978,0.109891,2.697751,0.021978,-1.062271
-1.195544,-0.007326,0.109891,2.697751,0.021978,-1.062271
-1.195544,-0.007326,0.109891,2.697751,0.007326,-1.057387
-1.195544,-0.007326,0.109891,2.697751,-0.007328,-1.057387
-1.195544,0.007328,0.114775,2.697751,-0.007328,-1.057387
-1.195544,-0.007326,0.109891,2.697751,0.007326,-1.057387
-1.195544,0.007328,0.109891,2.697751,0.007326,-1.057387
-1.195544,-0.007326,0.114775,2.697751,0.007326,-1.057387
-1.195544,-0.007326,0.109891,2.697751,0.007326,-1.057387
-1.195544,0.007328,0.114775,2.697751,0.007326,-1.057387
-1.195544,-0.036631,0.114775,2.697751,0.007326,-1.057387
-1.195544,-0.021978,0.109891,2.697751,0.007326,-1.057387
-1.195544,0.007328,0.109891,2.697751,0.007326,-1.057387
-1.195544,-0.007326,0.109891,2.697751,0.007326,-1.062271
-1.195544,-0.007326,0.109891,2.697751,-0.007328,-1.057387
-1.195544,0.007328,0.114775,2.697751,0.007326,-1.062271
-1.195544,-0.021978,0.109891,2.697751,0.007326,-1.062271
-1.195544,-0.007326,0.109891,2.697751,0.007326,-1.057387
-1.195544,0.007328,0.109891,2.697751,0.007326,-1.062271
-1.195544,-0.021978,0.114775,2.697751,0.007326,-1.057387
-1.195544,0.007328,0.114775,2.697751,0.007326,-1.057387
-1.195544,-0.007326,0.114775,2.697751,-0.007328,-1.057387
-1.195544,-0.007326,0.114775,2.697751,0.007326,-1.057387
-1.195544,-0.021978,0.114775,2.697751,-0.007328,-1.057387
-1.195544,-0.007326,0.109891,2.697751,0.007326,-1.062271
-1.195544,-0.021978,0.114775,2.697751,-0.007328,-1.062271
-1.195544,-0.007326,0.114775,2.697751,0.007326,-1.062271
-1.195544,-0.007326,0.114775,2.697751,0.007326,-1.062271
-1.195544,-0.007326,0.109891,2.697751,0.007326,-1.062271
-1.195544,0.007328,0.114775,2.697751,0.007326,-1.062271
-1.195544,-0.007326,0.109891,2.697751,-0.007328,-1.062271
-1.195544,-0.007326,0.109891,2.697751,0.021978,-1.062271
-1.195544,-0.021978,0.114775,2.697751,0.007326,-1.062271
-1.195544,-0.007326,0.114775,2.697751,-0.007328,-1.062271
-1.195544,-0.007326,0.109891,2.697751,0.021978,-1.062271
-1.195544,-0.007326,0.114775,2.697751,0.007326,-1.057387
-1.195544,-0.021978,0.114775,2.697751,0.007326,-1.057387
-1.195544,-0.021978,0.114775,2.697751,0.007326,-1.057387
-1.195544,-0.021978,0.109891,2.697751,0.007326,-1.057387
-1.195544,-0.021978,0.109891,2.697751,0.021978,-1.057387
-1.195544,-0.007326,0.114775,2.697751,0.021978,-1.062271
-1.195544,-0.007326,0.114775,2.697751,0.007326,-1.057387
-1.195544,-0.021978,0.114775,2.697751,0.007326,-1.057387
-1.195544,0.007328,0.109891,2.697751,0.007326,-1.062271
-1.195544,-0.007326,0.109891,2.697751,0.007326,-1.062271
-1.195544,-0.007326,0.109891,2.697751,0.007326,-1.057387
-1.195544,-0.007326,0.109891,2.697751,0.007326,-1.057387
-1.195544,-0.007326,0.114775,2.697751,0.007326,-1.062271
-1.195544,-0.007326,0.109891,2.697751,0.007326,-1.057387
-1.195544,-0.007326,0.114775,2.697751,0.007326,-1.057387
-1.195544,0.007328,0.114775,2.697751,0.007326,-1.057387
-1.195544,-0.007326,0.114775,2.697751,0.007326,-1.057387
-1.195544,-0.007326,0.114775,2.697751,0.007326,-1.062271
-1.195544,-0.007326,0.109891,2.697751,0.007326,-1.057387
-1.195544,-0.021978,0.109891,2.697751,-0.007328,-1.057387
-1.195544,-0.007326,0.109891,2.697751,-0.007328,-1.057387
-1.195544,-0.021978,0.109891,2.697751,0.007326,-1.062271
-1.195544,-0.021978,0.114775,2.697751,0.007326,-1.057387
-1.195544,-0.036631,0.109891,2.697751,0.007326,-1.062271
-1.195544,-0.007326,0.109891,2.697751,0.021978,-1.062271
-1.195544,0.007328,0.114775,2.697751,0.007326,-1.057387
-1.195544,-0.007326,0.114775,2.697751,0.007326,-1.057387
-1.195544,-0.021978,0.109891,2.697751,-0.007328,-1.057387
-1.195544,-0.007326,0.114775,2.697751,0.021978,-1.062271
-1.195926,-0.007326,0.109891,2.697751,0.021978,-1.062271
-1.195544,-0.007326,0.109891,2.697751,0.007326,-1.057387
-1.195544,-0.007326,0.114775,2.697751,0.007326,-1.062271
-1.195544,-0.007326,0.114775,2.697751,0.007326,-1.062271
-1.195544,-0.007326,0.114775,2.697751,0.007326,-1.062271
-1.195544,-0.007326,0.114775,2.697751,0.007326,-1.062271
-1.195544,-0.007326,0.114775,2.697751,0.007326,-1.057387
-1.195544,-0.021978,0.114775,2.697751,0.007326,-1.057387
-1.195544,0.007328,0.114775,2.697751,-0.007328,-1.057387
-1.195544,0.007328,0.114775,2.697751,0.007326,-1.057387
-1.195544,-0.007326,0.109891,2.697751,-0.007328,-1.057387
-1.195544,-0.007326,0.109891,2.697751,-0.007328,-1.057387
-1.195544,-0.007326,0.109891,2.697751,-0.007328,-1.057387
-1.195544,-0.007326,0.109891,2.697751,0.007326,-1.057387
-1.195544,-0.007326,0.109891,2.697751,-0.007328,-1.057387
-1.195544,-0.007326,0.109891,2.697751,0.007326,-1.057387
-1.195544,-0.007326,0.109891,2.697751,0.021978,-1.057387
-1.195544,-0.021978,0.109891,2.697751,0.007326,-1.057387
-1.195544,0.007328,0.114775,2.697751,0.007326,-1.062271
-1.195544,-0.007326,0.114775,2.697751,0.007326,-1.057387
-1.195544,-0.007326,0.114775,2.697751,0.007326,-1.062271
-1.195544,-0.007326,0.114775,2.697751,-0.007328,-1.062271
-1.195544,-0.021978,0.114775,2.697751,0.007326,-1.062271
-1.195544,0.007328,0.114775,2.697751,0.007326,-1.062271
-1.195544,-0.021978,0.114775,2.697751,0.007326,-1.057387
-1.195544,-0.007326,0.114775,2.697751,-0.007328,-1.057387
-1.195544,-0.007326,0.114775,2.697751,0.021978,-1.057387
-1.195544,-0.007326,0.114775,2.697751,0.021978,-1.057387
-1.195544,-0.007326,0.114775,2.697751,0.007326,-1.057387
-1.195544,-0.007326,0.114775,2.697751,0.007326,-1.057387
-1.195544,-0.007326,0.109891,2.697751,0.007326,-1.062271
-1.195544,0.007328,0.109891,2.697751,0.021978,-1.062271
-1.195544,-0.021978,0.114775,2.697751,0.007326,-1.062271
-1.195544,-0.007326,0.109891,2.697751,0.007326,-1.062271
-1.195544,-0.007326,0.109891,2.697751,0.007326,-1.062271
-1.195544,0.007328,0.114775,2.697751,0.007326,-1.062271
-1.195544,-0.007326,0.109891,2.697751,-0.007328,-1.057387
-1.195544,-0.007326,0.114775,2.697751,0.007326,-1.057387
-1.195544,-0.007326,0.109891,2.697751,0.007326,-1.062271
-1.195544,0.007328,0.114775,2.697751,0.007326,-1.062271
-1.195544,-0.021978,0.114775,2.697751,-0.007328,-1.062271
-1.195544,-0.007326,0.109891,2.697751,0.021978,-1.062271
-1.195544,-0.007326,0.114775,2.697751,-0.007328,-1.062271
-1.195544,0.007328,0.114775,2.697751,0.007326,-1.067155
-1.195544,-0.021978,0.109891,2.697751,0.007326,-1.062271
-1.195544,-0.007326,0.114775,2.697751,0.007326,-1.057387
-1.195544,0.007328,0.114775,2.697751,0.021978,-1.062271
-1.195544,-0.007326,0.109891,2.697751,0.007326,-1.062271
-1.195544,0.007328,0.109891,2.697751,0.007326,-1.057387
-1.195544,-0.021978,0.109891,2.697751,0.007326,-1.057387
-1.195544,-0.021978,0.109891,2.697751,0.007326,-1.057387
-1.195544,-0.007326,0.114775,2.697751,0.007326,-1.057387
-1.195544,0.007328,0.109891,2.697751,0.007326,-1.057387
-1.195544,-0.007326,0.114775,2.697751,0.007326,-1.062271
-1.195544,0.007328,0.109891,2.697751,0.007326,-1.062271
-1.195544,-0.007326,0.114775,2.697751,0.007326,-1.062271
-1.195544,-0.007326,0.109891,2.697751,0.021978,-1.062271
-1.195544,-0.007326,0.109891,2.697751,0.007326,-1.057387
-1.195544,-0.007326,0.109891,2.697751,-0.007328,-1.057387
-1.195544,-0.021978,0.114775,2.697751,-0.007328,-1.062271
-1.195544,-0.007326,0.114775,2.697751,0.007326,-1.057387
-1.195544,0.007328,0.109891,2.697751,0.021978,-1.057387
-1.195544,-0.021978,0.109891,2.697751,0.007326,-1.057387
-1.195544,-0.007326,0.109891,2.697751,0.007326,-1.057387
-1.195544,0.007328,0.109891,2.697751,0.007326,-1.057387
-1.195544,0.007328,0.109891,2.697751,0.007326,-1.057387
-1.195544,-0.007326,0.109891,2.697751,0.021978,-1.062271
-1.195544,-0.007326,0.109891,2.697751,0.007326,-1.057387
-1.195544,-0.021978,0.109891,2.697751,-0.007328,-1.057387
-1.195544,-0.007326,0.109891,2.697751,0.021978,-1.057387
-1.195544,0.007328,0.109891,2.697751,0.007326,-1.062271
-1.195544,0.007328,0.109891,2.697751,-0.007328,-1.062271
-1.195544,-0.007326,0.109891,2.697751,-0.007328,-1.062271
-1.195544,-0.007326,0.114775,2.697751,-0.007328,-1.062271
-1.195544,-0.007326,0.109891,2.697751,0.021978,-1.062271
-1.195544,-0.007326,0.109891,2.697751,0.007326,-1.057387
-1.195544,-0.007326,0.114775,2.697751,0.007326,-1.057387
-1.195544,-0.007326,0.109891,2.697751,0.007326,-1.062271
-1.195544,-0.021978,0.109891,2.697751,0.007326,-1.062271
-1.195544,-0.007326,0.114775,2.697751,0.007326,-1.062271
-1.195544,0.007328,0.109891,2.697751,0.007326,-1.062271
-1.195544,-0.007326,0.109891,2.697751,0.007326,-1.057387
-1.195544,-0.007326,0.109891,2.697751,0.007326,-1.057387
-1.195544,-0.007326,0.109891,2.697751,0.021978,-1.057387
-1.195544,-0.007326,0.114775,2.697751,0.007326,-1.057387
-1.195544,-0.021978,0.114775,2.697751,0.007326,-1.057387
-1.195544,0.007328,0.109891,2.697751,-0.007328,-1.057387
-1.195544,-0.007326,0.109891,2.697751,0.007326,-1.062271
-1.195544,-0.007326,0.109891,2.697751,0.007326,-1.057387
-1.195544,-0.021978,0.109891,2.697751,0.007326,-1.057387
-1.195544,-0.021978,0.109891,2.697751,0.021978,-1.057387
-1.195544,-0.007326,0.114775,2.697751,-0.007328,-1.062271
-1.195544,-0.021978,0.114775,2.697751,0.007326,-1.062271
-1.195544,-0.021978,0.114775,2.697751,0.007326,-1.057387
-1.195544,-0.007326,0.109891,2.697751,0.021978,-1.057387
-1.195544,-0.007326,0.109891,2.697751,-0.007328,-1.057387
-1.195544,-0.007326,0.114775,2.697751,0.021978,-1.057387
-1.195544,-0.007326,0.109891,2.697751,0.007326,-1.062271
-1.195544,-0.007326,0.114775,2.697751,0.021978,-1.062271
-1.195544,-0.007326,0.114775,2.697751,0.007326,-1.057387
-1.195544,-0.007326,0.114775,2.697751,0.007326,-1.062271
-1.195544,-0.021978,0.114775,2.697751,-0.007328,-1.062271
-1.195544,0.007328,0.109891,2.697751,0.007326,-1.062271
-1.195544,-0.007326,0.109891,2.697751,0.007326,-1.057387
-1.195544,-0.007326,0.114775,2.697751,0.007326,-1.057387
-1.195544,-0.007326,0.109891,2.697751,0.007326,-1.057387
-1.195544,-0.007326,0.114775,2.697751,0.007326,-1.057387
-1.195544,-0.007326,0.109891,2.697751,0.007326,-1.062271
-1.195544,-0.007326,0.109891,2.697751,-0.007328,-1.062271
-1.195544,-0.007326,0.109891,2.697751,-0.007328,-1.062271
-1.195544,-0.021978,0.114775,2.697751,0.021978,-1.062271
-1.195544,-0.007326,0.114775,2.697751,0.007326,-1.062271
-1.195544,-0.021978,0.109891,2.697751,0.021978,-1.062271
-1.195544,-0.007326,0.109891,2.697751,0.007326,-1.057387
-1.195544,-0.007326,0.109891,2.697751,-0.007328,-1.057387
-1.195544,-0.007326,0.109891,2.697751,-0.007328,-1.062271
-1.195544,-0.007326,0.109891,2.697751,0.021978,-1.057387
-1.195544,-0.007326,0.109891,2.697751,0.007326,-1.057387
-1.195544,-0.007326,0.109891,2.697751,0.021978,-1.057387
-1.195544,-0.007326,0.114775,2.697751,0.007326,-1.062271
-1.195544,-0.007326,0.109891,2.697751,0.021978,-1.062271
-1.195544,-0.021978,0.109891,2.697751,0.007326,-1.057387
-1.195544,-0.007326,0.114775,2.697751,0.007326,-1.057387
-1.195544,-0.007326,0.109891,2.697751,-0.007328,-1.062271
-1.195544,-0.007326,0.109891,2.697751,0.007326,-1.057387
-1.195544,-0.007326,0.114775,2.697751,0.007326,-1.062271
-1.195544,-0.007326,0.114775,2.697751,0.007326,-1.062271
-1.195544,-0.021978,0.109891,2.697751,0.007326,-1.057387
-1.195544,0.007328,0.109891,2.697751,0.007326,-1.057387
-1.195544,0.007328,0.109891,2.697751,-0.007328,-1.057387
-1.195544,0.007328,0.109891,2.697751,0.007326,-1.057387
-1.195544,-0.007326,0.109891,2.697751,0.007326,-1.057387
-1.195544,-0.007326,0.109891,2.697751,0.007326,-1.057387
-1.195544,-0.007326,0.109891,2.697751,0.021978,-1.062271
-1.195544,-0.021978,0.109891,2.697751,0.007326,-1.057387
-1.195926,-0.007326,0.109891,2.697751,0.007326,-1.057387
-1.195544,-0.007326,0.114775,2.697751,0.007326,-1.057387
-1.195544,0.007328,0.114775,2.697751,0.007326,-1.057387
-1.195544,0.007328,0.114775,2.697751,-0.007328,-1.057387
-1.195544,0.007328,0.114775,2.697751,0.021978,-1.062271
-1.195544,-0.021978,0.114775,2.697751,0.007326,-1.057387
-1.195544,-0.007326,0.109891,2.697751,0.007326,-1.057387
-1.195544,-0.007326,0.109891,2.697751,-0.007328,-1.062271
-1.195544,-0.007326,0.109891,2.697751,0.007326,-1.062271
-1.195544,-0.007326,0.109891,2.697751,0.007326,-1.062271
-1.195544,-0.007326,0.109891,2.697751,0.021978,-1.062271
-1.195544,-0.007326,0.109891,2.697751,0.007326,-1.062271
-1.195544,0.007328,0.109891,2.697751,0.007326,-1.062271
-1.195544,-0.007326,0.109891,2.697751,-0.007328,-1.057387
-1.195544,-0.021978,0.109891,2.697751,0.007326,-1.062271
-1.195544,-0.007326,0.109891,2.697751,-0.007328,-1.057387
-1.195544,0.007328,0.109891,2.697751,0.007326,-1.057387
-1.195544,0.007328,0.109891,2.697751,0.007326,-1.062271
-1.195544,-0.021978,0.114775,2.697751,0.007326,-1.062271
-1.195544,-0.021978,0.114775,2.697751,0.007326,-1.062271
-1.195544,-0.021978,0.109891,2.697751,0.021978,-1.062271
-1.195544,-0.021978,0.109891,2.697751,-0.007328,-1.057387
-1.195544,-0.007326,0.114775,2.697751,0.021978,-1.062271
-1.195544,0.007328,0.114775,2.697751,0.021978,-1.057387
-1.195544,-0.007326,0.109891,2.697751,0.007326,-1.057387
-1.195544,-0.007326,0.109891,2.697751,0.007326,-1.057387
-1.195544,-0.007326,0.109891,2.697751,0.007326,-1.057387
-1.195544,-0.007326,0.109891,2.697751,0.007326,-1.057387
-1.195544,-0.007326,0.114775,2.697751,0.007326,-1.057387
-1.195544,-0.007326,0.114775,2.697751,0.021978,-1.057387
-1.195544,0.007328,0.114775,2.697751,0.007326,-1.057387
-1.195544,-0.021978,0.114775,2.697751,0.007326,-1.062271
-1.195544,-0.007326,0.114775,2.697751,-0.007328,-1.062271
-1.195544,-0.021978,0.114775,2.697751,-0.007328,-1.062271
-1.195544,-0.007326,0.114775,2.697751,0.007326,-1.057387
-1.195544,0.007328,0.114775,2.697751,0.007326,-1.057387
-1.195544,-0.007326,0.114775,2.697751,0.021978,-1.062271
-1.195544,-0.007326,0.114775,2.697751,-0.007328,-1.057387
-1.195544,-0.007326,0.109891,2.697751,0.007326,-1.062271
-1.195544,0.007328,0.114775,2.697751,0.007326,-1.062271
-1.195544,-0.007326,0.109891,2.697751,0.007326,-1.057387
-1.195544,0.007328,0.109891,2.697751,0.007326,-1.057387
-1.195544,-0.021978,0.114775,2.697751,-0.007328,-1.057387
-1.195544,-0.021978,0.109891,2.697751,0.007326,-1.057387
-1.195544,0.007328,0.114775,2.697751,0.021978,-1.057387
-1.195544,0.007328,0.109891,2.697751,0.007326,-1.062271
-1.195544,-0.007326,0.114775,2.697751,0.007326,-1.062271
-1.195544,-0.007326,0.114775,2.697751,0.021978,-1.057387
-1.195544,-0.007326,0.109891,2.697751,0.007326,-1.057387
-1.195544,-0.007326,0.114775,2.697751,0.007326,-1.057387
-1.195544,-0.007326,0.114775,2.697751,-0.007328,-1.062271
-1.195544,-0.007326,0.114775,2.697751,0.007326,-1.057387
-1.195544,-0.007326,0.114775,2.697751,-0.007328,-1.057387
-1.195544,-0.021978,0.109891,2.697751,0.007326,-1.062271
-1.195544,-0.007326,0.114775,2.697751,-0.007328,-1.062271
-1.195544,-0.007326,0.114775,2.697751,0.021978,-1.062271
-1.195544,-0.007326,0.114775,2.697751,0.007326,-1.057387
-1.195544,-0.007326,0.114775,2.697751,0.007326,-1.057387
-1.195544,-0.007326,0.109891,2.697751,-0.007328,-1.062271
-1.195544,-0.007326,0.109891,2.697751,0.007326,-1.062271
-1.195544,-0.007326,0.114775,2.697751,0.007326,-1.057387
-1.195544,-0.007326,0.109891,2.697751,-0.007328,-1.057387
-1.195544,-0.007326,0.109891,2.697751,0.007326,-1.057387
-1.195544,-0.021978,0.109891,2.697751,0.021978,-1.062271
-1.195544,-0.007326,0.114775,2.697751,0.007326,-1.062271
-1.195544,-0.007326,0.109891,2.697751,0.021978,-1.057387
-1.195544,0.007328,0.109891,2.697751,0.021978,-1.057387
-1.195544,-0.007326,0.114775,2.697751,0.007326,-1.057387
-1.195544,-0.007326,0.109891,2.697751,-0.021980,-1.057387
-1.195544,-0.021978,0.109891,2.697751,-0.007328,-1.057387
-1.195544,-0.007326,0.114775,2.697751,0.021978,-1.062271
-1.195544,-0.007326,0.109891,2.697751,-0.007328,-1.057387
-1.195544,-0.007326,0.109891,2.697751,-0.007328,-1.057387
-1.195544,0.007328,0.109891,2.697751,0.007326,-1.062271
-1.195544,0.007328,0.109891,2.697751,0.007326,-1.062271
-1.195544,-0.007326,0.114775,2.697751,0.007326,-1.062271
-1.195544,-0.021978,0.114775,2.697751,0.007326,-1.062271
-1.195544,-0.007326,0.114775,2.697751,0.021978,-1.057387
-1.195544,0.007328,0.109891,2.697751,0.007326,-1.057387
-1.195544,-0.007326,0.109891,2.697751,0.007326,-1.057387
-1.195544,-0.007326,0.114775,2.697751,0.021978,-1.057387
-1.195544,-0.007326,0.114775,2.697751,0.007326,-1.057387
-1.195544,0.007328,0.114775,2.697751,0.007326,-1.062271
-1.195544,-0.021978,0.114775,2.697751,0.007326,-1.057387
-1.195544,-0.007326,0.114775,2.697751,0.007326,-1.062271
-1.195544,-0.021978,0.114775,2.697751,0.007326,-1.057387
-1.195544,-0.007326,0.114775,2.697751,0.007326,-1.057387
-1.195544,-0.007326,0.114775,2.697751,-0.007328,-1.057387
-1.195544,-0.007326,0.109891,2.697751,0.007326,-1.057387
-1.195544,-0.021978,0.109891,2.697751,0.021978,-1.057387
-1.195544,-0.007326,0.109891,2.697751,0.007326,-1.062271
-1.195544,-0.007326,0.109891,2.697751,0.021978,-1.062271
-1.195544,-0.007326,0.109891,2.697751,-0.007328,-1.057387
-1.195544,-0.007326,0.109891,2.697751,0.007326,-1.062271
-1.195544,-0.007326,0.109891,2.697751,0.007326,-1.062271
-1.195544,-0.007326,0.109891,2.697751,0.021978,-1.062271
-1.195544,-0.007326,0.109891,2.697751,0.007326,-1.062271
-1.195544,-0.007326,0.109891,2.697751,0.007326,-1.062271
-1.195544,-0.007326,0.114775,2.697751,0.007326,-1.057387
-1.195544,-0.007326,0.114775,2.697751,0.007326,-1.057387
-1.195544,-0.007326,0.114775,2.697751,-0.007328,-1.062271
-1.195544,-0.021978,0.114775,2.697751,0.007326,-1.062271
-1.195544,-0.021978,0.114775,2.697751,0.007326,-1.062271
-1.195544,-0.021978,0.114775,2.697751,-0.007328,-1.057387
-1.195544,-0.007326,0.114775,2.697751,0.007326,-1.057387
-1.195544,-0.007326,0.114775,2.697751,0.021978,-1.062271
-1.195544,0.007328,0.109891,2.697751,0.007326,-1.062271
-1.195544,-0.007326,0.114775,2.697751,-0.007328,-1.057387
-1.195544,-0.007326,0.114775,2.697751,0.021978,-1.062271
-1.195544,-0.021978,0.114775,2.697751,0.007326,-1.057387
-1.195544,0.007328,0.114775,2.697751,0.007326,-1.057387
-1.195544,-0.007326,0.114775,2.697751,0.021978,-1.057387
-1.195544,-0.021978,0.109891,2.697751,0.007326,-1.057387
-1.195544,-0.007326,0.114775,2.697751,0.007326,-1.057387
-1.195544,-0.007326,0.114775,2.697751,-0.021980,-1.057387
-1.195544,0.007328,0.114775,2.697751,-0.007328,-1.062271
-1.195544,-0.021978,0.109891,2.697751,0.007326,-1.062271
-1.195544,-0.021978,0.109891,2.697751,0.007326,-1.062271
-1.195544,-0.007326,0.109891,2.697751,0.007326,-1.057387
-1.195544,-0.007326,0.109891,2.697751,0.007326,-1.062271
-1.195544,0.007328,0.109891,2.697751,0.021978,-1.062271
-1.195544,0.007328,0.109891,2.697751,0.007326,-1.057387
-1.195544,-0.007326,0.109891,2.697751,0.021978,-1.062271
-1.195544,-0.007326,0.114775,2.697751,0.007326,-1.062271
-1.195544,0.007328,0.114775,2.697751,0.021978,-1.057387
-1.195544,0.007328,0.114775,2.697751,0.007326,-1.057387
-1.195544,0.007328,0.109891,2.697751,0.021978,-1.057387
-1.195544,-0.007326,0.109891,2.697751,-0.007328,-1.057387
-1.195544,-0.021978,0.109891,2.697751,0.021978,-1.052503
-1.195544,-0.007326,0.114775,2.697751,-0.007328,-1.052503
-1.195544,-0.021978,0.114775,2.697751,-0.007328,-1.057387
-1.195544,-0.007326,0.109891,2.697751,0.007326,-1.057387
-1.195544,-0.007326,0.114775,2.697751,0.007326,-1.057387
-1.195544,-0.007326,0.114775,2.697751,0.007326,-1.057387
-1.195544,-0.021978,0.114775,2.697751,0.007326,-1.057387
-1.195544,-0.007326,0.114775,2.697751,0.007326,-1.057387
-1.195544,-0.007326,0.109891,2.697751,0.007326,-1.057387
-1.195544,-0.007326,0.114775,2.697751,0.007326,-1.052503
-1.195544,-0.007326,0.114775,2.697751,0.021978,-1.052503
-1.195544,-0.007326,0.109891,2.697751,0.007326,-1.052503
-1.195544,-0.007326,0.114775,2.697751,-0.007328,-1.057387
-1.195544,-0.007326,0.114775,2.697751,0.007326,-1.057387
-1.195544,-0.021978,0.109891,2.697751,0.021978,-1.057387
-1.195544,0.007328,0.114775,2.697751,0.007326,-1.057387
-1.195544,-0.007326,0.109891,2.697751,0.021978,-1.062271
-1.195544,-0.007326,0.109891,2.697751,0.007326,-1.057387
-1.195544,-0.007326,0.109891,2.697751,-0.007328,-1.057387
-1.195544,-0.007326,0.114775,2.697751,0.007326,-1.057387
-1.195544,-0.007326,0.114775,2.697751,-0.007328,-1.062271
-1.195544,-0.007326,0.114775,2.697751,-0.007328,-1.057387
-1.195544,-0.021978,0.114775,2.697751,-0.007328,-1.057387
-1.195544,-0.007326,0.114775,2.697751,0.007326,-1.057387
-1.195544,-0.007326,0.114775,2.697751,0.007326,-1.057387
-1.195544,0.007328,0.109891,2.697751,0.007326,-1.062271
-1.195544,-0.007326,0.109891,2.697751,0.007326,-1.062271
-1.195544,0.007328,0.109891,2.697751,0.007326,-1.062271
-1.195544,0.007328,0.109891,2.697751,0.007326,-1.057387
-1.195544,0.007328,0.109891,2.697751,-0.007328,-1.057387
-1.195544,-0.007326,0.114775,2.697751,0.021978,-1.057387
-1.195544,-0.007326,0.114775,2.697751,0.007326,-1.057387
-1.195544,0.007328,0.114775,2.697751,0.007326,-1.057387
-1.195544,-0.007326,0.109891,2.697751,0.007326,-1.062271
-1.195544,-0.007326,0.109891,2.697751,-0.007328,-1.057387
-1.195544,-0.007326,0.109891,2.697751,0.007326,-1.057387
-1.195544,-0.021978,0.114775,2.697751,0.007326,-1.057387
-1.195544,-0.007326,0.114775,2.697751,0.007326,-1.057387
-1.195544,-0.007326,0.109891,2.697751,-0.007328,-1.057387
-1.195544,-0.007326,0.114775,2.697751,0.007326,-1.057387
-1.195544,-0.021978,0.109891,2.697751,0.007326,-1.057387
-1.195544,-0.007326,0.114775,2.697751,-0.007328,-1.057387
-1.195544,-0.007326,0.109891,2.697751,0.007326,-1.057387
-1.195544,-0.007326,0.109891,2.697751,0.021978,-1.057387
-1.195544,-0.021978,0.114775,2.697751,0.007326,-1.057387
-1.195544,-0.007326,0.114775,2.697751,-0.007328,-1.057387
-1.195544,-0.007326,0.114775,2.697751,0.007326,-1.062271
-1.195544,0.007328,0.114775,2.697751,-0.007328,-1.057387
-1.195544,-0.021978,0.114775,2.697751,0.007326,-1.057387
-1.195544,-0.007326,0.114775,2.697751,0.007326,-1.062271
-1.195544,-0.021978,0.114775,2.697751,0.007326,-1.062271
-1.195544,0.007328,0.114775,2.697751,0.007326,-1.062271
-1.195544,-0.007326,0.114775,2.697751,0.007326,-1.057387
-1.195544,-0.007326,0.109891,2.697751,0.007326,-1.057387
-1.195544,0.007328,0.114775,2.697751,-0.007328,-1.057387
-1.195544,-0.007326,0.109891,2.697751,0.007326,-1.062271
-1.195544,-0.007326,0.114775,2.697751,0.007326,-1.057387
-1.195544,0.007328,0.109891,2.697751,0.021978,-1.057387
-1.195544,-0.007326,0.109891,2.697751,0.007326,-1.057387
-1.195544,-0.007326,0.109891,2.697751,0.007326,-1.057387
-1.195544,-0.021978,0.109891,2.697751,-0.021980,-1.057387
-1.195544,0.007328,0.109891,2.697751,0.021978,-1.062271
-1.195544,0.007328,0.114775,2.697751,-0.007328,-1.057387
-1.195544,-0.007326,0.109891,2.697751,-0.007328,-1.057387
-1.195544,0.007328,0.109891,2.697751,0.021978,-1.057387
-1.195544,-0.036631,0.114775,2.697751,-0.007328,-1.052503
-1.195544,0.007328,0.114775,2.697751,0.021978,-1.057387
-1.195544,0.007328,0.109891,2.697751,0.021978,-1.057387
-1.195544,-0.007326,0.109891,2.697751,0.021978,-1.057387
-1.195544,-0.021978,0.109891,2.697751,0.007326,-1.057387
-1.195544,-0.007326,0.114775,2.697751,-0.007328,-1.062271
-1.195544,-0.021978,0.109891,2.697751,0.021978,-1.062271
-1.195544,-0.007326,0.109891,2.697751,0.007326,-1.057387
-1.195544,-0.007326,0.109891,2.697751,0.007326,-1.057387
-1.195544,-0.007326,0.114775,2.697751,0.021978,-1.057387
-1.195544,-0.007326,0.114775,2.697751,-0.007328,-1.057387
-1.195544,-0.007326,0.114775,2.697751,0.007326,-1.062271
-1.195544,-0.007326,0.114775,2.697751,0.007326,-1.062271
-1.195544,-0.007326,0.114775,2.697751,0.021978,-1.062271
-1.195544,-0.007326,0.114775,2.697751,0.007326,-1.062271
-1.195544,-0.021978,0.109891,2.697751,-0.007328,-1.057387
-1.195544,0.007328,0.114775,2.697751,0.007326,-1.062271
-1.195544,0.007328,0.109891,2.697751,0.007326,-1.062271
-1.195544,-0.007326,0.109891,2.697751,0.007326,-1.062271
-1.195544,-0.007326,0.109891,2.697751,0.007326,-1.057387
-1.195544,-0.007326,0.109891,2.697751,0.007326,-1.057387
-1.195544,0.007328,0.109891,2.697751,0.007326,-1.057387
-1.195544,-0.007326,0.109891,2.697751,0.007326,-1.062271
-1.195544,-0.021978,0.114775,2.697751,0.007326,-1.057387
-1.195544,-0.007326,0.114775,2.697751,0.007326,-1.057387
-1.195544,-0.021978,0.114775,2.697751,0.007326,-1.057387
-1.195544,0.007328,0.109891,2.697751,0.007326,-1.057387
-1.195544,0.007328,0.109891,2.697751,0.007326,-1.057387
-1.195544,-0.021978,0.109891,2.697751,0.007326,-1.052503
-1.195544,-0.007326,0.109891,2.697751,0.007326,-1.062271
-1.195544,-0.007326,0.114775,2.697751,0.007326,-1.062271
-1.195544,-0.007326,0.114775,2.697751,0.007326,-1.062271
-1.195544,-0.007326,0.114775,2.697751,0.007326,-1.062271
-1.195544,0.007328,0.114775,2.697751,-0.007328,-1.062271
-1.195544,-0.007326,0.109891,2.697751,0.007326,-1.057387
-1.195544,-0.036631,0.109891,2.697751,0.007326,-1.057387
-1.195544,-0.007326,0.109891,2.697751,-0.007328,-1.062271
-1.195544,-0.007326,0.114775,2.697751,0.007326,-1.057387
-1.195544,-0.021978,0.114775,2.697751,0.007326,-1.057387
-1.195544,0.007328,0.114775,2.697751,-0.007328,-1.062271
-1.195544,-0.007326,0.109891,2.697751,-0.007328,-1.062271
-1.195544,-0.007326,0.114775,2.697751,0.007326,-1.057387
-1.195544,-0.007326,0.109891,2.697751,0.007326,-1.057387
-1.195544,0.007328,0.114775,2.697751,0.007326,-1.057387
-1.195544,-0.021978,0.109891,2.697751,-0.007328,-1.062271
-1.195544,0.007328,0.109891,2.697751,0.021978,-1.062271
-1.195544,-0.007326,0.109891,2.697751,0.007326,-1.057387
-1.195544,0.007328,0.109891,2.697751,-0.007328,-1.052503
-1.195544,-0.007326,0.114775,2.697751,0.021978,-1.057387
-1.195544,-0.021978,0.114775,2.697751,-0.007328,-1.057387
-1.195544,-0.021978,0.114775,2.697751,0.021978,-1.057387
-1.195544,-0.007326,0.114775,2.697751,-0.007328,-1.057387
-1.195544,-0.007326,0.119658,2.697751,0.007326,-1.062271
-1.195544,-0.007326,0.114775,2.697751,-0.007328,-1.057387
-1.195544,0.007328,0.114775,2.697751,0.007326,-1.057387
-1.195544,-0.007326,0.114775,2.697751,0.007326,-1.062271
-1.195544,0.007328,0.114775,2.697751,-0.007328,-1.057387
-1.195544,-0.007326,0.109891,2.697751,0.007326,-1.062271
-1.195544,0.007328,0.109891,2.697751,-0.007328,-1.062271
-1.195544,-0.007326,0.114775,2.697751,0.007326,-1.062271
-1.195544,0.007328,0.109891,2.697751,0.007326,-1.062271
-1.195544,-0.007326,0.109891,2.697751,0.007326,-1.057387
-1.195544,-0.007326,0.114775,2.697751,0.021978,-1.057387
-1.195544,-0.021978,0.114775,2.697751,0.021978,-1.057387
-1.195544,-0.007326,0.114775,2.697751,0.007326,-1.052503
-1.195544,-0.007326,0.114775,2.697751,-0.007328,-1.057387
-1.195544,-0.021978,0.114775,2.697751,0.007326,-1.062271
-1.195544,0.007328,0.114775,2.697751,0.021978,-1.062271
-1.195544,-0.007326,0.114775,2.697751,0.007326,-1.057387
-1.195544,0.007328,0.114775,2.697751,-0.007328,-1.052503
-1.195544,-0.007326,0.119658,2.697751,0.007326,-1.057387
-1.195544,-0.007326,0.114775,2.697751,-0.007328,-1.062271
-1.195544,-0.021978,0.114775,2.697751,0.007326,-1.062271
-1.195544,-0.007326,0.114775,2.697751,0.007326,-1.062271
-1.195544,-0.021978,0.114775,2.697751,0.007326,-1.057387
-1.195544,-0.007326,0.114775,2.697751,0.021978,-1.057387
-1.195544,-0.021978,0.114775,2.697751,0.007326,-1.057387
-1.195544,0.007328,0.114775,2.697751,0.007326,-1.057387
-1.195544,-0.007326,0.114775,2.697751,0.007326,-1.057387
-1.195544,-0.007326,0.119658,2.697751,-0.007328,-1.057387
-1.195544,-0.007326,0.119658,2.697751,0.021978,-1.062271
-1.195544,-0.007326,0.119658,2.697751,0.007326,-1.062271
-1.195544,-0.007326,0.119658,2.697751,0.007326,-1.062271
-1.195544,0.007328,0.114775,2.697751,0.021978,-1.062271
-1.195544,0.007328,0.114775,2.697751,0.021978,-1.057387
-1.195544,-0.007326,0.114775,2.697751,-0.007328,-1.052503
-1.195544,0.007328,0.114775,2.697751,0.007326,-1.057387
-1.195544,-0.007326,0.114775,2.697751,0.007326,-1.062271
-1.195544,-0.007326,0.119658,2.697751,-0.007328,-1.057387
-1.195544,-0.007326,0.119658,2.697751,0.021978,-1.057387
-1.195544,-0.021978,0.119658,2.697751,0.021978,-1.057387
-1.195544,0.007328,0.114775,2.697751,0.007326,-1.057387
-1.195544,-0.007326,0.114775,2.697751,-0.021980,-1.057387
-1.195544,0.007328,0.119658,2.698133,0.021978,-1.062271
-1.195544,-0.007326,0.119658,2.697751,0.021978,-1.057387
-1.195544,-0.007326,0.114775,2.697751,0.007326,-1.062271
-1.195544,-0.007326,0.114775,2.697751,0.007326,-1.062271
-1.195544,-0.007326,0.119658,2.697751,0.007326,-1.062271
-1.195544,-0.007326,0.114775,2.697751,0.021978,-1.057387
-1.195544,-0.007326,0.119658,2.697751,0.021978,-1.052503
-1.195544,-0.007326,0.119658,2.697751,-0.021980,-1.052503
-1.195544,-0.007326,0.119658,2.697751,0.007326,-1.062271
-1.195544,-0.007326,0.119658,2.697751,0.021978,-1.062271
-1.195544,-0.007326,0.114775,2.697751,0.007326,-1.062271
-1.195544,-0.007326,0.114775,2.697751,0.021978,-1.057387
-1.195544,-0.007326,0.114775,2.697751,0.007326,-1.052503
-1.195544,-0.021978,0.119658,2.697751,0.021978,-1.057387
-1.195544,0.021980,0.119658,2.697751,0.007326,-1.057387
-1.195544,-0.007326,0.114775,2.697751,-0.007328,-1.057387
-1.195544,-0.021978,0.119658,2.697751,0.007326,-1.057387
-1.195544,-0.007326,0.119658,2.697751,0.021978,-1.057387
-1.195544,-0.007326,0.114775,2.697751,0.007326,-1.052503
-1.195544,-0.021978,0.119658,2.697751,-0.007328,-1.057387
-1.195544,-0.021978,0.119658,2.697751,0.007326,-1.057387
-1.195544,-0.007326,0.114775,2.697751,0.007326,-1.057387
-1.195544,0.007328,0.114775,2.697751,-0.007328,-1.062271
-1.195544,-0.007326,0.114775,2.697751,0.007326,-1.062271
-1.195544,-0.007326,0.114775,2.697751,0.021978,-1.062271
-1.195544,-0.007326,0.114775,2.697751,0.021978,-1.057387
-1.195544,-0.007326,0.114775,2.697751,0.007326,-1.057387
-1.195544,0.021980,0.114775,2.697751,0.021978,-1.057387
-1.195544,-0.007326,0.119658,2.697751,0.021978,-1.057387
-1.195544,-0.007326,0.119658,2.697751,-0.007328,-1.057387
-1.195544,-0.007326,0.114775,2.697751,0.007326,-1.057387
-1.195544,-0.007326,0.114775,2.697751,-0.007328,-1.057387
-1.195544,-0.007326,0.119658,2.697751,0.007326,-1.057387
-1.195544,-0.007326,0.119658,2.697751,-0.007328,-1.057387
-1.195544,-0.007326,0.119658,2.697751,0.007326,-1.057387
-1.195544,0.007328,0.119658,2.697751,0.007326,-1.057387
-1.195544,-0.007326,0.119658,2.697751,-0.007328,-1.052503
-1.195544,-0.007326,0.119658,2.697751,-0.007328,-1.057387
-1.195544,-0.021978,0.119658,2.697751,0.007326,-1.057387
-1.195544,-0.007326,0.119658,2.697751,0.007326,-1.057387
-1.195544,0.007328,0.114775,2.697751,-0.007328,-1.062271
-1.195544,-0.007326,0.119658,2.697751,0.007326,-1.062271
-1.195544,-0.007326,0.119658,2.697751,-0.007328,-1.057387
-1.195544,-0.007326,0.119658,2.697751,-0.007328,-1.057387
-1.195544,-0.007326,0.119658,2.697751,0.007326,-1.057387
-1.195544,-0.007326,0.119658,2.697751,0.007326,-1.052503
-1.195544,-0.007326,0.119658,2.697751,0.007326,-1.057387
-1.195544,-0.021978,0.119658,2.697751,0.007326,-1.057387
-1.195544,-0.007326,0.119658,2.697751,0.007326,-1.057387
-1.195544,-0.021978,0.119658,2.697751,-0.007328,-1.062271
-1.195544,-0.021978,0.119658,2.697751,0.007326,-1.062271
-1.195544,-0.007326,0.119658,2.697751,0.007326,-1.062271
-1.195544,-0.007326,0.119658,2.697751,-0.021980,-1.057387
-1.195544,0.007328,0.119658,2.697751,0.021978,-1.057387
-1.195544,-0.021978,0.114775,2.697751,0.021978,-1.052503
-1.195544,-0.021978,0.119658,2.697751,-0.007328,-1.057387
-1.195544,-0.007326,0.119658,2.697751,-0.007328,-1.057387
-1.195544,0.007328,0.114775,2.697751,0.007326,-1.057387
-1.195544,-0.007326,0.119658,2.697751,-0.007328,-1.062271
-1.195544,-0.007326,0.114775,2.697751,0.007326,-1.062271
-1.195544,-0.007326,0.119658,2.697751,0.007326,-1.057387
-1.195544,-0.007326,0.114775,2.697751,0.021978,-1.057387
-1.195544,-0.007326,0.114775,2.697751,-0.007328,-1.057387
-1.195544,-0.007326,0.114775,2.697751,0.021978,-1.062271
-1.195544,-0.007326,0.114775,2.697751,0.007326,-1.062271
-1.195544,-0.007326,0.114775,2.697751,0.007326,-1.057387
-1.195544,-0.007326,0.114775,2.697751,0.007326,-1.057387
-1.195544,-0.007326,0.114775,2.697751,0.007326,-1.062271
-1.195544,0.007328,0.109891,2.697751,0.007326,-1.062271
-1.195544,-0.007326,0.109891,2.697751,0.021978,-1.062271
-1.195544,-0.007326,0.105007,2.697751,-0.007328,-1.057387
-1.195544,0.007328,0.105007,2.697751,0.007326,-1.057387
-1.195544,-0.007326,0.105007,2.697751,0.007326,-1.062271
-1.195544,-0.021978,0.105007,2.697751,-0.007328,-1.057387
-1.195544,-0.007326,0.109891,2.697751,0.021978,-1.062271
-1.195544,-0.007326,0.114775,2.697751,0.007326,-1.057387
-1.195544,-0.007326,0.124542,2.697751,0.007326,-1.052503
-1.195544,0.007328,0.129427,2.697751,0.007326,-1.052503
-1.195544,-0.007326,0.134311,2.697751,-0.007328,-1.052503
-1.195544,-0.007326,0.139194,2.697751,0.007326,-1.057387
-1.195544,-0.007326,0.139194,2.697751,-0.007328,-1.057387
-1.195544,-0.007326,0.139194,2.697751,0.007326,-1.052503
-1.195544,0.007328,0.134311,2.697751,0.007326,-1.057387
-1.195544,0.007328,0.124542,2.697751,0.007326,-1.052503
-1.195544,-0.007326,0.114775,2.697751,0.007326,-1.052503
-1.195544,-0.021978,0.105007,2.697751,0.007326,-1.047619
-1.195544,-0.036631,0.095239,2.697751,0.007326,-1.052503
-1.195544,-0.021978,0.090355,2.697751,0.007326,-1.047619
-1.195544,-0.021978,0.085470,2.697751,0.021978,-1.047619
-1.195544,-0.007326,0.085470,2.697751,0.007326,-1.047619
-1.195544,-0.007326,0.085470,2.697751,0.007326,-1.052503
-1.195544,-0.007326,0.095239,2.697751,0.007326,-1.052503
-1.195544,-0.007326,0.100122,2.697751,-0.007328,-1.057387
-1.195544,-0.021978,0.105007,2.697751,0.021978,-1.057387
-1.195544,-0.021978,0.114775,2.697751,0.007326,-1.052503
-1.195544,-0.007326,0.124542,2.697751,0.007326,-1.057387
-1.195544,0.007328,0.129427,2.697751,0.007326,-1.057387
-1.195544,-0.007326,0.134311,2.697751,0.021978,-1.057387
-1.195544,-0.007326,0.134311,2.697751,0.007326,-1.057387
-1.195544,-0.007326,0.129427,2.697751,0.007326,-1.062271
-1.195544,-0.007326,0.124542,2.697751,-0.007328,-1.062271
-1.195544,-0.021978,0.119658,2.697751,0.007326,-1.062271
-1.195544,0.007328,0.114775,2.697751,0.007326,-1.067155
-1.195544,-0.007326,0.114775,2.697751,0.007326,-1.062271
-1.195544,-0.021978,0.109891,2.697751,0.007326,-1.062271
-1.195544,0.007328,0.109891,2.697751,0.021978,-1.062271
-1.195544,-0.007326,0.109891,2.697751,0.007326,-1.062271
-1.195544,0.007328,0.114775,2.697751,0.021978,-1.062271
-1.195544,0.007328,0.119658,2.697751,-0.007328,-1.067155
-1.195544,0.007328,0.124542,2.697751,-0.007328,-1.062271
-1.195544,-0.007326,0.129427,2.697751,0.007326,-1.062271
-1.195544,0.007328,0.134311,2.697751,0.007326,-1.067155
-1.195544,0.007328,0.134311,2.697751,0.007326,-1.067155
-1.195544,-0.007326,0.134311,2.697751,0.007326,-1.062271
-1.195544,-0.007326,0.129427,2.697751,0.007326,-1.057387
-1.195544,-0.021978,0.124542,2.697751,0.007326,-1.057387
-1.195544,0.007328,0.114775,2.697751,0.007326,-1.057387
-1.195544,-0.021978,0.109891,2.697751,0.007326,-1.057387
-1.195544,-0.007326,0.105007,2.698133,0.021978,-1.052503
-1.195544,-0.021978,0.095239,2.697751,-0.007328,-1.052503
-1.195544,-0.007326,0.095239,2.697751,0.007326,-1.047619
-1.195544,-0.021978,0.090355,2.697751,0.007326,-1.052503
-1.195544,-0.007326,0.090355,2.697751,0.007326,-1.057387
-1.195544,0.007328,0.090355,2.697751,-0.007328,-1.052503
-1.195544,-0.036631,0.095239,2.697751,0.021978,-1.057387
-1.195544,-0.007326,0.100122,2.697751,-0.007328,-1.052503
-1.195544,-0.007326,0.109891,2.698133,0.007326,-1.057387
-1.195544,-0.007326,0.114775,2.697751,0.007326,-1.052503
-1.195544,-0.007326,0.119658,2.697751,-0.007328,-1.052503
-1.195544,-0.007326,0.124542,2.697751,0.007326,-1.057387
-1.195544,-0.007326,0.124542,2.698133,0.021978,-1.057387
-1.195544,-0.021978,0.124542,2.697751,0.007326,-1.057387
-1.195544,0.007328,0.124542,2.697751,-0.007328,-1.057387
-1.195544,0.007328,0.119658,2.697751,0.007326,-1.057387
-1.195544,-0.007326,0.119658,2.697751,0.007326,-1.052503
-1.195544,-0.007326,0.114775,2.697751,0.007326,-1.052503
-1.195544,-0.007326,0.114775,2.697751,-0.007328,-1.057387
-1.195544,0.007328,0.114775,2.697751,0.021978,-1.062271
-1.195544,-0.021978,0.119658,2.697751,-0.007328,-1.057387
-1.195544,0.007328,0.119658,2.697751,0.007326,-1.057387
-1.195544,-0.007326,0.124542,2.697751,0.007326,-1.057387
-1.195544,0.007328,0.129427,2.697751,-0.007328,-1.057387
-1.195544,0.021980,0.134311,2.697751,0.021978,-1.057387
-1.195544,-0.007326,0.139194,2.697751,0.021978,-1.057387
-1.195544,-0.007326,0.139194,2.697751,-0.007328,-1.052503
-1.195544,-0.021978,0.139194,2.697751,0.007326,-1.057387
-1.195544,0.021980,0.134311,2.698133,0.007326,-1.057387
-1.195544,-0.007326,0.129427,2.697751,-0.007328,-1.062271
-1.195544,0.007328,0.129427,2.697751,0.007326,-1.062271
-1.195544,-0.007326,0.119658,2.697751,0.021978,-1.062271
-1.195544,-0.007326,0.109891,2.697751,-0.007328,-1.057387
-1.195544,0.007328,0.105007,2.697751,0.007326,-1.062271
-1.195544,-0.021978,0.100122,2.697751,-0.007328,-1.062271
-1.195544,0.007328,0.095239,2.697751,-0.007328,-1.062271
-1.195544,-0.007326,0.090355,2.697751,0.007326,-1.062271
-1.195544,-0.007326,0.085470,2.698133,0.007326,-1.057387
-1.195544,-0.007326,0.090355,2.697751,-0.007328,-1.057387
-1.195544,0.007328,0.090355,2.697751,0.007326,-1.057387
-1.195544,0.007328,0.095239,2.697751,0.021978,-1.052503
-1.195544,0.007328,0.100122,2.697751,0.007326,-1.047619
-1.195544,-0.021978,0.105007,2.697751,0.007326,-1.057387
-1.195544,-0.007326,0.109891,2.697751,-0.007328,-1.052503
-1.195544,-0.007326,0.109891,2.697751,0.007326,-1.057387
-1.195544,0.007328,0.114775,2.697751,-0.007328,-1.052503
-1.195544,-0.007326,0.114775,2.697751,0.007326,-1.057387
-1.195544,-0.007326,0.114775,2.697751,0.007326,-1.057387
-1.195544,0.007328,0.114775,2.697751,0.007326,-1.057387
-1.195544,-0.021978,0.114775,2.697751,-0.007328,-1.057387
-1.195544,-0.007326,0.114775,2.697751,0.007326,-1.057387
-1.195544,-0.021978,0.114775,2.697751,0.007326,-1.057387
-1.195544,-0.021978,0.114775,2.697751,0.021978,-1.052503
-1.195544,-0.021978,0.119658,2.697751,0.007326,-1.052503
-1.195544,-0.007326,0.124542,2.697751,0.007326,-1.057387
-1.195544,0.007328,0.129427,2.697751,0.007326,-1.057387
-1.195544,-0.007326,0.134311,2.697751,0.007326,-1.052503
-1.195544,-0.007326,0.134311,2.697751,0.007326,-1.062271
-1.195544,0.007328,0.139194,2.697751,0.007326,-1.062271
-1.195544,-0.007326,0.139194,2.697751,0.007326,-1.062271
-1.195544,-0.007326,0.139194,2.697751,0.007326,-1.062271
-1.195544,-0.021978,0.139194,2.697751,0.007326,-1.052503
-1.195544,-0.007326,0.134311,2.697751,0.007326,-1.052503
-1.195544,-0.007326,0.129427,2.697751,0.007326,-1.052503
-1.195544,0.007328,0.124542,2.697751,0.007326,-1.052503
-1.195544,-0.007326,0.119658,2.697751,0.021978,-1.052503
-1.195544,-0.007326,0.114775,2.697751,-0.007328,-1.052503
-1.195544,0.007328,0.109891,2.697751,0.007326,-1.057387
-1.195544,-0.007326,0.105007,2.697751,-0.007328,-1.052503
-1.195544,-0.007326,0.100122,2.697751,0.007326,-1.052503
-1.195544,-0.007326,0.100122,2.698133,0.021978,-1.052503
-1.195544,-0.007326,0.100122,2.698133,0.021978,-1.047619
-1.195544,-0.007326,0.100122,2.697751,0.007326,-1.047619
-1.195544,-0.021978,0.105007,2.697751,0.007326,-1.052503
-1.195544,-0.021978,0.100122,2.697751,0.007326,-1.052503
-1.195544,-0.021978,0.100122,2.698133,0.007326,-1.052503
-1.195544,-0.007326,0.100122,2.698133,0.007326,-1.052503
-1.195544,0.007328,0.100122,2.698133,0.021978,-1.057387
-1.195544,-0.021978,0.100122,2.697751,-0.007328,-1.057387
-1.195544,-0.007326,0.100122,2.697751,-0.007328,-1.057387
-1.195544,0.007328,0.105007,2.697751,-0.007328,-1.057387
-1.195544,-0.007326,0.100122,2.697751,0.007326,-1.057387
-1.195544,-0.007326,0.105007,2.697751,-0.007328,-1.052503
-1.195544,-0.021978,0.105007,2.697751,0.007326,-1.057387
-1.195544,-0.021978,0.109891,2.697751,-0.007328,-1.057387
-1.195544,-0.007326,0.114775,2.697751,0.007326,-1.057387
-1.195544,0.007328,0.114775,2.697751,0.007326,-1.057387
-1.195544,-0.007326,0.124542,2.697751,0.007326,-1.057387
-1.195544,-0.007326,0.129427,2.697751,0.007326,-1.062271
-1.195544,0.007328,0.134311,2.697751,0.007326,-1.062271
-1.195544,-0.021978,0.139194,2.697751,-0.007328,-1.057387
-1.195544,-0.007326,0.139194,2.697751,0.007326,-1.057387
-1.195544,0.021980,0.139194,2.697751,0.007326,-1.057387
-1.195544,-0.021978,0.139194,2.697751,-0.007328,-1.057387
-1.195544,-0.007326,0.139194,2.697751,-0.007328,-1.057387
-1.195544,-0.007326,0.134311,2.697751,0.007326,-1.062271
-1.195544,-0.021978,0.134311,2.697751,0.007326,-1.057387
-1.195544,-0.007326,0.129427,2.697751,0.021978,-1.057387
-1.195544,0.007328,0.124542,2.697751,0.007326,-1.052503
-1.195544,-0.007326,0.119658,2.697751,0.021978,-1.057387
-1.195544,-0.007326,0.119658,2.697751,-0.007328,-1.052503
-1.195544,-0.007326,0.114775,2.697751,-0.007328,-1.057387
-1.195544,-0.007326,0.114775,2.697751,0.007326,-1.057387
-1.195544,-0.007326,0.109891,2.697751,0.007326,-1.052503
-1.195544,-0.021978,0.109891,2.697751,0.021978,-1.052503
-1.195544,0.007328,0.109891,2.697751,0.021978,-1.057387
-1.195544,-0.007326,0.109891,2.697751,0.007326,-1.057387
-1.195544,-0.007326,0.105007,2.697751,0.007326,-1.052503
-1.195544,-0.021978,0.105007,2.697751,0.007326,-1.057387
-1.195544,0.007328,0.105007,2.698133,0.021978,-1.057387
-1.195544,-0.007326,0.100122,2.697751,0.007326,-1.052503
-1.195544,-0.007326,0.100122,2.697751,0.007326,-1.057387
-1.195544,-0.007326,0.100122,2.697751,0.007326,-1.057387
-1.195544,-0.021978,0.100122,2.697751,0.021978,-1.057387
-1.195544,-0.007326,0.095239,2.697751,0.007326,-1.047619
-1.195544,-0.021978,0.100122,2.697751,-0.007328,-1.047619
-1.195544,-0.007326,0.100122,2.697751,0.021978,-1.052503
-1.195544,-0.007326,0.105007,2.697751,-0.007328,-1.052503
-1.195544,0.007328,0.105007,2.697751,0.007326,-1.052503
-1.195544,-0.007326,0.109891,2.698133,0.007326,-1.057387
-1.195544,-0.021978,0.114775,2.697751,0.007326,-1.052503
-1.195544,-0.021978,0.119658,2.698133,0.021978,-1.057387
-1.195544,-0.007326,0.119658,2.697751,-0.007328,-1.052503
-1.195544,-0.007326,0.124542,2.697751,0.007326,-1.052503
-1.195544,-0.007326,0.129427,2.697751,-0.007328,-1.052503
-1.195544,0.007328,0.129427,2.697751,0.007326,-1.057387
-1.195544,-0.007326,0.129427,2.697751,0.007326,-1.062271
-1.195544,-0.021978,0.134311,2.697751,0.007326,-1.062271
-1.195544,-0.007326,0.129427,2.698133,0.021978,-1.057387
-1.195544,-0.021978,0.129427,2.697751,0.007326,-1.052503
-1.195544,-0.021978,0.124542,2.697751,-0.007328,-1.057387
-1.195544,0.021980,0.124542,2.697751,-0.007328,-1.062271
-1.195544,-0.021978,0.124542,2.697751,0.007326,-1.062271
-1.195544,-0.007326,0.124542,2.697751,-0.007328,-1.062271
-1.195544,0.007328,0.124542,2.697751,0.007326,-1.062271
-1.195544,-0.021978,0.124542,2.697751,0.007326,-1.062271
-1.195544,-0.007326,0.124542,2.697751,0.007326,-1.062271
-1.195544,-0.021978,0.119658,2.697751,0.007326,-1.057387
-1.195544,-0.021978,0.119658,2.697751,0.007326,-1.057387
-1.195544,-0.007326,0.114775,2.697751,0.021978,-1.052503
-1.195544,-0.007326,0.114775,2.697751,-0.007328,-1.057387
-1.195544,0.007328,0.109891,2.697751,0.007326,-1.057387
-1.195544,-0.007326,0.109891,2.697751,0.007326,-1.057387
-1.195544,-0.021978,0.105007,2.697751,0.021978,-1.057387
-1.195544,0.007328,0.105007,2.697751,0.007326,-1.052503
-1.195544,-0.021978,0.105007,2.697751,0.007326,-1.052503
-1.195544,0.007328,0.100122,2.697751,0.007326,-1.057387
-1.195544,-0.007326,0.100122,2.698133,0.021978,-1.052503
-1.195544,0.007328,0.105007,2.698133,0.021978,-1.052503
-1.195544,0.007328,0.105007,2.697751,-0.007328,-1.047619
-1.195544,-0.007326,0.105007,2.698133,0.007326,-1.052503
-1.195544,-0.021978,0.109891,2.697751,0.007326,-1.052503
-1.195544,-0.021978,0.109891,2.697751,0.007326,-1.052503
-1.195544,0.007328,0.114775,2.697751,0.021978,-1.057387
-1.195544,0.007328,0.114775,2.697751,-0.007328,-1.057387
-1.195544,0.007328,0.119658,2.697751,0.007326,-1.057387
-1.195544,-0.036631,0.119658,2.697751,0.007326,-1.057387
-1.195544,-0.021978,0.119658,2.697751,-0.007328,-1.057387
-1.195544,-0.021978,0.119658,2.697751,-0.007328,-1.057387
-1.195544,-0.007326,0.119658,2.697751,0.021978,-1.062271
-1.195544,0.007328,0.124542,2.697751,0.007326,-1.057387
-1.195544,-0.021978,0.124542,2.697751,0.007326,-1.052503
-1.195544,0.007328,0.124542,2.698133,0.007326,-1.052503
-1.195544,-0.007326,0.124542,2.697751,-0.007328,-1.052503
-1.195544,-0.007326,0.129427,2.697751,-0.007328,-1.057387
-1.195544,-0.021978,0.124542,2.698133,0.007326,-1.057387
-1.195544,-0.021978,0.124542,2.697751,0.021978,-1.057387
-1.195544,-0.007326,0.124542,2.697751,0.021978,-1.057387
-1.195544,0.007328,0.124542,2.697751,0.007326,-1.057387
-1.195544,-0.007326,0.124542,2.697751,0.007326,-1.057387
-1.195544,0.007328,0.119658,2.697751,-0.007328,-1.057387
-1.195544,-0.007326,0.119658,2.697751,0.007326,-1.052503
-1.195544,-0.021978,0.119658,2.697751,0.021978,-1.057387
-1.195544,-0.007326,0.119658,2.697751,-0.007328,-1.057387
-1.195544,-0.007326,0.114775,2.697751,-0.007328,-1.062271
-1.195544,-0.021978,0.114775,2.697751,0.007326,-1.057387
-1.195544,-0.021978,0.109891,2.698133,0.021978,-1.057387
-1.195544,-0.007326,0.109891,2.697751,0.007326,-1.057387
-1.195544,-0.007326,0.109891,2.698133,0.007326,-1.052503
-1.195544,0.007328,0.109891,2.698133,0.021978,-1.057387
-1.195544,-0.007326,0.109891,2.697751,0.007326,-1.052503
-1.195544,-0.007326,0.109891,2.697751,0.007326,-1.057387
-1.195544,-0.007326,0.109891,2.697751,0.021978,-1.057387
-1.195544,0.007328,0.109891,2.697751,0.021978,-1.057387
-1.195544,-0.021978,0.109891,2.697751,0.007326,-1.052503
-1.195544,-0.021978,0.109891,2.697751,0.007326,-1.057387
-1.195544,-0.007326,0.109891,2.697751,0.007326,-1.052503
-1.195544,-0.007326,0.114775,2.697751,-0.007328,-1.052503
-1.195544,-0.007326,0.114775,2.697751,0.007326,-1.052503
-1.195544,0.007328,0.119658,2.697751,0.007326,-1.052503
-1.195544,-0.007326,0.114775,2.698133,0.007326,-1.057387
-1.195544,-0.007326,0.119658,2.697751,0.007326,-1.057387
-1.195544,-0.007326,0.119658,2.697751,-0.007328,-1.057387
-1.195544,-0.007326,0.119658,2.697751,0.007326,-1.057387
-1.195544,-0.007326,0.119658,2.697751,0.007326,-1.057387
-1.195544,-0.007326,0.124542,2.697751,0.021978,-1.057387
-1.195544,-0.021978,0.119658,2.697751,0.007326,-1.057387
-1.195544,0.007328,0.124542,2.698133,0.036631,-1.057387
-1.195544,-0.007326,0.124542,2.697751,-0.007328,-1.052503
-1.195544,-0.007326,0.124542,2.697751,-0.007328,-1.057387
-1.195544,-0.007326,0.124542,2.697751,0.007326,-1.052503
-1.195544,-0.007326,0.124542,2.697751,-0.007328,-1.052503
-1.195544,-0.021978,0.124542,2.697751,0.007326,-1.057387
-1.195544,-0.007326,0.119658,2.698133,0.021978,-1.057387
-1.195544,-0.021978,0.119658,2.698133,0.007326,-1.057387
-1.195544,-0.007326,0.119658,2.697751,0.007326,-1.057387
-1.195544,0.007328,0.119658,2.697751,-0.007328,-1.057387
-1.195544,-0.007326,0.114775,2.697751,0.021978,-1.062271
-1.195544,-0.007326,0.114775,2.697751,0.007326,-1.057387
-1.195544,-0.007326,0.114775,2.697751,0.007326,-1.057387
-1.195544,-0.021978,0.109891,2.697751,0.021978,-1.057387
-1.195544,-0.007326,0.109891,2.697751,-0.007328,-1.052503
-1.195544,-0.021978,0.109891,2.697751,-0.007328,-1.057387
-1.195544,-0.021978,0.109891,2.697751,-0.007328,-1.057387
-1.195544,-0.007326,0.109891,2.697751,0.021978,-1.052503
-1.195544,-0.007326,0.109891,2.697751,-0.007328,-1.052503
-1.195544,-0.007326,0.109891,2.697751,0.021978,-1.052503
-1.195544,-0.021978,0.109891,2.697751,0.007326,-1.052503
-1.195544,0.007328,0.109891,2.697751,0.007326,-1.052503
-1.195544,-0.007326,0.109891,2.697751,0.007326,-1.052503
-1.195544,-0.007326,0.109891,2.697751,0.021978,-1.052503
-1.195544,-0.021978,0.109891,2.697751,-0.007328,-1.052503
-1.195544,0.007328,0.114775,2.697751,0.007326,-1.052503
-1.195544,-0.007326,0.114775,2.697751,0.007326,-1.052503
-1.195544,-0.007326,0.114775,2.697751,0.007326,-1.057387
-1.195544,0.007328,0.114775,2.697751,0.007326,-1.062271
-1.195544,-0.021978,0.114775,2.697751,0.007326,-1.057387
-1.195544,-0.007326,0.119658,2.697751,-0.007328,-1.057387
-1.195544,-0.007326,0.119658,2.697751,0.007326,-1.057387
-1.195544,-0.007326,0.124542,2.698133,0.021978,-1.057387
-1.195544,-0.007326,0.124542,2.697751,0.007326,-1.052503
-1.195544,-0.007326,0.124542,2.697751,0.007326,-1.057387
-1.195544,0.007328,0.124542,2.697751,0.007326,-1.057387
-1.195544,-0.007326,0.124542,2.697751,0.007326,-1.057387
-1.195544,-0.007326,0.119658,2.697751,0.021978,-1.052503
-1.195544,0.007328,0.119658,2.697751,-0.007328,-1.052503
-1.195544,-0.007326,0.119658,2.697751,0.007326,-1.052503
-1.195544,0.007328,0.119658,2.697751,0.007326,-1.052503
-1.195544,-0.007326,0.114775,2.697751,0.007326,-1.052503
-1.195544,-0.007326,0.114775,2.697751,0.007326,-1.052503
-1.195544,-0.021978,0.114775,2.697751,0.007326,-1.052503
-1.195544,-0.007326,0.114775,2.697751,0.021978,-1.052503
-1.195544,-0.007326,0.114775,2.697751,0.007326,-1.057387
-1.195544,-0.007326,0.114775,2.698133,0.021978,-1.057387
-1.195544,0.007328,0.109891,2.697751,-0.007328,-1.052503
-1.195544,-0.036631,0.109891,2.697751,0.007326,-1.052503
-1.195544,-0.007326,0.114775,2.697751,0.007326,-1.057387
-1.195544,-0.007326,0.114775,2.697751,0.007326,-1.057387
-1.195544,-0.007326,0.114775,2.698133,0.021978,-1.057387
-1.195544,0.007328,0.114775,2.697751,-0.007328,-1.052503
-1.195544,-0.007326,0.109891,2.697751,0.021978,-1.057387
-1.195544,-0.007326,0.114775,2.697751,-0.007328,-1.052503
-1.195544,-0.007326,0.109891,2.697751,-0.007328,-1.052503
-1.195544,-0.007326,0.109891,2.697751,0.021978,-1.052503
-1.195544,-0.021978,0.114775,2.697751,0.007326,-1.052503
-1.195544,0.007328,0.114775,2.697751,0.007326,-1.052503
-1.195544,-0.007326,0.114775,2.697751,0.021978,-1.057387
-1.195544,0.007328,0.114775,2.697751,0.007326,-1.052503
-1.195544,-0.007326,0.114775,2.697751,0.021978,-1.052503
-1.195544,-0.021978,0.114775,2.697751,-0.007328,-1.047619
-1.195544,-0.007326,0.114775,2.697751,0.007326,-1.052503
-1.195544,-0.021978,0.119658,2.697751,0.007326,-1.052503
-1.195544,-0.007326,0.119658,2.697751,-0.021980,-1.052503
-1.195544,-0.007326,0.119658,2.697751,0.007326,-1.057387
-1.195544,-0.021978,0.119658,2.697751,0.007326,-1.057387
-1.195544,0.007328,0.124542,2.698133,0.007326,-1.052503
-1.195544,0.007328,0.124542,2.697751,0.007326,-1.057387
-1.195544,-0.021978,0.119658,2.698133,0.021978,-1.057387
-1.195544,-0.021978,0.119658,2.697751,0.007326,-1.057387
-1.195544,-0.007326,0.119658,2.697751,0.007326,-1.057387
-1.195544,-0.007326,0.114775,2.697751,0.007326,-1.057387
-1.195544,-0.007326,0.114775,2.697751,-0.007328,-1.062271
-1.195544,-0.007326,0.114775,2.697751,-0.007328,-1.062271
-1.195544,-0.007326,0.114775,2.697751,0.021978,-1.062271
-1.195544,0.007328,0.114775,2.697751,0.007326,-1.057387
-1.195544,0.007328,0.119658,2.697751,0.007326,-1.052503
-1.195544,-0.007326,0.119658,2.698133,0.021978,-1.052503
-1.195544,-0.021978,0.114775,2.697751,0.007326,-1.052503
-1.195544,-0.007326,0.119658,2.697751,-0.007328,-1.057387
-1.195544,-0.021978,0.114775,2.697751,0.007326,-1.052503
-1.195544,-0.021978,0.114775,2.697751,0.007326,-1.057387
-1.195544,0.007328,0.114775,2.697751,0.007326,-1.052503
-1.195544,-0.007326,0.114775,2.697751,-0.007328,-1.052503
-1.195544,-0.007326,0.109891,2.697751,0.007326,-1.052503
-1.195544,-0.007326,0.109891,2.697751,0.007326,-1.057387
-1.195544,-0.007326,0.109891,2.697751,0.007326,-1.057387
-1.195544,-0.021978,0.114775,2.697751,0.007326,-1.057387
-1.195544,-0.021978,0.114775,2.697751,0.007326,-1.057387
-1.195544,-0.007326,0.114775,2.697751,0.007326,-1.057387
-1.195544,-0.021978,0.114775,2.697751,0.007326,-1.057387
-1.195544,-0.007326,0.119658,2.697751,0.007326,-1.052503
-1.195544,-0.007326,0.119658,2.697751,0.007326,-1.052503
-1.195544,-0.021978,0.119658,2.698133,0.007326,-1.047619
-1.195544,-0.007326,0.114775,2.697751,-0.007328,-1.052503
-1.195544,0.007328,0.114775,2.697751,-0.007328,-1.052503
-1.195544,-0.007326,0.119658,2.697751,0.007326,-1.057387
-1.195544,-0.007326,0.119658,2.697751,0.007326,-1.057387
-1.195544,-0.007326,0.119658,2.697751,0.007326,-1.052503
-1.195544,-0.007326,0.119658,2.697751,0.007326,-1.052503
-1.195544,-0.007326,0.114775,2.697751,0.007326,-1.052503
-1.195544,-0.021978,0.119658,2.697751,0.007326,-1.057387
-1.195544,-0.007326,0.119658,2.697751,-0.007328,-1.057387
-1.195544,0.007328,0.119658,2.697751,0.007326,-1.052503
-1.195544,-0.021978,0.114775,2.697751,0.007326,-1.052503
-1.195544,-0.007326,0.119658,2.697751,0.007326,-1.052503
-1.195544,0.007328,0.114775,2.697751,0.007326,-1.057387
-1.195544,-0.007326,0.119658,2.697751,0.007326,-1.052503
-1.195544,-0.007326,0.119658,2.697751,0.007326,-1.057387
-1.195544,-0.007326,0.114775,2.697751,0.021978,-1.057387
-1.195544,-0.007326,0.119658,2.697751,0.007326,-1.057387
-1.195544,-0.007326,0.114775,2.697751,0.007326,-1.052503
-1.195544,-0.007326,0.119658,2.697751,0.007326,-1.057387
-1.195544,0.007328,0.114775,2.697751,0.007326,-1.057387
-1.195544,-0.007326,0.114775,2.697751,0.007326,-1.057387
-1.195544,-0.007326,0.119658,2.697751,0.007326,-1.052503
-1.195544,-0.007326,0.114775,2.697751,-0.007328,-1.052503
-1.195544,-0.007326,0.114775,2.697751,0.021978,-1.052503
-1.195544,-0.021978,0.119658,2.697751,0.021978,-1.052503
-1.195544,-0.007326,0.119658,2.697751,0.021978,-1.052503
-1.195544,-0.021978,0.119658,2.697751,-0.007328,-1.057387
-1.195544,-0.007326,0.119658,2.697751,0.007326,-1.057387
-1.195544,-0.021978,0.119658,2.697751,0.007326,-1.057387
-1.195544,-0.007326,0.114775,2.697751,-0.007328,-1.052503
-1.195544,0.007328,0.119658,2.697751,0.021978,-1.057387
-1.195544,-0.007326,0.119658,2.697751,0.007326,-1.052503
-1.195544,-0.007326,0.119658,2.697751,0.007326,-1.052503
-1.195544,-0.007326,0.119658,2.697751,-0.007328,-1.057387
-1.195544,0.007328,0.114775,2.697751,0.007326,-1.057387
-1.195544,-0.007326,0.114775,2.698133,0.021978,-1.052503
-1.195544,-0.007326,0.114775,2.697751,0.007326,-1.052503
-1.195544,-0.007326,0.114775,2.697751,-0.007328,-1.052503
-1.195544,0.007328,0.114775,2.697751,0.021978,-1.062271
-1.195544,-0.007326,0.114775,2.697751,0.007326,-1.052503
-1.195544,-0.021978,0.114775,2.697751,0.007326,-1.052503
-1.195544,-0.007326,0.114775,2.697751,-0.007328,-1.052503
-1.195544,0.007328,0.119658,2.697751,-0.007328,-1.057387
-1.195544,-0.007326,0.119658,2.697751,0.007326,-1.057387
-1.195544,0.007328,0.119658,2.698133,0.007326,-1.057387
-1.195544,-0.036631,0.119658,2.697751,0.007326,-1.057387
-1.195544,0.007328,0.114775,2.698133,0.036631,-1.057387
-1.195544,-0.007326,0.114775,2.698133,0.021978,-1.052503
-1.195544,-0.007326,0.119658,2.697751,0.021978,-1.057387
-1.195544,-0.007326,0.114775,2.697751,0.007326,-1.052503
-1.195544,-0.021978,0.119658,2.697751,-0.007328,-1.047619
-1.195544,0.007328,0.119658,2.697751,0.007326,-1.057387
-1.195544,0.007328,0.114775,2.697751,0.021978,-1.057387
-1.195544,-0.007326,0.114775,2.697751,-0.007328,-1.047619
-1.195544,-0.021978,0.119658,2.697751,0.021978,-1.052503
-1.195544,-0.007326,0.119658,2.698133,0.021978,-1.052503
-1.195544,-0.007326,0.119658,2.697751,0.007326,-1.052503
-1.195544,0.007328,0.119658,2.697751,0.007326,-1.052503
-1.195544,-0.007326,0.119658,2.697751,-0.007328,-1.052503
-1.195544,-0.007326,0.119658,2.697751,0.007326,-1.057387
-1.195544,-0.021978,0.119658,2.697751,-0.007328,-1.052503
-1.195544,-0.007326,0.114775,2.698133,0.007326,-1.052503
-1.195544,0.007328,0.119658,2.697751,0.007326,-1.057387
-1.195544,0.007328,0.119658,2.697751,0.007326,-1.052503
-1.195544,-0.007326,0.119658,2.697751,0.007326,-1.052503
-1.195544,-0.007326,0.119658,2.697751,0.007326,-1.052503
-1.195544,-0.007326,0.119658,2.698133,0.007326,-1.052503
-1.195544,-0.007326,0.119658,2.697751,-0.007328,-1.052503
-1.195544,-0.021978,0.119658,2.697751,0.007326,-1.052503
-1.195544,0.007328,0.114775,2.697751,-0.007328,-1.057387
-1.195544,0.007328,0.119658,2.697751,0.021978,-1.057387
-1.195544,-0.021978,0.119658,2.697751,0.007326,-1.057387
-1.195544,0.007328,0.119658,2.697751,0.007326,-1.052503
-1.195544,-0.021978,0.114775,2.697751,0.007326,-1.057387
-1.195544,0.007328,0.119658,2.697751,0.007326,-1.057387
-1.195544,-0.007326,0.119658,2.697751,-0.007328,-1.052503
-1.195544,-0.007326,0.114775,2.697751,0.007326,-1.057387
-1.195544,-0.007326,0.114775,2.697751,-0.007328,-1.052503
-1.195544,-0.021978,0.119658,2.697751,0.007326,-1.052503
-1.195544,-0.007326,0.119658,2.697751,0.007326,-1.052503
-1.195544,-0.007326,0.114775,2.697751,0.007326,-1.057387
-1.195544,0.007328,0.114775,2.697751,0.007326,-1.052503
-1.195544,-0.007326,0.119658,2.697751,0.007326,-1.052503
-1.195544,0.007328,0.119658,2.697751,0.007326,-1.052503
-1.195544,-0.007326,0.119658,2.697751,-0.021980,-1.052503
-1.195544,-0.007326,0.119658,2.697751,0.007326,-1.057387
-1.195544,-0.007326,0.114775,2.697751,-0.007328,-1.057387
-1.195544,0.007328,0.114775,2.697751,0.021978,-1.057387
-1.195544,-0.007326,0.114775,2.697751,0.021978,-1.052503
-1.195544,-0.021978,0.119658,2.697751,0.007326,-1.057387
-1.195544,-0.021978,0.114775,2.697751,-0.007328,-1.052503
-1.195544,0.007328,0.114775,2.697751,0.021978,-1.057387
-1.195544,-0.007326,0.114775,2.698133,0.007326,-1.057387
-1.195544,-0.007326,0.119658,2.697751,0.007326,-1.057387
-1.195544,-0.007326,0.119658,2.697751,0.021978,-1.057387
-1.195544,-0.007326,0.114775,2.697751,-0.021980,-1.052503
-1.195544,-0.007326,0.114775,2.697751,0.021978,-1.057387
-1.195544,-0.007326,0.114775,2.697751,0.021978,-1.057387
-1.195544,-0.007326,0.119658,2.697751,0.007326,-1.057387
-1.195544,-0.007326,0.119658,2.697751,-0.007328,-1.057387
-1.195544,-0.007326,0.119658,2.697751,0.021978,-1.057387
-1.195544,-0.007326,0.119658,2.697751,-0.007328,-1.057387
-1.195544,-0.007326,0.114775,2.697751,0.007326,-1.052503
-1.195544,-0.007326,0.119658,2.697751,0.007326,-1.052503
-1.195544,-0.007326,0.119658,2.697751,-0.007328,-1.057387
-1.195544,-0.021978,0.119658,2.697751,0.007326,-1.057387
-1.195544,-0.007326,0.119658,2.697751,0.021978,-1.057387
-1.195544,-0.007326,0.114775,2.697751,-0.007328,-1.052503
-1.195544,0.007328,0.114775,2.698133,0.021978,-1.052503
-1.195544,-0.007326,0.119658,2.697751,-0.007328,-1.047619
-1.195544,-0.021978,0.119658,2.697751,0.007326,-1.052503
-1.195544,-0.007326,0.114775,2.697751,-0.007328,-1.052503
-1.195544,0.007328,0.114775,2.697751,0.007326,-1.057387
-1.195544,0.007328,0.114775,2.697751,0.007326,-1.057387
-1.195544,0.007328,0.119658,2.697751,0.007326,-1.057387
-1.195544,-0.007326,0.119658,2.697751,0.007326,-1.057387
-1.195544,-0.007326,0.114775,2.697751,0.021978,-1.057387
-1.195544,-0.007326,0.119658,2.697751,0.007326,-1.057387
-1.195544,-0.021978,0.119658,2.697751,-0.007328,-1.052503
-1.195544,-0.007326,0.119658,2.697751,0.021978,-1.052503
-1.195544,0.007328,0.114775,2.697751,0.007326,-1.052503
-1.195544,-0.007326,0.114775,2.697751,0.007326,-1.052503
-1.195544,-0.007326,0.114775,2.697751,0.007326,-1.052503
-1.195544,0.007328,0.119658,2.697751,0.007326,-1.052503
-1.195544,-0.007326,0.119658,2.697751,0.021978,-1.057387
-1.195544,-0.007326,0.119658,2.697751,0.007326,-1.052503
-1.195544,-0.007326,0.119658,2.697751,0.007326,-1.052503
-1.195544,0.007328,0.114775,2.697751,-0.007328,-1.052503
-1.195544,-0.007326,0.119658,2.697751,0.007326,-1.057387
-1.195544,-0.007326,0.119658,2.697751,0.007326,-1.052503
-1.195544,0.007328,0.119658,2.697751,0.021978,-1.057387
-1.195544,-0.007326,0.119658,2.697751,0.007326,-1.057387
-1.195544,-0.007326,0.119658,2.697751,0.007326,-1.057387
-1.195544,-0.007326,0.114775,2.697751,0.007326,-1.057387
-1.195544,-0.007326,0.114775,2.697751,0.007326,-1.057387
-1.195544,-0.007326,0.114775,2.697751,0.007326,-1.052503
-1.195544,0.007328,0.119658,2.697751,0.007326,-1.052503
-1.195544,-0.007326,0.119658,2.697751,0.007326,-1.057387
-1.195544,-0.021978,0.119658,2.697751,0.007326,-1.052503
-1.195544,-0.007326,0.119658,2.697751,0.007326,-1.057387
-1.195544,-0.007326,0.114775,2.697751,0.007326,-1.057387
-1.195544,0.007328,0.114775,2.697751,-0.007328,-1.057387
-1.195544,-0.007326,0.114775,2.697751,0.007326,-1.057387
-1.195544,-0.007326,0.119658,2.698133,0.007326,-1.052503
-1.195544,-0.007326,0.119658,2.697751,0.021978,-1.052503
-1.195544,0.007328,0.119658,2.697751,0.007326,-1.057387
-1.195544,0.007328,0.119658,2.697751,-0.007328,-1.052503
-1.195544,-0.007326,0.119658,2.698133,0.021978,-1.052503
-1.195544,0.007328,0.119658,2.697751,0.007326,-1.052503
-1.195544,-0.007326,0.119658,2.698133,0.021978,-1.052503
-1.195544,-0.007326,0.119658,2.697751,0.007326,-1.052503
-1.195544,-0.007326,0.119658,2.697751,0.007326,-1.052503
-1.195544,0.007328,0.119658,2.697751,0.021978,-1.057387
-1.195544,-0.007326,0.114775,2.697751,0.007326,-1.057387
-1.195544,-0.007326,0.119658,2.697751,0.007326,-1.052503
-1.195544,0.007328,0.119658,2.697751,0.007326,-1.047619
-1.195544,-0.021978,0.119658,2.697751,0.007326,-1.052503
-1.195544,-0.021978,0.119658,2.698133,0.021978,-1.057387
-1.195544,0.007328,0.119658,2.697751,0.007326,-1.057387
-1.195544,-0.007326,0.119658,2.697751,-0.007328,-1.057387
-1.195544,-0.007326,0.114775,2.697751,0.021978,-1.057387
-1.195544,-0.007326,0.114775,2.697751,0.007326,-1.052503
-1.195544,0.007328,0.119658,2.697751,0.007326,-1.052503
-1.195544,-0.021978,0.119658,2.697751,0.007326,-1.052503
-1.195544,0.007328,0.119658,2.698133,0.007326,-1.052503
-1.195544,-0.007326,0.114775,2.697751,0.007326,-1.052503
-1.195544,-0.007326,0.119658,2.697751,0.007326,-1.052503
-1.195544,0.007328,0.119658,2.697751,0.007326,-1.052503
-1.195544,-0.007326,0.114775,2.697751,0.007326,-1.052503
-1.195544,0.007328,0.119658,2.697751,0.007326,-1.052503
-1.195544,-0.007326,0.119658,2.698133,0.021978,-1.052503
-1.195544,-0.007326,0.119658,2.698133,0.021978,-1.052503
-1.195544,-0.007326,0.114775,2.697751,0.021978,-1.057387
-1.195544,-0.021978,0.114775,2.697751,0.007326,-1.057387
-1.195544,-0.007326,0.114775,2.697751,0.021978,-1.057387
-1.195544,-0.007326,0.114775,2.698133,0.021978,-1.062271
-1.195544,-0.007326,0.114775,2.697751,0.007326,-1.052503
-1.195544,-0.007326,0.114775,2.698133,0.021978,-1.057387
-1.195544,-0.021978,0.114775,2.697751,-0.007328,-1.052503
-1.195544,-0.007326,0.119658,2.697751,0.007326,-1.057387
-1.195544,-0.007326,0.119658,2.698133,0.021978,-1.057387
-1.195544,-0.021978,0.114775,2.697751,0.007326,-1.052503
-1.195544,-0.007326,0.114775,2.697751,0.007326,-1.052503
-1.195544,-0.021978,0.119658,2.697751,0.007326,-1.052503
-1.195544,-0.007326,0.119658,2.697751,0.007326,-1.057387
-1.195544,0.007328,0.114775,2.697751,0.007326,-1.057387
-1.195544,-0.021978,0.119658,2.697751,0.021978,-1.057387
-1.195544,-0.021978,0.119658,2.698133,0.021978,-1.052503
-1.195544,-0.021978,0.119658,2.697751,0.007326,-1.052503
-1.195544,-0.007326,0.114775,2.697751,0.007326,-1.052503
-1.195544,-0.007326,0.114775,2.697751,0.021978,-1.052503
-1.195544,0.007328,0.114775,2.697751,0.007326,-1.057387
-1.195544,-0.007326,0.114775,2.697751,0.007326,-1.052503
-1.195544,-0.007326,0.114775,2.697751,-0.007328,-1.052503
-1.195544,-0.021978,0.119658,2.698133,0.021978,-1.057387
-1.195544,-0.007326,0.114775,2.697751,0.007326,-1.057387
-1.195544,0.007328,0.114775,2.698133,0.021978,-1.057387
-1.195544,0.007328,0.114775,2.697751,0.007326,-1.057387
-1.195544,-0.021978,0.114775,2.697751,0.021978,-1.057387
-1.195544,-0.007326,0.114775,2.698133,0.021978,-1.057387
-1.195544,0.007328,0.114775,2.697751,0.007326,-1.052503
-1.195544,0.007328,0.114775,2.697751,0.007326,-1.052503
-1.195544,-0.007326,0.119658,2.697751,0.007326,-1.057387
-1.195544,-0.007326,0.119658,2.697751,0.021978,-1.057387
-1.195544,-0.021978,0.114775,2.697751,-0.007328,-1.057387
-1.195544,-0.021978,0.119658,2.697751,-0.007328,-1.057387
-1.195544,-0.021978,0.114775,2.697751,0.007326,-1.052503
-1.195544,-0.007326,0.114775,2.697751,0.007326,-1.057387
-1.195544,-0.007326,0.114775,2.697751,-0.007328,-1.057387
-1.195544,-0.007326,0.114775,2.697751,0.007326,-1.057387
-1.195544,-0.007326,0.114775,2.697751,0.007326,-1.052503
-1.195544,-0.007326,0.114775,2.697751,-0.007328,-1.047619
-1.195544,-0.007326,0.114775,2.697751,0.021978,-1.057387
-1.195544,0.007328,0.114775,2.697751,0.007326,-1.052503
-1.195544,-0.007326,0.114775,2.697751,0.007326,-1.057387
-1.195544,-0.007326,0.114775,2.697751,0.007326,-1.057387
-1.195544,-0.021978,0.114775,2.698133,0.021978,-1.057387
-1.195544,-0.007326,0.114775,2.697751,0.007326,-1.052503
-1.195544,-0.007326,0.114775,2.697751,0.007326,-1.057387
-1.195544,0.007328,0.114775,2.697751,-0.007328,-1.052503
-1.195544,-0.007326,0.114775,2.697751,0.021978,-1.057387
-1.195544,-0.021978,0.114775,2.697751,0.007326,-1.052503
-1.195544,-0.007326,0.114775,2.697751,0.021978,-1.052503
-1.195544,-0.007326,0.119658,2.697751,0.007326,-1.047619
-1.195544,-0.007326,0.114775,2.697751,-0.007328,-1.047619
-1.195544,-0.007326,0.114775,2.697751,0.007326,-1.052503
-1.195544,-0.007326,0.114775,2.697751,0.021978,-1.052503
-1.195544,-0.007326,0.114775,2.697751,0.007326,-1.047619
-1.195544,-0.007326,0.119658,2.698133,0.007326,-1.052503
-1.195544,-0.007326,0.114775,2.697751,0.007326,-1.057387
-1.195544,-0.021978,0.114775,2.697751,0.007326,-1.057387
-1.195544,0.007328,0.114775,2.698133,0.007326,-1.057387
-1.195544,0.007328,0.119658,2.697751,0.021978,-1.052503
-1.195544,0.007328,0.119658,2.697751,0.021978,-1.052503
-1.195544,-0.007326,0.114775,2.698133,0.021978,-1.052503
-1.195544,-0.007326,0.119658,2.697751,0.007326,-1.047619
-1.195544,0.007328,0.114775,2.698133,0.021978,-1.052503
-1.195544,-0.007326,0.114775,2.697751,0.007326,-1.057387
-1.195544,0.007328,0.114775,2.697751,0.007326,-1.057387
-1.195544,-0.007326,0.119658,2.697751,-0.007328,-1.052503
-1.195544,0.007328,0.119658,2.697751,0.007326,-1.057387
-1.195544,0.007328,0.119658,2.697751,0.007326,-1.057387
-1.195544,-0.007326,0.114775,2.697751,0.021978,-1.057387
-1.195544,-0.007326,0.114775,2.697751,0.021978,-1.052503
-1.195544,-0.007326,0.114775,2.698133,0.021978,-1.052503
-1.195544,-0.021978,0.114775,2.697751,0.007326,-1.052503
-1.195544,-0.007326,0.119658,2.697751,0.007326,-1.052503
-1.195544,-0.007326,0.119658,2.697751,0.021978,-1.052503
-1.195544,-0.007326,0.119658,2.697751,0.007326,-1.057387
-1.195544,0.007328,0.114775,2.697751,-0.007328,-1.062271
-1.195544,-0.021978,0.114775,2.697751,0.007326,-1.057387
-1.195544,-0.007326,0.119658,2.697751,0.007326,-1.057387
-1.195544,-0.007326,0.119658,2.697751,0.007326,-1.052503
-1.195544,0.007328,0.114775,2.697751,0.021978,-1.052503
-1.195544,-0.021978,0.119658,2.697751,0.007326,-1.052503
-1.195544,-0.021978,0.119658,2.697751,0.021978,-1.052503
-1.195544,0.007328,0.114775,2.697751,0.007326,-1.057387
-1.195544,-0.021978,0.119658,2.697751,0.007326,-1.057387
-1.195544,-0.007326,0.114775,2.697751,0.007326,-1.057387
-1.195544,0.007328,0.114775,2.697751,-0.007328,-1.052503
-1.195544,0.007328,0.114775,2.697751,0.007326,-1.052503
-1.195544,-0.007326,0.119658,2.697751,0.007326,-1.052503
-1.195544,-0.007326,0.114775,2.697751,0.007326,-1.052503
-1.195544,-0.007326,0.114775,2.698133,0.021978,-1.057387
-1.195544,-0.007326,0.114775,2.698133,0.007326,-1.052503
-1.195544,-0.021978,0.114775,2.697751,-0.007328,-1.057387
-1.195544,-0.021978,0.119658,2.697751,0.007326,-1.057387
-1.195544,-0.007326,0.119658,2.698133,0.021978,-1.052503
-1.195544,-0.007326,0.119658,2.697751,-0.007328,-1.052503
-1.195544,-0.021978,0.114775,2.697751,-0.007328,-1.052503
-1.195544,-0.007326,0.114775,2.698133,0.021978,-1.052503
-1.195544,0.007328,0.119658,2.698133,0.021978,-1.057387
-1.195544,-0.007326,0.114775,2.697751,-0.007328,-1.052503
-1.195544,-0.007326,0.114775,2.697751,0.007326,-1.057387
-1.195544,-0.021978,0.114775,2.697751,0.007326,-1.057387
-1.195544,0.007328,0.114775,2.697751,0.007326,-1.052503
-1.195544,-0.007326,0.114775,2.697751,-0.007328,-1.052503
-1.195544,0.007328,0.114775,2.698133,0.007326,-1.052503
-1.195544,0.007328,0.114775,2.697751,-0.007328,-1.057387
-1.195544,-0.021978,0.114775,2.697751,0.007326,-1.057387
-1.195544,0.007328,0.114775,2.697751,0.021978,-1.057387
-1.195544,-0.007326,0.114775,2.697751,-0.007328,-1.057387
-1.195544,-0.007326,0.114775,2.697751,0.007326,-1.057387
-1.195544,-0.007326,0.114775,2.697751,0.007326,-1.052503
-1.195544,-0.021978,0.114775,2.697751,0.007326,-1.052503
-1.195544,-0.007326,0.119658,2.697751,-0.007328,-1.052503
-1.195544,-0.007326,0.114775,2.697751,0.021978,-1.052503
-1.195544,-0.007326,0.114775,2.698133,0.021978,-1.052503
-1.195544,-0.021978,0.114775,2.697751,0.021978,-1.052503
-1.195544,-0.007326,0.114775,2.697751,0.007326,-1.052503
-1.195544,0.007328,0.114775,2.697751,0.021978,-1.052503
-1.195544,-0.007326,0.114775,2.697751,-0.007328,-1.057387
-1.195544,-0.007326,0.119658,2.697751,0.007326,-1.057387
-1.195544,-0.007326,0.119658,2.697751,0.007326,-1.052503
-1.195544,-0.007326,0.114775,2.697751,0.021978,-1.052503
-1.195544,-0.007326,0.119658,2.697751,0.007326,-1.047619
-1.195544,-0.021978,0.119658,2.697751,0.021978,-1.052503
-1.195544,-0.021978,0.119658,2.697751,-0.007328,-1.052503
-1.195544,-0.007326,0.119658,2.697751,0.021978,-1.057387
-1.195544,0.007328,0.114775,2.697751,0.007326,-1.057387
-1.195544,-0.007326,0.114775,2.698133,0.007326,-1.057387
-1.195544,0.007328,0.119658,2.697751,0.007326,-1.057387
-1.195544,0.007328,0.119658,2.697751,0.007326,-1.057387
-1.195544,-0.007326,0.119658,2.697751,0.007326,-1.057387
-1.195544,-0.021978,0.119658,2.697751,0.007326,-1.057387
-1.195544,-0.007326,0.119658,2.697751,0.007326,-1.057387
-1.195544,-0.007326,0.119658,2.697751,0.007326,-1.057387
-1.195544,-0.007326,0.119658,2.697751,0.007326,-1.057387
-1.195544,-0.007326,0.119658,2.697751,0.007326,-1.057387
-1.195544,-0.021978,0.119658,2.697751,0.007326,-1.057387
-1.195544,-0.007326,0.119658,2.697751,0.007326,-1.052503
-1.195544,-0.007326,0.114775,2.698133,0.021978,-1.057387
-1.195544,-0.021978,0.119658,2.698133,0.021978,-1.052503
-1.195544,0.007328,0.119658,2.697751,0.007326,-1.052503
-1.195544,-0.021978,0.119658,2.697751,-0.007328,-1.047619
-1.195544,-0.021978,0.114775,2.698133,0.007326,-1.052503
-1.195544,-0.007326,0.114775,2.697751,0.007326,-1.047619
-1.195544,0.007328,0.114775,2.697751,0.021978,-1.052503
-1.195544,-0.021978,0.114775,2.698133,0.021978,-1.057387
-1.195544,-0.021978,0.114775,2.697751,-0.007328,-1.052503
-1.195544,-0.007326,0.119658,2.697751,0.007326,-1.057387
-1.195544,-0.007326,0.119658,2.697751,-0.007328,-1.052503
-1.195544,-0.021978,0.114775,2.697751,0.007326,-1.057387
-1.195544,-0.007326,0.119658,2.697751,-0.007328,-1.057387
-1.195544,-0.007326,0.119658,2.698133,0.021978,-1.057387
-1.195544,0.007328,0.114775,2.697751,-0.007328,-1.052503
-1.195544,-0.021978,0.119658,2.697751,0.007326,-1.052503
-1.195544,-0.007326,0.119658,2.697751,0.007326,-1.057387
-1.195544,0.007328,0.119658,2.697751,0.007326,-1.057387
-1.195544,-0.021978,0.119658,2.697751,0.007326,-1.057387
-1.195544,0.007328,0.119658,2.697751,0.007326,-1.052503
-1.195544,-0.007326,0.119658,2.698133,0.007326,-1.052503
-1.195544,0.007328,0.114775,2.697751,-0.007328,-1.052503
-1.195544,-0.007326,0.114775,2.697751,0.007326,-1.057387
-1.195544,-0.007326,0.119658,2.697751,0.007326,-1.057387
-1.195544,-0.007326,0.119658,2.697751,0.007326,-1.057387
-1.195544,-0.007326,0.119658,2.697751,0.007326,-1.057387
-1.195544,-0.007326,0.119658,2.697751,0.007326,-1.052503
-1.195544,-0.007326,0.119658,2.697751,0.007326,-1.057387
-1.195544,0.007328,0.119658,2.697751,-0.007328,-1.052503
-1.195544,0.007328,0.114775,2.697751,0.007326,-1.057387
-1.195544,-0.007326,0.114775,2.697751,0.007326,-1.057387
-1.195544,-0.021978,0.114775,2.697751,0.021978,-1.052503
-1.195544,0.007328,0.119658,2.698133,0.007326,-1.052503
-1.195544,-0.007326,0.119658,2.697751,-0.007328,-1.057387
-1.195544,-0.007326,0.119658,2.697751,0.007326,-1.062271
-1.195544,-0.007326,0.114775,2.697751,0.021978,-1.057387
-1.195544,-0.007326,0.114775,2.697751,0.007326,-1.057387
-1.195544,0.007328,0.119658,2.697751,0.007326,-1.057387
-1.195544,-0.007326,0.114775,2.697751,0.007326,-1.052503
-1.195544,-0.021978,0.114775,2.697751,0.007326,-1.052503
-1.195544,-0.021978,0.114775,2.698133,0.007326,-1.052503
-1.195544,-0.021978,0.119658,2.697751,-0.007328,-1.052503
-1.195544,-0.007326,0.119658,2.697751,0.007326,-1.057387
-1.195544,-0.007326,0.119658,2.697751,0.007326,-1.052503
-1.195544,-0.007326,0.119658,2.697751,0.007326,-1.052503
-1.195544,-0.007326,0.119658,2.697751,0.007326,-1.052503
-1.195544,-0.021978,0.114775,2.697751,0.007326,-1.052503
-1.195544,0.007328,0.114775,2.697751,0.021978,-1.057387
-1.195544,-0.007326,0.114775,2.697751,0.007326,-1.052503
-1.195544,0.007328,0.114775,2.697751,0.007326,-1.057387
-1.195544,-0.036631,0.119658,2.697751,-0.007328,-1.057387
-1.195544,0.007328,0.119658,2.697751,-0.007328,-1.057387
-1.195544,-0.021978,0.119658,2.697751,0.007326,-1.057387
-1.195544,-0.007326,0.119658,2.697751,0.007326,-1.057387
-1.195544,-0.007326,0.119658,2.697751,0.007326,-1.057387
-1.195544,-0.007326,0.114775,2.697751,0.007326,-1.052503
-1.195544,-0.007326,0.114775,2.697751,0.007326,-1.047619
-1.195544,-0.007326,0.114775,2.697751,0.007326,-1.052503
-1.195544,-0.021978,0.114775,2.697751,0.021978,-1.052503
-1.195544,-0.007326,0.114775,2.697751,-0.007328,-1.052503
-1.195544,-0.007326,0.114775,2.697751,0.007326,-1.057387
-1.195544,0.007328,0.114775,2.697751,0.007326,-1.057387
-1.195544,-0.007326,0.114775,2.697751,-0.007328,-1.057387
-1.195544,-0.007326,0.119658,2.697751,0.021978,-1.057387
-1.195544,-0.007326,0.114775,2.697751,-0.007328,-1.052503
-1.195544,0.007328,0.114775,2.697751,0.007326,-1.052503
-1.195544,-0.021978,0.114775,2.697751,-0.007328,-1.052503
-1.195544,-0.007326,0.114775,2.697751,0.007326,-1.057387
-1.195544,-0.007326,0.114775,2.697751,0.007326,-1.057387
-1.195544,0.007328,0.114775,2.697751,0.007326,-1.057387
-1.195544,-0.007326,0.114775,2.697751,0.007326,-1.057387
-1.195544,-0.007326,0.114775,2.697751,0.007326,-1.057387
-1.195544,-0.007326,0.114775,2.698133,0.007326,-1.052503
-1.195544,-0.007326,0.114775,2.697751,0.007326,-1.052503
-1.195544,-0.007326,0.119658,2.698133,0.021978,-1.057387
-1.195544,-0.007326,0.119658,2.697751,0.021978,-1.057387
-1.195544,-0.007326,0.119658,2.697751,-0.007328,-1.057387
-1.195544,-0.007326,0.114775,2.697751,0.007326,-1.057387
-1.195544,-0.007326,0.119658,2.697751,0.007326,-1.052503
-1.195544,-0.007326,0.114775,2.697751,0.007326,-1.052503
-1.195544,-0.007326,0.114775,2.697751,-0.007328,-1.052503
-1.195544,-0.007326,0.119658,2.697751,-0.007328,-1.057387
-1.195544,-0.021978,0.119658,2.697751,0.007326,-1.057387
-1.195544,-0.021978,0.114775,2.697751,0.007326,-1.057387
-1.195544,-0.007326,0.114775,2.697751,0.007326,-1.052503
-1.195544,-0.007326,0.119658,2.697751,0.007326,-1.052503
-1.195544,-0.007326,0.119658,2.697751,0.007326,-1.057387
-1.195544,-0.007326,0.114775,2.697751,0.007326,-1.057387
-1.195544,-0.021978,0.114775,2.697751,0.007326,-1.062271
-1.195544,-0.007326,0.114775,2.697751,0.007326,-1.062271
-1.195544,-0.007326,0.114775,2.697751,0.007326,-1.052503
-1.195544,-0.007326,0.114775,2.697751,0.007326,-1.057387
-1.195544,-0.007326,0.119658,2.697751,0.021978,-1.057387
-1.195544,0.007328,0.114775,2.697751,0.007326,-1.057387
-1.195544,-0.007326,0.114775,2.697751,-0.007328,-1.057387
-1.195544,-0.021978,0.114775,2.697751,0.007326,-1.057387
-1.195544,-0.007326,0.119658,2.697751,0.007326,-1.057387
-1.195544,-0.007326,0.119658,2.697751,0.007326,-1.052503
-1.195544,0.007328,0.114775,2.698133,0.021978,-1.052503
-1.195544,-0.021978,0.114775,2.697751,0.007326,-1.052503
-1.195544,-0.021978,0.114775,2.697751,0.007326,-1.057387
-1.195544,-0.007326,0.114775,2.697751,-0.007328,-1.057387
-1.195544,0.007328,0.114775,2.697751,0.007326,-1.057387
-1.195544,-0.007326,0.114775,2.697751,0.007326,-1.057387
-1.195544,-0.021978,0.114775,2.697751,0.007326,-1.057387
-1.195544,0.007328,0.119658,2.697751,0.007326,-1.052503
-1.195544,-0.007326,0.114775,2.697751,0.007326,-1.052503
-1.195544,-0.007326,0.114775,2.697751,-0.021980,-1.047619
-1.195544,0.007328,0.114775,2.697751,0.007326,-1.052503
-1.195544,0.007328,0.114775,2.697751,-0.007328,-1.052503
-1.195544,-0.007326,0.119658,2.697751,0.007326,-1.057387
-1.195544,-0.007326,0.119658,2.697751,0.007326,-1.057387
-1.195544,-0.021978,0.119658,2.697751,0.007326,-1.057387
-1.195544,-0.007326,0.124542,2.697751,0.007326,-1.052503
-1.195544,-0.007326,0.124542,2.697751,0.007326,-1.057387
-1.195544,0.007328,0.124542,2.697751,0.021978,-1.052503
-1.195544,-0.007326,0.124542,2.698133,0.007326,-1.047619
-1.195544,-0.007326,0.124542,2.697751,-0.007328,-1.047619
-1.195544,0.007328,0.119658,2.698133,0.021978,-1.057387
-1.195544,-0.007326,0.119658,2.698133,0.021978,-1.052503
-1.195544,-0.007326,0.124542,2.697751,0.007326,-1.052503
-1.195544,-0.007326,0.124542,2.697751,-0.007328,-1.057387
-1.195544,0.007328,0.124542,2.697751,0.007326,-1.057387
-1.195544,-0.021978,0.124542,2.698133,0.021978,-1.052503
-1.195544,-0.021978,0.119658,2.697751,0.007326,-1.052503
-1.195544,-0.007326,0.119658,2.697751,-0.007328,-1.052503
-1.195544,-0.007326,0.124542,2.697751,-0.007328,-1.057387
-1.195544,-0.021978,0.124542,2.697751,0.021978,-1.057387
-1.195544,-0.007326,0.119658,2.697751,0.007326,-1.057387
-1.195544,0.007328,0.119658,2.697751,-0.007328,-1.057387
-1.195544,-0.007326,0.119658,2.697751,0.021978,-1.057387
-1.195544,-0.021978,0.119658,2.698133,0.021978,-1.052503
-1.195544,0.007328,0.114775,2.697751,0.007326,-1.052503
-1.195544,-0.007326,0.114775,2.697751,-0.021980,-1.047619
-1.195544,-0.007326,0.119658,2.697751,-0.007328,-1.052503
-1.195544,-0.007326,0.114775,2.698133,0.007326,-1.057387
-1.195544,-0.007326,0.114775,2.697751,-0.007328,-1.052503
-1.195544,-0.007326,0.114775,2.697751,0.007326,-1.052503
-1.195544,-0.021978,0.114775,2.697751,-0.007328,-1.047619
-1.195544,-0.007326,0.114775,2.697751,0.007326,-1.057387
-1.195544,0.007328,0.114775,2.697751,0.007326,-1.057387
-1.195544,0.007328,0.114775,2.698133,0.021978,-1.052503
-1.195544,-0.007326,0.119658,2.697751,0.007326,-1.052503
-1.195544,-0.007326,0.119658,2.697751,0.007326,-1.052503
-1.195544,-0.021978,0.119658,2.697751,0.007326,-1.052503
-1.195544,-0.007326,0.124542,2.697751,0.007326,-1.052503
-1.195544,0.007328,0.119658,2.697751,-0.007328,-1.052503
-1.195544,-0.007326,0.119658,2.697751,0.007326,-1.057387
-1.195544,-0.007326,0.119658,2.697751,-0.007328,-1.052503
-1.195544,-0.007326,0.119658,2.697751,0.007326,-1.057387
-1.195544,-0.007326,0.124542,2.697751,0.021978,-1.052503
-1.195544,-0.007326,0.119658,2.697751,0.021978,-1.057387
-1.195544,-0.021978,0.119658,2.697751,0.007326,-1.052503
-1.195544,-0.007326,0.124542,2.697751,0.021978,-1.057387
-1.195544,0.007328,0.119658,2.697751,0.007326,-1.052503
-1.195544,-0.007326,0.119658,2.697751,-0.007328,-1.052503
-1.195544,-0.021978,0.119658,2.698133,0.007326,-1.052503
-1.195544,0.007328,0.119658,2.697751,0.007326,-1.052503
-1.195544,-0.007326,0.119658,2.697751,0.007326,-1.057387
-1.195544,-0.007326,0.124542,2.698133,0.036631,-1.057387
-1.195544,-0.007326,0.119658,2.697751,0.021978,-1.057387
-1.195544,-0.021978,0.124542,2.697751,0.007326,-1.057387
-1.195544,-0.007326,0.119658,2.697751,0.007326,-1.057387
-1.195544,-0.007326,0.119658,2.697751,-0.007328,-1.057387
-1.195544,-0.021978,0.119658,2.697751,0.007326,-1.057387
-1.195544,0.007328,0.119658,2.697751,0.007326,-1.057387
-1.195544,-0.007326,0.114775,2.697751,0.007326,-1.057387
-1.195544,-0.007326,0.119658,2.697751,0.007326,-1.057387
-1.195544,-0.007326,0.114775,2.697751,0.007326,-1.057387
-1.195544,-0.021978,0.119658,2.697751,0.007326,-1.052503
-1.195544,-0.007326,0.119658,2.697751,0.007326,-1.057387
-1.195544,-0.007326,0.114775,2.697751,0.007326,-1.057387
-1.195544,0.007328,0.114775,2.698133,0.007326,-1.052503
-1.195544,-0.007326,0.119658,2.697751,0.007326,-1.052503
-1.195544,-0.007326,0.114775,2.697751,0.007326,-1.057387
-1.195544,-0.007326,0.119658,2.697751,0.007326,-1.057387
-1.195544,0.007328,0.114775,2.697751,0.007326,-1.057387
-1.195544,-0.007326,0.114775,2.697751,0.007326,-1.057387
-1.195544,0.007328,0.119658,2.697751,-0.021980,-1.057387
-1.195544,-0.021978,0.119658,2.698133,0.021978,-1.057387
-1.195544,-0.021978,0.119658,2.697751,0.007326,-1.057387
-1.195544,-0.007326,0.124542,2.698133,0.021978,-1.057387
-1.195544,-0.021978,0.119658,2.698133,0.021978,-1.057387
-1.195544,-0.007326,0.124542,2.698133,0.021978,-1.057387
-1.195544,-0.007326,0.124542,2.697751,0.007326,-1.052503
-1.195544,-0.007326,0.124542,2.697751,-0.007328,-1.057387
-1.195544,-0.021978,0.124542,2.697751,-0.007328,-1.057387
-1.195544,-0.021978,0.124542,2.697751,0.007326,-1.052503
-1.195544,-0.007326,0.119658,2.697751,0.007326,-1.057387
-1.195544,-0.021978,0.124542,2.697751,-0.007328,-1.057387
-1.195544,0.007328,0.119658,2.697751,0.007326,-1.052503
-1.195544,-0.007326,0.124542,2.698133,0.007326,-1.052503
-1.195544,-0.007326,0.124542,2.697751,0.007326,-1.052503
-1.195544,-0.021978,0.124542,2.697751,-0.007328,-1.052503
-1.195544,-0.007326,0.124542,2.697751,0.007326,-1.057387
-1.195544,-0.007326,0.119658,2.697751,0.007326,-1.057387
-1.195544,-0.007326,0.119658,2.697751,-0.007328,-1.057387
-1.195544,-0.007326,0.119658,2.697751,-0.007328,-1.057387
-1.195544,0.007328,0.119658,2.698133,0.021978,-1.057387
-1.195544,-0.007326,0.119658,2.697751,0.007326,-1.052503
-1.195544,-0.021978,0.119658,2.697751,0.007326,-1.052503
-1.195544,-0.007326,0.119658,2.697751,0.007326,-1.052503
-1.195544,-0.007326,0.119658,2.698133,0.007326,-1.052503
-1.195544,0.007328,0.119658,2.698133,0.036631,-1.052503
-1.195544,-0.007326,0.124542,2.697751,0.007326,-1.052503
-1.195544,-0.021978,0.124542,2.697751,0.007326,-1.057387
-1.195544,-0.007326,0.119658,2.697751,0.007326,-1.057387
-1.195544,0.007328,0.119658,2.697751,0.007326,-1.057387
-1.195544,-0.007326,0.119658,2.697751,0.007326,-1.057387
-1.195544,0.021980,0.119658,2.698133,0.007326,-1.052503
-1.195544,0.007328,0.119658,2.697751,0.007326,-1.052503
-1.195544,-0.021978,0.119658,2.697751,-0.007328,-1.057387
-1.195544,-0.007326,0.119658,2.697751,0.007326,-1.057387
-1.195544,-0.007326,0.119658,2.697751,0.007326,-1.057387
-1.195544,-0.007326,0.119658,2.697751,0.007326,-1.057387
-1.195544,-0.007326,0.119658,2.697751,-0.007328,-1.052503
-1.195544,-0.007326,0.119658,2.697751,0.007326,-1.052503
-1.195544,0.007328,0.119658,2.697751,-0.007328,-1.052503
-1.195544,-0.021978,0.124542,2.697751,0.007326,-1.052503
-1.195544,0.007328,0.124542,2.697751,0.007326,-1.052503
-1.195544,-0.021978,0.124542,2.697751,0.007326,-1.057387
-1.195544,-0.007326,0.124542,2.697751,-0.007328,-1.057387
-1.195544,-0.007326,0.124542,2.697751,0.021978,-1.057387
-1.195544,-0.007326,0.124542,2.697751,0.007326,-1.057387
-1.195544,0.007328,0.119658,2.697751,0.007326,-1.057387
-1.195544,0.007328,0.124542,2.697751,0.007326,-1.052503
-1.195544,-0.021978,0.119658,2.697751,-0.021980,-1.052503
-1.195544,-0.007326,0.119658,2.697751,0.007326,-1.057387
-1.195544,0.007328,0.124542,2.697751,0.007326,-1.052503
-1.195544,-0.007326,0.124542,2.697751,0.007326,-1.052503
-1.195544,-0.007326,0.124542,2.697751,0.021978,-1.052503
-1.195544,-0.007326,0.124542,2.697751,0.007326,-1.052503
-1.195544,-0.007326,0.124542,2.697751,-0.007328,-1.052503
-1.195544,-0.007326,0.124542,2.697751,0.007326,-1.052503
-1.195544,-0.007326,0.124542,2.697751,0.007326,-1.057387
-1.195544,-0.007326,0.119658,2.697751,0.021978,-1.057387
-1.195544,-0.007326,0.119658,2.697751,0.007326,-1.057387
-1.195544,-0.007326,0.119658,2.697751,0.007326,-1.057387
-1.195544,-0.007326,0.124542,2.697751,0.007326,-1.057387
-1.195544,-0.007326,0.124542,2.698133,0.036631,-1.057387
-1.195544,0.007328,0.119658,2.697751,0.007326,-1.052503
-1.195544,-0.021978,0.124542,2.697751,0.007326,-1.052503
-1.195544,-0.007326,0.119658,2.697751,-0.007328,-1.052503
-1.195544,-0.007326,0.119658,2.697751,0.007326,-1.057387
-1.195544,-0.007326,0.119658,2.698133,0.021978,-1.057387
-1.195544,-0.021978,0.124542,2.697751,-0.007328,-1.052503
-1.195544,-0.007326,0.124542,2.697751,0.007326,-1.052503
-1.195544,-0.007326,0.124542,2.697751,-0.007328,-1.052503
-1.195544,-0.007326,0.124542,2.697751,-0.007328,-1.057387
-1.195544,-0.021978,0.124542,2.697751,0.007326,-1.057387
-1.195544,-0.007326,0.124542,2.697751,-0.007328,-1.052503
-1.195544,-0.007326,0.119658,2.697751,0.007326,-1.052503
-1.195544,-0.007326,0.119658,2.697751,-0.007328,-1.057387
-1.195544,-0.007326,0.124542,2.697751,0.007326,-1.052503
-1.195544,-0.021978,0.119658,2.697751,0.007326,-1.052503
-1.195544,-0.021978,0.124542,2.697751,0.007326,-1.052503
-1.195544,-0.007326,0.119658,2.697751,0.007326,-1.057387
-1.195544,-0.007326,0.119658,2.697751,0.007326,-1.057387
-1.195544,-0.007326,0.119658,2.697751,0.007326,-1.052503
-1.195544,-0.021978,0.119658,2.697751,-0.007328,-1.052503
-1.195544,-0.007326,0.119658,2.697751,-0.007328,-1.052503
-1.195544,0.021980,0.124542,2.697751,-0.007328,-1.052503
-1.195544,0.007328,0.119658,2.697751,0.007326,-1.052503
-1.195544,-0.007326,0.124542,2.697751,-0.007328,-1.052503
-1.195544,-0.007326,0.119658,2.697751,0.007326,-1.062271
-1.195544,-0.007326,0.124542,2.697751,0.007326,-1.057387
-1.195544,-0.007326,0.124542,2.697751,0.007326,-1.052503
-1.195544,-0.021978,0.119658,2.698133,0.007326,-1.052503
-1.195544,-0.021978,0.119658,2.697751,0.007326,-1.052503
-1.195544,-0.021978,0.119658,2.698133,0.021978,-1.052503
-1.195544,-0.007326,0.119658,2.697751,0.007326,-1.052503
-1.195544,-0.021978,0.119658,2.697751,0.007326,-1.052503
-1.195544,-0.007326,0.119658,2.697751,0.021978,-1.052503
-1.195544,-0.007326,0.119658,2.697751,0.007326,-1.052503
-1.195544,0.007328,0.119658,2.698133,0.021978,-1.052503
-1.195544,-0.021978,0.119658,2.697751,0.007326,-1.057387
-1.195544,-0.007326,0.119658,2.698133,0.007326,-1.057387
-1.195544,-0.007326,0.124542,2.697751,0.007326,-1.052503
-1.195544,-0.036631,0.124542,2.697751,0.007326,-1.052503
-1.195544,-0.007326,0.119658,2.697751,0.007326,-1.052503
-1.195544,-0.007326,0.119658,2.697751,0.007326,-1.052503
-1.195544,-0.021978,0.119658,2.697751,0.021978,-1.057387
-1.195544,-0.021978,0.119658,2.697751,-0.007328,-1.052503
-1.195544,0.007328,0.119658,2.697751,0.021978,-1.052503
-1.195544,-0.021978,0.124542,2.697751,0.007326,-1.052503
-1.195544,-0.007326,0.119658,2.698133,0.021978,-1.047619
-1.195544,0.007328,0.124542,2.697751,0.007326,-1.047619
-1.195544,-0.021978,0.124542,2.697751,0.007326,-1.052503
-1.195544,-0.007326,0.119658,2.698133,0.007326,-1.052503
-1.195544,0.007328,0.119658,2.697751,0.007326,-1.052503
-1.195544,-0.007326,0.124542,2.697751,0.007326,-1.052503
-1.195544,0.007328,0.119658,2.697751,0.007326,-1.052503
-1.195544,-0.007326,0.119658,2.697751,0.007326,-1.047619
-1.195544,-0.021978,0.124542,2.697751,0.007326,-1.052503
-1.195544,-0.007326,0.119658,2.697751,-0.007328,-1.052503
-1.195544,-0.007326,0.124542,2.697751,0.007326,-1.057387
-1.195544,-0.007326,0.124542,2.698133,0.021978,-1.057387
-1.195544,-0.007326,0.124542,2.697751,-0.007328,-1.052503
-1.195544,-0.007326,0.119658,2.697751,0.021978,-1.057387
-1.195544,-0.007326,0.124542,2.697751,0.007326,-1.057387
-1.195544,-0.021978,0.119658,2.697751,0.007326,-1.052503
-1.195544,-0.007326,0.119658,2.697751,0.007326,-1.057387
-1.195544,-0.021978,0.124542,2.697751,0.021978,-1.057387
-1.195544,-0.007326,0.124542,2.697751,0.007326,-1.052503
-1.195544,-0.007326,0.124542,2.697751,-0.007328,-1.052503
-1.195544,-0.007326,0.119658,2.697751,0.007326,-1.052503
-1.195544,0.007328,0.119658,2.697751,-0.007328,-1.052503
-1.195544,-0.007326,0.119658,2.697751,0.007326,-1.052503
-1.195544,-0.007326,0.119658,2.697751,-0.007328,-1.052503
-1.195544,-0.007326,0.119658,2.697751,0.021978,-1.052503
-1.195544,-0.007326,0.119658,2.697751,-0.007328,-1.052503
-1.195544,-0.021978,0.119658,2.697751,-0.007328,-1.052503
-1.195544,-0.007326,0.124542,2.697751,0.007326,-1.052503
-1.195544,-0.007326,0.124542,2.697751,0.007326,-1.057387
-1.195544,0.007328,0.119658,2.697751,0.007326,-1.057387
-1.195544,-0.021978,0.124542,2.697751,0.007326,-1.057387
-1.195544,-0.007326,0.124542,2.697751,0.007326,-1.057387
-1.195544,-0.007326,0.124542,2.697751,0.007326,-1.052503
-1.195544,-0.021978,0.124542,2.697751,0.007326,-1.052503
-1.195544,-0.007326,0.124542,2.697751,0.007326,-1.052503
-1.195544,-0.007326,0.124542,2.697751,0.007326,-1.057387
-1.195544,0.007328,0.124542,2.697751,0.007326,-1.057387
-1.195544,-0.021978,0.124542,2.697751,0.021978,-1.057387
-1.195544,0.007328,0.124542,2.697751,0.007326,-1.057387
-1.195544,-0.007326,0.119658,2.697751,0.007326,-1.057387
-1.195544,-0.007326,0.119658,2.697751,0.007326,-1.057387
-1.195544,-0.007326,0.124542,2.697751,-0.007328,-1.057387
-1.195544,-0.007326,0.124542,2.697751,0.007326,-1.057387
-1.195544,-0.007326,0.124542,2.697751,0.007326,-1.052503
-1.195544,-0.007326,0.119658,2.697751,0.007326,-1.052503
-1.195544,-0.007326,0.124542,2.697751,0.021978,-1.052503
-1.195544,0.007328,0.119658,2.697751,0.007326,-1.052503
-1.195544,0.007328,0.119658,2.697751,0.007326,-1.052503
-1.195544,0.007328,0.119658,2.698133,0.007326,-1.052503
-1.195544,0.007328,0.119658,2.697751,-0.007328,-1.047619
-1.195544,0.007328,0.119658,2.697751,0.007326,-1.047619
-1.195544,0.007328,0.119658,2.697751,0.007326,-1.047619
-1.195544,-0.021978,0.119658,2.697751,0.021978,-1.047619
-1.195544,-0.007326,0.119658,2.697751,-0.007328,-1.047619
-1.195544,0.007328,0.119658,2.698133,0.021978,-1.057387
-1.195544,-0.007326,0.119658,2.697751,0.007326,-1.052503
-1.195544,0.007328,0.119658,2.697751,0.007326,-1.052503
-1.195544,-0.007326,0.119658,2.697751,0.007326,-1.052503
-1.195544,-0.007326,0.119658,2.698133,0.021978,-1.057387
-1.195544,-0.007326,0.119658,2.697751,0.007326,-1.052503
-1.195544,-0.021978,0.124542,2.697751,0.007326,-1.052503
-1.195544,-0.021978,0.119658,2.697751,0.007326,-1.052503
-1.195544,-0.021978,0.124542,2.698133,0.007326,-1.052503
-1.195544,0.007328,0.124542,2.697751,0.007326,-1.052503
-1.195544,0.007328,0.119658,2.698133,0.021978,-1.052503
-1.195544,-0.021978,0.124542,2.697751,-0.007328,-1.047619
-1.195544,-0.007326,0.124542,2.698133,0.021978,-1.052503
-1.195544,-0.021978,0.124542,2.697751,0.007326,-1.052503
-1.195544,0.007328,0.124542,2.697751,0.007326,-1.052503
-1.195544,-0.007326,0.119658,2.697751,-0.007328,-1.047619
-1.195544,-0.007326,0.119658,2.697751,0.007326,-1.052503
-1.195544,-0.007326,0.124542,2.697751,0.007326,-1.052503
-1.195544,-0.007326,0.119658,2.697751,0.007326,-1.052503
-1.195544,-0.007326,0.124542,2.698133,0.036631,-1.057387
-1.195544,0.007328,0.124542,2.697751,0.007326,-1.052503
-1.195544,-0.021978,0.124542,2.697751,0.021978,-1.052503
-1.195544,-0.007326,0.124542,2.697751,0.007326,-1.052503
-1.195544,-0.007326,0.124542,2.697751,0.007326,-1.052503
-1.195544,-0.007326,0.124542,2.697751,0.007326,-1.052503
-1.195544,-0.007326,0.124542,2.697751,-0.007328,-1.047619
-1.195544,-0.007326,0.124542,2.697751,0.021978,-1.057387
-1.195544,-0.007326,0.119658,2.697751,0.007326,-1.052503
-1.195544,-0.007326,0.124542,2.697751,-0.007328,-1.052503
-1.195544,-0.007326,0.124542,2.697751,-0.007328,-1.052503
-1.195544,0.007328,0.124542,2.698133,0.021978,-1.052503
-1.195544,-0.007326,0.124542,2.697751,0.007326,-1.052503
-1.195544,-0.007326,0.124542,2.698133,0.021978,-1.052503
-1.195544,-0.007326,0.124542,2.697751,0.007326,-1.047619
-1.195544,-0.021978,0.119658,2.697751,0.007326,-1.052503
-1.195544,-0.007326,0.119658,2.697751,-0.007328,-1.052503
-1.195544,0.007328,0.119658,2.697751,0.021978,-1.052503
-1.195544,-0.021978,0.119658,2.697751,-0.007328,-1.047619
-1.195544,-0.007326,0.119658,2.698133,0.007326,-1.047619
-1.195544,-0.007326,0.119658,2.697751,0.007326,-1.052503
-1.195544,0.007328,0.119658,2.697751,-0.007328,-1.047619
-1.195544,-0.007326,0.119658,2.697751,0.007326,-1.047619
-1.195544,-0.007326,0.119658,2.697751,-0.007328,-1.047619
-1.195544,-0.007326,0.119658,2.697751,0.007326,-1.052503
-1.195544,-0.007326,0.119658,2.697751,-0.007328,-1.052503
-1.195544,-0.007326,0.119658,2.697751,0.007326,-1.047619
-1.195544,-0.007326,0.119658,2.697751,0.007326,-1.047619
-1.195544,-0.007326,0.124542,2.697751,0.007326,-1.047619
-1.195544,-0.007326,0.119658,2.697751,0.021978,-1.052503
-1.195544,-0.021978,0.124542,2.697751,0.007326,-1.052503
-1.195544,-0.007326,0.124542,2.697751,0.021978,-1.052503
-1.195544,0.007328,0.119658,2.697751,0.021978,-1.052503
-1.195544,-0.007326,0.119658,2.697751,-0.007328,-1.047619
-1.195544,-0.007326,0.124542,2.697751,0.007326,-1.052503
-1.195544,-0.007326,0.124542,2.697751,0.007326,-1.047619
-1.195544,-0.021978,0.124542,2.697751,-0.007328,-1.052503
-1.195544,-0.007326,0.124542,2.697751,0.007326,-1.052503
-1.195544,-0.021978,0.119658,2.697751,0.007326,-1.057387
-1.195544,-0.007326,0.119658,2.697751,0.007326,-1.052503
-1.195544,-0.021978,0.124542,2.697751,0.007326,-1.047619
-1.195544,-0.007326,0.124542,2.697751,-0.007328,-1.047619
-1.195544,0.007328,0.119658,2.697751,0.021978,-1.047619
-1.195544,0.007328,0.119658,2.697751,0.007326,-1.052503
-1.195544,0.007328,0.119658,2.697751,0.007326,-1.052503
-1.195544,-0.021978,0.119658,2.697751,0.007326,-1.047619
-1.195544,-0.007326,0.119658,2.697751,0.007326,-1.047619
-1.195544,-0.007326,0.119658,2.697751,-0.007328,-1.047619
-1.195544,-0.007326,0.119658,2.697751,0.021978,-1.052503
-1.195544,-0.007326,0.119658,2.697751,0.007326,-1.047619
-1.195544,-0.007326,0.124542,2.697751,0.007326,-1.047619
-1.195544,-0.007326,0.119658,2.697751,0.007326,-1.042735
-1.195544,-0.021978,0.119658,2.697751,0.007326,-1.047619
-1.195544,-0.007326,0.124542,2.697751,-0.007328,-1.052503
-1.195544,-0.007326,0.124542,2.697751,0.007326,-1.052503
-1.195544,0.007328,0.124542,2.697751,0.007326,-1.052503
-1.195544,-0.021978,0.124542,2.698133,0.036631,-1.052503
-1.195544,0.007328,0.124542,2.697751,0.007326,-1.047619
-1.195544,-0.021978,0.119658,2.697751,-0.007328,-1.052503
-1.195544,0.007328,0.119658,2.697751,0.007326,-1.057387
-1.195544,-0.007326,0.119658,2.697751,-0.007328,-1.052503
-1.195544,-0.007326,0.124542,2.697751,-0.007328,-1.047619
-1.195544,-0.007326,0.124542,2.698133,0.021978,-1.047619
-1.195544,-0.007326,0.124542,2.697751,0.007326,-1.047619
-1.195544,-0.007326,0.124542,2.697751,0.007326,-1.052503
-1.195544,-0.021978,0.124542,2.697751,0.007326,-1.052503
-1.195544,-0.007326,0.124542,2.697751,0.007326,-1.052503
-1.195544,-0.021978,0.124542,2.697751,0.021978,-1.052503
-1.195544,-0.021978,0.119658,2.697751,-0.007328,-1.047619
-1.195544,-0.021978,0.124542,2.698133,0.007326,-1.052503
-1.195544,-0.021978,0.119658,2.697751,0.007326,-1.052503
-1.195544,-0.007326,0.119658,2.697751,-0.007328,-1.052503
-1.195544,0.007328,0.124542,2.697751,0.007326,-1.052503
-1.195544,-0.007326,0.124542,2.697751,0.007326,-1.052503
-1.195544,0.007328,0.119658,2.697751,-0.007328,-1.052503
-1.195544,-0.021978,0.119658,2.697751,0.007326,-1.052503
-1.195544,-0.007326,0.119658,2.697751,0.007326,-1.052503
-1.195544,0.007328,0.119658,2.697751,0.021978,-1.052503
-1.195544,-0.021978,0.119658,2.697751,0.021978,-1.052503
-1.195544,-0.007326,0.119658,2.697751,0.021978,-1.047619
-1.195544,-0.007326,0.124542,2.697751,0.021978,-1.047619
-1.195544,-0.007326,0.124542,2.697751,0.007326,-1.052503
-1.195544,-0.007326,0.124542,2.697751,0.007326,-1.052503
-1.195544,0.007328,0.124542,2.697751,0.007326,-1.052503
-1.195544,-0.007326,0.124542,2.697751,-0.007328,-1.052503
-1.195544,-0.007326,0.124542,2.697751,0.021978,-1.052503
-1.195544,-0.021978,0.124542,2.697751,0.021978,-1.052503
-1.195544,-0.021978,0.124542,2.697751,0.007326,-1.052503
-1.195544,-0.007326,0.119658,2.698133,0.021978,-1.052503
-1.195544,0.007328,0.124542,2.698133,0.021978,-1.052503
-1.195544,0.007328,0.119658,2.697751,0.007326,-1.052503
-1.195544,-0.007326,0.119658,2.697751,0.021978,-1.052503
-1.195544,-0.007326,0.119658,2.697751,0.007326,-1.052503
-1.195544,0.007328,0.124542,2.697751,0.007326,-1.052503
-1.195544,-0.007326,0.124542,2.697751,0.007326,-1.052503
-1.195544,-0.007326,0.124542,2.697751,-0.007328,-1.052503
-1.195544,-0.007326,0.119658,2.697751,0.021978,-1.052503
-1.195544,-0.007326,0.124542,2.697751,0.007326,-1.047619
-1.195544,-0.007326,0.124542,2.697751,-0.007328,-1.047619
-1.195544,-0.007326,0.124542,2.697751,0.021978,-1.052503
-1.195544,-0.007326,0.124542,2.697751,0.007326,-1.047619
-1.195544,0.007328,0.124542,2.697751,-0.007328,-1.047619
-1.195544,0.007328,0.124542,2.697751,-0.007328,-1.047619
-1.195544,-0.007326,0.124542,2.697751,0.007326,-1.052503
-1.195544,0.007328,0.124542,2.697751,-0.007328,-1.047619
-1.195544,-0.007326,0.124542,2.697751,0.007326,-1.047619
-1.195544,0.007328,0.124542,2.697751,-0.007328,-1.052503
-1.195544,-0.007326,0.124542,2.697751,0.021978,-1.047619
-1.195544,-0.021978,0.124542,2.698133,0.007326,-1.047619
-1.195544,-0.007326,0.124542,2.697751,-0.007328,-1.042735
-1.195544,0.007328,0.124542,2.697751,-0.007328,-1.052503
-1.195544,0.007328,0.124542,2.697751,0.007326,-1.052503
-1.195544,-0.007326,0.119658,2.698133,0.021978,-1.047619
-1.195544,-0.007326,0.119658,2.697751,0.007326,-1.047619
-1.195544,-0.007326,0.119658,2.697751,0.007326,-1.052503
-1.195544,-0.007326,0.119658,2.697751,0.021978,-1.052503
-1.195544,-0.007326,0.124542,2.697751,0.007326,-1.052503
-1.195544,-0.021978,0.124542,2.697751,0.021978,-1.047619
-1.195544,-0.007326,0.124542,2.698133,0.021978,-1.047619
-1.195544,0.007328,0.124542,2.697751,0.021978,-1.047619
-1.195544,-0.021978,0.124542,2.697751,0.007326,-1.047619
-1.195544,0.007328,0.119658,2.697751,0.007326,-1.047619
-1.195544,-0.007326,0.119658,2.697751,0.007326,-1.047619
-1.195544,-0.021978,0.124542,2.697751,-0.007328,-1.047619
-1.195544,-0.021978,0.124542,2.697751,0.007326,-1.052503
-1.195544,-0.007326,0.124542,2.697751,0.007326,-1.052503
-1.195544,0.007328,0.119658,2.697751,0.021978,-1.052503
-1.195544,-0.007326,0.119658,2.697751,-0.007328,-1.047619
-1.195544,0.007328,0.124542,2.697751,-0.007328,-1.052503
-1.195544,-0.021978,0.124542,2.697751,0.021978,-1.057387
-1.195544,-0.007326,0.119658,2.697751,-0.007328,-1.052503
-1.195544,0.007328,0.124542,2.697751,0.007326,-1.052503
-1.195544,-0.021978,0.119658,2.697751,0.007326,-1.052503
-1.195544,0.007328,0.119658,2.698133,0.021978,-1.047619
-1.195544,-0.007326,0.119658,2.697751,0.007326,-1.047619
-1.195544,-0.007326,0.119658,2.697751,0.007326,-1.047619
-1.195544,0.007328,0.119658,2.697751,0.007326,-1.047619
-1.195544,-0.021978,0.124542,2.698133,0.021978,-1.052503
-1.195544,-0.007326,0.124542,2.697751,-0.007328,-1.047619
-1.195544,-0.007326,0.124542,2.697751,-0.007328,-1.052503
-1.195544,-0.007326,0.124542,2.697751,0.021978,-1.052503
-1.195544,-0.007326,0.124542,2.697751,0.007326,-1.052503
-1.195544,0.007328,0.124542,2.697751,0.007326,-1.047619
-1.195544,-0.007326,0.119658,2.698133,0.021978,-1.047619
-1.195544,-0.021978,0.124542,2.697751,0.007326,-1.042735
-1.195544,-0.007326,0.124542,2.697751,0.007326,-1.047619
-1.195544,-0.007326,0.119658,2.697751,0.007326,-1.052503
-1.195544,-0.007326,0.124542,2.697751,0.007326,-1.052503
-1.195544,-0.007326,0.124542,2.697751,0.007326,-1.052503
-1.195544,-0.007326,0.124542,2.697751,0.007326,-1.052503
-1.195544,0.007328,0.119658,2.697751,0.007326,-1.052503
-1.195544,-0.007326,0.119658,2.698133,0.007326,-1.052503
-1.195544,-0.007326,0.119658,2.698133,0.007326,-1.047619
-1.195544,0.007328,0.119658,2.697751,0.021978,-1.047619
-1.195544,-0.007326,0.124542,2.697751,0.007326,-1.047619
-1.195544,-0.007326,0.124542,2.697751,-0.007328,-1.047619
-1.195544,-0.007326,0.119658,2.697751,0.007326,-1.047619
-1.195544,-0.007326,0.124542,2.697751,-0.007328,-1.047619
-1.195544,0.007328,0.124542,2.698133,0.007326,-1.052503
-1.195544,-0.021978,0.119658,2.697751,-0.007328,-1.052503
-1.195544,-0.007326,0.124542,2.697751,0.021978,-1.047619
-1.195544,-0.007326,0.124542,2.697751,0.007326,-1.047619
-1.195544,-0.036631,0.124542,2.697751,0.007326,-1.047619
-1.195544,0.007328,0.124542,2.697751,-0.007328,-1.052503
-1.195544,-0.021978,0.124542,2.698133,0.007326,-1.052503
-1.195544,-0.007326,0.119658,2.697751,0.007326,-1.052503
-1.195544,-0.007326,0.124542,2.697751,0.021978,-1.052503
-1.195544,-0.007326,0.124542,2.697751,0.007326,-1.047619
-1.195544,-0.007326,0.124542,2.697751,0.007326,-1.047619
-1.195544,0.007328,0.124542,2.697751,-0.007328,-1.047619
-1.195544,-0.007326,0.124542,2.697751,0.007326,-1.047619
-1.195544,0.007328,0.119658,2.697751,0.007326,-1.047619
-1.195544,-0.021978,0.119658,2.698133,0.007326,-1.052503
-1.195544,-0.007326,0.119658,2.697751,0.007326,-1.052503
-1.195544,-0.007326,0.119658,2.697751,0.007326,-1.052503
-1.195544,-0.007326,0.119658,2.697751,0.007326,-1.052503
-1.195544,0.007328,0.124542,2.697751,0.021978,-1.057387
-1.195544,-0.021978,0.119658,2.697751,0.007326,-1.057387
-1.195544,-0.021978,0.119658,2.697751,0.007326,-1.052503
-1.195544,-0.007326,0.124542,2.697751,0.007326,-1.047619
-1.195544,-0.007326,0.124542,2.697751,-0.007328,-1.047619
-1.195544,-0.007326,0.119658,2.697751,0.021978,-1.057387
-1.195544,-0.007326,0.124542,2.698133,0.036631,-1.052503
-1.195544,0.007328,0.124542,2.697751,0.007326,-1.047619
-1.195544,-0.007326,0.124542,2.697751,0.007326,-1.047619
-1.195544,0.007328,0.124542,2.697751,0.007326,-1.052503
-1.195544,-0.007326,0.124542,2.697751,0.007326,-1.047619
-1.195544,-0.021978,0.124542,2.697751,-0.007328,-1.052503
-1.195544,-0.007326,0.119658,2.697751,-0.007328,-1.052503
-1.195544,-0.007326,0.119658,2.697751,0.007326,-1.052503
-1.195544,0.007328,0.119658,2.697751,0.021978,-1.057387
-1.195544,-0.007326,0.119658,2.697751,0.007326,-1.047619
-1.195544,-0.021978,0.119658,2.697751,0.021978,-1.052503
-1.195544,-0.007326,0.119658,2.697751,0.007326,-1.047619
-1.195544,0.007328,0.119658,2.697751,0.007326,-1.047619
-1.195544,-0.021978,0.119658,2.697751,0.007326,-1.047619
-1.195544,-0.007326,0.124542,2.697751,0.007326,-1.047619
-1.195544,-0.007326,0.124542,2.697751,-0.007328,-1.052503
-1.195544,-0.007326,0.124542,2.697751,0.007326,-1.052503
-1.195544,-0.007326,0.124542,2.698133,0.021978,-1.052503
-1.195544,-0.007326,0.124542,2.697751,0.007326,-1.052503
-1.195544,0.007328,0.124542,2.697751,-0.007328,-1.052503
-1.195544,-0.007326,0.119658,2.698133,0.021978,-1.052503
-1.195544,-0.007326,0.119658,2.697751,-0.007328,-1.052503
-1.195544,-0.007326,0.119658,2.697751,-0.007328,-1.052503
-1.195544,-0.007326,0.124542,2.697751,-0.007328,-1.057387
-1.195544,-0.007326,0.119658,2.697751,0.007326,-1.052503
-1.195544,-0.007326,0.119658,2.697751,0.021978,-1.052503
-1.195544,-0.021978,0.124542,2.697751,0.007326,-1.047619
-1.195544,-0.007326,0.124542,2.697751,0.007326,-1.042735
-1.195544,-0.007326,0.119658,2.697751,0.007326,-1.042735
-1.195544,-0.007326,0.124542,2.697751,0.007326,-1.047619
-1.195544,-0.007326,0.124542,2.698133,0.021978,-1.052503
-1.195544,-0.007326,0.124542,2.697751,-0.007328,-1.047619
-1.195544,-0.007326,0.124542,2.697751,0.021978,-1.052503
-1.195544,-0.021978,0.119658,2.697751,0.007326,-1.052503
-1.195544,-0.007326,0.119658,2.697751,0.007326,-1.047619
-1.195544,-0.007326,0.119658,2.697751,0.007326,-1.047619
-1.195544,-0.007326,0.119658,2.697751,0.007326,-1.047619
-1.195544,0.007328,0.124542,2.697751,0.007326,-1.047619
-1.195544,-0.007326,0.124542,2.697751,0.007326,-1.047619
-1.195544,-0.007326,0.124542,2.697751,0.007326,-1.052503
-1.195544,-0.007326,0.124542,2.697751,0.007326,-1.047619
-1.195544,-0.007326,0.124542,2.697751,-0.007328,-1.047619
-1.195544,-0.007326,0.119658,2.697751,0.007326,-1.047619
-1.195544,-0.007326,0.119658,2.697751,0.007326,-1.047619
-1.195544,-0.007326,0.119658,2.697751,0.007326,-1.047619
-1.195544,-0.007326,0.124542,2.697751,0.007326,-1.047619
-1.195544,-0.021978,0.119658,2.697751,0.007326,-1.052503
-1.195544,-0.007326,0.119658,2.697751,0.007326,-1.052503
-1.195544,-0.007326,0.124542,2.697751,0.007326,-1.052503
-1.195544,-0.007326,0.124542,2.697751,0.021978,-1.052503
-1.195544,0.007328,0.124542,2.697751,0.007326,-1.052503
-1.195544,0.007328,0.124542,2.697751,0.007326,-1.052503
-1.195544,-0.007326,0.124542,2.697751,-0.007328,-1.047619
-1.195544,-0.021978,0.124542,2.697751,-0.007328,-1.047619
-1.195544,-0.007326,0.119658,2.697751,0.007326,-1.047619
-1.195544,-0.021978,0.119658,2.697751,0.007326,-1.052503
-1.195544,-0.021978,0.119658,2.697751,0.007326,-1.047619
-1.195544,-0.007326,0.119658,2.697751,-0.007328,-1.047619
-1.195544,0.007328,0.124542,2.697751,0.007326,-1.052503
-1.195544,-0.007326,0.124542,2.697751,-0.007328,-1.052503
-1.195544,-0.007326,0.124542,2.697751,0.007326,-1.052503
-1.195544,-0.007326,0.124542,2.697751,0.007326,-1.047619
-1.195544,-0.007326,0.124542,2.697751,-0.007328,-1.047619
-1.195544,0.007328,0.119658,2.697751,0.021978,-1.047619
-1.195544,0.007328,0.124542,2.697751,-0.007328,-1.047619
-1.195544,-0.007326,0.119658,2.698133,0.021978,-1.047619
-1.195544,0.007328,0.124542,2.697751,-0.007328,-1.047619
-1.195544,-0.007326,0.124542,2.697751,0.007326,-1.047619
-1.195544,-0.007326,0.124542,2.697751,0.007326,-1.047619
-1.195544,0.007328,0.124542,2.697751,-0.007328,-1.047619
-1.195544,-0.007326,0.124542,2.697751,0.007326,-1.052503
-1.195544,0.007328,0.124542,2.697751,-0.007328,-1.052503
-1.195544,-0.021978,0.124542,2.697751,0.007326,-1.047619
-1.195544,0.007328,0.124542,2.698133,0.021978,-1.047619
-1.195544,0.007328,0.119658,2.697751,0.007326,-1.042735
-1.195544,-0.007326,0.124542,2.697751,-0.007328,-1.047619
-1.195544,-0.007326,0.119658,2.697751,0.021978,-1.057387
-1.195544,-0.007326,0.119658,2.697751,0.021978,-1.052503
-1.195544,-0.007326,0.119658,2.697751,0.007326,-1.047619
-1.195544,0.007328,0.124542,2.697751,0.007326,-1.047619
-1.195544,-0.021978,0.119658,2.697751,-0.007328,-1.047619
-1.195544,-0.007326,0.124542,2.697751,0.007326,-1.047619
-1.195544,-0.007326,0.124542,2.697751,-0.007328,-1.047619
-1.195544,-0.007326,0.124542,2.697751,0.021978,-1.052503
-1.195544,-0.007326,0.124542,2.697751,0.007326,-1.047619
-1.195544,-0.007326,0.119658,2.697751,0.007326,-1.052503
-1.195544,-0.007326,0.119658,2.697751,0.007326,-1.047619
-1.195544,-0.007326,0.124542,2.697751,0.007326,-1.047619
-1.195544,-0.021978,0.119658,2.697751,0.007326,-1.047619
-1.195544,-0.007326,0.119658,2.697751,0.007326,-1.052503
-1.195544,-0.007326,0.124542,2.697751,-0.007328,-1.052503
-1.195544,-0.036631,0.119658,2.697751,0.007326,-1.052503
-1.195544,-0.007326,0.119658,2.697751,0.021978,-1.052503
-1.195544,-0.021978,0.119658,2.698133,0.021978,-1.047619
-1.195544,-0.007326,0.124542,2.697751,0.007326,-1.047619
-1.195544,0.007328,0.124542,2.697751,0.007326,-1.047619
-1.195544,-0.007326,0.119658,2.697751,0.007326,-1.047619
-1.195544,-0.007326,0.119658,2.698133,0.021978,-1.047619
-1.195544,-0.007326,0.119658,2.697751,0.007326,-1.052503
-1.195544,-0.007326,0.124542,2.697751,0.007326,-1.052503
-1.195544,-0.021978,0.124542,2.697751,-0.007328,-1.052503
-1.195544,-0.007326,0.119658,2.697751,-0.021980,-1.047619
-1.195544,-0.021978,0.119658,2.697751,-0.007328,-1.052503
-1.195544,-0.007326,0.124542,2.697751,0.007326,-1.057387
-1.195544,-0.021978,0.119658,2.698133,0.021978,-1.052503
-1.195544,-0.007326,0.119658,2.697751,0.007326,-1.047619
-1.195544,-0.007326,0.119658,2.697751,0.007326,-1.052503
-1.195544,0.007328,0.119658,2.697751,0.021978,-1.052503
-1.195544,-0.007326,0.124542,2.697751,0.007326,-1.052503
-1.195544,0.007328,0.124542,2.697751,0.007326,-1.047619
-1.195544,-0.021978,0.124542,2.697751,-0.007328,-1.047619
-1.195544,0.007328,0.124542,2.697751,-0.007328,-1.047619
-1.195544,-0.007326,0.119658,2.697751,0.007326,-1.052503
-1.195544,-0.007326,0.124542,2.697751,-0.007328,-1.047619
-1.195544,0.007328,0.124542,2.698133,0.021978,-1.047619
-1.195544,0.007328,0.119658,2.697751,-0.007328,-1.047619
-1.195544,-0.007326,0.119658,2.697751,0.007326,-1.052503
-1.195544,-0.007326,0.124542,2.698133,0.036631,-1.052503
-1.195544,-0.007326,0.124542,2.697751,-0.007328,-1.047619
-1.195544,-0.021978,0.124542,2.697751,0.007326,-1.047619
-1.195544,-0.007326,0.124542,2.697751,-0.007328,-1.047619
-1.195544,0.007328,0.124542,2.697751,0.007326,-1.052503
-1.195544,0.007328,0.124542,2.697751,0.007326,-1.047619
-1.195544,-0.021978,0.124542,2.697751,0.007326,-1.047619
-1.195544,-0.007326,0.124542,2.697751,0.007326,-1.052503
-1.195544,-0.007326,0.124542,2.697751,0.007326,-1.052503
-1.195544,-0.021978,0.119658,2.697751,0.007326,-1.052503
-1.195544,-0.007326,0.119658,2.697751,0.021978,-1.052503
-1.195544,-0.007326,0.124542,2.697751,0.007326,-1.052503
-1.195544,-0.021978,0.119658,2.698133,0.007326,-1.052503
-1.195544,-0.021978,0.124542,2.697751,0.007326,-1.047619
-1.195544,-0.007326,0.119658,2.697751,0.007326,-1.047619
-1.195544,0.007328,0.119658,2.697751,-0.007328,-1.052503
-1.195544,-0.036631,0.124542,2.697751,0.021978,-1.052503
-1.195544,0.007328,0.124542,2.697751,0.007326,-1.052503
-1.195544,-0.007326,0.119658,2.697751,0.007326,-1.047619
-1.195544,-0.007326,0.119658,2.697751,0.007326,-1.042735
-1.195544,-0.021978,0.119658,2.697751,0.007326,-1.047619
-1.195544,0.007328,0.124542,2.697751,-0.007328,-1.047619
-1.195544,-0.007326,0.119658,2.697751,0.007326,-1.047619
-1.195544,0.007328,0.124542,2.697751,0.007326,-1.047619
-1.195544,-0.007326,0.119658,2.698133,0.021978,-1.047619
-1.195544,-0.021978,0.124542,2.697751,0.007326,-1.047619
-1.195544,-0.007326,0.124542,2.697751,-0.007328,-1.052503
-1.195544,-0.007326,0.124542,2.697751,0.021978,-1.057387
-1.195544,0.007328,0.124542,2.697751,0.007326,-1.047619
-1.195544,-0.007326,0.119658,2.697751,0.007326,-1.047619
-1.195544,-0.021978,0.119658,2.697751,0.007326,-1.047619
-1.195544,-0.007326,0.119658,2.697751,0.007326,-1.052503
-1.195544,-0.007326,0.119658,2.697751,0.007326,-1.052503
-1.195544,-0.007326,0.119658,2.697751,0.007326,-1.052503
-1.195544,-0.007326,0.119658,2.697751,0.007326,-1.052503
-1.195544,-0.007326,0.119658,2.698133,0.021978,-1.047619
-1.195544,-0.007326,0.124542,2.697751,0.007326,-1.052503
-1.195544,-0.007326,0.124542,2.697751,0.021978,-1.057387
-1.195544,0.007328,0.124542,2.697751,0.007326,-1.047619
-1.195544,-0.007326,0.119658,2.697751,0.007326,-1.047619
-1.195544,-0.021978,0.119658,2.697751,-0.007328,-1.047619
-1.195544,0.007328,0.119658,2.697751,0.007326,-1.052503
-1.195544,-0.007326,0.119658,2.697751,0.007326,-1.052503
-1.195544,0.007328,0.119658,2.697751,0.007326,-1.047619
-1.195544,-0.021978,0.124542,2.697751,0.007326,-1.047619
-1.195544,-0.007326,0.124542,2.697751,0.007326,-1.052503
-1.195544,-0.021978,0.124542,2.697751,-0.007328,-1.052503
-1.195544,0.007328,0.124542,2.697751,-0.007328,-1.052503
-1.195544,-0.007326,0.124542,2.697751,0.007326,-1.052503
-1.195544,-0.007326,0.119658,2.697751,0.007326,-1.047619
-1.195544,-0.007326,0.119658,2.698133,0.021978,-1.052503
-1.195544,0.007328,0.119658,2.697751,0.007326,-1.052503
-1.195544,-0.007326,0.119658,2.697751,0.007326,-1.052503
-1.195544,-0.007326,0.124542,2.697751,0.007326,-1.052503
-1.195544,0.007328,0.124542,2.698133,0.021978,-1.052503
-1.195544,-0.007326,0.119658,2.697751,-0.007328,-1.047619
-1.195544,-0.007326,0.119658,2.697751,0.021978,-1.052503
-1.195544,-0.021978,0.124542,2.697751,0.007326,-1.052503
-1.195544,-0.007326,0.119658,2.698133,0.021978,-1.047619
-1.195544,-0.007326,0.124542,2.697751,-0.021980,-1.047619
-1.195544,-0.007326,0.124542,2.697751,-0.007328,-1.047619
-1.195544,-0.007326,0.124542,2.697751,0.007326,-1.047619
-1.195544,-0.007326,0.119658,2.697751,0.007326,-1.047619
-1.195544,-0.007326,0.124542,2.697751,0.021978,-1.052503
-1.195544,-0.007326,0.124542,2.697751,-0.007328,-1.047619
-1.195544,-0.021978,0.119658,2.698133,0.021978,-1.052503
-1.195544,-0.007326,0.124542,2.697751,0.021978,-1.047619
-1.195544,-0.021978,0.124542,2.697751,0.007326,-1.042735
-1.195544,-0.007326,0.124542,2.697751,-0.007328,-1.047619
-1.195544,-0.007326,0.124542,2.697751,0.007326,-1.047619
-1.195544,-0.007326,0.124542,2.697751,-0.007328,-1.047619
-1.195544,-0.007326,0.119658,2.697751,0.007326,-1.052503
-1.195544,-0.007326,0.119658,2.697751,0.021978,-1.052503
-1.195544,0.007328,0.119658,2.697751,0.007326,-1.047619
-1.195544,-0.021978,0.119658,2.697751,-0.007328,-1.042735
-1.195544,-0.007326,0.119658,2.698133,0.007326,-1.052503
-1.195544,-0.007326,0.124542,2.697751,0.007326,-1.052503
-1.195544,0.007328,0.124542,2.697751,0.007326,-1.052503
-1.195544,-0.021978,0.124542,2.697751,0.007326,-1.052503
-1.195544,0.007328,0.124542,2.697751,0.007326,-1.052503
-1.195544,-0.007326,0.119658,2.697751,0.007326,-1.052503
-1.195544,-0.007326,0.124542,2.697751,0.007326,-1.057387
-1.195544,-0.007326,0.124542,2.697751,0.007326,-1.052503
-1.195544,-0.007326,0.124542,2.697751,0.007326,-1.047619
-1.195544,-0.021978,0.124542,2.697751,0.007326,-1.047619
-1.195544,-0.007326,0.119658,2.697751,0.007326,-1.047619
-1.195544,-0.007326,0.124542,2.697751,0.007326,-1.052503
-1.195544,-0.007326,0.124542,2.698133,0.021978,-1.052503
-1.195544,-0.021978,0.119658,2.697751,0.007326,-1.047619
-1.195544,-0.007326,0.119658,2.697751,0.007326,-1.047619
-1.195544,0.007328,0.119658,2.697751,-0.021980,-1.052503
-1.195544,-0.007326,0.119658,2.697751,0.007326,-1.052503
-1.195544,0.007328,0.119658,2.697751,0.007326,-1.052503
-1.195544,-0.021978,0.119658,2.697751,0.007326,-1.047619
-1.195544,-0.007326,0.119658,2.697751,0.007326,-1.052503
-1.195544,-0.007326,0.119658,2.697751,0.007326,-1.052503
-1.195544,-0.007326,0.124542,2.697751,0.007326,-1.052503
-1.195544,-0.007326,0.119658,2.697751,0.007326,-1.052503
-1.195544,0.007328,0.119658,2.698133,0.021978,-1.052503
-1.195544,-0.021978,0.119658,2.697751,0.007326,-1.047619
-1.195544,-0.007326,0.119658,2.697751,0.007326,-1.047619
-1.195544,-0.021978,0.119658,2.697751,-0.007328,-1.047619
-1.195544,-0.007326,0.119658,2.697751,-0.007328,-1.047619
-1.195544,-0.007326,0.119658,2.697751,-0.007328,-1.042735
-1.195544,-0.021978,0.119658,2.698133,0.021978,-1.052503
-1.195544,-0.007326,0.119658,2.697751,0.007326,-1.047619
-1.195544,-0.007326,0.119658,2.698133,0.021978,-1.047619
-1.195544,0.007328,0.119658,2.697751,0.007326,-1.042735
-1.195544,-0.007326,0.119658,2.697751,0.007326,-1.052503
-1.195544,-0.036631,0.119658,2.697751,-0.007328,-1.047619
-1.195544,0.007328,0.124542,2.697751,-0.021980,-1.047619
-1.195544,0.007328,0.124542,2.697751,0.007326,-1.052503
-1.195544,0.007328,0.124542,2.697751,-0.007328,-1.052503
-1.195544,-0.007326,0.119658,2.697751,-0.007328,-1.052503
-1.195544,0.007328,0.119658,2.697751,0.007326,-1.052503
-1.195544,0.007328,0.124542,2.697751,0.007326,-1.052503
-1.195544,-0.007326,0.119658,2.698133,0.007326,-1.052503
-1.195544,-0.007326,0.124542,2.697751,-0.007328,-1.052503
-1.195544,-0.007326,0.119658,2.697751,-0.007328,-1.052503
-1.195544,0.007328,0.119658,2.697751,0.007326,-1.052503
-1.195544,-0.021978,0.119658,2.697751,0.007326,-1.047619
-1.195544,-0.007326,0.124542,2.698133,0.021978,-1.052503
-1.195544,-0.007326,0.124542,2.698133,0.007326,-1.047619
-1.195544,-0.007326,0.119658,2.697751,0.007326,-1.047619
-1.195544,0.007328,0.124542,2.697751,0.007326,-1.047619
-1.195544,-0.007326,0.124542,2.697751,0.007326,-1.047619
-1.195544,-0.007326,0.119658,2.698133,0.021978,-1.052503
-1.195544,-0.007326,0.119658,2.697751,-0.007328,-1.052503
-1.195544,-0.007326,0.124542,2.697751,0.007326,-1.057387
-1.195544,-0.007326,0.124542,2.697751,0.007326,-1.052503
-1.195544,-0.007326,0.124542,2.698133,0.021978,-1.052503
-1.195544,0.007328,0.124542,2.697751,0.007326,-1.047619
-1.195544,-0.007326,0.124542,2.698133,0.021978,-1.047619
-1.195544,-0.021978,0.124542,2.697751,0.007326,-1.047619
-1.195544,-0.007326,0.124542,2.697751,0.007326,-1.047619
-1.195544,-0.007326,0.119658,2.697751,-0.007328,-1.047619
-1.195544,-0.007326,0.119658,2.697751,0.007326,-1.052503
-1.195544,-0.007326,0.124542,2.697751,0.021978,-1.052503
-1.195544,-0.007326,0.124542,2.697751,-0.007328,-1.047619
-1.195544,0.007328,0.124542,2.697751,0.021978,-1.047619
-1.195544,-0.007326,0.124542,2.697751,0.007326,-1.052503
-1.195544,-0.007326,0.119658,2.697751,0.007326,-1.047619
-1.195544,-0.007326,0.119658,2.697751,-0.007328,-1.047619
-1.195544,-0.007326,0.119658,2.697751,0.007326,-1.052503
-1.195544,-0.021978,0.119658,2.697751,0.007326,-1.052503
-1.195544,-0.007326,0.119658,2.697751,-0.007328,-1.052503
-1.195544,-0.007326,0.119658,2.697751,0.007326,-1.052503
-1.195544,0.007328,0.119658,2.697751,0.007326,-1.052503
-1.195544,-0.007326,0.119658,2.697751,-0.007328,-1.047619
-1.195544,-0.007326,0.119658,2.697751,0.021978,-1.047619
-1.195544,0.007328,0.119658,2.697751,-0.007328,-1.047619
-1.195544,-0.007326,0.124542,2.697751,-0.007328,-1.047619
-1.195544,-0.007326,0.119658,2.697751,0.007326,-1.047619
-1.195544,-0.007326,0.124542,2.697751,0.007326,-1.052503
-1.195544,-0.007326,0.119658,2.697751,0.007326,-1.047619
-1.195544,-0.007326,0.119658,2.697751,0.007326,-1.052503
-1.195544,-0.007326,0.119658,2.697751,0.007326,-1.047619
-1.195544,-0.007326,0.124542,2.697751,0.007326,-1.047619
-1.195544,-0.007326,0.124542,2.697751,-0.007328,-1.052503
-1.195544,-0.007326,0.119658,2.697751,0.007326,-1.052503
-1.195544,-0.007326,0.124542,2.697751,0.007326,-1.052503
-1.195544,-0.007326,0.124542,2.698133,0.007326,-1.047619
-1.195544,0.007328,0.124542,2.697751,0.007326,-1.047619
-1.195544,-0.007326,0.124542,2.698133,0.007326,-1.047619
-1.195544,-0.007326,0.119658,2.697751,0.007326,-1.052503
-1.195544,-0.007326,0.124542,2.697751,0.007326,-1.052503
-1.195544,-0.021978,0.124542,2.698133,0.007326,-1.052503
-1.195544,-0.007326,0.119658,2.698133,0.007326,-1.052503
-1.195544,0.007328,0.119658,2.697751,0.007326,-1.047619
-1.195544,-0.021978,0.119658,2.697751,0.007326,-1.047619
-1.195544,-0.007326,0.119658,2.697751,0.007326,-1.047619
-1.195544,-0.021978,0.119658,2.698133,0.021978,-1.052503
-1.195544,-0.007326,0.119658,2.697751,0.007326,-1.047619
-1.195544,-0.021978,0.119658,2.697751,-0.007328,-1.052503
-1.195544,0.021980,0.119658,2.697751,-0.007328,-1.052503
-1.195544,-0.021978,0.124542,2.697751,0.007326,-1.052503
-1.195544,-0.021978,0.119658,2.697751,0.007326,-1.047619
-1.195544,0.007328,0.124542,2.697751,0.007326,-1.047619
-1.195544,-0.007326,0.119658,2.697751,0.007326,-1.047619
-1.195544,-0.007326,0.124542,2.697751,0.007326,-1.047619
-1.195544,-0.007326,0.119658,2.697751,0.007326,-1.047619
-1.195544,-0.021978,0.124542,2.697751,0.021978,-1.052503
-1.195544,-0.007326,0.119658,2.697751,0.021978,-1.047619
-1.195544,-0.007326,0.119658,2.698133,0.007326,-1.047619
-1.195544,-0.007326,0.119658,2.697751,-0.007328,-1.047619
-1.195544,0.021980,0.119658,2.697751,0.007326,-1.052503
-1.195544,0.007328,0.119658,2.697751,0.007326,-1.052503
-1.195544,-0.007326,0.119658,2.698133,0.021978,-1.057387
-1.195544,-0.007326,0.119658,2.698133,0.021978,-1.057387
-1.195544,-0.007326,0.124542,2.697751,0.007326,-1.052503
-1.195544,-0.007326,0.119658,2.698133,0.021978,-1.052503
-1.195544,0.007328,0.119658,2.697751,0.007326,-1.052503
-1.195544,-0.007326,0.124542,2.697751,0.007326,-1.052503
-1.195544,-0.007326,0.119658,2.697751,0.007326,-1.052503
-1.195544,-0.007326,0.124542,2.697751,0.007326,-1.052503
-1.195544,-0.007326,0.119658,2.697751,-0.007328,-1.052503
-1.195544,-0.007326,0.119658,2.697751,0.021978,-1.052503
-1.195544,-0.007326,0.124542,2.698133,0.036631,-1.052503
-1.195544,0.007328,0.124542,2.698133,0.007326,-1.052503
-1.195544,-0.021978,0.119658,2.697751,-0.007328,-1.047619
-1.195544,-0.007326,0.119658,2.697751,0.021978,-1.052503
-1.195544,-0.007326,0.124542,2.697751,0.007326,-1.047619
-1.195544,-0.007326,0.124542,2.697751,0.007326,-1.042735
-1.195544,-0.007326,0.124542,2.697751,0.007326,-1.047619
-1.195544,0.007328,0.124542,2.697751,0.007326,-1.047619
-1.195544,-0.021978,0.119658,2.697751,0.007326,-1.052503
-1.195544,-0.007326,0.119658,2.697751,0.021978,-1.052503
-1.195544,0.007328,0.124542,2.697751,0.021978,-1.047619
-1.195544,-0.007326,0.124542,2.698133,0.021978,-1.047619
-1.195544,-0.007326,0.119658,2.697751,0.007326,-1.047619
-1.195544,-0.007326,0.119658,2.697751,-0.007328,-1.052503
-1.195544,-0.021978,0.124542,2.697751,0.007326,-1.052503
-1.195544,0.007328,0.124542,2.697751,-0.007328,-1.052503
-1.195544,-0.007326,0.119658,2.697751,0.007326,-1.052503
-1.195544,-0.007326,0.119658,2.697751,-0.007328,-1.052503
-1.195544,-0.021978,0.124542,2.697751,0.007326,-1.047619
-1.195544,-0.007326,0.119658,2.697751,0.021978,-1.047619
-1.195544,-0.007326,0.119658,2.697751,0.007326,-1.047619
-1.195544,0.007328,0.124542,2.697751,-0.007328,-1.047619
-1.195544,-0.007326,0.119658,2.698133,0.007326,-1.047619
-1.195544,-0.007326,0.119658,2.697751,0.007326,-1.047619
-1.195544,-0.021978,0.119658,2.697751,0.021978,-1.052503
-1.195544,-0.007326,0.119658,2.697751,-0.007328,-1.047619
-1.195544,-0.007326,0.119658,2.697751,0.007326,-1.052503
-1.195544,-0.021978,0.124542,2.697751,-0.007328,-1.047619
-1.195544,-0.021978,0.119658,2.697751,0.007326,-1.047619
-1.195544,-0.021978,0.119658,2.697751,0.007326,-1.052503
-1.195544,-0.021978,0.124542,2.697751,0.007326,-1.052503
-1.195544,-0.007326,0.124542,2.697751,0.007326,-1.052503
-1.195544,0.007328,0.124542,2.697751,0.007326,-1.052503
-1.195544,-0.021978,0.124542,2.697751,0.007326,-1.047619
-1.195544,-0.007326,0.124542,2.697751,0.007326,-1.047619
-1.195544,-0.007326,0.119658,2.697751,0.007326,-1.047619
-1.195544,-0.007326,0.119658,2.697751,0.007326,-1.052503
-1.195544,-0.007326,0.124542,2.697751,0.007326,-1.052503
-1.195544,-0.007326,0.124542,2.698133,0.021978,-1.052503
-1.195544,-0.021978,0.124542,2.697751,0.007326,-1.052503
-1.195544,-0.007326,0.124542,2.698133,0.021978,-1.052503
-1.195544,-0.007326,0.119658,2.698133,0.021978,-1.052503
-1.195544,-0.021978,0.119658,2.697751,0.007326,-1.052503
-1.195544,-0.007326,0.119658,2.697751,-0.007328,-1.052503
-1.195544,0.007328,0.119658,2.697751,0.007326,-1.057387
-1.195544,-0.007326,0.124542,2.697751,0.007326,-1.057387
-1.195544,-0.007326,0.124542,2.697751,-0.007328,-1.057387
-1.195544,0.007328,0.119658,2.697751,0.007326,-1.057387
-1.195544,-0.007326,0.119658,2.697751,0.007326,-1.052503
-1.195544,-0.007326,0.119658,2.698133,0.021978,-1.052503
-1.195544,-0.021978,0.124542,2.697751,0.007326,-1.052503
-1.195544,-0.007326,0.124542,2.697751,0.007326,-1.057387
-1.195544,-0.007326,0.124542,2.697751,-0.007328,-1.057387
-1.195544,-0.007326,0.124542,2.697751,0.007326,-1.057387
-1.195544,-0.007326,0.119658,2.697751,0.007326,-1.047619
-1.195544,0.007328,0.124542,2.697751,0.007326,-1.052503
-1.195544,-0.007326,0.119658,2.697751,0.007326,-1.057387
-1.195544,-0.021978,0.119658,2.697751,-0.007328,-1.052503
-1.195544,-0.021978,0.124542,2.697751,0.007326,-1.052503
-1.195544,-0.007326,0.119658,2.697751,0.021978,-1.047619
-1.195544,-0.007326,0.119658,2.697751,0.007326,-1.047619
-1.195544,-0.007326,0.119658,2.697751,-0.007328,-1.047619
-1.195544,-0.021978,0.119658,2.698133,0.021978,-1.047619
-1.195544,-0.007326,0.119658,2.697751,0.007326,-1.052503
-1.195544,-0.007326,0.119658,2.697751,0.007326,-1.052503
-1.195544,0.007328,0.119658,2.697751,-0.007328,-1.047619
-1.195544,-0.007326,0.119658,2.697751,0.007326,-1.052503
-1.195544,-0.007326,0.119658,2.698133,0.007326,-1.052503
-1.195544,-0.007326,0.119658,2.697751,-0.007328,-1.047619
-1.195544,0.007328,0.124542,2.697751,0.007326,-1.047619
-1.195544,-0.007326,0.124542,2.697751,-0.007328,-1.047619
-1.195544,-0.007326,0.119658,2.697751,0.007326,-1.047619
-1.195544,-0.007326,0.119658,2.698133,0.021978,-1.047619
-1.195544,-0.007326,0.119658,2.698133,0.021978,-1.047619
-1.195544,-0.007326,0.124542,2.697751,0.007326,-1.047619
-1.195544,-0.021978,0.124542,2.698133,0.007326,-1.052503
-1.195544,-0.007326,0.124542,2.698133,0.021978,-1.047619
-1.195544,-0.021978,0.124542,2.697751,0.007326,-1.052503
-1.195544,0.007328,0.124542,2.697751,0.007326,-1.052503
-1.195544,-0.007326,0.124542,2.697751,0.007326,-1.052503
-1.195544,-0.007326,0.124542,2.697751,0.007326,-1.052503
-1.195544,-0.021978,0.124542,2.697751,-0.007328,-1.047619
-1.195544,-0.007326,0.124542,2.697751,0.007326,-1.052503
-1.195544,-0.007326,0.124542,2.697751,0.007326,-1.052503
-1.195544,-0.007326,0.124542,2.697751,0.007326,-1.052503
-1.195544,-0.007326,0.119658,2.697751,0.021978,-1.047619
-1.195544,-0.007326,0.119658,2.697751,-0.007328,-1.047619
-1.195544,-0.007326,0.119658,2.697751,0.007326,-1.052503
-1.195544,0.007328,0.124542,2.697751,-0.007328,-1.052503
-1.195544,-0.021978,0.124542,2.697751,0.007326,-1.052503
-1.195544,-0.007326,0.119658,2.697751,0.021978,-1.052503
-1.195544,-0.007326,0.119658,2.697751,0.007326,-1.047619
-1.195544,0.007328,0.124542,2.697751,-0.007328,-1.047619
-1.195544,-0.007326,0.119658,2.697751,0.007326,-1.052503
-1.195544,-0.007326,0.124542,2.697751,0.007326,-1.047619
-1.195544,0.007328,0.124542,2.698133,0.007326,-1.047619
-1.195544,-0.007326,0.124542,2.697751,0.007326,-1.047619
-1.195544,-0.007326,0.124542,2.697751,0.021978,-1.052503
-1.195544,-0.007326,0.119658,2.697751,-0.007328,-1.052503
-1.195544,-0.007326,0.119658,2.697751,0.007326,-1.052503
-1.195544,-0.007326,0.124542,2.697751,-0.007328,-1.047619
-1.195544,-0.007326,0.124542,2.697751,-0.007328,-1.047619
-1.195544,-0.007326,0.124542,2.697751,0.007326,-1.047619
-1.195544,0.007328,0.124542,2.697751,-0.021980,-1.047619
-1.195544,-0.021978,0.124542,2.697751,0.007326,-1.052503
-1.195544,-0.007326,0.119658,2.697751,0.007326,-1.052503
-1.195544,-0.007326,0.119658,2.697751,0.007326,-1.052503
-1.195544,-0.007326,0.124542,2.697751,0.007326,-1.047619
-1.195544,0.007328,0.124542,2.698133,0.021978,-1.047619
-1.195544,0.007328,0.119658,2.697751,-0.007328,-1.047619
-1.195544,0.007328,0.119658,2.697751,0.007326,-1.052503
-1.195544,-0.007326,0.119658,2.697751,0.007326,-1.052503
-1.195544,-0.007326,0.119658,2.697751,-0.007328,-1.047619
-1.195544,-0.007326,0.124542,2.697751,-0.007328,-1.052503
-1.195544,-0.007326,0.124542,2.697751,0.007326,-1.052503
-1.195544,0.007328,0.124542,2.698133,0.007326,-1.052503
-1.195544,-0.021978,0.124542,2.697751,-0.007328,-1.052503
-1.195544,-0.021978,0.124542,2.697751,0.007326,-1.052503
-1.195544,0.007328,0.124542,2.697751,-0.007328,-1.047619
-1.195544,-0.007326,0.119658,2.698133,0.007326,-1.052503
-1.195544,-0.007326,0.119658,2.697751,-0.007328,-1.052503
-1.195544,0.007328,0.124542,2.697751,0.007326,-1.057387
-1.195544,-0.007326,0.119658,2.697751,0.007326,-1.052503
-1.195544,-0.007326,0.119658,2.697751,0.007326,-1.047619
-1.195544,-0.007326,0.124542,2.697751,0.007326,-1.052503
-1.195544,-0.007326,0.124542,2.697751,0.007326,-1.047619
-1.195544,0.021980,0.119658,2.697751,0.007326,-1.052503
-1.195544,0.021980,0.124542,2.697751,0.007326,-1.047619
-1.195544,-0.007326,0.124542,2.697751,0.007326,-1.047619
-1.195544,-0.007326,0.124542,2.697751,0.007326,-1.052503
-1.195544,-0.007326,0.124542,2.697751,0.007326,-1.052503
-1.195544,0.007328,0.124542,2.697751,0.021978,-1.052503
-1.195544,-0.021978,0.124542,2.698133,0.007326,-1.047619
-1.195544,-0.007326,0.124542,2.697751,0.007326,-1.047619
-1.195544,-0.007326,0.124542,2.697751,0.007326,-1.047619
-1.195544,-0.021978,0.124542,2.697751,0.007326,-1.052503
-1.195544,-0.021978,0.124542,2.697751,0.021978,-1.052503
-1.195544,-0.007326,0.124542,2.697751,0.007326,-1.052503
-1.195544,-0.007326,0.124542,2.697751,-0.007328,-1.052503
-1.195544,-0.007326,0.119658,2.697751,0.007326,-1.047619
-1.195544,-0.007326,0.124542,2.697751,0.007326,-1.047619
-1.195544,0.007328,0.124542,2.697751,-0.007328,-1.047619
-1.195544,0.007328,0.124542,2.697751,0.007326,-1.052503
-1.195544,-0.007326,0.124542,2.697751,0.007326,-1.047619
-1.195544,-0.007326,0.124542,2.697751,0.007326,-1.047619
-1.195544,-0.007326,0.124542,2.697751,0.007326,-1.052503
-1.195544,0.007328,0.124542,2.697751,0.007326,-1.052503
-1.195544,0.007328,0.124542,2.698133,0.021978,-1.047619
-1.195544,0.007328,0.124542,2.697751,0.021978,-1.052503
-1.195544,0.007328,0.124542,2.697751,0.007326,-1.047619
-1.195544,-0.007326,0.124542,2.697751,-0.007328,-1.047619
-1.195544,0.007328,0.124542,2.697751,0.007326,-1.052503
-1.195544,-0.021978,0.124542,2.697751,0.007326,-1.052503
-1.195544,-0.007326,0.124542,2.697751,0.007326,-1.052503
-1.195544,-0.007326,0.124542,2.697751,-0.007328,-1.052503
-1.195544,0.007328,0.119658,2.697751,-0.007328,-1.052503
-1.195544,-0.007326,0.119658,2.697751,0.007326,-1.052503
-1.195544,-0.007326,0.124542,2.697751,0.007326,-1.052503
-1.195544,-0.007326,0.119658,2.697751,-0.007328,-1.052503
-1.195544,-0.021978,0.124542,2.698133,0.021978,-1.047619
-1.195544,-0.007326,0.124542,2.697751,0.007326,-1.047619
-1.195544,0.007328,0.119658,2.697751,0.007326,-1.052503
-1.195544,0.007328,0.124542,2.697751,0.021978,-1.052503
-1.195544,0.007328,0.124542,2.697751,0.007326,-1.052503
-1.195544,0.007328,0.124542,2.697751,0.007326,-1.052503
-1.195544,-0.007326,0.119658,2.697751,0.007326,-1.052503
-1.195544,-0.007326,0.124542,2.697751,-0.007328,-1.047619
-1.195544,-0.007326,0.124542,2.697751,0.007326,-1.047619
-1.195544,-0.007326,0.124542,2.697751,0.007326,-1.042735
-1.195544,0.007328,0.124542,2.697751,0.007326,-1.047619
-1.195544,-0.021978,0.124542,2.697751,-0.007328,-1.052503
-1.195544,-0.007326,0.124542,2.697751,0.007326,-1.057387
-1.195544,-0.007326,0.124542,2.698133,0.021978,-1.052503
-1.195544,0.007328,0.124542,2.697751,0.007326,-1.052503
-1.195544,-0.007326,0.124542,2.697751,-0.007328,-1.052503
-1.195544,-0.007326,0.129427,2.697751,0.007326,-1.052503
-1.195544,-0.021978,0.124542,2.697751,-0.007328,-1.047619
-1.195544,-0.007326,0.129427,2.697751,0.021978,-1.052503
-1.195544,0.007328,0.124542,2.697751,-0.007328,-1.047619
-1.195544,0.007328,0.124542,2.698133,0.021978,-1.042735
-1.195544,0.007328,0.124542,2.697751,-0.007328,-1.042735
-1.195544,-0.021978,0.124542,2.697751,0.007326,-1.047619
-1.195544,-0.007326,0.124542,2.697751,0.007326,-1.047619
-1.195544,0.021980,0.124542,2.697751,0.007326,-1.047619
-1.195544,-0.007326,0.124542,2.697751,0.007326,-1.047619
-1.195544,0.007328,0.124542,2.697751,0.007326,-1.052503
-1.195544,-0.007326,0.129427,2.697751,0.007326,-1.052503
-1.195544,-0.007326,0.129427,2.697751,0.007326,-1.052503
-1.195544,0.007328,0.124542,2.697751,0.007326,-1.052503
-1.195544,-0.007326,0.124542,2.697751,0.021978,-1.052503
-1.195544,-0.007326,0.124542,2.697751,-0.007328,-1.052503
-1.195544,0.007328,0.124542,2.698133,0.021978,-1.052503
-1.195544,-0.007326,0.124542,2.697751,0.007326,-1.052503
-1.195544,-0.007326,0.124542,2.697751,0.007326,-1.052503
-1.195544,-0.007326,0.124542,2.697751,0.021978,-1.052503
-1.195544,-0.021978,0.119658,2.698133,0.021978,-1.052503
-1.195544,0.007328,0.124542,2.697751,0.007326,-1.047619
-1.195544,-0.007326,0.119658,2.697751,0.007326,-1.047619
-1.195544,-0.007326,0.124542,2.697751,-0.007328,-1.047619
-1.195544,0.007328,0.119658,2.697751,0.007326,-1.052503
-1.195544,0.007328,0.119658,2.697751,0.007326,-1.052503
-1.195544,-0.021978,0.119658,2.697751,0.007326,-1.052503
-1.195544,-0.021978,0.124542,2.697751,0.007326,-1.047619
-1.195544,-0.007326,0.124542,2.697751,-0.007328,-1.047619
-1.195544,0.007328,0.124542,2.697751,0.007326,-1.047619
-1.195544,-0.007326,0.124542,2.697751,0.007326,-1.047619
-1.195544,0.007328,0.129427,2.697751,0.007326,-1.052503
-1.195544,-0.007326,0.124542,2.697751,0.007326,-1.052503
-1.195544,-0.021978,0.129427,2.697751,-0.007328,-1.052503
-1.195544,-0.007326,0.129427,2.698133,0.021978,-1.052503
-1.195544,-0.007326,0.129427,2.697751,0.007326,-1.047619
-1.195544,0.007328,0.129427,2.698133,0.036631,-1.052503
-1.195544,-0.007326,0.124542,2.697751,-0.007328,-1.052503
-1.195544,-0.007326,0.124542,2.697751,0.021978,-1.052503
-1.195544,-0.007326,0.129427,2.697751,0.007326,-1.052503
-1.195544,-0.007326,0.129427,2.698133,0.021978,-1.052503
-1.195544,-0.021978,0.124542,2.698133,0.021978,-1.047619
-1.195544,-0.007326,0.124542,2.697751,-0.007328,-1.042735
-1.195544,-0.007326,0.124542,2.698133,0.021978,-1.052503
-1.195544,-0.021978,0.129427,2.698133,0.021978,-1.047619
-1.195544,-0.007326,0.124542,2.697751,0.007326,-1.047619
-1.195544,-0.007326,0.124542,2.697751,0.007326,-1.057387
-1.195544,-0.007326,0.124542,2.697751,0.021978,-1.052503
-1.195544,-0.007326,0.124542,2.697751,0.007326,-1.047619
-1.195544,-0.021978,0.124542,2.697751,0.007326,-1.052503
-1.195544,0.007328,0.124542,2.697751,-0.007328,-1.047619
-1.195544,0.007328,0.124542,2.697751,0.007326,-1.042735
-1.195544,-0.021978,0.124542,2.698133,0.007326,-1.042735
-1.195544,0.007328,0.129427,2.697751,-0.007328,-1.042735
-1.195544,-0.007326,0.129427,2.697751,0.021978,-1.047619
-1.195544,-0.007326,0.124542,2.697751,0.007326,-1.047619
-1.195544,-0.021978,0.124542,2.698133,0.007326,-1.047619
-1.195544,-0.007326,0.129427,2.698133,0.021978,-1.047619
-1.195544,-0.007326,0.124542,2.697751,-0.007328,-1.047619
-1.195544,-0.007326,0.124542,2.697751,0.007326,-1.052503
-1.195544,-0.007326,0.129427,2.697751,0.007326,-1.052503
-1.195544,-0.007326,0.124542,2.698133,0.007326,-1.047619
-1.195544,-0.007326,0.124542,2.697751,0.007326,-1.047619
-1.195544,-0.021978,0.124542,2.697751,0.007326,-1.047619
-1.195544,0.007328,0.124542,2.697751,0.021978,-1.052503
-1.195544,0.007328,0.124542,2.697751,0.007326,-1.052503
-1.195544,-0.021978,0.124542,2.697751,-0.007328,-1.047619
-1.195544,-0.021978,0.129427,2.697751,0.007326,-1.047619
-1.195544,-0.007326,0.129427,2.697751,0.007326,-1.052503
-1.195544,-0.007326,0.124542,2.697751,0.021978,-1.052503
-1.195544,-0.007326,0.124542,2.697751,-0.007328,-1.047619
-1.195544,-0.007326,0.129427,2.697751,0.007326,-1.047619
-1.195544,-0.007326,0.124542,2.697751,-0.007328,-1.047619
-1.195544,-0.007326,0.129427,2.697751,0.007326,-1.047619
-1.195544,0.007328,0.129427,2.697751,-0.007328,-1.047619
-1.195544,-0.007326,0.129427,2.697751,0.007326,-1.052503
-1.195544,-0.007326,0.124542,2.697751,-0.007328,-1.047619
-1.195544,0.007328,0.124542,2.697751,-0.007328,-1.052503
-1.195544,-0.007326,0.124542,2.697751,-0.007328,-1.047619
-1.195544,-0.021978,0.129427,2.697751,0.007326,-1.047619
-1.195544,-0.007326,0.124542,2.697751,-0.007328,-1.047619
-1.195544,0.007328,0.124542,2.698133,0.021978,-1.052503
-1.195544,-0.007326,0.129427,2.697751,0.007326,-1.047619
-1.195544,-0.021978,0.124542,2.697751,0.007326,-1.047619
-1.195544,-0.007326,0.129427,2.698133,0.021978,-1.047619
-1.195544,-0.021978,0.124542,2.697751,0.007326,-1.047619
-1.195544,-0.007326,0.124542,2.697751,0.007326,-1.052503
-1.195544,-0.021978,0.124542,2.697751,-0.007328,-1.057387
-1.195544,-0.007326,0.129427,2.697751,0.007326,-1.052503
-1.195544,0.007328,0.129427,2.697751,0.021978,-1.052503
-1.195544,-0.007326,0.129427,2.697751,0.007326,-1.052503
-1.195544,-0.007326,0.124542,2.697751,0.021978,-1.052503
-1.195544,-0.007326,0.124542,2.697751,0.021978,-1.052503
-1.195544,-0.007326,0.124542,2.697751,0.007326,-1.047619
-1.195544,-0.007326,0.124542,2.697751,0.007326,-1.052503
-1.195544,-0.021978,0.124542,2.697751,-0.007328,-1.047619
-1.195544,0.007328,0.124542,2.698133,0.021978,-1.052503
-1.195544,-0.007326,0.124542,2.697751,0.007326,-1.047619
-1.195544,-0.007326,0.124542,2.698133,0.007326,-1.047619
-1.195544,-0.007326,0.129427,2.697751,-0.007328,-1.047619
-1.195544,-0.007326,0.129427,2.697751,0.007326,-1.057387
-1.195544,-0.007326,0.129427,2.698133,0.021978,-1.052503
-1.195544,0.007328,0.129427,2.697751,0.007326,-1.052503
-1.195544,0.007328,0.129427,2.697751,0.007326,-1.047619
-1.195544,-0.021978,0.124542,2.697751,0.007326,-1.047619
-1.195544,-0.021978,0.124542,2.697751,0.007326,-1.052503
-1.195544,-0.021978,0.129427,2.697751,0.007326,-1.052503
-1.195544,-0.007326,0.129427,2.697751,-0.007328,-1.047619
-1.195544,-0.007326,0.124542,2.697751,0.007326,-1.052503
-1.195544,-0.007326,0.129427,2.698133,0.021978,-1.052503
-1.195544,-0.007326,0.129427,2.697751,0.007326,-1.047619
-1.195544,-0.021978,0.124542,2.697751,-0.007328,-1.047619
-1.195544,0.007328,0.124542,2.697751,0.007326,-1.047619
-1.195544,-0.007326,0.124542,2.697751,-0.007328,-1.047619
-1.195544,0.007328,0.124542,2.697751,0.007326,-1.052503
-1.195544,-0.007326,0.124542,2.697751,0.007326,-1.052503
-1.195544,-0.007326,0.129427,2.697751,-0.007328,-1.047619
-1.195544,0.007328,0.129427,2.697751,0.007326,-1.052503
-1.195544,-0.007326,0.129427,2.697751,0.007326,-1.047619
-1.195544,-0.036631,0.124542,2.698133,0.021978,-1.052503
-1.195544,-0.007326,0.129427,2.697751,-0.007328,-1.052503
-1.195544,-0.007326,0.129427,2.697751,-0.007328,-1.052503
-1.195544,0.007328,0.124542,2.698133,0.036631,-1.052503
-1.195544,-0.007326,0.124542,2.698133,0.021978,-1.042735
-1.195544,-0.007326,0.129427,2.697751,-0.007328,-1.042735
-1.195544,-0.021978,0.129427,2.697751,-0.021980,-1.042735
-1.195544,-0.007326,0.129427,2.698133,0.021978,-1.047619
-1.195544,-0.021978,0.129427,2.697751,0.007326,-1.052503
-1.195544,-0.007326,0.129427,2.697751,0.007326,-1.052503
-1.195544,-0.007326,0.124542,2.697751,0.007326,-1.047619
-1.195544,-0.007326,0.124542,2.698133,0.021978,-1.052503
-1.195544,-0.021978,0.124542,2.697751,-0.007328,-1.047619
-1.195544,-0.007326,0.124542,2.697751,-0.007328,-1.047619
-1.195544,-0.021978,0.124542,2.697751,-0.007328,-1.052503
-1.195544,-0.007326,0.129427,2.697751,0.007326,-1.052503
-1.195544,-0.007326,0.124542,2.697751,0.007326,-1.052503
-1.195544,-0.007326,0.129427,2.698133,0.021978,-1.052503
-1.195544,-0.007326,0.129427,2.697751,-0.007328,-1.052503
-1.195544,0.007328,0.124542,2.697751,0.007326,-1.052503
-1.195544,0.007328,0.124542,2.697751,0.007326,-1.052503
-1.195544,-0.021978,0.124542,2.697751,-0.007328,-1.052503
-1.195544,-0.007326,0.129427,2.697751,-0.007328,-1.052503
-1.195544,0.007328,0.124542,2.697751,0.007326,-1.052503
-1.195544,0.007328,0.124542,2.697751,0.007326,-1.047619
-1.195544,-0.007326,0.124542,2.697751,0.007326,-1.047619
-1.195544,-0.021978,0.124542,2.697751,0.007326,-1.047619
-1.195544,-0.007326,0.124542,2.697751,0.007326,-1.047619
-1.195544,-0.007326,0.124542,2.697751,0.007326,-1.047619
-1.195544,-0.021978,0.129427,2.697751,0.007326,-1.052503
-1.195544,-0.007326,0.129427,2.697751,0.021978,-1.052503
-1.195544,0.007328,0.124542,2.698133,0.036631,-1.052503
-1.195544,-0.007326,0.124542,2.697751,0.007326,-1.052503
-1.195544,-0.007326,0.124542,2.697751,0.007326,-1.052503
-1.195544,-0.021978,0.124542,2.697751,0.007326,-1.052503
-1.195544,-0.007326,0.129427,2.697751,-0.007328,-1.057387
-1.195544,-0.021978,0.129427,2.697751,-0.007328,-1.057387
-1.195544,0.007328,0.129427,2.697751,0.007326,-1.062271
-1.195544,-0.007326,0.129427,2.698133,0.021978,-1.062271
-1.195544,-0.007326,0.124542,2.697751,0.007326,-1.057387
-1.195544,-0.007326,0.129427,2.697751,0.007326,-1.052503
-1.195544,-0.007326,0.129427,2.697751,0.007326,-1.052503
-1.195544,-0.007326,0.129427,2.697751,0.021978,-1.052503
-1.195544,-0.007326,0.129427,2.697751,0.007326,-1.047619
-1.195544,-0.007326,0.129427,2.697751,0.007326,-1.047619
-1.195544,-0.007326,0.124542,2.697751,0.007326,-1.047619
-1.195544,0.007328,0.124542,2.697751,0.007326,-1.052503
-1.195544,-0.007326,0.124542,2.697751,0.021978,-1.047619
-1.195544,0.007328,0.124542,2.697751,-0.007328,-1.047619
-1.195544,-0.007326,0.129427,2.697751,0.007326,-1.052503
-1.195544,-0.007326,0.129427,2.697751,0.007326,-1.057387
-1.195544,-0.021978,0.124542,2.697751,0.021978,-1.052503
-1.195544,-0.007326,0.124542,2.697751,-0.007328,-1.052503
-1.195544,-0.007326,0.129427,2.698133,0.021978,-1.052503
-1.195544,-0.007326,0.129427,2.697751,0.007326,-1.047619
-1.195544,-0.007326,0.124542,2.697751,0.007326,-1.042735
-1.195544,0.007328,0.129427,2.697751,0.007326,-1.047619
-1.195544,-0.021978,0.129427,2.697751,0.007326,-1.047619
-1.195544,0.007328,0.129427,2.698133,0.021978,-1.052503
-1.195544,-0.021978,0.124542,2.697751,-0.007328,-1.052503
-1.195544,-0.007326,0.129427,2.697751,-0.021980,-1.052503
-1.195544,-0.007326,0.124542,2.698133,0.021978,-1.052503
-1.195544,-0.021978,0.129427,2.698133,0.021978,-1.052503
-1.195544,0.007328,0.129427,2.698133,0.007326,-1.052503
-1.195544,-0.007326,0.129427,2.697751,0.007326,-1.052503
-1.195544,-0.021978,0.124542,2.697751,0.021978,-1.052503
-1.195544,-0.021978,0.129427,2.697751,0.007326,-1.052503
-1.195544,-0.007326,0.124542,2.698133,0.007326,-1.052503
-1.195544,-0.021978,0.129427,2.697751,0.007326,-1.052503
-1.195544,-0.007326,0.124542,2.697751,0.007326,-1.047619
-1.195544,-0.007326,0.124542,2.697751,0.007326,-1.052503
-1.195544,-0.021978,0.124542,2.697751,-0.007328,-1.052503
-1.195544,-0.007326,0.124542,2.697751,-0.007328,-1.047619
-1.195544,-0.007326,0.129427,2.697751,0.007326,-1.052503
-1.195544,-0.007326,0.124542,2.697751,0.007326,-1.052503
-1.195544,-0.007326,0.124542,2.697751,0.007326,-1.052503
-1.195544,0.007328,0.124542,2.697751,-0.007328,-1.047619
-1.195544,-0.007326,0.129427,2.697751,0.007326,-1.057387
-1.195544,0.021980,0.124542,2.697751,-0.007328,-1.052503
-1.195544,0.007328,0.124542,2.697751,0.007326,-1.052503
-1.195544,-0.007326,0.124542,2.697751,0.007326,-1.047619
-1.195544,-0.007326,0.124542,2.697751,0.007326,-1.057387
-1.195544,-0.007326,0.124542,2.697751,0.021978,-1.052503
-1.195544,-0.021978,0.124542,2.697751,0.007326,-1.052503
-1.195544,-0.007326,0.129427,2.697751,-0.007328,-1.047619
-1.195544,-0.007326,0.124542,2.697751,0.007326,-1.047619
-1.195544,-0.007326,0.124542,2.697751,-0.007328,-1.047619
-1.195544,0.007328,0.124542,2.697751,0.021978,-1.052503
-1.195544,-0.007326,0.124542,2.697751,0.007326,-1.052503
-1.195544,-0.007326,0.129427,2.698133,0.021978,-1.047619
-1.195544,-0.007326,0.129427,2.697751,0.007326,-1.047619
-1.195544,0.007328,0.129427,2.697751,0.007326,-1.052503
-1.195544,-0.007326,0.124542,2.697751,0.007326,-1.052503
-1.195544,0.007328,0.129427,2.697751,0.021978,-1.052503
-1.195544,0.007328,0.124542,2.697751,0.007326,-1.052503
-1.195544,-0.007326,0.124542,2.697751,0.007326,-1.052503
-1.195544,-0.007326,0.129427,2.698133,0.021978,-1.052503
-1.195544,-0.007326,0.124542,2.697751,0.007326,-1.047619
-1.195544,-0.007326,0.124542,2.698133,0.021978,-1.047619
-1.195544,-0.007326,0.124542,2.698133,0.021978,-1.047619
-1.195544,-0.007326,0.124542,2.697751,0.007326,-1.047619
-1.195544,-0.007326,0.129427,2.697751,-0.007328,-1.052503
-1.195544,-0.021978,0.124542,2.697751,0.007326,-1.052503
-1.195544,0.007328,0.129427,2.697751,-0.007328,-1.052503
-1.195544,-0.007326,0.129427,2.697751,0.007326,-1.047619
-1.195544,-0.007326,0.124542,2.697751,0.007326,-1.052503
-1.195544,-0.036631,0.124542,2.697751,0.007326,-1.052503
-1.195544,-0.007326,0.129427,2.697751,0.007326,-1.047619
-1.195544,-0.007326,0.124542,2.697751,0.007326,-1.047619
-1.195544,0.007328,0.129427,2.697751,0.007326,-1.052503
-1.195544,-0.007326,0.124542,2.697751,0.007326,-1.052503
-1.195544,-0.021978,0.124542,2.698133,0.021978,-1.052503
-1.195544,-0.007326,0.124542,2.697751,0.007326,-1.047619
-1.195544,-0.007326,0.129427,2.697751,-0.007328,-1.052503
-1.195544,0.007328,0.129427,2.697751,0.021978,-1.057387
-1.195544,-0.021978,0.129427,2.697751,0.021978,-1.057387
-1.195544,-0.021978,0.129427,2.697751,0.007326,-1.052503
-1.195544,-0.007326,0.129427,2.697751,0.007326,-1.052503
-1.195544,-0.007326,0.129427,2.697751,0.021978,-1.047619
-1.195544,-0.007326,0.129427,2.697751,0.007326,-1.042735
-1.195544,-0.007326,0.129427,2.698133,0.021978,-1.042735
-1.195544,-0.007326,0.129427,2.697751,0.007326,-1.042735
-1.195544,-0.007326,0.129427,2.698133,0.021978,-1.047619
-1.195544,-0.021978,0.124542,2.698133,0.021978,-1.047619
-1.195544,-0.007326,0.124542,2.697751,-0.007328,-1.047619
-1.195544,-0.007326,0.124542,2.697751,0.007326,-1.052503
-1.195544,-0.007326,0.129427,2.697751,0.007326,-1.052503
-1.195544,-0.007326,0.129427,2.698133,0.036631,-1.052503
-1.195544,-0.007326,0.129427,2.697751,0.007326,-1.047619
-1.195544,0.007328,0.124542,2.697751,0.007326,-1.052503
-1.195544,-0.021978,0.124542,2.697751,0.007326,-1.052503
-1.195544,-0.021978,0.129427,2.697751,0.007326,-1.047619
-1.195544,-0.007326,0.124542,2.697751,-0.007328,-1.052503
-1.195544,-0.007326,0.129427,2.698133,0.021978,-1.057387
-1.195544,0.007328,0.124542,2.697751,0.007326,-1.052503
-1.195544,-0.007326,0.124542,2.697751,0.007326,-1.052503
-1.195544,-0.007326,0.124542,2.698133,0.021978,-1.047619
-1.195544,-0.021978,0.124542,2.697751,0.007326,-1.047619
-1.195544,-0.021978,0.124542,2.697751,-0.007328,-1.047619
-1.195544,0.007328,0.129427,2.697751,0.007326,-1.052503
-1.195544,-0.007326,0.129427,2.697751,0.007326,-1.047619
-1.195544,-0.007326,0.129427,2.697751,0.021978,-1.047619
-1.195544,-0.007326,0.124542,2.697751,-0.007328,-1.042735
-1.195544,-0.007326,0.129427,2.698133,0.021978,-1.047619
-1.195544,-0.021978,0.129427,2.697751,-0.007328,-1.047619
-1.195544,-0.007326,0.124542,2.697751,0.007326,-1.052503
-1.195544,-0.007326,0.129427,2.697751,0.007326,-1.052503
-1.195544,-0.007326,0.129427,2.698133,0.021978,-1.047619
-1.195544,-0.021978,0.129427,2.697751,0.021978,-1.052503
-1.195544,-0.007326,0.129427,2.697751,0.007326,-1.047619
-1.195544,-0.007326,0.129427,2.697751,-0.007328,-1.052503
-1.195544,-0.007326,0.129427,2.697751,-0.007328,-1.052503
-1.195544,0.007328,0.129427,2.697751,0.021978,-1.052503
-1.195544,-0.007326,0.129427,2.697751,-0.007328,-1.047619
-1.195544,-0.007326,0.129427,2.698133,0.021978,-1.042735
-1.195544,0.007328,0.124542,2.697751,0.007326,-1.042735
-1.195544,-0.021978,0.124542,2.697751,0.007326,-1.047619
-1.195544,-0.007326,0.129427,2.697751,0.007326,-1.047619
-1.195544,-0.007326,0.129427,2.697751,-0.007328,-1.047619
-1.195544,-0.007326,0.124542,2.697751,0.007326,-1.042735
-1.195544,0.007328,0.129427,2.698133,0.021978,-1.047619
-1.195544,-0.021978,0.129427,2.697751,0.007326,-1.047619
-1.195544,-0.021978,0.124542,2.697751,0.007326,-1.047619
-1.195544,-0.007326,0.124542,2.697751,0.007326,-1.047619
-1.195544,-0.007326,0.124542,2.698133,0.021978,-1.047619
-1.195544,-0.007326,0.124542,2.697751,-0.007328,-1.047619
-1.195544,-0.007326,0.124542,2.697751,-0.007328,-1.047619
-1.195544,-0.007326,0.124542,2.697751,-0.007328,-1.047619
-1.195544,-0.007326,0.124542,2.697751,0.007326,-1.052503
-1.195544,-0.021978,0.124542,2.697751,0.007326,-1.052503
-1.195544,-0.007326,0.124542,2.697751,0.007326,-1.052503
-1.195544,-0.007326,0.129427,2.697751,0.007326,-1.052503
-1.195544,-0.007326,0.129427,2.697751,0.021978,-1.057387
-1.195544,-0.007326,0.129427,2.697751,-0.007328,-1.052503
-1.195544,-0.007326,0.129427,2.698133,0.007326,-1.052503
-1.195544,0.007328,0.124542,2.698133,0.021978,-1.057387
-1.195544,-0.021978,0.129427,2.697751,0.007326,-1.057387
-1.195544,-0.007326,0.124542,2.698133,0.007326,-1.052503
-1.195544,-0.007326,0.124542,2.697751,0.021978,-1.047619
-1.195544,-0.007326,0.124542,2.697751,-0.007328,-1.047619
-1.195544,-0.021978,0.124542,2.697751,0.007326,-1.052503
-1.195544,-0.007326,0.129427,2.697751,0.007326,-1.047619
-1.195544,-0.007326,0.124542,2.697751,0.007326,-1.047619
-1.195544,0.007328,0.124542,2.698133,0.021978,-1.042735
-1.195544,-0.007326,0.124542,2.698133,0.021978,-1.047619
-1.195544,-0.007326,0.124542,2.697751,-0.007328,-1.042735
-1.195544,-0.007326,0.124542,2.697751,-0.007328,-1.052503
-1.195544,0.007328,0.124542,2.697751,-0.007328,-1.057387
-1.195544,-0.007326,0.124542,2.697751,0.007326,-1.052503
-1.195544,-0.007326,0.124542,2.697751,-0.007328,-1.047619
-1.195544,-0.021978,0.129427,2.697751,0.007326,-1.047619
-1.195544,-0.021978,0.129427,2.697751,0.007326,-1.047619
-1.195544,-0.007326,0.129427,2.697751,0.007326,-1.047619
-1.195544,-0.021978,0.129427,2.698133,0.021978,-1.047619
-1.195544,-0.007326,0.129427,2.697751,-0.007328,-1.052503
-1.195544,-0.021978,0.124542,2.698133,0.007326,-1.052503
-1.195544,-0.007326,0.129427,2.698133,0.007326,-1.047619
-1.195544,-0.007326,0.124542,2.697751,0.007326,-1.047619
-1.195544,-0.036631,0.129427,2.697751,0.007326,-1.052503
-1.195544,-0.007326,0.124542,2.697751,0.007326,-1.047619
-1.195544,0.007328,0.124542,2.697751,-0.007328,-1.047619
-1.195544,-0.007326,0.129427,2.697751,0.007326,-1.052503
-1.195544,-0.007326,0.129427,2.697751,-0.007328,-1.047619
-1.195544,-0.007326,0.129427,2.697751,0.007326,-1.047619
-1.195544,0.007328,0.124542,2.697751,0.007326,-1.047619
-1.195544,-0.021978,0.124542,2.697751,-0.007328,-1.047619
-1.195544,-0.007326,0.129427,2.697751,0.007326,-1.047619
-1.195544,-0.021978,0.124542,2.697751,0.021978,-1.052503
-1.195544,-0.007326,0.124542,2.697751,0.007326,-1.047619
-1.195544,-0.007326,0.129427,2.697751,0.007326,-1.047619
-1.195544,-0.007326,0.124542,2.697751,0.007326,-1.047619
-1.195544,-0.007326,0.124542,2.697751,0.007326,-1.047619
-1.195544,-0.007326,0.129427,2.698133,0.021978,-1.042735
-1.195544,0.007328,0.124542,2.697751,-0.007328,-1.037851
-1.195544,-0.007326,0.129427,2.698133,0.007326,-1.042735
-1.195544,0.007328,0.129427,2.697751,-0.007328,-1.042735
-1.195544,-0.021978,0.129427,2.697751,0.007326,-1.042735
-1.195544,0.007328,0.129427,2.697751,0.007326,-1.042735
-1.195544,-0.007326,0.124542,2.697751,-0.007328,-1.047619
-1.195544,-0.007326,0.124542,2.697751,-0.007328,-1.047619
-1.195544,0.007328,0.124542,2.698133,0.021978,-1.052503
-1.195544,-0.007326,0.129427,2.697751,0.007326,-1.047619
-1.195544,-0.007326,0.124542,2.697751,0.007326,-1.047619
-1.195544,-0.007326,0.124542,2.697751,0.007326,-1.047619
-1.195544,-0.007326,0.124542,2.697751,-0.007328,-1.047619
-1.195544,-0.007326,0.124542,2.698133,0.021978,-1.052503
-1.195544,-0.021978,0.124542,2.697751,0.007326,-1.047619
-1.195544,0.007328,0.124542,2.698133,0.021978,-1.047619
-1.195544,-0.007326,0.124542,2.697751,0.007326,-1.042735
-1.195544,0.007328,0.124542,2.697751,-0.007328,-1.047619
-1.195544,-0.021978,0.129427,2.697751,0.007326,-1.047619
-1.195544,-0.007326,0.129427,2.697751,-0.007328,-1.047619
-1.195544,-0.021978,0.129427,2.697751,0.007326,-1.052503
-1.195544,-0.007326,0.124542,2.697751,-0.007328,-1.052503
-1.195544,-0.007326,0.129427,2.697751,-0.007328,-1.052503
-1.195544,-0.007326,0.129427,2.698133,0.007326,-1.047619
-1.195544,-0.007326,0.129427,2.698133,0.021978,-1.052503
-1.195544,-0.007326,0.129427,2.697751,0.007326,-1.052503
-1.195544,-0.007326,0.129427,2.697751,-0.007328,-1.052503
-1.195544,0.007328,0.124542,2.697751,-0.007328,-1.052503
-1.195544,-0.007326,0.129427,2.697751,0.007326,-1.052503
-1.195544,-0.007326,0.129427,2.697751,0.007326,-1.047619
-1.195544,-0.007326,0.129427,2.697751,0.021978,-1.052503
-1.195544,-0.007326,0.129427,2.697751,0.007326,-1.047619
-1.195544,-0.007326,0.124542,2.697751,0.007326,-1.047619
-1.195544,-0.007326,0.124542,2.697751,-0.007328,-1.052503
-1.195544,-0.007326,0.124542,2.697751,0.007326,-1.052503
-1.195544,0.007328,0.124542,2.697751,0.007326,-1.052503
-1.195544,-0.007326,0.124542,2.697751,-0.007328,-1.052503
-1.195544,-0.021978,0.129427,2.697751,0.007326,-1.047619
-1.195544,-0.007326,0.129427,2.697751,0.007326,-1.052503
-1.195544,-0.007326,0.129427,2.697751,0.007326,-1.047619
-1.195544,-0.021978,0.124542,2.697751,0.007326,-1.047619
-1.195544,-0.007326,0.124542,2.697751,-0.007328,-1.042735
-1.195544,-0.007326,0.124542,2.697751,0.007326,-1.047619
-1.195544,-0.007326,0.124542,2.697751,0.007326,-1.052503
-1.195544,-0.007326,0.124542,2.697751,0.007326,-1.052503
-1.195544,-0.007326,0.129427,2.698133,0.021978,-1.047619
-1.195544,-0.007326,0.129427,2.697751,-0.007328,-1.047619
-1.195544,-0.007326,0.129427,2.697751,-0.007328,-1.052503
-1.195544,-0.021978,0.124542,2.697751,0.007326,-1.052503
-1.195544,-0.007326,0.124542,2.697751,0.007326,-1.052503
-1.195544,0.007328,0.124542,2.697751,-0.007328,-1.057387
-1.195544,-0.007326,0.129427,2.697751,0.007326,-1.057387
-1.195544,-0.021978,0.129427,2.697751,0.007326,-1.052503
-1.195544,0.007328,0.124542,2.698133,0.021978,-1.052503
-1.195544,-0.021978,0.129427,2.697751,0.007326,-1.047619
-1.195544,0.007328,0.129427,2.698133,0.021978,-1.047619
-1.195544,-0.007326,0.129427,2.698133,0.021978,-1.042735
-1.195544,-0.007326,0.129427,2.697751,-0.007328,-1.047619
-1.195544,-0.007326,0.124542,2.697751,0.007326,-1.047619
-1.195544,-0.007326,0.129427,2.697751,0.007326,-1.047619
-1.195544,-0.007326,0.129427,2.697751,0.007326,-1.052503
-1.195544,-0.007326,0.124542,2.698133,0.021978,-1.047619
-1.195544,0.007328,0.124542,2.697751,0.007326,-1.042735
-1.195544,-0.021978,0.129427,2.698133,0.021978,-1.042735
-1.195544,-0.007326,0.129427,2.698133,0.007326,-1.042735
-1.195544,-0.007326,0.124542,2.697751,-0.007328,-1.047619
-1.195544,-0.007326,0.129427,2.697751,-0.007328,-1.052503
-1.195544,0.007328,0.129427,2.697751,0.007326,-1.052503
-1.195544,-0.007326,0.129427,2.698133,0.036631,-1.052503
-1.195544,-0.007326,0.129427,2.698133,0.007326,-1.047619
-1.195544,-0.007326,0.124542,2.697751,-0.007328,-1.052503
-1.195544,-0.021978,0.124542,2.697751,0.007326,-1.057387
-1.195544,-0.007326,0.129427,2.697751,0.007326,-1.057387
-1.195544,-0.021978,0.124542,2.697751,0.007326,-1.057387
-1.195544,0.007328,0.129427,2.697751,0.007326,-1.052503
-1.195544,-0.021978,0.129427,2.697751,0.007326,-1.052503
-1.195544,0.007328,0.129427,2.697751,-0.007328,-1.047619
-1.195544,-0.007326,0.124542,2.697751,-0.007328,-1.052503
-1.195544,-0.007326,0.129427,2.697751,0.007326,-1.057387
-1.195544,0.007328,0.124542,2.698133,0.021978,-1.052503
-1.195544,-0.007326,0.129427,2.697751,0.007326,-1.047619
-1.195544,0.007328,0.129427,2.697751,0.007326,-1.042735
-1.195544,-0.021978,0.129427,2.697751,0.007326,-1.042735
-1.195544,-0.007326,0.129427,2.697751,0.007326,-1.042735
-1.195544,-0.007326,0.124542,2.698133,0.021978,-1.042735
-1.195544,-0.007326,0.124542,2.698133,0.036631,-1.047619
-1.195544,-0.007326,0.124542,2.697751,0.007326,-1.042735
-1.195544,-0.007326,0.129427,2.697751,0.007326,-1.047619
-1.195544,-0.007326,0.129427,2.697751,-0.007328,-1.047619
-1.195544,-0.007326,0.129427,2.697751,0.007326,-1.052503
-1.195544,-0.007326,0.129427,2.698133,0.021978,-1.052503
-1.195544,-0.007326,0.124542,2.697751,0.007326,-1.052503
-1.195544,-0.007326,0.124542,2.697751,0.007326,-1.052503
-1.195544,-0.021978,0.129427,2.697751,0.007326,-1.052503
-1.195544,0.007328,0.129427,2.698133,0.021978,-1.057387
-1.195544,-0.007326,0.129427,2.697751,-0.007328,-1.047619
-1.195544,0.007328,0.129427,2.697751,0.007326,-1.052503
-1.195544,0.007328,0.129427,2.698133,0.007326,-1.052503
-1.195544,-0.021978,0.129427,2.697751,-0.007328,-1.052503
-1.195544,0.007328,0.129427,2.697751,0.007326,-1.052503
-1.195544,-0.007326,0.129427,2.698133,0.021978,-1.057387
-1.195544,-0.007326,0.129427,2.697751,0.007326,-1.052503
-1.195544,-0.007326,0.129427,2.697751,0.007326,-1.052503
-1.195544,-0.021978,0.129427,2.697751,0.007326,-1.052503
-1.195544,0.007328,0.124542,2.698133,0.021978,-1.057387
-1.195544,-0.007326,0.124542,2.697751,0.007326,-1.052503
-1.195544,-0.007326,0.129427,2.698133,0.021978,-1.047619
-1.195544,-0.007326,0.129427,2.697751,0.007326,-1.052503
-1.195544,-0.007326,0.124542,2.698133,0.021978,-1.052503
-1.195544,-0.007326,0.129427,2.697751,-0.007328,-1.047619
-1.195544,0.021980,0.129427,2.697751,-0.007328,-1.047619
-1.195544,-0.007326,0.129427,2.698133,0.007326,-1.047619
-1.195544,-0.021978,0.129427,2.697751,-0.007328,-1.042735
-1.195544,-0.007326,0.124542,2.697751,-0.007328,-1.047619
-1.195544,-0.007326,0.129427,2.698133,0.021978,-1.057387
-1.195544,-0.007326,0.124542,2.698133,0.021978,-1.052503
-1.195544,-0.007326,0.124542,2.698133,0.021978,-1.047619
-1.195544,-0.007326,0.124542,2.697751,-0.007328,-1.047619
-1.195544,-0.007326,0.124542,2.697751,0.007326,-1.052503
-1.195544,-0.021978,0.124542,2.697751,0.007326,-1.052503
-1.195544,-0.007326,0.124542,2.697751,0.007326,-1.052503
-1.195544,-0.007326,0.124542,2.697751,-0.007328,-1.052503
-1.195544,-0.007326,0.124542,2.697751,0.007326,-1.052503
-1.195544,-0.021978,0.124542,2.697751,0.007326,-1.052503
-1.195544,0.007328,0.129427,2.697751,0.007326,-1.052503
-1.195544,-0.007326,0.124542,2.698133,0.021978,-1.047619
-1.195544,-0.007326,0.129427,2.697751,0.021978,-1.042735
-1.195544,-0.007326,0.129427,2.697751,-0.007328,-1.042735
-1.195544,-0.007326,0.129427,2.697751,0.007326,-1.047619
-1.195544,-0.021978,0.124542,2.697751,0.007326,-1.052503
-1.195544,-0.007326,0.124542,2.698133,0.021978,-1.052503
-1.195544,0.007328,0.124542,2.697751,0.007326,-1.047619
-1.195544,-0.021978,0.129427,2.697751,-0.007328,-1.047619
-1.195544,0.007328,0.124542,2.697751,-0.007328,-1.052503
-1.195544,-0.021978,0.124542,2.697751,0.007326,-1.047619
-1.195544,-0.007326,0.129427,2.697751,0.007326,-1.047619
-1.195544,-0.007326,0.124542,2.697751,0.007326,-1.042735
-1.195544,0.007328,0.129427,2.697751,0.007326,-1.047619
-1.195544,0.007328,0.129427,2.697751,-0.007328,-1.047619
-1.195544,-0.021978,0.129427,2.697751,0.007326,-1.057387
-1.195544,-0.007326,0.129427,2.698133,0.021978,-1.057387
-1.195544,-0.007326,0.129427,2.697751,0.007326,-1.052503
-1.195544,-0.007326,0.129427,2.697751,0.007326,-1.047619
-1.195544,-0.007326,0.124542,2.698133,0.021978,-1.042735
-1.195544,-0.007326,0.124542,2.697751,0.007326,-1.047619
-1.195544,-0.007326,0.124542,2.697751,0.007326,-1.047619
-1.195544,-0.021978,0.124542,2.697751,0.007326,-1.052503
-1.195544,-0.007326,0.124542,2.697751,0.007326,-1.047619
-1.195544,0.007328,0.124542,2.697751,0.007326,-1.057387
-1.195544,0.007328,0.124542,2.698133,0.021978,-1.057387
-1.195544,-0.007326,0.129427,2.697751,0.007326,-1.052503
-1.195544,0.007328,0.124542,2.697751,-0.007328,-1.047619
-1.195544,-0.007326,0.129427,2.697751,-0.007328,-1.052503
-1.195544,-0.021978,0.124542,2.697751,0.007326,-1.057387
-1.195544,0.007328,0.124542,2.697751,0.021978,-1.052503
-1.195544,-0.007326,0.124542,2.697751,0.007326,-1.052503
-1.195544,-0.021978,0.129427,2.697751,0.007326,-1.052503
-1.195544,-0.021978,0.129427,2.698133,0.021978,-1.052503
-1.195544,-0.007326,0.129427,2.697751,-0.007328,-1.052503
-1.195544,-0.007326,0.129427,2.697751,-0.007328,-1.052503
-1.195544,-0.007326,0.129427,2.697751,0.007326,-1.047619
-1.195544,-0.007326,0.124542,2.698133,0.021978,-1.047619
-1.195544,0.007328,0.124542,2.697751,-0.007328,-1.052503
-1.195544,-0.036631,0.124542,2.697751,0.007326,-1.052503
-1.195544,-0.007326,0.124542,2.697751,-0.007328,-1.047619
-1.195544,-0.007326,0.129427,2.697751,0.007326,-1.047619
-1.195544,0.007328,0.129427,2.697751,0.007326,-1.047619
-1.195544,-0.007326,0.129427,2.698133,0.021978,-1.047619
-1.195544,-0.021978,0.129427,2.697751,0.007326,-1.042735
-1.195544,0.007328,0.124542,2.698133,0.021978,-1.047619
-1.195544,-0.007326,0.129427,2.697751,0.007326,-1.047619
-1.195544,-0.007326,0.129427,2.698133,0.021978,-1.052503
-1.195544,-0.007326,0.129427,2.697751,0.007326,-1.047619
-1.195544,-0.007326,0.129427,2.697751,-0.007328,-1.047619
-1.195544,0.021980,0.129427,2.698133,0.021978,-1.052503
-1.195544,-0.021978,0.129427,2.697751,0.007326,-1.047619
-1.195544,-0.007326,0.129427,2.697751,0.007326,-1.047619
-1.195544,0.007328,0.129427,2.697751,-0.007328,-1.047619
-1.195544,0.007328,0.129427,2.698133,0.021978,-1.047619
-1.195544,0.007328,0.129427,2.697751,0.007326,-1.047619
-1.195544,-0.021978,0.124542,2.697751,0.007326,-1.047619
-1.195544,-0.007326,0.124542,2.697751,0.007326,-1.047619
-1.195544,-0.007326,0.124542,2.697751,0.007326,-1.052503
-1.195544,-0.007326,0.124542,2.697751,0.007326,-1.057387
-1.195544,-0.021978,0.124542,2.698133,0.021978,-1.057387
-1.195544,0.007328,0.129427,2.697751,0.007326,-1.057387
-1.195544,-0.007326,0.129427,2.697751,0.007326,-1.057387
-1.195544,-0.007326,0.129427,2.697751,-0.007328,-1.052503
-1.195544,0.007328,0.129427,2.697751,0.007326,-1.052503
-1.195544,0.007328,0.129427,2.697751,-0.007328,-1.052503
-1.195544,-0.007326,0.124542,2.697751,0.007326,-1.052503
-1.195544,0.007328,0.124542,2.698133,0.021978,-1.047619
-1.195544,-0.007326,0.124542,2.698133,0.021978,-1.052503
-1.195544,-0.007326,0.124542,2.697751,-0.007328,-1.047619
-1.195544,-0.021978,0.124542,2.697751,0.007326,-1.057387
-1.195544,-0.021978,0.129427,2.697751,-0.021980,-1.052503
-1.195544,-0.021978,0.124542,2.697751,0.007326,-1.052503
-1.195544,-0.007326,0.124542,2.697751,0.007326,-1.052503
-1.195544,0.007328,0.124542,2.697751,0.007326,-1.052503
-1.195544,-0.007326,0.129427,2.697751,0.007326,-1.052503
-1.195544,-0.007326,0.129427,2.697751,-0.007328,-1.047619
-1.195544,-0.021978,0.129427,2.697751,0.007326,-1.047619
-1.195544,-0.007326,0.129427,2.697751,-0.007328,-1.047619
-1.195544,-0.007326,0.124542,2.697751,0.007326,-1.052503
-1.195544,-0.007326,0.129427,2.697751,0.007326,-1.052503
-1.195544,-0.007326,0.124542,2.698133,0.007326,-1.052503
-1.195544,0.007328,0.124542,2.697751,0.007326,-1.047619
-1.195544,-0.021978,0.129427,2.697751,0.007326,-1.052503
-1.195544,-0.021978,0.124542,2.698133,0.021978,-1.052503
-1.195544,-0.007326,0.129427,2.697751,-0.007328,-1.047619
-1.195544,-0.007326,0.129427,2.697751,0.007326,-1.042735
-1.195544,0.007328,0.129427,2.698133,0.007326,-1.042735
-1.195544,-0.021978,0.129427,2.698133,0.021978,-1.047619
-1.195544,-0.007326,0.129427,2.697751,0.007326,-1.047619
-1.195544,-0.007326,0.129427,2.697751,0.007326,-1.052503
-1.195544,-0.007326,0.129427,2.697751,0.007326,-1.052503
-1.195544,-0.007326,0.124542,2.697751,-0.007328,-1.047619
-1.195544,-0.007326,0.129427,2.697751,0.007326,-1.047619
-1.195544,0.007328,0.124542,2.697751,0.021978,-1.052503
-1.195544,0.007328,0.129427,2.697751,0.007326,-1.052503
-1.195544,-0.007326,0.129427,2.697751,0.007326,-1.052503
-1.195544,-0.007326,0.129427,2.697751,0.007326,-1.047619
-1.195544,-0.007326,0.124542,2.697751,0.007326,-1.047619
-1.195544,-0.007326,0.124542,2.698133,0.007326,-1.052503
-1.195544,-0.021978,0.124542,2.698133,0.007326,-1.052503
-1.195544,-0.007326,0.129427,2.697751,0.007326,-1.052503
-1.195544,-0.021978,0.124542,2.697751,-0.007328,-1.052503
-1.195544,-0.007326,0.129427,2.697751,-0.007328,-1.052503
-1.195544,0.007328,0.129427,2.697751,0.007326,-1.057387
-1.195544,-0.007326,0.124542,2.697751,0.007326,-1.057387
-1.195544,-0.007326,0.129427,2.697751,0.007326,-1.052503
-1.195544,-0.007326,0.124542,2.697751,0.007326,-1.052503
-1.195544,-0.007326,0.124542,2.698133,0.021978,-1.047619
-1.195544,-0.007326,0.129427,2.697751,0.007326,-1.047619
-1.195544,-0.007326,0.129427,2.697751,0.007326,-1.047619
-1.195544,-0.007326,0.129427,2.698133,0.021978,-1.047619
-1.195544,-0.007326,0.124542,2.697751,0.007326,-1.047619
-1.195544,-0.021978,0.124542,2.697751,-0.021980,-1.047619
-1.195544,-0.021978,0.124542,2.698133,0.007326,-1.052503
-1.195544,0.007328,0.129427,2.697751,0.007326,-1.047619
-1.195544,-0.007326,0.129427,2.697751,0.007326,-1.052503
-1.195544,-0.007326,0.129427,2.698133,0.021978,-1.052503
-1.195544,-0.007326,0.124542,2.698133,0.021978,-1.042735
-1.195544,-0.007326,0.129427,2.697751,-0.007328,-1.042735
-1.195544,-0.007326,0.124542,2.697751,-0.007328,-1.047619
-1.195544,-0.007326,0.124542,2.698133,0.021978,-1.052503
-1.195544,-0.007326,0.129427,2.698133,0.021978,-1.047619
-1.195544,-0.007326,0.129427,2.698133,0.007326,-1.052503
-1.195544,-0.007326,0.129427,2.697751,0.007326,-1.047619
-1.195544,-0.007326,0.129427,2.698133,0.007326,-1.047619
-1.195544,-0.007326,0.129427,2.697751,0.007326,-1.047619
-1.195544,-0.021978,0.124542,2.697751,0.007326,-1.052503
-1.195544,0.007328,0.129427,2.697751,0.007326,-1.052503
-1.195544,-0.007326,0.129427,2.697751,0.007326,-1.052503
-1.195544,-0.007326,0.129427,2.698133,0.021978,-1.047619
-1.195544,-0.007326,0.124542,2.697751,0.007326,-1.047619
-1.195544,-0.007326,0.124542,2.698133,0.007326,-1.052503
-1.195544,-0.007326,0.124542,2.697751,-0.007328,-1.047619
-1.195544,-0.007326,0.129427,2.697751,0.007326,-1.047619
-1.195544,-0.007326,0.124542,2.697751,0.007326,-1.052503
-1.195544,-0.007326,0.124542,2.698133,0.021978,-1.047619
-1.195544,-0.007326,0.129427,2.697751,-0.007328,-1.042735
-1.195544,-0.007326,0.124542,2.698133,0.021978,-1.047619
-1.195544,-0.007326,0.124542,2.698133,0.021978,-1.047619
-1.195544,0.007328,0.124542,2.697751,-0.007328,-1.047619
-1.195544,-0.021978,0.124542,2.697751,-0.007328,-1.052503
-1.195544,-0.007326,0.124542,2.697751,0.007326,-1.052503
-1.195544,-0.007326,0.124542,2.698133,0.021978,-1.052503
-1.195544,-0.007326,0.129427,2.697751,-0.007328,-1.052503
-1.195544,-0.007326,0.124542,2.697751,0.007326,-1.052503
-1.195544,-0.007326,0.124542,2.697751,0.007326,-1.052503
-1.195544,-0.007326,0.129427,2.697751,0.007326,-1.047619
-1.195544,-0.021978,0.124542,2.698133,0.021978,-1.047619
-1.195544,-0.021978,0.129427,2.697751,0.007326,-1.047619
-1.195544,-0.007326,0.129427,2.697751,0.007326,-1.047619
-1.195544,0.007328,0.124542,2.697751,0.007326,-1.047619
-1.195544,0.007328,0.129427,2.697751,-0.007328,-1.042735
-1.195544,-0.007326,0.129427,2.697751,0.007326,-1.052503
-1.195544,0.007328,0.124542,2.697751,-0.007328,-1.052503
-1.195544,0.007328,0.129427,2.698133,0.021978,-1.052503
-1.195544,-0.007326,0.124542,2.697751,0.007326,-1.052503
-1.195544,-0.007326,0.124542,2.698133,0.021978,-1.052503
-1.195544,-0.007326,0.129427,2.697751,0.007326,-1.047619
-1.195544,-0.021978,0.129427,2.698133,0.021978,-1.042735
-1.195544,0.007328,0.124542,2.697751,-0.007328,-1.047619
-1.195544,-0.007326,0.124542,2.697751,-0.007328,-1.052503
-1.195544,-0.007326,0.124542,2.697751,0.007326,-1.052503
-1.195544,-0.007326,0.129427,2.697751,-0.007328,-1.052503
-1.195544,0.007328,0.129427,2.697751,0.007326,-1.052503
-1.195544,-0.007326,0.129427,2.697751,0.007326,-1.052503
-1.195544,-0.007326,0.129427,2.697751,0.007326,-1.052503
-1.195544,-0.007326,0.129427,2.697751,0.007326,-1.052503
-1.195544,-0.007326,0.129427,2.697751,0.007326,-1.047619
-1.195544,-0.007326,0.124542,2.698133,0.021978,-1.047619
-1.195544,-0.007326,0.124542,2.697751,0.007326,-1.047619
-1.195544,-0.007326,0.124542,2.697751,0.007326,-1.052503
-1.195544,-0.007326,0.124542,2.698133,0.021978,-1.052503
-1.195544,-0.007326,0.124542,2.697751,0.007326,-1.047619
-1.195544,-0.007326,0.124542,2.697751,0.007326,-1.042735
-1.195544,-0.007326,0.124542,2.697751,0.007326,-1.042735
-1.195544,-0.021978,0.129427,2.697751,0.007326,-1.042735
-1.195544,0.007328,0.124542,2.697751,0.007326,-1.042735
-1.195544,-0.021978,0.129427,2.697751,0.007326,-1.052503
-1.195544,-0.007326,0.129427,2.697751,0.007326,-1.047619
-1.195544,0.007328,0.129427,2.697751,0.007326,-1.047619
-1.195544,-0.007326,0.124542,2.697751,0.007326,-1.052503
-1.195544,-0.007326,0.124542,2.698133,0.021978,-1.052503
-1.195544,-0.007326,0.129427,2.697751,0.007326,-1.047619
-1.195544,-0.007326,0.129427,2.698133,0.007326,-1.047619
-1.195544,-0.007326,0.124542,2.697751,0.007326,-1.047619
-1.195544,-0.007326,0.129427,2.697751,0.007326,-1.052503
-1.195544,-0.007326,0.129427,2.697751,0.007326,-1.047619
-1.195544,-0.007326,0.129427,2.697751,-0.007328,-1.042735
-1.195544,-0.021978,0.129427,2.697751,0.007326,-1.047619
-1.195544,-0.007326,0.124542,2.697751,0.007326,-1.052503
-1.195544,-0.007326,0.124542,2.698133,0.007326,-1.047619
-1.195544,-0.007326,0.124542,2.698133,0.007326,-1.047619
-1.195544,-0.007326,0.124542,2.698133,0.007326,-1.052503
-1.195544,-0.007326,0.129427,2.697751,0.007326,-1.052503
-1.195544,-0.007326,0.124542,2.697751,0.007326,-1.052503
-1.195544,-0.007326,0.124542,2.697751,-0.007328,-1.052503
-1.195544,-0.007326,0.129427,2.697751,-0.007328,-1.052503
-1.195544,-0.021978,0.124542,2.697751,-0.007328,-1.047619
-1.195544,-0.007326,0.124542,2.697751,0.007326,-1.047619
-1.195544,0.007328,0.129427,2.698133,0.021978,-1.047619
-1.195544,-0.007326,0.129427,2.697751,0.007326,-1.047619
-1.195544,-0.007326,0.129427,2.698133,0.021978,-1.052503
-1.195544,-0.007326,0.129427,2.697751,-0.007328,-1.047619
-1.195544,-0.021978,0.129427,2.697751,0.007326,-1.047619
-1.195544,-0.021978,0.129427,2.697751,0.007326,-1.052503
-1.195544,-0.021978,0.124542,2.697751,0.007326,-1.047619
-1.195544,-0.007326,0.129427,2.697751,0.007326,-1.047619
-1.195544,0.007328,0.124542,2.698133,0.021978,-1.047619
-1.195544,-0.007326,0.124542,2.697751,0.007326,-1.047619
-1.195544,-0.007326,0.129427,2.697751,0.007326,-1.047619
-1.195544,-0.021978,0.129427,2.697751,0.007326,-1.047619
-1.195544,-0.007326,0.129427,2.697751,-0.007328,-1.047619
-1.195544,0.007328,0.129427,2.697751,0.007326,-1.047619
-1.195544,-0.007326,0.129427,2.697751,0.007326,-1.047619
-1.195544,0.007328,0.129427,2.697751,-0.007328,-1.052503
-1.195544,0.007328,0.124542,2.698133,0.021978,-1.057387
-1.195544,-0.021978,0.124542,2.697751,0.007326,-1.052503
-1.195544,-0.007326,0.124542,2.697751,0.007326,-1.052503
-1.195544,0.007328,0.124542,2.698133,0.021978,-1.057387
-1.195544,0.007328,0.124542,2.697751,-0.007328,-1.052503
-1.195544,-0.007326,0.124542,2.698133,0.021978,-1.052503
-1.195544,-0.007326,0.129427,2.698133,0.007326,-1.047619
-1.195544,-0.007326,0.129427,2.697751,0.007326,-1.047619
-1.195544,-0.007326,0.129427,2.697751,-0.007328,-1.052503
-1.195544,-0.007326,0.129427,2.698133,0.021978,-1.057387
-1.195544,0.007328,0.129427,2.698133,0.021978,-1.057387
-1.195544,-0.007326,0.129427,2.697751,-0.007328,-1.052503
-1.195544,-0.007326,0.124542,2.697751,-0.007328,-1.047619
-1.195544,-0.007326,0.124542,2.697751,0.007326,-1.052503
-1.195544,0.007328,0.129427,2.697751,0.007326,-1.047619
-1.195544,-0.007326,0.129427,2.697751,-0.007328,-1.047619
-1.195544,-0.007326,0.129427,2.697751,0.007326,-1.047619
-1.195544,-0.007326,0.129427,2.697751,0.007326,-1.047619
-1.195544,-0.007326,0.129427,2.697751,0.007326,-1.042735
-1.195544,-0.007326,0.129427,2.697751,0.007326,-1.047619
-1.195544,-0.007326,0.129427,2.697751,0.007326,-1.052503
-1.195544,-0.007326,0.124542,2.697751,0.007326,-1.052503
-1.195544,-0.007326,0.124542,2.697751,0.007326,-1.052503
-1.195544,0.007328,0.124542,2.697751,-0.007328,-1.052503
-1.195544,-0.007326,0.129427,2.698133,0.021978,-1.052503
-1.195544,0.007328,0.124542,2.697751,-0.007328,-1.052503
-1.195544,-0.007326,0.124542,2.698133,0.036631,-1.052503
-1.195544,-0.021978,0.124542,2.697751,-0.007328,-1.047619
-1.195544,-0.007326,0.129427,2.698133,0.021978,-1.052503
-1.195544,-0.007326,0.124542,2.697751,0.007326,-1.047619
-1.195544,-0.007326,0.124542,2.698133,0.007326,-1.047619
-1.195544,-0.007326,0.124542,2.698133,0.021978,-1.047619
-1.195544,0.007328,0.129427,2.697751,0.007326,-1.047619
-1.195544,-0.021978,0.129427,2.697751,0.007326,-1.052503
-1.195544,-0.007326,0.129427,2.698133,0.007326,-1.052503
-1.195544,-0.021978,0.124542,2.697751,0.007326,-1.052503
-1.195544,-0.007326,0.129427,2.697751,0.007326,-1.052503
-1.195544,-0.007326,0.129427,2.697751,-0.007328,-1.047619
-1.195544,-0.007326,0.129427,2.698133,0.021978,-1.052503
-1.195544,-0.007326,0.124542,2.697751,0.007326,-1.052503
-1.195544,-0.021978,0.129427,2.697751,0.007326,-1.052503
-1.195544,-0.007326,0.129427,2.697751,0.007326,-1.052503
-1.195544,-0.007326,0.129427,2.698133,0.021978,-1.052503
-1.195544,-0.007326,0.129427,2.697751,0.007326,-1.052503
-1.195544,-0.007326,0.129427,2.698133,0.007326,-1.047619
-1.195544,-0.007326,0.129427,2.697751,-0.007328,-1.047619
-1.195544,0.007328,0.129427,2.698133,0.021978,-1.052503
-1.195544,-0.007326,0.124542,2.698133,0.007326,-1.047619
-1.195544,-0.021978,0.129427,2.697751,0.007326,-1.052503
-1.195544,-0.007326,0.129427,2.697751,0.007326,-1.052503
-1.195544,0.007328,0.129427,2.697751,0.007326,-1.052503
-1.195544,-0.007326,0.129427,2.698133,0.021978,-1.047619
-1.195544,-0.007326,0.124542,2.698133,0.021978,-1.047619
-1.195544,-0.007326,0.124542,2.698133,0.021978,-1.047619
-1.195544,0.007328,0.124542,2.698133,0.021978,-1.047619
-1.195544,0.007328,0.124542,2.697751,0.007326,-1.042735
-1.195544,-0.007326,0.124542,2.697751,0.007326,-1.042735
-1.195544,-0.021978,0.129427,2.697751,-0.007328,-1.047619
-1.195544,-0.007326,0.129427,2.698133,0.036631,-1.052503
-1.195544,0.007328,0.129427,2.697751,-0.007328,-1.052503
-1.195544,-0.007326,0.129427,2.697751,0.007326,-1.057387
-1.195544,-0.007326,0.124542,2.697751,-0.007328,-1.057387
-1.195544,-0.007326,0.129427,2.697751,0.007326,-1.052503
-1.195544,-0.007326,0.129427,2.697751,-0.007328,-1.047619
-1.195544,-0.007326,0.124542,2.698133,0.021978,-1.047619
-1.195544,-0.007326,0.129427,2.697751,-0.007328,-1.042735
-1.195544,-0.007326,0.124542,2.697751,0.007326,-1.047619
-1.195544,-0.007326,0.124542,2.697751,0.007326,-1.052503
-1.195544,-0.007326,0.124542,2.697751,0.007326,-1.052503
-1.195544,-0.007326,0.124542,2.697751,-0.007328,-1.052503
-1.195544,-0.007326,0.124542,2.697751,0.007326,-1.047619
-1.195544,-0.007326,0.124542,2.697751,-0.007328,-1.052503
-1.195544,-0.007326,0.129427,2.697751,-0.007328,-1.052503
-1.195544,-0.007326,0.129427,2.697751,0.007326,-1.057387
-1.195544,-0.007326,0.129427,2.697751,0.007326,-1.052503
-1.195544,-0.036631,0.124542,2.697751,0.007326,-1.052503
-1.195544,-0.021978,0.124542,2.697751,0.007326,-1.052503
-1.195544,-0.021978,0.129427,2.698133,0.021978,-1.057387
-1.195544,0.007328,0.124542,2.698133,0.021978,-1.047619
-1.195544,-0.021978,0.124542,2.697751,0.007326,-1.052503
-1.195544,0.007328,0.124542,2.697751,0.007326,-1.052503
-1.195544,-0.007326,0.124542,2.697751,0.007326,-1.052503
-1.195544,-0.007326,0.129427,2.697751,0.007326,-1.047619
-1.195544,-0.007326,0.124542,2.698133,0.007326,-1.047619
-1.195544,-0.021978,0.129427,2.697751,0.007326,-1.047619
-1.195544,-0.021978,0.129427,2.698133,0.021978,-1.047619
-1.195544,-0.007326,0.129427,2.698133,0.007326,-1.047619
-1.195544,0.007328,0.124542,2.697751,0.007326,-1.052503
-1.195544,-0.021978,0.129427,2.697751,0.007326,-1.052503
-1.195544,-0.007326,0.129427,2.697751,-0.007328,-1.052503
-1.195544,-0.007326,0.129427,2.697751,-0.007328,-1.052503
-1.195544,-0.021978,0.129427,2.697751,-0.007328,-1.052503
-1.195544,0.007328,0.129427,2.698133,0.021978,-1.052503
-1.195544,-0.007326,0.129427,2.697751,0.007326,-1.042735
-1.195544,-0.007326,0.124542,2.698133,0.021978,-1.047619
-1.195544,-0.007326,0.129427,2.697751,0.007326,-1.047619
-1.195544,-0.007326,0.124542,2.697751,0.007326,-1.047619
-1.195544,-0.007326,0.124542,2.698133,0.021978,-1.047619
-1.195544,-0.007326,0.124542,2.698133,0.007326,-1.042735
-1.195544,-0.007326,0.129427,2.697751,-0.007328,-1.047619
-1.195544,-0.007326,0.129427,2.698133,0.021978,-1.047619
-1.195544,-0.007326,0.129427,2.697751,-0.007328,-1.047619
-1.195544,0.007328,0.129427,2.698133,0.007326,-1.047619
-1.195544,-0.021978,0.129427,2.697751,0.007326,-1.047619
-1.195544,-0.021978,0.129427,2.698133,0.021978,-1.057387
-1.195544,-0.007326,0.129427,2.697751,0.007326,-1.052503
-1.195544,0.007328,0.129427,2.697751,0.007326,-1.052503
-1.195544,-0.007326,0.124542,2.697751,-0.007328,-1.052503
-1.195544,-0.007326,0.129427,2.697751,0.007326,-1.052503
-1.195544,-0.007326,0.124542,2.697751,0.007326,-1.047619
-1.195544,-0.021978,0.124542,2.698133,0.007326,-1.047619
-1.195544,0.007328,0.129427,2.697751,-0.007328,-1.042735
-1.195544,-0.007326,0.124542,2.697751,0.007326,-1.047619
-1.195544,0.007328,0.129427,2.697751,-0.007328,-1.047619
-1.195544,-0.007326,0.129427,2.697751,0.007326,-1.052503
-1.195544,-0.021978,0.129427,2.697751,-0.007328,-1.052503
-1.195544,0.007328,0.124542,2.698133,0.007326,-1.047619
-1.195544,-0.007326,0.124542,2.697751,0.007326,-1.052503
-1.195544,0.007328,0.124542,2.698133,0.007326,-1.047619
-1.195544,-0.021978,0.124542,2.697751,-0.007328,-1.047619
-1.195544,-0.007326,0.129427,2.697751,0.007326,-1.047619
-1.195544,0.007328,0.124542,2.698133,0.021978,-1.047619
-1.195544,-0.007326,0.129427,2.697751,0.007326,-1.052503
-1.195544,0.007328,0.129427,2.697751,0.007326,-1.052503
-1.195544,-0.007326,0.124542,2.697751,0.007326,-1.047619
-1.195544,-0.007326,0.129427,2.697751,0.007326,-1.052503
-1.195544,0.007328,0.129427,2.697751,-0.007328,-1.047619
-1.195544,-0.007326,0.129427,2.697751,0.007326,-1.052503
-1.195544,-0.007326,0.129427,2.698133,0.021978,-1.052503
-1.195544,-0.007326,0.124542,2.697751,0.007326,-1.047619
-1.195544,-0.007326,0.129427,2.698133,0.021978,-1.047619
-1.195544,0.007328,0.124542,2.697751,0.007326,-1.052503
-1.195544,-0.007326,0.124542,2.698133,0.021978,-1.052503
-1.195544,-0.007326,0.129427,2.697751,0.007326,-1.052503
-1.195544,0.007328,0.124542,2.698133,0.021978,-1.057387
-1.195544,-0.007326,0.129427,2.698133,0.007326,-1.052503
-1.195544,0.007328,0.129427,2.697751,-0.007328,-1.047619
-1.195544,-0.021978,0.129427,2.697751,0.007326,-1.057387
-1.195544,-0.007326,0.124542,2.697751,-0.007328,-1.052503
-1.195544,-0.021978,0.129427,2.697751,0.007326,-1.047619
-1.195544,-0.007326,0.124542,2.697751,0.007326,-1.052503
-1.195544,0.007328,0.129427,2.698133,0.021978,-1.047619
-1.195544,-0.007326,0.124542,2.697751,0.007326,-1.052503
-1.195544,-0.007326,0.129427,2.697751,0.007326,-1.052503
-1.195544,-0.007326,0.129427,2.697751,-0.007328,-1.052503
-1.195544,-0.007326,0.124542,2.697751,0.007326,-1.047619
-1.195544,-0.007326,0.124542,2.697751,-0.007328,-1.047619
-1.195544,-0.021978,0.124542,2.697751,0.007326,-1.052503
-1.195544,-0.007326,0.124542,2.698133,0.021978,-1.052503
-1.195544,0.007328,0.129427,2.698133,0.021978,-1.052503
-1.195544,-0.021978,0.129427,2.697751,-0.007328,-1.052503
-1.195544,-0.007326,0.124542,2.698133,0.007326,-1.052503
-1.195544,0.007328,0.124542,2.697751,0.007326,-1.052503
-1.195544,0.007328,0.129427,2.698133,0.021978,-1.052503
-1.195544,0.007328,0.129427,2.697751,-0.007328,-1.047619
-1.195544,-0.007326,0.124542,2.697751,-0.007328,-1.047619
-1.195544,-0.007326,0.124542,2.697751,0.007326,-1.047619
-1.195544,0.007328,0.124542,2.698133,0.007326,-1.047619
-1.195544,-0.021978,0.129427,2.697751,0.007326,-1.047619
-1.195544,-0.007326,0.124542,2.697751,0.007326,-1.047619
-1.195544,0.007328,0.129427,2.697751,-0.007328,-1.042735
-1.195544,-0.021978,0.124542,2.698133,0.021978,-1.047619
-1.195544,0.007328,0.124542,2.697751,0.007326,-1.047619
-1.195544,-0.021978,0.124542,2.697751,0.007326,-1.052503
-1.195544,-0.007326,0.129427,2.697751,0.007326,-1.052503
-1.195544,-0.007326,0.129427,2.697751,-0.007328,-1.052503
-1.195544,0.007328,0.129427,2.697751,0.007326,-1.057387
-1.195544,-0.007326,0.129427,2.698133,0.021978,-1.047619
-1.195544,-0.021978,0.129427,2.697751,0.007326,-1.047619
-1.195544,0.007328,0.129427,2.698133,0.021978,-1.052503
-1.195544,-0.007326,0.124542,2.697751,-0.007328,-1.052503
-1.195544,-0.007326,0.124542,2.697751,0.007326,-1.052503
-1.195544,0.007328,0.129427,2.697751,0.007326,-1.052503
-1.195544,-0.007326,0.124542,2.697751,0.007326,-1.047619
-1.195544,-0.007326,0.124542,2.697751,-0.007328,-1.047619
-1.195544,0.007328,0.124542,2.698133,0.021978,-1.052503
-1.195544,-0.007326,0.129427,2.697751,0.007326,-1.047619
-1.195544,-0.007326,0.124542,2.697751,0.007326,-1.047619
-1.195544,-0.007326,0.124542,2.697751,0.007326,-1.052503
-1.195544,-0.007326,0.129427,2.697751,0.007326,-1.052503
-1.195544,-0.007326,0.129427,2.697751,-0.007328,-1.047619
-1.195544,-0.007326,0.129427,2.697751,0.007326,-1.047619
-1.195544,0.007328,0.124542,2.697751,-0.007328,-1.052503
-1.195544,-0.007326,0.129427,2.697751,0.007326,-1.052503
-1.195544,-0.021978,0.129427,2.698133,0.021978,-1.052503
-1.195544,-0.007326,0.129427,2.698133,0.021978,-1.047619
-1.195544,-0.007326,0.129427,2.697751,0.007326,-1.047619
-1.195544,-0.007326,0.129427,2.697751,0.007326,-1.047619
-1.195544,-0.007326,0.129427,2.697751,0.007326,-1.042735
-1.195544,-0.021978,0.129427,2.697751,-0.007328,-1.052503
-1.195544,-0.007326,0.129427,2.697751,0.007326,-1.052503
-1.195544,0.007328,0.129427,2.698133,0.021978,-1.047619
-1.195544,0.007328,0.129427,2.697751,0.007326,-1.047619
-1.195544,-0.007326,0.124542,2.698133,0.007326,-1.047619
-1.195544,-0.021978,0.129427,2.697751,-0.007328,-1.047619
-1.195544,-0.007326,0.124542,2.697751,0.007326,-1.047619
-1.195544,0.007328,0.124542,2.698133,0.007326,-1.047619
-1.195544,-0.007326,0.124542,2.697751,0.007326,-1.042735
-1.195544,-0.021978,0.124542,2.697751,-0.007328,-1.047619
-1.195544,-0.007326,0.129427,2.697751,0.007326,-1.047619
-1.195544,-0.021978,0.124542,2.697751,0.007326,-1.047619
-1.195544,0.021980,0.129427,2.698133,0.007326,-1.047619
-1.195544,-0.007326,0.129427,2.697751,-0.007328,-1.052503
-1.195544,0.007328,0.129427,2.697751,0.007326,-1.057387
-1.195544,-0.021978,0.129427,2.698133,0.007326,-1.052503
-1.195544,-0.021978,0.129427,2.697751,-0.007328,-1.047619
-1.195544,-0.007326,0.124542,2.697751,0.007326,-1.052503
-1.195544,-0.007326,0.129427,2.697751,0.007326,-1.057387
-1.195544,-0.007326,0.129427,2.697751,-0.007328,-1.052503
-1.195544,0.007328,0.129427,2.697751,0.007326,-1.052503
-1.195544,-0.021978,0.129427,2.698133,0.007326,-1.047619
-1.195544,0.007328,0.129427,2.698133,-0.007328,-1.052503
-1.195544,-0.007326,0.129427,2.697751,-0.007328,-1.052503
-1.195544,0.007328,0.129427,2.697751,0.007326,-1.057387
-1.195544,-0.007326,0.124542,2.697751,0.007326,-1.057387
-1.195544,-0.007326,0.124542,2.697751,0.007326,-1.057387
-1.195544,-0.021978,0.129427,2.698133,-0.007328,-1.052503
-1.195544,-0.007326,0.129427,2.698133,0.007326,-1.052503
-1.195544,-0.021978,0.124542,2.697751,-0.007328,-1.052503
-1.195544,-0.007326,0.129427,2.697751,-0.007328,-1.057387
-1.195544,-0.007326,0.129427,2.697751,0.021978,-1.057387
-1.195544,-0.021978,0.129427,2.697751,0.021978,-1.057387
-1.195544,-0.021978,0.129427,2.697751,0.007326,-1.052503
-1.195544,-0.007326,0.129427,2.698133,0.007326,-1.047619
-1.195544,-0.007326,0.129427,2.697751,0.007326,-1.052503
-1.195544,0.021980,0.129427,2.698133,0.021978,-1.052503
-1.195544,-0.021978,0.129427,2.697751,-0.007328,-1.047619
-1.195544,0.007328,0.129427,2.697751,0.007326,-1.052503
-1.195544,-0.007326,0.129427,2.697751,0.007326,-1.047619
-1.195544,0.007328,0.134311,2.697751,0.007326,-1.042735
-1.195544,-0.007326,0.129427,2.697751,0.007326,-1.042735
-1.195544,-0.007326,0.129427,2.697751,0.021978,-1.047619
-1.195544,-0.007326,0.129427,2.697751,0.007326,-1.047619
-1.195544,-0.021978,0.129427,2.698133,0.007326,-1.042735
-1.195544,-0.007326,0.124542,2.697751,0.007326,-1.047619
-1.195544,-0.021978,0.129427,2.697751,0.007326,-1.047619
-1.195544,-0.007326,0.129427,2.698133,-0.007328,-1.047619
-1.195544,0.007328,0.129427,2.697751,-0.007328,-1.052503
-1.195544,-0.007326,0.129427,2.697751,0.007326,-1.057387
-1.195544,-0.007326,0.134311,2.697751,0.007326,-1.052503
-1.195544,0.021980,0.134311,2.697751,-0.007328,-1.047619
-1.195544,-0.007326,0.134311,2.698133,0.007326,-1.047619
-1.195544,-0.021978,0.129427,2.697751,0.007326,-1.047619
-1.195544,0.007328,0.129427,2.697751,-0.007328,-1.047619
-1.195544,-0.007326,0.129427,2.698133,0.021978,-1.047619
-1.195544,-0.007326,0.129427,2.697751,0.021978,-1.042735
-1.195544,0.007328,0.129427,2.697751,0.007326,-1.047619
-1.195544,-0.007326,0.134311,2.697751,0.007326,-1.052503
-1.195544,-0.007326,0.134311,2.698133,0.021978,-1.052503
-1.195544,-0.007326,0.134311,2.697751,0.007326,-1.047619
-1.195544,0.007328,0.134311,2.698133,0.021978,-1.042735
-1.195544,-0.021978,0.134311,2.697751,0.007326,-1.047619
-1.195544,-0.007326,0.129427,2.697751,0.021978,-1.047619
-1.195544,-0.021978,0.129427,2.698133,0.036631,-1.052503
-1.195544,-0.021978,0.129427,2.697751,0.021978,-1.047619
-1.195544,-0.007326,0.129427,2.697751,0.007326,-1.047619
-1.195544,-0.007326,0.129427,2.698133,0.021978,-1.047619
-1.195544,-0.007326,0.134311,2.697751,0.007326,-1.042735
-1.195544,0.007328,0.134311,2.697751,-0.007328,-1.047619
-1.195544,-0.007326,0.134311,2.698133,0.007326,-1.047619
-1.195544,0.007328,0.134311,2.697751,0.007326,-1.052503
-1.195544,-0.007326,0.134311,2.698133,0.007326,-1.052503
-1.195544,-0.007326,0.134311,2.697751,0.007326,-1.057387
-1.195544,-0.021978,0.134311,2.697751,0.007326,-1.052503
-1.195544,-0.007326,0.134311,2.698133,0.007326,-1.047619
-1.195544,-0.007326,0.134311,2.698133,0.007326,-1.042735
-1.195544,-0.007326,0.134311,2.697751,-0.007328,-1.042735
-1.195544,-0.007326,0.134311,2.698133,0.021978,-1.047619
-1.195544,-0.021978,0.129427,2.697751,-0.007328,-1.047619
-1.195544,-0.021978,0.129427,2.697751,0.007326,-1.047619
-1.195544,-0.021978,0.129427,2.697751,0.007326,-1.052503
-1.195544,0.007328,0.134311,2.697751,0.007326,-1.052503
-1.195544,0.007328,0.134311,2.697751,0.007326,-1.052503
-1.195544,-0.007326,0.129427,2.697751,-0.007328,-1.052503
-1.195544,-0.007326,0.129427,2.697751,-0.007328,-1.047619
-1.195544,0.007328,0.134311,2.697751,0.007326,-1.047619
-1.195544,-0.021978,0.134311,2.697751,0.021978,-1.047619
-1.195544,0.007328,0.134311,2.697751,0.007326,-1.047619
-1.195544,-0.021978,0.134311,2.698133,0.021978,-1.052503
-1.195544,-0.007326,0.129427,2.697751,0.007326,-1.052503
-1.195544,-0.007326,0.129427,2.697751,-0.007328,-1.047619
-1.195544,-0.007326,0.129427,2.697751,0.007326,-1.047619
-1.195544,-0.021978,0.129427,2.698133,0.007326,-1.047619
-1.195544,-0.007326,0.129427,2.698133,0.021978,-1.057387
-1.195544,-0.051283,0.134311,2.698133,-0.007328,-1.057387
-1.195544,-0.007326,0.134311,2.697751,0.007326,-1.057387
-1.195544,-0.007326,0.134311,2.698133,0.021978,-1.052503
-1.195544,-0.021978,0.129427,2.697751,-0.007328,-1.052503
-1.195544,0.007328,0.134311,2.697751,-0.007328,-1.052503
-1.195544,-0.021978,0.134311,2.697751,0.007326,-1.047619
-1.195544,0.007328,0.129427,2.697751,-0.007328,-1.042735
-1.195544,0.007328,0.129427,2.697751,0.007326,-1.052503
-1.195544,-0.007326,0.129427,2.697751,0.007326,-1.047619
-1.195544,-0.021978,0.129427,2.698133,0.007326,-1.052503
-1.195544,0.007328,0.129427,2.698133,0.007326,-1.057387
-1.195544,-0.021978,0.129427,2.697751,0.007326,-1.052503
-1.195544,-0.007326,0.129427,2.698133,0.021978,-1.052503
-1.195544,0.007328,0.134311,2.698133,0.021978,-1.052503
-1.195544,-0.007326,0.134311,2.698133,0.007326,-1.052503
-1.195544,0.007328,0.134311,2.697751,-0.021980,-1.047619
-1.195544,-0.021978,0.129427,2.697751,-0.007328,-1.047619
-1.195544,-0.007326,0.129427,2.698133,0.007326,-1.052503
-1.195544,-0.007326,0.134311,2.697751,0.007326,-1.052503
-1.195544,0.007328,0.129427,2.697751,-0.007328,-1.052503
-1.195544,-0.021978,0.129427,2.697751,-0.007328,-1.047619
-1.195544,-0.007326,0.134311,2.697751,0.021978,-1.052503
-1.195544,-0.007326,0.129427,2.697751,0.021978,-1.052503
-1.195544,-0.007326,0.134311,2.698133,0.007326,-1.052503
-1.195544,0.007328,0.134311,2.697751,0.021978,-1.052503
-1.195544,-0.021978,0.134311,2.697751,-0.007328,-1.047619
-1.195544,0.007328,0.129427,2.698133,0.007326,-1.052503
-1.195544,0.007328,0.129427,2.698133,0.007326,-1.052503
-1.195544,0.007328,0.129427,2.697751,0.021978,-1.052503
-1.195544,-0.021978,0.129427,2.697751,-0.007328,-1.052503
-1.195544,0.007328,0.129427,2.698133,0.007326,-1.052503
-1.195544,-0.007326,0.129427,2.698133,-0.007328,-1.047619
-1.195544,-0.007326,0.134311,2.697751,0.021978,-1.052503
-1.195544,0.007328,0.134311,2.697751,0.007326,-1.052503
-1.195544,-0.007326,0.129427,2.697751,0.007326,-1.052503
-1.195544,-0.007326,0.134311,2.697751,0.007326,-1.047619
-1.195544,-0.021978,0.134311,2.698133,0.007326,-1.052503
-1.195544,-0.007326,0.134311,2.697751,0.007326,-1.052503
-1.195544,0.007328,0.134311,2.698133,0.007326,-1.052503
-1.195544,-0.021978,0.134311,2.697751,-0.007328,-1.047619
-1.195544,-0.007326,0.134311,2.697751,0.007326,-1.047619
-1.195544,-0.021978,0.134311,2.697751,0.007326,-1.047619
-1.195544,-0.021978,0.134311,2.698133,0.007326,-1.052503
-1.195544,-0.021978,0.129427,2.698133,-0.007328,-1.052503
-1.195544,0.007328,0.134311,2.697751,0.007326,-1.047619
-1.195544,0.007328,0.129427,2.697751,0.007326,-1.052503
-1.195544,-0.007326,0.134311,2.697751,0.007326,-1.052503
-1.195544,-0.007326,0.134311,2.697751,0.007326,-1.057387
-1.195544,-0.021978,0.134311,2.697751,0.007326,-1.052503
-1.195544,-0.007326,0.134311,2.697751,0.021978,-1.052503
-1.195544,-0.007326,0.129427,2.697751,0.007326,-1.047619
-1.195544,-0.007326,0.129427,2.698133,0.021978,-1.047619
-1.195544,-0.007326,0.129427,2.698133,0.021978,-1.042735
-1.195544,-0.007326,0.129427,2.697751,0.007326,-1.047619
-1.195544,-0.021978,0.129427,2.697751,0.007326,-1.047619
-1.195544,-0.007326,0.134311,2.697751,0.007326,-1.047619
-1.195544,-0.007326,0.134311,2.697751,0.021978,-1.052503
-1.195544,-0.007326,0.134311,2.697751,0.021978,-1.052503
-1.195544,-0.007326,0.134311,2.698133,0.021978,-1.052503
-1.195544,-0.007326,0.134311,2.697751,0.021978,-1.052503
-1.195544,-0.021978,0.134311,2.697751,0.007326,-1.047619
-1.195544,-0.021978,0.129427,2.698133,0.021978,-1.052503
-1.195544,-0.007326,0.129427,2.698133,-0.007328,-1.052503
-1.195544,-0.007326,0.129427,2.697751,0.007326,-1.052503
-1.195544,0.007328,0.134311,2.697751,-0.007328,-1.052503
-1.195544,0.007328,0.134311,2.697751,-0.007328,-1.047619
-1.195544,-0.007326,0.134311,2.697751,0.007326,-1.047619
-1.195544,0.007328,0.129427,2.697751,-0.007328,-1.047619
-1.195544,0.007328,0.129427,2.697751,0.021978,-1.047619
-1.195544,0.007328,0.129427,2.697751,0.007326,-1.052503
-1.195544,-0.007326,0.129427,2.697751,0.007326,-1.052503
-1.195544,-0.021978,0.129427,2.697751,0.007326,-1.047619
-1.195544,0.007328,0.129427,2.698133,-0.007328,-1.042735
-1.195544,0.007328,0.134311,2.697751,0.007326,-1.052503
-1.195544,-0.007326,0.134311,2.697751,0.007326,-1.047619
-1.195544,-0.021978,0.129427,2.697751,-0.007328,-1.047619
-1.195544,-0.007326,0.129427,2.698133,0.007326,-1.042735
-1.195544,-0.007326,0.134311,2.697751,-0.007328,-1.042735
-1.195544,0.007328,0.129427,2.697751,0.021978,-1.052503
-1.195544,-0.007326,0.129427,2.698133,0.007326,-1.047619
-1.195544,-0.021978,0.134311,2.698133,0.021978,-1.047619
-1.195544,-0.007326,0.129427,2.698133,0.007326,-1.047619
-1.195544,-0.021978,0.134311,2.697751,0.007326,-1.047619
-1.195544,0.007328,0.134311,2.697751,0.007326,-1.052503
-1.195544,0.007328,0.129427,2.697751,0.007326,-1.057387
-1.195544,-0.007326,0.134311,2.698133,0.007326,-1.057387
-1.195544,0.007328,0.129427,2.697751,0.007326,-1.052503
-1.195544,-0.007326,0.129427,2.697751,0.007326,-1.047619
-1.195544,-0.007326,0.129427,2.698133,0.007326,-1.047619
-1.195544,-0.021978,0.129427,2.697751,0.007326,-1.052503
-1.195544,-0.007326,0.129427,2.698133,0.021978,-1.047619
-1.195544,-0.007326,0.129427,2.697751,0.007326,-1.047619
-1.195544,0.007328,0.129427,2.698133,0.007326,-1.047619
-1.195544,-0.007326,0.129427,2.698133,0.021978,-1.052503
-1.195544,-0.007326,0.129427,2.697751,0.007326,-1.052503
-1.195544,-0.007326,0.134311,2.698133,0.007326,-1.052503
-1.195544,-0.007326,0.134311,2.697751,0.007326,-1.047619
-1.195544,0.007328,0.134311,2.697751,0.007326,-1.047619
-1.195544,0.007328,0.134311,2.698133,0.021978,-1.047619
-1.195544,-0.007326,0.134311,2.697751,0.007326,-1.047619
-1.195544,-0.021978,0.134311,2.698133,0.007326,-1.052503
-1.195544,-0.021978,0.129427,2.697751,0.007326,-1.052503
-1.195544,-0.007326,0.129427,2.697751,0.021978,-1.047619
-1.195544,-0.007326,0.134311,2.697751,0.007326,-1.052503
-1.195544,-0.007326,0.134311,2.698133,0.007326,-1.047619
-1.195544,-0.007326,0.134311,2.697751,0.007326,-1.042735
-1.195544,0.007328,0.134311,2.698133,0.007326,-1.042735
-1.195544,-0.007326,0.129427,2.697751,-0.007328,-1.047619
-1.195544,-0.021978,0.129427,2.698133,0.021978,-1.052503
-1.195544,0.021980,0.129427,2.697751,0.021978,-1.047619
-1.195544,0.007328,0.129427,2.697751,0.007326,-1.047619
-1.195544,-0.021978,0.134311,2.698133,0.007326,-1.047619
-1.195544,-0.007326,0.129427,2.697751,0.007326,-1.052503
-1.195544,0.007328,0.129427,2.698133,0.021978,-1.052503
-1.195544,-0.021978,0.129427,2.697751,0.021978,-1.047619
-1.195544,-0.007326,0.129427,2.698133,0.007326,-1.047619
-1.195544,-0.007326,0.134311,2.697751,0.007326,-1.047619
-1.195544,0.007328,0.129427,2.697751,0.007326,-1.047619
-1.195544,-0.007326,0.134311,2.697751,0.021978,-1.052503
-1.195544,-0.021978,0.129427,2.697751,0.021978,-1.047619
-1.195544,-0.021978,0.129427,2.697751,-0.007328,-1.042735
-1.195544,0.007328,0.134311,2.697751,0.021978,-1.047619
-1.195544,-0.021978,0.134311,2.698133,0.007326,-1.047619
-1.195544,-0.007326,0.129427,2.698133,0.007326,-1.052503
-1.195544,0.007328,0.129427,2.698133,0.007326,-1.052503
-1.195544,0.007328,0.129427,2.698133,-0.007328,-1.052503
-1.195544,-0.021978,0.129427,2.697751,0.007326,-1.052503
-1.195544,0.007328,0.134311,2.697751,0.007326,-1.052503
-1.195544,-0.021978,0.129427,2.697751,0.007326,-1.052503
-1.195544,-0.021978,0.134311,2.697751,0.007326,-1.047619
-1.195544,0.007328,0.129427,2.697751,-0.007328,-1.047619
-1.195544,-0.021978,0.134311,2.698133,0.007326,-1.052503
-1.195544,-0.007326,0.129427,2.698133,-0.007328,-1.052503
-1.195544,-0.007326,0.134311,2.697751,0.007326,-1.047619
-1.195544,0.007328,0.134311,2.698133,0.021978,-1.047619
-1.195544,-0.007326,0.134311,2.697751,0.007326,-1.052503
-1.195544,-0.007326,0.134311,2.698133,0.007326,-1.052503
-1.195544,0.007328,0.129427,2.698133,-0.007328,-1.047619
-1.195544,-0.007326,0.129427,2.698133,0.007326,-1.047619
-1.195544,-0.007326,0.134311,2.698133,0.007326,-1.052503
-1.195544,-0.021978,0.129427,2.697751,0.007326,-1.052503
-1.195544,0.007328,0.134311,2.697751,-0.007328,-1.047619
-1.195544,0.007328,0.134311,2.697751,0.021978,-1.047619
-1.195544,-0.021978,0.129427,2.697751,0.021978,-1.047619
-1.195544,0.007328,0.129427,2.697751,0.007326,-1.047619
-1.195544,0.007328,0.129427,2.697751,0.007326,-1.052503
-1.195544,-0.007326,0.129427,2.698133,0.021978,-1.052503
-1.195544,-0.007326,0.129427,2.698133,0.007326,-1.047619
-1.195544,0.007328,0.134311,2.697751,-0.007328,-1.052503
-1.195544,-0.007326,0.134311,2.697751,0.007326,-1.052503
-1.195544,-0.021978,0.134311,2.697751,0.021978,-1.047619
-1.195544,-0.007326,0.129427,2.697751,0.007326,-1.042735
-1.195544,0.007328,0.129427,2.698133,0.021978,-1.047619
-1.195544,-0.007326,0.129427,2.697751,0.021978,-1.047619
-1.195544,-0.007326,0.129427,2.697751,0.021978,-1.047619
-1.195544,-0.036631,0.129427,2.697751,-0.007328,-1.047619
-1.195544,-0.007326,0.134311,2.698133,0.021978,-1.052503
-1.195544,-0.007326,0.134311,2.697751,0.007326,-1.052503
-1.195544,0.007328,0.134311,2.697751,-0.007328,-1.047619
-1.195544,0.007328,0.134311,2.698133,0.007326,-1.047619
-1.195544,-0.007326,0.134311,2.697751,0.007326,-1.052503
-1.195544,-0.007326,0.134311,2.697751,0.007326,-1.047619
-1.195544,-0.007326,0.134311,2.698133,0.007326,-1.047619
-1.195544,-0.007326,0.134311,2.698133,0.007326,-1.047619
-1.195544,-0.007326,0.134311,2.697751,0.007326,-1.047619
-1.195544,-0.021978,0.129427,2.698133,0.007326,-1.052503
-1.195544,-0.007326,0.129427,2.697751,-0.007328,-1.052503
-1.195544,-0.007326,0.129427,2.697751,0.021978,-1.052503
-1.195544,-0.007326,0.134311,2.697751,-0.007328,-1.052503
-1.195544,-0.007326,0.129427,2.697751,0.007326,-1.052503
-1.195544,-0.007326,0.134311,2.697751,-0.007328,-1.047619
-1.195544,-0.007326,0.134311,2.698133,0.007326,-1.047619
-1.195544,0.007328,0.134311,2.698133,0.021978,-1.047619
-1.195544,-0.021978,0.134311,2.697751,0.007326,-1.042735
-1.195544,-0.007326,0.129427,2.697751,0.021978,-1.047619
-1.195544,0.007328,0.134311,2.697751,-0.007328,-1.047619
-1.195544,0.007328,0.129427,2.697751,0.021978,-1.057387
-1.195544,-0.007326,0.129427,2.698133,0.007326,-1.052503
-1.195544,-0.036631,0.129427,2.697751,0.007326,-1.052503
-1.195544,0.007328,0.129427,2.697751,0.007326,-1.047619
-1.195544,-0.007326,0.129427,2.697751,0.007326,-1.047619
-1.195544,-0.007326,0.129427,2.697751,0.007326,-1.052503
-1.195544,-0.007326,0.129427,2.697751,-0.021980,-1.052503
-1.195544,-0.007326,0.129427,2.698133,-0.007328,-1.052503
-1.195544,0.007328,0.134311,2.697751,0.021978,-1.047619
-1.195544,-0.021978,0.134311,2.698133,0.007326,-1.047619
-1.195544,-0.007326,0.134311,2.697751,0.007326,-1.047619
-1.195544,0.021980,0.134311,2.697751,0.007326,-1.047619
-1.195544,-0.021978,0.134311,2.697751,0.007326,-1.047619
-1.195544,-0.007326,0.134311,2.697751,0.021978,-1.047619
-1.195544,0.007328,0.134311,2.698133,0.007326,-1.047619
-1.195544,-0.007326,0.129427,2.698133,-0.007328,-1.047619
-1.195544,-0.007326,0.129427,2.697751,0.007326,-1.052503
-1.195544,0.007328,0.129427,2.697751,0.007326,-1.052503
-1.195544,-0.007326,0.129427,2.698133,0.007326,-1.057387
-1.195544,-0.007326,0.134311,2.697751,0.007326,-1.052503
-1.195544,-0.007326,0.129427,2.698133,0.021978,-1.057387
-1.195544,-0.007326,0.134311,2.698133,0.007326,-1.057387
-1.195544,-0.007326,0.129427,2.698133,0.007326,-1.052503
-1.195544,0.007328,0.129427,2.698133,0.007326,-1.052503
-1.195544,-0.007326,0.129427,2.698133,0.021978,-1.052503
-1.195544,0.007328,0.134311,2.697751,0.007326,-1.052503
-1.195544,-0.007326,0.134311,2.697751,0.021978,-1.052503
-1.195544,-0.007326,0.134311,2.697751,0.007326,-1.047619
-1.195544,-0.007326,0.129427,2.698133,-0.007328,-1.047619
-1.195544,-0.007326,0.129427,2.697751,-0.007328,-1.047619
-1.195544,-0.021978,0.129427,2.697751,0.007326,-1.047619
-1.195544,-0.007326,0.129427,2.697751,0.007326,-1.042735
-1.195544,-0.021978,0.129427,2.697751,0.007326,-1.047619
-1.195544,-0.007326,0.129427,2.697751,-0.007328,-1.047619
-1.195544,-0.007326,0.129427,2.697751,0.021978,-1.052503
-1.195544,-0.007326,0.134311,2.697751,0.007326,-1.052503
-1.195544,-0.021978,0.134311,2.698133,0.007326,-1.047619
-1.195544,0.007328,0.129427,2.697751,-0.007328,-1.042735
-1.195544,0.007328,0.134311,2.698133,0.007326,-1.047619
-1.195544,-0.021978,0.134311,2.697751,-0.007328,-1.047619
-1.195544,0.007328,0.129427,2.698133,0.007326,-1.047619
-1.195544,-0.007326,0.134311,2.697751,0.007326,-1.047619
-1.195544,-0.007326,0.134311,2.697751,0.021978,-1.057387
-1.195544,-0.021978,0.129427,2.697751,0.007326,-1.057387
-1.195544,-0.007326,0.134311,2.698133,-0.007328,-1.052503
-1.195544,-0.021978,0.134311,2.697751,0.007326,-1.052503
-1.195544,-0.007326,0.134311,2.697751,0.007326,-1.057387
-1.195544,0.007328,0.134311,2.698133,0.007326,-1.052503
-1.195544,-0.021978,0.129427,2.698133,0.007326,-1.052503
-1.195544,-0.007326,0.129427,2.698133,-0.007328,-1.052503
-1.195544,-0.007326,0.129427,2.698133,0.007326,-1.052503
-1.195544,-0.021978,0.129427,2.697751,-0.007328,-1.052503
-1.195544,-0.007326,0.129427,2.697751,0.036631,-1.052503
-1.195544,-0.021978,0.129427,2.698133,0.021978,-1.052503
-1.195544,-0.007326,0.129427,2.698133,0.007326,-1.052503
-1.195544,0.007328,0.134311,2.697751,0.021978,-1.052503
-1.195544,-0.021978,0.129427,2.697751,0.007326,-1.052503
-1.195544,0.007328,0.134311,2.698133,0.021978,-1.052503
-1.195544,-0.007326,0.134311,2.697751,0.007326,-1.047619
-1.195544,-0.007326,0.134311,2.697751,0.007326,-1.047619
-1.195544,0.007328,0.134311,2.697751,0.007326,-1.047619
-1.195544,-0.007326,0.134311,2.698133,0.007326,-1.047619
-1.195544,-0.007326,0.134311,2.697751,0.021978,-1.047619
-1.195544,-0.007326,0.129427,2.697751,0.007326,-1.047619
-1.195544,-0.007326,0.129427,2.697751,-0.007328,-1.047619
-1.195544,-0.007326,0.129427,2.697751,0.007326,-1.042735
-1.195544,-0.021978,0.129427,2.697751,-0.007328,-1.047619
-1.195544,0.007328,0.129427,2.698133,0.007326,-1.047619
-1.195544,-0.007326,0.129427,2.697751,0.021978,-1.047619
-1.195544,-0.021978,0.129427,2.698133,0.007326,-1.042735
-1.195544,0.007328,0.129427,2.697751,-0.007328,-1.042735
-1.195544,-0.021978,0.134311,2.697751,0.007326,-1.047619
-1.195544,-0.007326,0.134311,2.697751,-0.007328,-1.042735
-1.195544,-0.007326,0.134311,2.697751,-0.007328,-1.052503
-1.195544,-0.007326,0.134311,2.698133,0.021978,-1.052503
-1.195544,-0.007326,0.134311,2.697751,0.007326,-1.052503
-1.195544,-0.007326,0.129427,2.697751,0.021978,-1.052503
-1.195544,0.007328,0.129427,2.698133,-0.007328,-1.052503
-1.195544,-0.007326,0.129427,2.698133,-0.007328,-1.052503
-1.195544,-0.007326,0.129427,2.697751,0.007326,-1.052503
-1.195544,0.007328,0.129427,2.697751,0.007326,-1.052503
-1.195544,-0.021978,0.134311,2.697751,0.021978,-1.052503
-1.195544,-0.021978,0.134311,2.698133,0.007326,-1.052503
-1.195544,-0.007326,0.129427,2.698133,-0.007328,-1.052503
-1.195544,-0.007326,0.129427,2.698133,0.007326,-1.052503
-1.195544,0.007328,0.134311,2.698133,0.007326,-1.047619
-1.195544,-0.007326,0.129427,2.698133,0.007326,-1.047619
-1.195544,-0.007326,0.129427,2.697751,-0.007328,-1.052503
-1.195544,-0.007326,0.129427,2.698133,0.021978,-1.057387
-1.195544,-0.021978,0.134311,2.698133,0.021978,-1.052503
-1.195544,0.007328,0.134311,2.697751,0.007326,-1.052503
-1.195544,-0.021978,0.134311,2.698133,0.021978,-1.057387
-1.195544,-0.021978,0.134311,2.697751,0.021978,-1.052503
-1.195544,0.007328,0.129427,2.697751,0.021978,-1.052503
-1.195544,-0.007326,0.129427,2.698133,0.021978,-1.052503
-1.195544,0.007328,0.129427,2.698133,0.021978,-1.052503
-1.195544,0.007328,0.129427,2.697751,-0.007328,-1.052503
-1.195544,-0.007326,0.134311,2.698133,0.007326,-1.057387
-1.195544,-0.021978,0.134311,2.697751,0.007326,-1.052503
-1.195544,-0.007326,0.134311,2.698133,0.007326,-1.052503
-1.195544,0.007328,0.134311,2.698133,0.021978,-1.052503
-1.195544,0.007328,0.134311,2.697751,0.021978,-1.052503
-1.195544,0.007328,0.129427,2.697751,0.007326,-1.047619
-1.195544,-0.007326,0.129427,2.697751,0.021978,-1.047619
-1.195544,-0.007326,0.129427,2.698133,0.007326,-1.047619
-1.195544,-0.007326,0.129427,2.698133,0.007326,-1.052503
-1.195544,0.007328,0.129427,2.698133,0.007326,-1.052503
-1.195544,-0.007326,0.129427,2.697751,0.007326,-1.047619
-1.195544,-0.021978,0.129427,2.697751,-0.007328,-1.052503
-1.195544,0.007328,0.129427,2.698133,0.021978,-1.057387
-1.195544,-0.021978,0.129427,2.698133,0.007326,-1.052503
-1.195544,-0.007326,0.129427,2.697751,0.007326,-1.052503
-1.195544,-0.007326,0.129427,2.697751,0.007326,-1.047619
-1.195544,-0.021978,0.129427,2.697751,0.007326,-1.052503
-1.195544,-0.007326,0.129427,2.698133,0.007326,-1.052503
-1.195544,0.007328,0.134311,2.697751,-0.007328,-1.052503
-1.195544,-0.007326,0.129427,2.698133,0.007326,-1.052503
-1.195544,-0.021978,0.134311,2.697751,0.007326,-1.052503
-1.195544,-0.021978,0.129427,2.697751,0.021978,-1.052503
-1.195544,-0.007326,0.129427,2.697751,0.021978,-1.042735
-1.195544,-0.021978,0.134311,2.697751,0.007326,-1.047619
-1.195544,-0.007326,0.134311,2.698133,0.021978,-1.047619
-1.195544,-0.007326,0.134311,2.697751,-0.007328,-1.042735
-1.195544,0.007328,0.134311,2.697751,0.007326,-1.042735
-1.195544,-0.021978,0.134311,2.698133,0.007326,-1.052503
-1.195544,0.007328,0.134311,2.697751,0.021978,-1.052503
-1.195544,0.007328,0.129427,2.698133,-0.007328,-1.047619
-1.195544,0.021980,0.129427,2.697751,0.007326,-1.047619
-1.195544,-0.007326,0.129427,2.697751,0.007326,-1.047619
-1.195544,-0.007326,0.129427,2.698133,0.007326,-1.047619
-1.195544,0.007328,0.129427,2.698133,-0.021980,-1.052503
-1.195544,-0.007326,0.129427,2.697751,0.007326,-1.052503
-1.195544,-0.007326,0.129427,2.698133,0.007326,-1.052503
-1.195544,-0.021978,0.129427,2.697751,-0.007328,-1.047619
-1.195544,0.007328,0.129427,2.697751,0.007326,-1.047619
-1.195544,-0.021978,0.129427,2.698133,0.007326,-1.052503
-1.195544,-0.007326,0.129427,2.698133,-0.007328,-1.047619
-1.195544,-0.007326,0.129427,2.697751,0.007326,-1.047619
-1.195544,-0.007326,0.129427,2.697751,0.007326,-1.047619
-1.195544,-0.007326,0.129427,2.697751,0.007326,-1.052503
-1.195544,-0.007326,0.129427,2.697751,0.007326,-1.052503
-1.195544,-0.007326,0.129427,2.697751,0.007326,-1.047619
-1.195544,-0.021978,0.134311,2.697751,0.007326,-1.042735
-1.195544,0.007328,0.134311,2.698133,0.007326,-1.042735
-1.195544,-0.021978,0.134311,2.698133,-0.007328,-1.042735
-1.195544,-0.007326,0.134311,2.697751,0.007326,-1.047619
-1.195544,-0.007326,0.134311,2.698133,0.007326,-1.047619
-1.195544,-0.007326,0.134311,2.697751,0.021978,-1.042735
-1.195544,-0.021978,0.134311,2.698133,0.007326,-1.047619
-1.195544,-0.007326,0.134311,2.698133,-0.007328,-1.047619
-1.195544,-0.021978,0.134311,2.698133,0.007326,-1.047619
-1.195544,-0.007326,0.134311,2.697751,-0.007328,-1.047619
-1.195544,-0.007326,0.134311,2.697751,0.021978,-1.047619
-1.195544,-0.007326,0.129427,2.697751,-0.007328,-1.052503
-1.195544,-0.036631,0.134311,2.697751,-0.021980,-1.047619
-1.195544,-0.007326,0.134311,2.697751,0.007326,-1.047619
-1.195544,-0.007326,0.129427,2.698133,0.021978,-1.052503
-1.195544,-0.007326,0.129427,2.697751,0.007326,-1.047619
-1.195544,-0.007326,0.129427,2.697751,0.007326,-1.042735
-1.195544,-0.007326,0.129427,2.697751,0.007326,-1.042735
-1.195544,-0.007326,0.129427,2.698133,0.007326,-1.047619
-1.195544,-0.007326,0.134311,2.697751,-0.007328,-1.052503
-1.195544,0.007328,0.134311,2.697751,0.007326,-1.052503
-1.195544,-0.007326,0.134311,2.697751,0.007326,-1.052503
-1.195544,-0.007326,0.134311,2.697751,0.007326,-1.047619
-1.195544,-0.021978,0.134311,2.697751,0.007326,-1.047619
-1.195544,0.007328,0.134311,2.698133,0.021978,-1.042735
-1.195544,-0.007326,0.129427,2.697751,0.007326,-1.047619
-1.195544,-0.007326,0.129427,2.697751,0.021978,-1.047619
-1.195544,-0.007326,0.129427,2.698133,0.007326,-1.052503
-1.195544,-0.007326,0.129427,2.697751,0.007326,-1.052503
-1.195544,0.007328,0.129427,2.698133,0.021978,-1.052503
-1.195544,-0.007326,0.134311,2.698133,-0.007328,-1.052503
-1.195544,0.021980,0.129427,2.697751,-0.007328,-1.052503
-1.195544,-0.007326,0.129427,2.697751,0.007326,-1.052503
-1.195544,-0.021978,0.134311,2.698133,0.007326,-1.052503
-1.195544,-0.021978,0.129427,2.697751,0.007326,-1.052503
-1.195544,-0.007326,0.129427,2.698133,-0.007328,-1.052503
-1.195544,-0.007326,0.134311,2.697751,0.007326,-1.052503
-1.195544,-0.007326,0.129427,2.697751,0.007326,-1.047619
-1.195544,-0.007326,0.134311,2.698133,0.007326,-1.052503
-1.195544,-0.007326,0.129427,2.697751,0.007326,-1.052503
-1.195544,-0.007326,0.129427,2.698133,0.021978,-1.052503
-1.195544,-0.007326,0.129427,2.697751,0.021978,-1.047619
-1.195544,-0.021978,0.134311,2.698133,0.007326,-1.047619
-1.195544,-0.007326,0.129427,2.697751,-0.007328,-1.047619
-1.195544,-0.007326,0.134311,2.697751,0.007326,-1.047619
-1.195544,-0.007326,0.129427,2.698133,0.007326,-1.047619
-1.195544,-0.007326,0.129427,2.698133,0.021978,-1.047619
-1.195544,-0.021978,0.129427,2.698133,0.036631,-1.042735
-1.195544,-0.021978,0.129427,2.697751,0.007326,-1.047619
-1.195544,0.007328,0.129427,2.697751,0.007326,-1.052503
-1.195544,-0.007326,0.129427,2.698133,0.007326,-1.057387
-1.195544,-0.007326,0.129427,2.697751,0.007326,-1.047619
-1.195544,0.007328,0.129427,2.697751,0.007326,-1.047619
-1.195544,-0.021978,0.134311,2.698133,-0.007328,-1.047619
-1.195544,-0.007326,0.134311,2.697751,0.007326,-1.047619
-1.195544,-0.007326,0.134311,2.697751,0.007326,-1.052503
-1.195544,-0.021978,0.134311,2.697751,0.007326,-1.047619
-1.195544,-0.007326,0.134311,2.697751,0.021978,-1.042735
-1.195544,-0.007326,0.134311,2.697751,0.007326,-1.047619
-1.195544,-0.021978,0.134311,2.697751,0.007326,-1.047619
-1.195544,-0.021978,0.134311,2.697751,0.007326,-1.047619
-1.195544,-0.007326,0.129427,2.697751,0.007326,-1.052503
-1.195544,-0.007326,0.129427,2.698133,0.007326,-1.047619
-1.195544,-0.007326,0.134311,2.698133,0.007326,-1.047619
-1.195544,-0.021978,0.129427,2.697751,-0.007328,-1.047619
-1.195544,0.007328,0.129427,2.697751,-0.007328,-1.052503
-1.195544,-0.007326,0.129427,2.697751,0.007326,-1.047619
-1.195544,-0.021978,0.134311,2.698133,0.021978,-1.042735
-1.195544,0.007328,0.129427,2.697751,-0.007328,-1.047619
-1.195544,-0.007326,0.129427,2.698133,0.007326,-1.047619
-1.195544,0.007328,0.129427,2.698133,0.007326,-1.047619
-1.195544,-0.007326,0.129427,2.698133,0.007326,-1.047619
-1.195544,-0.007326,0.129427,2.697751,0.007326,-1.052503
-1.195544,-0.007326,0.134311,2.698133,0.021978,-1.057387
-1.195544,-0.007326,0.134311,2.697751,0.007326,-1.057387
-1.195544,-0.021978,0.134311,2.697751,-0.007328,-1.057387
-1.195544,0.007328,0.134311,2.698133,0.007326,-1.052503
-1.195544,0.007328,0.129427,2.698133,0.007326,-1.047619
-1.195544,-0.007326,0.129427,2.698133,0.007326,-1.047619
-1.195544,-0.021978,0.134311,2.698133,0.007326,-1.052503
-1.195544,-0.007326,0.134311,2.698133,0.007326,-1.047619
-1.195544,-0.007326,0.134311,2.697751,0.007326,-1.052503
-1.195544,0.007328,0.129427,2.698133,0.007326,-1.052503
-1.195544,-0.007326,0.134311,2.697751,0.021978,-1.047619
-1.195544,-0.007326,0.134311,2.697751,-0.007328,-1.052503
-1.195544,-0.021978,0.129427,2.697751,-0.007328,-1.052503
-1.195544,-0.007326,0.129427,2.698133,0.021978,-1.052503
-1.195544,-0.007326,0.134311,2.697751,0.007326,-1.047619
-1.195544,-0.021978,0.134311,2.697751,0.007326,-1.052503
-1.195544,-0.021978,0.129427,2.698133,0.007326,-1.052503
-1.195544,-0.007326,0.134311,2.698133,0.007326,-1.052503
-1.195544,-0.007326,0.134311,2.697751,0.007326,-1.052503
-1.195544,-0.007326,0.129427,2.698133,0.007326,-1.052503
-1.195544,-0.007326,0.129427,2.697751,-0.007328,-1.047619
-1.195544,-0.007326,0.129427,2.698133,0.007326,-1.047619
-1.195544,-0.007326,0.129427,2.698133,0.021978,-1.047619
-1.195544,-0.007326,0.129427,2.697751,0.007326,-1.047619
-1.195544,0.007328,0.129427,2.697751,0.007326,-1.047619
-1.195544,-0.007326,0.129427,2.698133,0.021978,-1.047619
-1.195544,-0.007326,0.129427,2.697751,0.007326,-1.052503
-1.195544,-0.007326,0.134311,2.698133,-0.007328,-1.052503
-1.195544,-0.007326,0.129427,2.698133,0.007326,-1.052503
-1.195544,0.007328,0.129427,2.697751,0.007326,-1.052503
-1.195544,-0.007326,0.129427,2.698133,0.007326,-1.052503
-1.195544,-0.007326,0.129427,2.697751,0.007326,-1.047619
-1.195544,-0.007326,0.129427,2.697751,0.007326,-1.047619
-1.195544,0.007328,0.129427,2.697751,0.021978,-1.052503
-1.195544,-0.021978,0.129427,2.697751,0.007326,-1.052503
-1.195544,-0.007326,0.129427,2.698133,-0.007328,-1.052503
-1.195544,-0.007326,0.129427,2.698133,0.007326,-1.047619
-1.195544,-0.007326,0.129427,2.697751,-0.007328,-1.047619
-1.195544,0.007328,0.129427,2.698133,0.021978,-1.052503
-1.195544,0.007328,0.134311,2.697751,-0.007328,-1.052503
-1.195544,-0.007326,0.134311,2.697751,0.007326,-1.052503
-1.195544,-0.007326,0.129427,2.698133,0.021978,-1.052503
-1.195544,-0.021978,0.134311,2.697751,0.007326,-1.047619
-1.195544,-0.007326,0.134311,2.697751,0.021978,-1.052503
-1.195544,-0.007326,0.134311,2.697751,0.007326,-1.057387
-1.195544,-0.007326,0.134311,2.697751,0.007326,-1.052503
-1.195544,-0.007326,0.129427,2.698133,0.021978,-1.047619
-1.195544,-0.021978,0.129427,2.697751,0.021978,-1.047619
-1.195544,-0.007326,0.129427,2.698133,0.021978,-1.042735
-1.195544,-0.021978,0.129427,2.697751,-0.007328,-1.047619
-1.195544,0.007328,0.129427,2.697751,0.007326,-1.052503
-1.195544,-0.007326,0.129427,2.698133,0.007326,-1.052503
-1.195544,-0.007326,0.134311,2.697751,0.007326,-1.047619
-1.195544,0.007328,0.129427,2.697751,0.021978,-1.052503
-1.195544,-0.007326,0.129427,2.697751,0.007326,-1.052503
-1.195544,-0.007326,0.134311,2.697751,0.007326,-1.052503
-1.195544,0.007328,0.129427,2.698133,0.021978,-1.057387
-1.195544,-0.021978,0.129427,2.697751,0.021978,-1.047619
-1.195544,-0.007326,0.134311,2.698133,0.007326,-1.047619
-1.195544,-0.007326,0.129427,2.697751,0.021978,-1.047619
-1.195544,0.007328,0.134311,2.698133,0.021978,-1.047619
-1.195544,-0.007326,0.134311,2.697751,0.007326,-1.047619
-1.195544,0.007328,0.134311,2.698133,0.007326,-1.047619
-1.195544,-0.021978,0.129427,2.697751,-0.007328,-1.047619
-1.195544,-0.007326,0.134311,2.697751,0.007326,-1.052503
-1.195544,-0.007326,0.129427,2.697751,0.007326,-1.052503
-1.195544,0.007328,0.129427,2.698133,0.007326,-1.047619
-1.195544,-0.021978,0.129427,2.697751,0.007326,-1.052503
-1.195544,0.007328,0.134311,2.698133,0.007326,-1.052503
-1.195544,-0.007326,0.134311,2.698133,-0.007328,-1.052503
-1.195544,-0.007326,0.129427,2.697751,-0.007328,-1.052503
-1.195544,-0.007326,0.129427,2.697751,0.007326,-1.052503
-1.195544,-0.007326,0.129427,2.697751,0.007326,-1.052503
-1.195544,-0.007326,0.134311,2.698133,0.021978,-1.052503
-1.195544,-0.007326,0.129427,2.698133,0.007326,-1.052503
-1.195544,0.007328,0.134311,2.697751,-0.007328,-1.047619
-1.195544,-0.021978,0.134311,2.697751,0.021978,-1.052503
-1.195544,-0.007326,0.134311,2.697751,0.021978,-1.052503
-1.195544,-0.007326,0.134311,2.698133,0.007326,-1.042735
-1.195544,0.007328,0.129427,2.698133,0.007326,-1.042735
-1.195544,0.007328,0.129427,2.697751,-0.007328,-1.047619
-1.195544,-0.007326,0.129427,2.698133,0.007326,-1.047619
-1.195544,-0.021978,0.129427,2.697751,-0.007328,-1.047619
-1.195544,-0.007326,0.129427,2.697751,-0.007328,-1.052503
-1.195544,-0.007326,0.134311,2.698133,0.021978,-1.052503
-1.195544,-0.007326,0.134311,2.697751,-0.007328,-1.052503
-1.195544,-0.007326,0.134311,2.697751,0.007326,-1.052503
-1.195544,-0.021978,0.129427,2.697751,0.007326,-1.052503
-1.195544,-0.007326,0.129427,2.697751,-0.007328,-1.052503
-1.195544,-0.007326,0.129427,2.697751,-0.021980,-1.047619
-1.195544,0.007328,0.129427,2.697751,0.021978,-1.042735
-1.195544,0.007328,0.134311,2.697751,0.021978,-1.047619
-1.195544,-0.007326,0.129427,2.697751,0.007326,-1.047619
-1.195544,0.007328,0.129427,2.697751,-0.007328,-1.047619
-1.195544,-0.007326,0.129427,2.697751,0.007326,-1.052503
-1.195544,0.007328,0.134311,2.697751,0.007326,-1.052503
-1.195544,-0.007326,0.134311,2.698133,0.007326,-1.052503
-1.195544,-0.007326,0.134311,2.698133,0.007326,-1.047619
-1.195544,-0.007326,0.134311,2.697751,0.007326,-1.052503
-1.195544,-0.021978,0.134311,2.697751,0.021978,-1.052503
-1.195544,-0.007326,0.134311,2.697751,0.007326,-1.052503
-1.195544,0.007328,0.134311,2.697751,0.007326,-1.052503
-1.195544,-0.007326,0.129427,2.697751,0.007326,-1.057387
-1.195544,-0.021978,0.129427,2.697751,0.007326,-1.047619
-1.195544,-0.007326,0.129427,2.697751,0.007326,-1.047619
-1.195544,-0.021978,0.129427,2.698133,0.007326,-1.052503
-1.195544,0.007328,0.129427,2.697751,0.007326,-1.047619
-1.195544,-0.007326,0.129427,2.697751,0.007326,-1.047619
-1.195544,-0.007326,0.129427,2.697751,0.007326,-1.047619
-1.195544,-0.007326,0.134311,2.697751,-0.007328,-1.042735
-1.195544,-0.007326,0.129427,2.697751,0.007326,-1.042735
-1.195544,0.007328,0.129427,2.697751,-0.007328,-1.042735
-1.195544,0.007328,0.129427,2.697751,0.007326,-1.047619
-1.195544,-0.021978,0.129427,2.698133,0.021978,-1.047619
-1.195544,-0.021978,0.134311,2.698133,-0.007328,-1.047619
-1.195544,-0.021978,0.134311,2.698133,0.007326,-1.047619
-1.195544,-0.007326,0.129427,2.697751,0.007326,-1.047619
-1.195544,-0.007326,0.129427,2.697751,0.007326,-1.047619
-1.195544,-0.007326,0.129427,2.697751,0.007326,-1.047619
-1.195544,-0.021978,0.134311,2.697751,-0.007328,-1.047619
-1.195544,-0.021978,0.129427,2.698133,0.007326,-1.047619
-1.195544,-0.007326,0.129427,2.697751,0.007326,-1.052503
-1.195544,-0.007326,0.134311,2.698133,0.007326,-1.052503
-1.195544,-0.021978,0.134311,2.697751,0.007326,-1.052503
-1.195544,-0.007326,0.134311,2.697751,0.007326,-1.052503
-1.195544,-0.007326,0.134311,2.697751,0.007326,-1.047619
-1.195544,-0.007326,0.129427,2.698133,0.021978,-1.052503
-1.195544,-0.007326,0.134311,2.698133,0.007326,-1.052503
-1.195544,-0.007326,0.129427,2.698133,0.007326,-1.052503
-1.195544,-0.007326,0.129427,2.698133,-0.007328,-1.057387
-1.195544,0.007328,0.129427,2.698133,0.021978,-1.052503
-1.195544,0.007328,0.129427,2.697751,0.007326,-1.047619
-1.195544,-0.007326,0.129427,2.698133,0.007326,-1.047619
-1.195544,-0.021978,0.129427,2.698133,0.036631,-1.047619
-1.195544,-0.007326,0.129427,2.697751,0.007326,-1.052503
-1.195544,-0.021978,0.134311,2.697751,-0.007328,-1.057387
-1.195544,-0.007326,0.129427,2.698133,0.007326,-1.057387
-1.195544,-0.007326,0.129427,2.697751,0.021978,-1.057387
-1.195544,-0.007326,0.129427,2.697751,-0.007328,-1.052503
-1.195544,-0.021978,0.129427,2.698133,0.021978,-1.052503
-1.195544,-0.007326,0.129427,2.697751,0.007326,-1.052503
-1.195544,-0.021978,0.134311,2.697751,0.021978,-1.057387
-1.195544,0.007328,0.134311,2.697751,0.007326,-1.052503
-1.195544,-0.007326,0.129427,2.697751,-0.007328,-1.052503
-1.195544,-0.007326,0.129427,2.697751,0.007326,-1.052503
-1.195544,0.007328,0.129427,2.698133,0.007326,-1.047619
-1.195544,0.007328,0.129427,2.697751,0.007326,-1.047619
-1.195544,-0.007326,0.134311,2.697751,0.007326,-1.047619
-1.195544,0.021980,0.129427,2.698133,0.021978,-1.052503
-1.195544,-0.021978,0.129427,2.697751,-0.007328,-1.047619
-1.195544,-0.021978,0.129427,2.698133,0.007326,-1.047619
-1.195544,-0.007326,0.129427,2.698133,0.007326,-1.047619
-1.195544,-0.007326,0.129427,2.697751,0.007326,-1.052503
-1.195544,-0.007326,0.129427,2.697751,0.007326,-1.052503
-1.195544,-0.007326,0.129427,2.697751,0.021978,-1.047619
-1.195544,0.007328,0.129427,2.698133,0.021978,-1.047619
-1.195544,-0.021978,0.129427,2.698133,0.021978,-1.047619
-1.195544,-0.007326,0.134311,2.697751,0.007326,-1.047619
-1.195544,0.007328,0.129427,2.698133,0.007326,-1.052503
-1.195544,0.007328,0.129427,2.697751,0.007326,-1.052503
-1.195544,-0.007326,0.129427,2.698133,0.007326,-1.052503
-1.195544,-0.007326,0.134311,2.698133,0.007326,-1.047619
-1.195544,-0.007326,0.129427,2.698133,0.007326,-1.052503
-1.195544,-0.021978,0.129427,2.698133,0.007326,-1.047619
-1.195544,-0.007326,0.129427,2.698133,-0.007328,-1.052503
-1.195544,-0.007326,0.129427,2.697751,0.007326,-1.052503
-1.195544,-0.007326,0.129427,2.698133,0.007326,-1.052503
-1.195544,-0.007326,0.129427,2.697751,0.021978,-1.052503
-1.195544,-0.007326,0.129427,2.697751,-0.007328,-1.047619
-1.195544,-0.007326,0.129427,2.697751,0.007326,-1.052503
-1.195544,0.007328,0.129427,2.697751,0.007326,-1.052503
-1.195544,0.007328,0.134311,2.698133,0.021978,-1.052503
-1.195544,-0.007326,0.129427,2.697751,0.021978,-1.052503
-1.195544,-0.007326,0.129427,2.698133,0.021978,-1.052503
-1.195544,-0.021978,0.129427,2.697751,-0.007328,-1.052503
-1.195544,-0.021978,0.134311,2.697751,0.007326,-1.047619
-1.195544,-0.021978,0.134311,2.698133,0.021978,-1.052503
-1.195544,-0.007326,0.129427,2.697751,-0.007328,-1.047619
-1.195544,-0.007326,0.129427,2.697751,0.021978,-1.047619
-1.195544,-0.007326,0.134311,2.697751,0.021978,-1.052503
-1.195544,-0.007326,0.134311,2.698133,0.007326,-1.052503
-1.195544,-0.007326,0.129427,2.698133,0.007326,-1.047619
-1.195544,-0.021978,0.129427,2.697751,0.021978,-1.052503
-1.195544,-0.021978,0.129427,2.697751,0.007326,-1.052503
-1.195544,-0.007326,0.129427,2.697751,0.021978,-1.047619
-1.195544,-0.007326,0.134311,2.697751,-0.007328,-1.042735
-1.195544,-0.007326,0.134311,2.698133,0.007326,-1.042735
-1.195544,0.007328,0.129427,2.698133,0.007326,-1.047619
-1.195544,-0.007326,0.129427,2.698133,0.021978,-1.047619
-1.195544,-0.007326,0.129427,2.697751,0.021978,-1.042735
-1.195544,-0.007326,0.129427,2.697751,0.021978,-1.042735
-1.195544,-0.007326,0.129427,2.697751,0.021978,-1.047619
-1.195544,-0.007326,0.129427,2.697751,-0.007328,-1.047619
-1.195544,0.007328,0.134311,2.697751,0.021978,-1.052503
-1.195544,-0.021978,0.134311,2.697751,0.007326,-1.052503
-1.195544,-0.007326,0.134311,2.697751,0.021978,-1.047619
-1.195544,-0.007326,0.134311,2.697751,0.021978,-1.052503
-1.195544,-0.036631,0.134311,2.697751,0.007326,-1.052503
-1.195544,-0.007326,0.129427,2.698133,0.021978,-1.052503
-1.195544,-0.007326,0.129427,2.697751,0.007326,-1.057387
-1.195544,-0.007326,0.134311,2.698133,0.007326,-1.052503
-1.195544,0.007328,0.134311,2.698133,0.007326,-1.047619
-1.195544,-0.021978,0.129427,2.697751,0.007326,-1.052503
-1.195544,-0.007326,0.129427,2.697751,0.007326,-1.052503
-1.195544,-0.021978,0.129427,2.698133,0.021978,-1.057387
-1.195544,-0.021978,0.134311,2.698133,0.007326,-1.052503
-1.195544,0.007328,0.129427,2.697751,0.021978,-1.047619
-1.195544,-0.007326,0.134311,2.697751,-0.007328,-1.047619
-1.195544,0.007328,0.134311,2.697751,0.021978,-1.047619
-1.195544,-0.021978,0.134311,2.698133,-0.007328,-1.047619
-1.195544,-0.007326,0.129427,2.697751,0.007326,-1.047619
-1.195544,-0.007326,0.134311,2.698133,0.007326,-1.052503
-1.195544,-0.007326,0.134311,2.698133,-0.007328,-1.052503
-1.195544,-0.007326,0.134311,2.697751,0.007326,-1.052503
-1.195544,-0.007326,0.134311,2.697751,-0.007328,-1.052503
-1.195544,-0.021978,0.134311,2.697751,0.007326,-1.047619
-1.195544,-0.007326,0.134311,2.697751,0.007326,-1.052503
-1.195544,-0.007326,0.129427,2.697751,0.007326,-1.052503
-1.195544,-0.007326,0.134311,2.698133,0.007326,-1.052503
-1.195544,-0.007326,0.129427,2.698133,0.007326,-1.047619
-1.195544,-0.007326,0.129427,2.697751,-0.007328,-1.047619
-1.195544,-0.007326,0.129427,2.697751,-0.007328,-1.052503
-1.195544,-0.007326,0.134311,2.698133,0.007326,-1.047619
-1.195544,0.007328,0.129427,2.697751,-0.007328,-1.047619
-1.195544,-0.021978,0.134311,2.697751,0.007326,-1.047619
-1.195544,-0.007326,0.129427,2.697751,0.007326,-1.047619
-1.195544,-0.007326,0.129427,2.697751,0.007326,-1.047619
-1.195544,-0.007326,0.134311,2.698133,-0.007328,-1.047619
-1.195544,0.007328,0.134311,2.697751,0.021978,-1.047619
-1.195544,-0.007326,0.134311,2.697751,0.021978,-1.052503
-1.195544,-0.007326,0.129427,2.697751,-0.007328,-1.052503
-1.195544,-0.021978,0.129427,2.697751,0.021978,-1.052503
-1.195544,-0.021978,0.129427,2.697751,-0.007328,-1.052503
-1.195544,0.007328,0.134311,2.697751,-0.007328,-1.052503
-1.195544,-0.021978,0.129427,2.697751,0.021978,-1.047619
-1.195544,0.007328,0.129427,2.697751,0.007326,-1.052503
-1.195544,-0.021978,0.129427,2.698133,0.007326,-1.047619
-1.195544,-0.007326,0.134311,2.697751,0.007326,-1.047619
-1.195544,0.007328,0.129427,2.697751,0.021978,-1.052503
-1.195544,-0.021978,0.129427,2.697751,0.021978,-1.047619
-1.195544,0.007328,0.129427,2.698133,0.021978,-1.052503
-1.195544,0.007328,0.129427,2.697751,0.007326,-1.052503
-1.195544,-0.007326,0.134311,2.697751,0.007326,-1.052503
-1.195544,-0.007326,0.134311,2.697751,-0.007328,-1.052503
-1.195544,-0.007326,0.134311,2.697751,0.021978,-1.052503
-1.195544,0.007328,0.134311,2.698133,-0.007328,-1.052503
-1.195544,-0.007326,0.129427,2.697751,0.007326,-1.052503
-1.195544,-0.007326,0.129427,2.698133,0.007326,-1.052503
-1.195544,-0.007326,0.129427,2.697751,-0.007328,-1.052503
-1.195544,0.007328,0.129427,2.697751,-0.007328,-1.047619
-1.195544,0.021980,0.129427,2.698133,0.007326,-1.047619
-1.195544,-0.007326,0.129427,2.697751,-0.007328,-1.042735
-1.195544,-0.007326,0.134311,2.697751,0.021978,-1.052503
-1.195544,-0.007326,0.134311,2.698133,0.021978,-1.047619
-1.195544,-0.007326,0.134311,2.697751,-0.007328,-1.042735
-1.195544,0.007328,0.129427,2.697751,0.007326,-1.047619
-1.195544,0.007328,0.129427,2.697751,0.007326,-1.052503
-1.195544,-0.007326,0.134311,2.697751,0.021978,-1.052503
-1.195544,-0.007326,0.129427,2.697751,0.007326,-1.052503
-1.195544,-0.007326,0.129427,2.697751,0.007326,-1.052503
-1.195544,-0.007326,0.129427,2.697751,-0.007328,-1.047619
-1.195544,-0.007326,0.129427,2.697751,0.007326,-1.047619
-1.195544,-0.007326,0.129427,2.698133,0.021978,-1.047619
-1.195544,-0.007326,0.134311,2.697751,0.007326,-1.042735
-1.195544,-0.021978,0.129427,2.698133,0.021978,-1.047619
-1.195544,-0.007326,0.129427,2.698133,0.007326,-1.047619
-1.195544,-0.036631,0.134311,2.697751,-0.007328,-1.042735
-1.195544,-0.007326,0.134311,2.697751,-0.007328,-1.042735
-1.195544,0.007328,0.129427,2.697751,-0.007328,-1.047619
-1.195544,-0.007326,0.134311,2.697751,0.007326,-1.052503
-1.195544,-0.007326,0.129427,2.697751,0.007326,-1.052503
-1.195544,-0.007326,0.134311,2.697751,-0.007328,-1.052503
-1.195544,-0.007326,0.134311,2.697751,0.021978,-1.047619
-1.195544,-0.007326,0.134311,2.697751,0.007326,-1.047619
-1.195544,-0.007326,0.129427,2.698133,0.021978,-1.047619
-1.195544,-0.007326,0.134311,2.697751,-0.007328,-1.047619
-1.195544,-0.007326,0.129427,2.698133,-0.007328,-1.042735
-1.195544,-0.007326,0.129427,2.697751,-0.007328,-1.047619
-1.195544,0.007328,0.134311,2.697751,0.007326,-1.047619
-1.195544,-0.021978,0.134311,2.698133,0.007326,-1.047619
-1.195544,-0.007326,0.134311,2.697751,-0.007328,-1.052503
-1.195544,-0.007326,0.129427,2.698133,0.021978,-1.057387
-1.195544,-0.007326,0.134311,2.698133,0.007326,-1.052503
-1.195544,-0.007326,0.129427,2.698133,0.007326,-1.047619
-1.195544,-0.007326,0.129427,2.697751,0.007326,-1.047619
-1.195544,-0.007326,0.129427,2.697751,0.007326,-1.052503
-1.195544,-0.007326,0.129427,2.697751,0.007326,-1.052503
-1.195544,-0.007326,0.129427,2.697751,0.021978,-1.052503
-1.195544,-0.007326,0.129427,2.697751,0.007326,-1.047619
-1.195544,-0.021978,0.134311,2.698133,0.007326,-1.047619
-1.195544,-0.007326,0.134311,2.697751,-0.007328,-1.047619
-1.195544,-0.007326,0.134311,2.697751,0.021978,-1.052503
-1.195544,-0.007326,0.134311,2.698133,0.007326,-1.052503
-1.195544,-0.007326,0.134311,2.697751,0.007326,-1.047619
-1.195544,-0.021978,0.134311,2.697751,0.007326,-1.047619
-1.195544,0.007328,0.129427,2.698133,0.007326,-1.047619
-1.195544,-0.007326,0.129427,2.697751,-0.007328,-1.047619
-1.195544,-0.007326,0.134311,2.697751,0.007326,-1.052503
-1.195544,-0.021978,0.134311,2.698133,0.007326,-1.057387
-1.195544,-0.007326,0.129427,2.697751,0.007326,-1.062271
-1.195544,-0.007326,0.129427,2.698133,-0.007328,-1.057387
-1.195544,-0.007326,0.129427,2.697751,0.007326,-1.052503
-1.195544,-0.007326,0.134311,2.698133,0.021978,-1.052503
-1.195544,-0.007326,0.134311,2.697751,0.007326,-1.052503
-1.195544,-0.007326,0.129427,2.698133,0.007326,-1.052503
-1.195544,-0.021978,0.129427,2.698133,0.007326,-1.047619
-1.195544,-0.007326,0.129427,2.697751,0.007326,-1.052503
-1.195544,-0.007326,0.129427,2.697751,0.007326,-1.052503
-1.195544,0.007328,0.129427,2.697751,0.007326,-1.057387
-1.195544,-0.036631,0.134311,2.698133,0.007326,-1.057387
-1.195544,-0.021978,0.129427,2.697751,0.007326,-1.052503
-1.195544,-0.007326,0.129427,2.698133,0.007326,-1.047619
-1.195544,-0.021978,0.134311,2.698133,0.021978,-1.047619
-1.195544,-0.021978,0.134311,2.697751,0.007326,-1.047619
-1.195544,-0.007326,0.129427,2.697751,0.007326,-1.047619
-1.195544,-0.007326,0.134311,2.698133,0.007326,-1.052503
-1.195544,-0.021978,0.129427,2.698133,0.021978,-1.047619
-1.195544,-0.007326,0.134311,2.697751,-0.007328,-1.052503
-1.195544,-0.021978,0.134311,2.698133,0.021978,-1.047619
-1.195544,-0.021978,0.134311,2.698133,0.007326,-1.047619
-1.195544,-0.007326,0.134311,2.697751,0.021978,-1.047619
-1.195544,-0.007326,0.134311,2.697751,0.007326,-1.047619
-1.195544,-0.007326,0.134311,2.697751,0.007326,-1.052503
-1.195544,-0.007326,0.134311,2.698133,0.007326,-1.047619
-1.195544,-0.007326,0.134311,2.697751,0.007326,-1.047619
-1.195544,-0.007326,0.129427,2.697751,0.007326,-1.052503
-1.195544,-0.007326,0.129427,2.697751,-0.007328,-1.052503
-1.195544,0.007328,0.129427,2.697751,0.007326,-1.047619
-1.195544,-0.021978,0.134311,2.697751,-0.007328,-1.047619
-1.195544,-0.007326,0.129427,2.698133,0.007326,-1.047619
-1.195544,-0.007326,0.134311,2.698133,0.021978,-1.047619
-1.195544,0.007328,0.134311,2.697751,0.007326,-1.052503
-1.195544,-0.021978,0.129427,2.697751,0.007326,-1.047619
-1.195544,0.007328,0.129427,2.697751,-0.007328,-1.047619
-1.195544,-0.007326,0.134311,2.697751,0.021978,-1.047619
-1.195544,0.007328,0.134311,2.697751,0.007326,-1.047619
-1.195544,-0.036631,0.134311,2.697751,0.021978,-1.047619
-1.195544,-0.007326,0.129427,2.698133,0.007326,-1.052503
-1.195544,-0.007326,0.134311,2.697751,0.007326,-1.057387
-1.195544,-0.007326,0.134311,2.697751,0.021978,-1.047619
-1.195544,0.007328,0.134311,2.697751,-0.007328,-1.047619
-1.195544,0.007328,0.134311,2.698133,0.007326,-1.047619
-1.195544,-0.007326,0.134311,2.698133,0.007326,-1.052503
-1.195544,-0.007326,0.129427,2.698133,0.021978,-1.047619
-1.195544,0.007328,0.129427,2.697751,-0.007328,-1.042735
-1.195544,0.007328,0.134311,2.698133,0.007326,-1.047619
-1.195544,-0.007326,0.129427,2.697751,0.007326,-1.047619
-1.195544,-0.007326,0.134311,2.697751,0.007326,-1.052503
-1.195544,-0.007326,0.134311,2.697751,0.007326,-1.052503
-1.195544,0.007328,0.134311,2.697751,0.007326,-1.052503
-1.195544,-0.007326,0.134311,2.697751,0.021978,-1.052503
-1.195544,-0.007326,0.134311,2.698133,0.021978,-1.052503
-1.195544,-0.021978,0.134311,2.697751,0.007326,-1.052503
-1.195544,-0.021978,0.129427,2.697751,0.007326,-1.052503
-1.195544,0.007328,0.129427,2.697751,0.007326,-1.052503
-1.195544,-0.021978,0.129427,2.697751,0.021978,-1.052503
-1.195544,0.007328,0.134311,2.697751,0.007326,-1.047619
-1.195544,-0.021978,0.129427,2.697751,0.007326,-1.047619
-1.195544,-0.007326,0.129427,2.697751,-0.007328,-1.047619
-1.195544,0.021980,0.129427,2.698133,0.007326,-1.047619
-1.195544,0.007328,0.129427,2.697751,-0.007328,-1.052503
-1.195544,-0.007326,0.134311,2.698133,0.007326,-1.052503
-1.195544,-0.007326,0.129427,2.697751,0.007326,-1.047619
-1.195544,-0.007326,0.129427,2.697751,0.007326,-1.047619
-1.195544,-0.007326,0.134311,2.697751,0.021978,-1.052503
-1.195544,-0.021978,0.129427,2.698133,0.007326,-1.047619
-1.195544,-0.007326,0.129427,2.697751,-0.007328,-1.047619
-1.195544,-0.007326,0.129427,2.697751,-0.007328,-1.047619
-1.195544,-0.007326,0.134311,2.698133,0.007326,-1.052503
-1.195544,-0.021978,0.134311,2.698133,0.021978,-1.047619
-1.195544,-0.007326,0.134311,2.698133,0.007326,-1.047619
-1.195544,-0.007326,0.134311,2.697751,0.007326,-1.047619
-1.195544,-0.021978,0.134311,2.697751,0.007326,-1.047619
-1.195544,0.007328,0.129427,2.698133,-0.007328,-1.052503
-1.195544,-0.007326,0.129427,2.698133,0.007326,-1.047619
-1.195544,-0.007326,0.134311,2.698133,0.007326,-1.052503
-1.195544,-0.007326,0.134311,2.697751,0.007326,-1.047619
-1.195544,-0.007326,0.129427,2.697751,0.007326,-1.042735
-1.195544,-0.007326,0.129427,2.698133,0.021978,-1.047619
-1.195544,-0.007326,0.129427,2.697751,0.007326,-1.047619
-1.195544,-0.021978,0.129427,2.698133,0.007326,-1.052503
-1.195544,-0.007326,0.129427,2.697751,0.007326,-1.047619
-1.195544,-0.007326,0.129427,2.697751,-0.007328,-1.052503
-1.195544,-0.007326,0.129427,2.698133,0.007326,-1.052503
-1.195544,0.007328,0.129427,2.697751,0.007326,-1.052503
-1.195544,-0.007326,0.129427,2.698133,0.021978,-1.052503
-1.195544,-0.007326,0.129427,2.698133,-0.007328,-1.047619
-1.195544,-0.007326,0.129427,2.698133,0.007326,-1.047619
-1.195544,-0.007326,0.134311,2.697751,0.007326,-1.047619
-1.195544,-0.021978,0.134311,2.697751,0.021978,-1.052503
-1.195544,0.007328,0.134311,2.698133,0.007326,-1.052503
-1.195544,-0.021978,0.134311,2.698133,0.007326,-1.052503
-1.195544,0.007328,0.134311,2.697751,-0.007328,-1.052503
-1.195544,-0.007326,0.134311,2.697751,0.007326,-1.052503
-1.195544,-0.007326,0.134311,2.698133,0.007326,-1.047619
-1.195544,-0.007326,0.134311,2.697751,0.007326,-1.047619
-1.195544,-0.007326,0.139194,2.697751,-0.007328,-1.052503
-1.195544,-0.007326,0.139194,2.698133,0.021978,-1.052503
-1.195544,-0.007326,0.134311,2.697751,0.007326,-1.052503
-1.195544,-0.021978,0.134311,2.698133,0.036631,-1.047619
-1.195544,-0.007326,0.134311,2.698133,0.007326,-1.042735
-1.195544,-0.007326,0.134311,2.698133,0.007326,-1.047619
-1.195544,-0.007326,0.134311,2.697751,0.021978,-1.047619
-1.195544,-0.007326,0.134311,2.697751,0.007326,-1.052503
-1.195544,-0.007326,0.134311,2.698133,0.036631,-1.047619
-1.195544,-0.007326,0.134311,2.698133,0.007326,-1.047619
-1.195544,-0.021978,0.134311,2.697751,0.007326,-1.052503
-1.195544,-0.007326,0.134311,2.698133,0.007326,-1.052503
-1.195544,-0.007326,0.139194,2.697751,0.007326,-1.047619
-1.195544,-0.007326,0.139194,2.697751,-0.007328,-1.052503
-1.195544,-0.021978,0.139194,2.698133,0.007326,-1.052503
-1.195544,-0.007326,0.134311,2.698133,0.007326,-1.052503
-1.195544,-0.007326,0.134311,2.697751,0.007326,-1.047619
-1.195544,-0.007326,0.134311,2.698133,0.021978,-1.047619
-1.195544,0.007328,0.139194,2.697751,0.007326,-1.047619
-1.195544,0.007328,0.139194,2.698133,0.007326,-1.047619
-1.195544,-0.021978,0.134311,2.698133,0.021978,-1.047619
-1.195544,-0.021978,0.139194,2.697751,-0.021980,-1.042735
-1.195544,-0.007326,0.139194,2.697751,0.007326,-1.047619
-1.195544,-0.007326,0.139194,2.697751,0.021978,-1.052503
-1.195544,-0.007326,0.139194,2.697751,0.021978,-1.052503
-1.195544,-0.021978,0.134311,2.698133,0.007326,-1.057387
-1.195544,0.007328,0.139194,2.697751,-0.007328,-1.052503
-1.195544,-0.007326,0.139194,2.697751,0.007326,-1.047619
-1.195544,-0.007326,0.139194,2.698133,0.007326,-1.052503
-1.195544,-0.007326,0.134311,2.697751,0.007326,-1.052503
-1.195544,-0.021978,0.134311,2.697751,-0.007328,-1.052503
-1.195544,-0.007326,0.139194,2.698133,0.007326,-1.052503
-1.195544,-0.007326,0.139194,2.697751,0.021978,-1.047619
-1.195544,-0.007326,0.139194,2.697751,0.007326,-1.047619
-1.195544,-0.036631,0.134311,2.698133,0.021978,-1.047619
-1.195544,-0.021978,0.134311,2.697751,0.021978,-1.047619
-1.195544,-0.021978,0.129427,2.698133,-0.007328,-1.047619
-1.195544,0.007328,0.134311,2.697751,0.021978,-1.052503
-1.195544,-0.007326,0.134311,2.698133,-0.007328,-1.047619
-1.195544,-0.007326,0.134311,2.697751,0.007326,-1.047619
-1.195544,-0.007326,0.134311,2.698133,-0.007328,-1.052503
-1.195544,-0.007326,0.134311,2.698133,0.007326,-1.052503
-1.195544,-0.007326,0.134311,2.697751,0.007326,-1.047619
-1.195544,-0.021978,0.139194,2.698133,0.007326,-1.047619
-1.195544,-0.007326,0.139194,2.697751,0.021978,-1.052503
-1.195544,-0.007326,0.139194,2.697751,0.007326,-1.057387
-1.195544,-0.007326,0.139194,2.697751,-0.007328,-1.052503
-1.195544,-0.007326,0.139194,2.697751,0.007326,-1.057387
-1.195544,-0.021978,0.134311,2.698133,0.021978,-1.052503
-1.195544,-0.007326,0.134311,2.698133,0.007326,-1.047619
-1.195544,-0.007326,0.134311,2.697751,-0.007328,-1.047619
-1.195544,-0.007326,0.139194,2.698133,0.021978,-1.052503
-1.195544,-0.007326,0.139194,2.698133,-0.007328,-1.047619
-1.195544,-0.007326,0.139194,2.698133,0.007326,-1.047619
-1.195544,0.007328,0.139194,2.697751,0.007326,-1.052503
-1.195544,-0.021978,0.139194,2.698133,0.021978,-1.052503
-1.195544,-0.007326,0.139194,2.697751,0.007326,-1.052503
-1.195544,-0.021978,0.139194,2.697751,0.007326,-1.052503
-1.195544,0.007328,0.134311,2.698133,0.007326,-1.052503
-1.195544,-0.007326,0.134311,2.698133,0.007326,-1.052503
-1.195544,-0.021978,0.134311,2.698133,0.007326,-1.052503
-1.195544,-0.007326,0.139194,2.698133,0.007326,-1.047619
-1.195544,-0.007326,0.134311,2.697751,0.007326,-1.052503
-1.195544,-0.007326,0.134311,2.697751,-0.007328,-1.047619
-1.195544,-0.007326,0.134311,2.698133,0.007326,-1.052503
-1.195544,-0.021978,0.134311,2.697751,0.007326,-1.047619
-1.195544,-0.021978,0.134311,2.698133,0.007326,-1.052503
-1.195544,0.007328,0.134311,2.698133,-0.007328,-1.052503
-1.195544,-0.021978,0.134311,2.698133,-0.007328,-1.052503
-1.195544,-0.007326,0.139194,2.698133,0.021978,-1.052503
-1.195544,-0.007326,0.134311,2.698133,0.007326,-1.047619
-1.195544,-0.021978,0.139194,2.698133,0.021978,-1.052503
-1.195544,-0.007326,0.139194,2.697751,-0.007328,-1.047619
-1.195544,-0.007326,0.139194,2.698133,0.021978,-1.047619
-1.195544,0.007328,0.134311,2.697751,0.007326,-1.047619
-1.195544,-0.007326,0.134311,2.698133,0.007326,-1.052503
-1.195544,-0.007326,0.139194,2.698133,0.021978,-1.052503
-1.195544,-0.021978,0.139194,2.697751,-0.007328,-1.047619
-1.195544,-0.007326,0.134311,2.697751,0.021978,-1.047619
-1.195544,-0.007326,0.139194,2.698133,0.007326,-1.047619
-1.195544,-0.007326,0.139194,2.697751,-0.007328,-1.047619
-1.195544,-0.007326,0.134311,2.697751,0.021978,-1.047619
-1.195544,-0.021978,0.134311,2.697751,0.007326,-1.047619
-1.195544,0.007328,0.134311,2.698133,0.007326,-1.047619
-1.195544,-0.007326,0.134311,2.698133,-0.007328,-1.047619
-1.195544,-0.007326,0.134311,2.698133,0.007326,-1.052503
-1.195544,-0.007326,0.134311,2.697751,0.007326,-1.052503
-1.195544,0.007328,0.134311,2.697751,0.007326,-1.052503
-1.195544,0.007328,0.134311,2.698133,0.021978,-1.052503
-1.195544,-0.021978,0.139194,2.697751,-0.007328,-1.047619
-1.195544,-0.007326,0.134311,2.698133,0.007326,-1.047619
-1.195544,-0.021978,0.134311,2.698133,0.007326,-1.047619
-1.195544,-0.021978,0.134311,2.697751,-0.007328,-1.047619
-1.195544,-0.007326,0.134311,2.698133,0.021978,-1.052503
-1.195544,-0.007326,0.134311,2.697751,0.007326,-1.047619
-1.195544,-0.007326,0.139194,2.697751,0.007326,-1.052503
-1.195544,-0.007326,0.134311,2.698133,0.021978,-1.047619
-1.195544,-0.007326,0.134311,2.697751,-0.007328,-1.052503
-1.195544,0.007328,0.134311,2.697751,0.021978,-1.052503
-1.195544,-0.007326,0.134311,2.698133,0.007326,-1.057387
-1.195544,-0.007326,0.134311,2.697751,-0.007328,-1.052503
-1.195544,0.007328,0.134311,2.697751,0.007326,-1.047619
-1.195544,-0.007326,0.134311,2.698133,0.021978,-1.047619
-1.195544,-0.007326,0.134311,2.697751,0.007326,-1.042735
-1.195544,-0.021978,0.134311,2.697751,-0.007328,-1.047619
-1.195544,-0.007326,0.139194,2.697751,0.021978,-1.047619
-1.195544,0.007328,0.134311,2.697751,0.007326,-1.052503
-1.195544,-0.007326,0.139194,2.697751,-0.007328,-1.052503
-1.195544,-0.007326,0.139194,2.698133,-0.007328,-1.052503
-1.195544,-0.021978,0.139194,2.698133,0.007326,-1.052503
-1.195544,0.007328,0.134311,2.698133,0.007326,-1.052503
-1.195544,-0.021978,0.134311,2.697751,0.021978,-1.047619
-1.195544,-0.007326,0.139194,2.698133,0.007326,-1.047619
-1.195544,-0.021978,0.134311,2.698133,0.021978,-1.047619
-1.195544,-0.007326,0.134311,2.698133,0.007326,-1.047619
-1.195544,-0.021978,0.139194,2.697751,0.007326,-1.047619
-1.195544,-0.007326,0.134311,2.697751,0.007326,-1.047619
-1.195544,-0.007326,0.134311,2.697751,0.007326,-1.052503
-1.195544,-0.007326,0.139194,2.698133,0.007326,-1.057387
-1.195544,-0.007326,0.139194,2.698133,0.007326,-1.052503
-1.195544,-0.021978,0.134311,2.697751,0.007326,-1.047619
-1.195544,-0.007326,0.134311,2.697751,0.007326,-1.047619
-1.195544,-0.007326,0.134311,2.698133,0.007326,-1.047619
-1.195544,-0.007326,0.134311,2.697751,-0.007328,-1.047619
-1.195544,-0.007326,0.139194,2.698133,0.007326,-1.047619
-1.195544,0.007328,0.139194,2.697751,-0.021980,-1.052503
-1.195544,-0.007326,0.139194,2.698133,0.007326,-1.052503
-1.195544,-0.007326,0.139194,2.698133,0.007326,-1.052503
-1.195544,-0.007326,0.134311,2.698133,0.007326,-1.052503
-1.195544,-0.021978,0.134311,2.698133,0.007326,-1.052503
-1.195544,0.007328,0.139194,2.698133,0.021978,-1.047619
-1.195544,-0.007326,0.134311,2.697751,-0.007328,-1.047619
-1.195544,0.007328,0.139194,2.698133,0.007326,-1.052503
-1.195544,-0.007326,0.139194,2.698133,-0.007328,-1.052503
-1.195544,-0.007326,0.139194,2.697751,0.021978,-1.052503
-1.195544,0.007328,0.139194,2.697751,0.007326,-1.052503
-1.195544,-0.021978,0.139194,2.698133,0.036631,-1.052503
-1.195544,0.007328,0.139194,2.697751,-0.007328,-1.052503
-1.195544,-0.021978,0.139194,2.698133,0.007326,-1.047619
-1.195544,-0.021978,0.134311,2.698133,0.007326,-1.047619
-1.195544,-0.007326,0.134311,2.697751,-0.007328,-1.042735
-1.195544,-0.007326,0.134311,2.697751,0.007326,-1.047619
-1.195544,-0.007326,0.134311,2.698133,0.007326,-1.052503
-1.195544,0.007328,0.134311,2.698133,0.021978,-1.052503
-1.195544,-0.007326,0.134311,2.697751,0.021978,-1.047619
-1.195544,-0.007326,0.134311,2.698133,0.007326,-1.047619
-1.195544,0.007328,0.134311,2.697751,-0.007328,-1.047619
-1.195544,-0.021978,0.134311,2.698133,0.021978,-1.052503
-1.195544,0.021980,0.139194,2.697751,0.007326,-1.052503
-1.195544,-0.007326,0.139194,2.697751,0.007326,-1.047619
-1.195544,-0.007326,0.139194,2.698133,-0.007328,-1.047619
-1.195544,-0.007326,0.139194,2.698133,0.021978,-1.052503
-1.195544,-0.007326,0.134311,2.698133,0.007326,-1.047619
-1.195544,-0.021978,0.134311,2.697751,-0.007328,-1.047619
-1.195544,-0.007326,0.134311,2.698133,0.036631,-1.052503
-1.195544,-0.007326,0.134311,2.698133,-0.007328,-1.052503
-1.195544,-0.007326,0.134311,2.698133,0.007326,-1.052503
-1.195544,-0.007326,0.134311,2.697751,-0.007328,-1.052503
-1.195544,-0.007326,0.134311,2.697751,0.007326,-1.057387
-1.195544,-0.007326,0.134311,2.697751,0.007326,-1.052503
-1.195544,-0.007326,0.134311,2.697751,-0.007328,-1.052503
-1.195544,-0.007326,0.134311,2.697751,0.007326,-1.052503
-1.195544,-0.007326,0.139194,2.698133,0.007326,-1.057387
-1.195544,-0.007326,0.139194,2.697751,0.007326,-1.047619
-1.195544,-0.021978,0.134311,2.698133,0.007326,-1.047619
-1.195544,-0.007326,0.134311,2.698133,0.007326,-1.047619
-1.195544,0.007328,0.134311,2.697751,-0.007328,-1.047619
-1.195544,-0.021978,0.134311,2.697751,-0.007328,-1.047619
-1.195544,-0.021978,0.139194,2.697751,0.021978,-1.052503
-1.195544,-0.007326,0.139194,2.697751,-0.007328,-1.047619
-1.195544,-0.021978,0.139194,2.697751,0.007326,-1.047619
-1.195544,-0.021978,0.134311,2.697751,0.007326,-1.047619
-1.195544,0.007328,0.134311,2.697751,0.007326,-1.052503
-1.195544,-0.007326,0.134311,2.697751,0.007326,-1.052503
-1.195544,-0.007326,0.139194,2.697751,0.007326,-1.052503
-1.195544,-0.021978,0.139194,2.698133,0.007326,-1.052503
-1.195544,-0.007326,0.139194,2.698133,-0.007328,-1.052503
-1.195544,-0.007326,0.134311,2.697751,0.021978,-1.052503
-1.195544,0.007328,0.139194,2.697751,-0.007328,-1.052503
-1.195544,0.007328,0.134311,2.698133,0.036631,-1.052503
-1.195544,0.007328,0.134311,2.698133,-0.007328,-1.047619
-1.195544,0.007328,0.139194,2.697751,0.007326,-1.047619
-1.195544,-0.007326,0.134311,2.697751,0.007326,-1.047619
-1.195544,-0.007326,0.134311,2.697751,0.007326,-1.052503
-1.195544,-0.021978,0.134311,2.698133,0.021978,-1.047619
-1.195544,-0.007326,0.134311,2.697751,0.007326,-1.047619
-1.195544,-0.007326,0.134311,2.697751,0.007326,-1.047619
-1.195544,-0.007326,0.134311,2.698133,-0.007328,-1.047619
-1.195544,-0.007326,0.139194,2.698133,0.021978,-1.047619
-1.195544,-0.007326,0.139194,2.697751,-0.007328,-1.047619
-1.195544,-0.007326,0.139194,2.698133,-0.007328,-1.047619
-1.195544,-0.021978,0.134311,2.698133,0.007326,-1.047619
-1.195544,-0.007326,0.139194,2.697751,0.007326,-1.042735
-1.195544,-0.007326,0.139194,2.697751,0.007326,-1.052503
-1.195544,-0.007326,0.139194,2.697751,0.007326,-1.052503
-1.195544,-0.007326,0.134311,2.697751,0.007326,-1.052503
-1.195544,0.007328,0.134311,2.697751,0.007326,-1.052503
-1.195544,-0.021978,0.134311,2.698133,0.021978,-1.052503
-1.195544,0.007328,0.134311,2.697751,-0.007328,-1.052503
-1.195544,-0.007326,0.134311,2.697751,0.021978,-1.057387
-1.195544,-0.007326,0.139194,2.697751,0.021978,-1.052503
-1.195544,0.007328,0.134311,2.697751,-0.007328,-1.052503
-1.195544,0.007328,0.134311,2.697751,0.007326,-1.052503
-1.195544,-0.007326,0.134311,2.697751,0.021978,-1.047619
-1.195544,-0.007326,0.134311,2.698133,-0.007328,-1.047619
-1.195544,-0.007326,0.134311,2.697751,0.007326,-1.047619
-1.195544,0.007328,0.134311,2.698133,0.007326,-1.047619
-1.195544,-0.007326,0.134311,2.697751,0.007326,-1.047619
-1.195544,-0.021978,0.139194,2.697751,0.007326,-1.047619
-1.195544,-0.021978,0.139194,2.698133,0.021978,-1.052503
-1.195544,-0.007326,0.139194,2.698133,0.021978,-1.047619
-1.195544,-0.021978,0.134311,2.697751,0.021978,-1.047619
-1.195544,-0.007326,0.134311,2.697751,0.007326,-1.047619
-1.195544,-0.007326,0.134311,2.697751,0.021978,-1.052503
-1.195544,0.007328,0.134311,2.697751,0.007326,-1.052503
-1.195544,-0.007326,0.134311,2.697751,0.021978,-1.052503
-1.195544,-0.007326,0.139194,2.697751,0.007326,-1.052503
-1.195544,0.007328,0.134311,2.697751,0.007326,-1.052503
-1.195544,-0.007326,0.139194,2.698133,0.021978,-1.047619
-1.195544,0.007328,0.139194,2.697751,-0.007328,-1.047619
-1.195544,-0.021978,0.139194,2.697751,0.021978,-1.052503
-1.195544,-0.007326,0.139194,2.697751,0.021978,-1.047619
-1.195544,0.007328,0.134311,2.698133,0.007326,-1.047619
-1.195544,-0.007326,0.134311,2.698133,0.007326,-1.047619
-1.195544,-0.021978,0.134311,2.697751,0.007326,-1.052503
-1.195544,-0.007326,0.139194,2.697751,0.007326,-1.047619
-1.195544,0.007328,0.134311,2.698133,0.021978,-1.052503
-1.195544,-0.007326,0.134311,2.697751,0.007326,-1.052503
-1.195544,-0.007326,0.139194,2.698133,0.007326,-1.052503
-1.195544,-0.007326,0.139194,2.697751,0.007326,-1.052503
-1.195544,-0.007326,0.139194,2.697751,0.007326,-1.047619
-1.195544,-0.007326,0.139194,2.697751,0.007326,-1.052503
-1.195544,-0.007326,0.139194,2.697751,0.007326,-1.047619
-1.195544,-0.021978,0.139194,2.697751,0.007326,-1.052503
-1.195544,-0.021978,0.134311,2.698133,0.007326,-1.052503
-1.195544,-0.007326,0.134311,2.698133,-0.007328,-1.047619
-1.195544,-0.007326,0.134311,2.698133,-0.007328,-1.047619
-1.195544,-0.007326,0.139194,2.697751,0.007326,-1.047619
-1.195544,-0.007326,0.139194,2.697751,0.007326,-1.047619
-1.195544,-0.007326,0.139194,2.698133,-0.007328,-1.047619
-1.195544,-0.007326,0.139194,2.698133,0.007326,-1.052503
-1.195544,-0.007326,0.139194,2.697751,0.007326,-1.047619
-1.195544,0.007328,0.139194,2.698133,0.007326,-1.047619
-1.195544,-0.007326,0.139194,2.697751,0.007326,-1.047619
-1.195544,-0.007326,0.139194,2.698133,-0.007328,-1.047619
-1.195544,-0.007326,0.139194,2.697751,0.007326,-1.047619
-1.195544,0.007328,0.134311,2.698133,0.007326,-1.052503
-1.195544,-0.007326,0.134311,2.697751,0.007326,-1.052503
-1.195544,-0.007326,0.139194,2.697751,0.021978,-1.047619
-1.195544,-0.021978,0.139194,2.698133,0.007326,-1.047619
-1.195544,-0.007326,0.139194,2.697751,-0.007328,-1.047619
-1.195544,-0.007326,0.134311,2.697751,0.007326,-1.052503
-1.195544,-0.007326,0.139194,2.697751,0.021978,-1.052503
-1.195544,-0.021978,0.139194,2.697751,-0.007328,-1.047619
-1.195544,-0.007326,0.134311,2.698133,0.007326,-1.047619
-1.195544,-0.021978,0.134311,2.698133,0.007326,-1.052503
-1.195544,0.007328,0.134311,2.698133,0.007326,-1.052503
-1.195544,0.007328,0.134311,2.698133,0.007326,-1.052503
-1.195544,-0.007326,0.134311,2.698133,0.007326,-1.052503
-1.195544,-0.007326,0.134311,2.697751,0.007326,-1.052503
-1.195544,-0.021978,0.134311,2.698133,0.007326,-1.052503
-1.195544,-0.007326,0.134311,2.697751,-0.007328,-1.052503
-1.195544,-0.007326,0.134311,2.697751,0.007326,-1.052503
-1.195544,-0.007326,0.134311,2.697751,0.021978,-1.047619
-1.195544,-0.021978,0.134311,2.697751,0.007326,-1.047619
-1.195544,-0.007326,0.134311,2.697751,0.007326,-1.047619
-1.195544,-0.021978,0.134311,2.698133,0.007326,-1.047619
-1.195544,-0.007326,0.139194,2.697751,-0.007328,-1.047619
-1.195544,-0.007326,0.134311,2.698133,0.021978,-1.052503
-1.195544,-0.007326,0.139194,2.697751,0.007326,-1.047619
-1.195544,0.007328,0.139194,2.697751,0.007326,-1.047619
-1.195544,-0.007326,0.139194,2.698133,-0.007328,-1.052503
-1.195544,-0.021978,0.134311,2.697751,0.007326,-1.052503
-1.195544,-0.007326,0.139194,2.697751,0.007326,-1.052503
-1.195544,0.007328,0.139194,2.697751,0.021978,-1.052503
-1.195544,-0.007326,0.134311,2.698133,0.021978,-1.052503
-1.195544,0.007328,0.139194,2.697751,-0.007328,-1.052503
-1.195544,-0.021978,0.134311,2.698133,0.007326,-1.052503
-1.195544,-0.007326,0.134311,2.698133,0.021978,-1.052503
-1.195544,-0.021978,0.134311,2.697751,0.007326,-1.047619
-1.195544,0.007328,0.134311,2.697751,0.007326,-1.047619
-1.195544,-0.021978,0.134311,2.697751,0.021978,-1.047619
-1.195544,-0.007326,0.134311,2.697751,0.007326,-1.047619
-1.195544,-0.007326,0.134311,2.698133,0.007326,-1.052503
-1.195544,-0.007326,0.134311,2.698133,0.007326,-1.052503
-1.195544,-0.007326,0.139194,2.698133,-0.007328,-1.047619
-1.195544,-0.007326,0.139194,2.698133,0.021978,-1.047619
-1.195544,0.007328,0.139194,2.697751,0.007326,-1.042735
-1.195544,-0.021978,0.134311,2.698133,0.007326,-1.047619
-1.195544,-0.007326,0.139194,2.697751,-0.007328,-1.047619
-1.195544,-0.007326,0.139194,2.697751,0.007326,-1.052503
-1.195544,0.007328,0.134311,2.697751,0.007326,-1.052503
-1.195544,-0.007326,0.139194,2.698133,0.007326,-1.052503
-1.195544,-0.007326,0.134311,2.698133,-0.007328,-1.047619
-1.195544,-0.007326,0.134311,2.697751,0.007326,-1.052503
-1.195544,-0.021978,0.134311,2.697751,0.007326,-1.052503
-1.195544,0.007328,0.134311,2.698133,0.021978,-1.052503
-1.195544,-0.007326,0.134311,2.697751,0.021978,-1.047619
-1.195544,-0.007326,0.134311,2.697751,0.007326,-1.052503
-1.195544,0.007328,0.134311,2.698133,0.007326,-1.052503
-1.195544,-0.007326,0.134311,2.698133,-0.007328,-1.052503
-1.195544,-0.007326,0.139194,2.697751,0.007326,-1.047619
-1.195544,-0.007326,0.139194,2.698133,0.007326,-1.047619
-1.195544,0.007328,0.134311,2.698133,-0.007328,-1.042735
-1.195544,-0.007326,0.134311,2.697751,-0.007328,-1.047619
-1.195544,-0.021978,0.134311,2.697751,-0.007328,-1.047619
-1.195544,-0.007326,0.139194,2.698133,0.007326,-1.047619
-1.195544,-0.007326,0.134311,2.697751,-0.007328,-1.047619
-1.195544,0.007328,0.139194,2.698133,0.021978,-1.052503
-1.195544,0.007328,0.139194,2.698133,-0.007328,-1.047619
-1.195544,-0.007326,0.134311,2.697751,-0.007328,-1.042735
-1.195544,-0.007326,0.139194,2.697751,-0.007328,-1.047619
-1.195544,-0.007326,0.139194,2.697751,-0.007328,-1.057387
-1.195544,-0.007326,0.134311,2.697751,0.021978,-1.057387
-1.195544,-0.007326,0.134311,2.698133,0.021978,-1.052503
-1.195544,-0.007326,0.139194,2.697751,0.007326,-1.047619
-1.195544,-0.007326,0.139194,2.697751,0.021978,-1.052503
-1.195544,-0.021978,0.134311,2.698133,0.007326,-1.052503
-1.195544,-0.007326,0.139194,2.697751,0.007326,-1.047619
-1.195544,-0.007326,0.139194,2.697751,0.007326,-1.047619
-1.195544,-0.007326,0.139194,2.697751,-0.007328,-1.052503
-1.195544,-0.007326,0.139194,2.698133,0.007326,-1.052503
-1.195544,-0.007326,0.134311,2.697751,-0.007328,-1.047619
-1.195544,-0.021978,0.139194,2.697751,0.021978,-1.047619
-1.195544,-0.021978,0.134311,2.698133,0.007326,-1.047619
-1.195544,-0.021978,0.134311,2.697751,-0.007328,-1.047619
-1.195544,-0.021978,0.134311,2.698133,0.007326,-1.047619
-1.195544,-0.007326,0.139194,2.697751,0.007326,-1.047619
-1.195544,-0.007326,0.139194,2.697751,0.007326,-1.047619
-1.195544,-0.007326,0.134311,2.698133,0.007326,-1.047619
-1.195544,-0.021978,0.134311,2.697751,0.007326,-1.047619
-1.195544,-0.007326,0.139194,2.698133,0.021978,-1.047619
-1.195544,-0.007326,0.139194,2.697751,0.021978,-1.047619
-1.195544,-0.007326,0.139194,2.698133,0.007326,-1.047619
-1.195544,-0.007326,0.139194,2.698133,0.007326,-1.052503
-1.195544,-0.021978,0.139194,2.698133,-0.007328,-1.047619
-1.195544,-0.007326,0.134311,2.698133,0.007326,-1.047619
-1.195544,-0.021978,0.134311,2.698133,0.021978,-1.047619
-1.195544,-0.021978,0.134311,2.697751,-0.007328,-1.047619
-1.195544,-0.021978,0.134311,2.698133,0.021978,-1.047619
-1.195544,0.007328,0.134311,2.698133,0.007326,-1.052503
-1.195544,-0.007326,0.134311,2.698133,0.007326,-1.052503
-1.195544,0.007328,0.134311,2.698133,0.021978,-1.047619
-1.195544,-0.007326,0.139194,2.697751,0.007326,-1.052503
-1.195544,-0.007326,0.134311,2.698133,0.021978,-1.052503
-1.195544,-0.021978,0.139194,2.697751,0.007326,-1.052503
-1.195544,0.007328,0.139194,2.698133,-0.007328,-1.047619
-1.195544,0.007328,0.139194,2.697751,0.021978,-1.052503
-1.195544,-0.007326,0.134311,2.697751,0.021978,-1.047619
-1.195544,0.007328,0.139194,2.697751,0.021978,-1.052503
-1.195544,-0.007326,0.134311,2.697751,-0.007328,-1.047619
-1.195544,-0.007326,0.139194,2.698133,0.007326,-1.047619
-1.195544,-0.007326,0.134311,2.697751,-0.007328,-1.047619
-1.195544,-0.007326,0.134311,2.697751,-0.007328,-1.052503
-1.195544,-0.021978,0.134311,2.697751,0.007326,-1.052503
-1.195544,-0.007326,0.139194,2.697751,0.021978,-1.052503
-1.195544,0.007328,0.134311,2.697751,0.007326,-1.047619
-1.195544,0.007328,0.134311,2.698133,0.021978,-1.047619
-1.195544,0.007328,0.134311,2.697751,0.007326,-1.047619
-1.195544,0.007328,0.134311,2.698133,0.007326,-1.042735
-1.195544,-0.021978,0.134311,2.698133,0.007326,-1.047619
-1.195544,0.007328,0.134311,2.698133,0.007326,-1.047619
-1.195544,-0.021978,0.134311,2.697751,0.007326,-1.047619
-1.195544,-0.007326,0.134311,2.698133,-0.007328,-1.047619
-1.195544,-0.007326,0.134311,2.698133,0.021978,-1.052503
-1.195544,-0.021978,0.134311,2.697751,-0.007328,-1.052503
-1.195544,-0.007326,0.139194,2.697751,0.007326,-1.052503
-1.195544,-0.021978,0.139194,2.698133,0.007326,-1.052503
-1.195544,-0.021978,0.139194,2.697751,0.007326,-1.052503
-1.195544,-0.007326,0.139194,2.697751,0.007326,-1.047619
-1.195544,-0.007326,0.139194,2.697751,0.007326,-1.052503
-1.195544,-0.021978,0.134311,2.698133,0.007326,-1.047619
-1.195544,-0.007326,0.134311,2.698133,0.021978,-1.047619
-1.195544,-0.007326,0.139194,2.697751,-0.007328,-1.047619
-1.195544,-0.007326,0.139194,2.697751,0.007326,-1.047619
-1.195544,-0.007326,0.134311,2.697751,0.007326,-1.047619
-1.195544,-0.007326,0.134311,2.698133,0.007326,-1.047619
-1.195544,-0.007326,0.134311,2.697751,0.007326,-1.047619
-1.195544,-0.007326,0.134311,2.697751,0.007326,-1.047619
-1.195544,-0.007326,0.134311,2.697751,-0.007328,-1.042735
-1.195544,-0.007326,0.139194,2.697751,0.007326,-1.047619
-1.195544,-0.007326,0.134311,2.698133,-0.007328,-1.052503
-1.195544,0.007328,0.139194,2.698133,0.007326,-1.052503
-1.195544,-0.007326,0.134311,2.697751,0.007326,-1.052503
-1.195544,-0.021978,0.134311,2.698133,0.007326,-1.052503
-1.195544,-0.007326,0.134311,2.698133,0.021978,-1.047619
-1.195544,-0.021978,0.139194,2.697751,-0.007328,-1.047619
-1.195544,-0.007326,0.134311,2.698133,-0.007328,-1.052503
-1.195544,-0.007326,0.134311,2.698133,0.007326,-1.052503
-1.195544,0.007328,0.139194,2.698133,0.007326,-1.052503
-1.195544,-0.007326,0.134311,2.698133,0.021978,-1.047619
-1.195544,-0.007326,0.134311,2.697751,0.007326,-1.047619
-1.195544,-0.021978,0.134311,2.698133,0.021978,-1.052503
-1.195544,-0.021978,0.134311,2.698133,0.021978,-1.052503
-1.195544,-0.007326,0.134311,2.697751,-0.007328,-1.047619
-1.195544,-0.007326,0.134311,2.697751,0.007326,-1.047619
-1.195544,-0.007326,0.134311,2.698133,-0.007328,-1.052503
-1.195544,-0.007326,0.134311,2.697751,-0.007328,-1.052503
-1.195544,-0.007326,0.139194,2.698133,0.007326,-1.052503
-1.195544,-0.007326,0.134311,2.698133,0.007326,-1.052503
-1.195544,-0.021978,0.134311,2.698133,0.007326,-1.047619
-1.195544,-0.007326,0.134311,2.698133,0.007326,-1.047619
-1.195544,-0.007326,0.134311,2.697751,0.007326,-1.047619
-1.195544,-0.007326,0.134311,2.697751,0.007326,-1.047619
-1.195544,-0.007326,0.134311,2.698133,0.007326,-1.052503
-1.195544,-0.007326,0.134311,2.698133,0.021978,-1.052503
-1.195544,-0.021978,0.134311,2.698133,0.007326,-1.052503
-1.195544,0.007328,0.134311,2.698133,0.007326,-1.047619
-1.195544,-0.036631,0.134311,2.698133,0.007326,-1.047619
-1.195544,-0.007326,0.139194,2.697751,0.007326,-1.047619
-1.195544,-0.007326,0.134311,2.697751,-0.007328,-1.052503
-1.195544,-0.007326,0.134311,2.697751,0.007326,-1.052503
-1.195544,-0.007326,0.134311,2.698133,0.007326,-1.047619
-1.195544,-0.007326,0.134311,2.697751,-0.007328,-1.047619
-1.195544,-0.007326,0.134311,2.697751,0.007326,-1.052503
-1.195544,-0.021978,0.134311,2.697751,-0.007328,-1.052503
-1.195544,-0.007326,0.134311,2.698133,0.007326,-1.047619
-1.195544,-0.036631,0.134311,2.698133,0.007326,-1.052503
-1.195544,-0.021978,0.139194,2.698133,0.021978,-1.052503
-1.195544,-0.007326,0.134311,2.697751,0.007326,-1.047619
-1.195544,-0.007326,0.134311,2.697751,0.007326,-1.047619
-1.195544,-0.007326,0.139194,2.698133,-0.007328,-1.052503
-1.195544,-0.007326,0.134311,2.697751,0.007326,-1.052503
-1.195544,-0.007326,0.134311,2.697751,0.007326,-1.047619
-1.195544,0.007328,0.134311,2.698133,0.021978,-1.047619
-1.195544,-0.021978,0.134311,2.697751,-0.007328,-1.052503
-1.195544,-0.021978,0.134311,2.697751,0.021978,-1.052503
-1.195544,-0.007326,0.134311,2.697751,0.007326,-1.047619
-1.195544,-0.007326,0.134311,2.698133,0.021978,-1.047619
-1.195544,-0.007326,0.134311,2.698133,0.007326,-1.052503
-1.195544,-0.021978,0.134311,2.697751,-0.007328,-1.047619
-1.195544,-0.007326,0.139194,2.697751,0.007326,-1.047619
-1.195544,-0.021978,0.139194,2.697751,-0.007328,-1.047619
-1.195544,0.007328,0.134311,2.697751,0.007326,-1.052503
-1.195544,-0.007326,0.134311,2.697751,0.007326,-1.047619
-1.195544,-0.007326,0.134311,2.698133,0.007326,-1.047619
-1.195544,0.007328,0.134311,2.698133,0.021978,-1.047619
-1.195544,-0.007326,0.134311,2.697751,0.007326,-1.047619
-1.195544,-0.021978,0.134311,2.698133,0.007326,-1.047619
-1.195544,-0.021978,0.134311,2.698133,-0.007328,-1.047619
-1.195544,-0.007326,0.139194,2.698133,0.021978,-1.047619
-1.195544,0.007328,0.139194,2.698133,0.021978,-1.047619
-1.195544,-0.021978,0.134311,2.697751,-0.007328,-1.047619
-1.195544,-0.007326,0.139194,2.698133,0.007326,-1.047619
-1.195544,-0.007326,0.139194,2.697751,0.007326,-1.052503
-1.195544,-0.021978,0.139194,2.697751,0.007326,-1.052503
-1.195544,-0.007326,0.134311,2.698133,0.021978,-1.047619
-1.195544,-0.007326,0.134311,2.698133,0.007326,-1.047619
-1.195544,-0.007326,0.139194,2.697751,0.007326,-1.047619
-1.195544,-0.007326,0.139194,2.698133,0.007326,-1.052503
-1.195544,-0.021978,0.139194,2.698133,0.007326,-1.052503
-1.195544,-0.021978,0.134311,2.698133,0.007326,-1.047619
-1.195544,-0.007326,0.134311,2.698133,-0.007328,-1.047619
-1.195544,-0.007326,0.134311,2.697751,-0.007328,-1.052503
-1.195544,-0.007326,0.139194,2.698133,0.007326,-1.052503
-1.195544,-0.007326,0.139194,2.697751,0.021978,-1.052503
-1.195544,0.007328,0.134311,2.697751,-0.007328,-1.057387
-1.195544,0.007328,0.134311,2.697751,0.007326,-1.052503
-1.195544,0.007328,0.139194,2.697751,0.007326,-1.052503
-1.195544,-0.007326,0.134311,2.698133,0.021978,-1.052503
-1.195544,-0.007326,0.134311,2.698133,-0.007328,-1.052503
-1.195544,-0.007326,0.134311,2.698133,0.007326,-1.052503
-1.195544,-0.007326,0.139194,2.698133,0.007326,-1.052503
-1.195544,-0.007326,0.139194,2.698133,0.007326,-1.052503
-1.195544,-0.007326,0.139194,2.697751,0.007326,-1.047619
-1.195544,-0.007326,0.134311,2.698133,0.007326,-1.047619
-1.195544,-0.021978,0.139194,2.697751,0.007326,-1.052503
-1.195544,-0.007326,0.139194,2.697751,0.021978,-1.047619
-1.195544,0.007328,0.134311,2.698133,-0.007328,-1.047619
-1.195544,-0.007326,0.139194,2.698133,0.007326,-1.052503
-1.195544,-0.007326,0.134311,2.698133,0.007326,-1.047619
-1.195544,-0.007326,0.134311,2.697751,0.007326,-1.047619
-1.195544,-0.007326,0.134311,2.697751,-0.007328,-1.052503
-1.195544,-0.007326,0.134311,2.697751,0.021978,-1.052503
-1.195544,0.007328,0.134311,2.697751,-0.007328,-1.047619
-1.195544,0.007328,0.134311,2.698133,0.007326,-1.052503
-1.195544,-0.007326,0.134311,2.698133,-0.007328,-1.047619
-1.195544,-0.021978,0.134311,2.698133,0.007326,-1.047619
-1.195544,-0.021978,0.134311,2.697751,0.007326,-1.052503
-1.195544,-0.007326,0.134311,2.697751,0.007326,-1.052503
-1.195544,0.007328,0.134311,2.698133,0.007326,-1.052503
-1.195544,-0.007326,0.134311,2.698133,0.007326,-1.047619
-1.195544,-0.007326,0.134311,2.697751,-0.007328,-1.047619
-1.195544,0.007328,0.134311,2.698133,0.007326,-1.047619
-1.195544,-0.007326,0.139194,2.698133,0.007326,-1.052503
-1.195544,-0.007326,0.139194,2.698133,0.007326,-1.047619
-1.195544,-0.007326,0.139194,2.698133,-0.007328,-1.052503
-1.195544,-0.007326,0.139194,2.698133,0.007326,-1.047619
-1.195544,-0.021978,0.134311,2.698133,0.007326,-1.047619
-1.195544,-0.021978,0.134311,2.697751,-0.007328,-1.047619
-1.195544,-0.021978,0.134311,2.697751,0.021978,-1.052503
-1.195544,0.007328,0.134311,2.698133,0.007326,-1.052503
-1.195544,0.007328,0.134311,2.698133,0.021978,-1.052503
-1.195544,-0.007326,0.139194,2.697751,0.007326,-1.047619
-1.195544,0.021980,0.139194,2.697751,0.021978,-1.047619
-1.195544,-0.021978,0.139194,2.698133,0.021978,-1.052503
-1.195544,-0.021978,0.139194,2.697751,-0.007328,-1.047619
-1.195544,-0.021978,0.139194,2.698133,0.007326,-1.047619
-1.195544,-0.021978,0.134311,2.697751,0.021978,-1.052503
-1.195544,-0.021978,0.139194,2.697751,0.007326,-1.052503
-1.195544,-0.007326,0.139194,2.697751,0.007326,-1.052503
-1.195544,0.007328,0.134311,2.698133,-0.007328,-1.052503
-1.195544,-0.007326,0.139194,2.698133,0.021978,-1.052503
-1.195544,0.007328,0.139194,2.698133,0.007326,-1.047619
-1.195544,-0.021978,0.139194,2.697751,0.007326,-1.047619
-1.195544,-0.021978,0.139194,2.697751,-0.007328,-1.047619
-1.195544,-0.021978,0.139194,2.698133,0.007326,-1.047619
-1.195544,0.007328,0.139194,2.698133,0.007326,-1.052503
-1.195544,-0.007326,0.139194,2.698133,0.007326,-1.047619
-1.195544,-0.007326,0.134311,2.697751,0.007326,-1.047619
-1.195544,-0.007326,0.139194,2.698133,0.021978,-1.047619
-1.195544,-0.007326,0.134311,2.697751,-0.007328,-1.047619
-1.195544,-0.021978,0.134311,2.697751,0.021978,-1.052503
-1.195544,0.007328,0.139194,2.697751,-0.007328,-1.052503
-1.195544,-0.021978,0.139194,2.697751,0.021978,-1.052503
-1.195544,-0.007326,0.139194,2.697751,0.007326,-1.052503
-1.195544,-0.007326,0.139194,2.697751,0.007326,-1.052503
-1.195544,-0.021978,0.139194,2.698133,-0.007328,-1.052503
-1.195544,-0.007326,0.139194,2.697751,0.007326,-1.047619
-1.195544,-0.007326,0.134311,2.698133,0.021978,-1.052503
-1.195544,-0.007326,0.139194,2.698133,0.007326,-1.052503
-1.195544,0.007328,0.139194,2.698133,0.021978,-1.047619
-1.195544,-0.021978,0.139194,2.698133,0.007326,-1.047619
-1.195544,-0.007326,0.139194,2.697751,-0.007328,-1.052503
-1.195544,-0.007326,0.134311,2.697751,0.021978,-1.052503
-1.195544,-0.007326,0.139194,2.697751,-0.007328,-1.047619
-1.195544,-0.007326,0.139194,2.698133,0.007326,-1.052503
-1.195544,-0.007326,0.134311,2.697751,0.007326,-1.057387
-1.195544,-0.021978,0.139194,2.698133,0.007326,-1.052503
-1.195544,-0.007326,0.134311,2.698133,0.021978,-1.052503
-1.195544,0.007328,0.134311,2.697751,-0.007328,-1.047619
-1.195544,-0.021978,0.134311,2.697751,0.007326,-1.052503
-1.195544,-0.036631,0.134311,2.697751,0.007326,-1.052503
-1.195544,-0.007326,0.134311,2.697751,0.007326,-1.052503
-1.195544,-0.007326,0.134311,2.698133,0.021978,-1.052503
-1.195544,-0.007326,0.134311,2.697751,0.007326,-1.047619
-1.195544,0.007328,0.139194,2.697751,0.021978,-1.052503
-1.195544,0.007328,0.139194,2.698133,0.021978,-1.047619
-1.195544,0.007328,0.134311,2.697751,0.021978,-1.042735
-1.195544,-0.021978,0.134311,2.697751,0.007326,-1.047619
-1.195544,0.007328,0.139194,2.697751,0.007326,-1.047619
-1.195544,-0.007326,0.139194,2.697751,-0.007328,-1.052503
-1.195544,-0.007326,0.139194,2.697751,0.007326,-1.052503
-1.195544,-0.021978,0.139194,2.697751,0.007326,-1.052503
-1.195544,-0.007326,0.134311,2.697751,0.007326,-1.047619
-1.195544,-0.007326,0.134311,2.697751,0.021978,-1.047619
-1.195544,-0.007326,0.134311,2.698133,0.007326,-1.047619
-1.195544,-0.007326,0.139194,2.697751,-0.007328,-1.047619
-1.195544,-0.021978,0.134311,2.697751,0.007326,-1.047619
-1.195544,0.021980,0.139194,2.698133,0.021978,-1.052503
-1.195544,-0.021978,0.139194,2.698133,0.007326,-1.047619
-1.195544,-0.007326,0.139194,2.697751,0.007326,-1.047619
-1.195544,0.007328,0.139194,2.697751,0.007326,-1.047619
-1.195544,-0.007326,0.139194,2.697751,-0.007328,-1.047619
-1.195544,-0.021978,0.134311,2.697751,0.007326,-1.047619
-1.195544,-0.021978,0.139194,2.698133,0.007326,-1.052503
-1.195544,-0.021978,0.134311,2.697751,0.007326,-1.052503
-1.195544,-0.007326,0.139194,2.697751,0.021978,-1.052503
-1.195544,-0.021978,0.134311,2.697751,0.007326,-1.052503
-1.195544,0.007328,0.139194,2.697751,0.007326,-1.052503
-1.195544,-0.021978,0.139194,2.698133,0.007326,-1.057387
-1.195544,0.007328,0.139194,2.697751,0.007326,-1.052503
-1.195544,-0.007326,0.139194,2.697751,0.007326,-1.052503
-1.195544,-0.021978,0.139194,2.698133,0.007326,-1.047619
-1.195544,-0.007326,0.139194,2.697751,0.007326,-1.047619
-1.195544,0.007328,0.139194,2.698133,0.007326,-1.047619
-1.195544,0.007328,0.139194,2.698133,-0.007328,-1.047619
-1.195544,-0.007326,0.139194,2.697751,0.007326,-1.052503
-1.195544,-0.007326,0.139194,2.697751,0.007326,-1.052503
-1.195544,-0.021978,0.139194,2.698133,0.007326,-1.052503
-1.195544,-0.007326,0.139194,2.698133,0.007326,-1.052503
-1.195544,0.007328,0.139194,2.698133,0.007326,-1.052503
-1.195544,-0.021978,0.139194,2.698133,0.007326,-1.047619
-1.195544,0.007328,0.134311,2.697751,-0.007328,-1.052503
-1.195544,-0.007326,0.139194,2.697751,0.007326,-1.052503
-1.195544,-0.007326,0.134311,2.698133,0.021978,-1.052503
-1.195544,-0.007326,0.134311,2.697751,0.007326,-1.047619
-1.195544,-0.007326,0.139194,2.698133,0.021978,-1.052503
-1.195544,-0.007326,0.134311,2.697751,0.007326,-1.052503
-1.195544,-0.021978,0.134311,2.698133,-0.007328,-1.052503
-1.195544,-0.007326,0.134311,2.697751,-0.007328,-1.052503
-1.195544,-0.007326,0.134311,2.698133,-0.007328,-1.052503
-1.195544,-0.007326,0.139194,2.697751,0.007326,-1.052503
-1.195544,-0.021978,0.139194,2.697751,0.007326,-1.052503
-1.195544,-0.021978,0.139194,2.698133,0.007326,-1.052503
-1.195544,-0.021978,0.139194,2.698133,0.007326,-1.047619
-1.195544,-0.007326,0.134311,2.698133,0.007326,-1.047619
-1.195544,-0.021978,0.134311,2.697751,0.007326,-1.047619
-1.195544,-0.007326,0.139194,2.698133,0.007326,-1.052503
-1.195544,-0.021978,0.139194,2.698133,0.007326,-1.047619
-1.195544,-0.007326,0.134311,2.698133,0.007326,-1.047619
-1.195544,-0.007326,0.134311,2.698133,-0.007328,-1.047619
-1.195544,0.007328,0.134311,2.698133,0.021978,-1.047619
-1.195544,0.007328,0.134311,2.697751,-0.021980,-1.047619
-1.195544,-0.007326,0.134311,2.698133,0.021978,-1.057387
-1.195544,-0.007326,0.139194,2.697751,0.007326,-1.052503
-1.195544,-0.021978,0.139194,2.697751,0.007326,-1.047619
-1.195544,-0.007326,0.139194,2.697751,0.021978,-1.052503
-1.195544,0.007328,0.134311,2.697751,0.021978,-1.052503
-1.195544,-0.007326,0.139194,2.698133,0.007326,-1.047619
-1.195544,-0.007326,0.134311,2.697751,0.007326,-1.042735
-1.195544,-0.007326,0.139194,2.698133,-0.007328,-1.042735
-1.195544,-0.007326,0.139194,2.698133,0.021978,-1.047619
-1.195544,-0.007326,0.139194,2.697751,-0.007328,-1.047619
-1.195544,-0.007326,0.139194,2.698133,-0.007328,-1.047619
-1.195544,-0.007326,0.139194,2.698133,0.007326,-1.047619
-1.195544,0.007328,0.134311,2.697751,0.007326,-1.047619
-1.195544,-0.007326,0.134311,2.697751,0.021978,-1.052503
-1.195544,-0.007326,0.134311,2.698133,0.021978,-1.052503
-1.195544,-0.021978,0.134311,2.697751,0.007326,-1.052503
-1.195544,-0.007326,0.139194,2.698133,0.007326,-1.047619
-1.195544,-0.007326,0.139194,2.698133,0.007326,-1.047619
-1.195544,-0.021978,0.134311,2.698133,0.007326,-1.052503
-1.195544,-0.007326,0.134311,2.698133,-0.007328,-1.052503
-1.195544,-0.007326,0.134311,2.697751,0.007326,-1.052503
-1.195544,-0.021978,0.134311,2.698133,0.021978,-1.052503
-1.195544,-0.021978,0.134311,2.698133,0.021978,-1.052503
-1.195544,-0.007326,0.139194,2.698133,0.007326,-1.047619
-1.195544,-0.007326,0.139194,2.698133,-0.007328,-1.042735
-1.195544,-0.007326,0.139194,2.698133,0.007326,-1.047619
-1.195544,-0.007326,0.139194,2.698133,0.007326,-1.047619
-1.195544,-0.007326,0.139194,2.697751,0.007326,-1.052503
-1.195544,-0.007326,0.139194,2.698133,0.007326,-1.052503
-1.195544,-0.007326,0.139194,2.697751,0.007326,-1.052503
-1.195544,-0.007326,0.139194,2.697751,-0.007328,-1.052503
-1.195544,-0.021978,0.134311,2.697751,-0.007328,-1.052503
-1.195544,-0.007326,0.139194,2.698133,0.007326,-1.052503
-1.195544,-0.007326,0.134311,2.697751,0.007326,-1.052503
-1.195544,0.007328,0.134311,2.698133,0.007326,-1.052503
-1.195544,-0.007326,0.139194,2.697751,0.021978,-1.047619
-1.195544,-0.021978,0.139194,2.697751,0.007326,-1.047619
-1.195544,0.021980,0.139194,2.698133,0.007326,-1.047619
-1.195544,-0.007326,0.139194,2.698133,0.007326,-1.047619
-1.195544,-0.021978,0.139194,2.697751,-0.007328,-1.047619
-1.195544,0.007328,0.139194,2.698133,0.007326,-1.047619
-1.195544,-0.007326,0.139194,2.697751,0.007326,-1.047619
-1.195544,-0.021978,0.134311,2.698133,0.007326,-1.047619
-1.195544,0.007328,0.134311,2.698133,0.021978,-1.047619
-1.195544,0.007328,0.139194,2.697751,-0.007328,-1.052503
-1.195544,-0.007326,0.139194,2.698133,0.021978,-1.052503
-1.195544,-0.021978,0.139194,2.697751,0.021978,-1.052503
-1.195544,-0.007326,0.139194,2.698133,0.007326,-1.047619
-1.195544,-0.007326,0.139194,2.698133,0.007326,-1.047619
-1.195544,-0.007326,0.134311,2.697751,-0.007328,-1.047619
-1.195544,-0.021978,0.134311,2.697751,0.007326,-1.047619
-1.195544,-0.021978,0.139194,2.697751,0.021978,-1.047619
-1.195544,-0.021978,0.134311,2.698133,0.021978,-1.047619
-1.195544,-0.007326,0.134311,2.698133,0.007326,-1.047619
-1.195544,-0.007326,0.134311,2.697751,-0.007328,-1.047619
-1.195544,-0.007326,0.139194,2.698133,0.007326,-1.052503
-1.195544,-0.021978,0.139194,2.698133,0.007326,-1.047619
-1.195544,0.007328,0.139194,2.697751,-0.007328,-1.052503
-1.195544,-0.021978,0.139194,2.698133,0.021978,-1.052503
-1.195544,-0.007326,0.139194,2.697751,0.007326,-1.052503
-1.195544,-0.007326,0.134311,2.698133,-0.007328,-1.047619
-1.195544,0.007328,0.134311,2.698133,0.021978,-1.047619
-1.195544,-0.007326,0.139194,2.697751,0.007326,-1.047619
-1.195544,-0.007326,0.134311,2.697751,0.021978,-1.047619
-1.195544,-0.007326,0.134311,2.698133,0.021978,-1.052503
-1.195544,-0.007326,0.139194,2.697751,-0.007328,-1.047619
-1.195544,-0.007326,0.139194,2.698133,0.007326,-1.052503
-1.195544,0.007328,0.139194,2.697751,0.007326,-1.052503
-1.195544,0.007328,0.134311,2.697751,0.007326,-1.052503
-1.195544,-0.007326,0.134311,2.698133,0.007326,-1.052503
-1.195544,-0.007326,0.139194,2.698133,0.007326,-1.052503
-1.195544,-0.007326,0.134311,2.698133,0.007326,-1.052503
-1.195544,-0.021978,0.134311,2.697751,0.007326,-1.052503
-1.195544,-0.007326,0.134311,2.698133,0.007326,-1.052503
-1.195544,0.007328,0.134311,2.698133,0.007326,-1.052503
-1.195544,-0.021978,0.139194,2.698133,0.007326,-1.047619
-1.195544,-0.007326,0.139194,2.697751,-0.007328,-1.047619
-1.195544,-0.021978,0.139194,2.697751,0.007326,-1.052503
-1.195544,-0.007326,0.134311,2.698133,0.007326,-1.052503
-1.195544,-0.007326,0.134311,2.697751,-0.007328,-1.052503
-1.195544,-0.021978,0.139194,2.698133,0.007326,-1.052503
-1.195544,-0.021978,0.134311,2.697751,0.007326,-1.052503
-1.195544,-0.007326,0.139194,2.697751,0.007326,-1.052503
-1.195544,-0.021978,0.139194,2.697751,0.007326,-1.052503
-1.195544,0.007328,0.139194,2.698133,0.021978,-1.052503
-1.195544,-0.007326,0.139194,2.697751,-0.007328,-1.047619
-1.195544,-0.021978,0.139194,2.698133,0.021978,-1.047619
-1.195544,-0.007326,0.139194,2.698133,0.007326,-1.047619
-1.195544,-0.021978,0.139194,2.698133,0.007326,-1.052503
-1.195544,-0.007326,0.134311,2.697751,0.007326,-1.047619
-1.195544,-0.007326,0.139194,2.697751,0.007326,-1.047619
-1.195544,-0.007326,0.134311,2.698133,0.007326,-1.052503
-1.195544,0.007328,0.134311,2.697751,-0.007328,-1.052503
-1.195544,-0.021978,0.134311,2.698133,0.007326,-1.052503
-1.195544,-0.007326,0.134311,2.697751,0.021978,-1.052503
-1.195544,-0.007326,0.134311,2.698133,0.007326,-1.047619
-1.195544,0.007328,0.139194,2.697751,-0.007328,-1.052503
-1.195544,-0.021978,0.139194,2.697751,0.007326,-1.052503
-1.195544,-0.021978,0.139194,2.697751,0.007326,-1.052503
-1.195544,-0.007326,0.139194,2.697751,0.007326,-1.047619
-1.195544,-0.007326,0.139194,2.698133,0.007326,-1.047619
-1.195544,-0.007326,0.139194,2.698133,-0.007328,-1.042735
-1.195544,-0.007326,0.134311,2.698133,0.021978,-1.042735
-1.195544,-0.007326,0.134311,2.698133,0.021978,-1.042735
-1.195544,-0.007326,0.139194,2.697751,0.007326,-1.047619
-1.195544,-0.007326,0.134311,2.698133,0.007326,-1.047619
-1.195544,-0.007326,0.139194,2.698133,0.007326,-1.047619
-1.195544,-0.007326,0.139194,2.697751,-0.007328,-1.052503
-1.195544,-0.007326,0.139194,2.698133,0.021978,-1.052503
-1.195544,-0.007326,0.134311,2.698133,0.007326,-1.047619
-1.195544,-0.021978,0.134311,2.697751,-0.007328,-1.052503
-1.195544,0.007328,0.134311,2.697751,0.007326,-1.052503
-1.195544,-0.007326,0.134311,2.698133,0.036631,-1.052503
-1.195544,-0.007326,0.134311,2.697751,0.007326,-1.047619
-1.195544,-0.007326,0.134311,2.698133,0.021978,-1.052503
-1.195544,-0.007326,0.134311,2.697751,0.007326,-1.047619
-1.195544,-0.007326,0.139194,2.697751,0.007326,-1.047619
-1.195544,-0.021978,0.134311,2.698133,0.007326,-1.052503
-1.195544,-0.021978,0.134311,2.698133,-0.007328,-1.047619
-1.195544,-0.007326,0.134311,2.697751,-0.007328,-1.052503
-1.195544,-0.021978,0.134311,2.697751,0.007326,-1.047619
-1.195544,-0.007326,0.134311,2.698133,0.021978,-1.052503
-1.195544,0.007328,0.134311,2.698133,0.021978,-1.047619
-1.195544,-0.007326,0.134311,2.698133,0.007326,-1.052503
-1.195544,-0.007326,0.134311,2.698133,-0.007328,-1.047619
-1.195544,0.007328,0.134311,2.698133,0.021978,-1.047619
-1.195544,0.007328,0.134311,2.698133,0.007326,-1.047619
-1.195544,-0.007326,0.134311,2.698133,0.021978,-1.047619
-1.195544,-0.021978,0.139194,2.698133,0.021978,-1.047619
-1.195544,0.007328,0.139194,2.698133,-0.007328,-1.047619
-1.195544,-0.007326,0.139194,2.697751,0.007326,-1.052503
-1.195544,-0.007326,0.134311,2.698133,0.007326,-1.052503
-1.195544,-0.021978,0.134311,2.697751,-0.007328,-1.052503
-1.195544,0.007328,0.134311,2.698133,0.021978,-1.057387
-1.195544,-0.007326,0.139194,2.698133,0.021978,-1.052503
-1.195544,-0.007326,0.139194,2.698133,0.007326,-1.052503
-1.195544,-0.007326,0.139194,2.697751,-0.007328,-1.047619
-1.195544,0.007328,0.139194,2.698133,0.007326,-1.047619
-1.195544,-0.007326,0.134311,2.698133,0.007326,-1.047619
-1.195544,-0.007326,0.134311,2.697751,0.007326,-1.047619
-1.195544,-0.007326,0.134311,2.697751,0.007326,-1.047619
-1.195544,-0.021978,0.139194,2.698133,0.021978,-1.047619
-1.195544,0.007328,0.139194,2.697751,0.021978,-1.047619
-1.195544,-0.007326,0.139194,2.698133,0.007326,-1.047619
-1.195544,0.007328,0.134311,2.698133,0.007326,-1.047619
-1.195544,-0.007326,0.139194,2.698133,0.007326,-1.052503
-1.195544,-0.007326,0.139194,2.698133,0.007326,-1.052503
-1.195544,-0.007326,0.139194,2.698133,-0.007328,-1.047619
-1.195544,-0.007326,0.139194,2.698133,0.021978,-1.052503
-1.195544,-0.007326,0.134311,2.697751,0.007326,-1.047619
-1.195544,-0.007326,0.134311,2.698133,0.007326,-1.047619
-1.195544,-0.007326,0.134311,2.698133,0.007326,-1.052503
-1.195544,-0.007326,0.134311,2.697751,0.007326,-1.052503
-1.195544,-0.021978,0.134311,2.697751,0.007326,-1.057387
-1.195544,-0.021978,0.134311,2.697751,-0.007328,-1.052503
-1.195544,-0.007326,0.134311,2.698133,0.007326,-1.047619
-1.195544,-0.007326,0.134311,2.697751,0.007326,-1.047619
-1.195544,-0.007326,0.139194,2.697751,0.007326,-1.047619
-1.195544,-0.007326,0.134311,2.698133,0.021978,-1.052503
-1.195544,-0.036631,0.139194,2.698133,0.021978,-1.047619
-1.195544,-0.007326,0.139194,2.698133,0.007326,-1.047619
-1.195544,-0.007326,0.139194,2.697751,-0.007328,-1.047619
-1.195544,-0.007326,0.139194,2.698133,0.007326,-1.052503
-1.195544,-0.007326,0.139194,2.697751,0.007326,-1.052503
-1.195544,-0.007326,0.139194,2.697751,0.021978,-1.047619
-1.195544,-0.007326,0.134311,2.697751,0.007326,-1.052503
-1.195544,-0.007326,0.139194,2.698133,0.021978,-1.047619
-1.195544,-0.007326,0.139194,2.697751,-0.021980,-1.047619
-1.195544,-0.007326,0.139194,2.697751,-0.007328,-1.047619
-1.195544,-0.007326,0.134311,2.697751,0.007326,-1.052503
-1.195544,-0.007326,0.139194,2.698133,0.021978,-1.052503
-1.195544,-0.021978,0.134311,2.697751,0.007326,-1.047619
-1.195544,-0.007326,0.134311,2.698133,0.007326,-1.052503
-1.195544,-0.007326,0.134311,2.698133,-0.007328,-1.052503
-1.195544,0.007328,0.134311,2.697751,0.007326,-1.052503
-1.195544,-0.007326,0.134311,2.698133,-0.007328,-1.052503
-1.195544,-0.007326,0.139194,2.697751,0.007326,-1.052503
-1.195544,-0.007326,0.139194,2.698133,-0.007328,-1.047619
-1.195544,-0.007326,0.134311,2.698133,0.007326,-1.042735
-1.195544,-0.007326,0.134311,2.698133,0.007326,-1.047619
-1.195544,-0.007326,0.134311,2.698133,0.021978,-1.047619
-1.195544,-0.007326,0.139194,2.697751,0.007326,-1.047619
-1.195544,-0.007326,0.139194,2.697751,0.007326,-1.047619
-1.195544,0.007328,0.134311,2.697751,0.007326,-1.047619
-1.195544,0.007328,0.139194,2.698133,0.021978,-1.052503
-1.195544,-0.007326,0.134311,2.697751,0.021978,-1.052503
-1.195544,-0.007326,0.134311,2.698133,0.021978,-1.047619
-1.195544,-0.007326,0.139194,2.698133,0.007326,-1.047619
-1.195544,-0.007326,0.139194,2.697751,0.007326,-1.052503
-1.195544,-0.007326,0.134311,2.698133,0.007326,-1.052503
-1.195544,-0.007326,0.134311,2.698133,0.021978,-1.052503
-1.195544,-0.007326,0.134311,2.698133,0.007326,-1.047619
-1.195544,-0.007326,0.134311,2.698133,-0.007328,-1.052503
-1.195544,-0.007326,0.139194,2.697751,0.021978,-1.052503
-1.195544,0.007328,0.139194,2.698133,0.007326,-1.052503
-1.195544,-0.007326,0.139194,2.697751,-0.007328,-1.052503
-1.195544,-0.021978,0.139194,2.698133,0.021978,-1.047619
-1.195544,-0.007326,0.139194,2.698133,0.007326,-1.047619
-1.195544,-0.021978,0.139194,2.698133,0.007326,-1.047619
-1.195544,0.007328,0.139194,2.697751,-0.007328,-1.047619
-1.195544,-0.021978,0.134311,2.697751,-0.007328,-1.047619
-1.195544,-0.007326,0.139194,2.697751,-0.007328,-1.052503
-1.195544,0.007328,0.139194,2.697751,0.007326,-1.047619
-1.195544,-0.007326,0.139194,2.698133,0.007326,-1.047619
-1.195544,-0.021978,0.134311,2.698133,0.021978,-1.052503
-1.195544,-0.007326,0.139194,2.697751,0.007326,-1.047619
-1.195544,-0.007326,0.134311,2.697751,0.007326,-1.047619
-1.195544,0.007328,0.134311,2.698133,0.007326,-1.052503
-1.195544,-0.007326,0.139194,2.698133,0.007326,-1.052503
-1.195544,-0.007326,0.134311,2.697751,-0.007328,-1.047619
-1.195544,-0.021978,0.134311,2.698133,0.007326,-1.047619
-1.195544,-0.007326,0.134311,2.698133,0.007326,-1.047619
-1.195544,-0.007326,0.134311,2.698133,-0.007328,-1.047619
-1.195544,-0.007326,0.134311,2.698133,0.007326,-1.047619
-1.195544,-0.021978,0.134311,2.698133,0.007326,-1.047619
-1.195544,-0.021978,0.134311,2.698133,0.007326,-1.047619
-1.195544,-0.007326,0.134311,2.697751,0.007326,-1.052503
-1.195544,-0.007326,0.139194,2.697751,0.007326,-1.052503
-1.195544,0.007328,0.134311,2.697751,0.007326,-1.047619
-1.195544,-0.007326,0.134311,2.697751,0.021978,-1.047619
-1.195544,-0.007326,0.134311,2.698133,0.021978,-1.052503
-1.195544,-0.007326,0.139194,2.698133,0.007326,-1.052503
-1.195544,0.007328,0.134311,2.697751,0.007326,-1.047619
-1.195544,-0.021978,0.134311,2.698133,0.021978,-1.052503
-1.195544,-0.007326,0.134311,2.698133,0.021978,-1.052503
-1.195544,-0.007326,0.134311,2.698133,-0.007328,-1.052503
-1.195544,-0.007326,0.134311,2.698133,0.007326,-1.052503
-1.195544,0.021980,0.134311,2.697751,0.007326,-1.047619
-1.195544,0.007328,0.134311,2.697751,0.036631,-1.047619
-1.195544,-0.007326,0.134311,2.697751,0.007326,-1.047619
-1.195544,-0.007326,0.134311,2.698133,0.007326,-1.052503
-1.195544,-0.007326,0.134311,2.698133,0.021978,-1.052503
-1.195544,-0.007326,0.139194,2.697751,-0.007328,-1.052503
-1.195544,-0.021978,0.134311,2.697751,-0.007328,-1.052503
-1.195544,-0.007326,0.134311,2.698133,0.021978,-1.052503
-1.195544,-0.007326,0.134311,2.697751,0.007326,-1.052503
-1.195544,-0.007326,0.134311,2.697751,0.007326,-1.052503
-1.195544,-0.007326,0.139194,2.697751,0.007326,-1.052503
-1.195544,0.007328,0.139194,2.698133,0.036631,-1.052503
-1.195544,-0.007326,0.134311,2.698133,0.007326,-1.047619
-1.195544,-0.007326,0.139194,2.697751,0.007326,-1.047619
-1.195544,-0.021978,0.139194,2.697751,0.021978,-1.052503
-1.195544,-0.007326,0.139194,2.697751,0.007326,-1.047619
-1.195544,-0.007326,0.139194,2.698133,0.007326,-1.052503
-1.195544,0.007328,0.139194,2.698133,0.021978,-1.052503
-1.195544,0.007328,0.134311,2.697751,-0.007328,-1.047619
-1.195544,-0.007326,0.139194,2.697751,-0.007328,-1.047619
-1.195544,-0.007326,0.139194,2.698133,0.007326,-1.047619
-1.195544,0.007328,0.139194,2.698133,0.021978,-1.047619
-1.195544,-0.007326,0.144079,2.698133,-0.007328,-1.042735
-1.195544,-0.007326,0.139194,2.698133,0.007326,-1.047619
-1.195544,-0.007326,0.139194,2.698133,0.007326,-1.052503
-1.195544,-0.007326,0.139194,2.698133,-0.007328,-1.047619
-1.195544,-0.007326,0.139194,2.698133,0.007326,-1.047619
-1.195544,-0.007326,0.139194,2.698133,-0.007328,-1.047619
-1.195544,-0.007326,0.139194,2.698133,0.007326,-1.052503
-1.195544,-0.007326,0.139194,2.697751,-0.007328,-1.052503
-1.195544,0.007328,0.139194,2.698133,-0.007328,-1.052503
-1.195544,-0.007326,0.139194,2.698133,0.007326,-1.052503
-1.195544,-0.007326,0.139194,2.698133,0.007326,-1.052503
-1.195544,-0.021978,0.139194,2.698133,0.007326,-1.052503
-1.195544,0.007328,0.134311,2.698133,-0.007328,-1.052503
-1.195544,-0.021978,0.139194,2.697751,-0.007328,-1.047619
-1.195544,-0.007326,0.139194,2.698133,0.007326,-1.052503
-1.195544,0.007328,0.139194,2.697751,0.007326,-1.052503
-1.195544,0.007328,0.139194,2.698133,0.021978,-1.052503
-1.195544,-0.007326,0.139194,2.698133,0.021978,-1.047619
-1.195544,-0.007326,0.139194,2.697751,0.007326,-1.042735
-1.195544,-0.007326,0.139194,2.697751,-0.007328,-1.047619
-1.195544,-0.007326,0.139194,2.698133,0.007326,-1.052503
-1.195544,-0.007326,0.139194,2.697751,-0.007328,-1.052503
-1.195544,-0.007326,0.139194,2.697751,-0.007328,-1.052503
-1.195544,-0.007326,0.139194,2.697751,0.007326,-1.047619
-1.195544,0.007328,0.139194,2.698133,0.007326,-1.047619
-1.195544,-0.021978,0.139194,2.698133,0.007326,-1.052503
-1.195544,-0.007326,0.144079,2.698133,0.007326,-1.052503
-1.195544,0.007328,0.144079,2.698133,0.021978,-1.052503
-1.195544,-0.007326,0.144079,2.697751,0.007326,-1.047619
-1.195544,-0.007326,0.139194,2.698133,-0.007328,-1.047619
-1.195544,-0.007326,0.139194,2.697751,0.007326,-1.052503
-1.195544,0.007328,0.139194,2.698133,-0.007328,-1.052503
-1.195544,-0.021978,0.139194,2.698133,0.007326,-1.052503
-1.195544,-0.007326,0.144079,2.698133,0.007326,-1.052503
-1.195544,-0.007326,0.144079,2.698133,0.007326,-1.052503
-1.195544,-0.007326,0.139194,2.698133,-0.007328,-1.047619
-1.195544,0.021980,0.144079,2.698133,0.007326,-1.052503
-1.195544,-0.036631,0.144079,2.698133,-0.007328,-1.047619
-1.195544,-0.007326,0.139194,2.698133,0.007326,-1.047619
-1.195544,0.007328,0.139194,2.698133,0.021978,-1.052503
-1.195544,-0.021978,0.139194,2.697751,0.007326,-1.047619
-1.195544,0.007328,0.144079,2.697751,0.007326,-1.047619
-1.195544,-0.021978,0.144079,2.698133,-0.007328,-1.047619
-1.195544,-0.021978,0.144079,2.698133,0.007326,-1.052503
-1.195544,-0.007326,0.139194,2.698133,0.007326,-1.057387
-1.195544,-0.007326,0.139194,2.698133,0.007326,-1.052503
-1.195544,-0.007326,0.144079,2.698133,0.007326,-1.047619
-1.195544,-0.007326,0.144079,2.698133,0.021978,-1.052503
-1.195544,-0.007326,0.144079,2.697751,0.021978,-1.047619
-1.195544,0.007328,0.139194,2.698133,0.007326,-1.047619
-1.195544,-0.007326,0.139194,2.698133,-0.007328,-1.047619
-1.195544,-0.007326,0.144079,2.698133,0.007326,-1.047619
-1.195544,-0.007326,0.139194,2.698133,-0.007328,-1.047619
-1.195544,0.007328,0.144079,2.698133,0.007326,-1.047619
-1.195544,-0.007326,0.139194,2.697751,-0.021980,-1.052503
-1.195544,-0.007326,0.139194,2.698133,0.007326,-1.052503
-1.195544,-0.021978,0.139194,2.698133,0.007326,-1.052503
-1.195544,0.007328,0.139194,2.698133,0.007326,-1.052503
-1.195544,-0.021978,0.139194,2.698133,0.007326,-1.047619
-1.195544,-0.021978,0.139194,2.698133,0.021978,-1.047619
-1.195544,-0.007326,0.139194,2.698133,-0.007328,-1.047619
-1.195544,-0.007326,0.139194,2.698133,0.007326,-1.052503
-1.195544,-0.021978,0.139194,2.698133,0.007326,-1.052503
-1.195544,-0.007326,0.139194,2.698133,0.007326,-1.052503
-1.195544,-0.007326,0.144079,2.698133,0.021978,-1.052503
-1.195544,0.007328,0.144079,2.698133,0.007326,-1.047619
-1.195544,-0.007326,0.144079,2.697751,0.007326,-1.052503
-1.195544,-0.007326,0.144079,2.698133,0.007326,-1.052503
-1.195544,-0.007326,0.144079,2.697751,0.007326,-1.047619
-1.195544,0.007328,0.144079,2.698133,-0.007328,-1.052503
-1.195544,-0.007326,0.144079,2.698133,0.021978,-1.052503
-1.195544,-0.007326,0.139194,2.697751,0.021978,-1.052503
-1.195544,0.007328,0.144079,2.698133,0.007326,-1.057387
-1.195544,0.021980,0.144079,2.698133,0.007326,-1.047619
-1.195544,-0.007326,0.144079,2.698133,-0.007328,-1.047619
-1.195544,-0.007326,0.144079,2.698133,0.007326,-1.052503
-1.195544,-0.007326,0.139194,2.698133,-0.007328,-1.052503
-1.195544,-0.007326,0.144079,2.698133,0.007326,-1.052503
-1.195544,-0.007326,0.144079,2.698133,0.021978,-1.052503
-1.195544,-0.007326,0.144079,2.697751,-0.007328,-1.052503
-1.195544,-0.007326,0.139194,2.698133,0.007326,-1.052503
-1.195544,0.007328,0.144079,2.698133,-0.007328,-1.052503
-1.195544,-0.007326,0.144079,2.697751,0.007326,-1.052503
-1.195544,0.007328,0.139194,2.697751,0.007326,-1.052503
-1.195544,-0.021978,0.144079,2.698133,0.007326,-1.052503
-1.195544,-0.007326,0.144079,2.697751,-0.007328,-1.047619
-1.195544,-0.007326,0.144079,2.698133,0.007326,-1.052503
-1.195544,-0.007326,0.144079,2.697751,0.007326,-1.052503
-1.195544,-0.007326,0.144079,2.698133,0.007326,-1.052503
-1.195544,-0.007326,0.139194,2.698133,0.007326,-1.052503
-1.195544,-0.007326,0.144079,2.698133,-0.007328,-1.057387
-1.195544,-0.007326,0.144079,2.698133,0.021978,-1.052503
-1.195544,-0.007326,0.144079,2.698133,-0.007328,-1.052503
-1.195544,-0.007326,0.144079,2.698133,0.007326,-1.052503
-1.195544,0.007328,0.144079,2.697751,0.007326,-1.052503
-1.195544,-0.007326,0.139194,2.698133,-0.007328,-1.057387
-1.195544,-0.007326,0.144079,2.698133,0.007326,-1.052503
-1.195544,0.007328,0.139194,2.697751,0.007326,-1.047619
-1.195544,-0.021978,0.144079,2.698133,0.036631,-1.047619
-1.195544,0.007328,0.144079,2.697751,0.007326,-1.047619
-1.195544,-0.036631,0.144079,2.697751,0.007326,-1.047619
-1.195544,0.007328,0.144079,2.698133,0.007326,-1.052503
-1.195544,-0.021978,0.144079,2.698133,0.007326,-1.047619
-1.195544,-0.007326,0.139194,2.697751,-0.007328,-1.047619
-1.195544,0.007328,0.144079,2.697751,0.007326,-1.052503
-1.195544,-0.007326,0.144079,2.698133,0.007326,-1.052503
-1.195544,-0.007326,0.144079,2.697751,0.007326,-1.052503
-1.195544,-0.007326,0.139194,2.698133,0.007326,-1.052503
-1.195544,-0.007326,0.144079,2.697751,0.007326,-1.047619
-1.195544,-0.021978,0.144079,2.697751,0.007326,-1.052503
-1.195544,-0.021978,0.144079,2.697751,0.007326,-1.052503
-1.195544,-0.007326,0.139194,2.698133,0.007326,-1.052503
-1.195544,-0.021978,0.139194,2.698133,0.021978,-1.052503
-1.195544,-0.007326,0.144079,2.697751,0.007326,-1.052503
-1.195544,-0.007326,0.144079,2.697751,0.007326,-1.052503
-1.195544,-0.021978,0.144079,2.697751,0.007326,-1.052503
-1.195544,-0.007326,0.144079,2.697751,0.007326,-1.052503
-1.195544,0.007328,0.139194,2.698133,0.007326,-1.052503
-1.195544,-0.007326,0.139194,2.698133,0.007326,-1.052503
-1.195544,-0.007326,0.139194,2.697751,-0.007328,-1.047619
-1.195544,-0.007326,0.139194,2.698133,0.007326,-1.047619
-1.195544,-0.007326,0.139194,2.698133,0.007326,-1.047619
-1.195544,-0.021978,0.144079,2.698133,-0.007328,-1.047619
-1.195544,0.007328,0.139194,2.698133,0.007326,-1.052503
-1.195544,-0.007326,0.144079,2.698133,0.021978,-1.052503
-1.195544,-0.007326,0.139194,2.698133,0.007326,-1.052503
-1.195544,0.007328,0.144079,2.698133,0.007326,-1.052503
-1.195544,-0.007326,0.139194,2.697751,0.007326,-1.052503
-1.195544,-0.007326,0.144079,2.698133,0.007326,-1.052503
-1.195544,-0.007326,0.144079,2.697751,-0.007328,-1.052503
-1.195544,-0.021978,0.144079,2.697751,0.007326,-1.052503
-1.195544,-0.007326,0.144079,2.697751,-0.007328,-1.047619
-1.195544,-0.007326,0.144079,2.697751,0.007326,-1.047619
-1.195544,-0.007326,0.144079,2.698133,0.007326,-1.052503
-1.195544,-0.007326,0.144079,2.697751,0.007326,-1.052503
-1.195544,-0.021978,0.139194,2.698133,0.007326,-1.052503
-1.195544,0.007328,0.139194,2.697751,0.007326,-1.052503
-1.195544,-0.007326,0.139194,2.698133,0.007326,-1.052503
-1.195544,-0.007326,0.144079,2.697751,0.007326,-1.052503
-1.195544,0.007328,0.139194,2.697751,-0.007328,-1.047619
-1.195544,0.007328,0.144079,2.698133,0.021978,-1.052503
-1.195544,-0.021978,0.144079,2.697751,0.021978,-1.052503
-1.195544,-0.007326,0.139194,2.698133,0.007326,-1.047619
-1.195544,-0.007326,0.144079,2.698133,0.007326,-1.052503
-1.195544,-0.021978,0.139194,2.697751,0.007326,-1.047619
-1.195544,-0.036631,0.144079,2.698133,0.007326,-1.047619
-1.195544,-0.007326,0.144079,2.697751,-0.007328,-1.047619
-1.195544,0.007328,0.144079,2.698133,0.007326,-1.052503
-1.195544,-0.007326,0.144079,2.697751,0.007326,-1.052503
-1.195544,-0.021978,0.144079,2.698133,0.007326,-1.052503
-1.195544,-0.021978,0.139194,2.698133,-0.007328,-1.047619
-1.195544,-0.007326,0.139194,2.698133,0.007326,-1.052503
-1.195544,-0.007326,0.139194,2.698133,-0.007328,-1.052503
-1.195544,-0.021978,0.139194,2.697751,0.007326,-1.052503
-1.195544,-0.021978,0.144079,2.697751,0.021978,-1.052503
-1.195544,-0.021978,0.144079,2.698133,-0.007328,-1.052503
-1.195544,-0.007326,0.144079,2.697751,0.007326,-1.047619
-1.195544,-0.007326,0.139194,2.698133,0.007326,-1.047619
-1.195544,-0.021978,0.139194,2.698133,-0.021980,-1.047619
-1.195544,-0.007326,0.139194,2.697751,0.007326,-1.047619
-1.195544,-0.007326,0.144079,2.698133,0.007326,-1.052503
-1.195544,-0.007326,0.144079,2.697751,-0.007328,-1.052503
-1.195544,-0.021978,0.144079,2.698133,0.007326,-1.052503
-1.195544,-0.007326,0.144079,2.697751,0.007326,-1.057387
-1.195544,0.007328,0.144079,2.698133,0.007326,-1.052503
-1.195544,0.007328,0.144079,2.697751,0.007326,-1.052503
-1.195544,-0.007326,0.144079,2.697751,0.007326,-1.047619
-1.195544,-0.021978,0.139194,2.697751,-0.007328,-1.047619
-1.195544,-0.007326,0.139194,2.697751,0.007326,-1.047619
-1.195544,0.007328,0.139194,2.698133,0.021978,-1.052503
-1.195544,-0.021978,0.139194,2.698133,0.007326,-1.052503
-1.195544,0.007328,0.139194,2.698133,0.007326,-1.047619
-1.195544,-0.007326,0.139194,2.697751,-0.007328,-1.047619
-1.195544,-0.007326,0.139194,2.698133,0.007326,-1.052503
-1.195544,-0.007326,0.139194,2.698133,0.007326,-1.052503
-1.195544,-0.021978,0.139194,2.697751,-0.007328,-1.052503
-1.195544,0.007328,0.144079,2.698133,0.007326,-1.052503
-1.195544,0.007328,0.139194,2.698133,0.007326,-1.047619
-1.195544,-0.021978,0.144079,2.698133,0.021978,-1.047619
-1.195544,0.007328,0.144079,2.697751,0.007326,-1.047619
-1.195544,-0.007326,0.144079,2.697751,0.007326,-1.047619
-1.195544,-0.007326,0.139194,2.698133,-0.007328,-1.047619
-1.195544,-0.021978,0.144079,2.698133,0.007326,-1.052503
-1.195544,-0.007326,0.139194,2.698133,0.007326,-1.052503
-1.195544,0.007328,0.139194,2.698133,0.007326,-1.052503
-1.195544,-0.007326,0.139194,2.698133,0.021978,-1.052503
-1.195544,-0.021978,0.139194,2.698133,-0.007328,-1.052503
-1.195544,-0.007326,0.139194,2.698133,0.021978,-1.052503
-1.195544,-0.007326,0.139194,2.698133,0.007326,-1.047619
-1.195544,-0.021978,0.139194,2.697751,0.007326,-1.047619
-1.195544,-0.007326,0.144079,2.698133,0.007326,-1.052503
-1.195544,-0.007326,0.144079,2.698133,0.007326,-1.052503
-1.195544,-0.007326,0.144079,2.697751,-0.007328,-1.052503
-1.195544,-0.007326,0.144079,2.698133,0.007326,-1.057387
-1.195544,-0.007326,0.139194,2.698133,0.007326,-1.052503
-1.195544,0.007328,0.144079,2.698133,0.021978,-1.052503
-1.195544,-0.007326,0.144079,2.698133,0.007326,-1.052503
-1.195544,-0.007326,0.139194,2.698133,-0.007328,-1.052503
-1.195544,-0.007326,0.144079,2.698133,0.036631,-1.057387
-1.195544,-0.007326,0.139194,2.697751,-0.007328,-1.052503
-1.195544,-0.007326,0.139194,2.697751,0.021978,-1.052503
-1.195544,0.007328,0.144079,2.698133,0.007326,-1.052503
-1.195544,-0.007326,0.144079,2.697751,0.007326,-1.047619
-1.195544,0.007328,0.139194,2.697751,0.007326,-1.052503
-1.195544,-0.007326,0.144079,2.698133,0.007326,-1.052503
-1.195544,-0.007326,0.144079,2.698133,-0.007328,-1.052503
-1.195544,-0.007326,0.144079,2.698133,0.007326,-1.052503
-1.195544,-0.021978,0.139194,2.697751,0.007326,-1.052503
-1.195544,-0.007326,0.144079,2.697751,0.021978,-1.057387
-1.195544,-0.007326,0.139194,2.698133,0.021978,-1.057387
-1.195544,0.007328,0.139194,2.697751,0.021978,-1.052503
-1.195544,-0.007326,0.144079,2.698133,0.021978,-1.052503
-1.195544,0.007328,0.139194,2.698133,0.007326,-1.052503
-1.195544,-0.007326,0.139194,2.697751,-0.007328,-1.052503
-1.195544,-0.007326,0.139194,2.698133,0.007326,-1.052503
-1.195544,-0.007326,0.144079,2.698133,0.007326,-1.052503
-1.195544,-0.007326,0.144079,2.698133,0.007326,-1.052503
-1.195544,0.007328,0.139194,2.697751,0.007326,-1.052503
-1.195544,-0.007326,0.144079,2.697751,0.007326,-1.052503
-1.195544,-0.007326,0.144079,2.698133,0.007326,-1.052503
-1.195544,-0.007326,0.144079,2.698133,0.007326,-1.052503
-1.195544,0.007328,0.144079,2.697751,0.007326,-1.047619
-1.195544,-0.007326,0.144079,2.697751,0.007326,-1.047619
-1.195544,-0.007326,0.144079,2.698133,0.021978,-1.047619
-1.195544,0.007328,0.144079,2.697751,0.007326,-1.047619
-1.195544,0.007328,0.144079,2.698133,0.007326,-1.052503
-1.195544,-0.007326,0.144079,2.698133,0.007326,-1.047619
-1.195544,-0.021978,0.139194,2.698133,0.007326,-1.052503
-1.195544,-0.007326,0.144079,2.698133,0.007326,-1.047619
-1.195544,0.007328,0.144079,2.698133,0.021978,-1.052503
-1.195544,-0.007326,0.139194,2.698133,0.007326,-1.052503
-1.195544,-0.007326,0.139194,2.697751,-0.007328,-1.052503
-1.195544,-0.007326,0.144079,2.697751,0.007326,-1.052503
-1.195544,-0.007326,0.144079,2.698133,0.021978,-1.057387
-1.195544,-0.007326,0.139194,2.698133,0.007326,-1.052503
-1.195544,-0.007326,0.144079,2.697751,0.021978,-1.052503
-1.195544,-0.007326,0.139194,2.698133,0.021978,-1.047619
-1.195544,-0.021978,0.144079,2.697751,0.007326,-1.047619
-1.195544,-0.021978,0.144079,2.698133,-0.007328,-1.047619
-1.195544,-0.021978,0.144079,2.698133,0.007326,-1.052503
-1.195544,-0.007326,0.144079,2.698133,0.007326,-1.052503
-1.195544,-0.007326,0.144079,2.698133,-0.007328,-1.052503
-1.195544,-0.021978,0.139194,2.697751,0.007326,-1.052503
-1.195544,-0.021978,0.139194,2.698133,-0.007328,-1.052503
-1.195544,-0.021978,0.139194,2.697751,0.007326,-1.052503
-1.195544,-0.007326,0.144079,2.698133,0.036631,-1.052503
-1.195544,-0.007326,0.144079,2.698133,-0.007328,-1.047619
-1.195544,-0.007326,0.139194,2.698133,-0.007328,-1.052503
-1.195544,-0.021978,0.144079,2.697751,0.007326,-1.052503
-1.195544,-0.007326,0.144079,2.698133,0.007326,-1.047619
-1.195544,-0.007326,0.144079,2.698133,0.007326,-1.052503
-1.195544,-0.007326,0.139194,2.697751,0.007326,-1.047619
-1.195544,-0.007326,0.144079,2.698133,0.007326,-1.047619
-1.195544,0.007328,0.144079,2.697751,0.007326,-1.052503
-1.195544,-0.007326,0.144079,2.698133,0.007326,-1.052503
-1.195544,0.007328,0.144079,2.698133,0.021978,-1.052503
-1.195544,-0.007326,0.144079,2.698133,0.007326,-1.052503
-1.195544,-0.007326,0.139194,2.697751,0.007326,-1.052503
-1.195544,-0.007326,0.139194,2.698133,0.007326,-1.047619
-1.195544,-0.007326,0.144079,2.698133,0.007326,-1.052503
-1.195544,-0.007326,0.139194,2.698133,-0.007328,-1.047619
-1.195544,-0.007326,0.139194,2.698133,0.007326,-1.047619
-1.195544,0.007328,0.139194,2.698133,-0.007328,-1.047619
-1.195544,0.007328,0.144079,2.697751,-0.007328,-1.047619
-1.195544,-0.007326,0.139194,2.698133,0.021978,-1.052503
-1.195544,0.007328,0.139194,2.698133,0.007326,-1.052503
-1.195544,-0.007326,0.144079,2.698133,-0.007328,-1.052503
-1.195544,-0.007326,0.144079,2.698133,0.007326,-1.057387
-1.195544,-0.021978,0.144079,2.697751,-0.007328,-1.052503
-1.195544,-0.007326,0.144079,2.698133,0.021978,-1.052503
-1.195544,-0.007326,0.144079,2.697751,-0.007328,-1.052503
-1.195544,0.007328,0.144079,2.698133,0.021978,-1.052503
-1.195544,-0.007326,0.144079,2.698133,-0.007328,-1.047619
-1.195544,0.007328,0.144079,2.698133,0.007326,-1.052503
-1.195544,-0.007326,0.139194,2.698133,0.007326,-1.052503
-1.195544,-0.007326,0.139194,2.697751,0.007326,-1.047619
-1.195544,-0.007326,0.139194,2.698133,0.007326,-1.052503
-1.195544,-0.007326,0.144079,2.697751,-0.007328,-1.052503
-1.195544,-0.007326,0.144079,2.697751,0.021978,-1.052503
-1.195544,-0.007326,0.144079,2.697751,0.021978,-1.047619
-1.195544,-0.007326,0.144079,2.698133,-0.007328,-1.052503
-1.195544,0.007328,0.144079,2.698133,0.021978,-1.052503
-1.195544,0.007328,0.144079,2.698133,0.021978,-1.047619
-1.195544,0.007328,0.144079,2.697751,0.007326,-1.052503
-1.195544,-0.007326,0.144079,2.698133,0.021978,-1.052503
-1.195544,0.007328,0.144079,2.698133,0.007326,-1.052503
-1.195544,-0.007326,0.144079,2.697751,-0.007328,-1.052503
-1.195544,0.007328,0.144079,2.698133,0.007326,-1.052503
-1.195544,-0.007326,0.144079,2.697751,-0.007328,-1.047619
-1.195544,-0.007326,0.144079,2.698133,0.007326,-1.052503
-1.195544,0.007328,0.144079,2.697751,0.007326,-1.052503
-1.195544,-0.007326,0.144079,2.697751,-0.007328,-1.052503
-1.195544,-0.007326,0.139194,2.697751,0.021978,-1.052503
-1.195544,-0.021978,0.139194,2.697751,-0.007328,-1.052503
-1.195544,-0.007326,0.139194,2.698133,0.021978,-1.052503
-1.195544,-0.021978,0.139194,2.697751,-0.007328,-1.052503
-1.195544,-0.007326,0.144079,2.697751,0.007326,-1.052503
-1.195544,-0.007326,0.144079,2.698133,0.007326,-1.052503
-1.195544,-0.007326,0.139194,2.698133,0.021978,-1.057387
-1.195544,0.007328,0.139194,2.697751,0.021978,-1.052503
-1.195544,-0.007326,0.144079,2.698133,0.021978,-1.052503
-1.195544,-0.007326,0.139194,2.698133,0.007326,-1.052503
-1.195544,-0.021978,0.144079,2.698133,0.007326,-1.052503
-1.195544,-0.007326,0.144079,2.697751,0.007326,-1.052503
-1.195544,0.007328,0.144079,2.698133,0.021978,-1.052503
-1.195544,-0.007326,0.144079,2.697751,0.007326,-1.052503
-1.195544,-0.007326,0.144079,2.698133,0.007326,-1.052503
-1.195544,-0.007326,0.144079,2.698133,0.021978,-1.057387
-1.195544,-0.007326,0.144079,2.698133,0.021978,-1.052503
-1.195544,0.007328,0.139194,2.698133,0.021978,-1.057387
-1.195544,-0.021978,0.144079,2.697751,0.007326,-1.052503
-1.195544,0.007328,0.139194,2.697751,0.007326,-1.047619
-1.195544,0.007328,0.139194,2.698133,0.021978,-1.052503
-1.195544,-0.007326,0.139194,2.698133,0.007326,-1.047619
-1.195544,0.007328,0.144079,2.697751,-0.021980,-1.047619
-1.195544,-0.007326,0.139194,2.698133,0.021978,-1.052503
-1.195544,0.007328,0.139194,2.698133,0.007326,-1.047619
-1.195544,-0.007326,0.139194,2.697751,0.007326,-1.052503
-1.195544,0.007328,0.144079,2.697751,0.007326,-1.052503
-1.195544,-0.021978,0.144079,2.698133,0.021978,-1.052503
-1.195544,-0.007326,0.139194,2.697751,0.021978,-1.052503
-1.195544,-0.021978,0.144079,2.698133,0.007326,-1.052503
-1.195544,-0.007326,0.139194,2.698133,0.021978,-1.052503
-1.195544,-0.007326,0.144079,2.698133,0.007326,-1.047619
-1.195544,0.007328,0.144079,2.698133,-0.007328,-1.047619
-1.195544,-0.007326,0.139194,2.697751,0.007326,-1.052503
-1.195544,-0.007326,0.144079,2.698133,0.021978,-1.052503
-1.195544,-0.007326,0.144079,2.698133,0.021978,-1.052503
-1.195544,-0.007326,0.144079,2.698133,0.007326,-1.052503
-1.195544,-0.021978,0.144079,2.698133,0.007326,-1.052503
-1.195544,0.007328,0.139194,2.697751,0.007326,-1.052503
-1.195544,-0.021978,0.139194,2.698133,0.021978,-1.052503
-1.195544,0.007328,0.139194,2.698133,-0.007328,-1.052503
-1.195544,-0.007326,0.144079,2.697751,0.007326,-1.052503
-1.195544,-0.007326,0.139194,2.698133,0.021978,-1.052503
-1.195544,0.007328,0.139194,2.697751,0.007326,-1.047619
-1.195544,-0.007326,0.139194,2.698133,0.007326,-1.052503
-1.195544,-0.007326,0.139194,2.697751,0.007326,-1.052503
-1.195544,-0.007326,0.144079,2.697751,0.007326,-1.052503
-1.195544,-0.007326,0.144079,2.698133,0.007326,-1.052503
-1.195544,0.007328,0.144079,2.697751,-0.007328,-1.047619
-1.195544,0.007328,0.139194,2.697751,-0.007328,-1.047619
-1.195544,-0.021978,0.139194,2.697751,-0.007328,-1.052503
-1.195544,0.007328,0.144079,2.697751,0.007326,-1.052503
-1.195544,-0.007326,0.139194,2.698133,0.007326,-1.052503
-1.195544,-0.007326,0.144079,2.697751,-0.007328,-1.052503
-1.195544,0.007328,0.144079,2.698133,0.007326,-1.052503
-1.195544,-0.007326,0.144079,2.697751,0.007326,-1.052503
-1.195544,-0.007326,0.144079,2.697751,0.007326,-1.052503
-1.195544,-0.007326,0.139194,2.698133,0.007326,-1.052503
-1.195544,-0.007326,0.139194,2.698133,0.007326,-1.052503
-1.195544,-0.007326,0.139194,2.697751,0.007326,-1.052503
-1.195544,-0.021978,0.139194,2.698133,0.007326,-1.047619
-1.195544,0.007328,0.144079,2.698133,0.007326,-1.047619
-1.195544,-0.021978,0.139194,2.698133,-0.007328,-1.052503
-1.195544,-0.021978,0.139194,2.697751,-0.007328,-1.052503
-1.195544,-0.007326,0.144079,2.698133,0.021978,-1.052503
-1.195544,-0.007326,0.144079,2.698133,0.007326,-1.047619
-1.195544,-0.007326,0.139194,2.698133,-0.007328,-1.047619
-1.195544,-0.007326,0.144079,2.697751,0.007326,-1.052503
-1.195544,-0.007326,0.144079,2.698133,0.021978,-1.052503
-1.195544,-0.007326,0.139194,2.697751,0.007326,-1.052503
-1.195544,-0.007326,0.144079,2.697751,0.007326,-1.047619
-1.195544,-0.007326,0.144079,2.697751,0.007326,-1.052503
-1.195544,-0.007326,0.139194,2.698133,-0.007328,-1.052503
-1.195544,-0.007326,0.144079,2.698133,0.021978,-1.052503
-1.195544,-0.007326,0.144079,2.698133,0.007326,-1.052503
-1.195544,-0.021978,0.139194,2.697751,0.007326,-1.052503
-1.195544,0.007328,0.139194,2.697751,0.007326,-1.052503
-1.195544,-0.007326,0.144079,2.698133,0.007326,-1.052503
-1.195544,-0.007326,0.139194,2.698133,-0.007328,-1.052503
-1.195544,-0.007326,0.144079,2.698133,0.007326,-1.047619
-1.195544,-0.021978,0.139194,2.697751,0.007326,-1.052503
-1.195544,-0.021978,0.144079,2.698133,0.036631,-1.052503
-1.195544,0.007328,0.139194,2.698133,0.007326,-1.047619
-1.195544,0.007328,0.144079,2.698133,0.007326,-1.052503
-1.195544,-0.007326,0.139194,2.698133,0.021978,-1.047619
-1.195544,-0.007326,0.144079,2.697751,0.007326,-1.052503
-1.195544,-0.007326,0.139194,2.698133,0.007326,-1.047619
-1.195544,0.007328,0.139194,2.698133,0.007326,-1.052503
-1.195544,-0.007326,0.144079,2.697751,-0.007328,-1.052503
-1.195544,-0.007326,0.144079,2.698133,0.021978,-1.047619
-1.195544,-0.007326,0.139194,2.698133,0.007326,-1.047619
-1.195544,-0.007326,0.144079,2.698133,0.021978,-1.047619
-1.195544,0.007328,0.144079,2.698133,0.007326,-1.052503
-1.195544,-0.007326,0.144079,2.698133,0.021978,-1.052503
-1.195544,0.007328,0.144079,2.698133,0.007326,-1.052503
-1.195544,-0.021978,0.139194,2.698133,0.007326,-1.052503
-1.195544,-0.007326,0.139194,2.698133,0.007326,-1.052503
-1.195544,-0.021978,0.139194,2.698133,-0.007328,-1.052503
-1.195544,-0.007326,0.139194,2.698133,0.007326,-1.047619
-1.195544,0.007328,0.139194,2.697751,0.007326,-1.052503
-1.195544,0.007328,0.144079,2.697751,0.007326,-1.052503
-1.195544,-0.007326,0.139194,2.698133,0.007326,-1.047619
-1.195544,-0.007326,0.144079,2.697751,0.007326,-1.047619
-1.195544,-0.021978,0.139194,2.697751,0.021978,-1.052503
-1.195544,-0.007326,0.139194,2.697751,0.007326,-1.052503
-1.195544,0.007328,0.139194,2.698133,0.007326,-1.047619
-1.195544,0.007328,0.144079,2.697751,0.007326,-1.052503
-1.195544,0.007328,0.139194,2.697751,0.007326,-1.047619
-1.195544,-0.007326,0.139194,2.698133,0.007326,-1.052503
-1.195544,-0.021978,0.139194,2.698133,0.007326,-1.047619
-1.195544,-0.021978,0.144079,2.697751,0.007326,-1.047619
-1.195544,-0.007326,0.144079,2.698133,0.007326,-1.052503
-1.195544,-0.007326,0.139194,2.697751,-0.007328,-1.052503
-1.195544,-0.007326,0.139194,2.697751,0.007326,-1.052503
-1.195544,-0.007326,0.139194,2.698133,0.007326,-1.052503
-1.195544,-0.007326,0.139194,2.698133,0.021978,-1.047619
-1.195544,-0.021978,0.139194,2.697751,0.021978,-1.052503
-1.195544,-0.007326,0.139194,2.698133,0.007326,-1.052503
-1.195544,0.021980,0.144079,2.698133,-0.007328,-1.052503
-1.195544,-0.007326,0.139194,2.698133,0.021978,-1.052503
-1.195544,-0.007326,0.139194,2.698133,0.007326,-1.057387
-1.195544,-0.007326,0.144079,2.698133,0.021978,-1.052503
-1.195544,-0.007326,0.139194,2.698133,0.007326,-1.052503
-1.195544,-0.007326,0.144079,2.698133,0.007326,-1.047619
-1.195544,-0.007326,0.144079,2.698133,-0.007328,-1.052503
-1.195544,-0.007326,0.139194,2.698133,0.007326,-1.057387
-1.195544,-0.007326,0.144079,2.697751,0.007326,-1.057387
-1.195544,-0.007326,0.144079,2.698133,0.007326,-1.052503
-1.195544,-0.007326,0.144079,2.698133,0.007326,-1.052503
-1.195544,-0.021978,0.144079,2.698133,0.007326,-1.047619
-1.195544,0.007328,0.139194,2.697751,0.007326,-1.047619
-1.195544,-0.007326,0.144079,2.698133,0.007326,-1.052503
-1.195544,-0.021978,0.144079,2.698133,0.007326,-1.047619
-1.195544,-0.007326,0.144079,2.698133,0.021978,-1.052503
-1.195544,0.007328,0.139194,2.698133,0.007326,-1.052503
-1.195544,-0.007326,0.139194,2.698133,0.007326,-1.047619
-1.195544,-0.007326,0.139194,2.697751,0.007326,-1.047619
-1.195544,-0.021978,0.139194,2.698133,0.007326,-1.052503
-1.195544,-0.007326,0.139194,2.698133,0.021978,-1.052503
-1.195544,0.007328,0.144079,2.698133,0.007326,-1.052503
-1.195544,-0.007326,0.144079,2.698133,0.021978,-1.052503
-1.195544,0.007328,0.139194,2.698133,-0.007328,-1.052503
-1.195544,0.007328,0.144079,2.697751,0.021978,-1.052503
-1.195544,0.007328,0.144079,2.698133,0.007326,-1.047619
-1.195544,0.007328,0.139194,2.698133,0.021978,-1.047619
-1.195544,-0.007326,0.139194,2.697751,-0.007328,-1.047619
-1.195544,-0.021978,0.139194,2.697751,0.007326,-1.047619
-1.195544,-0.007326,0.139194,2.698133,-0.007328,-1.052503
-1.195544,-0.021978,0.139194,2.697751,0.007326,-1.057387
-1.195544,-0.007326,0.139194,2.697751,0.007326,-1.052503
-1.195544,0.007328,0.144079,2.697751,-0.007328,-1.052503
-1.195544,-0.021978,0.144079,2.698133,0.021978,-1.047619
-1.195544,-0.007326,0.139194,2.697751,0.021978,-1.047619
-1.195544,-0.007326,0.139194,2.698133,0.021978,-1.047619
-1.195544,-0.007326,0.139194,2.697751,0.021978,-1.052503
-1.195544,0.007328,0.144079,2.697751,0.021978,-1.052503
-1.195544,-0.007326,0.139194,2.698133,0.007326,-1.047619
-1.195544,-0.007326,0.139194,2.697751,0.007326,-1.047619
-1.195544,-0.021978,0.139194,2.698133,0.007326,-1.047619
-1.195544,-0.007326,0.139194,2.697751,0.007326,-1.047619
-1.195544,-0.007326,0.144079,2.697751,-0.007328,-1.047619
-1.195544,-0.007326,0.139194,2.697751,0.021978,-1.052503
-1.195544,-0.007326,0.144079,2.698133,0.021978,-1.052503
-1.195544,0.021980,0.139194,2.698133,0.007326,-1.052503
-1.195544,-0.007326,0.139194,2.697751,-0.007328,-1.052503
-1.195544,-0.007326,0.139194,2.698133,0.021978,-1.052503
-1.195544,-0.007326,0.139194,2.698133,-0.007328,-1.047619
-1.195544,-0.007326,0.144079,2.697751,0.007326,-1.057387
-1.195544,-0.007326,0.144079,2.698133,0.007326,-1.052503
-1.195544,-0.007326,0.144079,2.697751,-0.021980,-1.052503
-1.195544,-0.007326,0.144079,2.698133,0.021978,-1.052503
-1.195544,-0.021978,0.144079,2.698133,0.007326,-1.047619
-1.195544,-0.007326,0.139194,2.698133,0.021978,-1.052503
-1.195544,0.007328,0.139194,2.698133,0.007326,-1.052503
-1.195544,0.007328,0.139194,2.698133,0.007326,-1.052503
-1.195544,0.007328,0.139194,2.698133,0.007326,-1.047619
-1.195544,-0.007326,0.139194,2.698133,-0.007328,-1.047619
-1.195544,-0.007326,0.139194,2.698133,0.007326,-1.052503
-1.195544,-0.021978,0.139194,2.697751,0.007326,-1.052503
-1.195544,-0.007326,0.139194,2.697751,0.007326,-1.052503
-1.195544,-0.007326,0.139194,2.698133,0.007326,-1.052503
-1.195544,-0.007326,0.144079,2.698133,0.007326,-1.047619
-1.195544,-0.007326,0.144079,2.697751,0.007326,-1.047619
-1.195544,-0.007326,0.144079,2.697751,0.007326,-1.052503
-1.195544,-0.007326,0.144079,2.698133,0.007326,-1.047619
-1.195544,-0.007326,0.144079,2.697751,0.007326,-1.052503
-1.195544,-0.007326,0.144079,2.698133,0.021978,-1.057387
-1.195544,-0.021978,0.144079,2.698133,0.007326,-1.047619
-1.195544,-0.007326,0.144079,2.697751,-0.007328,-1.047619
-1.195544,-0.007326,0.139194,2.697751,0.007326,-1.052503
-1.195544,-0.021978,0.139194,2.697751,0.007326,-1.052503
-1.195544,-0.021978,0.144079,2.697751,0.036631,-1.052503
-1.195544,0.007328,0.144079,2.697751,0.021978,-1.052503
-1.195544,-0.021978,0.139194,2.697751,0.007326,-1.052503
-1.195544,-0.007326,0.139194,2.698133,0.007326,-1.057387
-1.195544,-0.021978,0.144079,2.698133,0.021978,-1.052503
-1.195544,-0.007326,0.144079,2.698133,0.007326,-1.047619
-1.195544,-0.021978,0.144079,2.697751,0.021978,-1.047619
-1.195544,-0.007326,0.139194,2.698133,0.021978,-1.047619
-1.195544,-0.007326,0.139194,2.698133,0.007326,-1.047619
-1.195544,-0.007326,0.139194,2.698133,0.007326,-1.047619
-1.195544,-0.007326,0.144079,2.698133,0.021978,-1.052503
-1.195544,-0.007326,0.144079,2.697751,0.007326,-1.052503
-1.195544,0.021980,0.144079,2.698133,-0.007328,-1.052503
-1.195544,-0.007326,0.144079,2.698133,0.007326,-1.052503
-1.195544,-0.021978,0.139194,2.697751,0.007326,-1.052503
-1.195544,-0.007326,0.144079,2.698133,0.021978,-1.057387
-1.195544,-0.007326,0.144079,2.698133,0.007326,-1.052503
-1.195544,0.007328,0.144079,2.697751,-0.007328,-1.047619
-1.195544,-0.007326,0.144079,2.698133,-0.007328,-1.052503
-1.195544,-0.007326,0.144079,2.698133,0.007326,-1.052503
-1.195544,-0.007326,0.144079,2.697751,0.007326,-1.052503
-1.195544,-0.007326,0.139194,2.698133,0.021978,-1.057387
-1.195544,-0.021978,0.144079,2.697751,0.007326,-1.052503
-1.195544,-0.007326,0.139194,2.698133,0.007326,-1.052503
-1.195544,-0.021978,0.144079,2.698133,0.007326,-1.047619
-1.195544,-0.021978,0.139194,2.697751,0.007326,-1.052503
-1.195544,-0.007326,0.144079,2.698133,0.007326,-1.052503
-1.195544,-0.007326,0.144079,2.697751,-0.007328,-1.047619
-1.195544,-0.007326,0.139194,2.698133,0.007326,-1.052503
-1.195544,-0.007326,0.139194,2.698133,0.007326,-1.052503
-1.195544,-0.021978,0.144079,2.698133,0.007326,-1.052503
-1.195544,0.007328,0.144079,2.697751,0.007326,-1.047619
-1.195544,-0.007326,0.139194,2.698133,0.021978,-1.047619
-1.195544,-0.007326,0.139194,2.697751,0.007326,-1.047619
-1.195544,-0.007326,0.139194,2.698133,0.007326,-1.047619
-1.195544,-0.007326,0.139194,2.697751,0.007326,-1.047619
-1.195544,-0.007326,0.139194,2.698133,0.021978,-1.047619
-1.195544,-0.007326,0.144079,2.698133,-0.007328,-1.042735
-1.195544,-0.021978,0.139194,2.698133,0.007326,-1.047619
-1.195544,-0.007326,0.144079,2.697751,-0.007328,-1.047619
-1.195544,-0.007326,0.144079,2.697751,0.007326,-1.052503
-1.195544,-0.021978,0.144079,2.698133,-0.007328,-1.052503
-1.195544,-0.007326,0.144079,2.697751,0.007326,-1.057387
-1.195544,-0.007326,0.139194,2.697751,0.021978,-1.052503
-1.195544,-0.007326,0.144079,2.697751,-0.007328,-1.047619
-1.195544,-0.007326,0.144079,2.697751,0.007326,-1.052503
-1.195544,-0.007326,0.139194,2.698133,0.007326,-1.052503
-1.195544,-0.007326,0.144079,2.697751,-0.007328,-1.047619
-1.195544,-0.007326,0.144079,2.698133,0.007326,-1.052503
-1.195544,0.007328,0.139194,2.697751,0.021978,-1.052503
-1.195544,-0.021978,0.144079,2.698133,-0.021980,-1.052503
-1.195544,-0.007326,0.144079,2.697751,-0.007328,-1.052503
-1.195544,0.007328,0.139194,2.698133,0.021978,-1.047619
-1.195544,-0.021978,0.144079,2.697751,0.007326,-1.047619
-1.195544,-0.007326,0.144079,2.698133,0.007326,-1.047619
-1.195544,0.007328,0.144079,2.698133,0.007326,-1.052503
-1.195544,0.007328,0.144079,2.697751,-0.007328,-1.052503
-1.195544,0.007328,0.144079,2.697751,0.021978,-1.052503
-1.195544,0.007328,0.144079,2.698133,0.021978,-1.057387
-1.195544,-0.007326,0.139194,2.697751,-0.007328,-1.047619
-1.195544,0.007328,0.139194,2.697751,0.007326,-1.047619
-1.195544,-0.007326,0.139194,2.698133,0.021978,-1.047619
-1.195544,-0.007326,0.139194,2.697751,0.021978,-1.047619
-1.195544,-0.007326,0.139194,2.697751,0.007326,-1.047619
-1.195544,-0.007326,0.139194,2.698133,0.007326,-1.052503
-1.195544,0.007328,0.139194,2.698133,0.021978,-1.052503
-1.195544,-0.007326,0.139194,2.697751,-0.007328,-1.052503
-1.195544,-0.007326,0.144079,2.698133,0.007326,-1.052503
-1.195544,-0.007326,0.144079,2.698133,0.021978,-1.052503
-1.195544,-0.007326,0.144079,2.697751,-0.007328,-1.052503
-1.195544,-0.007326,0.139194,2.698133,0.021978,-1.047619
-1.195544,-0.007326,0.144079,2.698133,0.021978,-1.047619
-1.195544,-0.007326,0.139194,2.698133,0.021978,-1.047619
-1.195544,-0.007326,0.139194,2.698133,0.007326,-1.047619
-1.195544,-0.007326,0.139194,2.698133,-0.007328,-1.047619
-1.195544,-0.007326,0.144079,2.698133,0.007326,-1.052503
-1.195544,-0.007326,0.144079,2.697751,0.021978,-1.052503
-1.195544,-0.021978,0.144079,2.697751,0.021978,-1.052503
-1.195544,-0.007326,0.144079,2.698133,0.007326,-1.052503
-1.195544,-0.007326,0.144079,2.698133,0.021978,-1.052503
-1.195544,0.007328,0.144079,2.698133,0.021978,-1.052503
-1.195544,-0.007326,0.144079,2.698133,0.021978,-1.047619
-1.195544,-0.007326,0.139194,2.698133,0.007326,-1.052503
-1.195544,-0.007326,0.139194,2.697751,0.007326,-1.052503
-1.195544,0.007328,0.144079,2.697751,0.021978,-1.052503
-1.195544,-0.007326,0.144079,2.697751,0.007326,-1.052503
-1.195544,-0.007326,0.139194,2.698133,0.007326,-1.047619
-1.195544,-0.007326,0.144079,2.698133,0.007326,-1.052503
-1.195544,-0.021978,0.139194,2.697751,-0.007328,-1.052503
-1.195544,0.007328,0.144079,2.697751,0.021978,-1.052503
-1.195544,-0.021978,0.139194,2.697751,0.007326,-1.047619
-1.195544,0.007328,0.139194,2.697751,0.007326,-1.052503
-1.195544,-0.007326,0.144079,2.697751,0.007326,-1.052503
-1.195544,-0.007326,0.139194,2.697751,0.007326,-1.052503
-1.195544,0.007328,0.139194,2.697751,-0.007328,-1.052503
-1.195544,-0.007326,0.144079,2.697751,-0.007328,-1.047619
-1.195544,-0.021978,0.144079,2.697751,0.007326,-1.052503
-1.195544,-0.007326,0.144079,2.698133,0.021978,-1.052503
-1.195544,-0.007326,0.144079,2.698133,-0.007328,-1.052503
-1.195544,0.007328,0.144079,2.698133,0.007326,-1.052503
-1.195544,-0.021978,0.144079,2.698133,-0.021980,-1.052503
-1.195544,0.007328,0.144079,2.698133,0.007326,-1.052503
-1.195544,-0.007326,0.144079,2.698133,0.007326,-1.052503
-1.195544,0.007328,0.139194,2.698133,0.007326,-1.052503
-1.195544,-0.007326,0.139194,2.697751,0.007326,-1.052503
-1.195544,0.007328,0.144079,2.698133,0.007326,-1.047619
-1.195544,-0.007326,0.139194,2.698133,0.007326,-1.047619
-1.195544,-0.007326,0.144079,2.698133,-0.007328,-1.047619
-1.195544,-0.021978,0.144079,2.698133,-0.007328,-1.047619
-1.195544,0.007328,0.144079,2.698133,0.021978,-1.052503
-1.195544,-0.021978,0.139194,2.698133,0.021978,-1.047619
-1.195544,-0.007326,0.144079,2.697751,-0.007328,-1.052503
-1.195544,0.007328,0.139194,2.698133,0.007326,-1.052503
-1.195544,-0.007326,0.144079,2.697751,0.007326,-1.052503
-1.195544,-0.021978,0.139194,2.697751,-0.007328,-1.052503
-1.195544,-0.007326,0.144079,2.698133,0.021978,-1.052503
-1.195544,-0.007326,0.144079,2.698133,0.021978,-1.052503
-1.195544,-0.007326,0.139194,2.697751,0.007326,-1.052503
-1.195544,-0.007326,0.139194,2.697751,0.007326,-1.052503
-1.195544,-0.007326,0.144079,2.698133,0.021978,-1.052503
-1.195544,-0.007326,0.144079,2.698133,0.021978,-1.047619
-1.195544,-0.007326,0.144079,2.698133,0.007326,-1.047619
-1.195544,0.007328,0.144079,2.698133,0.007326,-1.047619
-1.195544,-0.007326,0.139194,2.697751,0.007326,-1.047619
-1.195544,-0.007326,0.139194,2.698133,-0.007328,-1.052503
-1.195544,-0.021978,0.139194,2.697751,-0.007328,-1.052503
-1.195544,-0.021978,0.139194,2.698133,0.007326,-1.052503
-1.195544,-0.021978,0.144079,2.698133,0.007326,-1.052503
-1.195544,-0.021978,0.139194,2.698133,0.007326,-1.052503
-1.195544,-0.007326,0.139194,2.697751,-0.007328,-1.052503
-1.195544,-0.007326,0.139194,2.698133,0.036631,-1.047619
-1.195544,-0.007326,0.139194,2.697751,-0.007328,-1.047619
-1.195544,-0.021978,0.144079,2.697751,0.007326,-1.052503
-1.195544,-0.007326,0.144079,2.697751,0.021978,-1.052503
-1.195544,-0.007326,0.144079,2.697751,0.007326,-1.047619
-1.195544,-0.007326,0.139194,2.698133,0.007326,-1.052503
-1.195544,-0.007326,0.144079,2.697751,0.007326,-1.052503
-1.195544,-0.021978,0.144079,2.697751,0.007326,-1.052503
-1.195544,-0.021978,0.144079,2.698133,0.007326,-1.057387
-1.195544,-0.007326,0.144079,2.698133,0.021978,-1.052503
-1.195544,-0.007326,0.139194,2.697751,-0.007328,-1.052503
-1.195544,-0.007326,0.144079,2.697751,0.007326,-1.052503
-1.195544,0.021980,0.139194,2.698133,0.007326,-1.052503
-1.195544,-0.007326,0.144079,2.698133,0.021978,-1.052503
-1.195544,0.007328,0.139194,2.698133,-0.007328,-1.047619
-1.195544,-0.007326,0.139194,2.697751,0.007326,-1.052503
-1.195544,-0.007326,0.139194,2.697751,0.007326,-1.047619
-1.195544,-0.007326,0.139194,2.697751,0.021978,-1.052503
-1.195544,-0.007326,0.144079,2.697751,0.007326,-1.052503
-1.195544,-0.007326,0.139194,2.697751,0.007326,-1.052503
-1.195544,-0.007326,0.144079,2.697751,0.021978,-1.052503
-1.195544,-0.007326,0.139194,2.697751,0.007326,-1.052503
-1.195544,0.007328,0.139194,2.697751,0.007326,-1.052503
-1.195544,0.007328,0.144079,2.697751,0.021978,-1.052503
-1.195544,-0.021978,0.139194,2.697751,-0.007328,-1.052503
-1.195544,-0.007326,0.144079,2.698133,0.021978,-1.052503
-1.195544,-0.021978,0.144079,2.697751,0.007326,-1.052503
-1.195544,0.007328,0.144079,2.698133,-0.007328,-1.052503
-1.195544,0.007328,0.139194,2.697751,0.007326,-1.052503
-1.195544,-0.021978,0.144079,2.697751,0.007326,-1.052503
-1.195544,-0.007326,0.139194,2.698133,0.021978,-1.047619
-1.195544,0.007328,0.139194,2.698133,0.007326,-1.052503
-1.195544,0.021980,0.144079,2.697751,0.007326,-1.047619
-1.195544,-0.021978,0.144079,2.697751,0.007326,-1.052503
-1.195544,-0.021978,0.144079,2.697751,0.007326,-1.052503
-1.195544,-0.007326,0.144079,2.698133,0.007326,-1.052503
-1.195544,-0.021978,0.139194,2.698133,0.007326,-1.047619
-1.195544,-0.007326,0.144079,2.698133,0.021978,-1.047619
-1.195544,-0.021978,0.144079,2.698133,0.007326,-1.047619
-1.195544,0.007328,0.144079,2.697751,0.007326,-1.047619
-1.195544,0.007328,0.139194,2.698133,0.007326,-1.047619
-1.195544,-0.007326,0.144079,2.698133,-0.007328,-1.052503
-1.195544,-0.007326,0.139194,2.698133,0.021978,-1.052503
-1.195544,-0.007326,0.144079,2.697751,0.007326,-1.052503
-1.195544,-0.007326,0.144079,2.698133,0.007326,-1.047619
-1.195544,-0.021978,0.144079,2.698133,0.007326,-1.052503
-1.195544,-0.007326,0.144079,2.697751,-0.007328,-1.052503
-1.195544,-0.007326,0.139194,2.698133,0.007326,-1.052503
-1.195544,-0.021978,0.144079,2.697751,-0.007328,-1.052503
-1.195544,-0.021978,0.139194,2.698133,0.007326,-1.057387
-1.195544,-0.007326,0.144079,2.698133,0.007326,-1.052503
-1.195544,-0.021978,0.144079,2.697751,0.007326,-1.047619
-1.195544,-0.007326,0.144079,2.698133,0.007326,-1.047619
-1.195544,-0.007326,0.139194,2.697751,0.007326,-1.052503
-1.195544,-0.007326,0.144079,2.697751,-0.007328,-1.052503
-1.195544,-0.007326,0.139194,2.697751,0.007326,-1.052503
-1.195544,-0.007326,0.139194,2.698133,0.007326,-1.047619
-1.195544,-0.021978,0.139194,2.698133,0.007326,-1.047619
-1.195544,-0.007326,0.139194,2.698133,-0.007328,-1.052503
-1.195544,-0.021978,0.144079,2.697751,-0.007328,-1.052503
-1.195544,0.007328,0.144079,2.697751,0.007326,-1.052503
-1.195544,-0.007326,0.144079,2.698133,0.007326,-1.052503
-1.195544,0.007328,0.144079,2.697751,-0.007328,-1.052503
-1.195544,-0.007326,0.139194,2.698133,0.021978,-1.052503
-1.195544,-0.007326,0.139194,2.698133,0.021978,-1.052503
-1.195544,-0.021978,0.144079,2.698133,0.007326,-1.047619
-1.195544,0.007328,0.139194,2.697751,0.007326,-1.047619
-1.195544,0.007328,0.139194,2.698133,0.007326,-1.052503
-1.195544,-0.007326,0.139194,2.698133,0.007326,-1.047619
-1.195544,-0.007326,0.144079,2.697751,-0.007328,-1.047619
-1.195544,-0.007326,0.139194,2.697751,0.007326,-1.052503
-1.195544,-0.007326,0.144079,2.697751,0.021978,-1.052503
-1.195544,-0.007326,0.139194,2.698133,-0.007328,-1.047619
-1.195544,-0.007326,0.139194,2.697751,0.021978,-1.052503
-1.195544,-0.007326,0.144079,2.698133,0.007326,-1.052503
-1.195544,-0.007326,0.144079,2.698133,0.007326,-1.047619
-1.195544,0.007328,0.144079,2.697751,-0.007328,-1.047619
-1.195544,-0.021978,0.144079,2.698133,0.007326,-1.052503
-1.195544,0.007328,0.144079,2.698133,0.007326,-1.047619
-1.195544,-0.007326,0.144079,2.698133,-0.007328,-1.047619
-1.195544,-0.007326,0.144079,2.698133,0.007326,-1.047619
-1.195544,-0.021978,0.144079,2.698133,0.007326,-1.052503
-1.195544,-0.007326,0.144079,2.697751,0.007326,-1.052503
-1.195544,0.007328,0.139194,2.698133,0.021978,-1.052503
-1.195544,-0.007326,0.144079,2.698133,-0.007328,-1.047619
-1.195544,0.007328,0.139194,2.698133,0.021978,-1.052503
-1.195544,-0.007326,0.139194,2.698133,-0.007328,-1.052503
-1.195544,-0.007326,0.139194,2.698133,0.021978,-1.052503
-1.195544,-0.021978,0.144079,2.698133,0.007326,-1.052503
-1.195544,-0.007326,0.139194,2.698133,0.021978,-1.052503
-1.195544,-0.021978,0.139194,2.698133,0.007326,-1.047619
-1.195544,0.007328,0.139194,2.697751,0.007326,-1.052503
-1.195544,0.007328,0.144079,2.697751,-0.007328,-1.052503
-1.195544,-0.021978,0.144079,2.698133,0.007326,-1.052503
-1.195544,0.007328,0.144079,2.697751,0.007326,-1.052503
-1.195544,-0.007326,0.144079,2.698133,0.007326,-1.052503
-1.195544,-0.007326,0.139194,2.698133,-0.007328,-1.047619
-1.195544,-0.007326,0.144079,2.698133,0.021978,-1.052503
-1.195544,0.007328,0.144079,2.698133,0.007326,-1.047619
-1.195544,-0.021978,0.139194,2.697751,0.021978,-1.047619
-1.195544,-0.021978,0.139194,2.697751,0.007326,-1.052503
-1.195544,-0.007326,0.139194,2.698133,0.007326,-1.052503
-1.195544,-0.021978,0.144079,2.698133,0.007326,-1.052503
-1.195544,-0.007326,0.144079,2.697751,0.007326,-1.047619
-1.195544,-0.007326,0.144079,2.698133,0.021978,-1.057387
-1.195544,-0.021978,0.139194,2.698133,0.007326,-1.047619
-1.195544,-0.021978,0.139194,2.697751,0.007326,-1.052503
-1.195544,-0.007326,0.144079,2.698133,-0.007328,-1.052503
-1.195544,0.007328,0.139194,2.698133,0.021978,-1.047619
-1.195544,-0.021978,0.139194,2.698133,0.007326,-1.047619
-1.195544,-0.021978,0.144079,2.697751,0.007326,-1.052503
-1.195544,0.007328,0.144079,2.698133,0.007326,-1.052503
-1.195544,-0.007326,0.144079,2.697751,-0.007328,-1.052503
-1.195544,-0.007326,0.144079,2.698133,0.021978,-1.052503
-1.195544,-0.021978,0.144079,2.698133,0.007326,-1.052503
-1.195544,-0.021978,0.144079,2.698133,0.007326,-1.052503
-1.195544,0.007328,0.144079,2.698133,0.007326,-1.052503
-1.195544,-0.007326,0.144079,2.698133,0.007326,-1.052503
-1.195544,0.007328,0.144079,2.698133,0.007326,-1.052503
-1.195544,-0.007326,0.144079,2.698133,0.021978,-1.052503
-1.195544,-0.007326,0.144079,2.698133,0.021978,-1.047619
-1.195544,0.007328,0.144079,2.698133,0.021978,-1.047619
-1.195544,-0.021978,0.144079,2.698133,-0.007328,-1.047619
-1.195544,0.007328,0.144079,2.697751,-0.007328,-1.047619
-1.195544,-0.021978,0.139194,2.697751,0.007326,-1.052503
-1.195544,-0.007326,0.139194,2.698133,0.007326,-1.057387
-1.195544,-0.007326,0.139194,2.697751,0.007326,-1.052503
-1.195544,-0.007326,0.144079,2.697751,0.007326,-1.052503
-1.195544,0.007328,0.144079,2.698133,0.021978,-1.057387
-1.195544,-0.021978,0.144079,2.698133,0.007326,-1.052503
-1.195544,0.007328,0.144079,2.698133,0.007326,-1.052503
-1.195544,-0.007326,0.144079,2.698133,0.007326,-1.052503
-1.195544,-0.021978,0.139194,2.697751,0.007326,-1.052503
-1.195544,-0.021978,0.144079,2.697751,0.007326,-1.052503
-1.195544,0.007328,0.139194,2.698133,0.007326,-1.052503
-1.195544,-0.007326,0.144079,2.698133,0.007326,-1.052503
-1.195544,-0.007326,0.144079,2.698133,0.007326,-1.047619
-1.195544,-0.007326,0.144079,2.697751,-0.007328,-1.047619
-1.195544,0.007328,0.139194,2.698133,0.021978,-1.047619
-1.195544,-0.021978,0.144079,2.698133,0.007326,-1.047619
-1.195544,0.007328,0.144079,2.697751,0.007326,-1.047619
-1.195544,0.007328,0.144079,2.697751,0.007326,-1.047619
-1.195544,-0.007326,0.139194,2.698133,-0.007328,-1.052503
-1.195544,-0.007326,0.144079,2.698133,-0.007328,-1.047619
-1.195544,-0.007326,0.139194,2.698133,0.007326,-1.047619
-1.195544,-0.007326,0.139194,2.698133,-0.007328,-1.047619
-1.195544,-0.021978,0.144079,2.697751,0.021978,-1.047619
-1.195544,-0.007326,0.139194,2.698133,0.021978,-1.052503
-1.195544,-0.021978,0.144079,2.697751,-0.007328,-1.047619
-1.195544,-0.007326,0.139194,2.697751,-0.007328,-1.047619
-1.195544,-0.007326,0.139194,2.697751,0.007326,-1.052503
-1.195544,-0.007326,0.144079,2.698133,0.007326,-1.052503
-1.195544,0.007328,0.144079,2.698133,0.007326,-1.052503
-1.195544,-0.007326,0.139194,2.698133,0.021978,-1.047619
-1.195544,-0.007326,0.144079,2.698133,-0.007328,-1.047619
-1.195544,0.007328,0.144079,2.698133,0.007326,-1.047619
-1.195544,-0.007326,0.139194,2.698133,0.007326,-1.047619
-1.195544,-0.007326,0.139194,2.698133,0.021978,-1.052503
-1.195544,0.007328,0.139194,2.698133,0.007326,-1.047619
-1.195544,-0.007326,0.139194,2.698133,-0.007328,-1.052503
-1.195544,-0.007326,0.144079,2.698133,0.007326,-1.052503
-1.195544,-0.007326,0.144079,2.697751,-0.007328,-1.047619
-1.195544,-0.007326,0.139194,2.698133,0.007326,-1.052503
-1.195544,0.007328,0.139194,2.698133,0.007326,-1.052503
-1.195544,-0.021978,0.144079,2.697751,0.007326,-1.047619
-1.195544,-0.021978,0.144079,2.698133,0.007326,-1.047619
-1.195544,-0.021978,0.144079,2.697751,0.007326,-1.047619
-1.195544,0.007328,0.144079,2.698133,0.007326,-1.047619
-1.195544,-0.007326,0.139194,2.697751,0.007326,-1.052503
-1.195544,-0.021978,0.139194,2.698133,0.007326,-1.052503
-1.195544,-0.007326,0.139194,2.697751,0.021978,-1.052503
-1.195544,-0.007326,0.139194,2.698133,0.021978,-1.047619
-1.195544,-0.007326,0.139194,2.698133,0.007326,-1.042735
-1.195544,-0.021978,0.144079,2.697751,-0.007328,-1.047619
-1.195544,0.007328,0.144079,2.698133,-0.007328,-1.047619
-1.195544,-0.007326,0.144079,2.697751,-0.021980,-1.047619
-1.195544,-0.007326,0.144079,2.697751,-0.007328,-1.052503
-1.195544,-0.021978,0.139194,2.697751,0.007326,-1.052503
-1.195544,0.007328,0.139194,2.698133,0.021978,-1.052503
-1.195544,-0.007326,0.144079,2.698133,-0.007328,-1.047619
-1.195544,0.007328,0.144079,2.697751,0.007326,-1.047619
-1.195544,-0.007326,0.139194,2.697751,0.021978,-1.047619
-1.195544,-0.036631,0.139194,2.698133,0.007326,-1.052503
-1.195544,0.007328,0.139194,2.698133,0.007326,-1.047619
-1.195544,-0.007326,0.139194,2.698133,0.007326,-1.047619
-1.195544,0.007328,0.144079,2.698133,0.007326,-1.047619
-1.195544,-0.021978,0.144079,2.697751,-0.007328,-1.052503
-1.195544,-0.007326,0.144079,2.698133,0.007326,-1.057387
-1.195544,-0.007326,0.144079,2.697751,0.021978,-1.052503
-1.195544,-0.007326,0.144079,2.697751,0.007326,-1.052503
-1.195544,-0.007326,0.139194,2.697751,0.007326,-1.052503
-1.195544,-0.007326,0.139194,2.698133,0.021978,-1.052503
-1.195544,-0.007326,0.144079,2.698133,0.021978,-1.047619
-1.195544,-0.021978,0.144079,2.698133,-0.007328,-1.052503
-1.195544,0.007328,0.139194,2.697751,0.007326,-1.047619
-1.195544,-0.007326,0.139194,2.698133,0.007326,-1.052503
-1.195544,-0.007326,0.144079,2.697751,0.007326,-1.052503
-1.195544,-0.007326,0.139194,2.698133,-0.007328,-1.052503
-1.195544,0.007328,0.144079,2.698133,0.021978,-1.052503
-1.195544,-0.007326,0.144079,2.698133,0.007326,-1.047619
-1.195544,-0.021978,0.144079,2.698133,0.021978,-1.047619
-1.195544,0.007328,0.139194,2.697751,0.007326,-1.052503
-1.195544,-0.021978,0.139194,2.698133,0.007326,-1.052503
-1.195544,0.007328,0.139194,2.698133,0.007326,-1.052503
-1.195544,-0.007326,0.139194,2.697751,-0.007328,-1.052503
-1.195544,-0.007326,0.139194,2.698133,0.007326,-1.047619
-1.195544,0.007328,0.139194,2.698133,0.021978,-1.047619
-1.195544,0.007328,0.144079,2.698133,0.007326,-1.047619
-1.195544,-0.007326,0.144079,2.698133,0.007326,-1.047619
-1.195544,-0.007326,0.144079,2.698133,0.007326,-1.052503
-1.195544,-0.007326,0.144079,2.698133,0.021978,-1.052503
-1.195544,0.007328,0.144079,2.698133,0.007326,-1.052503
-1.195544,-0.007326,0.139194,2.697751,0.007326,-1.052503
-1.195544,0.007328,0.144079,2.698133,0.007326,-1.052503
-1.195544,-0.021978,0.139194,2.697751,-0.007328,-1.052503
-1.195544,-0.007326,0.139194,2.697751,0.021978,-1.052503
-1.195544,0.007328,0.139194,2.698133,0.021978,-1.047619
-1.195544,-0.021978,0.144079,2.698133,0.007326,-1.042735
-1.195544,-0.007326,0.144079,2.698133,-0.007328,-1.042735
-1.195544,0.007328,0.144079,2.698133,0.021978,-1.047619
-1.195544,-0.021978,0.139194,2.697751,-0.007328,-1.047619
-1.195544,0.007328,0.139194,2.698133,0.021978,-1.052503
-1.195544,-0.021978,0.139194,2.697751,-0.007328,-1.052503
-1.195544,-0.007326,0.144079,2.698133,0.007326,-1.052503
-1.195544,0.007328,0.144079,2.697751,-0.007328,-1.057387
-1.195544,-0.007326,0.139194,2.698133,0.007326,-1.052503
-1.195544,-0.007326,0.144079,2.698133,0.007326,-1.047619
-1.195544,-0.007326,0.144079,2.698133,0.021978,-1.052503
-1.195544,0.007328,0.139194,2.698133,0.007326,-1.047619
-1.195544,-0.007326,0.139194,2.698133,0.007326,-1.052503
-1.195544,-0.007326,0.144079,2.697751,-0.007328,-1.052503
-1.195544,-0.007326,0.144079,2.698133,0.007326,-1.052503
-1.195544,-0.007326,0.144079,2.698133,0.007326,-1.052503
-1.195544,-0.007326,0.144079,2.698133,0.021978,-1.052503
-1.195544,-0.007326,0.144079,2.698133,-0.007328,-1.047619
-1.195544,-0.007326,0.144079,2.698133,0.007326,-1.047619
-1.195544,-0.007326,0.144079,2.697751,-0.007328,-1.047619
-1.195544,-0.021978,0.139194,2.698133,0.007326,-1.047619
-1.195544,-0.007326,0.144079,2.697751,0.021978,-1.042735
-1.195544,-0.021978,0.144079,2.698133,0.007326,-1.047619
-1.195544,-0.007326,0.144079,2.698133,0.021978,-1.052503
-1.195544,-0.007326,0.144079,2.697751,0.007326,-1.047619
-1.195544,-0.007326,0.139194,2.698133,0.021978,-1.047619
-1.195544,-0.021978,0.139194,2.698133,0.007326,-1.047619
-1.195544,0.007328,0.144079,2.698133,0.007326,-1.052503
-1.195544,-0.007326,0.144079,2.698133,0.007326,-1.047619
-1.195544,0.007328,0.144079,2.698133,0.021978,-1.047619
-1.195544,-0.007326,0.144079,2.698133,-0.007328,-1.047619
-1.195544,0.007328,0.144079,2.697751,-0.007328,-1.052503
-1.195544,-0.021978,0.139194,2.697751,0.007326,-1.052503
-1.195544,-0.007326,0.144079,2.697751,-0.007328,-1.052503
-1.195544,0.007328,0.144079,2.698133,0.007326,-1.052503
-1.195544,-0.007326,0.144079,2.698133,0.007326,-1.047619
-1.195544,-0.007326,0.144079,2.698133,0.021978,-1.052503
-1.195544,-0.007326,0.144079,2.697751,0.007326,-1.047619
-1.195544,0.007328,0.148963,2.697751,0.007326,-1.052503
-1.195544,-0.021978,0.144079,2.698133,0.007326,-1.052503
-1.195544,-0.007326,0.144079,2.698133,0.007326,-1.047619
-1.195544,-0.007326,0.144079,2.697751,0.007326,-1.052503
-1.195544,0.007328,0.144079,2.698133,0.007326,-1.047619
-1.195544,-0.007326,0.148963,2.697751,0.007326,-1.052503
-1.195544,-0.021978,0.144079,2.698133,0.021978,-1.052503
-1.195544,-0.007326,0.148963,2.698133,0.021978,-1.047619
-1.195544,-0.007326,0.148963,2.697751,-0.007328,-1.052503
-1.195544,-0.007326,0.148963,2.697751,0.007326,-1.047619
-1.195544,-0.021978,0.148963,2.698133,0.007326,-1.047619
-1.195544,0.007328,0.144079,2.697751,0.007326,-1.047619
-1.195544,-0.007326,0.144079,2.697751,-0.007328,-1.047619
-1.195544,-0.021978,0.148963,2.698133,0.007326,-1.047619
-1.195544,-0.007326,0.144079,2.697751,0.007326,-1.052503
-1.195544,-0.021978,0.148963,2.698133,0.007326,-1.052503
-1.195544,-0.021978,0.148963,2.698133,0.021978,-1.052503
-1.195544,-0.007326,0.144079,2.697751,-0.007328,-1.052503
-1.195544,0.007328,0.144079,2.697751,0.021978,-1.052503
-1.195544,0.007328,0.144079,2.698133,0.021978,-1.052503
-1.195544,-0.007326,0.148963,2.697751,0.007326,-1.052503
-1.195544,-0.007326,0.148963,2.697751,0.021978,-1.052503
-1.195544,-0.007326,0.148963,2.697751,0.007326,-1.052503
-1.195544,0.007328,0.144079,2.698133,-0.007328,-1.052503
-1.195544,0.007328,0.148963,2.698133,0.007326,-1.052503
-1.195544,-0.007326,0.144079,2.698133,0.007326,-1.052503
-1.195544,-0.007326,0.148963,2.698133,0.036631,-1.047619
-1.195544,-0.007326,0.144079,2.697751,-0.007328,-1.047619
-1.195544,-0.007326,0.148963,2.698133,0.007326,-1.047619
-1.195544,-0.021978,0.148963,2.697751,-0.007328,-1.047619
-1.195544,-0.007326,0.148963,2.697751,0.007326,-1.052503
-1.195544,-0.007326,0.148963,2.697751,-0.007328,-1.052503
-1.195544,0.007328,0.148963,2.697751,-0.007328,-1.052503
-1.195544,-0.021978,0.144079,2.698133,0.021978,-1.052503
-1.195544,0.007328,0.148963,2.697751,0.007326,-1.052503
-1.195544,-0.021978,0.148963,2.697751,0.007326,-1.047619
-1.195544,-0.007326,0.144079,2.697751,0.007326,-1.047619
-1.195544,-0.007326,0.148963,2.698133,-0.007328,-1.047619
-1.195544,-0.007326,0.144079,2.698133,0.007326,-1.047619
-1.195544,-0.021978,0.144079,2.697751,0.007326,-1.047619
-1.195544,0.007328,0.148963,2.698133,0.021978,-1.047619
-1.195544,0.007328,0.148963,2.697751,0.007326,-1.047619
-1.195544,0.007328,0.148963,2.698133,-0.007328,-1.047619
-1.195544,-0.007326,0.148963,2.698133,-0.007328,-1.047619
-1.195544,-0.007326,0.144079,2.698133,0.036631,-1.052503
-1.195544,-0.007326,0.148963,2.697751,-0.007328,-1.052503
-1.195544,-0.007326,0.144079,2.698133,0.007326,-1.052503
-1.195544,-0.007326,0.144079,2.698133,-0.007328,-1.052503
-1.195544,-0.021978,0.148963,2.698133,0.007326,-1.052503
-1.195544,-0.021978,0.144079,2.698133,0.007326,-1.052503
-1.195544,0.007328,0.148963,2.698133,0.007326,-1.047619
-1.195544,-0.007326,0.148963,2.697751,-0.007328,-1.047619
-1.195544,-0.007326,0.144079,2.698133,0.021978,-1.052503
-1.195544,-0.007326,0.148963,2.698133,0.021978,-1.052503
-1.195544,-0.021978,0.148963,2.698133,0.007326,-1.047619
-1.195544,-0.007326,0.148963,2.698133,0.021978,-1.047619
-1.195544,-0.021978,0.144079,2.697751,0.007326,-1.047619
-1.195544,-0.007326,0.144079,2.698133,-0.007328,-1.047619
-1.195544,0.007328,0.144079,2.698133,0.021978,-1.047619
-1.195544,0.007328,0.144079,2.698133,0.007326,-1.047619
-1.195544,-0.021978,0.144079,2.698133,0.007326,-1.047619
-1.195544,-0.007326,0.148963,2.698133,-0.007328,-1.047619
-1.195544,-0.007326,0.148963,2.698133,-0.007328,-1.047619
-1.195544,-0.021978,0.148963,2.697751,0.021978,-1.052503
-1.195544,-0.007326,0.144079,2.697751,0.007326,-1.052503
-1.195544,-0.021978,0.144079,2.698133,0.007326,-1.047619
-1.195544,-0.007326,0.144079,2.698133,0.007326,-1.047619
-1.195544,-0.021978,0.144079,2.698133,0.007326,-1.047619
-1.195544,-0.007326,0.144079,2.698133,0.021978,-1.047619
-1.195544,-0.007326,0.148963,2.698133,0.007326,-1.047619
-1.195544,-0.007326,0.148963,2.698133,0.007326,-1.047619
-1.195544,-0.007326,0.144079,2.697751,0.007326,-1.047619
-1.195544,-0.007326,0.148963,2.698133,-0.007328,-1.052503
-1.195544,-0.007326,0.148963,2.698133,0.007326,-1.052503
-1.195544,0.007328,0.148963,2.698133,0.021978,-1.052503
-1.195544,-0.007326,0.148963,2.698133,0.007326,-1.047619
-1.195544,-0.007326,0.148963,2.698133,-0.007328,-1.047619
-1.195544,-0.007326,0.148963,2.698133,0.021978,-1.047619
-1.195544,-0.007326,0.144079,2.697751,0.021978,-1.052503
-1.195544,-0.007326,0.144079,2.698133,0.007326,-1.052503
-1.195544,-0.021978,0.144079,2.697751,-0.007328,-1.052503
-1.195544,0.007328,0.144079,2.698133,-0.007328,-1.047619
-1.195544,-0.007326,0.148963,2.697751,0.007326,-1.052503
-1.195544,-0.007326,0.148963,2.698133,-0.007328,-1.052503
-1.195544,-0.007326,0.148963,2.698133,0.007326,-1.052503
-1.195544,-0.021978,0.144079,2.698133,0.007326,-1.052503
-1.195544,-0.007326,0.144079,2.697751,0.007326,-1.052503
-1.195544,-0.007326,0.144079,2.698133,0.021978,-1.052503
-1.195544,-0.007326,0.148963,2.697751,0.007326,-1.052503
-1.195544,-0.007326,0.148963,2.698133,-0.007328,-1.052503
-1.195544,-0.007326,0.148963,2.697751,0.007326,-1.052503
-1.195544,-0.007326,0.144079,2.698133,0.007326,-1.052503
-1.195544,-0.007326,0.144079,2.698133,0.007326,-1.052503
-1.195544,-0.007326,0.148963,2.698133,0.007326,-1.047619
-1.195544,-0.007326,0.148963,2.698133,0.007326,-1.047619
-1.195544,0.007328,0.144079,2.697751,0.021978,-1.047619
-1.195544,-0.021978,0.148963,2.698133,0.007326,-1.047619
-1.195544,-0.007326,0.148963,2.698133,0.021978,-1.047619
-1.195544,0.007328,0.144079,2.698133,-0.007328,-1.052503
-1.195544,-0.007326,0.144079,2.698133,0.021978,-1.052503
-1.195544,-0.007326,0.148963,2.698133,0.007326,-1.047619
-1.195544,-0.007326,0.148963,2.698133,-0.007328,-1.052503
-1.195544,-0.007326,0.144079,2.697751,0.007326,-1.052503
-1.195544,-0.007326,0.148963,2.698133,-0.007328,-1.052503
-1.195544,-0.021978,0.144079,2.697751,0.007326,-1.052503
-1.195544,-0.007326,0.148963,2.698133,0.007326,-1.052503
-1.195544,0.007328,0.148963,2.698133,0.007326,-1.047619
-1.195544,-0.007326,0.148963,2.697751,0.007326,-1.047619
-1.195544,-0.007326,0.148963,2.698133,0.007326,-1.052503
-1.195544,0.021980,0.144079,2.697751,-0.007328,-1.047619
-1.195544,-0.021978,0.144079,2.698133,0.007326,-1.047619
-1.195544,-0.007326,0.148963,2.698133,0.007326,-1.047619
-1.195544,-0.021978,0.144079,2.698133,0.007326,-1.047619
-1.195544,-0.007326,0.144079,2.698133,0.007326,-1.047619
-1.195544,-0.007326,0.144079,2.697751,0.007326,-1.047619
-1.195544,-0.007326,0.148963,2.697751,-0.007328,-1.052503
-1.195544,-0.007326,0.144079,2.698133,0.007326,-1.052503
-1.195544,0.007328,0.148963,2.698133,0.007326,-1.047619
-1.195544,-0.021978,0.148963,2.698133,0.007326,-1.047619
-1.195544,-0.021978,0.148963,2.698133,-0.007328,-1.047619
-1.195544,-0.021978,0.144079,2.698133,0.021978,-1.047619
-1.195544,-0.007326,0.144079,2.698133,-0.007328,-1.047619
-1.195544,-0.007326,0.144079,2.698133,0.021978,-1.047619
-1.195544,-0.007326,0.144079,2.698133,0.021978,-1.047619
-1.195544,-0.007326,0.148963,2.697751,-0.007328,-1.052503
-1.195544,-0.007326,0.148963,2.698133,0.021978,-1.052503
-1.195544,-0.021978,0.148963,2.697751,0.021978,-1.052503
-1.195544,0.007328,0.144079,2.698133,0.007326,-1.052503
-1.195544,-0.021978,0.148963,2.697751,0.007326,-1.052503
-1.195544,-0.021978,0.148963,2.697751,0.007326,-1.052503
-1.195544,-0.007326,0.144079,2.697751,0.007326,-1.052503
-1.195544,-0.007326,0.144079,2.698133,0.007326,-1.057387
-1.195544,-0.007326,0.144079,2.698133,0.007326,-1.052503
-1.195544,-0.007326,0.148963,2.698133,0.007326,-1.052503
-1.195544,-0.007326,0.144079,2.698133,0.007326,-1.047619
-1.195544,-0.007326,0.144079,2.698133,-0.007328,-1.047619
-1.195544,-0.021978,0.144079,2.697751,0.007326,-1.047619
-1.195544,-0.021978,0.148963,2.698133,0.007326,-1.052503
-1.195544,-0.007326,0.148963,2.697751,-0.021980,-1.052503
-1.195544,-0.007326,0.148963,2.698133,0.021978,-1.057387
-1.195544,0.007328,0.148963,2.697751,0.007326,-1.052503
-1.195544,-0.021978,0.144079,2.698133,0.007326,-1.047619
-1.195544,-0.007326,0.144079,2.698133,0.021978,-1.047619
-1.195544,-0.007326,0.148963,2.698133,0.021978,-1.042735
-1.195544,-0.007326,0.148963,2.698133,0.007326,-1.042735
-1.195544,-0.007326,0.148963,2.697751,0.007326,-1.047619
-1.195544,-0.007326,0.148963,2.698133,0.021978,-1.047619
-1.195544,0.007328,0.148963,2.697751,0.021978,-1.047619
-1.195544,-0.007326,0.148963,2.697751,0.007326,-1.047619
-1.195544,-0.007326,0.144079,2.698133,0.007326,-1.047619
-1.195544,-0.007326,0.144079,2.698133,-0.007328,-1.052503
-1.195544,-0.007326,0.148963,2.697751,0.007326,-1.047619
-1.195544,0.007328,0.144079,2.698133,0.021978,-1.052503
-1.195544,-0.007326,0.144079,2.698133,0.007326,-1.047619
-1.195544,-0.007326,0.144079,2.698133,0.007326,-1.047619
-1.195544,0.007328,0.144079,2.698133,0.021978,-1.052503
-1.195544,-0.021978,0.148963,2.698133,0.007326,-1.052503
-1.195544,-0.007326,0.148963,2.698133,0.021978,-1.052503
-1.195544,-0.007326,0.148963,2.697751,0.007326,-1.047619
-1.195544,0.007328,0.144079,2.697751,0.007326,-1.052503
-1.195544,0.007328,0.144079,2.697751,0.007326,-1.047619
-1.195544,-0.007326,0.144079,2.698133,0.007326,-1.047619
-1.195544,-0.021978,0.144079,2.698133,0.007326,-1.047619
-1.195544,-0.021978,0.144079,2.698133,0.007326,-1.052503
-1.195544,-0.007326,0.144079,2.698133,0.007326,-1.052503
-1.195544,-0.007326,0.144079,2.698133,0.021978,-1.052503
-1.195544,-0.007326,0.148963,2.698133,0.021978,-1.047619
-1.195544,-0.007326,0.148963,2.697751,0.021978,-1.047619
-1.195544,-0.007326,0.148963,2.698133,-0.007328,-1.047619
-1.195544,-0.007326,0.144079,2.697751,0.021978,-1.052503
-1.195544,-0.021978,0.148963,2.697751,0.007326,-1.052503
-1.195544,-0.021978,0.148963,2.697751,0.007326,-1.052503
-1.195544,-0.007326,0.148963,2.698133,0.021978,-1.052503
-1.195544,-0.007326,0.148963,2.698133,0.007326,-1.047619
-1.195544,-0.007326,0.148963,2.698133,-0.007328,-1.047619
-1.195544,-0.007326,0.144079,2.698133,0.007326,-1.052503
-1.195544,-0.007326,0.144079,2.697751,0.007326,-1.057387
-1.195544,-0.007326,0.148963,2.697751,-0.007328,-1.052503
-1.195544,-0.021978,0.148963,2.697751,-0.007328,-1.052503
-1.195544,-0.007326,0.148963,2.698133,0.007326,-1.052503
-1.195544,-0.007326,0.148963,2.698133,0.021978,-1.047619
-1.195544,0.007328,0.148963,2.698133,0.007326,-1.047619
-1.195544,-0.021978,0.144079,2.698133,0.007326,-1.052503
-1.195544,-0.021978,0.144079,2.697751,0.007326,-1.047619
-1.195544,-0.007326,0.144079,2.697751,0.021978,-1.052503
-1.195544,0.007328,0.148963,2.698133,0.007326,-1.052503
-1.195544,-0.007326,0.144079,2.698133,0.021978,-1.052503
-1.195544,-0.007326,0.148963,2.698133,0.007326,-1.052503
-1.195544,-0.007326,0.144079,2.698133,0.007326,-1.052503
-1.195544,-0.007326,0.148963,2.698133,0.007326,-1.052503
-1.195544,-0.021978,0.144079,2.698133,-0.007328,-1.047619
-1.195544,-0.021978,0.148963,2.698133,0.007326,-1.052503
-1.195544,-0.007326,0.144079,2.698133,0.021978,-1.052503
-1.195544,-0.007326,0.144079,2.698133,0.007326,-1.047619
-1.195544,-0.007326,0.144079,2.698133,0.007326,-1.052503
-1.195544,-0.007326,0.144079,2.698133,0.007326,-1.052503
-1.195544,-0.007326,0.144079,2.698133,0.007326,-1.047619
-1.195544,-0.021978,0.144079,2.698133,0.007326,-1.052503
-1.195544,-0.007326,0.148963,2.698133,0.007326,-1.052503
-1.195544,-0.007326,0.144079,2.698133,0.007326,-1.052503
-1.195544,-0.021978,0.144079,2.697751,-0.007328,-1.052503
-1.195544,0.007328,0.148963,2.697751,0.007326,-1.052503
-1.195544,-0.007326,0.148963,2.698133,0.021978,-1.057387
-1.195544,-0.007326,0.144079,2.698133,0.007326,-1.052503
-1.195544,0.007328,0.144079,2.697751,-0.007328,-1.047619
-1.195544,-0.007326,0.144079,2.697751,0.021978,-1.047619
-1.195544,0.007328,0.144079,2.698133,0.007326,-1.047619
-1.195544,-0.007326,0.148963,2.698133,-0.007328,-1.047619
-1.195544,0.007328,0.144079,2.697751,-0.007328,-1.047619
-1.195544,0.007328,0.144079,2.697751,0.007326,-1.052503
-1.195544,-0.007326,0.144079,2.697751,0.007326,-1.052503
-1.195544,-0.007326,0.144079,2.698133,0.007326,-1.052503
-1.195544,-0.021978,0.144079,2.697751,0.021978,-1.047619
-1.195544,-0.007326,0.144079,2.698133,0.007326,-1.047619
-1.195544,0.007328,0.144079,2.698133,0.007326,-1.047619
-1.195544,-0.007326,0.144079,2.698133,-0.007328,-1.047619
-1.195544,-0.021978,0.144079,2.697751,-0.007328,-1.047619
-1.195544,0.007328,0.148963,2.697751,0.007326,-1.052503
-1.195544,-0.007326,0.148963,2.698133,-0.007328,-1.052503
-1.195544,-0.007326,0.144079,2.698133,0.007326,-1.052503
-1.195544,-0.007326,0.148963,2.698133,0.007326,-1.047619
-1.195544,0.007328,0.144079,2.698133,0.007326,-1.047619
-1.195544,-0.007326,0.144079,2.697751,0.007326,-1.052503
-1.195544,-0.007326,0.148963,2.697751,0.007326,-1.052503
-1.195544,-0.007326,0.148963,2.698133,0.021978,-1.052503
-1.195544,0.007328,0.148963,2.697751,-0.007328,-1.047619
-1.195544,-0.007326,0.144079,2.698133,0.007326,-1.052503
-1.195544,-0.007326,0.144079,2.697751,0.007326,-1.052503
-1.195544,-0.007326,0.148963,2.698133,0.021978,-1.047619
-1.195544,-0.007326,0.148963,2.697751,-0.007328,-1.047619
-1.195544,-0.021978,0.148963,2.697751,-0.007328,-1.052503
-1.195544,0.007328,0.148963,2.698133,0.007326,-1.057387
-1.195544,-0.007326,0.148963,2.698133,0.021978,-1.047619
-1.195544,-0.021978,0.148963,2.697751,0.007326,-1.047619
-1.195544,-0.007326,0.144079,2.698133,0.021978,-1.047619
-1.195544,0.007328,0.144079,2.698133,0.007326,-1.047619
-1.195544,-0.007326,0.148963,2.698133,-0.007328,-1.047619
-1.195544,-0.007326,0.148963,2.698133,0.007326,-1.052503
-1.195544,-0.007326,0.148963,2.698133,0.007326,-1.052503
-1.195544,0.007328,0.144079,2.697751,0.007326,-1.052503
-1.195544,-0.021978,0.144079,2.698133,-0.007328,-1.052503
-1.195544,-0.007326,0.144079,2.698133,0.007326,-1.057387
-1.195544,-0.021978,0.144079,2.697751,0.007326,-1.052503
-1.195544,-0.007326,0.148963,2.698133,0.021978,-1.052503
-1.195544,-0.007326,0.148963,2.697751,0.007326,-1.047619
-1.195544,-0.021978,0.144079,2.698133,0.021978,-1.052503
-1.195544,0.007328,0.148963,2.698133,-0.007328,-1.047619
-1.195544,-0.007326,0.148963,2.697751,0.007326,-1.052503
-1.195544,0.007328,0.144079,2.698133,0.007326,-1.052503
-1.195544,-0.007326,0.144079,2.697751,0.007326,-1.052503
-1.195544,-0.007326,0.148963,2.697751,0.007326,-1.052503
-1.195544,-0.021978,0.144079,2.698133,-0.007328,-1.047619
-1.195544,0.021980,0.144079,2.698133,0.007326,-1.047619
-1.195544,-0.007326,0.148963,2.697751,0.007326,-1.052503
-1.195544,-0.007326,0.148963,2.698133,0.021978,-1.047619
-1.195544,-0.007326,0.148963,2.698133,0.007326,-1.047619
-1.195544,-0.007326,0.148963,2.697751,0.007326,-1.047619
-1.195544,-0.021978,0.148963,2.697751,0.007326,-1.047619
-1.195544,-0.007326,0.144079,2.698133,-0.007328,-1.052503
-1.195544,-0.007326,0.148963,2.698133,0.007326,-1.052503
-1.195544,-0.021978,0.148963,2.697751,0.007326,-1.052503
-1.195544,0.021980,0.148963,2.698133,0.007326,-1.052503
-1.195544,-0.007326,0.144079,2.698133,-0.007328,-1.047619
-1.195544,-0.007326,0.144079,2.698133,-0.007328,-1.047619
-1.195544,-0.007326,0.144079,2.698133,-0.007328,-1.052503
-1.195544,-0.007326,0.144079,2.698133,0.021978,-1.052503
-1.195544,-0.007326,0.148963,2.697751,0.007326,-1.052503
-1.195544,-0.021978,0.144079,2.698133,0.007326,-1.047619
-1.195544,0.007328,0.144079,2.698133,-0.007328,-1.047619
-1.195544,-0.007326,0.144079,2.697751,0.007326,-1.052503
-1.195544,-0.021978,0.144079,2.697751,0.007326,-1.052503
-1.195544,-0.007326,0.144079,2.698133,0.007326,-1.052503
-1.195544,0.007328,0.148963,2.697751,0.007326,-1.052503
-1.195544,-0.021978,0.144079,2.697751,0.021978,-1.047619
-1.195544,-0.007326,0.148963,2.698133,-0.007328,-1.047619
-1.195544,-0.007326,0.148963,2.697751,0.021978,-1.047619
-1.195544,-0.007326,0.148963,2.697751,0.007326,-1.047619
-1.195544,0.007328,0.148963,2.698133,0.007326,-1.052503
-1.195544,-0.007326,0.148963,2.698133,0.021978,-1.052503
-1.195544,0.007328,0.148963,2.697751,0.007326,-1.052503
-1.195544,-0.007326,0.144079,2.697751,0.007326,-1.052503
-1.195544,-0.007326,0.144079,2.697751,-0.007328,-1.052503
-1.195544,-0.007326,0.148963,2.698133,0.021978,-1.052503
-1.195544,-0.007326,0.148963,2.698133,0.007326,-1.047619
-1.195544,0.007328,0.144079,2.697751,0.007326,-1.047619
-1.195544,-0.007326,0.144079,2.698133,0.007326,-1.047619
-1.195544,-0.007326,0.144079,2.698133,-0.007328,-1.052503
-1.195544,-0.021978,0.148963,2.698133,0.007326,-1.052503
-1.195544,-0.021978,0.144079,2.698133,-0.007328,-1.052503
-1.195544,-0.007326,0.144079,2.698133,0.007326,-1.052503
-1.195544,0.007328,0.148963,2.698133,0.021978,-1.052503
-1.195544,0.007328,0.148963,2.697751,-0.007328,-1.047619
-1.195544,-0.007326,0.144079,2.697751,0.007326,-1.052503
-1.195544,0.007328,0.144079,2.697751,0.007326,-1.057387
-1.195544,0.007328,0.148963,2.698133,0.021978,-1.052503
-1.195544,0.007328,0.144079,2.697751,-0.007328,-1.047619
-1.195544,0.007328,0.148963,2.698133,-0.007328,-1.052503
-1.195544,-0.007326,0.148963,2.698133,0.007326,-1.052503
-1.195544,0.007328,0.148963,2.698133,0.007326,-1.052503
-1.195544,-0.021978,0.148963,2.698133,0.007326,-1.052503
-1.195544,-0.007326,0.148963,2.698133,0.021978,-1.047619
-1.195544,0.007328,0.148963,2.698133,0.007326,-1.047619
-1.195544,0.007328,0.148963,2.698133,0.007326,-1.047619
-1.195544,0.007328,0.148963,2.698133,-0.007328,-1.047619
-1.195544,-0.007326,0.148963,2.697751,-0.007328,-1.047619
-1.195544,0.007328,0.148963,2.698133,0.007326,-1.047619
-1.195544,-0.007326,0.148963,2.698133,0.007326,-1.047619
-1.195544,-0.007326,0.148963,2.698133,0.007326,-1.052503
-1.195544,-0.007326,0.148963,2.697751,-0.007328,-1.052503
-1.195544,0.021980,0.148963,2.697751,0.007326,-1.057387
-1.195544,-0.007326,0.148963,2.698133,0.007326,-1.052503
-1.195544,-0.021978,0.148963,2.698133,-0.007328,-1.052503
-1.195544,-0.007326,0.148963,2.698133,0.007326,-1.052503
-1.195544,-0.007326,0.148963,2.698133,0.007326,-1.052503
-1.195544,-0.007326,0.144079,2.698133,0.007326,-1.047619
-1.195544,-0.007326,0.144079,2.698133,0.007326,-1.052503
-1.195544,-0.007326,0.144079,2.698133,0.007326,-1.052503
-1.195544,-0.021978,0.144079,2.697751,0.007326,-1.052503
-1.195544,-0.021978,0.144079,2.697751,0.007326,-1.052503
-1.195544,-0.007326,0.148963,2.698133,-0.007328,-1.052503
-1.195544,-0.021978,0.148963,2.697751,-0.007328,-1.047619
-1.195544,-0.007326,0.148963,2.697751,0.007326,-1.052503
-1.195544,0.007328,0.144079,2.698133,-0.007328,-1.047619
-1.195544,-0.007326,0.144079,2.698133,0.007326,-1.052503
-1.195544,-0.021978,0.148963,2.698133,0.021978,-1.047619
-1.195544,-0.007326,0.148963,2.698133,0.007326,-1.047619
-1.195544,-0.021978,0.144079,2.698133,0.007326,-1.047619
-1.195544,-0.007326,0.144079,2.697751,0.007326,-1.047619
-1.195544,-0.007326,0.148963,2.697751,0.007326,-1.047619
-1.195544,-0.007326,0.148963,2.698133,-0.007328,-1.047619
-1.195544,0.007328,0.148963,2.698133,0.021978,-1.047619
-1.195544,-0.007326,0.144079,2.698133,0.007326,-1.047619
-1.195544,-0.007326,0.148963,2.698133,0.007326,-1.047619
-1.195544,-0.007326,0.148963,2.698133,-0.007328,-1.047619
-1.195544,0.007328,0.148963,2.698133,0.021978,-1.052503
-1.195544,-0.007326,0.148963,2.698133,-0.007328,-1.047619
-1.195544,0.007328,0.144079,2.698133,0.007326,-1.047619
-1.195544,-0.021978,0.144079,2.697751,0.007326,-1.047619
-1.195544,-0.007326,0.144079,2.698133,0.021978,-1.047619
-1.195544,0.007328,0.144079,2.697751,-0.007328,-1.047619
-1.195544,-0.007326,0.144079,2.697751,-0.007328,-1.052503
-1.195544,-0.021978,0.144079,2.698133,0.007326,-1.052503
-1.195544,0.007328,0.144079,2.697751,-0.007328,-1.047619
-1.195544,-0.007326,0.148963,2.697751,0.007326,-1.052503
-1.195544,-0.007326,0.144079,2.698133,0.021978,-1.052503
-1.195544,-0.007326,0.144079,2.697751,-0.007328,-1.052503
-1.195544,-0.007326,0.148963,2.698133,0.021978,-1.052503
-1.195544,-0.007326,0.148963,2.698133,0.007326,-1.052503
-1.195544,-0.007326,0.148963,2.697751,0.021978,-1.052503
-1.195544,-0.007326,0.144079,2.698133,0.021978,-1.052503
-1.195544,-0.007326,0.144079,2.697751,0.007326,-1.047619
-1.195544,-0.007326,0.148963,2.697751,0.021978,-1.047619
-1.195544,-0.007326,0.144079,2.698133,0.021978,-1.052503
-1.195544,-0.007326,0.148963,2.697751,0.021978,-1.047619
-1.195544,-0.021978,0.148963,2.697751,-0.007328,-1.047619
-1.195544,-0.021978,0.148963,2.697751,-0.007328,-1.047619
-1.195544,-0.021978,0.148963,2.697751,0.007326,-1.052503
-1.195544,0.007328,0.148963,2.698133,0.007326,-1.052503
-1.195544,-0.021978,0.148963,2.697751,-0.007328,-1.047619
-1.195544,-0.007326,0.148963,2.698133,0.007326,-1.047619
-1.195544,-0.007326,0.148963,2.698133,0.007326,-1.047619
-1.195544,0.007328,0.144079,2.697751,0.007326,-1.052503
-1.195544,0.007328,0.148963,2.697751,-0.007328,-1.052503
-1.195544,-0.007326,0.148963,2.698133,0.036631,-1.057387
-1.195544,-0.007326,0.148963,2.697751,-0.007328,-1.052503
-1.195544,-0.007326,0.148963,2.698133,0.036631,-1.052503
-1.195544,0.007328,0.148963,2.698133,-0.007328,-1.047619
-1.195544,0.007328,0.148963,2.698133,0.007326,-1.047619
-1.195544,-0.021978,0.144079,2.697751,0.007326,-1.052503
-1.195544,-0.007326,0.144079,2.697751,0.007326,-1.052503
-1.195544,-0.007326,0.144079,2.697751,-0.007328,-1.052503
-1.195544,-0.007326,0.144079,2.697751,0.007326,-1.047619
-1.195544,-0.007326,0.144079,2.697751,-0.007328,-1.047619
-1.195544,0.007328,0.144079,2.697751,-0.007328,-1.052503
-1.195544,-0.007326,0.144079,2.698133,0.007326,-1.052503
-1.195544,-0.007326,0.144079,2.697751,0.007326,-1.052503
-1.195544,-0.007326,0.144079,2.698133,-0.007328,-1.052503
-1.195544,0.007328,0.148963,2.697751,0.007326,-1.052503
-1.195544,-0.021978,0.144079,2.698133,0.021978,-1.052503
-1.195544,-0.036631,0.144079,2.697751,-0.007328,-1.047619
-1.195544,0.007328,0.144079,2.698133,0.007326,-1.047619
-1.195544,-0.021978,0.144079,2.698133,0.036631,-1.052503
-1.195544,-0.007326,0.144079,2.697751,-0.021980,-1.052503
-1.195544,-0.007326,0.144079,2.697751,-0.007328,-1.052503
-1.195544,0.007328,0.144079,2.697751,-0.007328,-1.047619
-1.195544,-0.007326,0.148963,2.697751,0.007326,-1.052503
-1.195544,-0.021978,0.144079,2.697751,0.007326,-1.052503
-1.195544,0.007328,0.144079,2.698133,0.007326,-1.047619
-1.195544,-0.021978,0.144079,2.698133,0.021978,-1.047619
-1.195544,-0.007326,0.144079,2.698133,-0.007328,-1.052503
-1.195544,-0.021978,0.144079,2.698133,-0.007328,-1.052503
-1.195544,-0.007326,0.144079,2.698133,0.007326,-1.052503
-1.195544,-0.007326,0.144079,2.698133,0.007326,-1.052503
-1.195544,-0.007326,0.148963,2.698133,0.021978,-1.052503
-1.195544,0.007328,0.148963,2.698133,0.007326,-1.047619
-1.195544,-0.007326,0.148963,2.698133,-0.007328,-1.052503
-1.195544,-0.007326,0.144079,2.697751,0.007326,-1.052503
-1.195544,0.007328,0.144079,2.698133,0.007326,-1.052503
-1.195544,-0.007326,0.144079,2.697751,0.007326,-1.047619
-1.195544,-0.007326,0.144079,2.698133,0.007326,-1.047619
-1.195544,-0.007326,0.144079,2.698133,-0.007328,-1.047619
-1.195544,-0.007326,0.148963,2.698133,0.021978,-1.047619
-1.195544,-0.007326,0.148963,2.698133,0.007326,-1.047619
-1.195544,-0.007326,0.148963,2.698133,0.021978,-1.052503
-1.195544,-0.021978,0.144079,2.698133,0.007326,-1.052503
-1.195544,-0.007326,0.144079,2.697751,-0.007328,-1.047619
-1.195544,-0.021978,0.144079,2.698133,0.021978,-1.047619
-1.195544,-0.007326,0.144079,2.697751,0.021978,-1.047619
-1.195544,-0.007326,0.144079,2.697751,0.007326,-1.047619
-1.195544,-0.007326,0.144079,2.697751,0.007326,-1.052503
-1.195544,-0.007326,0.144079,2.698133,0.021978,-1.052503
-1.195544,-0.007326,0.144079,2.698133,-0.007328,-1.047619
-1.195544,-0.007326,0.148963,2.698133,0.007326,-1.047619
-1.195544,-0.021978,0.148963,2.697751,0.007326,-1.047619
-1.195544,-0.021978,0.148963,2.697751,-0.007328,-1.052503
-1.195544,-0.007326,0.148963,2.698133,-0.007328,-1.047619
-1.195544,-0.007326,0.148963,2.697751,0.007326,-1.047619
-1.195544,-0.021978,0.144079,2.698133,0.007326,-1.047619
-1.195544,-0.021978,0.144079,2.698133,-0.007328,-1.047619
-1.195544,-0.007326,0.144079,2.698133,0.021978,-1.052503
-1.195544,0.007328,0.148963,2.698133,0.021978,-1.047619
-1.195544,0.007328,0.144079,2.698133,-0.007328,-1.047619
-1.195544,-0.007326,0.144079,2.698133,-0.007328,-1.047619
-1.195544,-0.021978,0.148963,2.698133,0.007326,-1.052503
-1.195544,-0.021978,0.144079,2.697751,0.007326,-1.052503
-1.195544,-0.007326,0.144079,2.698133,0.021978,-1.052503
-1.195544,-0.007326,0.144079,2.698133,0.007326,-1.047619
-1.195544,-0.007326,0.148963,2.697751,0.007326,-1.047619
-1.195544,-0.007326,0.144079,2.698133,0.036631,-1.047619
-1.195544,-0.007326,0.148963,2.698133,0.007326,-1.047619
-1.195544,-0.007326,0.148963,2.698133,0.007326,-1.052503
-1.195544,-0.007326,0.148963,2.698133,0.007326,-1.052503
-1.195544,-0.021978,0.148963,2.698133,0.021978,-1.047619
-1.195544,-0.007326,0.144079,2.698133,0.007326,-1.047619
-1.195544,-0.007326,0.148963,2.698133,0.007326,-1.047619
-1.195544,-0.007326,0.144079,2.698133,-0.007328,-1.047619
-1.195544,0.007328,0.148963,2.698133,0.007326,-1.052503
-1.195544,-0.021978,0.148963,2.697751,-0.007328,-1.052503
-1.195544,-0.007326,0.148963,2.698133,0.021978,-1.052503
-1.195544,-0.007326,0.148963,2.698133,0.007326,-1.052503
-1.195544,-0.007326,0.148963,2.697751,0.007326,-1.047619
-1.195544,0.007328,0.148963,2.697751,-0.007328,-1.052503
-1.195544,0.007328,0.148963,2.698133,0.021978,-1.052503
-1.195544,-0.007326,0.148963,2.698133,0.021978,-1.052503
-1.195544,-0.007326,0.148963,2.697751,0.007326,-1.052503
-1.195544,-0.021978,0.148963,2.698133,0.007326,-1.052503
-1.195544,-0.007326,0.148963,2.698133,0.007326,-1.047619
-1.195544,-0.021978,0.148963,2.698133,0.007326,-1.052503
-1.195544,0.007328,0.144079,2.698133,0.021978,-1.052503
-1.195544,-0.007326,0.144079,2.697751,0.007326,-1.047619
-1.195544,-0.007326,0.144079,2.697751,-0.007328,-1.052503
-1.195544,0.007328,0.144079,2.697751,0.007326,-1.052503
-1.195544,0.007328,0.144079,2.698133,0.021978,-1.057387
-1.195544,-0.007326,0.144079,2.697751,0.007326,-1.052503
-1.195544,-0.007326,0.148963,2.698133,0.021978,-1.047619
-1.195544,-0.007326,0.148963,2.697751,-0.007328,-1.047619
-1.195544,0.007328,0.148963,2.698133,-0.007328,-1.047619
-1.195544,-0.007326,0.148963,2.697751,-0.021980,-1.047619
-1.195544,-0.036631,0.144079,2.698133,0.007326,-1.052503
-1.195544,-0.007326,0.148963,2.698133,0.021978,-1.052503
-1.195544,-0.007326,0.144079,2.697751,0.007326,-1.052503
-1.195544,-0.007326,0.144079,2.698133,0.007326,-1.052503
-1.195544,-0.007326,0.148963,2.698133,0.007326,-1.052503
-1.195544,0.007328,0.148963,2.698133,0.007326,-1.047619
-1.195544,-0.007326,0.148963,2.698133,0.021978,-1.047619
-1.195544,0.007328,0.148963,2.698133,0.007326,-1.047619
-1.195544,-0.007326,0.148963,2.697751,-0.007328,-1.047619
-1.195544,-0.007326,0.148963,2.698133,-0.007328,-1.047619
-1.195544,-0.007326,0.144079,2.698133,0.007326,-1.047619
-1.195544,0.007328,0.144079,2.698133,-0.007328,-1.047619
-1.195544,-0.007326,0.144079,2.697751,-0.007328,-1.052503
-1.195544,-0.007326,0.144079,2.698133,0.021978,-1.052503
-1.195544,-0.007326,0.144079,2.698133,0.007326,-1.047619
-1.195544,-0.007326,0.148963,2.697751,-0.007328,-1.047619
-1.195544,-0.007326,0.148963,2.698133,0.007326,-1.047619
-1.195544,-0.021978,0.148963,2.697751,0.007326,-1.052503
-1.195544,-0.007326,0.148963,2.697751,0.007326,-1.052503
-1.195544,-0.007326,0.144079,2.697751,0.007326,-1.052503
-1.195544,-0.007326,0.148963,2.698133,0.007326,-1.052503
-1.195544,-0.007326,0.144079,2.698133,0.007326,-1.047619
-1.195544,-0.007326,0.148963,2.697751,-0.007328,-1.047619
-1.195544,0.007328,0.144079,2.698133,0.021978,-1.047619
-1.195544,-0.007326,0.144079,2.697751,0.007326,-1.052503
-1.195544,-0.007326,0.148963,2.698133,0.007326,-1.047619
-1.195544,-0.007326,0.148963,2.697751,0.007326,-1.052503
-1.195544,-0.007326,0.148963,2.698133,0.007326,-1.052503
-1.195544,-0.021978,0.144079,2.697751,0.021978,-1.047619
-1.195544,-0.036631,0.144079,2.698133,0.007326,-1.052503
-1.195544,-0.007326,0.144079,2.698133,-0.007328,-1.052503
-1.195544,-0.007326,0.148963,2.698133,0.021978,-1.052503
-1.195544,-0.007326,0.148963,2.698133,0.007326,-1.052503
-1.195544,-0.007326,0.148963,2.698133,-0.007328,-1.047619
-1.195544,0.007328,0.144079,2.698133,0.007326,-1.052503
-1.195544,-0.007326,0.148963,2.698133,0.007326,-1.052503
-1.195544,-0.007326,0.144079,2.698133,0.007326,-1.047619
-1.195544,0.007328,0.144079,2.697751,0.007326,-1.047619
-1.195544,0.007328,0.144079,2.698133,0.021978,-1.052503
-1.195544,-0.021978,0.144079,2.698133,-0.007328,-1.052503
-1.195544,-0.021978,0.144079,2.697751,0.007326,-1.052503
-1.195544,-0.007326,0.148963,2.698133,0.007326,-1.052503
-1.195544,-0.007326,0.144079,2.698133,0.007326,-1.052503
-1.195544,-0.007326,0.148963,2.698133,0.021978,-1.047619
-1.195544,-0.007326,0.148963,2.698133,0.021978,-1.047619
-1.195544,-0.007326,0.148963,2.697751,-0.007328,-1.042735
-1.195544,-0.007326,0.148963,2.697751,-0.007328,-1.047619
-1.195544,-0.007326,0.148963,2.698133,0.021978,-1.052503
-1.195544,-0.007326,0.148963,2.698133,-0.007328,-1.047619
-1.195544,-0.021978,0.144079,2.698133,0.007326,-1.052503
-1.195544,-0.021978,0.148963,2.698133,0.007326,-1.047619
-1.195544,-0.007326,0.148963,2.698133,-0.007328,-1.047619
-1.195544,-0.007326,0.148963,2.697751,0.007326,-1.052503
-1.195544,-0.007326,0.148963,2.698133,0.021978,-1.047619
-1.195544,-0.021978,0.144079,2.698133,-0.007328,-1.047619
-1.195544,-0.021978,0.148963,2.698133,0.007326,-1.047619
-1.195544,-0.007326,0.144079,2.698133,0.036631,-1.047619
-1.195544,-0.021978,0.148963,2.697751,0.007326,-1.047619
-1.195544,0.007328,0.148963,2.697751,-0.007328,-1.047619
-1.195544,0.007328,0.148963,2.698133,0.007326,-1.052503
-1.195544,-0.021978,0.144079,2.698133,0.007326,-1.052503
-1.195544,-0.007326,0.144079,2.697751,0.007326,-1.052503
-1.195544,-0.007326,0.144079,2.697751,0.007326,-1.052503
-1.195544,-0.007326,0.148963,2.698133,0.021978,-1.052503
-1.195544,-0.007326,0.148963,2.697751,0.007326,-1.052503
-1.195544,0.007328,0.148963,2.698133,0.007326,-1.047619
-1.195544,-0.007326,0.144079,2.698133,0.007326,-1.047619
-1.195544,0.007328,0.144079,2.698133,0.007326,-1.042735
-1.195544,-0.007326,0.148963,2.698133,-0.007328,-1.042735
-1.195544,-0.007326,0.148963,2.698133,0.021978,-1.052503
-1.195544,-0.007326,0.148963,2.697751,-0.007328,-1.052503
-1.195544,-0.007326,0.148963,2.698133,0.007326,-1.052503
-1.195544,-0.007326,0.148963,2.697751,0.021978,-1.047619
-1.195544,0.007328,0.148963,2.698133,0.007326,-1.047619
-1.195544,-0.021978,0.144079,2.698133,0.007326,-1.047619
-1.195544,-0.007326,0.144079,2.698133,0.007326,-1.047619
-1.195544,-0.007326,0.144079,2.697751,-0.007328,-1.047619
-1.195544,-0.021978,0.148963,2.698133,-0.007328,-1.047619
-1.195544,-0.007326,0.144079,2.698133,0.007326,-1.047619
-1.195544,-0.007326,0.148963,2.697751,-0.007328,-1.047619
-1.195544,0.007328,0.148963,2.698133,0.021978,-1.052503
-1.195544,-0.007326,0.148963,2.697751,0.007326,-1.047619
-1.195544,0.007328,0.148963,2.698133,0.021978,-1.052503
-1.195544,-0.007326,0.148963,2.698133,0.007326,-1.052503
-1.195544,-0.021978,0.144079,2.697751,-0.007328,-1.052503
-1.195544,-0.021978,0.148963,2.698133,0.021978,-1.052503
-1.195544,-0.007326,0.144079,2.697751,0.007326,-1.047619
-1.195544,0.007328,0.144079,2.698133,0.007326,-1.047619
-1.195544,-0.007326,0.148963,2.697751,0.007326,-1.047619
-1.195544,-0.036631,0.144079,2.698133,0.007326,-1.052503
-1.195544,-0.007326,0.144079,2.698133,0.021978,-1.052503
-1.195544,-0.007326,0.144079,2.698133,-0.007328,-1.047619
-1.195544,-0.007326,0.144079,2.697751,0.021978,-1.052503
-1.195544,-0.007326,0.148963,2.698133,0.007326,-1.052503
-1.195544,-0.021978,0.148963,2.698133,0.021978,-1.052503
-1.195544,-0.007326,0.148963,2.697751,-0.021980,-1.047619
-1.195544,0.007328,0.144079,2.698133,0.021978,-1.052503
-1.195544,-0.007326,0.148963,2.698133,0.007326,-1.052503
-1.195544,0.007328,0.144079,2.697751,0.007326,-1.052503
-1.195544,-0.007326,0.148963,2.698133,0.007326,-1.052503
-1.195544,-0.007326,0.144079,2.698133,-0.007328,-1.052503
-1.195544,-0.007326,0.148963,2.698133,-0.007328,-1.052503
-1.195544,0.007328,0.144079,2.698133,0.021978,-1.052503
-1.195544,0.007328,0.144079,2.698133,-0.007328,-1.047619
-1.195544,0.007328,0.148963,2.698133,0.007326,-1.047619
-1.195544,-0.007326,0.148963,2.698133,0.021978,-1.047619
-1.195544,-0.007326,0.148963,2.697751,0.007326,-1.047619
-1.195544,-0.007326,0.144079,2.697751,0.007326,-1.052503
-1.195544,-0.007326,0.144079,2.698133,0.021978,-1.047619
-1.195544,0.007328,0.144079,2.698133,0.007326,-1.047619
-1.195544,-0.007326,0.148963,2.697751,-0.007328,-1.042735
-1.195544,0.007328,0.148963,2.698133,0.007326,-1.047619
-1.195544,-0.007326,0.148963,2.698133,0.007326,-1.052503
-1.195544,0.007328,0.148963,2.697751,0.007326,-1.052503
-1.195544,-0.007326,0.144079,2.698133,0.007326,-1.057387
-1.195544,-0.021978,0.144079,2.697751,0.007326,-1.052503
-1.195544,-0.021978,0.148963,2.698133,-0.007328,-1.047619
-1.195544,-0.007326,0.148963,2.698133,0.036631,-1.047619
-1.195544,-0.021978,0.144079,2.698133,0.007326,-1.042735
-1.195544,-0.007326,0.148963,2.698133,-0.007328,-1.042735
-1.195544,-0.007326,0.148963,2.698133,-0.007328,-1.047619
-1.195544,-0.021978,0.144079,2.698133,0.007326,-1.052503
-1.195544,-0.007326,0.144079,2.697751,0.007326,-1.047619
-1.195544,-0.007326,0.144079,2.697751,-0.007328,-1.047619
-1.195544,-0.007326,0.148963,2.697751,0.007326,-1.052503
-1.195544,-0.007326,0.148963,2.697751,-0.007328,-1.047619
-1.195544,-0.007326,0.148963,2.697751,0.021978,-1.047619
-1.195544,0.007328,0.144079,2.697751,0.007326,-1.047619
-1.195544,-0.007326,0.148963,2.697751,0.007326,-1.047619
-1.195544,-0.007326,0.144079,2.698133,0.007326,-1.052503
-1.195544,-0.007326,0.144079,2.697751,0.007326,-1.047619
-1.195544,-0.007326,0.144079,2.697751,0.007326,-1.052503
-1.195544,-0.007326,0.144079,2.698133,0.007326,-1.052503
-1.195544,-0.007326,0.148963,2.698133,0.007326,-1.047619
-1.195544,0.007328,0.144079,2.698133,0.021978,-1.047619
-1.195544,-0.007326,0.144079,2.697751,0.007326,-1.047619
-1.195544,0.007328,0.144079,2.698133,0.007326,-1.047619
-1.195544,-0.007326,0.144079,2.697751,0.021978,-1.047619
-1.195544,0.007328,0.148963,2.697751,0.007326,-1.052503
-1.195544,-0.007326,0.148963,2.698133,0.021978,-1.052503
-1.195544,-0.021978,0.144079,2.698133,-0.007328,-1.047619
-1.195544,-0.021978,0.148963,2.697751,-0.007328,-1.047619
-1.195544,0.007328,0.148963,2.698133,0.021978,-1.052503
-1.195544,-0.007326,0.148963,2.698133,0.021978,-1.047619
-1.195544,-0.007326,0.144079,2.697751,-0.007328,-1.047619
-1.195544,-0.007326,0.144079,2.698133,0.021978,-1.052503
-1.195544,-0.021978,0.148963,2.698133,0.007326,-1.047619
-1.195544,-0.007326,0.148963,2.698133,0.007326,-1.047619
-1.195544,-0.007326,0.148963,2.698133,0.007326,-1.047619
-1.195544,-0.007326,0.144079,2.698133,0.007326,-1.047619
-1.195544,-0.007326,0.144079,2.698133,0.007326,-1.047619
-1.195544,0.007328,0.144079,2.697751,0.007326,-1.047619
-1.195544,-0.007326,0.144079,2.698133,0.007326,-1.052503
-1.195544,-0.021978,0.148963,2.698133,0.007326,-1.052503
-1.195544,0.007328,0.148963,2.698133,0.007326,-1.052503
-1.195544,-0.007326,0.148963,2.698133,0.007326,-1.047619
-1.195544,-0.007326,0.144079,2.698133,0.007326,-1.052503
-1.195544,-0.007326,0.148963,2.698133,0.036631,-1.052503
-1.195544,-0.007326,0.148963,2.697751,-0.007328,-1.047619
-1.195544,-0.007326,0.148963,2.697751,0.007326,-1.047619
-1.195544,0.007328,0.144079,2.697751,0.007326,-1.047619
-1.195544,-0.021978,0.148963,2.698133,0.021978,-1.052503
-1.195544,0.007328,0.148963,2.698133,-0.007328,-1.047619
-1.195544,-0.007326,0.148963,2.697751,0.007326,-1.047619
-1.195544,-0.007326,0.148963,2.698133,0.021978,-1.052503
-1.195544,-0.007326,0.148963,2.698133,0.007326,-1.047619
-1.195544,0.007328,0.144079,2.697751,-0.007328,-1.047619
-1.195544,-0.007326,0.144079,2.697751,0.007326,-1.052503
-1.195544,0.007328,0.148963,2.697751,0.007326,-1.052503
-1.195544,-0.021978,0.148963,2.697751,0.007326,-1.052503
-1.195544,0.007328,0.148963,2.698133,-0.007328,-1.052503
-1.195544,-0.007326,0.144079,2.698133,-0.007328,-1.047619
-1.195544,-0.007326,0.148963,2.698133,0.007326,-1.047619
-1.195544,-0.007326,0.148963,2.697751,0.007326,-1.052503
-1.195544,-0.021978,0.148963,2.698133,0.021978,-1.052503
-1.195544,0.007328,0.144079,2.698133,-0.007328,-1.052503
-1.195544,-0.007326,0.148963,2.698133,-0.007328,-1.052503
-1.195544,-0.007326,0.144079,2.697751,0.007326,-1.052503
-1.195544,-0.021978,0.148963,2.698133,0.007326,-1.052503
-1.195544,-0.021978,0.148963,2.697751,0.007326,-1.052503
-1.195544,-0.007326,0.144079,2.698133,0.007326,-1.052503
-1.195544,0.007328,0.144079,2.698133,0.007326,-1.052503
-1.195544,0.007328,0.148963,2.697751,-0.007328,-1.047619
-1.195544,-0.007326,0.144079,2.698133,0.036631,-1.052503
-1.195544,-0.007326,0.144079,2.698133,-0.007328,-1.047619
-1.195544,0.007328,0.144079,2.698133,0.021978,-1.052503
-1.195544,-0.007326,0.144079,2.698133,-0.007328,-1.052503
-1.195544,-0.007326,0.144079,2.698133,0.021978,-1.057387
-1.195544,-0.021978,0.144079,2.698133,0.036631,-1.052503
-1.195544,-0.007326,0.144079,2.698133,0.021978,-1.052503
-1.195544,-0.007326,0.144079,2.698133,-0.007328,-1.047619
-1.195544,-0.007326,0.144079,2.698133,-0.007328,-1.052503
-1.195544,-0.007326,0.144079,2.698133,-0.007328,-1.052503
-1.195544,-0.007326,0.144079,2.698133,-0.007328,-1.052503
-1.195544,-0.021978,0.144079,2.698133,0.007326,-1.052503
-1.195544,-0.007326,0.148963,2.698133,0.007326,-1.047619
-1.195544,0.007328,0.148963,2.698133,0.007326,-1.047619
-1.195544,-0.007326,0.144079,2.698133,0.007326,-1.047619
-1.195544,-0.007326,0.144079,2.698133,0.007326,-1.047619
-1.195544,-0.007326,0.144079,2.697751,-0.007328,-1.052503
-1.195544,-0.007326,0.148963,2.698133,0.007326,-1.052503
-1.195544,0.007328,0.148963,2.698133,0.007326,-1.052503
-1.195544,-0.007326,0.148963,2.698133,0.007326,-1.057387
-1.195544,0.007328,0.144079,2.698133,-0.007328,-1.057387
-1.195544,-0.021978,0.148963,2.698133,0.007326,-1.052503
-1.195544,-0.021978,0.144079,2.698133,-0.007328,-1.052503
-1.195544,-0.021978,0.148963,2.698133,0.007326,-1.052503
-1.195544,-0.007326,0.144079,2.697751,0.007326,-1.052503
-1.195544,0.007328,0.144079,2.698133,-0.007328,-1.052503
-1.195544,-0.007326,0.144079,2.698133,0.021978,-1.052503
-1.195544,-0.007326,0.144079,2.698133,0.007326,-1.052503
-1.195544,-0.007326,0.144079,2.698133,0.007326,-1.052503
-1.195544,-0.007326,0.144079,2.697751,0.007326,-1.047619
-1.195544,-0.007326,0.148963,2.698133,0.021978,-1.052503
-1.195544,0.007328,0.144079,2.698133,0.021978,-1.047619
-1.195544,0.007328,0.144079,2.698133,0.007326,-1.047619
-1.195544,-0.007326,0.144079,2.698133,0.007326,-1.047619
-1.195544,-0.007326,0.148963,2.698133,0.021978,-1.052503
