I0,I1,I2,I3,I4,I5
-1.778820,0.007328,-0.012210,2.166355,0.007326,-0.578754
-1.778820,-0.021978,-0.017094,2.166737,0.007326,-0.578754
-1.778820,-0.007326,-0.017094,2.166355,-0.007328,-0.573871
-1.778820,0.007328,-0.012210,2.166355,0.021978,-0.578754
-1.778820,-0.007326,-0.012210,2.166355,0.007326,-0.583638
-1.778820,0.007328,-0.012210,2.166355,0.021978,-0.578754
-1.778820,-0.007326,-0.012210,2.166355,0.007326,-0.578754
-1.778820,-0.007326,-0.012210,2.166355,0.007326,-0.578754
-1.778820,-0.007326,-0.012210,2.166355,0.007326,-0.578754
-1.778820,-0.007326,-0.012210,2.166355,0.007326,-0.578754
-1.778820,-0.007326,-0.012210,2.166355,0.007326,-0.578754
-1.778820,-0.007326,-0.012210,2.166355,-0.007328,-0.583638
-1.778820,-0.007326,-0.012210,2.166355,0.007326,-0.583638
-1.778820,-0.007326,-0.012210,2.166355,0.007326,-0.578754
-1.778820,-0.007326,-0.012210,2.166355,-0.007328,-0.578754
-1.778820,-0.007326,-0.012210,2.166355,-0.007328,-0.578754
-1.778820,0.007328,-0.012210,2.166355,-0.007328,-0.583638
-1.778820,-0.007326,-0.017094,2.166355,0.021978,-0.583638
-1.778820,-0.007326,-0.017094,2.166737,0.007326,-0.583638
-1.778820,-0.007326,-0.017094,2.166355,-0.007328,-0.578754
-1.778820,-0.007326,-0.017094,2.166355,0.007326,-0.578754
-1.778820,-0.007326,-0.012210,2.166355,-0.007328,-0.578754
-1.778820,-0.007326,-0.012210,2.166355,-0.007328,-0.578754
-1.778820,-0.007326,-0.012210,2.166355,0.007326,-0.578754
-1.778820,-0.007326,-0.017094,2.166355,0.007326,-0.573871
-1.778820,0.007328,-0.017094,2.166355,-0.007328,-0.578754
-1.778820,0.007328,-0.017094,2.166355,0.007326,-0.578754
-1.778820,-0.007326,-0.017094,2.166355,0.007326,-0.578754
-1.778820,0.007328,-0.017094,2.166355,-0.007328,-0.583638
-1.778820,-0.021978,-0.012210,2.166355,0.007326,-0.583638
-1.778820,-0.021978,-0.017094,2.166355,0.021978,-0.583638
-1.778820,0.007328,-0.012210,2.166355,-0.007328,-0.583638
-1.778820,-0.007326,-0.017094,2.166737,0.007326,-0.578754
-1.778820,0.007328,-0.017094,2.166355,-0.007328,-0.578754
-1.778820,-0.007326,-0.012210,2.166355,0.007326,-0.578754
-1.778820,-0.007326,-0.017094,2.166355,0.007326,-0.578754
-1.778820,-0.007326,-0.017094,2.166355,0.021978,-0.578754
-1.778820,-0.021978,-0.017094,2.166355,-0.007328,-0.578754
-1.778820,-0.007326,-0.012210,2.166355,-0.007328,-0.583638
-1.778820,-0.007326,-0.012210,2.166355,0.007326,-0.583638
-1.778820,-0.007326,-0.012210,2.166355,-0.007328,-0.578754
-1.778820,0.007328,-0.012210,2.166355,0.007326,-0.578754
-1.778820,-0.007326,-0.012210,2.166355,0.021978,-0.578754
-1.778820,0.007328,-0.012210,2.166355,0.007326,-0.578754
-1.778820,-0.007326,-0.017094,2.166355,-0.007328,-0.578754
-1.778820,-0.021978,-0.017094,2.166355,0.007326,-0.578754
-1.778820,-0.007326,-0.017094,2.166355,0.007326,-0.573871
-1.778820,-0.021978,-0.017094,2.166355,-0.007328,-0.578754
-1.778820,0.007328,-0.017094,2.166355,0.007326,-0.578754
-1.778820,-0.007326,-0.017094,2.166355,0.007326,-0.583638
-1.778820,-0.007326,-0.017094,2.166355,0.007326,-0.583638
-1.778820,-0.007326,-0.012210,2.166355,0.007326,-0.578754
-1.778820,-0.007326,-0.012210,2.166355,0.021978,-0.578754
-1.778820,-0.007326,-0.012210,2.166355,0.007326,-0.578754
-1.778820,-0.007326,-0.012210,2.166355,0.007326,-0.583638
-1.778820,-0.007326,-0.017094,2.166355,-0.007328,-0.583638
-1.778820,-0.007326,-0.017094,2.166355,-0.007328,-0.583638
-1.778820,0.007328,-0.017094,2.166737,0.021978,-0.578754
-1.778820,-0.007326,-0.017094,2.166355,-0.007328,-0.578754
-1.778820,-0.007326,-0.017094,2.166355,-0.021980,-0.578754
-1.778820,-0.007326,-0.012210,2.166355,0.007326,-0.583638
-1.778820,-0.021978,-0.012210,2.166355,-0.007328,-0.578754
-1.778820,-0.021978,-0.012210,2.166355,0.007326,-0.578754
-1.778820,0.007328,-0.012210,2.166355,-0.007328,-0.583638
-1.778820,0.007328,-0.017094,2.166355,0.007326,-0.578754
-1.778820,-0.007326,-0.012210,2.166355,0.021978,-0.578754
-1.778820,0.007328,-0.012210,2.166355,0.007326,-0.578754
-1.778820,-0.021978,-0.017094,2.166355,0.007326,-0.578754
-1.778820,-0.007326,-0.012210,2.166355,0.007326,-0.578754
-1.778820,-0.007326,-0.012210,2.166355,0.007326,-0.578754
-1.778820,-0.007326,-0.012210,2.166355,0.007326,-0.578754
-1.778820,-0.007326,-0.017094,2.166355,0.021978,-0.578754
-1.778820,-0.007326,-0.017094,2.166355,0.007326,-0.578754
-1.778820,-0.007326,-0.017094,2.166355,0.007326,-0.578754
-1.778820,-0.007326,-0.017094,2.166355,-0.007328,-0.583638
-1.778820,-0.021978,-0.012210,2.166355,0.021978,-0.583638
-1.778820,-0.007326,-0.017094,2.166355,-0.007328,-0.578754
-1.778820,-0.007326,-0.017094,2.166355,-0.007328,-0.578754
-1.778820,-0.007326,-0.017094,2.166737,0.007326,-0.578754
-1.778820,-0.007326,-0.017094,2.166355,0.007326,-0.578754
-1.778820,-0.007326,-0.017094,2.166355,0.007326,-0.578754
-1.778820,-0.007326,-0.012210,2.166355,0.007326,-0.578754
-1.778820,-0.021978,-0.012210,2.166355,0.007326,-0.578754
-1.778820,0.007328,-0.017094,2.166355,0.021978,-0.578754
-1.778820,-0.007326,-0.017094,2.166355,0.007326,-0.578754
-1.778820,0.007328,-0.017094,2.166355,0.007326,-0.583638
-1.778820,-0.007326,-0.017094,2.166355,0.007326,-0.583638
-1.778820,-0.007326,-0.012210,2.166355,0.007326,-0.583638
-1.778820,0.007328,-0.012210,2.166355,-0.007328,-0.578754
-1.778820,-0.007326,-0.012210,2.166737,0.007326,-0.578754
-1.778820,-0.007326,-0.012210,2.166355,-0.007328,-0.578754
-1.778820,-0.007326,-0.017094,2.166355,0.007326,-0.578754
-1.778820,-0.007326,-0.017094,2.166355,-0.007328,-0.578754
-1.778820,-0.007326,-0.012210,2.166737,0.021978,-0.583638
-1.778820,0.007328,-0.012210,2.166355,-0.007328,-0.578754
-1.778820,0.007328,-0.012210,2.166355,0.007326,-0.583638
-1.778820,-0.021978,-0.012210,2.166355,0.007326,-0.583638
-1.778820,-0.007326,-0.017094,2.166737,0.021978,-0.578754
-1.778820,0.007328,-0.012210,2.166355,0.021978,-0.573871
-1.778820,-0.007326,-0.017094,2.166355,0.021978,-0.578754
-1.778820,-0.007326,-0.012210,2.166355,-0.007328,-0.578754
-1.778820,-0.007326,-0.012210,2.166355,0.036631,-0.578754
-1.778820,-0.007326,-0.012210,2.166355,0.007326,-0.578754
-1.778820,-0.007326,-0.012210,2.166355,0.007326,-0.573871
-1.778820,-0.007326,-0.012210,2.166355,0.007326,-0.573871
-1.778820,0.007328,-0.012210,2.166355,-0.007328,-0.573871
-1.778820,-0.007326,-0.012210,2.166355,0.007326,-0.573871
-1.778820,-0.007326,-0.017094,2.166355,-0.007328,-0.578754
-1.778820,-0.007326,-0.017094,2.166355,0.007326,-0.578754
-1.778820,-0.007326,-0.012210,2.166355,0.007326,-0.578754
-1.778820,-0.007326,-0.012210,2.166355,-0.007328,-0.578754
-1.778820,-0.007326,-0.017094,2.166355,0.007326,-0.578754
-1.778820,-0.007326,-0.017094,2.166355,-0.007328,-0.583638
-1.778820,0.007328,-0.012210,2.166355,0.007326,-0.583638
-1.778820,-0.007326,-0.017094,2.166737,0.007326,-0.578754
-1.778820,-0.021978,-0.012210,2.166355,0.007326,-0.578754
-1.778820,-0.007326,-0.017094,2.166355,-0.007328,-0.578754
-1.778439,0.007328,-0.012210,2.166355,-0.007328,-0.578754
-1.778820,-0.021978,-0.012210,2.166355,0.007326,-0.578754
-1.778820,-0.021978,-0.012210,2.166355,-0.007328,-0.578754
-1.778820,-0.007326,-0.012210,2.166355,0.007326,-0.578754
-1.778820,-0.007326,-0.012210,2.166355,0.007326,-0.578754
-1.778820,-0.007326,-0.012210,2.166355,0.007326,-0.583638
-1.778820,-0.007326,-0.017094,2.166355,-0.007328,-0.578754
-1.778820,0.007328,-0.017094,2.166355,0.007326,-0.578754
-1.778820,-0.007326,-0.017094,2.166355,0.021978,-0.578754
-1.778820,-0.007326,-0.017094,2.166355,0.007326,-0.578754
-1.778820,-0.007326,-0.017094,2.166355,-0.007328,-0.578754
-1.778820,-0.007326,-0.017094,2.166355,0.007326,-0.578754
-1.778820,-0.007326,-0.012210,2.166737,0.021978,-0.578754
-1.778820,-0.007326,-0.012210,2.166355,0.007326,-0.578754
-1.778820,-0.007326,-0.012210,2.166355,0.021978,-0.578754
-1.778820,-0.007326,-0.012210,2.166355,-0.007328,-0.578754
-1.778820,-0.007326,-0.017094,2.166355,0.007326,-0.578754
-1.778820,-0.007326,-0.017094,2.166355,-0.007328,-0.578754
-1.778820,-0.007326,-0.017094,2.166355,-0.007328,-0.578754
-1.778820,-0.021978,-0.012210,2.166355,0.021978,-0.578754
-1.778820,-0.007326,-0.012210,2.166355,0.007326,-0.578754
-1.778820,-0.007326,-0.017094,2.166355,0.007326,-0.578754
-1.778820,-0.007326,-0.012210,2.166355,0.021978,-0.578754
-1.778820,0.007328,-0.012210,2.166355,-0.007328,-0.578754
-1.778820,-0.007326,-0.012210,2.166355,0.007326,-0.578754
-1.778820,-0.007326,-0.012210,2.166355,0.007326,-0.578754
-1.778820,-0.021978,-0.017094,2.166355,0.007326,-0.578754
-1.778820,-0.007326,-0.017094,2.166355,-0.007328,-0.578754
-1.778820,-0.007326,-0.012210,2.166355,0.007326,-0.578754
-1.778820,-0.007326,-0.017094,2.166355,0.021978,-0.583638
-1.778820,0.007328,-0.017094,2.166355,0.007326,-0.573871
-1.778820,-0.007326,-0.012210,2.166355,0.007326,-0.578754
-1.778820,-0.007326,-0.017094,2.166355,0.007326,-0.578754
-1.778820,-0.007326,-0.017094,2.166355,0.007326,-0.578754
-1.778820,-0.007326,-0.017094,2.166737,0.007326,-0.578754
-1.778820,-0.007326,-0.012210,2.166355,-0.007328,-0.578754
-1.778820,-0.021978,-0.012210,2.166355,-0.007328,-0.583638
-1.778820,-0.007326,-0.017094,2.166355,-0.007328,-0.583638
-1.778820,-0.007326,-0.017094,2.166737,0.021978,-0.583638
-1.778820,-0.007326,-0.012210,2.166355,0.007326,-0.578754
-1.778820,0.007328,-0.012210,2.166355,-0.007328,-0.578754
-1.778820,0.007328,-0.012210,2.166355,0.007326,-0.578754
-1.778820,-0.007326,-0.012210,2.166355,0.007326,-0.578754
-1.778820,-0.007326,-0.012210,2.166355,0.007326,-0.578754
-1.778820,-0.021978,-0.017094,2.166355,0.007326,-0.578754
-1.778820,-0.007326,-0.012210,2.166355,0.007326,-0.578754
-1.778820,-0.007326,-0.017094,2.166355,0.007326,-0.583638
-1.778820,-0.007326,-0.012210,2.166355,-0.007328,-0.583638
-1.778820,-0.007326,-0.012210,2.166737,0.007326,-0.583638
-1.778820,-0.007326,-0.012210,2.166355,0.007326,-0.583638
-1.778820,-0.007326,-0.017094,2.166355,0.007326,-0.578754
-1.778820,-0.007326,-0.017094,2.166355,0.007326,-0.583638
-1.778820,-0.007326,-0.012210,2.166355,-0.021980,-0.583638
-1.778820,-0.021978,-0.012210,2.166737,0.007326,-0.583638
-1.778820,0.007328,-0.017094,2.166355,0.007326,-0.583638
-1.778820,0.007328,-0.017094,2.166355,-0.007328,-0.578754
-1.778820,-0.021978,-0.017094,2.166355,0.007326,-0.578754
-1.778820,-0.007326,-0.017094,2.166355,0.007326,-0.578754
-1.778820,0.007328,-0.017094,2.166355,0.007326,-0.578754
-1.778820,-0.007326,-0.017094,2.166737,0.021978,-0.578754
-1.778820,-0.007326,-0.012210,2.166355,-0.007328,-0.578754
-1.778820,0.007328,-0.017094,2.166355,0.007326,-0.578754
-1.778820,-0.007326,-0.017094,2.166737,0.007326,-0.578754
-1.778820,0.007328,-0.012210,2.166355,0.007326,-0.583638
-1.778820,-0.007326,-0.017094,2.166355,-0.021980,-0.578754
-1.778439,0.007328,-0.017094,2.166355,0.007326,-0.583638
-1.778820,-0.021978,-0.012210,2.166355,-0.007328,-0.578754
-1.778820,-0.007326,-0.012210,2.166355,0.007326,-0.578754
-1.778820,-0.021978,-0.012210,2.166355,0.007326,-0.578754
-1.778820,-0.007326,-0.012210,2.166355,0.007326,-0.578754
-1.778820,-0.007326,-0.012210,2.166355,0.007326,-0.578754
-1.778820,-0.007326,-0.012210,2.166355,-0.007328,-0.583638
-1.778820,-0.021978,-0.017094,2.166355,0.007326,-0.578754
-1.778820,-0.007326,-0.017094,2.166355,-0.007328,-0.578754
-1.778820,0.007328,-0.017094,2.166355,0.021978,-0.578754
-1.778439,0.007328,-0.012210,2.166355,0.007326,-0.573871
-1.778820,-0.007326,-0.012210,2.166355,0.007326,-0.573871
-1.778820,-0.007326,-0.012210,2.166355,-0.007328,-0.578754
-1.778820,-0.007326,-0.012210,2.166355,0.007326,-0.578754
-1.778820,0.007328,-0.012210,2.166355,0.007326,-0.578754
-1.778820,-0.007326,-0.017094,2.166355,0.007326,-0.578754
-1.778820,-0.021978,-0.012210,2.166355,0.007326,-0.583638
-1.778820,-0.021978,-0.017094,2.166355,0.007326,-0.578754
-1.778820,-0.021978,-0.012210,2.166355,0.007326,-0.578754
-1.778820,-0.007326,-0.017094,2.166355,-0.007328,-0.573871
-1.778820,-0.007326,-0.017094,2.166737,0.021978,-0.578754
-1.778820,-0.007326,-0.017094,2.166355,0.007326,-0.578754
-1.778820,-0.007326,-0.017094,2.166355,0.007326,-0.578754
-1.778820,0.007328,-0.017094,2.166355,-0.007328,-0.583638
-1.778820,-0.007326,-0.012210,2.166355,0.021978,-0.588523
-1.778820,-0.007326,-0.012210,2.166355,0.007326,-0.583638
-1.778820,-0.007326,-0.017094,2.166355,0.021978,-0.578754
-1.778820,0.007328,-0.017094,2.166355,0.007326,-0.583638
-1.778820,-0.007326,-0.017094,2.166355,0.007326,-0.578754
-1.778820,0.007328,-0.012210,2.166355,0.007326,-0.583638
-1.778820,-0.007326,-0.012210,2.166355,0.021978,-0.583638
-1.778820,0.007328,-0.017094,2.166355,0.021978,-0.578754
-1.778820,-0.021978,-0.012210,2.166355,0.007326,-0.578754
-1.778820,0.007328,-0.017094,2.166355,0.007326,-0.573871
-1.778820,-0.021978,-0.012210,2.166355,0.007326,-0.578754
-1.778820,0.007328,-0.017094,2.166355,0.007326,-0.578754
-1.778820,-0.007326,-0.012210,2.166355,0.021978,-0.578754
-1.778820,-0.007326,-0.012210,2.166737,0.036631,-0.578754
-1.778820,-0.007326,-0.017094,2.166355,-0.007328,-0.573871
-1.778820,-0.007326,-0.012210,2.166355,0.007326,-0.578754
-1.778820,-0.021978,-0.012210,2.166355,0.007326,-0.578754
-1.778820,-0.007326,-0.012210,2.166355,0.007326,-0.578754
-1.778820,-0.007326,-0.012210,2.166355,0.007326,-0.583638
-1.778820,-0.007326,-0.017094,2.166355,0.007326,-0.578754
-1.778820,-0.021978,-0.012210,2.166355,-0.007328,-0.578754
-1.778820,-0.007326,-0.017094,2.166355,0.007326,-0.578754
-1.778820,-0.007326,-0.017094,2.166355,0.007326,-0.583638
-1.778820,-0.021978,-0.012210,2.166355,0.021978,-0.578754
-1.778820,-0.007326,-0.017094,2.166355,0.007326,-0.578754
-1.778820,-0.007326,-0.017094,2.166355,0.007326,-0.578754
-1.778820,-0.007326,-0.012210,2.166355,0.021978,-0.583638
-1.778820,-0.021978,-0.017094,2.166355,0.007326,-0.583638
-1.778820,-0.007326,-0.017094,2.166355,0.007326,-0.583638
-1.778820,-0.007326,-0.012210,2.166355,-0.007328,-0.583638
-1.778820,-0.007326,-0.017094,2.166355,0.007326,-0.578754
-1.778820,0.007328,-0.012210,2.166355,0.021978,-0.578754
-1.778820,-0.007326,-0.012210,2.166355,0.007326,-0.578754
-1.778820,-0.007326,-0.012210,2.166355,0.021978,-0.578754
-1.778820,-0.007326,-0.012210,2.166355,0.007326,-0.578754
-1.778820,0.007328,-0.017094,2.166355,-0.007328,-0.583638
-1.778820,-0.021978,-0.012210,2.166355,-0.021980,-0.578754
-1.778820,0.007328,-0.012210,2.166355,-0.007328,-0.578754
-1.778820,-0.007326,-0.012210,2.166737,0.021978,-0.578754
-1.778820,-0.007326,-0.012210,2.166355,0.021978,-0.573871
-1.778820,0.007328,-0.017094,2.166355,0.007326,-0.573871
-1.778820,-0.021978,-0.017094,2.166355,0.007326,-0.573871
-1.778820,-0.007326,-0.017094,2.166355,-0.007328,-0.578754
-1.778820,-0.021978,-0.012210,2.166355,0.021978,-0.583638
-1.778820,0.007328,-0.017094,2.166355,-0.007328,-0.578754
-1.778820,-0.021978,-0.012210,2.166355,0.007326,-0.578754
-1.778820,0.007328,-0.017094,2.166355,-0.007328,-0.578754
-1.778820,-0.007326,-0.012210,2.166355,-0.007328,-0.578754
-1.778820,-0.021978,-0.017094,2.166355,0.007326,-0.578754
-1.778820,-0.007326,-0.017094,2.166355,-0.007328,-0.583638
-1.778820,0.007328,-0.017094,2.166355,0.007326,-0.583638
-1.778820,-0.007326,-0.017094,2.166355,0.007326,-0.583638
-1.778820,0.007328,-0.012210,2.166737,0.021978,-0.583638
-1.778820,-0.021978,-0.017094,2.166355,0.021978,-0.578754
-1.778820,0.007328,-0.012210,2.166355,0.007326,-0.578754
-1.778820,-0.007326,-0.017094,2.166355,0.021978,-0.578754
-1.778820,-0.007326,-0.017094,2.166355,0.007326,-0.573871
-1.778820,-0.007326,-0.017094,2.166355,0.007326,-0.578754
-1.778820,-0.007326,-0.017094,2.166355,0.007326,-0.578754
-1.778820,-0.021978,-0.017094,2.166355,0.007326,-0.583638
-1.778820,-0.007326,-0.012210,2.166355,0.007326,-0.583638
-1.778439,0.007328,-0.012210,2.166355,0.007326,-0.578754
-1.778820,-0.007326,-0.017094,2.166355,-0.007328,-0.578754
-1.778820,-0.021978,-0.017094,2.166355,-0.007328,-0.583638
-1.778820,-0.007326,-0.017094,2.166355,0.007326,-0.578754
-1.778820,-0.007326,-0.017094,2.166355,0.007326,-0.573871
-1.778820,-0.021978,-0.017094,2.166355,0.007326,-0.573871
-1.778820,-0.007326,-0.017094,2.166737,0.021978,-0.578754
-1.778820,-0.007326,-0.017094,2.166355,-0.007328,-0.578754
-1.778820,0.007328,-0.017094,2.166355,0.007326,-0.578754
-1.778820,-0.007326,-0.017094,2.166355,0.007326,-0.578754
-1.778820,0.007328,-0.017094,2.166355,0.007326,-0.573871
-1.778820,-0.021978,-0.017094,2.166355,0.007326,-0.583638
-1.778820,-0.007326,-0.017094,2.166355,0.007326,-0.583638
-1.778820,0.007328,-0.012210,2.166355,0.007326,-0.578754
-1.778820,-0.007326,-0.017094,2.166355,0.007326,-0.578754
-1.778820,-0.007326,-0.017094,2.166355,0.021978,-0.578754
-1.778820,0.007328,-0.012210,2.166355,-0.007328,-0.573871
-1.778820,-0.007326,-0.017094,2.166355,0.007326,-0.578754
-1.778820,-0.021978,-0.012210,2.166355,0.007326,-0.578754
-1.778820,-0.007326,-0.012210,2.166355,0.021978,-0.578754
-1.778820,0.007328,-0.012210,2.166355,0.007326,-0.578754
-1.778820,-0.007326,-0.017094,2.166355,-0.007328,-0.573871
-1.778820,-0.007326,-0.017094,2.166355,0.007326,-0.578754
-1.778820,-0.021978,-0.017094,2.166355,-0.007328,-0.578754
-1.778820,-0.007326,-0.012210,2.166355,-0.007328,-0.578754
-1.778820,0.007328,-0.012210,2.166355,0.007326,-0.573871
-1.778820,-0.021978,-0.017094,2.166355,0.007326,-0.573871
-1.778820,-0.007326,-0.017094,2.166355,0.007326,-0.578754
-1.778820,-0.007326,-0.012210,2.166355,0.007326,-0.583638
-1.778820,0.007328,-0.017094,2.166355,0.007326,-0.578754
-1.778820,0.007328,-0.017094,2.166355,0.036631,-0.578754
-1.778820,-0.007326,-0.017094,2.166355,0.007326,-0.578754
-1.778820,-0.007326,-0.017094,2.166355,0.007326,-0.573871
-1.778820,-0.021978,-0.017094,2.166355,0.007326,-0.578754
-1.778820,-0.007326,-0.012210,2.166355,0.021978,-0.578754
-1.778820,-0.007326,-0.012210,2.166355,0.021978,-0.578754
-1.778820,-0.021978,-0.017094,2.166355,-0.007328,-0.573871
-1.778820,-0.007326,-0.012210,2.166355,0.007326,-0.578754
-1.778820,-0.007326,-0.017094,2.166355,0.007326,-0.573871
-1.778820,-0.021978,-0.017094,2.166355,-0.007328,-0.578754
-1.778820,-0.007326,-0.012210,2.166355,0.021978,-0.578754
-1.778820,-0.007326,-0.017094,2.166355,0.007326,-0.578754
-1.778820,-0.007326,-0.012210,2.166355,0.007326,-0.578754
-1.778820,-0.021978,-0.012210,2.166355,0.007326,-0.573871
-1.778820,-0.007326,-0.017094,2.166737,0.007326,-0.573871
-1.778820,-0.007326,-0.012210,2.166355,0.021978,-0.573871
-1.778820,-0.007326,-0.012210,2.166355,-0.007328,-0.573871
-1.778820,-0.007326,-0.012210,2.166355,0.007326,-0.578754
-1.778820,0.007328,-0.012210,2.166355,0.007326,-0.578754
-1.778820,-0.007326,-0.017094,2.166355,0.021978,-0.578754
-1.778820,-0.007326,-0.017094,2.166737,0.007326,-0.573871
-1.778820,-0.007326,-0.017094,2.166355,-0.007328,-0.573871
-1.778820,0.007328,-0.017094,2.166355,0.007326,-0.578754
-1.778820,-0.021978,-0.012210,2.166355,0.007326,-0.578754
-1.778820,-0.007326,-0.017094,2.166355,0.007326,-0.578754
-1.778820,-0.007326,-0.017094,2.166355,-0.007328,-0.578754
-1.778820,0.007328,-0.017094,2.166355,-0.007328,-0.578754
-1.778820,-0.007326,-0.017094,2.166355,0.007326,-0.583638
-1.778820,-0.007326,-0.017094,2.166355,-0.007328,-0.578754
-1.778820,-0.021978,-0.017094,2.166355,0.021978,-0.578754
-1.778820,0.007328,-0.017094,2.166737,0.007326,-0.578754
-1.778820,-0.007326,-0.012210,2.166355,0.007326,-0.573871
-1.778820,-0.021978,-0.017094,2.166355,0.007326,-0.573871
-1.778820,-0.007326,-0.017094,2.166355,0.007326,-0.573871
-1.778820,-0.007326,-0.017094,2.166355,0.007326,-0.573871
-1.778820,-0.007326,-0.017094,2.166355,0.007326,-0.578754
-1.778820,-0.007326,-0.017094,2.166737,0.007326,-0.573871
-1.778820,-0.007326,-0.012210,2.166355,0.007326,-0.573871
-1.778820,-0.007326,-0.017094,2.166355,-0.007328,-0.573871
-1.778820,0.007328,-0.017094,2.166355,-0.007328,-0.573871
-1.778820,-0.007326,-0.017094,2.166355,0.007326,-0.583638
-1.778820,-0.007326,-0.017094,2.166355,0.007326,-0.578754
-1.778820,-0.021978,-0.017094,2.166355,0.021978,-0.573871
-1.778820,-0.007326,-0.017094,2.166355,0.007326,-0.573871
-1.778820,-0.007326,-0.017094,2.166355,0.007326,-0.578754
-1.778820,-0.007326,-0.012210,2.166355,-0.007328,-0.578754
-1.778820,-0.007326,-0.012210,2.166737,0.021978,-0.578754
-1.778820,-0.007326,-0.012210,2.166355,0.007326,-0.578754
-1.778820,-0.007326,-0.017094,2.166355,0.007326,-0.578754
-1.778820,-0.007326,-0.012210,2.166355,0.007326,-0.578754
-1.778820,0.007328,-0.012210,2.166355,0.007326,-0.578754
-1.778820,-0.021978,-0.017094,2.166355,0.007326,-0.578754
-1.778820,-0.021978,-0.017094,2.166355,0.007326,-0.578754
-1.778820,-0.007326,-0.017094,2.166355,0.007326,-0.578754
-1.778820,-0.007326,-0.017094,2.166355,0.021978,-0.573871
-1.778820,-0.007326,-0.017094,2.166355,0.007326,-0.568987
-1.778820,-0.007326,-0.017094,2.166355,0.007326,-0.573871
-1.778820,-0.007326,-0.012210,2.166355,0.007326,-0.578754
-1.778820,-0.021978,-0.012210,2.166355,0.007326,-0.578754
-1.778820,0.007328,-0.012210,2.166355,0.007326,-0.578754
-1.778820,-0.007326,-0.017094,2.166737,0.021978,-0.578754
-1.778820,-0.021978,-0.012210,2.166355,0.007326,-0.578754
-1.778820,-0.007326,-0.012210,2.166355,-0.007328,-0.578754
-1.778820,-0.007326,-0.017094,2.166355,0.007326,-0.578754
-1.778820,-0.021978,-0.017094,2.166355,0.007326,-0.578754
-1.778820,-0.007326,-0.017094,2.166355,-0.007328,-0.578754
-1.778820,-0.007326,-0.017094,2.166737,0.007326,-0.578754
-1.778820,-0.007326,-0.017094,2.166355,-0.007328,-0.578754
-1.778820,-0.007326,-0.012210,2.166355,0.007326,-0.583638
-1.778820,-0.007326,-0.012210,2.166355,-0.007328,-0.578754
-1.778820,0.007328,-0.012210,2.166355,0.021978,-0.583638
-1.778820,0.007328,-0.012210,2.166355,-0.007328,-0.578754
-1.778820,-0.021978,-0.012210,2.166355,-0.007328,-0.578754
-1.778820,-0.007326,-0.012210,2.166355,-0.007328,-0.578754
-1.778820,-0.007326,-0.012210,2.166355,0.007326,-0.578754
-1.778820,-0.007326,-0.012210,2.166355,0.007326,-0.573871
-1.778820,-0.007326,-0.012210,2.166355,-0.007328,-0.578754
-1.778820,-0.007326,-0.012210,2.166355,-0.007328,-0.578754
-1.778820,-0.007326,-0.017094,2.166355,-0.007328,-0.578754
-1.778820,-0.021978,-0.012210,2.166355,0.007326,-0.578754
-1.778820,-0.007326,-0.012210,2.166355,0.021978,-0.578754
-1.778820,-0.007326,-0.012210,2.166355,0.021978,-0.578754
-1.778820,-0.007326,-0.012210,2.166355,0.007326,-0.578754
-1.778820,0.021980,-0.012210,2.166355,0.021978,-0.578754
-1.778820,-0.007326,-0.017094,2.166355,-0.007328,-0.573871
-1.778820,-0.007326,-0.017094,2.166355,-0.007328,-0.578754
-1.778820,-0.007326,-0.017094,2.166355,0.007326,-0.578754
-1.778820,-0.007326,-0.017094,2.166355,0.007326,-0.573871
-1.778820,-0.007326,-0.012210,2.166355,-0.007328,-0.573871
-1.778820,-0.021978,-0.017094,2.166355,0.007326,-0.573871
-1.778820,-0.007326,-0.012210,2.166355,0.007326,-0.573871
-1.778820,-0.007326,-0.012210,2.166355,0.007326,-0.573871
-1.778820,-0.021978,-0.012210,2.166355,0.007326,-0.573871
-1.778820,-0.007326,-0.017094,2.166355,0.021978,-0.573871
-1.778820,-0.007326,-0.012210,2.166355,-0.007328,-0.573871
-1.778820,0.007328,-0.017094,2.166355,0.007326,-0.573871
-1.778820,-0.007326,-0.017094,2.166355,0.007326,-0.578754
-1.778820,-0.021978,-0.012210,2.166355,0.021978,-0.578754
-1.778820,-0.007326,-0.012210,2.166737,0.007326,-0.573871
-1.778820,-0.021978,-0.012210,2.166355,0.007326,-0.573871
-1.778439,0.007328,-0.017094,2.166355,0.007326,-0.583638
-1.778820,-0.007326,-0.012210,2.166355,0.007326,-0.583638
-1.778820,-0.021978,-0.017094,2.166355,-0.007328,-0.578754
-1.778820,-0.007326,-0.017094,2.166355,0.021978,-0.573871
-1.778820,-0.007326,-0.012210,2.166355,0.021978,-0.573871
-1.778820,-0.007326,-0.012210,2.166355,0.007326,-0.573871
-1.778820,-0.007326,-0.017094,2.166355,0.007326,-0.568987
-1.778820,-0.007326,-0.012210,2.166355,0.007326,-0.573871
-1.778820,0.007328,-0.012210,2.166355,0.007326,-0.578754
-1.778820,-0.007326,-0.017094,2.166355,0.007326,-0.578754
-1.778820,-0.007326,-0.012210,2.166737,0.021978,-0.578754
-1.778820,-0.007326,-0.012210,2.166355,-0.007328,-0.573871
-1.778820,-0.021978,-0.012210,2.166355,0.007326,-0.578754
-1.778820,-0.007326,-0.012210,2.166355,-0.021980,-0.578754
-1.778820,-0.021978,-0.017094,2.166355,0.021978,-0.578754
-1.778820,-0.007326,-0.017094,2.166355,0.007326,-0.583638
-1.778820,0.007328,-0.012210,2.166355,0.007326,-0.578754
-1.778820,0.007328,-0.017094,2.166355,0.021978,-0.578754
-1.778820,-0.021978,-0.017094,2.166355,0.007326,-0.573871
-1.778820,-0.007326,-0.017094,2.166355,0.007326,-0.573871
-1.778820,-0.007326,-0.017094,2.166355,-0.007328,-0.573871
-1.778820,-0.007326,-0.012210,2.166737,-0.007328,-0.573871
-1.778820,-0.007326,-0.012210,2.166355,0.007326,-0.578754
-1.778820,-0.007326,-0.012210,2.166355,0.007326,-0.578754
-1.778820,0.007328,-0.017094,2.166355,0.007326,-0.578754
-1.778820,-0.007326,-0.012210,2.166355,0.007326,-0.578754
-1.778820,-0.007326,-0.012210,2.166355,0.007326,-0.578754
-1.778820,0.007328,-0.012210,2.166355,0.021978,-0.583638
-1.778820,-0.007326,-0.012210,2.166355,0.007326,-0.578754
-1.778820,-0.021978,-0.012210,2.166355,-0.007328,-0.573871
-1.778820,-0.007326,-0.017094,2.166355,-0.007328,-0.578754
-1.778820,-0.007326,-0.017094,2.166355,0.007326,-0.578754
-1.778820,-0.007326,-0.012210,2.166355,0.007326,-0.583638
-1.778820,-0.007326,-0.012210,2.166355,0.007326,-0.583638
-1.778820,-0.021978,-0.017094,2.166355,0.007326,-0.578754
-1.778820,0.007328,-0.017094,2.166355,-0.007328,-0.578754
-1.778820,-0.021978,-0.017094,2.166355,0.007326,-0.583638
-1.778820,-0.007326,-0.012210,2.166355,0.007326,-0.578754
-1.778820,-0.007326,-0.012210,2.166355,-0.007328,-0.578754
-1.778820,-0.007326,-0.012210,2.166355,0.007326,-0.583638
-1.778820,-0.007326,-0.012210,2.166355,0.007326,-0.583638
-1.778820,-0.021978,-0.012210,2.166355,0.007326,-0.583638
-1.778820,-0.007326,-0.012210,2.166737,0.036631,-0.583638
-1.778820,-0.021978,-0.012210,2.166737,0.021978,-0.578754
-1.778820,-0.007326,-0.012210,2.166355,0.007326,-0.573871
-1.778820,-0.007326,-0.012210,2.166355,0.021978,-0.573871
-1.778820,-0.007326,-0.012210,2.166355,-0.007328,-0.573871
-1.778820,0.007328,-0.012210,2.166355,-0.007328,-0.578754
-1.778820,-0.007326,-0.017094,2.166355,0.007326,-0.583638
-1.778820,-0.007326,-0.017094,2.166355,0.007326,-0.588523
-1.778820,-0.007326,-0.017094,2.166355,-0.007328,-0.583638
-1.778820,-0.007326,-0.017094,2.166355,0.007326,-0.583638
-1.778820,-0.007326,-0.017094,2.166355,0.021978,-0.583638
-1.778820,-0.007326,-0.012210,2.166355,-0.007328,-0.578754
-1.778820,-0.007326,-0.012210,2.166355,0.007326,-0.578754
-1.778820,-0.007326,-0.017094,2.166355,0.007326,-0.583638
-1.778820,-0.007326,-0.017094,2.166355,0.007326,-0.583638
-1.778820,-0.007326,-0.017094,2.166737,0.007326,-0.578754
-1.778820,0.007328,-0.017094,2.166355,0.007326,-0.578754
-1.778820,-0.021978,-0.017094,2.166355,-0.007328,-0.578754
-1.778820,0.007328,-0.017094,2.166355,0.007326,-0.578754
-1.778820,-0.007326,-0.017094,2.166355,0.007326,-0.578754
-1.778820,-0.007326,-0.017094,2.166355,0.021978,-0.578754
-1.778820,-0.007326,-0.017094,2.166355,0.007326,-0.583638
-1.778820,-0.007326,-0.012210,2.166355,0.007326,-0.583638
-1.778820,-0.007326,-0.012210,2.166355,0.007326,-0.578754
-1.778820,-0.007326,-0.012210,2.166355,0.036631,-0.573871
-1.778820,-0.007326,-0.012210,2.166355,-0.007328,-0.573871
-1.778820,-0.007326,-0.012210,2.166355,0.007326,-0.578754
-1.778820,-0.007326,-0.017094,2.166355,0.007326,-0.578754
-1.778820,-0.007326,-0.017094,2.166355,0.021978,-0.578754
-1.778820,-0.007326,-0.017094,2.166355,-0.007328,-0.578754
-1.778820,-0.007326,-0.017094,2.166355,0.007326,-0.583638
-1.778820,-0.007326,-0.017094,2.166355,-0.007328,-0.583638
-1.778820,-0.007326,-0.012210,2.166355,0.007326,-0.583638
-1.778820,-0.021978,-0.012210,2.166355,-0.007328,-0.583638
-1.778820,0.007328,-0.017094,2.166355,-0.007328,-0.583638
-1.778820,-0.021978,-0.017094,2.166355,0.021978,-0.583638
-1.778820,0.007328,-0.017094,2.166355,0.007326,-0.578754
-1.778439,-0.007326,-0.017094,2.166355,0.021978,-0.578754
-1.778820,0.007328,-0.017094,2.166355,-0.007328,-0.578754
-1.778820,-0.021978,-0.017094,2.166355,0.007326,-0.583638
-1.778820,-0.021978,-0.017094,2.166355,-0.007328,-0.583638
-1.778820,0.007328,-0.012210,2.166355,0.007326,-0.583638
-1.778820,-0.007326,-0.017094,2.166737,0.007326,-0.583638
-1.778820,-0.021978,-0.017094,2.166355,-0.007328,-0.578754
-1.778820,-0.007326,-0.012210,2.166355,-0.007328,-0.578754
-1.778439,0.007328,-0.012210,2.166355,0.007326,-0.578754
-1.778820,-0.007326,-0.012210,2.166355,0.007326,-0.583638
-1.778820,-0.007326,-0.012210,2.166355,0.007326,-0.583638
-1.778820,-0.007326,-0.012210,2.166737,0.036631,-0.588523
-1.778820,-0.021978,-0.017094,2.166355,0.007326,-0.578754
-1.778820,-0.007326,-0.017094,2.166355,-0.007328,-0.578754
-1.778820,-0.021978,-0.012210,2.166355,0.007326,-0.583638
-1.778820,-0.007326,-0.017094,2.166355,0.007326,-0.583638
-1.778820,-0.007326,-0.012210,2.166355,-0.007328,-0.578754
-1.778820,-0.007326,-0.012210,2.166355,-0.007328,-0.583638
-1.778820,-0.007326,-0.012210,2.166355,0.021978,-0.583638
-1.778820,-0.007326,-0.012210,2.166355,0.007326,-0.578754
-1.778820,-0.007326,-0.012210,2.166355,0.007326,-0.578754
-1.778820,0.007328,-0.012210,2.166355,0.007326,-0.578754
-1.778820,0.007328,-0.017094,2.166355,0.007326,-0.578754
-1.778820,0.007328,-0.012210,2.166355,0.007326,-0.578754
-1.778820,-0.007326,-0.017094,2.166355,0.007326,-0.583638
-1.778820,-0.007326,-0.017094,2.166355,0.021978,-0.583638
-1.778820,-0.007326,-0.012210,2.166355,0.021978,-0.583638
-1.778820,-0.007326,-0.017094,2.166355,0.007326,-0.573871
-1.778820,0.007328,-0.012210,2.166355,0.007326,-0.578754
-1.778820,-0.007326,-0.017094,2.166355,0.007326,-0.583638
-1.778820,-0.007326,-0.012210,2.166737,0.007326,-0.578754
-1.778820,-0.021978,-0.017094,2.166355,-0.007328,-0.583638
-1.778820,-0.021978,-0.017094,2.166355,-0.007328,-0.578754
-1.778820,0.007328,-0.017094,2.166355,0.007326,-0.583638
-1.778820,-0.007326,-0.017094,2.166355,0.007326,-0.578754
-1.778820,-0.007326,-0.012210,2.166355,0.007326,-0.578754
-1.778820,-0.007326,-0.012210,2.166355,0.007326,-0.573871
-1.778820,0.007328,-0.012210,2.166355,-0.007328,-0.573871
-1.778820,-0.007326,-0.012210,2.166737,0.021978,-0.578754
-1.778820,-0.007326,-0.012210,2.166355,0.021978,-0.578754
-1.778820,-0.007326,-0.012210,2.166355,0.021978,-0.578754
-1.778820,-0.007326,-0.017094,2.166355,0.007326,-0.573871
-1.778820,-0.021978,-0.017094,2.166355,0.021978,-0.578754
-1.778820,0.007328,-0.017094,2.166355,0.007326,-0.573871
-1.778820,-0.007326,-0.017094,2.166355,0.007326,-0.573871
-1.778820,0.007328,-0.017094,2.166737,0.007326,-0.578754
-1.778820,-0.021978,-0.012210,2.166737,-0.007328,-0.578754
-1.778820,0.007328,-0.017094,2.166355,0.007326,-0.578754
-1.778820,-0.007326,-0.012210,2.166737,0.007326,-0.578754
-1.778820,-0.021978,-0.012210,2.166355,-0.007328,-0.578754
-1.778820,0.007328,-0.012210,2.166355,-0.007328,-0.573871
-1.778820,-0.007326,-0.017094,2.166355,0.007326,-0.578754
-1.778820,-0.007326,-0.017094,2.166355,-0.007328,-0.573871
-1.778820,0.007328,-0.012210,2.166355,0.007326,-0.578754
-1.778820,-0.007326,-0.012210,2.166355,0.021978,-0.583638
-1.778820,0.007328,-0.012210,2.166355,0.007326,-0.578754
-1.778820,-0.007326,-0.012210,2.166355,0.021978,-0.573871
-1.778820,-0.007326,-0.017094,2.166355,0.036631,-0.578754
-1.778820,-0.007326,-0.017094,2.166355,0.007326,-0.573871
-1.778820,0.007328,-0.012210,2.166355,0.007326,-0.573871
-1.778820,-0.007326,-0.012210,2.166355,-0.007328,-0.578754
-1.778820,-0.007326,-0.017094,2.166355,0.007326,-0.578754
-1.778820,-0.007326,-0.017094,2.166355,0.007326,-0.583638
-1.778820,-0.007326,-0.017094,2.166355,0.021978,-0.583638
-1.778820,-0.007326,-0.017094,2.166355,0.007326,-0.583638
-1.778820,-0.007326,-0.017094,2.166355,0.021978,-0.583638
-1.778820,0.007328,-0.017094,2.166355,0.036631,-0.578754
-1.778820,-0.007326,-0.017094,2.166355,0.007326,-0.578754
-1.778820,-0.007326,-0.017094,2.166737,0.021978,-0.578754
-1.778820,-0.007326,-0.017094,2.166355,-0.007328,-0.573871
-1.778820,-0.021978,-0.017094,2.166355,0.021978,-0.578754
-1.778820,-0.007326,-0.017094,2.166355,0.007326,-0.578754
-1.778820,-0.007326,-0.017094,2.166737,0.021978,-0.573871
-1.778820,-0.007326,-0.017094,2.166355,-0.007328,-0.573871
-1.778820,-0.007326,-0.017094,2.166355,0.007326,-0.573871
-1.778820,-0.021978,-0.017094,2.166355,0.007326,-0.578754
-1.778820,-0.007326,-0.012210,2.166355,0.021978,-0.578754
-1.778820,-0.021978,-0.017094,2.166355,0.007326,-0.578754
-1.778820,-0.007326,-0.017094,2.166355,0.007326,-0.578754
-1.778820,-0.007326,-0.012210,2.166355,0.021978,-0.578754
-1.778820,-0.007326,-0.012210,2.166737,0.007326,-0.573871
-1.778820,-0.007326,-0.017094,2.166355,0.007326,-0.573871
-1.778820,0.007328,-0.017094,2.166355,0.007326,-0.578754
-1.778820,-0.007326,-0.012210,2.166355,0.007326,-0.578754
-1.778820,-0.007326,-0.012210,2.166355,0.007326,-0.578754
-1.778820,-0.007326,-0.012210,2.166355,0.007326,-0.578754
-1.778820,0.007328,-0.017094,2.166355,0.021978,-0.578754
-1.778820,-0.007326,-0.017094,2.166355,0.007326,-0.573871
-1.778820,-0.007326,-0.017094,2.166355,0.007326,-0.578754
-1.778820,-0.007326,-0.017094,2.166355,-0.007328,-0.578754
-1.778820,-0.007326,-0.017094,2.166355,-0.007328,-0.578754
-1.778820,-0.007326,-0.012210,2.166355,0.007326,-0.573871
-1.778820,-0.007326,-0.017094,2.166355,-0.007328,-0.578754
-1.778820,-0.007326,-0.017094,2.166737,0.007326,-0.578754
-1.778820,-0.021978,-0.017094,2.166355,0.007326,-0.578754
-1.778820,-0.007326,-0.012210,2.166355,0.007326,-0.578754
-1.778820,0.007328,-0.017094,2.166355,0.007326,-0.573871
-1.778820,0.007328,-0.017094,2.166355,-0.007328,-0.578754
-1.778820,0.007328,-0.012210,2.166355,0.007326,-0.578754
-1.778820,0.007328,-0.012210,2.166355,0.021978,-0.578754
-1.778820,-0.007326,-0.012210,2.166355,0.007326,-0.573871
-1.778820,-0.007326,-0.012210,2.166737,0.007326,-0.578754
-1.778820,-0.007326,-0.012210,2.166355,0.007326,-0.578754
-1.778820,-0.007326,-0.012210,2.166355,-0.007328,-0.573871
-1.778820,-0.007326,-0.012210,2.166355,0.021978,-0.578754
-1.778820,-0.007326,-0.012210,2.166355,0.007326,-0.578754
-1.778820,-0.007326,-0.012210,2.166355,-0.007328,-0.578754
-1.778820,-0.007326,-0.012210,2.166355,0.021978,-0.578754
-1.778820,-0.007326,-0.017094,2.166355,0.021978,-0.578754
-1.778820,-0.007326,-0.017094,2.166355,-0.007328,-0.578754
-1.778820,-0.007326,-0.012210,2.166355,0.007326,-0.578754
-1.778820,-0.007326,-0.012210,2.166355,0.007326,-0.578754
-1.778820,-0.007326,-0.012210,2.166355,0.007326,-0.573871
-1.778820,-0.007326,-0.012210,2.166355,-0.007328,-0.573871
-1.778820,-0.007326,-0.017094,2.166737,0.021978,-0.578754
-1.778820,-0.007326,-0.017094,2.166355,0.007326,-0.573871
-1.778820,-0.007326,-0.012210,2.166355,0.007326,-0.573871
-1.778820,0.007328,-0.017094,2.166355,0.007326,-0.578754
-1.778820,-0.007326,-0.017094,2.166355,0.007326,-0.578754
-1.778820,-0.021978,-0.017094,2.166355,-0.007328,-0.578754
-1.778820,-0.021978,-0.012210,2.166355,-0.007328,-0.573871
-1.778820,-0.007326,-0.017094,2.166737,0.021978,-0.578754
-1.778820,-0.007326,-0.017094,2.166355,-0.007328,-0.578754
-1.778820,-0.007326,-0.017094,2.166355,-0.007328,-0.578754
-1.778820,-0.021978,-0.017094,2.166355,0.007326,-0.583638
-1.778820,-0.021978,-0.017094,2.166355,0.007326,-0.578754
-1.778820,-0.007326,-0.017094,2.166355,0.007326,-0.578754
-1.778820,-0.007326,-0.012210,2.166355,0.021978,-0.578754
-1.778820,-0.007326,-0.012210,2.166355,0.007326,-0.573871
-1.778820,-0.021978,-0.017094,2.166355,-0.007328,-0.573871
-1.778820,-0.007326,-0.017094,2.166355,-0.007328,-0.573871
-1.778820,-0.007326,-0.017094,2.166355,-0.007328,-0.578754
-1.778820,0.007328,-0.012210,2.166355,0.007326,-0.578754
-1.778820,-0.007326,-0.012210,2.166737,0.021978,-0.578754
-1.778820,-0.007326,-0.012210,2.166355,-0.007328,-0.573871
-1.778820,-0.007326,-0.012210,2.166355,0.021978,-0.578754
-1.778820,0.007328,-0.012210,2.166355,0.007326,-0.578754
-1.778820,0.007328,-0.017094,2.166355,0.007326,-0.573871
-1.778820,0.007328,-0.017094,2.166355,-0.007328,-0.573871
-1.778820,-0.021978,-0.017094,2.166355,0.007326,-0.578754
-1.778820,-0.007326,-0.012210,2.166355,0.007326,-0.578754
-1.778820,-0.021978,-0.012210,2.166355,-0.007328,-0.578754
-1.778820,-0.021978,-0.012210,2.166355,0.007326,-0.578754
-1.778820,0.007328,-0.017094,2.166355,-0.007328,-0.578754
-1.778820,-0.007326,-0.012210,2.166355,-0.007328,-0.578754
-1.778820,-0.007326,-0.017094,2.166355,0.007326,-0.578754
-1.778820,-0.007326,-0.017094,2.166355,0.007326,-0.573871
-1.778820,0.007328,-0.012210,2.166355,-0.007328,-0.573871
-1.778820,0.007328,-0.017094,2.166355,0.007326,-0.578754
-1.778820,-0.007326,-0.017094,2.166355,0.007326,-0.578754
-1.778820,-0.007326,-0.012210,2.166355,-0.007328,-0.573871
-1.778820,0.007328,-0.012210,2.166355,0.021978,-0.583638
-1.778820,-0.007326,-0.017094,2.166355,-0.007328,-0.578754
-1.778820,0.007328,-0.017094,2.166355,0.007326,-0.578754
-1.778820,-0.021978,-0.017094,2.166355,0.007326,-0.578754
-1.778820,-0.021978,-0.017094,2.166355,-0.007328,-0.578754
-1.778820,-0.007326,-0.017094,2.166355,-0.007328,-0.578754
-1.778820,-0.021978,-0.017094,2.166355,0.007326,-0.578754
-1.778820,-0.007326,-0.017094,2.166355,0.007326,-0.583638
-1.778820,-0.021978,-0.017094,2.166355,0.007326,-0.578754
-1.778820,-0.007326,-0.017094,2.166355,0.007326,-0.578754
-1.778820,-0.021978,-0.012210,2.166355,0.007326,-0.573871
-1.778820,-0.021978,-0.012210,2.166737,0.021978,-0.578754
-1.778820,-0.007326,-0.012210,2.166355,-0.007328,-0.578754
-1.778820,-0.007326,-0.017094,2.166355,0.021978,-0.578754
-1.778820,0.007328,-0.017094,2.166737,0.021978,-0.583638
-1.778820,0.007328,-0.012210,2.166355,0.007326,-0.578754
-1.778820,-0.007326,-0.012210,2.166355,0.007326,-0.578754
-1.778820,-0.007326,-0.012210,2.166355,0.007326,-0.578754
-1.778820,-0.007326,-0.012210,2.166355,0.007326,-0.578754
-1.778820,-0.007326,-0.012210,2.166355,0.021978,-0.573871
-1.778820,-0.007326,-0.012210,2.166355,0.007326,-0.573871
-1.778820,-0.007326,-0.017094,2.166355,0.007326,-0.573871
-1.778820,-0.007326,-0.012210,2.166355,-0.021980,-0.578754
-1.778820,-0.021978,-0.012210,2.166355,0.007326,-0.578754
-1.778820,-0.007326,-0.012210,2.166355,0.007326,-0.573871
-1.778820,-0.007326,-0.012210,2.166355,-0.007328,-0.573871
-1.778820,-0.007326,-0.012210,2.166355,0.007326,-0.578754
-1.778820,-0.007326,-0.017094,2.166355,0.007326,-0.578754
-1.778820,-0.007326,-0.017094,2.166355,0.007326,-0.578754
-1.778820,-0.007326,-0.012210,2.166355,-0.007328,-0.578754
-1.778820,-0.007326,-0.012210,2.166355,0.021978,-0.578754
-1.778820,-0.007326,-0.017094,2.166355,0.007326,-0.578754
-1.778820,-0.007326,-0.017094,2.166355,0.007326,-0.578754
-1.778820,-0.007326,-0.012210,2.166355,0.007326,-0.578754
-1.778820,-0.007326,-0.017094,2.166355,-0.007328,-0.573871
-1.778820,-0.007326,-0.017094,2.166737,0.007326,-0.573871
-1.778820,-0.007326,-0.017094,2.166355,0.007326,-0.573871
-1.778820,-0.007326,-0.012210,2.166355,0.021978,-0.578754
-1.778820,0.007328,-0.012210,2.166355,0.007326,-0.578754
-1.778820,-0.007326,-0.017094,2.166355,0.021978,-0.573871
-1.778820,-0.007326,-0.017094,2.166355,0.007326,-0.578754
-1.778820,-0.007326,-0.017094,2.166355,0.007326,-0.578754
-1.778820,-0.007326,-0.017094,2.166355,0.007326,-0.573871
-1.778820,-0.007326,-0.017094,2.166355,0.007326,-0.573871
-1.778820,0.007328,-0.017094,2.166355,0.007326,-0.573871
-1.778820,-0.007326,-0.017094,2.166737,0.021978,-0.578754
-1.778820,-0.007326,-0.012210,2.166355,-0.007328,-0.578754
-1.778820,-0.007326,-0.017094,2.166355,-0.007328,-0.578754
-1.778820,-0.007326,-0.017094,2.166355,0.007326,-0.583638
-1.778820,-0.007326,-0.012210,2.166355,-0.007328,-0.583638
-1.778820,-0.021978,-0.017094,2.166355,0.007326,-0.578754
-1.778820,0.007328,-0.017094,2.166355,0.021978,-0.573871
-1.778820,-0.021978,-0.012210,2.166355,0.007326,-0.573871
-1.778820,-0.007326,-0.012210,2.166355,0.007326,-0.573871
-1.778820,-0.021978,-0.012210,2.166737,0.007326,-0.568987
-1.778820,-0.021978,-0.012210,2.166355,0.007326,-0.573871
-1.778820,0.007328,-0.012210,2.166355,0.021978,-0.578754
-1.778820,-0.021978,-0.012210,2.166355,0.007326,-0.578754
-1.778820,-0.007326,-0.017094,2.166355,0.007326,-0.578754
-1.778820,-0.021978,-0.012210,2.166355,0.021978,-0.578754
-1.778820,-0.007326,-0.017094,2.166355,0.007326,-0.573871
-1.778820,-0.007326,-0.017094,2.166355,0.007326,-0.573871
-1.778820,0.007328,-0.012210,2.166355,0.007326,-0.573871
-1.778820,-0.007326,-0.012210,2.166355,0.021978,-0.573871
-1.778820,-0.007326,-0.012210,2.166355,0.007326,-0.573871
-1.778820,-0.007326,-0.012210,2.166737,0.036631,-0.573871
-1.778820,-0.007326,-0.012210,2.166355,-0.007328,-0.568987
-1.778820,-0.007326,-0.012210,2.166355,0.007326,-0.573871
-1.778820,-0.007326,-0.012210,2.166355,0.007326,-0.578754
-1.778820,0.007328,-0.012210,2.166355,-0.007328,-0.583638
-1.778820,-0.007326,-0.012210,2.166355,0.007326,-0.578754
-1.778820,-0.007326,-0.012210,2.166355,0.007326,-0.578754
-1.778820,-0.007326,-0.012210,2.166355,0.007326,-0.573871
-1.778820,-0.007326,-0.017094,2.166355,0.007326,-0.573871
-1.778820,-0.007326,-0.017094,2.166355,0.021978,-0.573871
-1.778820,-0.007326,-0.017094,2.166355,0.007326,-0.573871
-1.778820,-0.007326,-0.017094,2.166355,0.007326,-0.578754
-1.778820,-0.007326,-0.017094,2.166737,0.021978,-0.578754
-1.778820,-0.007326,-0.012210,2.166355,0.021978,-0.573871
-1.778820,-0.021978,-0.017094,2.166355,-0.007328,-0.573871
-1.778820,-0.021978,-0.017094,2.166355,0.021978,-0.578754
-1.778820,0.007328,-0.017094,2.166355,-0.007328,-0.578754
-1.778820,-0.007326,-0.017094,2.166355,0.007326,-0.578754
-1.778820,0.007328,-0.017094,2.166355,0.007326,-0.573871
-1.778820,-0.021978,-0.017094,2.166355,0.007326,-0.573871
-1.778820,-0.007326,-0.017094,2.166355,0.007326,-0.573871
-1.778820,-0.007326,-0.017094,2.166355,-0.007328,-0.573871
-1.778820,-0.007326,-0.017094,2.166355,0.007326,-0.573871
-1.778820,-0.007326,-0.012210,2.166355,0.007326,-0.578754
-1.778820,-0.007326,-0.012210,2.166737,0.021978,-0.573871
-1.778820,-0.021978,-0.012210,2.166355,0.007326,-0.573871
-1.778820,-0.007326,-0.012210,2.166355,-0.007328,-0.573871
-1.778820,0.007328,-0.017094,2.166737,0.007326,-0.578754
-1.778820,-0.007326,-0.012210,2.166355,-0.007328,-0.578754
-1.778820,-0.007326,-0.017094,2.166355,0.007326,-0.578754
-1.778820,-0.007326,-0.017094,2.166355,0.007326,-0.578754
-1.778820,-0.007326,-0.017094,2.166355,0.007326,-0.578754
-1.778820,0.007328,-0.017094,2.166355,0.007326,-0.573871
-1.778820,-0.007326,-0.017094,2.166737,0.007326,-0.573871
-1.778820,-0.007326,-0.017094,2.166355,0.007326,-0.573871
-1.778820,-0.007326,-0.017094,2.166355,-0.007328,-0.573871
-1.778820,-0.007326,-0.017094,2.166355,0.021978,-0.573871
-1.778820,-0.007326,-0.017094,2.166355,0.021978,-0.573871
-1.778439,0.007328,-0.017094,2.166355,0.021978,-0.573871
-1.778820,-0.007326,-0.012210,2.166355,0.007326,-0.568987
-1.778820,0.007328,-0.012210,2.166355,0.007326,-0.573871
-1.778820,-0.021978,-0.012210,2.166355,-0.007328,-0.573871
-1.778820,-0.007326,-0.012210,2.166355,0.007326,-0.578754
-1.778820,0.007328,-0.012210,2.166355,0.007326,-0.578754
-1.778820,-0.021978,-0.012210,2.166355,0.007326,-0.578754
-1.778820,-0.007326,-0.017094,2.166355,0.021978,-0.578754
-1.778820,-0.007326,-0.012210,2.166355,0.007326,-0.573871
-1.778820,-0.007326,-0.012210,2.166737,0.007326,-0.573871
-1.778820,0.007328,-0.012210,2.166355,0.007326,-0.573871
-1.778820,0.007328,-0.017094,2.166355,0.007326,-0.573871
-1.778820,-0.007326,-0.017094,2.166355,0.021978,-0.573871
-1.778820,-0.007326,-0.017094,2.166355,-0.007328,-0.578754
-1.778820,0.007328,-0.012210,2.166355,0.007326,-0.573871
-1.778820,-0.007326,-0.017094,2.166355,0.007326,-0.573871
-1.778820,-0.021978,-0.012210,2.166355,0.007326,-0.578754
-1.778820,-0.007326,-0.012210,2.166355,0.021978,-0.573871
-1.778820,-0.007326,-0.017094,2.166355,0.007326,-0.573871
-1.778820,0.007328,-0.017094,2.166355,0.007326,-0.573871
-1.778820,-0.007326,-0.017094,2.166355,0.007326,-0.578754
-1.778820,-0.007326,-0.012210,2.166355,0.007326,-0.578754
-1.778820,-0.007326,-0.012210,2.166355,0.007326,-0.578754
-1.778820,-0.007326,-0.012210,2.166355,-0.007328,-0.578754
-1.778820,-0.021978,-0.012210,2.166355,0.007326,-0.578754
-1.778820,-0.021978,-0.012210,2.166355,0.007326,-0.578754
-1.778820,-0.021978,-0.017094,2.166355,0.007326,-0.578754
-1.778820,-0.007326,-0.017094,2.166355,0.007326,-0.573871
-1.778820,0.007328,-0.017094,2.166355,0.007326,-0.578754
-1.778820,-0.007326,-0.017094,2.166355,0.007326,-0.578754
-1.778820,-0.007326,-0.012210,2.166355,0.021978,-0.573871
-1.778820,-0.007326,-0.017094,2.166355,-0.007328,-0.573871
-1.778820,-0.007326,-0.017094,2.166355,0.007326,-0.573871
-1.778820,-0.007326,-0.012210,2.166355,0.007326,-0.573871
-1.778820,0.007328,-0.017094,2.166355,0.007326,-0.578754
-1.778820,-0.007326,-0.012210,2.166355,0.007326,-0.573871
-1.778820,-0.007326,-0.012210,2.166355,0.021978,-0.573871
-1.778820,-0.007326,-0.017094,2.166355,0.007326,-0.573871
-1.778439,-0.007326,-0.017094,2.166355,0.007326,-0.573871
-1.778820,-0.007326,-0.017094,2.166355,0.007326,-0.573871
-1.778820,-0.007326,-0.017094,2.166355,0.007326,-0.578754
-1.778820,-0.021978,-0.017094,2.166355,0.007326,-0.578754
-1.778820,0.007328,-0.012210,2.166355,0.007326,-0.578754
-1.778820,-0.007326,-0.017094,2.166355,0.007326,-0.578754
-1.778439,0.007328,-0.017094,2.166355,0.007326,-0.578754
-1.778820,-0.007326,-0.017094,2.166737,0.021978,-0.573871
-1.778820,-0.021978,-0.017094,2.166355,-0.007328,-0.568987
-1.778820,0.007328,-0.017094,2.166355,0.007326,-0.573871
-1.778820,-0.007326,-0.017094,2.166737,0.021978,-0.573871
-1.778820,-0.021978,-0.017094,2.166355,-0.007328,-0.573871
-1.778820,-0.021978,-0.012210,2.166355,-0.007328,-0.573871
-1.778820,0.007328,-0.012210,2.166355,0.007326,-0.573871
-1.778820,-0.007326,-0.012210,2.166355,-0.007328,-0.573871
-1.778820,-0.007326,-0.012210,2.166355,0.007326,-0.578754
-1.778820,-0.007326,-0.012210,2.166355,0.007326,-0.578754
-1.778820,-0.007326,-0.012210,2.166355,0.007326,-0.573871
-1.778820,-0.007326,-0.012210,2.166355,0.007326,-0.578754
-1.778820,-0.007326,-0.012210,2.166355,0.021978,-0.573871
-1.778820,-0.007326,-0.012210,2.166355,0.007326,-0.573871
-1.778820,-0.007326,-0.012210,2.166355,0.007326,-0.573871
-1.778820,-0.021978,-0.012210,2.166355,0.021978,-0.578754
-1.778820,-0.007326,-0.017094,2.166355,0.007326,-0.573871
-1.778820,0.007328,-0.012210,2.166355,0.007326,-0.568987
-1.778820,-0.007326,-0.012210,2.166355,0.021978,-0.573871
-1.778820,-0.007326,-0.017094,2.166355,0.007326,-0.578754
-1.778820,-0.007326,-0.012210,2.166355,-0.007328,-0.578754
-1.778820,-0.007326,-0.012210,2.166355,0.007326,-0.573871
-1.778820,-0.021978,-0.017094,2.166355,0.007326,-0.578754
-1.778820,0.007328,-0.017094,2.166355,0.007326,-0.578754
-1.778820,-0.007326,-0.017094,2.166355,-0.007328,-0.578754
-1.778820,-0.007326,-0.017094,2.166355,0.007326,-0.578754
-1.778820,-0.007326,-0.017094,2.166355,0.007326,-0.578754
-1.778820,-0.007326,-0.017094,2.166355,-0.007328,-0.573871
-1.778820,-0.007326,-0.017094,2.166355,0.007326,-0.573871
-1.778820,-0.007326,-0.012210,2.166355,0.021978,-0.573871
-1.778820,-0.007326,-0.012210,2.166355,-0.007328,-0.568987
-1.778820,-0.007326,-0.012210,2.166355,0.021978,-0.578754
-1.778820,-0.007326,-0.012210,2.166355,0.007326,-0.578754
-1.778820,-0.007326,-0.012210,2.166355,0.007326,-0.573871
-1.778820,-0.007326,-0.017094,2.166355,0.007326,-0.573871
-1.778820,-0.007326,-0.012210,2.166355,-0.007328,-0.573871
-1.778820,0.007328,-0.012210,2.166355,-0.007328,-0.573871
-1.778820,-0.021978,-0.012210,2.166737,0.007326,-0.573871
-1.778820,-0.007326,-0.012210,2.166355,-0.007328,-0.573871
-1.778820,-0.007326,-0.012210,2.166355,0.007326,-0.578754
-1.778820,0.007328,-0.012210,2.166355,0.007326,-0.578754
-1.778820,0.007328,-0.012210,2.166355,-0.007328,-0.578754
-1.778820,-0.007326,-0.012210,2.166355,-0.007328,-0.578754
-1.778820,-0.007326,-0.012210,2.166355,0.021978,-0.573871
-1.778820,-0.007326,-0.012210,2.166355,0.007326,-0.578754
-1.778820,-0.007326,-0.017094,2.166355,-0.007328,-0.573871
-1.778820,-0.021978,-0.017094,2.166355,-0.007328,-0.578754
-1.778820,-0.007326,-0.017094,2.166355,0.007326,-0.578754
-1.778820,-0.007326,-0.017094,2.166355,-0.007328,-0.578754
-1.778820,-0.021978,-0.012210,2.166355,0.007326,-0.578754
-1.778820,-0.007326,-0.012210,2.166355,0.007326,-0.573871
-1.778820,-0.007326,-0.012210,2.166355,-0.007328,-0.573871
-1.778820,-0.007326,-0.012210,2.166355,0.007326,-0.573871
-1.778820,0.021980,-0.012210,2.166737,0.021978,-0.578754
-1.778820,-0.007326,-0.012210,2.166355,0.007326,-0.573871
-1.778820,-0.007326,-0.012210,2.166355,0.021978,-0.573871
-1.778820,-0.007326,-0.017094,2.166355,0.021978,-0.568987
-1.778820,-0.007326,-0.017094,2.166355,0.007326,-0.573871
-1.778820,-0.007326,-0.012210,2.166355,0.007326,-0.573871
-1.778820,-0.007326,-0.012210,2.166355,0.007326,-0.573871
-1.778820,-0.007326,-0.012210,2.166355,0.007326,-0.573871
-1.778820,-0.007326,-0.012210,2.166355,0.021978,-0.578754
-1.778820,-0.007326,-0.012210,2.166355,0.007326,-0.573871
-1.778820,-0.007326,-0.012210,2.166355,0.007326,-0.578754
-1.778820,-0.021978,-0.017094,2.166355,0.021978,-0.573871
-1.778820,0.007328,-0.017094,2.166355,-0.007328,-0.573871
-1.778820,-0.007326,-0.017094,2.166355,-0.007328,-0.573871
-1.778820,-0.007326,-0.017094,2.166355,0.007326,-0.573871
-1.778820,-0.007326,-0.017094,2.166355,0.021978,-0.573871
-1.778820,-0.021978,-0.012210,2.166355,-0.007328,-0.573871
-1.778820,-0.007326,-0.012210,2.166355,0.021978,-0.573871
-1.778820,-0.007326,-0.012210,2.166355,0.007326,-0.573871
-1.778820,0.007328,-0.012210,2.166355,-0.007328,-0.573871
-1.778820,-0.007326,-0.012210,2.166355,0.007326,-0.578754
-1.778820,-0.007326,-0.012210,2.166355,0.007326,-0.578754
-1.778820,-0.007326,-0.012210,2.166355,0.007326,-0.578754
-1.778820,-0.007326,-0.012210,2.166355,0.007326,-0.578754
-1.778820,-0.021978,-0.017094,2.166355,0.021978,-0.578754
-1.778820,0.007328,-0.017094,2.166355,-0.007328,-0.578754
-1.778820,-0.007326,-0.017094,2.166355,0.021978,-0.583638
-1.778820,-0.007326,-0.017094,2.166355,0.007326,-0.578754
-1.778820,-0.007326,-0.017094,2.166355,-0.007328,-0.578754
-1.778820,-0.007326,-0.017094,2.166355,0.007326,-0.578754
-1.778820,-0.007326,-0.017094,2.166355,0.021978,-0.578754
-1.778820,-0.007326,-0.017094,2.166355,0.007326,-0.578754
-1.778820,-0.007326,-0.017094,2.166355,-0.007328,-0.573871
-1.778820,-0.021978,-0.012210,2.166355,0.007326,-0.573871
-1.778820,-0.021978,-0.012210,2.166355,-0.007328,-0.568987
-1.778820,-0.007326,-0.017094,2.166355,-0.007328,-0.578754
-1.778820,-0.007326,-0.012210,2.166355,-0.007328,-0.578754
-1.778820,-0.007326,-0.017094,2.166355,0.007326,-0.573871
-1.778439,0.007328,-0.017094,2.166355,0.007326,-0.573871
-1.778820,-0.007326,-0.017094,2.166737,0.036631,-0.573871
-1.778820,-0.021978,-0.017094,2.166355,0.007326,-0.573871
-1.778439,0.007328,-0.017094,2.166355,0.007326,-0.573871
-1.778820,-0.007326,-0.012210,2.166355,-0.007328,-0.573871
-1.778820,-0.021978,-0.017094,2.166355,0.021978,-0.578754
-1.778820,-0.007326,-0.017094,2.166355,0.007326,-0.578754
-1.778820,-0.007326,-0.012210,2.166355,0.007326,-0.578754
-1.778820,0.007328,-0.017094,2.166355,0.007326,-0.578754
-1.778820,-0.036631,-0.012210,2.166355,0.007326,-0.573871
-1.778820,-0.007326,-0.012210,2.166355,0.007326,-0.573871
-1.778820,0.007328,-0.017094,2.166355,0.007326,-0.578754
-1.778820,-0.007326,-0.017094,2.166737,0.021978,-0.583638
-1.778820,-0.007326,-0.012210,2.166355,0.007326,-0.578754
-1.778439,0.007328,-0.017094,2.166737,0.021978,-0.578754
-1.778820,-0.007326,-0.017094,2.166355,-0.007328,-0.573871
-1.778820,-0.007326,-0.017094,2.166355,0.021978,-0.573871
-1.778820,-0.021978,-0.017094,2.166355,0.007326,-0.573871
-1.778820,-0.007326,-0.017094,2.166355,0.007326,-0.578754
-1.778820,-0.007326,-0.017094,2.166355,-0.007328,-0.573871
-1.778820,-0.007326,-0.017094,2.166737,0.007326,-0.578754
-1.778820,0.007328,-0.017094,2.166355,0.007326,-0.578754
-1.778820,-0.007326,-0.012210,2.166355,0.021978,-0.578754
-1.778820,-0.007326,-0.012210,2.166355,0.007326,-0.573871
-1.778820,-0.021978,-0.012210,2.166355,0.021978,-0.578754
-1.778820,-0.007326,-0.012210,2.166355,0.007326,-0.573871
-1.778820,-0.007326,-0.012210,2.166355,-0.007328,-0.573871
-1.778820,-0.021978,-0.012210,2.166355,0.021978,-0.578754
-1.778820,-0.007326,-0.012210,2.166355,0.007326,-0.578754
-1.778820,-0.007326,-0.012210,2.166355,0.007326,-0.578754
-1.778820,-0.007326,-0.012210,2.166355,0.021978,-0.578754
-1.778820,-0.021978,-0.012210,2.166355,0.007326,-0.573871
-1.778820,0.007328,-0.017094,2.166355,-0.007328,-0.573871
-1.778820,-0.007326,-0.012210,2.166355,-0.007328,-0.573871
-1.778820,0.007328,-0.017094,2.166355,0.007326,-0.578754
-1.778820,0.007328,-0.017094,2.166355,0.007326,-0.578754
-1.778820,-0.021978,-0.017094,2.166355,0.007326,-0.578754
-1.778820,-0.021978,-0.017094,2.166355,0.021978,-0.578754
-1.778820,-0.007326,-0.017094,2.166355,0.007326,-0.578754
-1.778820,-0.007326,-0.017094,2.166355,0.007326,-0.578754
-1.778820,-0.007326,-0.017094,2.166355,0.007326,-0.578754
-1.778820,-0.007326,-0.017094,2.166355,0.007326,-0.573871
-1.778820,-0.007326,-0.017094,2.166355,0.007326,-0.573871
-1.778820,-0.007326,-0.012210,2.166355,0.007326,-0.573871
-1.778820,-0.007326,-0.012210,2.166355,0.007326,-0.578754
-1.778820,0.007328,-0.012210,2.166355,0.007326,-0.573871
-1.778820,-0.021978,-0.012210,2.166737,0.007326,-0.573871
-1.778820,-0.007326,-0.012210,2.166355,0.007326,-0.578754
-1.778820,-0.007326,-0.012210,2.166355,0.007326,-0.578754
-1.778439,0.007328,-0.012210,2.166355,0.007326,-0.583638
-1.778820,-0.021978,-0.017094,2.166355,0.021978,-0.578754
-1.778820,-0.007326,-0.017094,2.166355,0.007326,-0.573871
-1.778820,-0.007326,-0.017094,2.166355,0.007326,-0.578754
-1.778820,-0.007326,-0.012210,2.166355,0.007326,-0.573871
-1.778820,-0.021978,-0.012210,2.166355,0.007326,-0.573871
-1.778820,0.007328,-0.017094,2.166355,0.007326,-0.573871
-1.778820,0.007328,-0.017094,2.166355,0.007326,-0.573871
-1.778820,-0.007326,-0.012210,2.166355,0.021978,-0.578754
-1.778820,-0.007326,-0.012210,2.166355,-0.007328,-0.578754
-1.778820,-0.007326,-0.012210,2.166355,0.007326,-0.578754
-1.778820,-0.021978,-0.012210,2.166737,0.021978,-0.578754
-1.778820,-0.007326,-0.017094,2.166355,0.007326,-0.578754
-1.778820,-0.007326,-0.017094,2.166355,-0.007328,-0.578754
-1.778820,-0.007326,-0.017094,2.166355,0.007326,-0.583638
-1.778820,-0.007326,-0.012210,2.166355,0.007326,-0.578754
-1.778820,-0.007326,-0.012210,2.166355,0.007326,-0.578754
-1.778820,-0.007326,-0.012210,2.166355,0.021978,-0.578754
-1.778820,-0.007326,-0.017094,2.166355,-0.007328,-0.573871
-1.778820,-0.007326,-0.017094,2.166355,-0.007328,-0.578754
-1.778820,-0.007326,-0.017094,2.166355,0.007326,-0.578754
-1.778820,-0.021978,-0.017094,2.166355,0.021978,-0.578754
-1.778820,0.007328,-0.017094,2.166355,0.007326,-0.573871
-1.778820,-0.021978,-0.017094,2.166355,0.021978,-0.573871
-1.778820,-0.007326,-0.017094,2.166355,0.021978,-0.573871
-1.778439,-0.007326,-0.017094,2.166355,0.021978,-0.573871
-1.778820,-0.007326,-0.012210,2.166355,0.007326,-0.573871
-1.778820,-0.021978,-0.017094,2.166355,0.021978,-0.573871
-1.778820,0.007328,-0.012210,2.166355,-0.021980,-0.573871
-1.778820,-0.007326,-0.012210,2.166355,0.021978,-0.578754
-1.778820,-0.007326,-0.017094,2.166355,0.007326,-0.578754
-1.778820,0.007328,-0.012210,2.166355,0.007326,-0.578754
-1.778820,-0.021978,-0.012210,2.166355,0.007326,-0.578754
-1.778820,-0.021978,-0.017094,2.166355,0.021978,-0.573871
-1.778820,-0.007326,-0.017094,2.166355,-0.007328,-0.578754
-1.778820,0.007328,-0.017094,2.166355,0.021978,-0.578754
-1.778820,-0.007326,-0.017094,2.166355,0.021978,-0.578754
-1.778820,0.007328,-0.017094,2.166355,-0.007328,-0.578754
-1.778820,-0.007326,-0.012210,2.166737,0.021978,-0.578754
-1.778820,0.007328,-0.017094,2.166355,-0.007328,-0.578754
-1.778820,-0.007326,-0.012210,2.166355,-0.007328,-0.573871
-1.778820,-0.007326,-0.012210,2.166355,0.021978,-0.573871
-1.778820,-0.021978,-0.012210,2.166355,0.007326,-0.578754
-1.778820,-0.007326,-0.017094,2.166355,0.007326,-0.573871
-1.778820,0.007328,-0.017094,2.166355,-0.007328,-0.573871
-1.778820,-0.007326,-0.017094,2.166355,-0.007328,-0.578754
-1.778820,-0.007326,-0.017094,2.166355,0.007326,-0.578754
-1.778820,-0.007326,-0.017094,2.166355,0.007326,-0.578754
-1.778820,-0.021978,-0.017094,2.166355,0.007326,-0.573871
-1.778820,-0.007326,-0.017094,2.166355,-0.007328,-0.573871
-1.778820,0.007328,-0.017094,2.166355,0.007326,-0.578754
-1.778820,-0.007326,-0.012210,2.166355,0.007326,-0.573871
-1.778820,0.007328,-0.012210,2.166355,-0.007328,-0.573871
-1.778820,-0.007326,-0.012210,2.166355,0.007326,-0.578754
-1.778820,-0.007326,-0.012210,2.166355,-0.007328,-0.578754
-1.778820,-0.007326,-0.012210,2.166355,-0.007328,-0.578754
-1.778820,-0.007326,-0.012210,2.166355,0.007326,-0.578754
-1.778820,-0.007326,-0.012210,2.166355,0.021978,-0.578754
-1.778820,-0.021978,-0.012210,2.166355,0.007326,-0.573871
-1.778820,-0.007326,-0.012210,2.166355,-0.007328,-0.573871
-1.778820,0.007328,-0.012210,2.166737,0.021978,-0.573871
-1.778820,-0.007326,-0.012210,2.166355,0.007326,-0.573871
-1.778820,0.007328,-0.012210,2.166355,0.007326,-0.573871
-1.778820,-0.007326,-0.017094,2.166355,0.007326,-0.573871
-1.778820,-0.007326,-0.017094,2.166355,0.007326,-0.573871
-1.778820,-0.007326,-0.012210,2.166355,0.021978,-0.573871
-1.778820,-0.007326,-0.012210,2.166737,0.007326,-0.573871
-1.778820,-0.007326,-0.017094,2.166355,0.007326,-0.573871
-1.778820,-0.007326,-0.017094,2.166355,-0.007328,-0.578754
-1.778820,-0.007326,-0.017094,2.166355,-0.007328,-0.578754
-1.778820,-0.021978,-0.012210,2.166355,0.007326,-0.578754
-1.778820,-0.021978,-0.012210,2.166355,0.007326,-0.578754
-1.778820,0.007328,-0.012210,2.166355,0.007326,-0.573871
-1.778820,-0.007326,-0.017094,2.166355,0.021978,-0.573871
-1.778820,-0.007326,-0.017094,2.166355,-0.007328,-0.573871
-1.778820,-0.021978,-0.012210,2.166737,0.007326,-0.583638
-1.778820,-0.007326,-0.017094,2.166355,0.021978,-0.578754
-1.778820,-0.007326,-0.012210,2.166355,0.007326,-0.578754
-1.778820,-0.021978,-0.017094,2.166355,-0.007328,-0.578754
-1.778820,0.007328,-0.017094,2.166355,0.036631,-0.573871
-1.778820,-0.021978,-0.017094,2.166737,0.021978,-0.573871
-1.778820,-0.007326,-0.017094,2.166355,-0.007328,-0.573871
-1.778820,-0.007326,-0.017094,2.166355,0.007326,-0.578754
-1.778820,-0.007326,-0.017094,2.166355,0.007326,-0.578754
-1.778820,-0.007326,-0.017094,2.166355,0.007326,-0.573871
-1.778820,-0.007326,-0.012210,2.166737,0.036631,-0.578754
-1.778820,-0.007326,-0.012210,2.166355,0.007326,-0.573871
-1.778820,-0.007326,-0.012210,2.166355,0.007326,-0.573871
-1.778820,0.007328,-0.012210,2.166355,-0.007328,-0.573871
-1.778820,-0.007326,-0.012210,2.166355,0.007326,-0.578754
-1.778820,-0.007326,-0.012210,2.166355,-0.007328,-0.578754
-1.778820,-0.021978,-0.017094,2.166355,0.021978,-0.583638
-1.778820,0.007328,-0.017094,2.166355,0.007326,-0.573871
-1.778820,-0.007326,-0.017094,2.166355,-0.007328,-0.573871
-1.778820,-0.007326,-0.017094,2.166355,0.007326,-0.578754
-1.778820,-0.007326,-0.017094,2.166355,0.007326,-0.578754
-1.778820,-0.007326,-0.017094,2.166355,0.007326,-0.578754
-1.778820,-0.021978,-0.012210,2.166355,0.007326,-0.578754
-1.778820,-0.007326,-0.017094,2.166355,0.021978,-0.573871
-1.778820,-0.007326,-0.012210,2.166355,-0.007328,-0.573871
-1.778820,-0.007326,-0.012210,2.166355,0.021978,-0.568987
-1.778820,0.007328,-0.012210,2.166355,0.007326,-0.573871
-1.778820,-0.007326,-0.012210,2.166355,0.021978,-0.573871
-1.778820,-0.007326,-0.012210,2.166355,-0.021980,-0.578754
-1.778820,-0.007326,-0.017094,2.166355,0.007326,-0.578754
-1.778820,-0.021978,-0.012210,2.166355,0.021978,-0.573871
-1.778820,-0.007326,-0.017094,2.166355,0.021978,-0.573871
-1.778820,-0.007326,-0.017094,2.166355,0.007326,-0.578754
-1.778820,-0.007326,-0.017094,2.166355,0.007326,-0.573871
-1.778820,-0.021978,-0.012210,2.166355,0.007326,-0.573871
-1.778820,-0.007326,-0.012210,2.166355,0.007326,-0.573871
-1.778820,-0.007326,-0.012210,2.166355,0.021978,-0.578754
-1.778820,0.007328,-0.012210,2.166355,-0.007328,-0.573871
-1.778820,-0.007326,-0.012210,2.166355,0.021978,-0.578754
-1.778820,-0.007326,-0.017094,2.166355,-0.007328,-0.578754
-1.778820,-0.021978,-0.017094,2.166355,0.021978,-0.573871
-1.778820,-0.007326,-0.017094,2.166355,-0.007328,-0.573871
-1.778820,0.007328,-0.012210,2.166355,0.007326,-0.578754
-1.778820,-0.021978,-0.012210,2.166355,0.007326,-0.578754
-1.778820,-0.007326,-0.012210,2.166355,-0.007328,-0.578754
-1.778820,-0.007326,-0.017094,2.166355,-0.007328,-0.578754
-1.778820,0.007328,-0.017094,2.166355,0.007326,-0.578754
-1.778820,-0.007326,-0.017094,2.166737,0.007326,-0.583638
-1.778820,-0.007326,-0.017094,2.166355,0.007326,-0.578754
-1.778820,-0.021978,-0.012210,2.166355,0.021978,-0.578754
-1.778820,-0.007326,-0.017094,2.166355,0.007326,-0.578754
-1.778820,-0.021978,-0.017094,2.166355,0.021978,-0.573871
-1.778820,0.007328,-0.012210,2.166355,-0.007328,-0.573871
-1.778820,-0.007326,-0.012210,2.166355,0.021978,-0.573871
-1.778820,0.007328,-0.012210,2.166355,0.007326,-0.573871
-1.778820,-0.007326,-0.012210,2.166355,0.007326,-0.573871
-1.778820,-0.007326,-0.007326,2.166355,0.007326,-0.573871
-1.778820,-0.021978,-0.007326,2.166355,0.007326,-0.573871
-1.778820,0.007328,-0.007326,2.166355,0.021978,-0.578754
-1.778820,-0.007326,-0.007326,2.166355,0.007326,-0.578754
-1.778820,-0.007326,-0.002442,2.166355,-0.007328,-0.573871
-1.778820,-0.021978,-0.002442,2.166355,-0.007328,-0.573871
-1.778820,-0.007326,-0.002442,2.166355,0.007326,-0.578754
-1.778820,-0.007326,-0.002442,2.166355,0.007326,-0.573871
-1.778820,-0.007326,-0.002442,2.166355,0.007326,-0.573871
-1.778820,-0.007326,0.002442,2.166355,0.007326,-0.573871
-1.778820,0.007328,0.002442,2.166355,0.007326,-0.573871
-1.778820,-0.007326,0.002442,2.166355,-0.007328,-0.568987
-1.778820,0.007328,0.007326,2.166355,0.007326,-0.573871
-1.778820,-0.021978,0.007326,2.166355,0.007326,-0.573871
-1.778820,-0.021978,0.007326,2.166355,-0.007328,-0.573871
-1.778820,0.007328,0.007326,2.166355,0.007326,-0.578754
-1.778820,-0.007326,0.012211,2.166355,-0.007328,-0.578754
-1.778820,-0.007326,0.012211,2.166355,0.007326,-0.578754
-1.778439,0.007328,0.017095,2.166355,0.007326,-0.573871
-1.778439,0.007328,0.017095,2.166355,0.007326,-0.573871
-1.778820,-0.007326,0.021978,2.166355,0.021978,-0.573871
-1.778820,-0.007326,0.021978,2.166355,0.007326,-0.573871
-1.778820,-0.021978,0.026863,2.166355,-0.021980,-0.578754
-1.778820,-0.021978,0.031747,2.166355,-0.007328,-0.578754
-1.778820,-0.007326,0.031747,2.166355,0.007326,-0.573871
-1.778820,-0.007326,0.031747,2.166355,0.007326,-0.573871
-1.778439,-0.007326,0.036631,2.166355,0.021978,-0.573871
-1.778820,-0.007326,0.036631,2.166355,-0.007328,-0.573871
-1.778439,-0.007326,0.041514,2.166355,0.007326,-0.578754
-1.778820,-0.007326,0.046398,2.166355,0.007326,-0.578754
-1.778439,-0.007326,0.046398,2.166355,0.007326,-0.573871
-1.778439,-0.007326,0.046398,2.166355,0.007326,-0.573871
-1.778439,-0.007326,0.051283,2.166355,0.021978,-0.573871
-1.778439,-0.007326,0.056167,2.166355,0.007326,-0.578754
-1.778439,0.007328,0.056167,2.166355,0.007326,-0.573871
-1.778439,-0.007326,0.065935,2.166355,-0.007328,-0.578754
-1.778439,-0.021978,0.065935,2.166355,0.007326,-0.578754
-1.778439,0.007328,0.070819,2.166355,0.007326,-0.578754
-1.778439,-0.007326,0.075703,2.166737,0.021978,-0.578754
-1.778439,0.007328,0.080586,2.166355,-0.007328,-0.578754
-1.778439,-0.021978,0.085470,2.166355,0.021978,-0.578754
-1.778439,0.007328,0.085470,2.166355,0.007326,-0.578754
-1.778439,-0.007326,0.090355,2.166355,-0.007328,-0.578754
-1.778439,0.007328,0.095239,2.166355,0.021978,-0.578754
-1.778439,0.007328,0.100122,2.166355,-0.007328,-0.573871
-1.778439,-0.007326,0.100122,2.166355,0.007326,-0.578754
-1.778439,-0.007326,0.105007,2.166355,0.021978,-0.578754
-1.778439,-0.007326,0.109891,2.166355,0.021978,-0.578754
-1.778439,0.007328,0.114775,2.166355,0.007326,-0.578754
-1.778439,-0.007326,0.114775,2.166355,0.021978,-0.578754
-1.778439,-0.007326,0.119658,2.166355,0.007326,-0.573871
-1.778439,-0.021978,0.119658,2.166355,0.007326,-0.573871
-1.778439,-0.007326,0.124542,2.166355,0.021978,-0.573871
-1.778057,0.007328,0.124542,2.166355,0.007326,-0.573871
-1.778439,-0.007326,0.129427,2.166355,0.007326,-0.578754
-1.778439,-0.007326,0.129427,2.166355,0.007326,-0.578754
-1.778439,-0.007326,0.129427,2.166355,0.007326,-0.578754
-1.778439,-0.007326,0.134311,2.166355,0.007326,-0.578754
-1.778057,-0.007326,0.134311,2.166355,0.007326,-0.578754
-1.778057,-0.021978,0.139194,2.166355,0.007326,-0.578754
-1.778057,-0.007326,0.139194,2.166355,0.021978,-0.578754
-1.778057,-0.021978,0.139194,2.166355,0.007326,-0.578754
-1.778057,0.007328,0.139194,2.166355,0.007326,-0.578754
-1.778057,-0.007326,0.144079,2.166355,0.007326,-0.578754
-1.778057,-0.007326,0.144079,2.166737,0.021978,-0.578754
-1.778057,-0.007326,0.139194,2.166355,0.021978,-0.578754
-1.778057,0.007328,0.139194,2.166355,0.007326,-0.573871
-1.778057,-0.007326,0.139194,2.166355,0.007326,-0.573871
-1.778057,-0.007326,0.139194,2.166355,0.007326,-0.573871
-1.778057,-0.007326,0.144079,2.166355,0.021978,-0.578754
-1.778057,-0.021978,0.144079,2.166737,0.007326,-0.578754
-1.778057,0.007328,0.139194,2.166355,-0.007328,-0.573871
-1.778057,0.007328,0.139194,2.166355,0.021978,-0.578754
-1.778057,-0.007326,0.139194,2.166355,-0.007328,-0.578754
-1.778057,-0.021978,0.139194,2.166355,0.007326,-0.578754
-1.778057,-0.007326,0.134311,2.166355,-0.007328,-0.578754
-1.778057,-0.007326,0.129427,2.166355,0.007326,-0.583638
-1.778057,-0.021978,0.129427,2.166355,0.007326,-0.578754
-1.778057,0.007328,0.129427,2.166355,-0.007328,-0.573871
-1.778057,-0.007326,0.124542,2.166355,0.021978,-0.573871
-1.778439,-0.021978,0.119658,2.166355,-0.007328,-0.573871
-1.778057,-0.007326,0.114775,2.166355,0.007326,-0.573871
-1.778057,-0.021978,0.109891,2.166355,0.007326,-0.578754
-1.778057,-0.007326,0.105007,2.166355,-0.007328,-0.573871
-1.778057,-0.007326,0.100122,2.166355,0.007326,-0.578754
-1.778057,0.007328,0.095239,2.166355,0.007326,-0.578754
-1.778439,-0.021978,0.090355,2.166737,0.007326,-0.578754
-1.778057,-0.007326,0.085470,2.166355,0.007326,-0.578754
-1.778439,-0.021978,0.080586,2.166355,0.007326,-0.578754
-1.778439,-0.021978,0.075703,2.166355,-0.007328,-0.578754
-1.778439,-0.007326,0.070819,2.166355,0.021978,-0.583638
-1.778439,-0.007326,0.065935,2.166737,0.007326,-0.578754
-1.778057,-0.007326,0.056167,2.166355,0.007326,-0.578754
-1.778439,-0.007326,0.051283,2.166737,0.007326,-0.578754
-1.778439,-0.007326,0.041514,2.166355,0.007326,-0.578754
-1.778439,-0.007326,0.036631,2.166355,0.007326,-0.578754
-1.778439,-0.007326,0.031747,2.166355,0.007326,-0.578754
-1.778439,-0.007326,0.026863,2.166355,0.007326,-0.568987
-1.778439,-0.021978,0.017095,2.166355,0.007326,-0.573871
-1.778439,-0.007326,0.007326,2.166355,0.007326,-0.578754
-1.778439,-0.007326,-0.007326,2.166355,-0.007328,-0.578754
-1.778820,-0.021978,-0.017094,2.166737,0.021978,-0.583638
-1.778820,-0.021978,-0.021978,2.166355,-0.007328,-0.578754
-1.778820,-0.036631,-0.031746,2.166355,0.007326,-0.578754
-1.778820,-0.021978,-0.041514,2.166355,0.007326,-0.578754
-1.778820,0.007328,-0.051282,2.166355,-0.007328,-0.578754
-1.778820,-0.021978,-0.061050,2.166355,0.007326,-0.578754
-1.778820,-0.021978,-0.070818,2.166355,0.007326,-0.578754
-1.778820,-0.007326,-0.080586,2.166355,0.007326,-0.573871
-1.778820,-0.021978,-0.095238,2.166355,0.007326,-0.573871
-1.778820,-0.021978,-0.109890,2.166355,0.007326,-0.573871
-1.778820,-0.021978,-0.119658,2.166355,0.007326,-0.573871
-1.778820,-0.007326,-0.134310,2.166355,0.007326,-0.573871
-1.779202,-0.021978,-0.144078,2.166355,-0.007328,-0.573871
-1.779202,-0.021978,-0.153846,2.166355,0.007326,-0.573871
-1.779202,-0.007326,-0.163614,2.166355,-0.007328,-0.573871
-1.779202,-0.036631,-0.178267,2.166355,-0.007328,-0.573871
-1.779583,-0.021978,-0.188034,2.166737,0.007326,-0.573871
-1.779583,-0.007326,-0.197803,2.166737,0.021978,-0.578754
-1.779583,-0.036631,-0.207570,2.166355,0.021978,-0.578754
-1.779583,-0.036631,-0.217339,2.166355,0.021978,-0.573871
-1.779583,-0.021978,-0.227106,2.166355,0.007326,-0.568987
-1.779964,-0.036631,-0.236875,2.166355,0.007326,-0.573871
-1.779964,-0.036631,-0.246642,2.166737,-0.007328,-0.578754
-1.780346,-0.036631,-0.251526,2.166355,0.007326,-0.578754
-1.780346,-0.051283,-0.261294,2.166355,-0.007328,-0.578754
-1.780346,-0.036631,-0.266178,2.166355,0.007326,-0.583638
-1.780727,-0.065933,-0.266178,2.166355,0.007326,-0.583638
-1.781109,-0.080585,-0.271062,2.166355,-0.007328,-0.578754
-1.781490,-0.109890,-0.275947,2.166355,0.007326,-0.578754
-1.782253,-0.168499,-0.280830,2.166355,0.007326,-0.573871
-1.782635,-0.139194,-0.295483,2.166355,0.007326,-0.573871
-1.783016,-0.080585,-0.305250,2.166355,0.007326,-0.573871
-1.783398,-0.095238,-0.300366,2.166355,0.007326,-0.568987
-1.783779,-0.124542,-0.290598,2.166355,-0.007328,-0.573871
-1.784924,-0.212454,-0.280830,2.166355,0.007326,-0.573871
-1.786449,-0.285715,-0.271062,2.166355,-0.007328,-0.573871
-1.787594,-0.300365,-0.300366,2.166737,0.021978,-0.578754
-1.788357,-0.227106,-0.305250,2.166355,0.007326,-0.578754
-1.789501,-0.315018,-0.275947,2.166355,0.021978,-0.578754
-1.791409,-0.358974,-0.285714,2.166355,0.007326,-0.578754
-1.792934,-0.388279,-0.295483,2.166355,0.007326,-0.573871
-1.794842,-0.476191,-0.275947,2.166355,0.021978,-0.573871
-1.797132,-0.505495,-0.271062,2.166355,-0.021980,-0.578754
-1.799420,-0.549450,-0.280830,2.166737,0.021978,-0.583638
-1.801328,-0.534798,-0.285714,2.166355,0.007326,-0.578754
-1.803617,-0.549450,-0.275947,2.166355,0.007326,-0.578754
-1.805905,-0.593407,-0.261294,2.166355,0.007326,-0.578754
-1.808576,-0.608059,-0.271062,2.166355,0.007326,-0.578754
-1.811246,-0.608059,-0.271062,2.166355,0.007326,-0.578754
-1.813916,-0.652014,-0.246642,2.166355,-0.007328,-0.573871
-1.816968,-0.754580,-0.231990,2.166355,-0.007328,-0.573871
-1.820020,-0.739927,-0.241758,2.166355,0.007326,-0.573871
-1.823071,-0.739927,-0.236875,2.166355,0.007326,-0.578754
-1.826123,-0.769230,-0.231990,2.166355,0.021978,-0.578754
-1.829175,-0.739927,-0.231990,2.166355,0.007326,-0.573871
-1.831845,-0.739927,-0.212454,2.166355,0.007326,-0.573871
-1.834897,-0.783882,-0.202686,2.166355,0.007326,-0.578754
-1.837949,-0.739927,-0.202686,2.166355,0.021978,-0.578754
-1.841001,-0.769230,-0.173382,2.166737,0.007326,-0.578754
-1.844435,-0.813187,-0.163614,2.166737,0.021978,-0.583638
-1.847486,-0.827839,-0.163614,2.166737,0.007326,-0.578754
-1.850538,-0.769230,-0.153846,2.166355,0.007326,-0.583638
-1.853590,-0.739927,-0.158731,2.166355,0.007326,-0.583638
-1.856260,-0.695971,-0.148962,2.166355,-0.007328,-0.578754
-1.858931,-0.725275,-0.124542,2.166355,0.007326,-0.578754
-1.861601,-0.666666,-0.119658,2.166355,0.007326,-0.578754
-1.863508,-0.578754,-0.119658,2.166355,0.007326,-0.578754
-1.865797,-0.564102,-0.090354,2.166355,0.021978,-0.578754
-1.868467,-0.622711,-0.061050,2.166355,0.021978,-0.573871
-1.871138,-0.622711,-0.061050,2.166355,-0.007328,-0.573871
-1.873045,-0.549450,-0.056166,2.166355,-0.007328,-0.578754
-1.874952,-0.534798,-0.046398,2.166355,0.007326,-0.578754
-1.876860,-0.520147,-0.031746,2.166355,0.007326,-0.583638
-1.878767,-0.490843,-0.031746,2.166355,0.007326,-0.578754
-1.879911,-0.358974,-0.031746,2.166355,0.007326,-0.578754
-1.881437,-0.358974,-0.021978,2.166355,0.007326,-0.573871
-1.881819,-0.212454,-0.007326,2.166355,-0.007328,-0.573871
-1.882582,-0.197802,0.012211,2.166355,0.007326,-0.583638
-1.883726,-0.227106,0.036631,2.166355,0.007326,-0.583638
-1.884489,-0.227106,0.046398,2.166355,0.007326,-0.578754
-1.884489,-0.065933,0.051283,2.166737,0.007326,-0.573871
-1.884489,-0.036631,0.070819,2.166355,-0.007328,-0.573871
-1.884489,-0.021978,0.095239,2.166355,0.007326,-0.578754
-1.884108,0.021980,0.114775,2.166355,0.007326,-0.578754
-1.884108,0.021980,0.139194,2.166355,0.007326,-0.578754
-1.883726,0.065935,0.153847,2.166355,0.007326,-0.573871
-1.883345,0.080587,0.163614,2.166355,0.021978,-0.578754
-1.882963,0.080587,0.173383,2.166355,-0.007328,-0.578754
-1.882200,0.153849,0.178267,2.166355,0.021978,-0.578754
-1.881437,0.183151,0.188035,2.166355,-0.007328,-0.578754
-1.880293,0.227108,0.207571,2.166355,0.007326,-0.583638
-1.879530,0.168499,0.236875,2.166355,-0.007328,-0.578754
-1.879148,0.139196,0.236875,2.166355,0.007326,-0.573871
-1.878004,0.212456,0.222223,2.166355,0.007326,-0.578754
-1.876478,0.315020,0.227107,2.166355,0.021978,-0.578754
-1.875715,0.285717,0.266179,2.166355,0.007326,-0.583638
-1.874571,0.256413,0.271063,2.166355,0.007326,-0.578754
-1.873045,0.344324,0.251527,2.166355,0.007326,-0.583638
-1.871519,0.344324,0.261295,2.166355,0.007326,-0.583638
-1.869612,0.402931,0.256411,2.166355,-0.007328,-0.578754
-1.867704,0.446888,0.275947,2.166355,-0.007328,-0.578754
-1.866179,0.432236,0.280830,2.166355,0.021978,-0.583638
-1.863890,0.461540,0.280830,2.166355,0.021978,-0.578754
-1.861982,0.520149,0.261295,2.166355,0.007326,-0.578754
-1.859312,0.593409,0.261295,2.166355,0.021978,-0.578754
-1.856260,0.622713,0.285715,2.166355,0.021978,-0.578754
-1.853971,0.622713,0.285715,2.166355,0.007326,-0.573871
-1.851301,0.666668,0.275947,2.166737,0.007326,-0.573871
-1.847868,0.725277,0.275947,2.166355,-0.007328,-0.573871
-1.844816,0.739929,0.275947,2.166355,0.007326,-0.578754
-1.841763,0.769232,0.261295,2.166355,0.021978,-0.583638
-1.838330,0.813189,0.266179,2.166355,-0.007328,-0.578754
-1.834897,0.842493,0.256411,2.166355,0.007326,-0.583638
-1.831464,0.857145,0.251527,2.166355,-0.007328,-0.583638
-1.828031,0.857145,0.261295,2.166355,0.007326,-0.583638
-1.824597,0.857145,0.246643,2.166355,0.021978,-0.583638
-1.821164,0.842493,0.246643,2.166737,0.007326,-0.583638
-1.817731,0.857145,0.231991,2.166355,0.021978,-0.578754
-1.813916,0.915752,0.207571,2.166355,0.007326,-0.578754
-1.809720,0.974361,0.197803,2.166355,0.007326,-0.583638
-1.805905,0.989014,0.188035,2.166737,-0.007328,-0.583638
-1.802091,0.930405,0.202686,2.166355,-0.007328,-0.583638
-1.798657,0.901100,0.202686,2.166355,0.007326,-0.578754
-1.795223,0.842493,0.192919,2.166355,0.021978,-0.578754
-1.792171,0.798536,0.168499,2.166355,0.007326,-0.573871
-1.788738,0.827841,0.139194,2.166355,0.007326,-0.573871
-1.785305,0.857145,0.124542,2.166355,0.021978,-0.573871
-1.781490,0.901100,0.100122,2.166355,0.007326,-0.573871
-1.777676,0.915752,0.095239,2.166355,0.007326,-0.573871
-1.775005,0.798536,0.105007,2.166355,0.007326,-0.573871
-1.772335,0.710625,0.100122,2.166355,0.021978,-0.568987
-1.769665,0.637363,0.090355,2.166355,0.021978,-0.568987
-1.767376,0.578756,0.065935,2.166355,-0.007328,-0.568987
-1.765087,0.578756,0.046398,2.166355,-0.007328,-0.573871
-1.762417,0.637363,0.021978,2.166737,0.036631,-0.573871
-1.759747,0.593409,0.017095,2.166355,-0.007328,-0.573871
-1.757839,0.534800,0.012211,2.166355,-0.007328,-0.573871
-1.755932,0.549452,-0.002442,2.166355,0.007326,-0.573871
-1.754025,0.490845,-0.012210,2.166355,0.036631,-0.578754
-1.752499,0.388281,-0.021978,2.166355,0.007326,-0.573871
-1.752117,0.241760,-0.026862,2.166355,0.007326,-0.568987
-1.751736,0.124544,-0.041514,2.166355,0.007326,-0.573871
-1.751354,0.080587,-0.065934,2.166737,0.021978,-0.573871
-1.751354,0.065935,-0.090354,2.166355,0.021978,-0.573871
-1.751354,-0.007326,-0.105006,2.166355,0.007326,-0.578754
-1.751736,-0.065933,-0.129426,2.166355,0.007326,-0.578754
-1.752499,-0.139194,-0.153846,2.166355,0.021978,-0.578754
-1.752880,-0.153847,-0.178267,2.166355,0.036631,-0.578754
-1.753643,-0.124542,-0.197803,2.166355,-0.007328,-0.578754
-1.754406,-0.168499,-0.212454,2.166355,0.007326,-0.578754
-1.755169,-0.241758,-0.212454,2.166355,0.021978,-0.578754
-1.756695,-0.285715,-0.227106,2.166355,-0.007328,-0.578754
-1.757458,-0.256411,-0.261294,2.166355,0.021978,-0.578754
-1.758221,-0.212454,-0.261294,2.166355,0.007326,-0.573871
-1.759747,-0.300365,-0.241758,2.166355,-0.007328,-0.573871
-1.761654,-0.388279,-0.246642,2.166355,0.021978,-0.578754
-1.763180,-0.446886,-0.266178,2.166355,-0.007328,-0.578754
-1.765087,-0.446886,-0.285714,2.166355,0.007326,-0.583638
-1.766613,-0.373627,-0.295483,2.166355,0.007326,-0.578754
-1.768520,-0.461538,-0.275947,2.166355,0.021978,-0.583638
-1.770809,-0.549450,-0.271062,2.166355,0.007326,-0.578754
-1.773479,-0.593407,-0.285714,2.166355,0.021978,-0.578754
-1.775768,-0.578754,-0.295483,2.166355,0.007326,-0.578754
-1.778439,-0.637363,-0.290598,2.166355,0.007326,-0.578754
-1.781109,-0.666666,-0.290598,2.166355,0.007326,-0.578754
-1.783398,-0.637363,-0.295483,2.166355,0.007326,-0.573871
-1.786068,-0.652014,-0.285714,2.166355,-0.007328,-0.568987
-1.789501,-0.754580,-0.261294,2.166355,0.007326,-0.564102
-1.792934,-0.827839,-0.266178,2.166355,0.007326,-0.568987
-1.796369,-0.857143,-0.261294,2.166355,0.007326,-0.564102
-1.800183,-0.930403,-0.261294,2.166355,0.007326,-0.564102
-1.803617,-0.886446,-0.266178,2.166355,0.007326,-0.573871
-1.807431,-0.945055,-0.256411,2.166355,0.007326,-0.573871
-1.810864,-0.901098,-0.251526,2.166355,0.007326,-0.573871
-1.814679,-0.945055,-0.227106,2.166355,0.007326,-0.578754
-1.818875,-1.003662,-0.207570,2.166737,0.021978,-0.578754
-1.823071,-1.032967,-0.197803,2.166355,0.007326,-0.573871
-1.827268,-1.032967,-0.207570,2.166355,0.021978,-0.578754
-1.830701,-0.930403,-0.207570,2.166355,0.007326,-0.573871
-1.834516,-0.915751,-0.188034,2.166355,0.007326,-0.573871
-1.837567,-0.886446,-0.178267,2.166355,0.007326,-0.573871
-1.841001,-0.871796,-0.148962,2.166355,0.007326,-0.573871
-1.844816,-0.915751,-0.124542,2.166737,0.007326,-0.573871
-1.848249,-0.901098,-0.105006,2.166355,-0.007328,-0.568987
-1.852064,-0.945055,-0.090354,2.166355,0.007326,-0.573871
-1.855497,-0.886446,-0.090354,2.166355,0.021978,-0.578754
-1.858549,-0.813187,-0.080586,2.166355,0.007326,-0.573871
-1.861219,-0.725275,-0.075702,2.166355,0.007326,-0.583638
-1.863890,-0.637363,-0.065934,2.166355,0.007326,-0.583638
-1.866179,-0.666666,-0.036630,2.166355,0.007326,-0.583638
-1.869612,-0.739927,-0.012210,2.166355,0.007326,-0.578754
-1.871901,-0.666666,-0.007326,2.166355,-0.007328,-0.578754
-1.873808,-0.549450,-0.002442,2.166355,0.021978,-0.573871
-1.875334,-0.476191,0.007326,2.166355,0.007326,-0.573871
-1.877241,-0.490843,0.031747,2.166355,0.007326,-0.573871
-1.878386,-0.388279,0.036631,2.166355,-0.007328,-0.573871
-1.879148,-0.227106,0.051283,2.166355,0.007326,-0.583638
-1.879530,-0.197802,0.090355,2.166355,0.007326,-0.578754
-1.880674,-0.197802,0.119658,2.166355,-0.007328,-0.578754
-1.880674,-0.109890,0.124542,2.166355,0.021978,-0.583638
-1.880674,-0.021978,0.144079,2.166355,0.007326,-0.578754
-1.880293,0.007328,0.173383,2.166355,0.007326,-0.578754
-1.880293,0.036633,0.188035,2.166355,0.007326,-0.578754
-1.879530,0.080587,0.197803,2.166355,0.007326,-0.583638
-1.879148,0.109892,0.212455,2.166355,0.021978,-0.583638
-1.878004,0.212456,0.217339,2.166355,-0.007328,-0.578754
-1.876860,0.256413,0.236875,2.166355,0.021978,-0.583638
-1.876097,0.212456,0.271063,2.166737,0.021978,-0.578754
-1.875334,0.212456,0.271063,2.166355,-0.007328,-0.573871
-1.873808,0.285717,0.251527,2.166737,0.021978,-0.573871
-1.872282,0.358976,0.261295,2.166355,0.007326,-0.573871
-1.870375,0.402931,0.266179,2.166355,-0.007328,-0.573871
-1.868467,0.461540,0.275947,2.166355,0.007326,-0.573871
-1.866941,0.417583,0.290599,2.166355,-0.007328,-0.573871
-1.865034,0.446888,0.285715,2.166355,0.007326,-0.568987
-1.862745,0.505497,0.271063,2.166355,-0.007328,-0.568987
-1.860075,0.593409,0.261295,2.166355,0.007326,-0.573871
-1.857405,0.652016,0.271063,2.166355,0.007326,-0.573871
-1.855116,0.593409,0.285715,2.166355,0.021978,-0.578754
-1.852827,0.622713,0.266179,2.166355,0.007326,-0.573871
-1.849775,0.695972,0.251527,2.166355,-0.007328,-0.573871
-1.847105,0.666668,0.251527,2.166355,0.007326,-0.578754
-1.844052,0.710625,0.241758,2.166355,0.007326,-0.573871
-1.840619,0.769232,0.231991,2.166355,-0.007328,-0.578754
-1.837567,0.783884,0.227107,2.166355,0.007326,-0.578754
-1.834516,0.813189,0.202686,2.166355,0.007326,-0.578754
-1.830701,0.842493,0.197803,2.166355,-0.007328,-0.578754
-1.827649,0.813189,0.197803,2.166355,0.007326,-0.578754
-1.824597,0.783884,0.183151,2.166737,0.021978,-0.573871
-1.821546,0.769232,0.173383,2.166355,-0.007328,-0.573871
-1.818494,0.739929,0.158731,2.166355,0.007326,-0.578754
-1.815442,0.754581,0.134311,2.166355,-0.007328,-0.578754
-1.812390,0.754581,0.109891,2.166355,0.007326,-0.578754
-1.809339,0.739929,0.095239,2.166355,0.007326,-0.578754
-1.806287,0.769232,0.070819,2.166737,0.021978,-0.583638
-1.803235,0.739929,0.070819,2.166355,0.021978,-0.583638
-1.800946,0.666668,0.065935,2.166355,0.007326,-0.583638
-1.799039,0.564104,0.056167,2.166355,0.007326,-0.583638
-1.797132,0.505497,0.041514,2.166355,0.007326,-0.578754
-1.795223,0.432236,0.031747,2.166355,0.007326,-0.578754
-1.793316,0.476192,0.007326,2.166737,0.007326,-0.573871
-1.791790,0.446888,-0.012210,2.166355,0.007326,-0.578754
-1.790264,0.402931,-0.031746,2.166355,0.007326,-0.573871
-1.789501,0.285717,-0.041514,2.166355,0.007326,-0.578754
-1.789501,0.095240,-0.051282,2.166355,0.007326,-0.573871
-1.789501,0.051285,-0.080586,2.166355,0.007326,-0.573871
-1.789501,0.007328,-0.109890,2.166355,0.007326,-0.573871
-1.789501,-0.065933,-0.129426,2.166355,0.007326,-0.573871
-1.790264,-0.109890,-0.158731,2.166355,0.007326,-0.573871
-1.790646,-0.124542,-0.188034,2.166355,0.007326,-0.573871
-1.791409,-0.153847,-0.207570,2.166355,0.007326,-0.573871
-1.792171,-0.212454,-0.212454,2.166355,0.007326,-0.573871
-1.793697,-0.315018,-0.207570,2.166355,0.007326,-0.568987
-1.795606,-0.388279,-0.231990,2.166355,0.007326,-0.573871
-1.797132,-0.388279,-0.246642,2.166355,0.007326,-0.578754
-1.798657,-0.432234,-0.261294,2.166355,-0.007328,-0.573871
-1.800565,-0.417582,-0.285714,2.166355,0.007326,-0.573871
-1.802472,-0.476191,-0.275947,2.166355,0.007326,-0.573871
-1.804379,-0.505495,-0.271062,2.166355,0.007326,-0.573871
-1.807050,-0.564102,-0.275947,2.166355,-0.007328,-0.573871
-1.809339,-0.608059,-0.290598,2.166737,0.021978,-0.573871
-1.811627,-0.608059,-0.295483,2.166355,0.007326,-0.564102
-1.814679,-0.681318,-0.280830,2.166355,0.007326,-0.573871
-1.817731,-0.754580,-0.275947,2.166355,0.021978,-0.573871
-1.820401,-0.739927,-0.285714,2.166355,-0.007328,-0.573871
-1.823834,-0.754580,-0.275947,2.166355,0.007326,-0.578754
-1.826886,-0.769230,-0.280830,2.166355,0.007326,-0.573871
-1.829938,-0.783882,-0.275947,2.166355,0.007326,-0.573871
-1.833371,-0.827839,-0.251526,2.166355,0.007326,-0.568987
-1.836804,-0.857143,-0.246642,2.166355,0.007326,-0.573871
-1.840238,-0.871796,-0.227106,2.166355,-0.007328,-0.573871
-1.844052,-0.915751,-0.207570,2.166355,0.021978,-0.578754
-1.848249,-0.959707,-0.197803,2.166737,0.021978,-0.578754
-1.852064,-0.974360,-0.192918,2.166355,0.007326,-0.573871
-1.855879,-0.945055,-0.192918,2.166355,0.007326,-0.573871
-1.859694,-0.959707,-0.173382,2.166737,0.007326,-0.578754
-1.862745,-0.901098,-0.158731,2.166355,0.007326,-0.573871
-1.866179,-0.857143,-0.144078,2.166355,0.021978,-0.578754
-1.869612,-0.871796,-0.114774,2.166355,0.007326,-0.578754
-1.873045,-0.827839,-0.100122,2.166355,0.036631,-0.578754
-1.876478,-0.842491,-0.070818,2.166355,0.021978,-0.573871
-1.879911,-0.857143,-0.061050,2.166355,0.007326,-0.573871
-1.882582,-0.798534,-0.051282,2.166355,0.007326,-0.573871
-1.885633,-0.783882,-0.036630,2.166355,0.007326,-0.573871
-1.888304,-0.666666,-0.031746,2.166355,-0.007328,-0.573871
-1.890211,-0.578754,-0.021978,2.166355,0.007326,-0.573871
-1.892118,-0.549450,-0.002442,2.166355,-0.007328,-0.573871
-1.894407,-0.549450,0.017095,2.166355,0.007326,-0.578754
-1.896315,-0.490843,0.036631,2.166355,0.007326,-0.578754
-1.897078,-0.315018,0.046398,2.166355,0.007326,-0.578754
-1.897459,-0.183149,0.070819,2.166355,0.007326,-0.578754
-1.897840,-0.153847,0.109891,2.166355,0.036631,-0.578754
-1.898222,-0.124542,0.144079,2.166355,0.007326,-0.578754
-1.898222,-0.051283,0.158731,2.166737,0.007326,-0.578754
-1.897840,0.036633,0.173383,2.166355,-0.007328,-0.578754
-1.897459,0.109892,0.188035,2.166355,0.007326,-0.578754
-1.896315,0.183151,0.202686,2.166355,0.007326,-0.578754
-1.895170,0.241760,0.231991,2.166355,0.021978,-0.578754
-1.894407,0.212456,0.251527,2.166355,0.007326,-0.578754
-1.892881,0.285717,0.236875,2.166355,-0.007328,-0.578754
-1.890974,0.402931,0.246643,2.166355,-0.007328,-0.583638
-1.889067,0.446888,0.261295,2.166355,0.007326,-0.583638
-1.887159,0.505497,0.271063,2.166355,0.007326,-0.583638
-1.885252,0.461540,0.280830,2.166355,-0.007328,-0.578754
-1.883345,0.476192,0.290599,2.166355,0.007326,-0.573871
-1.881056,0.520149,0.280830,2.166355,0.021978,-0.573871
-1.878386,0.593409,0.266179,2.166355,-0.007328,-0.573871
-1.875715,0.637363,0.271063,2.166355,-0.021980,-0.578754
-1.873045,0.637363,0.271063,2.166355,0.007326,-0.578754
-1.870375,0.652016,0.256411,2.166355,0.007326,-0.573871
-1.867323,0.739929,0.251527,2.166355,0.007326,-0.573871
-1.864653,0.710625,0.246643,2.166355,0.007326,-0.573871
-1.861601,0.725277,0.231991,2.166355,0.021978,-0.573871
-1.858549,0.769232,0.217339,2.166355,-0.007328,-0.578754
-1.855497,0.739929,0.222223,2.166355,0.007326,-0.573871
-1.852446,0.739929,0.197803,2.166355,0.007326,-0.573871
-1.849394,0.754581,0.173383,2.166355,-0.007328,-0.578754
-1.846724,0.754581,0.163614,2.166355,0.021978,-0.578754
-1.843671,0.739929,0.148963,2.166355,0.007326,-0.578754
-1.840619,0.725277,0.129427,2.166355,-0.007328,-0.578754
-1.837949,0.754581,0.114775,2.166355,0.021978,-0.573871
-1.834897,0.739929,0.080586,2.166355,0.007326,-0.573871
-1.832227,0.725277,0.065935,2.166355,0.007326,-0.573871
-1.829556,0.652016,0.061050,2.166737,0.021978,-0.573871
-1.827268,0.593409,0.046398,2.166355,0.007326,-0.573871
-1.824979,0.564104,0.026863,2.166355,0.021978,-0.578754
-1.822690,0.564104,0.017095,2.166355,0.007326,-0.578754
-1.821546,0.432236,0.007326,2.166355,0.007326,-0.573871
-1.819638,0.402931,-0.017094,2.166355,0.007326,-0.578754
-1.818494,0.358976,-0.036630,2.166355,-0.007328,-0.578754
-1.817349,0.329672,-0.070818,2.166355,0.007326,-0.578754
-1.816205,0.271065,-0.090354,2.166355,0.007326,-0.573871
-1.816205,0.124544,-0.095238,2.166355,0.021978,-0.578754
-1.816586,0.007328,-0.129426,2.166355,0.007326,-0.573871
-1.816586,-0.007326,-0.168498,2.166355,0.007326,-0.578754
-1.816968,-0.051283,-0.192918,2.166355,-0.007328,-0.578754
-1.817349,-0.095238,-0.212454,2.166355,0.021978,-0.578754
-1.817731,-0.124542,-0.227106,2.166355,0.021978,-0.573871
-1.818494,-0.183149,-0.231990,2.166355,0.007326,-0.573871
-1.820020,-0.300365,-0.231990,2.166737,0.007326,-0.573871
-1.821927,-0.388279,-0.256411,2.166355,0.007326,-0.573871
-1.823453,-0.388279,-0.271062,2.166737,0.021978,-0.573871
-1.824979,-0.432234,-0.290598,2.166737,0.007326,-0.573871
-1.826886,-0.417582,-0.300366,2.166355,0.007326,-0.573871
-1.828794,-0.476191,-0.280830,2.166355,0.007326,-0.578754
-1.831082,-0.520147,-0.271062,2.166355,0.036631,-0.583638
-1.833753,-0.608059,-0.280830,2.166355,0.021978,-0.573871
-1.835660,-0.564102,-0.290598,2.166355,0.007326,-0.573871
-1.838330,-0.578754,-0.285714,2.166355,0.007326,-0.573871
-1.841382,-0.681318,-0.261294,2.166355,0.007326,-0.573871
-1.844435,-0.769230,-0.251526,2.166355,-0.007328,-0.578754
-1.847486,-0.769230,-0.251526,2.166355,0.007326,-0.578754
-1.850538,-0.783882,-0.241758,2.166355,0.007326,-0.573871
-1.853590,-0.769230,-0.236875,2.166355,0.007326,-0.573871
-1.856642,-0.769230,-0.222222,2.166355,-0.007328,-0.573871
-1.860075,-0.827839,-0.197803,2.166355,0.007326,-0.573871
-1.862745,-0.798534,-0.183150,2.166355,0.007326,-0.573871
-1.865797,-0.769230,-0.163614,2.166355,0.007326,-0.578754
-1.869230,-0.813187,-0.134310,2.166355,0.021978,-0.578754
-1.872663,-0.813187,-0.124542,2.166355,-0.007328,-0.578754
-1.876097,-0.827839,-0.100122,2.166355,0.007326,-0.578754
-1.879148,-0.798534,-0.090354,2.166355,0.007326,-0.573871
-1.881819,-0.739927,-0.080586,2.166355,0.007326,-0.573871
-1.884108,-0.666666,-0.056166,2.166355,0.007326,-0.573871
-1.886396,-0.608059,-0.046398,2.166355,0.021978,-0.568987
-1.888304,-0.505495,-0.036630,2.166355,-0.007328,-0.568987
-1.890211,-0.490843,-0.021978,2.166355,0.021978,-0.573871
-1.891737,-0.476191,0.007326,2.166355,0.007326,-0.573871
-1.894026,-0.490843,0.031747,2.166355,-0.007328,-0.573871
-1.894789,-0.358974,0.051283,2.166355,-0.007328,-0.573871
-1.895933,-0.300365,0.080586,2.166355,-0.007328,-0.573871
-1.896315,-0.168499,0.095239,2.166737,0.007326,-0.578754
-1.896315,-0.065933,0.119658,2.166355,-0.007328,-0.578754
-1.895933,-0.007326,0.163614,2.166355,0.021978,-0.583638
-1.895933,0.036633,0.188035,2.166355,0.007326,-0.578754
-1.895552,0.065935,0.207571,2.166355,0.007326,-0.583638
-1.894789,0.124544,0.222223,2.166355,0.021978,-0.578754
-1.894026,0.168499,0.227107,2.166355,-0.007328,-0.583638
-1.892500,0.285717,0.227107,2.166355,0.007326,-0.578754
-1.890974,0.329672,0.261295,2.166355,-0.007328,-0.578754
-1.889448,0.344324,0.266179,2.166355,0.007326,-0.578754
-1.887159,0.461540,0.266179,2.166355,0.021978,-0.578754
-1.885633,0.432236,0.280830,2.166355,0.007326,-0.573871
-1.883726,0.461540,0.285715,2.166355,0.021978,-0.573871
-1.881819,0.446888,0.285715,2.166355,0.007326,-0.573871
-1.879530,0.564104,0.256411,2.166355,0.007326,-0.578754
-1.876860,0.578756,0.256411,2.166355,-0.007328,-0.578754
-1.874571,0.608061,0.266179,2.166355,0.007326,-0.573871
-1.871901,0.622713,0.251527,2.166355,0.007326,-0.573871
-1.869230,0.637363,0.231991,2.166355,0.021978,-0.578754
-1.866941,0.637363,0.231991,2.166355,0.007326,-0.573871
-1.864271,0.637363,0.222223,2.166355,-0.007328,-0.573871
-1.861601,0.637363,0.188035,2.166737,0.007326,-0.578754
-1.858549,0.710625,0.173383,2.166355,0.007326,-0.583638
-1.855879,0.666668,0.173383,2.166737,0.007326,-0.583638
-1.853209,0.666668,0.148963,2.166355,-0.007328,-0.578754
-1.850538,0.652016,0.119658,2.166355,0.007326,-0.578754
-1.848249,0.637363,0.109891,2.166355,-0.007328,-0.573871
-1.846342,0.534800,0.095239,2.166355,0.007326,-0.573871
-1.844435,0.490845,0.065935,2.166355,0.007326,-0.578754
-1.841763,0.564104,0.036631,2.166355,0.007326,-0.578754
-1.839475,0.534800,0.021978,2.166355,0.007326,-0.578754
-1.837567,0.505497,0.017095,2.166355,0.021978,-0.573871
-1.836041,0.446888,-0.007326,2.166355,0.007326,-0.578754
-1.834134,0.461540,-0.026862,2.166737,0.007326,-0.583638
-1.832990,0.358976,-0.046398,2.166355,0.007326,-0.578754
-1.831845,0.300367,-0.070818,2.166355,0.021978,-0.573871
-1.831082,0.197803,-0.095238,2.166355,0.007326,-0.573871
-1.831082,0.095240,-0.114774,2.166355,0.007326,-0.573871
-1.831082,0.036633,-0.153846,2.166355,-0.007328,-0.578754
-1.831082,-0.021978,-0.188034,2.166355,0.007326,-0.578754
-1.831464,-0.065933,-0.207570,2.166737,0.007326,-0.578754
-1.832227,-0.109890,-0.231990,2.166355,0.021978,-0.578754
-1.832608,-0.124542,-0.246642,2.166355,0.007326,-0.573871
-1.832990,-0.153847,-0.251526,2.166355,0.007326,-0.578754
-1.834516,-0.256411,-0.251526,2.166355,0.007326,-0.578754
-1.835660,-0.285715,-0.271062,2.166355,-0.007328,-0.578754
-1.837186,-0.315018,-0.300366,2.166355,0.007326,-0.578754
-1.838330,-0.300365,-0.285714,2.166737,0.007326,-0.578754
-1.840238,-0.446886,-0.271062,2.166355,0.007326,-0.578754
-1.842145,-0.461538,-0.275947,2.166355,0.007326,-0.578754
-1.844052,-0.490843,-0.285714,2.166355,0.007326,-0.573871
-1.845961,-0.476191,-0.280830,2.166355,0.007326,-0.578754
-1.848631,-0.564102,-0.256411,2.166355,0.007326,-0.573871
-1.850920,-0.608059,-0.246642,2.166355,0.007326,-0.578754
-1.853590,-0.593407,-0.251526,2.166355,0.021978,-0.578754
-1.855879,-0.608059,-0.236875,2.166355,0.007326,-0.578754
-1.858549,-0.652014,-0.212454,2.166737,0.021978,-0.578754
-1.861219,-0.652014,-0.202686,2.166355,-0.007328,-0.578754
-1.863508,-0.622711,-0.192918,2.166355,-0.007328,-0.578754
-1.866179,-0.622711,-0.158731,2.166355,0.021978,-0.578754
-1.868849,-0.666666,-0.124542,2.166355,-0.007328,-0.578754
-1.871519,-0.681318,-0.114774,2.166355,0.021978,-0.578754
-1.873808,-0.637363,-0.100122,2.166355,0.007326,-0.573871
-1.876478,-0.637363,-0.070818,2.166355,0.007326,-0.568987
-1.878767,-0.622711,-0.061050,2.166355,0.007326,-0.573871
-1.880674,-0.534798,-0.046398,2.166355,0.007326,-0.573871
-1.882200,-0.446886,-0.036630,2.166355,0.021978,-0.578754
-1.883726,-0.432234,-0.012210,2.166355,0.007326,-0.578754
-1.886015,-0.490843,0.017095,2.166355,0.007326,-0.578754
-1.887159,-0.373627,0.031747,2.166355,0.021978,-0.578754
-1.888304,-0.300365,0.061050,2.166355,0.021978,-0.578754
-1.888685,-0.197802,0.085470,2.166737,0.007326,-0.573871
-1.888685,-0.080585,0.105007,2.166355,-0.007328,-0.573871
-1.888304,-0.007326,0.148963,2.166355,0.021978,-0.573871
-1.888304,0.036633,0.183151,2.166355,0.007326,-0.573871
-1.887922,0.080587,0.202686,2.166355,-0.007328,-0.573871
-1.887159,0.109892,0.217339,2.166355,0.007326,-0.583638
-1.886015,0.197803,0.222223,2.166355,0.007326,-0.578754
-1.884489,0.300367,0.231991,2.166355,0.007326,-0.578754
-1.883345,0.285717,0.275947,2.166355,0.021978,-0.583638
-1.882582,0.256413,0.290599,2.166737,0.021978,-0.578754
-1.881056,0.344324,0.261295,2.166355,-0.007328,-0.578754
-1.879148,0.402931,0.271063,2.166355,0.007326,-0.578754
-1.877241,0.417583,0.271063,2.166737,0.021978,-0.578754
-1.875334,0.446888,0.280830,2.166355,0.021978,-0.578754
-1.873426,0.446888,0.266179,2.166355,0.007326,-0.573871
-1.871519,0.505497,0.251527,2.166355,-0.007328,-0.578754
-1.868849,0.564104,0.236875,2.166355,0.021978,-0.578754
-1.866560,0.549452,0.241758,2.166355,0.007326,-0.573871
-1.864271,0.549452,0.231991,2.166355,0.021978,-0.568987
-1.861601,0.578756,0.197803,2.166355,-0.007328,-0.568987
-1.859312,0.608061,0.188035,2.166355,0.007326,-0.573871
-1.856642,0.593409,0.183151,2.166355,0.007326,-0.573871
-1.854734,0.534800,0.163614,2.166355,0.007326,-0.578754
-1.852446,0.549452,0.129427,2.166355,0.007326,-0.583638
-1.850157,0.578756,0.100122,2.166737,0.007326,-0.583638
-1.848631,0.476192,0.095239,2.166355,0.007326,-0.578754
-1.847105,0.388281,0.075703,2.166737,0.007326,-0.578754
-1.845198,0.432236,0.046398,2.166355,0.007326,-0.578754
-1.843671,0.446888,0.017095,2.166355,-0.007328,-0.578754
-1.841763,0.432236,0.002442,2.166355,-0.007328,-0.578754
-1.840619,0.358976,-0.012210,2.166355,0.007326,-0.578754
-1.839475,0.285717,-0.036630,2.166355,0.021978,-0.573871
-1.838330,0.256413,-0.056166,2.166355,0.007326,-0.568987
-1.838330,0.109892,-0.080586,2.166355,-0.007328,-0.568987
-1.838330,0.036633,-0.114774,2.166355,0.007326,-0.573871
-1.838330,-0.007326,-0.158731,2.166355,-0.007328,-0.573871
-1.839093,-0.080585,-0.183150,2.166355,-0.007328,-0.573871
-1.839475,-0.124542,-0.207570,2.166355,0.021978,-0.573871
-1.840238,-0.153847,-0.231990,2.166355,0.007326,-0.573871
-1.841001,-0.197802,-0.241758,2.166355,0.007326,-0.573871
-1.842526,-0.315018,-0.236875,2.166355,0.007326,-0.578754
-1.844435,-0.388279,-0.275947,2.166355,0.007326,-0.578754
-1.845579,-0.358974,-0.290598,2.166737,0.007326,-0.578754
-1.847486,-0.432234,-0.275947,2.166355,-0.007328,-0.578754
-1.849394,-0.476191,-0.280830,2.166355,0.007326,-0.583638
-1.851683,-0.534798,-0.280830,2.166355,0.021978,-0.578754
-1.853590,-0.505495,-0.285714,2.166355,0.007326,-0.568987
-1.855879,-0.534798,-0.275947,2.166355,0.007326,-0.573871
-1.858168,-0.593407,-0.251526,2.166355,0.007326,-0.578754
-1.860838,-0.622711,-0.256411,2.166355,0.007326,-0.573871
-1.863508,-0.622711,-0.251526,2.166355,0.021978,-0.578754
-1.865797,-0.637363,-0.217339,2.166355,-0.007328,-0.578754
-1.868849,-0.710623,-0.188034,2.166737,0.021978,-0.583638
-1.871901,-0.725275,-0.183150,2.166355,0.007326,-0.578754
-1.874952,-0.739927,-0.168498,2.166355,0.007326,-0.578754
-1.877623,-0.739927,-0.139194,2.166355,0.007326,-0.573871
-1.880293,-0.695971,-0.129426,2.166355,0.007326,-0.573871
-1.882582,-0.622711,-0.105006,2.166355,0.007326,-0.573871
-1.885252,-0.637363,-0.075702,2.166355,0.007326,-0.573871
-1.887159,-0.564102,-0.065934,2.166355,0.007326,-0.568987
-1.889067,-0.461538,-0.051282,2.166355,0.007326,-0.573871
-1.890211,-0.417582,-0.031746,2.166355,0.007326,-0.578754
-1.892500,-0.505495,0.007326,2.166355,0.007326,-0.573871
-1.894407,-0.490843,0.026863,2.166355,0.021978,-0.578754
-1.895933,-0.402931,0.046398,2.166355,0.007326,-0.573871
-1.896315,-0.256411,0.061050,2.166355,0.007326,-0.573871
-1.896696,-0.109890,0.090355,2.166355,-0.007328,-0.578754
-1.896315,-0.036631,0.134311,2.166355,0.021978,-0.578754
-1.896315,-0.007326,0.173383,2.166355,-0.007328,-0.578754
-1.895933,0.051285,0.202686,2.166355,0.021978,-0.578754
-1.895552,0.095240,0.222223,2.166737,0.021978,-0.578754
-1.894789,0.139196,0.236875,2.166355,0.021978,-0.578754
-1.893644,0.212456,0.236875,2.166355,0.007326,-0.573871
-1.892118,0.329672,0.236875,2.166355,-0.021980,-0.578754
-1.890593,0.373629,0.266179,2.166355,0.007326,-0.578754
-1.888685,0.432236,0.261295,2.166355,0.007326,-0.578754
-1.886396,0.505497,0.275947,2.166355,0.007326,-0.573871
-1.884489,0.490845,0.275947,2.166355,0.007326,-0.573871
-1.882582,0.476192,0.285715,2.166355,0.007326,-0.573871
-1.880293,0.520149,0.251527,2.166355,0.021978,-0.573871
-1.878004,0.578756,0.236875,2.166355,-0.007328,-0.573871
-1.875334,0.608061,0.236875,2.166355,0.007326,-0.573871
-1.873045,0.608061,0.222223,2.166355,-0.021980,-0.573871
-1.870375,0.637363,0.197803,2.166355,0.007326,-0.578754
-1.867704,0.637363,0.183151,2.166355,0.007326,-0.578754
-1.865034,0.622713,0.168499,2.166355,0.007326,-0.573871
-1.863127,0.578756,0.144079,2.166355,0.007326,-0.578754
-1.860456,0.622713,0.105007,2.166737,0.021978,-0.578754
-1.857786,0.637363,0.085470,2.166355,0.007326,-0.573871
-1.855879,0.534800,0.085470,2.166355,0.007326,-0.578754
-1.854353,0.432236,0.061050,2.166355,0.007326,-0.578754
-1.852827,0.446888,0.036631,2.166355,0.007326,-0.578754
-1.850920,0.432236,0.007326,2.166355,0.021978,-0.578754
-1.849394,0.402931,-0.012210,2.166355,0.021978,-0.578754
-1.848249,0.315020,-0.031746,2.166355,0.007326,-0.578754
-1.847105,0.271065,-0.065934,2.166355,-0.007328,-0.578754
-1.846342,0.227108,-0.100122,2.166355,-0.007328,-0.578754
-1.846342,0.109892,-0.114774,2.166355,0.007326,-0.578754
-1.846724,-0.007326,-0.153846,2.166355,0.007326,-0.578754
-1.847105,-0.051283,-0.192918,2.166355,0.021978,-0.583638
-1.847486,-0.080585,-0.217339,2.166355,0.007326,-0.578754
-1.847868,-0.139194,-0.231990,2.166737,0.021978,-0.578754
-1.849012,-0.256411,-0.241758,2.166355,0.007326,-0.578754
-1.850538,-0.315018,-0.251526,2.166355,0.007326,-0.573871
-1.852064,-0.344322,-0.295483,2.166355,0.021978,-0.573871
-1.853590,-0.329670,-0.290598,2.166355,0.007326,-0.573871
-1.855497,-0.432234,-0.280830,2.166355,0.007326,-0.573871
-1.857023,-0.461538,-0.271062,2.166355,0.007326,-0.573871
-1.859694,-0.534798,-0.275947,2.166355,0.007326,-0.578754
-1.861601,-0.520147,-0.275947,2.166355,0.007326,-0.583638
-1.863508,-0.490843,-0.275947,2.166355,0.007326,-0.583638
-1.865797,-0.549450,-0.241758,2.166355,0.007326,-0.588523
-1.868467,-0.622711,-0.212454,2.166355,0.007326,-0.583638
-1.871138,-0.666666,-0.207570,2.166355,-0.007328,-0.578754
-1.873426,-0.622711,-0.197803,2.166355,0.007326,-0.578754
-1.876097,-0.622711,-0.173382,2.166355,0.021978,-0.583638
-1.878386,-0.622711,-0.148962,2.166355,-0.007328,-0.578754
-1.880674,-0.578754,-0.134310,2.166355,0.007326,-0.578754
-1.882582,-0.534798,-0.109890,2.166355,0.007326,-0.573871
-1.884871,-0.549450,-0.070818,2.166355,0.007326,-0.568987
-1.886778,-0.490843,-0.061050,2.166355,0.007326,-0.568987
-1.888304,-0.402931,-0.046398,2.166355,0.007326,-0.573871
-1.889448,-0.373627,-0.026862,2.166355,0.007326,-0.573871
-1.890974,-0.358974,0.007326,2.166355,0.007326,-0.573871
-1.892881,-0.417582,0.041514,2.166355,0.007326,-0.578754
-1.893644,-0.300365,0.056167,2.166355,0.007326,-0.578754
-1.893644,-0.153847,0.080586,2.166355,0.021978,-0.578754
-1.894026,-0.095238,0.124542,2.166737,0.007326,-0.578754
-1.894026,-0.021978,0.158731,2.166355,-0.007328,-0.578754
-1.893644,0.036633,0.188035,2.166355,0.007326,-0.578754
-1.892881,0.109892,0.207571,2.166355,0.021978,-0.583638
-1.892118,0.168499,0.231991,2.166355,0.007326,-0.578754
-1.891356,0.197803,0.256411,2.166355,-0.007328,-0.578754
-1.889830,0.256413,0.256411,2.166355,0.007326,-0.583638
-1.887922,0.388281,0.246643,2.166355,0.007326,-0.583638
-1.886396,0.402931,0.275947,2.166355,0.021978,-0.583638
-1.884489,0.417583,0.271063,2.166355,0.007326,-0.578754
-1.882582,0.432236,0.285715,2.166355,0.007326,-0.578754
-1.880674,0.476192,0.261295,2.166355,0.007326,-0.578754
-1.878386,0.520149,0.246643,2.166355,0.007326,-0.583638
-1.876097,0.549452,0.241758,2.166737,0.021978,-0.578754
-1.874189,0.520149,0.231991,2.166355,0.007326,-0.568987
-1.871901,0.564104,0.207571,2.166355,0.007326,-0.573871
-1.869230,0.578756,0.173383,2.166355,0.021978,-0.578754
-1.866941,0.564104,0.168499,2.166355,-0.007328,-0.573871
-1.864653,0.564104,0.144079,2.166355,0.007326,-0.578754
-1.862745,0.534800,0.114775,2.166355,0.036631,-0.578754
-1.860456,0.578756,0.080586,2.166355,0.007326,-0.573871
-1.858168,0.549452,0.061050,2.166355,0.007326,-0.578754
-1.856642,0.432236,0.056167,2.166355,0.021978,-0.583638
-1.855879,0.315020,0.046398,2.166355,0.007326,-0.578754
-1.854353,0.329672,0.007326,2.166355,0.007326,-0.578754
-1.852446,0.417583,-0.026862,2.166355,0.021978,-0.583638
-1.851301,0.358976,-0.056166,2.166355,0.007326,-0.578754
-1.850157,0.271065,-0.080586,2.166355,0.007326,-0.578754
-1.850157,0.124544,-0.105006,2.166355,0.007326,-0.578754
-1.850157,0.036633,-0.144078,2.166737,0.036631,-0.578754
-1.850538,-0.007326,-0.188034,2.166355,-0.007328,-0.573871
-1.850538,-0.036631,-0.217339,2.166355,0.007326,-0.578754
-1.851301,-0.109890,-0.241758,2.166355,0.007326,-0.578754
-1.851683,-0.139194,-0.256411,2.166355,0.007326,-0.578754
-1.852827,-0.197802,-0.261294,2.166355,0.007326,-0.578754
-1.854353,-0.315018,-0.256411,2.166355,0.007326,-0.578754
-1.855497,-0.315018,-0.285714,2.166355,-0.007328,-0.578754
-1.857023,-0.344322,-0.280830,2.166355,0.007326,-0.578754
-1.858931,-0.446886,-0.271062,2.166355,-0.007328,-0.578754
-1.860456,-0.417582,-0.285714,2.166355,0.007326,-0.578754
-1.862364,-0.446886,-0.271062,2.166355,0.007326,-0.583638
-1.863890,-0.432234,-0.261294,2.166355,0.021978,-0.588523
-1.866179,-0.505495,-0.222222,2.166355,-0.007328,-0.583638
-1.868467,-0.549450,-0.197803,2.166737,0.021978,-0.583638
-1.870756,-0.578754,-0.197803,2.166355,-0.007328,-0.583638
-1.872663,-0.534798,-0.183150,2.166355,0.007326,-0.583638
-1.874952,-0.520147,-0.153846,2.166737,0.021978,-0.588523
-1.877241,-0.564102,-0.119658,2.166355,0.007326,-0.583638
-1.879148,-0.520147,-0.105006,2.166355,-0.007328,-0.578754
-1.881056,-0.490843,-0.080586,2.166355,0.007326,-0.578754
-1.882582,-0.402931,-0.061050,2.166355,0.021978,-0.578754
-1.883726,-0.373627,-0.036630,2.166355,0.007326,-0.578754
-1.885633,-0.432234,-0.007326,2.166355,0.021978,-0.578754
-1.886778,-0.329670,0.012211,2.166355,0.007326,-0.573871
-1.887541,-0.300365,0.046398,2.166355,0.007326,-0.573871
-1.888685,-0.285715,0.080586,2.166355,0.021978,-0.573871
-1.888685,-0.139194,0.100122,2.166355,0.007326,-0.578754
-1.888685,-0.036631,0.139194,2.166355,0.007326,-0.573871
-1.888304,0.007328,0.188035,2.166355,0.007326,-0.578754
-1.888304,0.051285,0.212455,2.166355,0.007326,-0.578754
-1.887541,0.124544,0.227107,2.166355,0.021978,-0.578754
-1.886778,0.168499,0.241758,2.166355,0.007326,-0.578754
-1.885252,0.271065,0.236875,2.166355,-0.007328,-0.578754
-1.883726,0.358976,0.261295,2.166355,0.007326,-0.583638
-1.882582,0.315020,0.290599,2.166355,-0.007328,-0.578754
-1.881056,0.373629,0.266179,2.166737,0.021978,-0.578754
-1.879148,0.417583,0.266179,2.166355,0.021978,-0.578754
-1.877241,0.446888,0.256411,2.166355,0.007326,-0.573871
-1.875334,0.461540,0.261295,2.166355,0.007326,-0.573871
-1.873426,0.461540,0.236875,2.166355,0.007326,-0.573871
-1.871519,0.505497,0.212455,2.166355,0.007326,-0.578754
-1.869230,0.534800,0.183151,2.166355,0.007326,-0.578754
-1.866941,0.505497,0.183151,2.166355,0.007326,-0.573871
-1.865034,0.520149,0.153847,2.166737,0.007326,-0.573871
-1.863508,0.446888,0.134311,2.166355,0.007326,-0.573871
-1.861219,0.490845,0.090355,2.166355,0.007326,-0.573871
-1.859312,0.461540,0.070819,2.166355,0.007326,-0.573871
-1.857405,0.461540,0.051283,2.166355,0.007326,-0.573871
-1.856642,0.285717,0.051283,2.166355,0.007326,-0.578754
-1.856642,0.139196,0.031747,2.166355,-0.007328,-0.578754
-1.855497,0.227108,-0.021978,2.166355,0.021978,-0.583638
-1.853971,0.300367,-0.075702,2.166355,0.007326,-0.583638
-1.853209,0.227108,-0.085470,2.166737,0.021978,-0.578754
-1.853590,0.036633,-0.109890,2.166355,-0.007328,-0.578754
-1.853590,-0.021978,-0.163614,2.166737,0.021978,-0.583638
-1.853971,-0.021978,-0.202686,2.166355,0.007326,-0.583638
-1.854353,-0.051283,-0.222222,2.166355,0.007326,-0.578754
-1.854734,-0.109890,-0.246642,2.166355,-0.007328,-0.578754
-1.855497,-0.153847,-0.261294,2.166355,-0.007328,-0.578754
-1.856642,-0.227106,-0.256411,2.166355,0.007326,-0.578754
-1.858168,-0.344322,-0.256411,2.166355,0.007326,-0.578754
-1.859694,-0.373627,-0.305250,2.166355,0.007326,-0.578754
-1.860838,-0.315018,-0.295483,2.166355,0.021978,-0.583638
-1.862364,-0.373627,-0.275947,2.166355,0.021978,-0.583638
-1.863890,-0.388279,-0.271062,2.166355,0.007326,-0.578754
-1.865797,-0.446886,-0.236875,2.166737,0.021978,-0.583638
-1.868086,-0.505495,-0.227106,2.166355,0.007326,-0.583638
-1.870375,-0.520147,-0.217339,2.166355,0.021978,-0.588523
-1.871901,-0.446886,-0.217339,2.166355,0.007326,-0.583638
-1.873426,-0.446886,-0.173382,2.166355,0.021978,-0.583638
-1.875334,-0.461538,-0.139194,2.166355,0.007326,-0.583638
-1.877623,-0.520147,-0.105006,2.166355,0.007326,-0.578754
-1.879148,-0.446886,-0.100122,2.166355,0.007326,-0.578754
-1.880674,-0.388279,-0.075702,2.166355,-0.007328,-0.573871
-1.881819,-0.344322,-0.056166,2.166355,0.007326,-0.573871
-1.882582,-0.256411,-0.031746,2.166355,0.007326,-0.578754
-1.883726,-0.315018,0.012211,2.166355,-0.007328,-0.573871
-1.885633,-0.358974,0.046398,2.166355,0.021978,-0.578754
-1.886015,-0.197802,0.056167,2.166355,0.007326,-0.578754
-1.886015,-0.080585,0.090355,2.166355,0.007326,-0.573871
-1.886015,-0.036631,0.134311,2.166355,0.007326,-0.573871
-1.886015,-0.021978,0.173383,2.166355,0.007326,-0.578754
-1.885252,0.080587,0.202686,2.166355,0.007326,-0.573871
-1.884489,0.139196,0.227107,2.166355,0.021978,-0.573871
-1.884108,0.139196,0.256411,2.166355,-0.007328,-0.568987
-1.883345,0.168499,0.266179,2.166737,0.021978,-0.578754
-1.881819,0.271065,0.256411,2.166355,-0.007328,-0.578754
-1.879911,0.388281,0.256411,2.166355,0.007326,-0.578754
-1.878386,0.358976,0.275947,2.166355,0.021978,-0.578754
-1.876860,0.373629,0.266179,2.166355,-0.007328,-0.578754
-1.875334,0.373629,0.271063,2.166355,0.021978,-0.578754
-1.874189,0.358976,0.251527,2.166355,0.007326,-0.578754
-1.871901,0.446888,0.222223,2.166355,0.007326,-0.573871
-1.870375,0.461540,0.192919,2.166355,-0.007328,-0.573871
-1.868086,0.476192,0.183151,2.166355,0.007326,-0.573871
-1.866560,0.417583,0.163614,2.166737,0.036631,-0.578754
-1.864653,0.432236,0.134311,2.166355,0.007326,-0.573871
-1.863508,0.373629,0.109891,2.166355,-0.007328,-0.573871
-1.861601,0.402931,0.065935,2.166355,-0.007328,-0.573871
-1.860075,0.402931,0.046398,2.166355,0.007326,-0.578754
-1.858549,0.358976,0.031747,2.166355,0.007326,-0.578754
-1.857405,0.300367,0.017095,2.166737,0.007326,-0.583638
-1.857405,0.139196,-0.002442,2.166355,0.007326,-0.583638
-1.857023,0.095240,-0.041514,2.166355,0.007326,-0.583638
-1.856642,0.095240,-0.095238,2.166355,0.007326,-0.583638
-1.856642,0.036633,-0.124542,2.166355,0.007326,-0.578754
-1.857023,-0.036631,-0.163614,2.166355,0.021978,-0.583638
-1.857405,-0.080585,-0.202686,2.166355,0.007326,-0.583638
-1.858168,-0.124542,-0.236875,2.166355,0.007326,-0.578754
-1.858931,-0.153847,-0.266178,2.166355,0.021978,-0.583638
-1.859312,-0.183149,-0.280830,2.166355,-0.007328,-0.578754
-1.860456,-0.227106,-0.271062,2.166355,0.007326,-0.583638
-1.862364,-0.344322,-0.266178,2.166355,0.021978,-0.578754
-1.863508,-0.315018,-0.290598,2.166737,0.007326,-0.578754
-1.864653,-0.344322,-0.275947,2.166355,0.007326,-0.578754
-1.866941,-0.446886,-0.256411,2.166355,-0.007328,-0.578754
-1.868849,-0.476191,-0.251526,2.166355,-0.007328,-0.583638
-1.870375,-0.476191,-0.246642,2.166355,-0.007328,-0.583638
-1.871901,-0.432234,-0.231990,2.166355,-0.007328,-0.583638
-1.874189,-0.505495,-0.188034,2.166355,0.007326,-0.588523
-1.876097,-0.520147,-0.158731,2.166355,0.007326,-0.588523
-1.878386,-0.534798,-0.144078,2.166355,0.007326,-0.588523
-1.879911,-0.432234,-0.129426,2.166737,0.007326,-0.583638
-1.881437,-0.417582,-0.095238,2.166737,0.021978,-0.588523
-1.882582,-0.358974,-0.070818,2.166737,0.007326,-0.583638
-1.884108,-0.329670,-0.041514,2.166355,0.007326,-0.578754
-1.885252,-0.358974,-0.017094,2.166355,0.007326,-0.578754
-1.886396,-0.271063,0.007326,2.166355,-0.007328,-0.578754
-1.886778,-0.197802,0.041514,2.166355,-0.007328,-0.578754
-1.887922,-0.227106,0.095239,2.166355,-0.007328,-0.583638
-1.888304,-0.153847,0.124542,2.166355,0.007326,-0.578754
-1.887922,-0.051283,0.153847,2.166355,0.007326,-0.578754
-1.887922,0.007328,0.197803,2.166355,0.021978,-0.583638
-1.887541,0.051285,0.227107,2.166355,0.007326,-0.583638
-1.887159,0.080587,0.241758,2.166355,0.007326,-0.583638
-1.886015,0.168499,0.246643,2.166737,0.007326,-0.583638
-1.884871,0.271065,0.246643,2.166355,0.021978,-0.578754
-1.883726,0.285717,0.275947,2.166355,-0.007328,-0.578754
-1.882582,0.271065,0.285715,2.166355,-0.007328,-0.573871
-1.881056,0.344324,0.251527,2.166355,0.021978,-0.573871
-1.879148,0.402931,0.246643,2.166355,0.007326,-0.573871
-1.877241,0.417583,0.236875,2.166355,0.007326,-0.578754
-1.875715,0.417583,0.231991,2.166355,-0.007328,-0.578754
-1.874189,0.388281,0.212455,2.166737,0.021978,-0.578754
-1.872282,0.432236,0.173383,2.166355,0.007326,-0.573871
-1.870756,0.388281,0.148963,2.166355,-0.007328,-0.573871
-1.868849,0.432236,0.114775,2.166355,0.007326,-0.573871
-1.867704,0.373629,0.105007,2.166355,0.007326,-0.578754
-1.866560,0.285717,0.075703,2.166355,0.007326,-0.578754
-1.865797,0.271065,0.051283,2.166355,-0.007328,-0.578754
-1.865034,0.197803,0.031747,2.166355,0.007326,-0.578754
-1.864653,0.139196,-0.002442,2.166355,-0.007328,-0.583638
-1.863890,0.139196,-0.041514,2.166737,0.021978,-0.583638
-1.863127,0.183151,-0.090354,2.166355,0.007326,-0.583638
-1.862745,0.153849,-0.129426,2.166355,0.007326,-0.583638
-1.862745,0.065935,-0.158731,2.166355,0.007326,-0.578754
-1.862745,-0.007326,-0.197803,2.166355,0.007326,-0.578754
-1.862745,-0.036631,-0.231990,2.166355,0.007326,-0.578754
-1.863127,-0.080585,-0.256411,2.166355,-0.007328,-0.578754
-1.863890,-0.109890,-0.261294,2.166355,0.007326,-0.578754
-1.864653,-0.197802,-0.261294,2.166355,0.021978,-0.583638
-1.866179,-0.271063,-0.271062,2.166355,0.007326,-0.583638
-1.867323,-0.285715,-0.295483,2.166355,0.021978,-0.583638
-1.868467,-0.315018,-0.275947,2.166355,-0.007328,-0.588523
-1.869993,-0.358974,-0.261294,2.166355,-0.007328,-0.588523
-1.871138,-0.329670,-0.261294,2.166355,0.007326,-0.588523
-1.872663,-0.358974,-0.227106,2.166355,0.007326,-0.583638
-1.874571,-0.432234,-0.197803,2.166355,0.007326,-0.588523
-1.876478,-0.476191,-0.173382,2.166355,0.021978,-0.588523
-1.878386,-0.432234,-0.168498,2.166355,0.007326,-0.593407
-1.879530,-0.344322,-0.148962,2.166355,0.021978,-0.588523
-1.880674,-0.358974,-0.105006,2.166355,0.007326,-0.588523
-1.882200,-0.329670,-0.075702,2.166355,0.007326,-0.583638
-1.882963,-0.271063,-0.051282,2.166355,0.007326,-0.583638
-1.884489,-0.315018,-0.017094,2.166355,0.007326,-0.583638
-1.885633,-0.329670,0.007326,2.166737,-0.007328,-0.573871
-1.886015,-0.183149,0.026863,2.166355,0.007326,-0.578754
-1.886396,-0.124542,0.065935,2.166355,0.007326,-0.578754
-1.886778,-0.109890,0.114775,2.166355,0.007326,-0.578754
-1.886778,-0.051283,0.153847,2.166355,0.007326,-0.578754
-1.886396,0.021980,0.188035,2.166355,0.007326,-0.578754
-1.885633,0.095240,0.212455,2.166737,0.007326,-0.578754
-1.884871,0.183151,0.231991,2.166355,0.007326,-0.578754
-1.884108,0.197803,0.271063,2.166355,0.036631,-0.578754
-1.883345,0.197803,0.285715,2.166355,0.007326,-0.573871
-1.881819,0.256413,0.266179,2.166355,0.007326,-0.578754
-1.879911,0.402931,0.251527,2.166355,0.007326,-0.578754
-1.878386,0.373629,0.266179,2.166355,0.007326,-0.578754
-1.876860,0.402931,0.251527,2.166355,0.007326,-0.573871
-1.875334,0.358976,0.256411,2.166355,0.007326,-0.573871
-1.874189,0.329672,0.222223,2.166737,0.036631,-0.578754
-1.872282,0.388281,0.188035,2.166355,0.007326,-0.573871
-1.870756,0.432236,0.158731,2.166355,0.007326,-0.568987
-1.868849,0.432236,0.124542,2.166355,-0.007328,-0.573871
-1.867704,0.358976,0.119658,2.166355,0.007326,-0.573871
-1.866560,0.271065,0.085470,2.166355,0.007326,-0.573871
-1.865416,0.285717,0.061050,2.166355,0.007326,-0.573871
-1.865034,0.183151,0.041514,2.166355,0.007326,-0.578754
-1.864653,0.109892,0.007326,2.166355,-0.007328,-0.573871
-1.864271,0.109892,-0.036630,2.166737,0.007326,-0.578754
-1.863508,0.139196,-0.080586,2.166355,0.007326,-0.578754
-1.862745,0.124544,-0.119658,2.166355,-0.007328,-0.578754
-1.862745,0.051285,-0.153846,2.166355,0.021978,-0.583638
-1.863508,-0.036631,-0.188034,2.166355,0.021978,-0.583638
-1.863890,-0.095238,-0.222222,2.166355,-0.007328,-0.578754
-1.864271,-0.139194,-0.246642,2.166355,0.021978,-0.583638
-1.865416,-0.197802,-0.261294,2.166355,0.007326,-0.583638
-1.866179,-0.241758,-0.285714,2.166355,0.007326,-0.583638
-1.867323,-0.227106,-0.300366,2.166355,0.007326,-0.583638
-1.868467,-0.285715,-0.271062,2.166355,-0.007328,-0.583638
-1.870375,-0.373627,-0.261294,2.166355,-0.007328,-0.583638
-1.871519,-0.315018,-0.271062,2.166355,-0.007328,-0.583638
-1.872663,-0.373627,-0.236875,2.166355,0.021978,-0.588523
-1.874952,-0.461538,-0.207570,2.166355,-0.007328,-0.583638
-1.877241,-0.520147,-0.183150,2.166355,-0.007328,-0.588523
-1.878767,-0.461538,-0.183150,2.166355,0.021978,-0.593407
-1.879911,-0.373627,-0.158731,2.166737,0.007326,-0.588523
-1.881437,-0.388279,-0.119658,2.166355,0.021978,-0.588523
-1.882963,-0.358974,-0.085470,2.166355,0.007326,-0.588523
-1.884108,-0.344322,-0.056166,2.166355,-0.007328,-0.588523
-1.885633,-0.358974,-0.036630,2.166355,-0.007328,-0.583638
-1.886015,-0.212454,-0.017094,2.166355,0.021978,-0.583638
-1.886396,-0.153847,0.026863,2.166355,-0.007328,-0.583638
-1.887159,-0.168499,0.075703,2.166355,0.007326,-0.583638
-1.887541,-0.153847,0.119658,2.166355,0.007326,-0.588523
-1.887541,-0.051283,0.144079,2.166355,0.007326,-0.583638
-1.887159,0.021980,0.183151,2.166355,0.007326,-0.583638
-1.887159,0.051285,0.222223,2.166355,-0.007328,-0.583638
-1.886396,0.109892,0.236875,2.166355,0.021978,-0.583638
-1.885252,0.197803,0.241758,2.166355,-0.021980,-0.578754
-1.884108,0.241760,0.266179,2.166355,0.007326,-0.583638
-1.883345,0.212456,0.290599,2.166355,0.007326,-0.583638
-1.882200,0.256413,0.271063,2.166355,0.007326,-0.578754
-1.880674,0.344324,0.236875,2.166355,0.007326,-0.578754
-1.879148,0.373629,0.241758,2.166355,0.007326,-0.578754
-1.877623,0.358976,0.227107,2.166355,0.021978,-0.573871
-1.876097,0.358976,0.212455,2.166355,0.007326,-0.573871
-1.874952,0.315020,0.192919,2.166355,0.007326,-0.568987
-1.873426,0.344324,0.153847,2.166355,0.021978,-0.573871
-1.872282,0.329672,0.119658,2.166355,0.007326,-0.573871
-1.871519,0.256413,0.095239,2.166355,0.007326,-0.573871
-1.870375,0.256413,0.065935,2.166355,0.021978,-0.568987
-1.869230,0.241760,0.036631,2.166355,0.007326,-0.568987
-1.868849,0.139196,0.021978,2.166355,0.021978,-0.573871
-1.868849,0.021980,-0.012210,2.166355,0.007326,-0.573871
-1.868849,0.021980,-0.061050,2.166355,-0.007328,-0.578754
-1.868849,0.007328,-0.105006,2.166355,-0.007328,-0.583638
-1.869230,-0.065933,-0.148962,2.166355,0.021978,-0.583638
-1.869612,-0.080585,-0.197803,2.166355,0.007326,-0.583638
-1.869993,-0.080585,-0.231990,2.166355,0.007326,-0.583638
-1.870375,-0.095238,-0.256411,2.166355,0.007326,-0.583638
-1.871138,-0.153847,-0.266178,2.166355,0.007326,-0.578754
-1.871901,-0.212454,-0.266178,2.166355,0.007326,-0.578754
-1.873426,-0.329670,-0.266178,2.166355,0.007326,-0.573871
-1.874952,-0.329670,-0.285714,2.166355,0.007326,-0.578754
-1.876478,-0.373627,-0.271062,2.166355,0.021978,-0.578754
-1.878004,-0.388279,-0.266178,2.166355,-0.007328,-0.578754
-1.879148,-0.344322,-0.251526,2.166355,0.021978,-0.583638
-1.881056,-0.388279,-0.212454,2.166355,0.007326,-0.583638
-1.882582,-0.446886,-0.183150,2.166355,0.021978,-0.588523
-1.884871,-0.461538,-0.144078,2.166355,-0.007328,-0.588523
-1.886396,-0.417582,-0.139194,2.166355,0.007326,-0.593407
-1.887541,-0.344322,-0.109890,2.166737,0.036631,-0.598290
-1.888304,-0.300365,-0.085470,2.166355,0.007326,-0.593407
-1.889067,-0.183149,-0.065934,2.166355,0.021978,-0.593407
-1.889067,-0.124542,-0.031746,2.166737,0.007326,-0.588523
-1.889448,-0.124542,0.012211,2.166355,-0.007328,-0.588523
-1.890211,-0.109890,0.051283,2.166355,0.007326,-0.593407
-1.890211,-0.036631,0.085470,2.166355,-0.007328,-0.588523
-1.889448,0.051285,0.129427,2.166355,0.007326,-0.583638
-1.888685,0.139196,0.173383,2.166355,0.021978,-0.588523
-1.887922,0.168499,0.217339,2.166355,-0.007328,-0.588523
-1.887159,0.183151,0.246643,2.166355,0.007326,-0.593407
-1.886015,0.241760,0.246643,2.166355,0.021978,-0.588523
-1.884108,0.344324,0.251527,2.166355,0.007326,-0.583638
-1.882963,0.315020,0.290599,2.166355,0.021978,-0.583638
-1.881819,0.315020,0.275947,2.166737,0.007326,-0.583638
-1.879911,0.432236,0.251527,2.166737,0.021978,-0.578754
-1.878004,0.402931,0.241758,2.166355,0.007326,-0.578754
-1.876478,0.432236,0.227107,2.166355,0.007326,-0.578754
-1.874952,0.402931,0.212455,2.166355,0.007326,-0.573871
-1.873045,0.446888,0.173383,2.166355,0.007326,-0.568987
-1.871519,0.388281,0.144079,2.166355,0.007326,-0.568987
-1.869612,0.417583,0.105007,2.166355,-0.007328,-0.564102
-1.868086,0.373629,0.085470,2.166355,-0.007328,-0.564102
-1.867323,0.241760,0.070819,2.166355,0.021978,-0.568987
-1.867323,0.153849,0.046398,2.166355,0.021978,-0.573871
-1.866560,0.139196,-0.002442,2.166355,-0.007328,-0.573871
-1.865797,0.197803,-0.041514,2.166737,0.021978,-0.578754
-1.865416,0.124544,-0.070818,2.166355,0.007326,-0.578754
-1.865797,0.007328,-0.119658,2.166355,0.007326,-0.578754
-1.865797,-0.021978,-0.178267,2.166355,0.007326,-0.578754
-1.866179,-0.036631,-0.222222,2.166355,0.021978,-0.578754
-1.866560,-0.080585,-0.246642,2.166355,0.007326,-0.573871
-1.867323,-0.139194,-0.266178,2.166355,0.021978,-0.573871
-1.867704,-0.168499,-0.266178,2.166355,-0.007328,-0.573871
-1.869230,-0.300365,-0.266178,2.166355,0.007326,-0.573871
-1.870375,-0.271063,-0.285714,2.166355,0.007326,-0.573871
-1.871138,-0.212454,-0.290598,2.166355,0.007326,-0.573871
-1.871901,-0.256411,-0.256411,2.166355,0.007326,-0.578754
-1.873808,-0.373627,-0.217339,2.166355,0.007326,-0.578754
-1.875715,-0.432234,-0.202686,2.166355,0.007326,-0.578754
-1.877623,-0.446886,-0.183150,2.166355,-0.007328,-0.583638
-1.878767,-0.358974,-0.178267,2.166355,0.007326,-0.588523
-1.879911,-0.329670,-0.139194,2.166355,0.007326,-0.588523
-1.881437,-0.344322,-0.095238,2.166355,0.007326,-0.593407
-1.882200,-0.285715,-0.070818,2.166355,0.007326,-0.593407
-1.882963,-0.227106,-0.046398,2.166355,0.007326,-0.593407
-1.884108,-0.241758,-0.007326,2.166737,0.021978,-0.598290
-1.885252,-0.256411,0.031747,2.166355,0.007326,-0.593407
-1.885252,-0.124542,0.051283,2.166355,0.007326,-0.593407
-1.884871,-0.036631,0.100122,2.166355,0.007326,-0.593407
-1.884871,-0.007326,0.153847,2.166355,0.007326,-0.593407
-1.884871,0.021980,0.192919,2.166355,0.007326,-0.588523
-1.884489,0.065935,0.231991,2.166355,0.007326,-0.593407
-1.884108,0.065935,0.256411,2.166355,0.007326,-0.598290
-1.883345,0.109892,0.271063,2.166737,0.021978,-0.598290
-1.882963,0.139196,0.271063,2.166355,0.007326,-0.593407
-1.881819,0.212456,0.261295,2.166355,-0.007328,-0.593407
-1.880674,0.271065,0.251527,2.166355,0.007326,-0.593407
-1.879530,0.241760,0.266179,2.166355,0.007326,-0.593407
-1.879148,0.183151,0.241758,2.166355,0.007326,-0.588523
-1.877623,0.271065,0.197803,2.166737,0.021978,-0.583638
-1.876478,0.285717,0.178267,2.166355,0.007326,-0.583638
-1.875715,0.212456,0.168499,2.166737,0.021978,-0.573871
-1.875334,0.124544,0.144079,2.166355,0.007326,-0.568987
-1.875334,0.051285,0.105007,2.166355,-0.007328,-0.564102
-1.874952,0.065935,0.061050,2.166355,0.007326,-0.568987
-1.874571,0.124544,0.017095,2.166355,-0.007328,-0.564102
-1.873808,0.109892,-0.012210,2.166355,0.007326,-0.564102
-1.874571,-0.021978,-0.036630,2.166355,0.007326,-0.573871
-1.874952,-0.065933,-0.075702,2.166355,0.021978,-0.573871
-1.875334,-0.124542,-0.124542,2.166355,0.021978,-0.568987
-1.876478,-0.212454,-0.168498,2.166355,0.007326,-0.568987
-1.877241,-0.241758,-0.222222,2.166355,0.007326,-0.578754
-1.878004,-0.212454,-0.266178,2.166355,0.007326,-0.578754
-1.879148,-0.227106,-0.271062,2.166355,0.007326,-0.583638
-1.880293,-0.329670,-0.261294,2.166355,0.007326,-0.583638
-1.882200,-0.373627,-0.280830,2.166355,0.007326,-0.578754
-1.883345,-0.358974,-0.280830,2.166355,0.021978,-0.578754
-1.885252,-0.417582,-0.271062,2.166355,0.007326,-0.578754
-1.886396,-0.329670,-0.275947,2.166355,0.007326,-0.578754
-1.887541,-0.329670,-0.236875,2.166355,0.021978,-0.583638
-1.889448,-0.373627,-0.207570,2.166355,0.007326,-0.578754
-1.890593,-0.344322,-0.183150,2.166355,0.007326,-0.583638
-1.892118,-0.358974,-0.134310,2.166355,-0.007328,-0.583638
-1.893644,-0.358974,-0.105006,2.166737,0.007326,-0.583638
-1.894407,-0.285715,-0.085470,2.166355,0.007326,-0.583638
-1.895170,-0.241758,-0.061050,2.166355,0.021978,-0.588523
-1.896315,-0.227106,-0.026862,2.166355,0.007326,-0.588523
-1.896315,-0.139194,0.002442,2.166355,0.007326,-0.588523
-1.896315,-0.065933,0.036631,2.166355,0.021978,-0.588523
-1.896315,-0.007326,0.090355,2.166355,0.007326,-0.588523
-1.895933,0.036633,0.144079,2.166355,-0.007328,-0.588523
-1.895552,0.065935,0.188035,2.166355,0.007326,-0.588523
-1.895170,0.080587,0.222223,2.166355,0.007326,-0.593407
-1.894407,0.139196,0.241758,2.166355,0.007326,-0.593407
-1.893263,0.212456,0.241758,2.166355,0.007326,-0.593407
-1.891737,0.315020,0.251527,2.166355,0.007326,-0.593407
-1.890593,0.300367,0.280830,2.166355,0.007326,-0.593407
-1.889448,0.329672,0.261295,2.166355,0.007326,-0.593407
-1.887159,0.417583,0.241758,2.166355,0.021978,-0.593407
-1.886015,0.344324,0.236875,2.166355,-0.007328,-0.593407
-1.884489,0.388281,0.202686,2.166737,0.007326,-0.598290
-1.882963,0.358976,0.188035,2.166355,0.007326,-0.588523
-1.881819,0.315020,0.148963,2.166355,0.021978,-0.583638
-1.880293,0.358976,0.100122,2.166355,0.007326,-0.583638
-1.879148,0.315020,0.080586,2.166355,0.007326,-0.583638
-1.878767,0.197803,0.061050,2.166355,0.007326,-0.583638
-1.877623,0.212456,0.021978,2.166355,0.007326,-0.578754
-1.876860,0.197803,-0.017094,2.166355,0.007326,-0.573871
-1.876860,0.080587,-0.041514,2.166355,0.007326,-0.573871
-1.876860,0.007328,-0.085470,2.166355,0.007326,-0.568987
-1.876860,-0.021978,-0.144078,2.166355,-0.007328,-0.568987
-1.877241,-0.065933,-0.192918,2.166355,0.021978,-0.573871
-1.877623,-0.095238,-0.227106,2.166355,0.007326,-0.573871
-1.878386,-0.139194,-0.256411,2.166355,0.007326,-0.568987
-1.879148,-0.212454,-0.261294,2.166355,0.007326,-0.568987
-1.880674,-0.300365,-0.261294,2.166355,0.007326,-0.573871
-1.881819,-0.329670,-0.285714,2.166355,0.007326,-0.573871
-1.882963,-0.315018,-0.280830,2.166355,-0.021980,-0.573871
-1.884871,-0.388279,-0.251526,2.166355,0.021978,-0.578754
-1.886015,-0.344322,-0.251526,2.166355,0.007326,-0.578754
-1.887159,-0.285715,-0.222222,2.166355,0.007326,-0.578754
-1.888685,-0.358974,-0.178267,2.166355,0.021978,-0.583638
-1.889830,-0.300365,-0.158731,2.166355,-0.007328,-0.578754
-1.890211,-0.227106,-0.134310,2.166355,0.021978,-0.588523
-1.891356,-0.212454,-0.085470,2.166355,0.007326,-0.588523
-1.892500,-0.271063,-0.046398,2.166355,0.007326,-0.588523
-1.893263,-0.227106,-0.026862,2.166355,0.021978,-0.588523
-1.893263,-0.080585,0.002442,2.166355,0.007326,-0.588523
-1.893263,-0.051283,0.041514,2.166355,0.007326,-0.588523
-1.893263,-0.007326,0.090355,2.166355,0.007326,-0.593407
-1.892881,0.065935,0.139194,2.166355,0.021978,-0.593407
-1.892118,0.124544,0.188035,2.166355,0.007326,-0.588523
-1.891356,0.124544,0.231991,2.166355,0.007326,-0.588523
-1.890593,0.153849,0.251527,2.166355,0.021978,-0.588523
-1.889448,0.271065,0.241758,2.166355,0.007326,-0.593407
-1.887541,0.373629,0.256411,2.166355,0.021978,-0.588523
-1.886396,0.300367,0.285715,2.166355,0.007326,-0.588523
-1.884871,0.344324,0.256411,2.166355,0.007326,-0.588523
-1.883345,0.358976,0.251527,2.166355,0.007326,-0.588523
-1.881819,0.344324,0.231991,2.166355,0.007326,-0.593407
-1.880293,0.388281,0.183151,2.166355,-0.007328,-0.593407
-1.878767,0.373629,0.158731,2.166355,0.007326,-0.593407
-1.877241,0.388281,0.119658,2.166355,-0.007328,-0.593407
-1.876097,0.329672,0.105007,2.166355,0.007326,-0.593407
-1.875715,0.153849,0.090355,2.166355,0.007326,-0.588523
-1.876097,0.051285,0.056167,2.166355,0.007326,-0.588523
-1.875334,0.080587,0.002442,2.166737,0.021978,-0.583638
-1.874952,0.095240,-0.041514,2.166355,-0.007328,-0.583638
-1.874952,0.036633,-0.075702,2.166355,-0.007328,-0.583638
-1.875334,-0.080585,-0.119658,2.166355,0.007326,-0.593407
-1.876478,-0.153847,-0.173382,2.166355,0.021978,-0.583638
-1.877241,-0.212454,-0.217339,2.166355,0.021978,-0.573871
-1.878004,-0.197802,-0.256411,2.166355,0.007326,-0.573871
-1.878767,-0.227106,-0.271062,2.166355,0.021978,-0.573871
-1.880293,-0.285715,-0.261294,2.166355,0.007326,-0.573871
-1.881819,-0.388279,-0.271062,2.166355,0.021978,-0.573871
-1.883345,-0.388279,-0.271062,2.166355,-0.007328,-0.568987
-1.885252,-0.432234,-0.261294,2.166355,0.007326,-0.568987
-1.886396,-0.344322,-0.261294,2.166355,0.007326,-0.568987
-1.887922,-0.344322,-0.217339,2.166355,0.007326,-0.568987
-1.889448,-0.373627,-0.188034,2.166355,-0.007328,-0.573871
-1.890593,-0.300365,-0.153846,2.166355,0.007326,-0.573871
-1.891737,-0.315018,-0.109890,2.166737,0.007326,-0.578754
-1.893263,-0.329670,-0.080586,2.166355,0.007326,-0.578754
-1.893263,-0.183149,-0.065934,2.166355,0.007326,-0.578754
-1.894026,-0.153847,-0.026862,2.166355,0.007326,-0.583638
-1.894789,-0.168499,0.021978,2.166355,0.007326,-0.578754
-1.895170,-0.168499,0.065935,2.166355,0.007326,-0.578754
-1.895552,-0.080585,0.100122,2.166355,0.007326,-0.583638
-1.894789,0.021980,0.153847,2.166355,0.021978,-0.583638
-1.894789,0.051285,0.202686,2.166355,0.007326,-0.583638
-1.894026,0.095240,0.231991,2.166355,0.021978,-0.588523
-1.893644,0.139196,0.246643,2.166355,-0.007328,-0.588523
-1.892500,0.227108,0.256411,2.166355,-0.007328,-0.593407
-1.891356,0.227108,0.280830,2.166355,-0.007328,-0.588523
-1.890593,0.197803,0.275947,2.166355,0.021978,-0.588523
-1.889067,0.300367,0.236875,2.166355,-0.021980,-0.588523
-1.887541,0.373629,0.222223,2.166355,0.007326,-0.588523
-1.886396,0.300367,0.217339,2.166355,-0.007328,-0.588523
-1.885252,0.315020,0.168499,2.166355,0.007326,-0.588523
-1.883726,0.315020,0.144079,2.166355,0.021978,-0.588523
-1.882963,0.241760,0.124542,2.166737,0.021978,-0.583638
-1.882963,0.109892,0.095239,2.166355,0.007326,-0.583638
-1.882582,0.095240,0.051283,2.166355,0.007326,-0.583638
-1.881819,0.168499,-0.002442,2.166355,0.007326,-0.583638
-1.880674,0.183151,-0.041514,2.166355,0.021978,-0.583638
-1.880674,0.065935,-0.065934,2.166355,0.007326,-0.578754
-1.881056,-0.036631,-0.119658,2.166355,-0.007328,-0.578754
-1.881437,-0.051283,-0.183150,2.166355,-0.007328,-0.578754
-1.881819,-0.080585,-0.227106,2.166355,0.007326,-0.583638
-1.882200,-0.124542,-0.246642,2.166355,0.007326,-0.583638
-1.883345,-0.197802,-0.256411,2.166355,0.007326,-0.583638
-1.884489,-0.285715,-0.261294,2.166355,0.007326,-0.583638
-1.885252,-0.256411,-0.295483,2.166355,0.007326,-0.583638
-1.886015,-0.197802,-0.290598,2.166355,0.007326,-0.583638
-1.887159,-0.227106,-0.256411,2.166355,0.007326,-0.583638
-1.888304,-0.315018,-0.222222,2.166355,0.021978,-0.583638
-1.889448,-0.285715,-0.222222,2.166355,0.007326,-0.583638
-1.890211,-0.197802,-0.192918,2.166355,0.007326,-0.583638
-1.890593,-0.197802,-0.144078,2.166355,0.007326,-0.583638
-1.891737,-0.212454,-0.100122,2.166355,-0.007328,-0.583638
-1.892500,-0.212454,-0.070818,2.166355,0.007326,-0.583638
-1.892881,-0.124542,-0.051282,2.166355,0.021978,-0.583638
-1.892118,0.021980,-0.021978,2.166355,0.021978,-0.583638
-1.892118,-0.007326,0.031747,2.166355,0.007326,-0.583638
-1.892118,-0.007326,0.080586,2.166355,-0.007328,-0.583638
-1.891737,0.051285,0.129427,2.166355,0.007326,-0.578754
-1.891356,0.080587,0.183151,2.166355,0.007326,-0.573871
-1.890974,0.109892,0.217339,2.166355,0.007326,-0.578754
-1.889830,0.197803,0.231991,2.166355,0.007326,-0.578754
-1.888304,0.300367,0.246643,2.166355,0.036631,-0.583638
-1.887159,0.300367,0.285715,2.166355,-0.007328,-0.583638
-1.886396,0.241760,0.285715,2.166355,-0.007328,-0.583638
-1.884871,0.300367,0.246643,2.166355,0.007326,-0.583638
-1.883726,0.329672,0.241758,2.166355,0.007326,-0.583638
-1.882582,0.285717,0.231991,2.166355,0.007326,-0.588523
-1.881437,0.300367,0.183151,2.166355,0.007326,-0.588523
-1.879911,0.344324,0.148963,2.166355,0.021978,-0.583638
-1.879148,0.227108,0.124542,2.166355,0.021978,-0.588523
-1.878386,0.183151,0.090355,2.166355,-0.007328,-0.583638
-1.877623,0.168499,0.056167,2.166355,0.007326,-0.583638
-1.877241,0.139196,0.021978,2.166355,0.021978,-0.583638
-1.877241,0.051285,-0.017094,2.166737,0.021978,-0.583638
-1.877241,0.021980,-0.061050,2.166355,0.007326,-0.583638
-1.877241,-0.007326,-0.114774,2.166355,0.021978,-0.583638
-1.877623,-0.051283,-0.168498,2.166355,-0.007328,-0.578754
-1.878004,-0.095238,-0.212454,2.166355,0.021978,-0.578754
-1.878386,-0.124542,-0.241758,2.166355,-0.021980,-0.578754
-1.879530,-0.197802,-0.256411,2.166355,0.007326,-0.583638
-1.881056,-0.285715,-0.266178,2.166355,-0.007328,-0.578754
-1.882200,-0.285715,-0.295483,2.166737,0.007326,-0.583638
-1.883345,-0.315018,-0.275947,2.166355,0.007326,-0.583638
-1.884871,-0.373627,-0.246642,2.166355,0.007326,-0.588523
-1.886015,-0.300365,-0.251526,2.166355,-0.007328,-0.588523
-1.886778,-0.241758,-0.217339,2.166355,0.007326,-0.583638
-1.887922,-0.271063,-0.163614,2.166355,0.007326,-0.588523
-1.889067,-0.271063,-0.139194,2.166355,0.007326,-0.588523
-1.889448,-0.153847,-0.124542,2.166355,0.007326,-0.588523
-1.889067,-0.021978,-0.090354,2.166355,0.007326,-0.588523
-1.889067,-0.051283,-0.041514,2.166355,0.007326,-0.588523
-1.889448,-0.036631,0.002442,2.166355,0.007326,-0.588523
-1.889067,0.036633,0.036631,2.166355,0.021978,-0.588523
-1.888685,0.065935,0.090355,2.166355,0.021978,-0.588523
-1.887922,0.124544,0.148963,2.166355,0.007326,-0.588523
-1.887159,0.168499,0.192919,2.166355,0.007326,-0.588523
-1.886015,0.227108,0.212455,2.166355,0.007326,-0.583638
-1.884489,0.344324,0.236875,2.166355,0.007326,-0.583638
-1.883345,0.285717,0.285715,2.166355,0.021978,-0.588523
-1.882200,0.271065,0.280830,2.166355,-0.007328,-0.588523
-1.880674,0.358976,0.251527,2.166355,0.021978,-0.593407
-1.878767,0.373629,0.246643,2.166355,0.007326,-0.588523
-1.877623,0.358976,0.227107,2.166355,0.021978,-0.588523
-1.876097,0.329672,0.207571,2.166355,0.007326,-0.583638
-1.874952,0.271065,0.183151,2.166355,0.007326,-0.583638
-1.874189,0.212456,0.139194,2.166355,0.007326,-0.583638
-1.873426,0.227108,0.095239,2.166355,-0.021980,-0.578754
-1.873045,0.153849,0.070819,2.166355,0.021978,-0.583638
-1.872663,0.065935,0.041514,2.166355,0.007326,-0.583638
-1.873045,0.007328,-0.002442,2.166355,0.007326,-0.573871
-1.873045,-0.007326,-0.046398,2.166355,0.007326,-0.573871
-1.873426,-0.065933,-0.100122,2.166355,0.021978,-0.573871
-1.873808,-0.109890,-0.158731,2.166355,0.007326,-0.573871
-1.874571,-0.183149,-0.202686,2.166355,0.021978,-0.578754
-1.875715,-0.241758,-0.222222,2.166355,0.007326,-0.578754
-1.877241,-0.344322,-0.246642,2.166355,0.007326,-0.578754
-1.878386,-0.315018,-0.290598,2.166355,-0.007328,-0.583638
-1.879530,-0.300365,-0.285714,2.166355,0.007326,-0.578754
-1.881437,-0.388279,-0.266178,2.166355,0.007326,-0.583638
-1.882963,-0.402931,-0.251526,2.166355,-0.007328,-0.583638
-1.885252,-0.461538,-0.222222,2.166355,0.007326,-0.588523
-1.886396,-0.388279,-0.222222,2.166355,0.007326,-0.583638
-1.887541,-0.329670,-0.178267,2.166355,0.021978,-0.588523
-1.889067,-0.344322,-0.134310,2.166355,0.007326,-0.588523
-1.889448,-0.197802,-0.114774,2.166355,0.021978,-0.588523
-1.889448,-0.109890,-0.080586,2.166737,0.021978,-0.588523
-1.890211,-0.109890,-0.026862,2.166355,0.007326,-0.588523
-1.890593,-0.153847,0.017095,2.166355,-0.007328,-0.588523
-1.891356,-0.109890,0.051283,2.166355,0.021978,-0.593407
-1.890593,-0.007326,0.090355,2.166355,-0.007328,-0.588523
-1.890211,0.124544,0.139194,2.166355,0.007326,-0.593407
-1.888685,0.227108,0.178267,2.166355,-0.007328,-0.598290
-1.887159,0.300367,0.231991,2.166355,0.007326,-0.598290
-1.886396,0.241760,0.266179,2.166355,-0.007328,-0.593407
-1.884871,0.329672,0.251527,2.166355,0.007326,-0.593407
-1.883345,0.373629,0.271063,2.166355,-0.007328,-0.593407
-1.881819,0.358976,0.261295,2.166355,0.007326,-0.593407
-1.879911,0.432236,0.227107,2.166355,0.007326,-0.598290
-1.878386,0.402931,0.207571,2.166355,0.007326,-0.593407
-1.876478,0.388281,0.178267,2.166355,0.007326,-0.588523
-1.875334,0.315020,0.163614,2.166355,-0.007328,-0.588523
-1.874571,0.241760,0.129427,2.166355,0.021978,-0.588523
-1.873808,0.183151,0.085470,2.166355,-0.007328,-0.578754
-1.873045,0.183151,0.046398,2.166355,0.007326,-0.578754
-1.872663,0.168499,0.002442,2.166355,0.021978,-0.578754
-1.872663,0.065935,-0.031746,2.166355,0.007326,-0.583638
-1.872663,-0.007326,-0.080586,2.166355,0.007326,-0.578754
-1.873045,-0.051283,-0.139194,2.166355,0.007326,-0.573871
-1.873808,-0.124542,-0.188034,2.166355,0.021978,-0.573871
-1.874571,-0.183149,-0.227106,2.166355,0.021978,-0.573871
-1.875715,-0.285715,-0.236875,2.166355,0.007326,-0.573871
-1.877623,-0.388279,-0.251526,2.166355,0.021978,-0.578754
-1.879148,-0.373627,-0.280830,2.166355,-0.007328,-0.573871
-1.880674,-0.373627,-0.266178,2.166355,0.007326,-0.568987
-1.882582,-0.432234,-0.251526,2.166355,0.007326,-0.568987
-1.884489,-0.490843,-0.217339,2.166355,0.007326,-0.568987
-1.886396,-0.476191,-0.207570,2.166355,0.007326,-0.568987
-1.887922,-0.417582,-0.173382,2.166355,0.021978,-0.573871
-1.889448,-0.402931,-0.144078,2.166355,0.007326,-0.573871
-1.890211,-0.256411,-0.114774,2.166355,0.021978,-0.578754
-1.890593,-0.197802,-0.070818,2.166355,0.007326,-0.578754
-1.892118,-0.285715,-0.017094,2.166355,0.021978,-0.578754
-1.892881,-0.271063,0.017095,2.166355,-0.007328,-0.578754
-1.892881,-0.095238,0.041514,2.166355,-0.007328,-0.588523
-1.892500,0.007328,0.095239,2.166355,0.021978,-0.593407
-1.892500,0.036633,0.158731,2.166355,0.007326,-0.593407
-1.892118,0.080587,0.202686,2.166355,-0.007328,-0.588523
-1.891356,0.153849,0.231991,2.166355,0.007326,-0.588523
-1.889830,0.256413,0.241758,2.166355,0.007326,-0.588523
-1.887922,0.373629,0.236875,2.166355,-0.007328,-0.588523
-1.886396,0.373629,0.256411,2.166355,-0.007328,-0.593407
-1.884871,0.388281,0.246643,2.166355,0.021978,-0.593407
-1.883345,0.388281,0.236875,2.166355,0.021978,-0.588523
-1.881819,0.358976,0.207571,2.166355,0.007326,-0.588523
-1.879911,0.417583,0.153847,2.166355,0.007326,-0.588523
-1.878386,0.388281,0.119658,2.166737,0.007326,-0.588523
-1.876860,0.388281,0.085470,2.166355,0.007326,-0.583638
-1.876097,0.271065,0.070819,2.166355,-0.007328,-0.583638
-1.876097,0.095240,0.051283,2.166355,0.007326,-0.588523
-1.876097,0.065935,-0.002442,2.166355,-0.007328,-0.583638
-1.875715,0.080587,-0.056166,2.166355,0.021978,-0.588523
-1.875715,-0.007326,-0.105006,2.166355,0.007326,-0.578754
-1.876478,-0.139194,-0.153846,2.166355,0.007326,-0.583638
-1.877241,-0.153847,-0.207570,2.166355,0.021978,-0.583638
-1.878004,-0.183149,-0.251526,2.166355,0.021978,-0.583638
-1.879148,-0.241758,-0.256411,2.166355,0.021978,-0.583638
-1.881056,-0.388279,-0.246642,2.166355,-0.007328,-0.573871
-1.882582,-0.432234,-0.256411,2.166355,0.007326,-0.573871
-1.884871,-0.490843,-0.246642,2.166355,0.007326,-0.568987
-1.886396,-0.432234,-0.251526,2.166737,0.007326,-0.568987
-1.888304,-0.432234,-0.217339,2.166355,-0.007328,-0.573871
-1.889830,-0.417582,-0.183150,2.166355,0.007326,-0.573871
-1.891356,-0.373627,-0.144078,2.166355,0.007326,-0.578754
-1.892500,-0.358974,-0.095238,2.166355,-0.021980,-0.578754
-1.893644,-0.344322,-0.061050,2.166355,0.021978,-0.578754
-1.895170,-0.358974,-0.021978,2.166355,0.021978,-0.578754
-1.896696,-0.344322,0.012211,2.166355,0.007326,-0.583638
-1.896696,-0.168499,0.036631,2.166355,0.007326,-0.583638
-1.896696,-0.036631,0.090355,2.166355,0.021978,-0.583638
-1.896315,0.007328,0.153847,2.166355,0.007326,-0.578754
-1.895933,0.065935,0.202686,2.166355,0.007326,-0.578754
-1.895552,0.109892,0.236875,2.166355,0.021978,-0.583638
-1.894407,0.168499,0.251527,2.166355,0.007326,-0.583638
-1.893263,0.256413,0.241758,2.166355,0.007326,-0.588523
-1.891737,0.373629,0.231991,2.166355,0.007326,-0.588523
-1.890211,0.388281,0.241758,2.166355,0.007326,-0.583638
-1.887922,0.446888,0.212455,2.166355,0.007326,-0.583638
-1.886396,0.402931,0.197803,2.166355,0.007326,-0.588523
-1.884871,0.402931,0.153847,2.166355,-0.007328,-0.588523
-1.883345,0.358976,0.129427,2.166355,0.007326,-0.588523
-1.882582,0.256413,0.100122,2.166355,0.007326,-0.588523
-1.881819,0.183151,0.056167,2.166355,0.007326,-0.588523
-1.880674,0.285717,0.002442,2.166355,0.007326,-0.583638
-1.879148,0.285717,-0.036630,2.166355,0.007326,-0.583638
-1.879148,0.139196,-0.070818,2.166355,0.007326,-0.583638
-1.879148,0.065935,-0.119658,2.166355,0.007326,-0.578754
-1.879148,-0.021978,-0.173382,2.166355,0.007326,-0.578754
-1.879911,-0.095238,-0.217339,2.166355,-0.007328,-0.578754
-1.880674,-0.168499,-0.246642,2.166737,0.021978,-0.583638
-1.881437,-0.183149,-0.275947,2.166737,0.007326,-0.578754
-1.882582,-0.227106,-0.275947,2.166355,-0.021980,-0.578754
-1.884108,-0.344322,-0.236875,2.166355,0.021978,-0.578754
-1.885633,-0.402931,-0.231990,2.166355,0.007326,-0.573871
-1.887159,-0.344322,-0.222222,2.166355,0.007326,-0.573871
-1.888685,-0.373627,-0.188034,2.166355,-0.007328,-0.573871
-1.889830,-0.315018,-0.163614,2.166355,0.007326,-0.573871
-1.890593,-0.241758,-0.129426,2.166355,0.021978,-0.578754
-1.891737,-0.271063,-0.075702,2.166355,-0.007328,-0.573871
-1.892881,-0.315018,-0.031746,2.166355,-0.007328,-0.578754
-1.894026,-0.256411,-0.002442,2.166355,0.007326,-0.583638
-1.894407,-0.197802,0.041514,2.166355,0.007326,-0.578754
-1.894789,-0.168499,0.095239,2.166355,0.007326,-0.578754
-1.895170,-0.080585,0.139194,2.166355,0.007326,-0.583638
-1.894789,0.007328,0.183151,2.166355,0.007326,-0.588523
-1.894407,0.065935,0.222223,2.166355,0.007326,-0.583638
-1.893263,0.168499,0.236875,2.166355,0.021978,-0.583638
-1.892118,0.256413,0.241758,2.166355,0.007326,-0.583638
-1.890974,0.271065,0.261295,2.166355,0.007326,-0.588523
-1.889830,0.300367,0.241758,2.166355,0.007326,-0.583638
-1.887922,0.417583,0.202686,2.166355,-0.007328,-0.593407
-1.886015,0.402931,0.192919,2.166355,0.021978,-0.588523
-1.884489,0.402931,0.153847,2.166355,0.007326,-0.588523
-1.883345,0.344324,0.129427,2.166355,-0.007328,-0.588523
-1.882582,0.241760,0.100122,2.166355,0.021978,-0.588523
-1.881819,0.183151,0.061050,2.166355,-0.007328,-0.583638
-1.880674,0.271065,0.002442,2.166737,0.021978,-0.583638
-1.879530,0.271065,-0.036630,2.166355,-0.007328,-0.583638
-1.879530,0.109892,-0.070818,2.166355,0.021978,-0.583638
-1.879530,0.051285,-0.124542,2.166355,0.007326,-0.583638
-1.879530,-0.021978,-0.183150,2.166737,0.021978,-0.583638
-1.880293,-0.095238,-0.227106,2.166355,0.007326,-0.578754
-1.881056,-0.168499,-0.251526,2.166355,0.007326,-0.578754
-1.881819,-0.183149,-0.275947,2.166355,0.007326,-0.573871
-1.882582,-0.227106,-0.266178,2.166355,0.007326,-0.578754
-1.884489,-0.358974,-0.231990,2.166355,0.007326,-0.578754
-1.886015,-0.373627,-0.241758,2.166355,-0.007328,-0.573871
-1.887159,-0.315018,-0.222222,2.166355,0.007326,-0.573871
-1.888304,-0.344322,-0.173382,2.166355,-0.007328,-0.573871
-1.889448,-0.315018,-0.148962,2.166355,0.007326,-0.573871
-1.890211,-0.197802,-0.119658,2.166355,-0.007328,-0.578754
-1.890593,-0.212454,-0.070818,2.166355,0.007326,-0.583638
-1.892118,-0.300365,-0.012210,2.166355,0.007326,-0.583638
-1.893263,-0.271063,0.017095,2.166355,0.021978,-0.583638
-1.893263,-0.095238,0.046398,2.166355,0.021978,-0.583638
-1.893263,-0.036631,0.105007,2.166355,0.007326,-0.583638
-1.892881,0.007328,0.163614,2.166355,0.007326,-0.583638
-1.892500,0.095240,0.207571,2.166355,0.007326,-0.583638
-1.891737,0.139196,0.241758,2.166355,0.007326,-0.583638
-1.890974,0.168499,0.261295,2.166355,0.021978,-0.588523
-1.889448,0.271065,0.241758,2.166355,0.021978,-0.583638
-1.887541,0.402931,0.227107,2.166355,0.007326,-0.583638
-1.886015,0.373629,0.241758,2.166355,0.007326,-0.588523
-1.884871,0.373629,0.207571,2.166355,0.021978,-0.588523
-1.883345,0.344324,0.183151,2.166355,-0.007328,-0.583638
-1.882200,0.285717,0.148963,2.166355,0.021978,-0.583638
-1.881056,0.285717,0.095239,2.166355,0.007326,-0.583638
-1.879911,0.285717,0.061050,2.166355,0.021978,-0.583638
-1.879530,0.212456,0.026863,2.166355,0.021978,-0.583638
-1.878767,0.183151,-0.021978,2.166355,0.007326,-0.578754
-1.877623,0.212456,-0.075702,2.166355,0.021978,-0.583638
-1.877241,0.124544,-0.114774,2.166355,-0.021980,-0.583638
-1.877623,0.007328,-0.158731,2.166355,0.021978,-0.588523
-1.878004,-0.036631,-0.222222,2.166355,0.007326,-0.588523
-1.878004,-0.051283,-0.251526,2.166355,0.021978,-0.583638
-1.878386,-0.109890,-0.266178,2.166355,0.007326,-0.578754
-1.879530,-0.183149,-0.261294,2.166355,0.007326,-0.578754
-1.880674,-0.285715,-0.251526,2.166355,0.007326,-0.578754
-1.881819,-0.271063,-0.251526,2.166355,0.007326,-0.578754
-1.882582,-0.256411,-0.222222,2.166355,0.007326,-0.578754
-1.884108,-0.344322,-0.163614,2.166355,0.007326,-0.578754
-1.885633,-0.315018,-0.139194,2.166355,0.007326,-0.578754
-1.886015,-0.227106,-0.119658,2.166355,-0.007328,-0.573871
-1.886015,-0.109890,-0.085470,2.166355,-0.007328,-0.573871
-1.886778,-0.080585,-0.046398,2.166355,0.007326,-0.578754
-1.887541,-0.183149,0.026863,2.166355,0.021978,-0.578754
-1.887922,-0.168499,0.065935,2.166355,-0.007328,-0.578754
-1.887922,-0.065933,0.095239,2.166355,0.021978,-0.573871
-1.887541,0.036633,0.153847,2.166355,-0.007328,-0.573871
-1.887159,0.051285,0.207571,2.166355,0.007326,-0.578754
-1.886778,0.080587,0.236875,2.166355,0.007326,-0.578754
-1.885252,0.183151,0.241758,2.166355,0.007326,-0.578754
-1.884108,0.271065,0.251527,2.166355,0.007326,-0.578754
-1.883345,0.212456,0.275947,2.166355,0.021978,-0.578754
-1.882582,0.183151,0.256411,2.166355,-0.007328,-0.578754
-1.881437,0.256413,0.202686,2.166355,0.007326,-0.583638
-1.879911,0.329672,0.158731,2.166355,0.007326,-0.583638
-1.879148,0.241760,0.139194,2.166355,0.007326,-0.583638
-1.878767,0.168499,0.105007,2.166355,0.007326,-0.583638
-1.878386,0.109892,0.070819,2.166355,0.021978,-0.583638
-1.878004,0.095240,0.021978,2.166355,-0.007328,-0.578754
-1.877623,0.109892,-0.031746,2.166355,0.007326,-0.583638
-1.877241,0.095240,-0.075702,2.166355,0.007326,-0.583638
-1.877623,-0.007326,-0.124542,2.166355,0.007326,-0.578754
-1.878004,-0.051283,-0.188034,2.166355,-0.007328,-0.583638
-1.878386,-0.080585,-0.236875,2.166355,0.021978,-0.583638
-1.879148,-0.139194,-0.251526,2.166355,0.007326,-0.583638
-1.879911,-0.212454,-0.256411,2.166355,0.021978,-0.578754
-1.881437,-0.300365,-0.261294,2.166355,0.007326,-0.578754
-1.882582,-0.271063,-0.271062,2.166355,-0.007328,-0.573871
-1.883726,-0.300365,-0.231990,2.166737,0.021978,-0.578754
-1.885252,-0.358974,-0.192918,2.166355,0.007326,-0.578754
-1.886015,-0.271063,-0.183150,2.166737,0.007326,-0.583638
-1.886396,-0.183149,-0.144078,2.166355,0.021978,-0.583638
-1.886778,-0.109890,-0.105006,2.166355,0.007326,-0.583638
-1.887159,-0.139194,-0.056166,2.166355,0.021978,-0.578754
-1.888304,-0.183149,-0.002442,2.166355,0.007326,-0.578754
-1.888304,-0.139194,0.031747,2.166355,0.021978,-0.578754
-1.887922,-0.007326,0.075703,2.166355,0.007326,-0.578754
-1.887922,0.021980,0.144079,2.166355,0.007326,-0.578754
-1.887541,0.065935,0.197803,2.166355,-0.007328,-0.583638
-1.886778,0.109892,0.227107,2.166355,-0.007328,-0.578754
-1.885633,0.183151,0.236875,2.166355,0.007326,-0.583638
-1.884489,0.285717,0.246643,2.166355,0.007326,-0.583638
-1.883345,0.241760,0.271063,2.166737,0.036631,-0.588523
-1.882582,0.197803,0.261295,2.166355,-0.007328,-0.578754
-1.881437,0.256413,0.207571,2.166355,-0.007328,-0.578754
-1.879911,0.344324,0.163614,2.166355,0.007326,-0.583638
-1.879148,0.271065,0.144079,2.166355,0.021978,-0.583638
-1.878386,0.197803,0.105007,2.166355,0.007326,-0.578754
-1.877623,0.183151,0.065935,2.166355,0.007326,-0.578754
-1.877241,0.139196,0.031747,2.166355,0.007326,-0.573871
-1.877241,0.036633,-0.012210,2.166355,0.007326,-0.568987
-1.877241,0.021980,-0.065934,2.166355,0.007326,-0.573871
-1.877241,0.007328,-0.124542,2.166355,0.007326,-0.573871
-1.877623,-0.065933,-0.183150,2.166355,0.007326,-0.564102
-1.878004,-0.095238,-0.227106,2.166355,0.007326,-0.568987
-1.879148,-0.153847,-0.251526,2.166355,0.007326,-0.573871
-1.880293,-0.241758,-0.251526,2.166355,-0.007328,-0.573871
-1.881819,-0.344322,-0.261294,2.166355,0.007326,-0.573871
-1.882963,-0.329670,-0.261294,2.166355,-0.007328,-0.573871
-1.884489,-0.388279,-0.222222,2.166355,0.007326,-0.578754
-1.885633,-0.358974,-0.207570,2.166355,-0.007328,-0.578754
-1.886396,-0.256411,-0.183150,2.166355,-0.007328,-0.578754
-1.887159,-0.212454,-0.129426,2.166355,-0.007328,-0.583638
-1.887922,-0.197802,-0.085470,2.166355,0.007326,-0.578754
-1.888685,-0.183149,-0.046398,2.166355,0.007326,-0.578754
-1.889067,-0.139194,-0.007326,2.166355,0.021978,-0.578754
-1.888685,-0.051283,0.031747,2.166355,-0.007328,-0.578754
-1.888685,-0.007326,0.095239,2.166355,0.007326,-0.583638
-1.888304,0.051285,0.153847,2.166355,0.007326,-0.583638
-1.887541,0.109892,0.202686,2.166355,-0.007328,-0.583638
-1.886778,0.153849,0.231991,2.166737,0.021978,-0.583638
-1.885252,0.241760,0.236875,2.166355,-0.007328,-0.583638
-1.883726,0.344324,0.246643,2.166355,-0.007328,-0.583638
-1.882582,0.300367,0.266179,2.166355,-0.007328,-0.588523
-1.881437,0.300367,0.231991,2.166355,0.007326,-0.588523
-1.879530,0.373629,0.188035,2.166355,0.007326,-0.588523
-1.878004,0.373629,0.158731,2.166355,0.021978,-0.583638
-1.876860,0.373629,0.114775,2.166355,0.007326,-0.583638
-1.876097,0.285717,0.090355,2.166355,0.007326,-0.578754
-1.876097,0.109892,0.070819,2.166355,0.007326,-0.578754
-1.876097,0.080587,0.017095,2.166355,0.007326,-0.578754
-1.875334,0.080587,-0.041514,2.166355,-0.007328,-0.578754
-1.875715,0.021980,-0.090354,2.166355,0.007326,-0.578754
-1.876478,-0.080585,-0.144078,2.166355,0.007326,-0.573871
-1.877241,-0.168499,-0.197803,2.166355,-0.007328,-0.573871
-1.878004,-0.183149,-0.246642,2.166355,0.007326,-0.578754
-1.878767,-0.212454,-0.261294,2.166355,0.007326,-0.578754
-1.880293,-0.300365,-0.246642,2.166355,0.007326,-0.578754
-1.882582,-0.417582,-0.241758,2.166355,0.007326,-0.578754
-1.884108,-0.446886,-0.227106,2.166355,0.021978,-0.583638
-1.886015,-0.476191,-0.207570,2.166355,-0.007328,-0.573871
-1.887159,-0.344322,-0.192918,2.166737,0.021978,-0.578754
-1.888304,-0.358974,-0.134310,2.166355,0.007326,-0.573871
-1.889067,-0.285715,-0.105006,2.166355,0.007326,-0.573871
-1.889448,-0.153847,-0.070818,2.166355,0.007326,-0.573871
-1.890211,-0.168499,-0.017094,2.166737,0.021978,-0.573871
-1.891356,-0.241758,0.041514,2.166355,0.021978,-0.573871
-1.891737,-0.212454,0.095239,2.166355,0.021978,-0.578754
-1.891737,-0.051283,0.124542,2.166355,0.007326,-0.578754
-1.891356,0.036633,0.183151,2.166355,-0.007328,-0.578754
-1.890593,0.080587,0.227107,2.166355,-0.007328,-0.583638
-1.889448,0.168499,0.236875,2.166355,0.021978,-0.588523
-1.887922,0.300367,0.236875,2.166355,0.007326,-0.588523
-1.887159,0.285717,0.251527,2.166355,0.007326,-0.583638
-1.886015,0.256413,0.231991,2.166355,0.007326,-0.583638
-1.884108,0.358976,0.178267,2.166355,0.007326,-0.583638
-1.882582,0.344324,0.158731,2.166355,0.007326,-0.578754
-1.881819,0.285717,0.124542,2.166355,0.021978,-0.583638
-1.880674,0.271065,0.075703,2.166355,0.007326,-0.583638
-1.879911,0.227108,0.046398,2.166355,0.007326,-0.583638
-1.879530,0.168499,0.007326,2.166355,0.007326,-0.583638
-1.879148,0.139196,-0.046398,2.166355,0.007326,-0.583638
-1.878386,0.124544,-0.105006,2.166355,0.007326,-0.578754
-1.878767,0.051285,-0.153846,2.166355,0.007326,-0.578754
-1.879148,-0.036631,-0.197803,2.166355,0.007326,-0.578754
-1.879911,-0.109890,-0.236875,2.166355,0.007326,-0.578754
-1.880674,-0.197802,-0.256411,2.166355,0.007326,-0.583638
-1.881819,-0.227106,-0.271062,2.166355,0.021978,-0.578754
-1.882582,-0.241758,-0.256411,2.166355,0.021978,-0.578754
-1.884489,-0.344322,-0.207570,2.166355,-0.007328,-0.573871
-1.886015,-0.388279,-0.192918,2.166737,0.036631,-0.578754
-1.886778,-0.285715,-0.178267,2.166737,0.007326,-0.568987
-1.887541,-0.271063,-0.129426,2.166355,0.021978,-0.568987
-1.888304,-0.227106,-0.085470,2.166355,0.007326,-0.573871
-1.888685,-0.183149,-0.051282,2.166355,0.007326,-0.578754
-1.889067,-0.124542,-0.007326,2.166355,-0.007328,-0.578754
-1.889448,-0.095238,0.046398,2.166355,0.007326,-0.573871
-1.889067,-0.007326,0.100122,2.166355,0.007326,-0.573871
-1.888685,0.051285,0.158731,2.166355,0.021978,-0.578754
-1.887922,0.109892,0.212455,2.166355,-0.007328,-0.578754
-1.887159,0.153849,0.241758,2.166355,0.007326,-0.583638
-1.886015,0.197803,0.241758,2.166355,0.007326,-0.583638
-1.884489,0.329672,0.227107,2.166355,0.021978,-0.583638
-1.882963,0.358976,0.241758,2.166355,0.021978,-0.583638
-1.881819,0.315020,0.227107,2.166355,0.021978,-0.583638
-1.880293,0.373629,0.168499,2.166355,0.007326,-0.578754
-1.878767,0.358976,0.139194,2.166355,0.007326,-0.578754
-1.877623,0.329672,0.095239,2.166355,0.021978,-0.583638
-1.876478,0.300367,0.061050,2.166355,0.007326,-0.578754
-1.876478,0.139196,0.041514,2.166737,0.021978,-0.573871
-1.876478,0.065935,-0.007326,2.166355,0.007326,-0.573871
-1.876097,0.080587,-0.075702,2.166355,0.007326,-0.573871
-1.876097,-0.007326,-0.129426,2.166355,0.007326,-0.573871
-1.876860,-0.080585,-0.183150,2.166355,0.007326,-0.573871
-1.877241,-0.124542,-0.231990,2.166355,-0.007328,-0.573871
-1.878004,-0.153847,-0.261294,2.166355,0.007326,-0.573871
-1.879148,-0.197802,-0.261294,2.166355,0.007326,-0.573871
-1.880674,-0.285715,-0.236875,2.166355,0.021978,-0.573871
-1.882200,-0.373627,-0.227106,2.166355,0.007326,-0.578754
-1.883726,-0.373627,-0.207570,2.166355,0.007326,-0.573871
-1.885252,-0.402931,-0.163614,2.166355,0.007326,-0.573871
-1.886015,-0.315018,-0.144078,2.166355,-0.007328,-0.568987
-1.886778,-0.197802,-0.109890,2.166355,-0.007328,-0.573871
-1.887159,-0.153847,-0.065934,2.166355,0.021978,-0.573871
-1.888304,-0.227106,-0.002442,2.166355,0.007326,-0.573871
-1.889067,-0.227106,0.041514,2.166355,-0.007328,-0.573871
-1.888685,-0.065933,0.080586,2.166355,0.007326,-0.578754
-1.888304,0.036633,0.153847,2.166355,0.007326,-0.578754
-1.887922,0.036633,0.212455,2.166355,-0.007328,-0.578754
-1.887541,0.080587,0.236875,2.166355,0.007326,-0.583638
-1.886778,0.153849,0.246643,2.166355,0.007326,-0.578754
-1.885633,0.227108,0.236875,2.166355,0.007326,-0.578754
-1.884108,0.315020,0.227107,2.166355,0.007326,-0.578754
-1.883345,0.256413,0.231991,2.166355,0.007326,-0.578754
-1.882582,0.227108,0.197803,2.166355,-0.007328,-0.578754
-1.881437,0.241760,0.134311,2.166355,0.007326,-0.583638
-1.879911,0.285717,0.090355,2.166355,0.021978,-0.583638
-1.879530,0.197803,0.061050,2.166355,0.007326,-0.578754
-1.879530,0.080587,0.031747,2.166355,0.021978,-0.578754
-1.879148,0.065935,-0.021978,2.166355,0.021978,-0.578754
-1.879148,0.051285,-0.085470,2.166355,0.021978,-0.578754
-1.879530,0.007328,-0.139194,2.166355,-0.007328,-0.573871
-1.879911,-0.095238,-0.188034,2.166355,0.007326,-0.573871
-1.880674,-0.168499,-0.231990,2.166355,-0.007328,-0.573871
-1.881819,-0.197802,-0.266178,2.166355,0.007326,-0.573871
-1.882582,-0.212454,-0.266178,2.166355,0.007326,-0.573871
-1.884489,-0.315018,-0.236875,2.166355,0.007326,-0.573871
-1.885633,-0.358974,-0.227106,2.166355,0.007326,-0.573871
-1.886778,-0.285715,-0.217339,2.166355,0.007326,-0.573871
-1.887541,-0.285715,-0.163614,2.166355,0.021978,-0.573871
-1.888685,-0.285715,-0.119658,2.166355,-0.007328,-0.578754
-1.889067,-0.183149,-0.095238,2.166355,0.007326,-0.578754
-1.889067,-0.080585,-0.056166,2.166355,0.007326,-0.578754
-1.889448,-0.095238,0.002442,2.166355,0.007326,-0.573871
-1.889448,-0.080585,0.051283,2.166355,0.007326,-0.573871
-1.889067,0.036633,0.100122,2.166355,0.007326,-0.573871
-1.888304,0.109892,0.163614,2.166355,0.007326,-0.573871
-1.887541,0.168499,0.222223,2.166355,0.021978,-0.578754
-1.886778,0.183151,0.246643,2.166355,0.007326,-0.578754
-1.885252,0.285717,0.236875,2.166355,0.021978,-0.578754
-1.883726,0.358976,0.236875,2.166355,0.007326,-0.578754
-1.882582,0.315020,0.251527,2.166355,0.021978,-0.583638
-1.881056,0.300367,0.202686,2.166355,0.007326,-0.578754
-1.879530,0.358976,0.153847,2.166355,-0.007328,-0.583638
-1.878386,0.300367,0.119658,2.166355,0.007326,-0.578754
-1.877241,0.285717,0.075703,2.166355,0.007326,-0.578754
-1.876478,0.227108,0.046398,2.166355,-0.007328,-0.578754
-1.876478,0.124544,0.012211,2.166355,-0.007328,-0.578754
-1.876478,0.065935,-0.041514,2.166355,0.021978,-0.583638
-1.876478,0.036633,-0.109890,2.166355,0.007326,-0.573871
-1.876860,-0.051283,-0.168498,2.166355,0.007326,-0.568987
-1.877241,-0.095238,-0.217339,2.166355,0.007326,-0.568987
-1.878004,-0.124542,-0.251526,2.166355,0.007326,-0.573871
-1.878767,-0.168499,-0.261294,2.166355,0.007326,-0.573871
-1.879911,-0.241758,-0.241758,2.166355,0.021978,-0.573871
-1.881819,-0.358974,-0.227106,2.166355,0.007326,-0.573871
-1.882963,-0.329670,-0.217339,2.166355,-0.007328,-0.573871
-1.884489,-0.388279,-0.163614,2.166355,0.007326,-0.578754
-1.885633,-0.344322,-0.134310,2.166355,0.007326,-0.578754
-1.886015,-0.227106,-0.109890,2.166355,0.007326,-0.578754
-1.886396,-0.109890,-0.075702,2.166355,-0.007328,-0.578754
-1.886778,-0.124542,-0.017094,2.166355,0.007326,-0.578754
-1.887922,-0.197802,0.056167,2.166355,0.007326,-0.578754
-1.888304,-0.139194,0.105007,2.166355,0.007326,-0.573871
-1.887541,-0.007326,0.148963,2.166355,0.021978,-0.578754
-1.887159,0.036633,0.207571,2.166355,0.007326,-0.578754
-1.886778,0.080587,0.236875,2.166355,-0.007328,-0.578754
-1.885633,0.153849,0.236875,2.166355,0.007326,-0.578754
-1.884489,0.271065,0.231991,2.166355,0.007326,-0.578754
-1.883726,0.241760,0.246643,2.166355,-0.007328,-0.578754
-1.883345,0.168499,0.227107,2.166355,-0.007328,-0.583638
-1.882582,0.168499,0.173383,2.166355,-0.007328,-0.583638
-1.881437,0.183151,0.114775,2.166355,0.021978,-0.583638
-1.880293,0.227108,0.070819,2.166737,0.007326,-0.583638
-1.879911,0.168499,0.041514,2.166355,0.007326,-0.578754
-1.879911,0.095240,-0.002442,2.166355,0.021978,-0.578754
-1.879530,0.080587,-0.051282,2.166355,0.007326,-0.578754
-1.879530,0.007328,-0.105006,2.166355,0.021978,-0.578754
-1.880293,-0.080585,-0.168498,2.166355,-0.007328,-0.578754
-1.881056,-0.124542,-0.217339,2.166355,0.021978,-0.578754
-1.881819,-0.153847,-0.261294,2.166355,0.007326,-0.573871
-1.882582,-0.183149,-0.266178,2.166355,0.021978,-0.568987
-1.884108,-0.300365,-0.236875,2.166355,-0.021980,-0.568987
-1.885633,-0.358974,-0.227106,2.166355,0.007326,-0.573871
-1.886396,-0.285715,-0.222222,2.166355,0.021978,-0.573871
-1.887541,-0.271063,-0.178267,2.166355,-0.021980,-0.568987
-1.888685,-0.285715,-0.124542,2.166355,0.007326,-0.573871
-1.889067,-0.197802,-0.100122,2.166355,-0.007328,-0.578754
-1.889067,-0.095238,-0.061050,2.166355,0.007326,-0.573871
-1.889448,-0.095238,-0.002442,2.166355,0.007326,-0.573871
-1.889830,-0.095238,0.051283,2.166355,-0.021980,-0.578754
-1.889448,0.007328,0.100122,2.166355,-0.007328,-0.578754
-1.888685,0.095240,0.158731,2.166355,0.007326,-0.578754
-1.887922,0.153849,0.217339,2.166355,0.007326,-0.583638
-1.887159,0.183151,0.246643,2.166355,0.007326,-0.583638
-1.885633,0.227108,0.241758,2.166355,0.007326,-0.583638
-1.884108,0.358976,0.227107,2.166355,0.007326,-0.583638
-1.882963,0.315020,0.241758,2.166355,0.007326,-0.588523
-1.881819,0.285717,0.207571,2.166355,-0.007328,-0.583638
-1.880293,0.344324,0.139194,2.166355,0.021978,-0.583638
-1.879148,0.315020,0.105007,2.166355,0.007326,-0.583638
-1.878386,0.212456,0.075703,2.166355,0.007326,-0.578754
-1.877623,0.183151,0.031747,2.166355,0.007326,-0.578754
-1.876860,0.227108,-0.026862,2.166355,0.021978,-0.578754
-1.876478,0.153849,-0.065934,2.166355,-0.007328,-0.578754
-1.876860,0.021980,-0.124542,2.166355,0.007326,-0.578754
-1.876860,-0.021978,-0.197803,2.166355,-0.007328,-0.578754
-1.877241,-0.051283,-0.236875,2.166355,0.007326,-0.578754
-1.878004,-0.095238,-0.256411,2.166355,0.007326,-0.578754
-1.878386,-0.153847,-0.256411,2.166355,0.007326,-0.573871
-1.879530,-0.212454,-0.236875,2.166355,0.021978,-0.573871
-1.881056,-0.300365,-0.207570,2.166355,-0.007328,-0.573871
-1.882200,-0.315018,-0.192918,2.166355,0.021978,-0.573871
-1.883345,-0.271063,-0.148962,2.166355,0.007326,-0.578754
-1.884489,-0.315018,-0.090354,2.166355,-0.007328,-0.578754
-1.885252,-0.285715,-0.056166,2.166355,-0.007328,-0.583638
-1.885252,-0.124542,-0.036630,2.166355,0.007326,-0.583638
-1.885252,0.007328,0.012211,2.166355,0.021978,-0.578754
-1.885252,-0.065933,0.090355,2.166355,0.007326,-0.578754
-1.885252,-0.007326,0.148963,2.166355,0.021978,-0.578754
-1.884871,0.051285,0.202686,2.166355,0.007326,-0.578754
-1.884489,0.065935,0.241758,2.166355,0.007326,-0.573871
-1.883726,0.095240,0.261295,2.166355,0.007326,-0.578754
-1.883345,0.124544,0.251527,2.166355,-0.007328,-0.583638
-1.882200,0.183151,0.227107,2.166355,-0.007328,-0.588523
-1.881056,0.241760,0.188035,2.166355,-0.007328,-0.588523
-1.879911,0.256413,0.163614,2.166355,0.007326,-0.578754
-1.879911,0.168499,0.134311,2.166355,0.007326,-0.578754
-1.879911,0.051285,0.095239,2.166355,0.021978,-0.578754
-1.879911,0.007328,0.046398,2.166355,0.007326,-0.573871
-1.879530,0.036633,-0.012210,2.166355,0.007326,-0.573871
-1.879530,0.021980,-0.070818,2.166737,0.021978,-0.578754
-1.879911,-0.051283,-0.124542,2.166355,0.007326,-0.578754
-1.880674,-0.109890,-0.188034,2.166355,-0.007328,-0.578754
-1.881437,-0.153847,-0.236875,2.166355,0.007326,-0.573871
-1.882200,-0.168499,-0.266178,2.166355,-0.007328,-0.568987
-1.883345,-0.241758,-0.251526,2.166355,0.007326,-0.573871
-1.884871,-0.344322,-0.231990,2.166355,0.021978,-0.578754
-1.886015,-0.329670,-0.236875,2.166355,0.007326,-0.573871
-1.886778,-0.227106,-0.207570,2.166355,0.007326,-0.573871
-1.887922,-0.256411,-0.148962,2.166737,0.021978,-0.573871
-1.888685,-0.256411,-0.105006,2.166355,0.021978,-0.573871
-1.889067,-0.139194,-0.075702,2.166355,0.007326,-0.573871
-1.889067,-0.095238,-0.031746,2.166355,0.007326,-0.578754
-1.889448,-0.095238,0.026863,2.166355,0.007326,-0.578754
-1.889448,-0.036631,0.075703,2.166355,0.007326,-0.578754
-1.888685,0.051285,0.139194,2.166355,0.007326,-0.583638
-1.887922,0.139196,0.202686,2.166355,0.007326,-0.583638
-1.887159,0.168499,0.241758,2.166355,-0.007328,-0.583638
-1.886015,0.212456,0.236875,2.166355,0.007326,-0.583638
-1.884489,0.329672,0.217339,2.166355,0.021978,-0.588523
-1.882963,0.344324,0.236875,2.166355,0.007326,-0.583638
-1.882200,0.285717,0.217339,2.166355,0.007326,-0.583638
-1.880674,0.315020,0.153847,2.166355,0.007326,-0.583638
-1.879530,0.315020,0.109891,2.166355,0.007326,-0.583638
-1.879148,0.212456,0.080586,2.166355,0.021978,-0.583638
-1.878767,0.139196,0.041514,2.166355,0.021978,-0.578754
-1.877623,0.153849,-0.021978,2.166355,0.007326,-0.573871
-1.876860,0.197803,-0.085470,2.166355,0.021978,-0.573871
-1.877241,0.065935,-0.124542,2.166355,0.007326,-0.568987
-1.877623,-0.021978,-0.192918,2.166355,-0.007328,-0.573871
-1.877623,-0.051283,-0.246642,2.166355,0.007326,-0.573871
-1.878004,-0.080585,-0.261294,2.166355,0.007326,-0.573871
-1.878767,-0.139194,-0.256411,2.166355,0.007326,-0.573871
-1.879911,-0.212454,-0.231990,2.166355,0.007326,-0.573871
-1.881437,-0.300365,-0.207570,2.166355,0.021978,-0.573871
-1.882200,-0.241758,-0.188034,2.166355,0.021978,-0.568987
-1.882582,-0.212454,-0.139194,2.166355,0.021978,-0.568987
-1.884108,-0.271063,-0.075702,2.166355,0.007326,-0.573871
-1.885252,-0.300365,-0.041514,2.166355,0.021978,-0.573871
-1.885252,-0.153847,-0.012210,2.166355,-0.007328,-0.578754
-1.884871,-0.007326,0.031747,2.166355,-0.007328,-0.578754
-1.885252,-0.036631,0.114775,2.166355,0.021978,-0.578754
-1.884871,-0.007326,0.173383,2.166355,0.007326,-0.578754
-1.884489,0.036633,0.222223,2.166355,0.007326,-0.573871
-1.884108,0.065935,0.251527,2.166355,0.007326,-0.573871
-1.883726,0.095240,0.261295,2.166355,0.007326,-0.583638
-1.882963,0.124544,0.246643,2.166355,0.007326,-0.578754
-1.882200,0.183151,0.207571,2.166355,0.007326,-0.578754
-1.881056,0.227108,0.163614,2.166355,0.007326,-0.578754
-1.880293,0.212456,0.134311,2.166355,0.007326,-0.578754
-1.879911,0.124544,0.105007,2.166355,0.007326,-0.578754
-1.880293,-0.021978,0.065935,2.166355,0.007326,-0.578754
-1.880293,-0.007326,0.007326,2.166737,0.021978,-0.573871
-1.879911,0.036633,-0.051282,2.166355,-0.007328,-0.573871
-1.880293,-0.021978,-0.114774,2.166355,0.021978,-0.583638
-1.880674,-0.080585,-0.183150,2.166355,-0.007328,-0.578754
-1.881437,-0.109890,-0.236875,2.166355,0.007326,-0.578754
-1.881819,-0.139194,-0.261294,2.166355,0.007326,-0.578754
-1.882963,-0.183149,-0.256411,2.166355,-0.007328,-0.573871
-1.884489,-0.315018,-0.227106,2.166355,0.021978,-0.573871
-1.885633,-0.315018,-0.227106,2.166355,0.007326,-0.568987
-1.886015,-0.227106,-0.217339,2.166737,0.021978,-0.573871
-1.886778,-0.168499,-0.163614,2.166355,-0.007328,-0.573871
-1.887159,-0.139194,-0.109890,2.166355,0.021978,-0.578754
-1.887922,-0.153847,-0.061050,2.166355,-0.007328,-0.578754
-1.888685,-0.183149,-0.007326,2.166355,0.007326,-0.578754
-1.888685,-0.109890,0.031747,2.166355,0.007326,-0.578754
-1.888685,-0.021978,0.090355,2.166355,0.007326,-0.578754
-1.888304,0.036633,0.163614,2.166355,0.021978,-0.578754
-1.887922,0.065935,0.212455,2.166355,0.007326,-0.573871
-1.887159,0.109892,0.236875,2.166355,0.021978,-0.578754
-1.886015,0.183151,0.236875,2.166355,0.007326,-0.573871
-1.884489,0.315020,0.222223,2.166355,0.007326,-0.573871
-1.883345,0.300367,0.231991,2.166355,0.007326,-0.573871
-1.882582,0.212456,0.207571,2.166355,0.007326,-0.578754
-1.881819,0.197803,0.148963,2.166355,0.007326,-0.578754
-1.881056,0.212456,0.090355,2.166355,0.007326,-0.583638
-1.879911,0.212456,0.056167,2.166355,0.021978,-0.583638
-1.879911,0.095240,0.017095,2.166355,-0.007328,-0.578754
-1.879911,0.051285,-0.036630,2.166355,0.021978,-0.578754
-1.879911,0.021980,-0.105006,2.166355,0.007326,-0.573871
-1.880293,-0.036631,-0.163614,2.166355,-0.021980,-0.573871
-1.880674,-0.095238,-0.222222,2.166355,0.021978,-0.578754
-1.881437,-0.139194,-0.256411,2.166355,0.007326,-0.573871
-1.882200,-0.183149,-0.266178,2.166355,0.007326,-0.573871
-1.883345,-0.241758,-0.236875,2.166355,0.007326,-0.573871
-1.884871,-0.315018,-0.207570,2.166355,-0.007328,-0.568987
-1.885633,-0.271063,-0.202686,2.166355,0.021978,-0.573871
-1.886015,-0.168499,-0.168498,2.166355,-0.007328,-0.568987
-1.886396,-0.109890,-0.119658,2.166355,0.007326,-0.573871
-1.886778,-0.080585,-0.065934,2.166355,-0.007328,-0.578754
-1.887541,-0.183149,-0.002442,2.166355,0.007326,-0.578754
-1.888304,-0.168499,0.046398,2.166355,0.021978,-0.578754
-1.887922,-0.051283,0.095239,2.166355,0.007326,-0.578754
-1.887541,0.051285,0.163614,2.166355,0.007326,-0.578754
-1.887159,0.051285,0.217339,2.166355,0.021978,-0.578754
-1.886778,0.109892,0.236875,2.166355,-0.007328,-0.578754
-1.885252,0.212456,0.231991,2.166355,0.007326,-0.583638
-1.884108,0.271065,0.231991,2.166355,0.021978,-0.583638
-1.883345,0.227108,0.236875,2.166355,-0.007328,-0.578754
-1.882582,0.168499,0.197803,2.166355,0.007326,-0.583638
-1.882200,0.153849,0.139194,2.166355,0.007326,-0.583638
-1.881437,0.153849,0.085470,2.166355,0.007326,-0.583638
-1.880674,0.183151,0.041514,2.166355,0.007326,-0.578754
-1.880293,0.139196,-0.007326,2.166355,0.007326,-0.578754
-1.880293,0.065935,-0.051282,2.166355,0.021978,-0.573871
-1.880293,-0.007326,-0.114774,2.166355,0.021978,-0.568987
-1.880674,-0.051283,-0.183150,2.166355,0.007326,-0.568987
-1.881437,-0.080585,-0.236875,2.166355,0.007326,-0.573871
-1.881819,-0.139194,-0.256411,2.166355,0.021978,-0.573871
-1.882963,-0.197802,-0.251526,2.166355,-0.007328,-0.573871
-1.884489,-0.315018,-0.217339,2.166355,0.007326,-0.573871
-1.885633,-0.315018,-0.212454,2.166355,0.007326,-0.573871
-1.886015,-0.212454,-0.197803,2.166355,0.007326,-0.573871
-1.886396,-0.139194,-0.148962,2.166355,-0.007328,-0.573871
-1.886396,-0.095238,-0.095238,2.166355,-0.007328,-0.573871
-1.887159,-0.124542,-0.036630,2.166355,0.007326,-0.578754
-1.887922,-0.197802,0.021978,2.166355,0.007326,-0.578754
-1.887922,-0.095238,0.065935,2.166355,0.007326,-0.578754
-1.887541,0.021980,0.119658,2.166355,0.007326,-0.573871
-1.887159,0.051285,0.192919,2.166355,0.007326,-0.573871
-1.887159,0.065935,0.236875,2.166355,0.007326,-0.578754
-1.886015,0.153849,0.241758,2.166355,0.007326,-0.578754
-1.884871,0.241760,0.227107,2.166737,0.007326,-0.583638
-1.883726,0.241760,0.236875,2.166355,-0.007328,-0.583638
-1.883345,0.183151,0.222223,2.166355,0.007326,-0.578754
-1.882582,0.153849,0.168499,2.166355,0.007326,-0.578754
-1.882200,0.124544,0.109891,2.166737,0.021978,-0.578754
-1.881437,0.153849,0.061050,2.166355,0.007326,-0.573871
-1.880674,0.212456,0.007326,2.166355,0.007326,-0.573871
-1.880293,0.153849,-0.036630,2.166355,0.007326,-0.573871
-1.880293,0.036633,-0.085470,2.166355,0.007326,-0.573871
-1.880674,-0.036631,-0.163614,2.166355,0.021978,-0.573871
-1.881056,-0.065933,-0.222222,2.166355,0.007326,-0.568987
-1.881437,-0.109890,-0.251526,2.166355,0.021978,-0.573871
-1.882200,-0.153847,-0.261294,2.166355,-0.007328,-0.568987
-1.883345,-0.227106,-0.236875,2.166355,-0.007328,-0.573871
-1.884871,-0.329670,-0.202686,2.166355,-0.007328,-0.573871
-1.885633,-0.271063,-0.202686,2.166355,0.007326,-0.573871
-1.886015,-0.168499,-0.163614,2.166355,0.007326,-0.573871
-1.886015,-0.080585,-0.119658,2.166355,0.007326,-0.573871
-1.886396,-0.065933,-0.061050,2.166355,0.007326,-0.578754
-1.887159,-0.124542,0.002442,2.166355,0.007326,-0.578754
-1.887541,-0.139194,0.061050,2.166355,0.007326,-0.578754
-1.887159,-0.051283,0.109891,2.166355,-0.007328,-0.573871
-1.886778,0.051285,0.168499,2.166355,0.021978,-0.573871
-1.886015,0.124544,0.212455,2.166355,-0.007328,-0.578754
-1.885252,0.168499,0.231991,2.166355,0.007326,-0.583638
-1.884108,0.241760,0.246643,2.166355,0.007326,-0.583638
-1.883345,0.197803,0.256411,2.166355,0.007326,-0.578754
-1.882963,0.168499,0.222223,2.166355,0.021978,-0.578754
-1.881819,0.183151,0.158731,2.166355,-0.007328,-0.573871
-1.881056,0.241760,0.100122,2.166355,0.021978,-0.583638
-1.879911,0.227108,0.061050,2.166355,0.007326,-0.578754
-1.880293,0.095240,0.036631,2.166355,0.021978,-0.578754
-1.880293,-0.021978,-0.017094,2.166355,-0.007328,-0.573871
-1.880293,0.007328,-0.090354,2.166355,0.021978,-0.573871
-1.880293,-0.021978,-0.153846,2.166355,-0.007328,-0.568987
-1.880674,-0.095238,-0.212454,2.166355,0.007326,-0.568987
-1.881437,-0.139194,-0.251526,2.166355,0.007326,-0.573871
-1.882200,-0.139194,-0.266178,2.166355,0.021978,-0.573871
-1.883345,-0.241758,-0.236875,2.166355,-0.007328,-0.568987
-1.884871,-0.344322,-0.207570,2.166355,0.007326,-0.573871
-1.885633,-0.271063,-0.202686,2.166355,0.007326,-0.573871
-1.886015,-0.183149,-0.163614,2.166355,0.007326,-0.573871
-1.886015,-0.095238,-0.119658,2.166737,0.007326,-0.573871
-1.886396,-0.065933,-0.061050,2.166355,-0.007328,-0.573871
-1.887159,-0.124542,0.002442,2.166355,0.007326,-0.578754
-1.887541,-0.139194,0.061050,2.166355,0.007326,-0.578754
-1.887159,-0.051283,0.109891,2.166355,0.007326,-0.578754
-1.886778,0.036633,0.168499,2.166355,0.021978,-0.578754
-1.886015,0.095240,0.217339,2.166355,-0.007328,-0.578754
-1.885252,0.183151,0.231991,2.166355,0.007326,-0.578754
-1.884108,0.241760,0.241758,2.166355,0.007326,-0.583638
-1.883345,0.197803,0.251527,2.166355,0.007326,-0.583638
-1.882582,0.168499,0.212455,2.166355,0.021978,-0.583638
-1.881819,0.168499,0.153847,2.166355,0.007326,-0.578754
-1.881056,0.227108,0.095239,2.166355,0.007326,-0.578754
-1.880293,0.227108,0.061050,2.166355,0.007326,-0.578754
-1.880293,0.065935,0.026863,2.166355,-0.007328,-0.578754
-1.880293,0.007328,-0.026862,2.166355,0.021978,-0.583638
-1.880293,0.021980,-0.105006,2.166355,0.021978,-0.578754
-1.880674,-0.021978,-0.163614,2.166355,0.021978,-0.573871
-1.881056,-0.095238,-0.222222,2.166355,-0.007328,-0.568987
-1.881819,-0.109890,-0.256411,2.166355,0.007326,-0.573871
-1.882582,-0.168499,-0.256411,2.166355,0.007326,-0.568987
-1.883726,-0.241758,-0.222222,2.166355,0.007326,-0.568987
-1.885252,-0.329670,-0.197803,2.166355,0.007326,-0.568987
-1.885633,-0.241758,-0.192918,2.166355,0.007326,-0.573871
-1.886015,-0.139194,-0.153846,2.166355,-0.007328,-0.573871
-1.886015,-0.065933,-0.100122,2.166355,0.007326,-0.573871
-1.886396,-0.065933,-0.041514,2.166355,-0.007328,-0.573871
-1.887159,-0.139194,0.021978,2.166737,0.021978,-0.573871
-1.887159,-0.124542,0.080586,2.166355,-0.007328,-0.578754
-1.886778,-0.007326,0.134311,2.166355,0.021978,-0.578754
-1.886396,0.095240,0.188035,2.166355,-0.007328,-0.578754
-1.885633,0.139196,0.222223,2.166355,0.007326,-0.583638
-1.884489,0.212456,0.236875,2.166355,0.007326,-0.583638
-1.883726,0.197803,0.256411,2.166355,0.021978,-0.578754
-1.882963,0.168499,0.236875,2.166355,0.007326,-0.583638
-1.882200,0.183151,0.183151,2.166355,-0.007328,-0.583638
-1.881056,0.212456,0.119658,2.166355,0.007326,-0.583638
-1.880293,0.256413,0.075703,2.166737,0.021978,-0.583638
-1.879911,0.139196,0.051283,2.166355,0.007326,-0.573871
-1.880293,0.007328,0.007326,2.166355,-0.007328,-0.578754
-1.879911,0.036633,-0.065934,2.166355,0.007326,-0.578754
-1.880293,-0.007326,-0.134310,2.166355,0.007326,-0.573871
-1.880674,-0.080585,-0.192918,2.166355,0.007326,-0.573871
-1.881437,-0.124542,-0.241758,2.166355,0.021978,-0.573871
-1.881819,-0.153847,-0.266178,2.166355,-0.007328,-0.573871
-1.882963,-0.197802,-0.246642,2.166355,-0.007328,-0.573871
-1.884489,-0.300365,-0.202686,2.166355,0.007326,-0.573871
-1.885633,-0.315018,-0.188034,2.166355,0.021978,-0.568987
-1.885633,-0.197802,-0.168498,2.166355,0.007326,-0.568987
-1.886015,-0.109890,-0.124542,2.166355,0.007326,-0.573871
-1.886015,-0.051283,-0.070818,2.166355,0.021978,-0.573871
-1.886396,-0.109890,-0.002442,2.166355,0.007326,-0.573871
-1.887159,-0.109890,0.061050,2.166355,0.007326,-0.578754
-1.886778,-0.051283,0.114775,2.166355,-0.007328,-0.578754
-1.886396,0.036633,0.163614,2.166355,-0.007328,-0.578754
-1.885633,0.124544,0.212455,2.166355,0.007326,-0.578754
-1.884489,0.183151,0.236875,2.166355,-0.007328,-0.578754
-1.883726,0.183151,0.256411,2.166355,0.007326,-0.578754
-1.883345,0.153849,0.246643,2.166355,0.007326,-0.578754
-1.882582,0.168499,0.192919,2.166355,0.007326,-0.578754
-1.881437,0.197803,0.134311,2.166355,0.007326,-0.578754
-1.880293,0.271065,0.085470,2.166355,0.007326,-0.578754
-1.879911,0.168499,0.056167,2.166355,0.007326,-0.573871
-1.880293,-0.007326,0.017095,2.166355,0.021978,-0.573871
-1.880293,0.021980,-0.051282,2.166355,0.021978,-0.568987
-1.880293,0.007328,-0.119658,2.166355,0.007326,-0.568987
-1.880674,-0.065933,-0.183150,2.166355,0.007326,-0.568987
-1.881056,-0.109890,-0.231990,2.166355,0.007326,-0.568987
-1.881819,-0.153847,-0.261294,2.166737,0.007326,-0.568987
-1.882582,-0.183149,-0.251526,2.166355,0.021978,-0.573871
-1.884108,-0.271063,-0.212454,2.166355,0.007326,-0.568987
-1.885252,-0.315018,-0.188034,2.166355,0.007326,-0.568987
-1.885633,-0.227106,-0.168498,2.166355,0.021978,-0.573871
-1.885633,-0.109890,-0.129426,2.166355,0.007326,-0.573871
-1.885633,-0.051283,-0.075702,2.166355,-0.007328,-0.578754
-1.886015,-0.080585,-0.012210,2.166355,0.021978,-0.583638
-1.886778,-0.095238,0.056167,2.166355,0.007326,-0.578754
-1.886396,-0.051283,0.109891,2.166355,0.007326,-0.578754
-1.886015,0.051285,0.163614,2.166355,-0.007328,-0.573871
-1.884871,0.139196,0.207571,2.166355,0.021978,-0.578754
-1.884108,0.183151,0.246643,2.166355,-0.007328,-0.578754
-1.883726,0.153849,0.261295,2.166355,0.007326,-0.588523
-1.882582,0.197803,0.231991,2.166355,0.021978,-0.588523
-1.881819,0.227108,0.178267,2.166355,-0.007328,-0.578754
-1.880293,0.285717,0.124542,2.166355,0.007326,-0.583638
-1.879911,0.227108,0.095239,2.166355,0.021978,-0.578754
-1.879911,0.065935,0.065935,2.166355,-0.007328,-0.573871
-1.880293,-0.021978,0.017095,2.166355,0.021978,-0.578754
-1.879911,0.036633,-0.056166,2.166355,0.007326,-0.573871
-1.879911,-0.007326,-0.124542,2.166355,0.007326,-0.573871
-1.880674,-0.065933,-0.183150,2.166355,0.007326,-0.573871
-1.881056,-0.124542,-0.236875,2.166355,0.021978,-0.573871
-1.881819,-0.139194,-0.261294,2.166355,0.007326,-0.573871
-1.882582,-0.183149,-0.246642,2.166737,0.007326,-0.573871
-1.884108,-0.285715,-0.207570,2.166355,-0.007328,-0.568987
-1.885252,-0.329670,-0.188034,2.166355,0.007326,-0.573871
-1.886015,-0.212454,-0.163614,2.166355,-0.007328,-0.573871
-1.886015,-0.109890,-0.119658,2.166355,0.007326,-0.578754
-1.886015,-0.065933,-0.070818,2.166355,0.021978,-0.578754
-1.886778,-0.095238,-0.002442,2.166355,0.021978,-0.578754
-1.887159,-0.109890,0.065935,2.166355,0.007326,-0.578754
-1.887159,-0.065933,0.119658,2.166355,0.021978,-0.578754
-1.886396,0.036633,0.173383,2.166355,-0.007328,-0.578754
-1.885633,0.124544,0.212455,2.166355,0.021978,-0.583638
-1.884489,0.197803,0.236875,2.166355,0.007326,-0.578754
-1.883726,0.212456,0.246643,2.166355,0.007326,-0.578754
-1.883345,0.168499,0.231991,2.166355,0.021978,-0.578754
-1.882582,0.168499,0.188035,2.166355,0.007326,-0.578754
-1.881819,0.168499,0.124542,2.166355,0.007326,-0.583638
-1.881056,0.197803,0.070819,2.166355,0.007326,-0.578754
-1.880293,0.153849,0.036631,2.166355,0.007326,-0.578754
-1.880674,0.065935,-0.007326,2.166355,0.021978,-0.578754
-1.880674,0.021980,-0.075702,2.166355,0.007326,-0.573871
-1.880674,0.007328,-0.148962,2.166355,0.007326,-0.568987
-1.881056,-0.065933,-0.207570,2.166355,0.007326,-0.573871
-1.881437,-0.095238,-0.246642,2.166355,0.007326,-0.573871
-1.882200,-0.139194,-0.256411,2.166355,0.007326,-0.573871
-1.883345,-0.212454,-0.231990,2.166355,0.021978,-0.568987
-1.884489,-0.285715,-0.192918,2.166355,-0.007328,-0.568987
-1.885252,-0.271063,-0.178267,2.166355,0.007326,-0.568987
-1.885633,-0.153847,-0.144078,2.166355,0.007326,-0.568987
-1.885633,-0.036631,-0.100122,2.166355,0.007326,-0.573871
-1.885633,-0.065933,-0.036630,2.166355,0.007326,-0.573871
-1.886015,-0.080585,0.026863,2.166355,0.007326,-0.573871
-1.886015,-0.051283,0.085470,2.166355,0.007326,-0.578754
-1.885633,0.051285,0.144079,2.166355,0.007326,-0.578754
-1.884871,0.109892,0.197803,2.166355,0.021978,-0.583638
-1.884108,0.153849,0.241758,2.166355,-0.007328,-0.578754
-1.883726,0.139196,0.256411,2.166355,0.021978,-0.583638
-1.882963,0.153849,0.236875,2.166355,0.007326,-0.583638
-1.881819,0.183151,0.192919,2.166355,0.021978,-0.583638
-1.880674,0.241760,0.134311,2.166355,-0.007328,-0.583638
-1.879911,0.256413,0.095239,2.166355,0.021978,-0.583638
-1.879911,0.109892,0.070819,2.166355,0.007326,-0.578754
-1.880293,-0.021978,0.026863,2.166355,0.007326,-0.578754
-1.880293,0.007328,-0.046398,2.166355,0.007326,-0.578754
-1.880293,-0.007326,-0.119658,2.166355,0.007326,-0.573871
-1.880674,-0.051283,-0.183150,2.166355,0.007326,-0.573871
-1.881056,-0.095238,-0.236875,2.166355,0.007326,-0.573871
-1.881819,-0.124542,-0.261294,2.166737,0.021978,-0.573871
-1.882582,-0.168499,-0.251526,2.166355,0.007326,-0.573871
-1.883726,-0.271063,-0.207570,2.166355,-0.007328,-0.568987
-1.885252,-0.329670,-0.173382,2.166355,0.021978,-0.573871
-1.885633,-0.212454,-0.153846,2.166355,0.007326,-0.573871
-1.885633,-0.109890,-0.119658,2.166355,0.007326,-0.573871
-1.885633,-0.021978,-0.065934,2.166355,-0.007328,-0.578754
-1.886015,-0.080585,0.002442,2.166355,0.007326,-0.583638
-1.886015,-0.065933,0.065935,2.166737,0.021978,-0.583638
-1.885633,0.007328,0.124542,2.166355,-0.007328,-0.578754
-1.885252,0.095240,0.183151,2.166355,0.007326,-0.578754
-1.884489,0.139196,0.231991,2.166355,0.007326,-0.583638
-1.883726,0.124544,0.256411,2.166355,-0.007328,-0.588523
-1.883345,0.153849,0.246643,2.166355,0.021978,-0.588523
-1.882200,0.183151,0.202686,2.166355,0.007326,-0.583638
-1.881056,0.241760,0.139194,2.166355,0.007326,-0.583638
-1.879911,0.271065,0.100122,2.166355,-0.007328,-0.583638
-1.879911,0.139196,0.075703,2.166355,0.007326,-0.583638
-1.880293,-0.021978,0.036631,2.166355,0.021978,-0.578754
-1.880293,-0.007326,-0.031746,2.166355,0.021978,-0.573871
-1.880293,0.007328,-0.105006,2.166355,-0.007328,-0.568987
-1.880293,-0.036631,-0.168498,2.166355,0.021978,-0.573871
-1.881056,-0.109890,-0.227106,2.166355,-0.007328,-0.568987
-1.881437,-0.124542,-0.256411,2.166355,-0.007328,-0.573871
-1.882200,-0.153847,-0.256411,2.166355,0.007326,-0.573871
-1.883345,-0.212454,-0.217339,2.166355,0.007326,-0.573871
-1.884871,-0.315018,-0.168498,2.166355,-0.021980,-0.573871
-1.885252,-0.241758,-0.153846,2.166355,0.007326,-0.578754
-1.885633,-0.124542,-0.119658,2.166355,0.021978,-0.578754
-1.885252,-0.021978,-0.075702,2.166355,0.007326,-0.578754
-1.885633,-0.065933,-0.002442,2.166355,-0.007328,-0.578754
-1.886015,-0.080585,0.061050,2.166355,-0.007328,-0.578754
-1.885633,-0.021978,0.124542,2.166355,0.021978,-0.583638
-1.885252,0.065935,0.188035,2.166355,0.007326,-0.578754
-1.884489,0.124544,0.231991,2.166355,-0.007328,-0.578754
-1.884108,0.124544,0.251527,2.166355,0.007326,-0.583638
-1.883345,0.139196,0.241758,2.166355,-0.007328,-0.588523
-1.882582,0.168499,0.202686,2.166355,0.021978,-0.588523
-1.881437,0.212456,0.144079,2.166355,0.007326,-0.583638
-1.880293,0.256413,0.095239,2.166355,0.021978,-0.583638
-1.879911,0.168499,0.070819,2.166355,0.021978,-0.578754
-1.880674,-0.021978,0.036631,2.166355,0.007326,-0.578754
-1.880293,-0.021978,-0.031746,2.166737,0.021978,-0.578754
-1.880293,0.021980,-0.114774,2.166355,0.007326,-0.573871
-1.880674,-0.036631,-0.178267,2.166355,-0.007328,-0.568987
-1.881056,-0.109890,-0.231990,2.166355,-0.007328,-0.573871
-1.881437,-0.109890,-0.261294,2.166355,0.007326,-0.573871
-1.882200,-0.153847,-0.251526,2.166355,-0.007328,-0.573871
-1.883345,-0.212454,-0.212454,2.166355,0.007326,-0.568987
-1.884871,-0.285715,-0.163614,2.166355,0.007326,-0.568987
-1.885252,-0.241758,-0.144078,2.166355,0.007326,-0.564102
-1.885252,-0.109890,-0.109890,2.166355,0.007326,-0.573871
-1.885252,-0.021978,-0.061050,2.166355,0.007326,-0.578754
-1.885633,-0.065933,0.007326,2.166355,0.021978,-0.578754
-1.885633,-0.036631,0.070819,2.166355,0.007326,-0.578754
-1.885252,0.036633,0.139194,2.166355,0.007326,-0.578754
-1.884871,0.065935,0.197803,2.166355,0.021978,-0.583638
-1.884489,0.095240,0.241758,2.166355,0.007326,-0.578754
-1.883726,0.124544,0.251527,2.166355,-0.007328,-0.583638
-1.882963,0.139196,0.231991,2.166355,0.007326,-0.588523
-1.882200,0.168499,0.183151,2.166355,0.021978,-0.588523
-1.881056,0.227108,0.129427,2.166355,-0.007328,-0.588523
-1.880293,0.241760,0.090355,2.166355,0.007326,-0.588523
-1.880293,0.109892,0.061050,2.166355,0.007326,-0.583638
-1.880674,-0.036631,0.017095,2.166355,0.036631,-0.583638
-1.880674,-0.021978,-0.056166,2.166355,-0.021980,-0.578754
-1.880674,-0.007326,-0.134310,2.166355,0.021978,-0.578754
-1.881056,-0.065933,-0.197803,2.166355,0.021978,-0.573871
-1.881437,-0.109890,-0.241758,2.166355,0.007326,-0.568987
-1.881819,-0.109890,-0.256411,2.166355,0.007326,-0.568987
-1.882582,-0.168499,-0.236875,2.166355,-0.007328,-0.568987
-1.884108,-0.241758,-0.192918,2.166355,0.007326,-0.568987
-1.884871,-0.271063,-0.158731,2.166355,-0.007328,-0.564102
-1.885252,-0.183149,-0.134310,2.166355,0.007326,-0.568987
-1.885252,-0.036631,-0.095238,2.166355,0.021978,-0.573871
-1.885252,-0.021978,-0.031746,2.166355,0.007326,-0.573871
-1.885633,-0.065933,0.036631,2.166355,0.007326,-0.573871
-1.885252,-0.021978,0.095239,2.166355,0.007326,-0.578754
-1.884871,0.051285,0.163614,2.166355,0.007326,-0.578754
-1.884489,0.080587,0.222223,2.166355,0.021978,-0.583638
-1.884108,0.080587,0.251527,2.166355,-0.007328,-0.578754
-1.883726,0.124544,0.246643,2.166355,-0.007328,-0.588523
-1.882963,0.153849,0.212455,2.166355,0.007326,-0.583638
-1.881819,0.183151,0.163614,2.166355,0.007326,-0.583638
-1.881056,0.227108,0.105007,2.166355,0.007326,-0.583638
-1.880293,0.197803,0.070819,2.166355,0.007326,-0.583638
-1.880293,0.065935,0.041514,2.166355,0.007326,-0.583638
-1.881056,-0.051283,-0.012210,2.166355,0.021978,-0.583638
-1.880674,0.007328,-0.100122,2.166355,0.021978,-0.583638
-1.881056,-0.007326,-0.168498,2.166737,0.021978,-0.578754
-1.881056,-0.080585,-0.222222,2.166355,0.007326,-0.573871
-1.881819,-0.095238,-0.251526,2.166355,0.007326,-0.573871
-1.882200,-0.124542,-0.251526,2.166355,-0.007328,-0.573871
-1.883345,-0.183149,-0.217339,2.166355,0.007326,-0.573871
-1.884489,-0.256411,-0.168498,2.166355,0.007326,-0.568987
-1.885252,-0.241758,-0.139194,2.166355,0.007326,-0.568987
-1.885252,-0.095238,-0.109890,2.166355,0.021978,-0.568987
-1.884871,-0.021978,-0.061050,2.166355,0.007326,-0.573871
-1.885252,-0.036631,0.012211,2.166355,0.007326,-0.578754
-1.885252,-0.036631,0.075703,2.166355,0.007326,-0.578754
-1.884871,0.021980,0.144079,2.166355,0.021978,-0.583638
-1.884489,0.051285,0.207571,2.166355,0.007326,-0.578754
-1.884108,0.080587,0.241758,2.166355,-0.007328,-0.583638
-1.883726,0.080587,0.246643,2.166355,0.007326,-0.583638
-1.883345,0.109892,0.227107,2.166355,0.007326,-0.583638
-1.882582,0.153849,0.183151,2.166355,0.007326,-0.583638
-1.881437,0.183151,0.124542,2.166355,0.007326,-0.583638
-1.880674,0.197803,0.075703,2.166737,0.021978,-0.588523
-1.880674,0.124544,0.041514,2.166355,0.007326,-0.583638
-1.881056,0.007328,0.002442,2.166355,-0.007328,-0.583638
-1.881056,-0.036631,-0.075702,2.166355,0.021978,-0.583638
-1.881056,-0.007326,-0.163614,2.166737,0.007326,-0.578754
-1.881437,-0.036631,-0.217339,2.166355,0.007326,-0.573871
-1.881819,-0.065933,-0.246642,2.166355,-0.007328,-0.573871
-1.882200,-0.109890,-0.251526,2.166355,0.021978,-0.573871
-1.883345,-0.168499,-0.222222,2.166355,0.007326,-0.568987
-1.884489,-0.241758,-0.178267,2.166355,0.007326,-0.568987
-1.884871,-0.241758,-0.148962,2.166355,0.007326,-0.568987
-1.885252,-0.109890,-0.114774,2.166355,0.021978,-0.564102
-1.884871,-0.021978,-0.065934,2.166355,0.021978,-0.568987
-1.884871,-0.021978,0.002442,2.166355,0.021978,-0.573871
-1.885252,-0.051283,0.065935,2.166355,0.007326,-0.573871
-1.884871,0.007328,0.134311,2.166355,0.007326,-0.578754
-1.884489,0.051285,0.202686,2.166355,0.007326,-0.583638
-1.884489,0.065935,0.241758,2.166737,0.021978,-0.578754
-1.883726,0.080587,0.251527,2.166355,-0.007328,-0.583638
-1.883345,0.095240,0.227107,2.166355,0.007326,-0.583638
-1.882582,0.153849,0.188035,2.166355,-0.007328,-0.588523
-1.881819,0.168499,0.134311,2.166355,0.021978,-0.583638
-1.881056,0.183151,0.080586,2.166355,-0.007328,-0.583638
-1.880674,0.139196,0.041514,2.166355,0.007326,-0.583638
-1.881056,0.007328,0.002442,2.166355,0.021978,-0.583638
-1.881437,-0.051283,-0.061050,2.166355,0.007326,-0.578754
-1.881056,-0.007326,-0.158731,2.166355,0.007326,-0.578754
-1.881437,-0.021978,-0.217339,2.166737,0.021978,-0.578754
-1.881819,-0.065933,-0.246642,2.166737,0.021978,-0.578754
-1.882582,-0.095238,-0.251526,2.166355,-0.007328,-0.573871
-1.883345,-0.168499,-0.227106,2.166355,0.007326,-0.573871
-1.884108,-0.227106,-0.178267,2.166355,-0.007328,-0.564102
-1.884871,-0.212454,-0.144078,2.166355,0.021978,-0.568987
-1.884871,-0.124542,-0.109890,2.166355,0.021978,-0.568987
-1.884871,-0.021978,-0.065934,2.166355,-0.007328,-0.573871
-1.884871,-0.007326,0.002442,2.166355,0.007326,-0.573871
-1.885252,-0.051283,0.070819,2.166355,0.007326,-0.573871
-1.884871,0.007328,0.139194,2.166737,0.021978,-0.578754
-1.884489,0.036633,0.207571,2.166355,0.007326,-0.573871
-1.884489,0.051285,0.241758,2.166355,0.007326,-0.578754
-1.883726,0.080587,0.246643,2.166355,0.007326,-0.583638
-1.883345,0.095240,0.222223,2.166355,-0.007328,-0.583638
-1.882582,0.109892,0.183151,2.166355,-0.007328,-0.588523
-1.882200,0.139196,0.124542,2.166355,0.021978,-0.588523
-1.881437,0.139196,0.075703,2.166355,0.007326,-0.583638
-1.881056,0.139196,0.031747,2.166355,0.021978,-0.588523
-1.881056,0.036633,-0.012210,2.166355,0.021978,-0.583638
-1.881437,-0.036631,-0.075702,2.166355,-0.007328,-0.583638
-1.881437,-0.036631,-0.168498,2.166355,0.007326,-0.583638
-1.881819,-0.051283,-0.231990,2.166737,0.007326,-0.583638
-1.882200,-0.065933,-0.251526,2.166355,0.007326,-0.578754
-1.882963,-0.153847,-0.241758,2.166355,0.007326,-0.583638
-1.884108,-0.197802,-0.207570,2.166355,-0.007328,-0.578754
-1.884871,-0.212454,-0.178267,2.166355,0.007326,-0.573871
-1.884871,-0.139194,-0.144078,2.166355,0.007326,-0.568987
-1.884871,-0.051283,-0.100122,2.166355,0.007326,-0.564102
-1.884871,-0.007326,-0.041514,2.166355,-0.007328,-0.568987
-1.885252,-0.051283,0.021978,2.166355,0.007326,-0.568987
-1.885252,-0.021978,0.090355,2.166355,0.007326,-0.568987
-1.884871,0.051285,0.163614,2.166355,0.007326,-0.573871
-1.884489,0.051285,0.222223,2.166737,0.021978,-0.578754
-1.884108,0.080587,0.246643,2.166355,0.007326,-0.578754
-1.883726,0.080587,0.246643,2.166355,0.007326,-0.578754
-1.882963,0.124544,0.212455,2.166355,-0.007328,-0.588523
-1.882582,0.139196,0.163614,2.166355,0.021978,-0.593407
-1.881819,0.139196,0.109891,2.166355,0.007326,-0.593407
-1.881056,0.153849,0.061050,2.166355,-0.007328,-0.588523
-1.880674,0.109892,0.017095,2.166355,0.007326,-0.588523
-1.881056,-0.021978,-0.026862,2.166355,-0.007328,-0.583638
-1.881437,-0.051283,-0.114774,2.166737,0.021978,-0.583638
-1.881437,-0.036631,-0.197803,2.166355,0.007326,-0.583638
-1.881819,-0.051283,-0.241758,2.166355,0.007326,-0.578754
-1.882200,-0.080585,-0.251526,2.166737,0.007326,-0.573871
-1.882963,-0.139194,-0.236875,2.166355,-0.007328,-0.573871
-1.883726,-0.197802,-0.192918,2.166355,0.007326,-0.573871
-1.884871,-0.212454,-0.153846,2.166355,0.021978,-0.568987
-1.884871,-0.139194,-0.119658,2.166355,0.007326,-0.568987
-1.884871,-0.036631,-0.080586,2.166355,0.007326,-0.573871
-1.884871,-0.007326,-0.021978,2.166737,0.007326,-0.573871
-1.884871,-0.065933,0.051283,2.166355,0.007326,-0.573871
-1.884871,-0.007326,0.119658,2.166737,0.007326,-0.578754
-1.884489,0.036633,0.192919,2.166355,0.007326,-0.583638
-1.884489,0.051285,0.236875,2.166355,0.007326,-0.583638
-1.884108,0.065935,0.251527,2.166355,0.007326,-0.583638
-1.883726,0.080587,0.231991,2.166355,0.007326,-0.583638
-1.882963,0.109892,0.192919,2.166355,-0.007328,-0.578754
-1.882582,0.095240,0.144079,2.166355,0.007326,-0.583638
-1.882582,0.095240,0.090355,2.166355,0.021978,-0.588523
-1.882582,0.021980,0.046398,2.166355,0.021978,-0.588523
-1.882582,0.007328,-0.012210,2.166355,0.007326,-0.588523
-1.882582,0.007328,-0.085470,2.166355,0.007326,-0.588523
-1.882963,-0.080585,-0.153846,2.166737,0.021978,-0.588523
-1.883726,-0.124542,-0.207570,2.166737,0.007326,-0.583638
-1.884489,-0.197802,-0.241758,2.166737,0.007326,-0.583638
-1.884871,-0.183149,-0.256411,2.166737,-0.007328,-0.578754
-1.885252,-0.109890,-0.241758,2.166355,0.007326,-0.573871
-1.885633,-0.109890,-0.192918,2.166355,0.007326,-0.573871
-1.885633,-0.080585,-0.144078,2.166355,0.021978,-0.568987
-1.885633,-0.036631,-0.090354,2.166355,-0.007328,-0.568987
-1.886015,-0.051283,-0.031746,2.166355,0.021978,-0.578754
-1.886015,-0.036631,0.026863,2.166355,0.007326,-0.578754
-1.885633,0.036633,0.090355,2.166355,0.021978,-0.583638
-1.884871,0.095240,0.158731,2.166355,0.007326,-0.578754
-1.884489,0.109892,0.222223,2.166355,0.007326,-0.583638
-1.884108,0.124544,0.256411,2.166355,0.007326,-0.583638
-1.883345,0.109892,0.241758,2.166355,0.007326,-0.583638
-1.882582,0.153849,0.202686,2.166355,0.007326,-0.583638
-1.881437,0.212456,0.144079,2.166355,0.007326,-0.583638
-1.880674,0.227108,0.090355,2.166355,-0.007328,-0.583638
-1.880293,0.139196,0.061050,2.166355,0.007326,-0.583638
-1.880674,-0.007326,0.017095,2.166355,0.007326,-0.583638
-1.880674,-0.021978,-0.056166,2.166737,0.007326,-0.578754
-1.880674,0.007328,-0.139194,2.166355,0.007326,-0.583638
-1.881056,-0.036631,-0.202686,2.166355,0.007326,-0.583638
-1.881437,-0.080585,-0.241758,2.166355,-0.007328,-0.573871
-1.881819,-0.095238,-0.256411,2.166355,-0.007328,-0.578754
-1.882582,-0.139194,-0.231990,2.166355,0.007326,-0.578754
-1.883726,-0.212454,-0.178267,2.166355,0.007326,-0.578754
-1.884489,-0.241758,-0.119658,2.166355,-0.007328,-0.578754
-1.885252,-0.197802,-0.090354,2.166737,0.021978,-0.578754
-1.884871,-0.051283,-0.061050,2.166355,0.007326,-0.578754
-1.884871,-0.007326,0.007326,2.166737,0.007326,-0.583638
-1.885252,-0.051283,0.085470,2.166355,0.007326,-0.583638
-1.884871,-0.007326,0.148963,2.166355,0.007326,-0.583638
-1.884489,0.036633,0.217339,2.166355,-0.007328,-0.583638
-1.884108,0.036633,0.246643,2.166355,0.007326,-0.583638
-1.884108,0.065935,0.236875,2.166355,0.007326,-0.578754
-1.883345,0.095240,0.207571,2.166355,0.007326,-0.578754
-1.882963,0.095240,0.163614,2.166355,0.007326,-0.583638
-1.882963,0.051285,0.119658,2.166355,0.007326,-0.578754
-1.883345,-0.021978,0.070819,2.166355,0.007326,-0.578754
-1.882963,0.007328,0.002442,2.166355,-0.007328,-0.578754
-1.883345,0.007328,-0.061050,2.166355,0.021978,-0.583638
-1.883726,-0.065933,-0.129426,2.166737,0.007326,-0.583638
-1.884489,-0.139194,-0.192918,2.166355,0.007326,-0.583638
-1.884871,-0.124542,-0.251526,2.166355,-0.007328,-0.583638
-1.885252,-0.095238,-0.266178,2.166355,-0.007328,-0.583638
-1.885633,-0.095238,-0.241758,2.166355,0.007326,-0.583638
-1.886015,-0.109890,-0.197803,2.166355,0.021978,-0.578754
-1.886396,-0.080585,-0.148962,2.166355,0.007326,-0.573871
-1.886015,-0.021978,-0.105006,2.166355,0.021978,-0.573871
-1.886015,0.021980,-0.046398,2.166355,-0.007328,-0.573871
-1.886015,-0.007326,0.021978,2.166355,0.007326,-0.578754
-1.885633,0.021980,0.080586,2.166355,0.007326,-0.578754
-1.885252,0.095240,0.148963,2.166355,0.007326,-0.583638
-1.884489,0.153849,0.212455,2.166355,0.007326,-0.583638
-1.884108,0.124544,0.256411,2.166355,0.021978,-0.583638
-1.883726,0.095240,0.246643,2.166355,-0.007328,-0.583638
-1.882963,0.109892,0.207571,2.166737,0.007326,-0.588523
-1.882582,0.139196,0.153847,2.166355,0.007326,-0.588523
-1.881819,0.109892,0.100122,2.166355,0.007326,-0.588523
-1.881819,0.095240,0.056167,2.166355,0.021978,-0.588523
-1.881437,0.080587,-0.002442,2.166355,0.007326,-0.578754
-1.881437,0.051285,-0.065934,2.166355,0.007326,-0.578754
-1.881437,-0.021978,-0.144078,2.166355,0.007326,-0.578754
-1.881819,-0.051283,-0.207570,2.166355,-0.007328,-0.568987
-1.882200,-0.080585,-0.241758,2.166355,0.007326,-0.568987
-1.882963,-0.139194,-0.241758,2.166355,0.007326,-0.573871
-1.884108,-0.197802,-0.207570,2.166355,-0.007328,-0.578754
-1.884871,-0.227106,-0.173382,2.166355,0.021978,-0.578754
-1.885252,-0.139194,-0.139194,2.166355,0.007326,-0.578754
-1.884871,-0.065933,-0.095238,2.166355,0.021978,-0.573871
-1.885252,-0.021978,-0.036630,2.166355,0.007326,-0.573871
-1.885252,-0.051283,0.031747,2.166355,0.007326,-0.578754
-1.885252,-0.021978,0.100122,2.166355,0.007326,-0.588523
-1.884871,0.065935,0.168499,2.166737,0.007326,-0.583638
-1.884489,0.080587,0.222223,2.166737,0.021978,-0.583638
-1.884108,0.095240,0.246643,2.166355,0.021978,-0.583638
-1.883726,0.080587,0.231991,2.166355,-0.007328,-0.578754
-1.882963,0.109892,0.192919,2.166355,-0.007328,-0.583638
-1.882582,0.109892,0.139194,2.166355,0.007326,-0.588523
-1.882582,0.080587,0.095239,2.166355,-0.007328,-0.588523
-1.882582,0.021980,0.041514,2.166355,0.007326,-0.583638
-1.882582,0.021980,-0.017094,2.166355,0.007326,-0.583638
-1.882582,0.007328,-0.090354,2.166355,0.007326,-0.583638
-1.882963,-0.080585,-0.158731,2.166355,0.007326,-0.578754
-1.883726,-0.153847,-0.207570,2.166737,0.007326,-0.583638
-1.884871,-0.183149,-0.246642,2.166737,-0.007328,-0.578754
-1.885252,-0.153847,-0.256411,2.166355,0.007326,-0.578754
-1.885633,-0.124542,-0.231990,2.166355,0.007326,-0.578754
-1.885633,-0.095238,-0.178267,2.166355,0.007326,-0.573871
-1.885633,-0.051283,-0.129426,2.166355,-0.007328,-0.573871
-1.885633,-0.007326,-0.070818,2.166355,-0.007328,-0.573871
-1.886015,-0.051283,-0.007326,2.166355,0.007326,-0.578754
-1.885633,0.007328,0.056167,2.166355,-0.007328,-0.583638
-1.885252,0.051285,0.124542,2.166355,0.007326,-0.583638
-1.884871,0.109892,0.192919,2.166355,-0.007328,-0.583638
-1.884108,0.109892,0.241758,2.166355,0.007326,-0.593407
-1.883726,0.095240,0.251527,2.166355,0.007326,-0.588523
-1.883345,0.080587,0.222223,2.166737,0.021978,-0.588523
-1.882582,0.124544,0.173383,2.166355,-0.007328,-0.588523
-1.882582,0.095240,0.119658,2.166355,-0.007328,-0.593407
-1.882200,0.065935,0.070819,2.166355,0.007326,-0.588523
-1.882200,0.021980,0.012211,2.166355,0.021978,-0.588523
-1.881819,0.051285,-0.056166,2.166737,0.021978,-0.583638
-1.881819,0.021980,-0.129426,2.166737,0.021978,-0.578754
-1.882582,-0.080585,-0.192918,2.166355,0.007326,-0.573871
-1.882963,-0.109890,-0.227106,2.166355,0.007326,-0.578754
-1.884108,-0.197802,-0.231990,2.166355,-0.007328,-0.578754
-1.884871,-0.197802,-0.227106,2.166355,0.007326,-0.578754
-1.885252,-0.153847,-0.202686,2.166355,0.007326,-0.578754
-1.885252,-0.095238,-0.153846,2.166355,-0.007328,-0.573871
-1.885252,-0.036631,-0.100122,2.166355,0.007326,-0.573871
-1.885633,-0.051283,-0.036630,2.166355,0.007326,-0.578754
-1.885633,-0.080585,0.031747,2.166355,0.007326,-0.578754
-1.885633,-0.021978,0.095239,2.166355,0.007326,-0.578754
-1.885252,0.051285,0.163614,2.166355,0.021978,-0.583638
-1.884489,0.124544,0.217339,2.166355,0.007326,-0.588523
-1.884108,0.109892,0.251527,2.166355,0.007326,-0.588523
-1.883726,0.124544,0.236875,2.166355,0.007326,-0.588523
-1.882963,0.124544,0.192919,2.166355,0.007326,-0.588523
-1.882582,0.124544,0.144079,2.166355,0.007326,-0.588523
-1.882200,0.109892,0.090355,2.166355,0.007326,-0.588523
-1.881819,0.065935,0.036631,2.166355,0.007326,-0.593407
-1.881819,0.065935,-0.026862,2.166355,0.007326,-0.588523
-1.881437,0.051285,-0.100122,2.166737,0.021978,-0.588523
-1.881819,-0.021978,-0.168498,2.166355,0.021978,-0.583638
-1.882200,-0.095238,-0.222222,2.166737,0.007326,-0.583638
-1.882582,-0.109890,-0.241758,2.166737,-0.007328,-0.578754
-1.884108,-0.227106,-0.222222,2.166355,0.007326,-0.583638
-1.884871,-0.212454,-0.197803,2.166355,0.007326,-0.578754
-1.884871,-0.153847,-0.168498,2.166355,0.007326,-0.573871
-1.884871,-0.080585,-0.114774,2.166355,0.007326,-0.573871
-1.884871,-0.007326,-0.061050,2.166355,0.007326,-0.573871
-1.885252,-0.065933,0.012211,2.166355,0.007326,-0.578754
-1.885252,-0.051283,0.080586,2.166355,0.007326,-0.578754
-1.884871,0.021980,0.148963,2.166355,-0.007328,-0.578754
-1.884489,0.051285,0.207571,2.166355,0.021978,-0.583638
-1.884489,0.080587,0.241758,2.166355,-0.021980,-0.583638
-1.883726,0.065935,0.236875,2.166355,0.007326,-0.588523
-1.883726,0.065935,0.202686,2.166355,0.007326,-0.588523
-1.883345,0.065935,0.153847,2.166737,0.021978,-0.583638
-1.883345,0.007328,0.109891,2.166355,-0.007328,-0.583638
-1.883726,-0.021978,0.051283,2.166355,0.007326,-0.588523
-1.883345,0.021980,-0.012210,2.166355,0.021978,-0.588523
-1.883726,-0.021978,-0.080586,2.166737,0.007326,-0.583638
-1.884108,-0.051283,-0.153846,2.166737,0.021978,-0.588523
-1.884489,-0.109890,-0.217339,2.166737,0.021978,-0.588523
-1.884871,-0.124542,-0.251526,2.166737,0.007326,-0.583638
-1.885252,-0.095238,-0.251526,2.166355,-0.007328,-0.578754
-1.885633,-0.095238,-0.217339,2.166737,0.007326,-0.578754
-1.886015,-0.080585,-0.168498,2.166737,0.007326,-0.578754
-1.885633,-0.021978,-0.124542,2.166355,-0.007328,-0.573871
-1.885633,0.021980,-0.070818,2.166355,0.007326,-0.573871
-1.885633,-0.021978,0.002442,2.166355,0.007326,-0.578754
-1.885633,-0.007326,0.065935,2.166355,-0.007328,-0.578754
-1.885252,0.065935,0.134311,2.166355,0.021978,-0.583638
-1.884489,0.109892,0.202686,2.166355,0.007326,-0.583638
-1.884108,0.095240,0.246643,2.166355,0.007326,-0.583638
-1.883726,0.095240,0.246643,2.166355,-0.007328,-0.588523
-1.883345,0.095240,0.212455,2.166355,0.007326,-0.588523
-1.882582,0.139196,0.158731,2.166355,-0.007328,-0.593407
-1.882582,0.095240,0.105007,2.166355,0.007326,-0.598290
-1.882582,0.021980,0.056167,2.166355,0.007326,-0.588523
-1.882582,0.007328,-0.007326,2.166355,0.007326,-0.583638
-1.882200,0.036633,-0.080586,2.166355,0.007326,-0.583638
-1.882582,-0.036631,-0.153846,2.166355,-0.007328,-0.583638
-1.883345,-0.139194,-0.207570,2.166355,0.007326,-0.578754
-1.884489,-0.168499,-0.231990,2.166355,-0.007328,-0.578754
-1.884871,-0.183149,-0.241758,2.166355,0.007326,-0.583638
-1.885252,-0.139194,-0.222222,2.166355,0.007326,-0.583638
-1.885633,-0.124542,-0.173382,2.166737,0.021978,-0.583638
-1.885633,-0.051283,-0.124542,2.166355,-0.007328,-0.578754
-1.885633,-0.021978,-0.061050,2.166737,0.021978,-0.578754
-1.886015,-0.065933,0.007326,2.166355,0.021978,-0.573871
-1.886015,-0.036631,0.070819,2.166355,0.007326,-0.578754
-1.885633,0.021980,0.134311,2.166355,0.007326,-0.578754
-1.884871,0.109892,0.197803,2.166355,0.007326,-0.583638
-1.884489,0.124544,0.236875,2.166355,0.007326,-0.583638
-1.883726,0.124544,0.241758,2.166355,0.021978,-0.588523
-1.883345,0.109892,0.207571,2.166355,0.021978,-0.583638
-1.882582,0.124544,0.158731,2.166737,0.021978,-0.583638
-1.882582,0.065935,0.105007,2.166355,0.007326,-0.578754
-1.882582,0.021980,0.051283,2.166355,-0.021980,-0.583638
-1.882582,0.036633,-0.017094,2.166355,0.021978,-0.588523
-1.882200,0.036633,-0.095238,2.166355,0.007326,-0.588523
-1.882582,-0.051283,-0.158731,2.166737,0.021978,-0.583638
-1.883345,-0.124542,-0.207570,2.166737,0.007326,-0.588523
-1.884489,-0.183149,-0.231990,2.166355,0.021978,-0.583638
-1.884871,-0.168499,-0.241758,2.166737,0.007326,-0.578754
-1.885252,-0.139194,-0.217339,2.166355,-0.007328,-0.578754
-1.885633,-0.095238,-0.168498,2.166355,0.021978,-0.578754
-1.885252,-0.036631,-0.119658,2.166355,-0.021980,-0.573871
-1.885252,-0.007326,-0.051282,2.166355,0.007326,-0.578754
-1.885633,-0.065933,0.012211,2.166355,-0.007328,-0.578754
-1.885633,-0.021978,0.080586,2.166355,0.007326,-0.578754
-1.885252,0.051285,0.153847,2.166355,-0.007328,-0.578754
-1.884489,0.095240,0.212455,2.166737,0.021978,-0.578754
-1.884108,0.095240,0.241758,2.166355,0.007326,-0.583638
-1.884108,0.095240,0.236875,2.166355,0.007326,-0.583638
-1.883345,0.080587,0.192919,2.166355,-0.007328,-0.583638
-1.883345,0.095240,0.148963,2.166355,0.007326,-0.588523
-1.883345,0.007328,0.095239,2.166355,0.007326,-0.583638
-1.883345,-0.007326,0.031747,2.166355,-0.007328,-0.583638
-1.882963,0.021980,-0.036630,2.166355,0.007326,-0.578754
-1.883345,-0.007326,-0.109890,2.166737,0.021978,-0.578754
-1.884108,-0.095238,-0.178267,2.166355,0.007326,-0.578754
-1.884489,-0.139194,-0.231990,2.166355,0.021978,-0.578754
-1.884871,-0.124542,-0.251526,2.166737,0.021978,-0.578754
-1.885252,-0.109890,-0.241758,2.166355,0.007326,-0.573871
-1.885633,-0.109890,-0.197803,2.166355,0.007326,-0.573871
-1.886015,-0.080585,-0.148962,2.166355,-0.007328,-0.573871
-1.885633,-0.007326,-0.095238,2.166355,0.007326,-0.573871
-1.885633,-0.021978,-0.026862,2.166355,0.007326,-0.573871
-1.886015,-0.021978,0.036631,2.166355,0.007326,-0.578754
-1.885633,0.007328,0.105007,2.166737,0.021978,-0.583638
-1.885252,0.080587,0.173383,2.166355,-0.007328,-0.578754
-1.884489,0.124544,0.227107,2.166355,0.007326,-0.588523
-1.884108,0.109892,0.241758,2.166355,0.007326,-0.588523
-1.883726,0.095240,0.222223,2.166355,0.007326,-0.588523
-1.883345,0.095240,0.173383,2.166355,0.021978,-0.593407
-1.882963,0.065935,0.124542,2.166355,0.007326,-0.588523
-1.883345,-0.007326,0.075703,2.166355,0.021978,-0.588523
-1.882963,0.021980,0.002442,2.166355,0.007326,-0.583638
-1.882582,0.036633,-0.065934,2.166355,0.007326,-0.578754
-1.883345,-0.051283,-0.139194,2.166355,-0.007328,-0.583638
-1.883726,-0.109890,-0.197803,2.166355,-0.007328,-0.578754
-1.884489,-0.139194,-0.236875,2.166355,0.007326,-0.573871
-1.885252,-0.153847,-0.251526,2.166355,0.007326,-0.578754
-1.885252,-0.124542,-0.227106,2.166737,0.007326,-0.578754
-1.885633,-0.109890,-0.178267,2.166355,0.007326,-0.573871
-1.885633,-0.065933,-0.124542,2.166355,-0.007328,-0.573871
-1.885633,-0.007326,-0.065934,2.166355,0.007326,-0.578754
-1.886015,-0.036631,0.002442,2.166355,0.007326,-0.578754
-1.886015,-0.036631,0.065935,2.166355,0.021978,-0.573871
-1.885252,0.051285,0.139194,2.166355,0.007326,-0.573871
-1.884871,0.095240,0.197803,2.166355,0.007326,-0.578754
-1.884489,0.109892,0.236875,2.166355,0.007326,-0.588523
-1.883726,0.109892,0.231991,2.166737,0.021978,-0.593407
-1.883345,0.109892,0.197803,2.166355,0.007326,-0.593407
-1.882963,0.095240,0.148963,2.166355,0.021978,-0.588523
-1.883345,0.021980,0.100122,2.166355,0.007326,-0.588523
-1.883345,0.007328,0.041514,2.166355,-0.007328,-0.588523
-1.882963,0.051285,-0.031746,2.166737,0.036631,-0.588523
-1.883345,-0.007326,-0.100122,2.166355,0.021978,-0.583638
-1.883726,-0.095238,-0.168498,2.166355,0.007326,-0.578754
-1.884489,-0.139194,-0.222222,2.166355,0.007326,-0.578754
-1.884871,-0.139194,-0.246642,2.166737,0.007326,-0.578754
-1.885252,-0.124542,-0.236875,2.166355,0.007326,-0.578754
-1.885633,-0.109890,-0.192918,2.166355,0.007326,-0.578754
-1.885633,-0.065933,-0.144078,2.166355,-0.007328,-0.573871
-1.885633,0.007328,-0.090354,2.166355,0.021978,-0.573871
-1.885633,-0.051283,-0.021978,2.166355,-0.007328,-0.573871
-1.886015,-0.036631,0.041514,2.166355,0.007326,-0.578754
-1.885633,0.007328,0.114775,2.166355,-0.007328,-0.578754
-1.885252,0.080587,0.178267,2.166355,0.007326,-0.583638
-1.884489,0.124544,0.227107,2.166355,0.007326,-0.588523
-1.884108,0.095240,0.241758,2.166355,-0.007328,-0.588523
-1.883726,0.109892,0.212455,2.166355,0.007326,-0.593407
-1.883345,0.095240,0.168499,2.166355,0.007326,-0.593407
-1.883345,0.021980,0.119658,2.166355,0.021978,-0.588523
-1.883345,-0.036631,0.056167,2.166355,0.007326,-0.588523
-1.883345,0.036633,-0.012210,2.166737,0.021978,-0.588523
-1.883345,0.007328,-0.085470,2.166355,0.007326,-0.583638
-1.883726,-0.065933,-0.153846,2.166737,0.021978,-0.583638
-1.884108,-0.124542,-0.212454,2.166355,-0.007328,-0.578754
-1.884871,-0.124542,-0.246642,2.166355,0.007326,-0.578754
-1.885252,-0.109890,-0.241758,2.166355,0.007326,-0.578754
-1.885633,-0.124542,-0.202686,2.166355,-0.007328,-0.573871
-1.885633,-0.080585,-0.153846,2.166355,-0.007328,-0.568987
-1.885633,-0.007326,-0.105006,2.166355,0.007326,-0.573871
-1.885633,-0.007326,-0.036630,2.166355,0.007326,-0.573871
-1.885633,-0.051283,0.026863,2.166355,0.021978,-0.578754
-1.885633,0.036633,0.095239,2.166355,0.007326,-0.573871
-1.884871,0.095240,0.168499,2.166355,0.007326,-0.578754
-1.884489,0.095240,0.222223,2.166355,0.007326,-0.588523
-1.884108,0.109892,0.246643,2.166355,-0.007328,-0.583638
-1.883726,0.080587,0.222223,2.166355,0.007326,-0.588523
-1.883345,0.095240,0.173383,2.166355,0.007326,-0.588523
-1.883345,0.036633,0.124542,2.166355,0.007326,-0.588523
-1.883726,-0.021978,0.070819,2.166355,0.007326,-0.588523
-1.883345,0.021980,-0.002442,2.166355,0.007326,-0.588523
-1.883345,0.007328,-0.070818,2.166355,0.007326,-0.578754
-1.883726,-0.065933,-0.144078,2.166737,0.021978,-0.578754
-1.884489,-0.109890,-0.207570,2.166355,-0.007328,-0.573871
-1.884871,-0.109890,-0.246642,2.166355,0.007326,-0.583638
-1.885252,-0.109890,-0.241758,2.166355,-0.007328,-0.578754
-1.885633,-0.095238,-0.207570,2.166355,0.007326,-0.578754
-1.885633,-0.095238,-0.158731,2.166355,-0.007328,-0.573871
-1.885633,-0.007326,-0.109890,2.166355,-0.007328,-0.573871
-1.885633,0.007328,-0.046398,2.166355,0.021978,-0.578754
-1.885633,-0.051283,0.021978,2.166355,0.021978,-0.573871
-1.885633,-0.007326,0.090355,2.166355,0.007326,-0.578754
-1.885252,0.065935,0.168499,2.166355,-0.007328,-0.583638
-1.884489,0.109892,0.217339,2.166355,0.021978,-0.583638
-1.884108,0.109892,0.241758,2.166355,0.007326,-0.588523
-1.883726,0.095240,0.227107,2.166355,0.007326,-0.588523
-1.883345,0.095240,0.178267,2.166355,-0.007328,-0.583638
-1.883345,0.036633,0.129427,2.166355,0.007326,-0.588523
-1.883726,-0.036631,0.070819,2.166355,0.007326,-0.588523
-1.883345,0.021980,-0.002442,2.166355,0.021978,-0.583638
-1.883345,0.007328,-0.070818,2.166355,0.021978,-0.578754
-1.883726,-0.051283,-0.139194,2.166355,-0.007328,-0.573871
-1.884489,-0.095238,-0.207570,2.166737,0.007326,-0.578754
-1.884871,-0.109890,-0.246642,2.166355,0.007326,-0.573871
-1.885252,-0.109890,-0.246642,2.166355,0.007326,-0.573871
-1.885633,-0.109890,-0.207570,2.166355,0.007326,-0.578754
-1.885633,-0.065933,-0.158731,2.166355,0.007326,-0.573871
-1.885633,-0.007326,-0.109890,2.166355,0.007326,-0.573871
-1.885633,0.021980,-0.041514,2.166355,0.007326,-0.578754
-1.885633,-0.036631,0.026863,2.166737,0.021978,-0.578754
-1.885633,0.007328,0.095239,2.166355,0.007326,-0.573871
-1.884871,0.065935,0.168499,2.166355,0.007326,-0.578754
-1.884489,0.095240,0.222223,2.166355,0.021978,-0.578754
-1.884108,0.095240,0.241758,2.166355,0.007326,-0.583638
-1.883726,0.095240,0.217339,2.166355,0.007326,-0.593407
-1.883345,0.095240,0.173383,2.166355,-0.007328,-0.588523
-1.883726,0.036633,0.124542,2.166355,0.021978,-0.588523
-1.883726,-0.036631,0.065935,2.166737,0.007326,-0.583638
-1.883345,0.021980,-0.007326,2.166737,0.021978,-0.583638
-1.883726,0.007328,-0.080586,2.166737,0.021978,-0.583638
-1.884108,-0.080585,-0.148962,2.166737,0.021978,-0.583638
-1.884489,-0.109890,-0.217339,2.166737,0.007326,-0.578754
-1.884871,-0.095238,-0.251526,2.166355,-0.007328,-0.573871
-1.885252,-0.109890,-0.236875,2.166355,0.007326,-0.573871
-1.885633,-0.124542,-0.197803,2.166355,0.007326,-0.573871
-1.885633,-0.080585,-0.148962,2.166355,-0.007328,-0.573871
-1.885252,0.021980,-0.100122,2.166355,0.007326,-0.573871
-1.885633,-0.007326,-0.031746,2.166355,0.007326,-0.573871
-1.885633,-0.036631,0.036631,2.166355,-0.007328,-0.578754
-1.885252,0.021980,0.109891,2.166355,0.021978,-0.583638
-1.884871,0.065935,0.178267,2.166355,0.007326,-0.583638
-1.884489,0.109892,0.227107,2.166355,0.021978,-0.583638
-1.884108,0.080587,0.236875,2.166355,0.007326,-0.588523
-1.883726,0.095240,0.207571,2.166355,0.007326,-0.593407
-1.883345,0.080587,0.163614,2.166355,-0.007328,-0.593407
-1.883726,-0.007326,0.114775,2.166355,0.021978,-0.593407
-1.883726,-0.036631,0.046398,2.166737,0.021978,-0.588523
-1.883726,0.021980,-0.021978,2.166355,0.007326,-0.583638
-1.883726,-0.007326,-0.095238,2.166355,0.007326,-0.583638
-1.884108,-0.080585,-0.168498,2.166355,0.007326,-0.583638
-1.884489,-0.109890,-0.222222,2.166355,-0.007328,-0.578754
-1.884871,-0.124542,-0.251526,2.166737,0.007326,-0.578754
-1.885252,-0.095238,-0.231990,2.166355,0.007326,-0.578754
-1.885633,-0.109890,-0.188034,2.166355,-0.007328,-0.578754
-1.885633,-0.051283,-0.139194,2.166355,-0.007328,-0.573871
-1.885252,-0.007326,-0.080586,2.166355,-0.007328,-0.578754
-1.885633,-0.007326,-0.012210,2.166355,0.007326,-0.578754
-1.885633,-0.021978,0.056167,2.166355,0.021978,-0.578754
-1.885252,0.051285,0.129427,2.166355,-0.007328,-0.578754
-1.884871,0.080587,0.197803,2.166355,0.007326,-0.583638
-1.884108,0.095240,0.236875,2.166355,0.007326,-0.588523
-1.884108,0.065935,0.231991,2.166355,0.021978,-0.588523
-1.883726,0.080587,0.192919,2.166355,-0.007328,-0.588523
-1.883345,0.065935,0.144079,2.166355,-0.007328,-0.588523
-1.883726,-0.021978,0.090355,2.166355,0.007326,-0.588523
-1.883726,-0.007326,0.021978,2.166355,0.007326,-0.588523
-1.883726,0.021980,-0.051282,2.166355,0.007326,-0.588523
-1.883726,-0.051283,-0.124542,2.166737,0.021978,-0.583638
-1.884489,-0.095238,-0.192918,2.166737,0.021978,-0.578754
-1.884871,-0.109890,-0.241758,2.166737,0.007326,-0.583638
-1.885252,-0.095238,-0.246642,2.166355,0.007326,-0.578754
-1.885252,-0.095238,-0.212454,2.166355,0.007326,-0.573871
-1.885633,-0.080585,-0.163614,2.166355,-0.007328,-0.568987
-1.885252,0.007328,-0.114774,2.166355,-0.007328,-0.578754
-1.885252,0.007328,-0.051282,2.166355,0.007326,-0.578754
-1.885633,-0.021978,0.021978,2.166355,0.021978,-0.578754
-1.885252,0.007328,0.085470,2.166355,0.007326,-0.573871
-1.884871,0.051285,0.163614,2.166355,0.007326,-0.578754
-1.884489,0.080587,0.222223,2.166355,-0.007328,-0.583638
-1.884108,0.095240,0.241758,2.166737,0.007326,-0.588523
-1.883726,0.080587,0.217339,2.166355,0.007326,-0.593407
-1.883345,0.080587,0.173383,2.166355,-0.007328,-0.583638
-1.883726,0.007328,0.124542,2.166355,-0.007328,-0.588523
-1.883726,-0.036631,0.061050,2.166355,0.007326,-0.588523
-1.883726,0.007328,-0.012210,2.166355,0.007326,-0.583638
-1.883726,-0.007326,-0.085470,2.166737,0.021978,-0.583638
-1.884108,-0.065933,-0.158731,2.166737,0.007326,-0.578754
-1.884489,-0.095238,-0.222222,2.166355,0.007326,-0.578754
-1.884871,-0.080585,-0.246642,2.166355,0.021978,-0.573871
-1.885252,-0.095238,-0.231990,2.166737,0.021978,-0.573871
-1.885633,-0.080585,-0.188034,2.166355,0.007326,-0.568987
-1.885252,-0.036631,-0.134310,2.166355,0.007326,-0.568987
-1.885252,0.021980,-0.085470,2.166355,0.007326,-0.573871
-1.885252,0.007328,-0.012210,2.166355,0.007326,-0.573871
-1.885252,-0.021978,0.056167,2.166355,-0.021980,-0.578754
-1.885252,0.036633,0.134311,2.166355,0.007326,-0.583638
-1.884489,0.080587,0.197803,2.166355,0.007326,-0.583638
-1.884489,0.080587,0.231991,2.166355,0.021978,-0.583638
-1.884108,0.065935,0.231991,2.166355,0.021978,-0.588523
-1.883726,0.080587,0.192919,2.166737,0.007326,-0.588523
-1.883726,0.021980,0.139194,2.166355,-0.007328,-0.588523
-1.884108,-0.021978,0.085470,2.166355,0.007326,-0.588523
-1.883726,-0.007326,0.012211,2.166355,0.007326,-0.588523
-1.883726,0.021980,-0.056166,2.166355,-0.007328,-0.588523
-1.884108,-0.036631,-0.134310,2.166355,0.007326,-0.583638
-1.884489,-0.080585,-0.202686,2.166355,-0.007328,-0.583638
-1.884871,-0.095238,-0.246642,2.166355,0.007326,-0.578754
-1.884871,-0.065933,-0.241758,2.166355,0.007326,-0.578754
-1.885252,-0.080585,-0.207570,2.166355,0.007326,-0.573871
-1.885633,-0.065933,-0.153846,2.166355,0.021978,-0.568987
-1.885252,0.007328,-0.105006,2.166355,0.021978,-0.568987
-1.885252,0.007328,-0.036630,2.166355,-0.007328,-0.568987
-1.885252,-0.021978,0.036631,2.166355,0.007326,-0.568987
-1.885252,0.007328,0.109891,2.166355,0.007326,-0.573871
-1.884871,0.065935,0.183151,2.166355,-0.007328,-0.578754
-1.884489,0.080587,0.231991,2.166355,0.007326,-0.583638
-1.884108,0.065935,0.236875,2.166355,-0.007328,-0.588523
-1.883726,0.065935,0.202686,2.166355,0.007326,-0.588523
-1.883726,0.051285,0.153847,2.166355,-0.007328,-0.588523
-1.884108,-0.021978,0.100122,2.166355,0.021978,-0.588523
-1.884108,-0.021978,0.031747,2.166355,0.007326,-0.588523
-1.883726,0.021980,-0.036630,2.166737,0.036631,-0.583638
-1.884108,-0.036631,-0.114774,2.166737,0.021978,-0.573871
-1.884489,-0.080585,-0.188034,2.166355,0.007326,-0.578754
-1.884871,-0.065933,-0.236875,2.166355,-0.007328,-0.578754
-1.885252,-0.065933,-0.246642,2.166355,0.021978,-0.578754
-1.885252,-0.065933,-0.217339,2.166355,-0.007328,-0.573871
-1.885252,-0.051283,-0.163614,2.166737,0.007326,-0.573871
-1.885252,-0.007326,-0.114774,2.166355,0.007326,-0.568987
-1.884871,0.036633,-0.051282,2.166355,-0.007328,-0.568987
-1.885252,-0.021978,0.021978,2.166355,-0.007328,-0.573871
-1.884871,0.007328,0.095239,2.166355,0.007326,-0.578754
-1.884871,0.036633,0.173383,2.166355,0.021978,-0.578754
-1.884489,0.065935,0.222223,2.166355,0.007326,-0.578754
-1.884108,0.051285,0.236875,2.166737,0.007326,-0.583638
-1.883726,0.065935,0.212455,2.166737,0.021978,-0.588523
-1.883726,0.036633,0.163614,2.166355,0.007326,-0.588523
-1.884108,-0.021978,0.109891,2.166737,0.021978,-0.593407
-1.884108,-0.051283,0.046398,2.166355,0.007326,-0.588523
-1.884108,0.007328,-0.031746,2.166737,0.021978,-0.588523
-1.884108,-0.021978,-0.105006,2.166737,0.021978,-0.583638
-1.884489,-0.080585,-0.183150,2.166737,0.007326,-0.578754
-1.884871,-0.065933,-0.236875,2.166355,0.007326,-0.578754
-1.885252,-0.080585,-0.246642,2.166355,0.007326,-0.573871
-1.885252,-0.065933,-0.222222,2.166355,-0.007328,-0.573871
-1.885252,-0.051283,-0.173382,2.166355,0.007326,-0.573871
-1.885252,-0.007326,-0.119658,2.166355,0.007326,-0.568987
-1.884871,0.051285,-0.061050,2.166355,0.021978,-0.573871
-1.885252,-0.021978,0.017095,2.166355,-0.007328,-0.573871
-1.884871,0.007328,0.090355,2.166355,-0.007328,-0.573871
-1.884871,0.021980,0.168499,2.166355,0.007326,-0.578754
-1.884489,0.036633,0.222223,2.166355,0.021978,-0.583638
-1.884108,0.051285,0.241758,2.166355,0.007326,-0.588523
-1.884108,0.051285,0.217339,2.166355,-0.007328,-0.583638
-1.883726,0.036633,0.163614,2.166355,0.021978,-0.588523
-1.884108,-0.036631,0.109891,2.166355,0.021978,-0.593407
-1.884108,-0.036631,0.046398,2.166355,-0.007328,-0.588523
-1.884108,0.007328,-0.026862,2.166355,0.007326,-0.588523
-1.884108,-0.021978,-0.100122,2.166355,0.007326,-0.588523
-1.884489,-0.065933,-0.178267,2.166355,-0.007328,-0.578754
-1.884871,-0.080585,-0.236875,2.166737,0.021978,-0.578754
-1.884871,-0.051283,-0.251526,2.166355,0.007326,-0.573871
-1.885252,-0.065933,-0.222222,2.166355,0.007326,-0.578754
-1.885252,-0.036631,-0.168498,2.166355,-0.007328,-0.578754
-1.885252,0.007328,-0.119658,2.166355,-0.007328,-0.573871
-1.884871,0.051285,-0.056166,2.166355,0.007326,-0.573871
-1.884871,-0.007326,0.017095,2.166355,-0.007328,-0.578754
-1.884871,0.007328,0.095239,2.166355,0.007326,-0.578754
-1.884489,0.051285,0.168499,2.166355,0.007326,-0.578754
-1.884108,0.065935,0.222223,2.166355,0.021978,-0.583638
-1.884108,0.051285,0.241758,2.166355,0.007326,-0.583638
-1.884108,0.036633,0.217339,2.166737,0.021978,-0.583638
-1.883726,0.021980,0.163614,2.166355,-0.007328,-0.588523
-1.884108,-0.036631,0.109891,2.166355,0.007326,-0.588523
-1.884489,-0.051283,0.041514,2.166737,0.021978,-0.588523
-1.884108,0.007328,-0.031746,2.166737,0.021978,-0.588523
-1.884489,-0.036631,-0.109890,2.166737,0.021978,-0.583638
-1.884489,-0.051283,-0.188034,2.166737,0.007326,-0.578754
-1.884871,-0.051283,-0.236875,2.166355,-0.007328,-0.573871
-1.885252,-0.080585,-0.251526,2.166355,0.007326,-0.578754
-1.885252,-0.051283,-0.222222,2.166737,0.021978,-0.578754
-1.885252,-0.051283,-0.163614,2.166355,0.007326,-0.578754
-1.885252,0.021980,-0.109890,2.166737,0.021978,-0.573871
-1.884871,0.051285,-0.046398,2.166355,0.007326,-0.573871
-1.884871,-0.007326,0.026863,2.166355,-0.007328,-0.573871
-1.884871,0.021980,0.105007,2.166355,0.007326,-0.578754
-1.884489,0.051285,0.183151,2.166737,0.021978,-0.583638
-1.884108,0.051285,0.231991,2.166355,0.007326,-0.583638
-1.884108,0.036633,0.236875,2.166355,0.007326,-0.588523
-1.883726,0.021980,0.207571,2.166355,0.007326,-0.588523
-1.884108,0.007328,0.148963,2.166355,0.021978,-0.588523
-1.884108,-0.036631,0.095239,2.166355,0.021978,-0.588523
-1.884489,-0.021978,0.026863,2.166355,-0.007328,-0.588523
-1.884108,-0.007326,-0.046398,2.166737,0.021978,-0.583638
-1.884489,-0.036631,-0.124542,2.166355,0.007326,-0.578754
-1.884871,-0.065933,-0.202686,2.166737,0.021978,-0.578754
-1.884871,-0.065933,-0.246642,2.166355,-0.007328,-0.573871
-1.885252,-0.065933,-0.246642,2.166355,0.007326,-0.573871
-1.885252,-0.051283,-0.207570,2.166355,0.007326,-0.573871
-1.885252,-0.021978,-0.153846,2.166355,-0.007328,-0.573871
-1.884871,0.036633,-0.095238,2.166355,0.007326,-0.573871
-1.884871,0.036633,-0.031746,2.166355,0.007326,-0.568987
-1.884871,0.007328,0.046398,2.166737,0.021978,-0.573871
-1.884489,0.021980,0.129427,2.166355,-0.021980,-0.573871
-1.884489,0.036633,0.197803,2.166355,0.007326,-0.578754
-1.884108,0.051285,0.236875,2.166737,0.021978,-0.578754
-1.884108,0.036633,0.231991,2.166355,0.007326,-0.583638
-1.884108,0.021980,0.192919,2.166355,0.007326,-0.588523
-1.884108,-0.007326,0.139194,2.166355,0.007326,-0.583638
-1.884489,-0.036631,0.075703,2.166355,0.007326,-0.588523
-1.884489,-0.051283,0.007326,2.166355,0.007326,-0.588523
-1.884489,-0.007326,-0.070818,2.166737,0.021978,-0.588523
-1.884489,-0.051283,-0.148962,2.166355,-0.007328,-0.583638
-1.884871,-0.065933,-0.222222,2.166355,0.007326,-0.583638
-1.884871,-0.051283,-0.251526,2.166355,0.007326,-0.583638
-1.885252,-0.051283,-0.236875,2.166355,-0.007328,-0.578754
-1.885252,-0.007326,-0.188034,2.166355,-0.007328,-0.573871
-1.885252,0.007328,-0.134310,2.166355,0.007326,-0.578754
-1.884871,0.051285,-0.075702,2.166355,0.007326,-0.573871
-1.884489,0.021980,-0.002442,2.166355,0.007326,-0.578754
-1.884871,-0.007326,0.075703,2.166355,-0.007328,-0.573871
-1.884489,0.021980,0.153847,2.166355,0.007326,-0.573871
-1.884108,0.051285,0.217339,2.166355,0.007326,-0.578754
-1.884108,0.021980,0.241758,2.166355,0.007326,-0.578754
-1.884108,0.007328,0.222223,2.166355,-0.007328,-0.578754
-1.884108,0.007328,0.173383,2.166355,0.007326,-0.578754
-1.884108,-0.007326,0.114775,2.166355,0.007326,-0.588523
-1.884489,-0.065933,0.051283,2.166737,0.021978,-0.588523
-1.884108,-0.007326,-0.026862,2.166737,0.021978,-0.583638
-1.884489,-0.021978,-0.105006,2.166737,0.007326,-0.583638
-1.884871,-0.065933,-0.183150,2.166737,0.021978,-0.583638
-1.884871,-0.065933,-0.236875,2.166737,0.007326,-0.578754
-1.884871,-0.051283,-0.246642,2.166355,0.007326,-0.578754
-1.885252,-0.021978,-0.217339,2.166355,-0.007328,-0.578754
-1.885252,-0.021978,-0.163614,2.166737,-0.007328,-0.573871
-1.884871,0.007328,-0.105006,2.166737,0.007326,-0.578754
-1.884489,0.051285,-0.041514,2.166355,-0.007328,-0.578754
-1.884489,0.021980,0.036631,2.166355,0.007326,-0.583638
-1.884489,0.007328,0.114775,2.166355,0.021978,-0.583638
-1.884108,0.036633,0.183151,2.166355,-0.007328,-0.578754
-1.884108,0.051285,0.231991,2.166355,0.007326,-0.578754
-1.884108,0.036633,0.231991,2.166355,0.007326,-0.583638
-1.884108,0.007328,0.197803,2.166355,-0.007328,-0.583638
-1.884108,-0.007326,0.139194,2.166355,0.007326,-0.588523
-1.884489,-0.065933,0.085470,2.166355,0.007326,-0.588523
-1.884489,-0.036631,0.012211,2.166355,0.007326,-0.583638
-1.884489,-0.021978,-0.065934,2.166355,0.007326,-0.588523
-1.884489,-0.021978,-0.144078,2.166355,0.007326,-0.583638
-1.884871,-0.051283,-0.212454,2.166355,0.021978,-0.583638
-1.884871,-0.051283,-0.246642,2.166355,0.007326,-0.578754
-1.885252,-0.036631,-0.231990,2.166355,0.007326,-0.578754
-1.885252,-0.021978,-0.188034,2.166355,0.007326,-0.578754
-1.885252,0.007328,-0.129426,2.166355,-0.007328,-0.578754
-1.884871,0.036633,-0.075702,2.166355,0.007326,-0.578754
-1.884489,0.021980,-0.002442,2.166355,0.007326,-0.578754
-1.884489,0.007328,0.085470,2.166355,0.007326,-0.578754
-1.884489,0.007328,0.158731,2.166355,-0.007328,-0.573871
-1.884108,0.051285,0.217339,2.166355,0.007326,-0.573871
-1.884108,0.036633,0.236875,2.166355,0.007326,-0.578754
-1.884108,0.021980,0.217339,2.166355,0.021978,-0.578754
-1.884108,0.007328,0.163614,2.166355,0.007326,-0.583638
-1.884108,-0.051283,0.105007,2.166355,0.021978,-0.583638
-1.884489,-0.065933,0.036631,2.166355,-0.007328,-0.583638
-1.884489,-0.021978,-0.036630,2.166355,0.007326,-0.583638
-1.884489,-0.021978,-0.114774,2.166355,0.007326,-0.583638
-1.884871,-0.051283,-0.192918,2.166355,0.007326,-0.583638
-1.885252,-0.065933,-0.241758,2.166355,0.021978,-0.583638
-1.885252,-0.036631,-0.246642,2.166737,0.007326,-0.573871
-1.885252,-0.021978,-0.207570,2.166355,0.007326,-0.578754
-1.885252,-0.021978,-0.148962,2.166355,0.007326,-0.573871
-1.884871,0.007328,-0.090354,2.166737,0.021978,-0.573871
-1.884489,0.051285,-0.026862,2.166355,-0.007328,-0.578754
-1.884489,0.036633,0.051283,2.166355,-0.007328,-0.578754
-1.884489,0.021980,0.134311,2.166355,0.007326,-0.578754
-1.884108,0.051285,0.202686,2.166355,0.007326,-0.578754
-1.884108,0.051285,0.236875,2.166355,0.007326,-0.578754
-1.884108,0.021980,0.227107,2.166355,0.007326,-0.583638
-1.884108,-0.007326,0.178267,2.166355,0.007326,-0.583638
-1.884108,-0.007326,0.119658,2.166355,0.007326,-0.583638
-1.884489,-0.065933,0.056167,2.166355,0.007326,-0.578754
-1.884489,-0.051283,-0.012210,2.166355,0.007326,-0.583638
-1.884489,-0.021978,-0.095238,2.166737,0.021978,-0.583638
-1.884871,-0.051283,-0.173382,2.166355,0.007326,-0.578754
-1.884871,-0.080585,-0.227106,2.166355,0.007326,-0.578754
-1.885252,-0.051283,-0.246642,2.166355,-0.007328,-0.578754
-1.885252,-0.036631,-0.222222,2.166355,-0.007328,-0.583638
-1.885252,-0.036631,-0.163614,2.166355,0.007326,-0.578754
-1.884871,0.007328,-0.105006,2.166355,0.007326,-0.573871
-1.884489,0.051285,-0.041514,2.166355,0.007326,-0.568987
-1.884489,0.051285,0.031747,2.166355,0.007326,-0.573871
-1.884489,0.036633,0.119658,2.166355,0.021978,-0.573871
-1.884108,0.036633,0.188035,2.166355,-0.021980,-0.573871
-1.884108,0.036633,0.231991,2.166355,0.007326,-0.583638
-1.883726,0.036633,0.231991,2.166355,0.007326,-0.583638
-1.883726,0.007328,0.192919,2.166355,0.007326,-0.583638
-1.884108,-0.007326,0.129427,2.166355,-0.007328,-0.583638
-1.884489,-0.051283,0.070819,2.166355,0.021978,-0.583638
-1.884489,-0.065933,0.002442,2.166355,0.021978,-0.588523
-1.884489,-0.036631,-0.080586,2.166355,0.021978,-0.583638
-1.884871,-0.036631,-0.163614,2.166355,0.007326,-0.578754
-1.885252,-0.080585,-0.227106,2.166355,0.007326,-0.578754
-1.885252,-0.036631,-0.246642,2.166355,0.007326,-0.578754
-1.885252,-0.036631,-0.227106,2.166355,0.007326,-0.578754
-1.885252,-0.007326,-0.173382,2.166355,0.021978,-0.578754
-1.884871,-0.007326,-0.109890,2.166355,0.007326,-0.568987
-1.884871,0.036633,-0.051282,2.166355,0.007326,-0.568987
-1.884489,0.051285,0.017095,2.166355,0.007326,-0.573871
-1.884489,0.036633,0.109891,2.166355,-0.007328,-0.573871
-1.884108,0.036633,0.183151,2.166355,-0.007328,-0.578754
-1.884108,0.051285,0.227107,2.166355,0.007326,-0.578754
-1.883726,0.021980,0.231991,2.166355,0.007326,-0.578754
-1.883726,0.007328,0.197803,2.166355,0.007326,-0.578754
-1.884108,-0.021978,0.134311,2.166355,0.021978,-0.583638
-1.884489,-0.065933,0.080586,2.166355,0.007326,-0.583638
-1.884489,-0.065933,0.007326,2.166355,0.021978,-0.583638
-1.884489,-0.036631,-0.075702,2.166355,0.007326,-0.583638
-1.884871,-0.051283,-0.158731,2.166355,0.007326,-0.583638
-1.885252,-0.065933,-0.217339,2.166355,0.021978,-0.578754
-1.885252,-0.051283,-0.246642,2.166355,-0.007328,-0.573871
-1.885252,-0.036631,-0.227106,2.166355,0.007326,-0.578754
-1.885252,-0.021978,-0.173382,2.166355,0.007326,-0.573871
-1.884871,0.007328,-0.109890,2.166355,0.007326,-0.573871
-1.884871,0.051285,-0.051282,2.166355,0.021978,-0.573871
-1.884489,0.065935,0.017095,2.166355,-0.007328,-0.573871
-1.884489,0.036633,0.109891,2.166355,-0.007328,-0.578754
-1.884108,0.036633,0.188035,2.166355,0.007326,-0.583638
-1.884108,0.036633,0.231991,2.166355,0.007326,-0.583638
-1.883726,0.021980,0.231991,2.166355,0.007326,-0.578754
-1.884108,0.007328,0.197803,2.166355,0.007326,-0.583638
-1.884108,-0.007326,0.139194,2.166355,-0.007328,-0.583638
-1.884489,-0.065933,0.075703,2.166355,-0.007328,-0.583638
-1.884489,-0.080585,0.007326,2.166355,-0.007328,-0.588523
-1.884489,-0.051283,-0.075702,2.166355,0.021978,-0.588523
-1.884871,-0.036631,-0.158731,2.166355,0.021978,-0.588523
-1.885252,-0.080585,-0.222222,2.166355,0.007326,-0.578754
-1.885252,-0.036631,-0.246642,2.166355,0.007326,-0.573871
-1.885252,-0.021978,-0.227106,2.166355,0.007326,-0.573871
-1.885252,-0.007326,-0.168498,2.166355,0.021978,-0.573871
-1.884871,0.007328,-0.109890,2.166355,0.007326,-0.573871
-1.884871,0.036633,-0.046398,2.166355,0.007326,-0.568987
-1.884489,0.065935,0.026863,2.166355,0.007326,-0.568987
-1.884489,0.021980,0.119658,2.166355,0.021978,-0.573871
-1.884108,0.036633,0.188035,2.166355,0.021978,-0.573871
-1.884108,0.036633,0.231991,2.166355,0.007326,-0.573871
-1.884108,0.007328,0.231991,2.166355,0.007326,-0.578754
-1.884108,-0.007326,0.192919,2.166355,-0.007328,-0.583638
-1.884108,-0.021978,0.129427,2.166355,0.007326,-0.583638
-1.884489,-0.065933,0.070819,2.166355,0.007326,-0.588523
-1.884489,-0.080585,0.002442,2.166355,0.007326,-0.583638
-1.884489,-0.021978,-0.085470,2.166355,0.007326,-0.583638
-1.884871,-0.051283,-0.168498,2.166355,0.007326,-0.583638
-1.885252,-0.080585,-0.227106,2.166355,0.007326,-0.583638
-1.885252,-0.036631,-0.246642,2.166737,0.021978,-0.578754
-1.885252,-0.021978,-0.217339,2.166355,-0.007328,-0.568987
-1.885252,-0.021978,-0.163614,2.166355,0.007326,-0.573871
-1.884871,-0.007326,-0.100122,2.166355,-0.007328,-0.578754
-1.884489,0.051285,-0.036630,2.166355,0.007326,-0.578754
-1.884489,0.051285,0.036631,2.166355,0.007326,-0.573871
-1.884108,0.051285,0.129427,2.166355,0.021978,-0.573871
-1.884108,0.051285,0.202686,2.166355,0.007326,-0.578754
-1.883726,0.036633,0.236875,2.166355,0.007326,-0.583638
-1.884108,0.007328,0.222223,2.166355,0.007326,-0.583638
-1.884108,-0.007326,0.178267,2.166737,0.007326,-0.583638
-1.884108,-0.036631,0.119658,2.166737,0.007326,-0.583638
-1.884489,-0.051283,0.056167,2.166355,-0.021980,-0.588523
-1.884871,-0.051283,-0.017094,2.166355,-0.007328,-0.588523
-1.884871,-0.036631,-0.105006,2.166355,0.021978,-0.588523
-1.884871,-0.051283,-0.183150,2.166355,-0.007328,-0.583638
-1.885252,-0.065933,-0.236875,2.166355,0.007326,-0.578754
-1.885252,-0.021978,-0.241758,2.166355,0.007326,-0.573871
-1.885252,-0.036631,-0.207570,2.166355,0.007326,-0.578754
-1.885252,-0.007326,-0.144078,2.166355,0.007326,-0.578754
-1.884871,0.007328,-0.085470,2.166355,0.007326,-0.578754
-1.884489,0.065935,-0.021978,2.166355,0.007326,-0.578754
-1.884108,0.065935,0.061050,2.166355,0.007326,-0.568987
-1.884108,0.051285,0.148963,2.166355,0.007326,-0.573871
-1.884108,0.051285,0.212455,2.166355,-0.007328,-0.573871
-1.883726,0.036633,0.236875,2.166355,0.007326,-0.578754
-1.884108,0.007328,0.212455,2.166355,0.007326,-0.578754
-1.884108,-0.007326,0.158731,2.166355,0.007326,-0.578754
-1.884108,-0.021978,0.100122,2.166355,0.021978,-0.588523
-1.884489,-0.065933,0.036631,2.166355,0.021978,-0.583638
-1.884871,-0.065933,-0.041514,2.166355,0.007326,-0.578754
-1.884871,-0.036631,-0.134310,2.166355,0.007326,-0.578754
-1.884871,-0.065933,-0.202686,2.166355,0.007326,-0.578754
-1.885252,-0.065933,-0.246642,2.166737,0.007326,-0.583638
-1.885252,-0.021978,-0.236875,2.166355,0.007326,-0.583638
-1.885252,-0.021978,-0.188034,2.166355,0.007326,-0.573871
-1.884871,-0.007326,-0.124542,2.166355,-0.007328,-0.578754
-1.884871,0.036633,-0.065934,2.166355,0.007326,-0.573871
-1.884489,0.065935,-0.002442,2.166355,0.007326,-0.573871
-1.884108,0.051285,0.085470,2.166355,0.021978,-0.568987
-1.884108,0.051285,0.173383,2.166355,-0.007328,-0.573871
-1.884108,0.036633,0.227107,2.166355,0.007326,-0.578754
-1.883726,0.021980,0.231991,2.166355,0.007326,-0.578754
-1.884108,-0.007326,0.197803,2.166355,0.007326,-0.578754
-1.884108,-0.021978,0.139194,2.166355,-0.007328,-0.578754
-1.884489,-0.051283,0.075703,2.166355,0.007326,-0.588523
-1.884871,-0.095238,0.007326,2.166355,0.007326,-0.588523
-1.884871,-0.036631,-0.075702,2.166355,0.007326,-0.583638
-1.884871,-0.051283,-0.163614,2.166355,0.007326,-0.583638
-1.885252,-0.051283,-0.222222,2.166737,0.021978,-0.583638
-1.885252,-0.051283,-0.246642,2.166355,0.007326,-0.578754
-1.885252,-0.021978,-0.222222,2.166355,0.007326,-0.573871
-1.885252,-0.021978,-0.158731,2.166737,0.007326,-0.573871
-1.884871,-0.007326,-0.100122,2.166355,0.007326,-0.573871
-1.884871,0.051285,-0.036630,2.166355,-0.007328,-0.573871
-1.884489,0.065935,0.031747,2.166737,0.021978,-0.578754
-1.884108,0.051285,0.129427,2.166355,0.007326,-0.573871
-1.884108,0.036633,0.202686,2.166355,0.021978,-0.578754
-1.883726,0.036633,0.231991,2.166355,0.007326,-0.578754
-1.883726,0.007328,0.222223,2.166355,0.007326,-0.578754
-1.884108,-0.021978,0.168499,2.166355,-0.007328,-0.573871
-1.884108,-0.036631,0.105007,2.166355,0.021978,-0.583638
-1.884489,-0.095238,0.046398,2.166355,0.007326,-0.588523
-1.884871,-0.095238,-0.026862,2.166355,0.007326,-0.588523
-1.884871,-0.036631,-0.124542,2.166355,0.021978,-0.583638
-1.884871,-0.065933,-0.192918,2.166355,0.007326,-0.583638
-1.885252,-0.065933,-0.236875,2.166355,0.007326,-0.578754
-1.885252,-0.021978,-0.236875,2.166355,0.007326,-0.578754
-1.885252,-0.007326,-0.192918,2.166355,0.007326,-0.578754
-1.885252,-0.007326,-0.129426,2.166355,0.007326,-0.578754
-1.884871,0.036633,-0.065934,2.166355,0.007326,-0.578754
-1.884489,0.080587,-0.002442,2.166355,0.007326,-0.578754
-1.884108,0.065935,0.085470,2.166355,0.007326,-0.578754
-1.884108,0.036633,0.173383,2.166355,0.021978,-0.578754
-1.883726,0.036633,0.227107,2.166355,0.007326,-0.573871
-1.883726,0.007328,0.231991,2.166355,0.007326,-0.578754
-1.883726,-0.007326,0.192919,2.166355,0.007326,-0.578754
-1.884108,-0.021978,0.134311,2.166355,0.007326,-0.583638
-1.884489,-0.065933,0.075703,2.166355,0.007326,-0.588523
-1.884489,-0.080585,0.007326,2.166355,0.021978,-0.583638
-1.884871,-0.051283,-0.080586,2.166355,0.021978,-0.583638
-1.884871,-0.051283,-0.168498,2.166355,0.007326,-0.578754
-1.885252,-0.051283,-0.227106,2.166737,0.007326,-0.578754
-1.885252,-0.051283,-0.246642,2.166355,0.007326,-0.573871
-1.885252,-0.007326,-0.217339,2.166355,0.007326,-0.573871
-1.885252,-0.007326,-0.153846,2.166355,0.021978,-0.573871
-1.884871,0.021980,-0.090354,2.166355,0.007326,-0.573871
-1.884489,0.065935,-0.026862,2.166737,0.036631,-0.573871
-1.884108,0.080587,0.046398,2.166355,0.007326,-0.568987
-1.884108,0.051285,0.144079,2.166355,0.007326,-0.573871
-1.883726,0.036633,0.212455,2.166355,0.007326,-0.578754
-1.883726,0.021980,0.236875,2.166355,0.021978,-0.578754
-1.883726,-0.007326,0.217339,2.166355,0.007326,-0.578754
-1.884108,-0.036631,0.158731,2.166355,0.007326,-0.578754
-1.884108,-0.051283,0.095239,2.166355,-0.007328,-0.578754
-1.884489,-0.080585,0.031747,2.166355,0.007326,-0.588523
-1.884871,-0.065933,-0.046398,2.166355,-0.007328,-0.588523
-1.884871,-0.051283,-0.139194,2.166355,0.021978,-0.588523
-1.885252,-0.065933,-0.207570,2.166355,0.007326,-0.583638
-1.885252,-0.051283,-0.246642,2.166355,0.007326,-0.578754
-1.885252,-0.036631,-0.227106,2.166355,0.007326,-0.573871
-1.885252,-0.007326,-0.173382,2.166355,0.007326,-0.573871
-1.884871,0.021980,-0.109890,2.166355,0.007326,-0.573871
-1.884871,0.036633,-0.046398,2.166355,0.007326,-0.568987
-1.884489,0.080587,0.017095,2.166355,-0.007328,-0.568987
-1.884108,0.065935,0.109891,2.166737,0.021978,-0.573871
-1.884108,0.051285,0.197803,2.166355,-0.007328,-0.568987
-1.883726,0.036633,0.236875,2.166355,-0.007328,-0.568987
-1.883726,0.007328,0.222223,2.166355,0.021978,-0.578754
-1.883726,-0.007326,0.173383,2.166355,-0.007328,-0.578754
-1.884108,-0.036631,0.109891,2.166355,-0.007328,-0.578754
-1.884489,-0.080585,0.051283,2.166355,0.007326,-0.583638
-1.884871,-0.095238,-0.026862,2.166355,0.007326,-0.583638
-1.884871,-0.065933,-0.119658,2.166355,0.007326,-0.583638
-1.885252,-0.065933,-0.197803,2.166355,-0.007328,-0.583638
-1.885252,-0.051283,-0.236875,2.166355,0.007326,-0.583638
-1.885252,-0.021978,-0.236875,2.166355,-0.007328,-0.578754
-1.885252,0.007328,-0.188034,2.166355,0.021978,-0.578754
-1.885252,0.007328,-0.124542,2.166355,-0.007328,-0.578754
-1.884871,0.021980,-0.061050,2.166355,0.007326,-0.578754
-1.884489,0.065935,0.002442,2.166355,0.007326,-0.578754
-1.884108,0.080587,0.090355,2.166355,0.007326,-0.578754
-1.883726,0.065935,0.178267,2.166355,0.007326,-0.573871
-1.883726,0.036633,0.227107,2.166355,0.007326,-0.573871
-1.883726,0.021980,0.231991,2.166355,0.007326,-0.573871
-1.884108,-0.007326,0.188035,2.166355,-0.007328,-0.578754
-1.884108,-0.007326,0.124542,2.166355,0.007326,-0.583638
-1.884489,-0.051283,0.061050,2.166355,0.007326,-0.583638
-1.884871,-0.095238,-0.007326,2.166355,-0.007328,-0.583638
-1.884871,-0.065933,-0.100122,2.166355,-0.007328,-0.588523
-1.885252,-0.051283,-0.183150,2.166737,0.021978,-0.588523
-1.885252,-0.065933,-0.231990,2.166355,0.007326,-0.583638
-1.885252,-0.036631,-0.241758,2.166737,0.007326,-0.573871
-1.885252,0.007328,-0.197803,2.166355,-0.007328,-0.573871
-1.885252,0.007328,-0.134310,2.166355,0.007326,-0.578754
-1.884871,0.007328,-0.075702,2.166355,0.007326,-0.578754
-1.884489,0.051285,-0.007326,2.166355,0.007326,-0.578754
-1.884108,0.080587,0.075703,2.166355,0.007326,-0.573871
-1.883726,0.065935,0.168499,2.166355,-0.007328,-0.573871
-1.883726,0.036633,0.227107,2.166355,0.007326,-0.578754
-1.883726,0.007328,0.231991,2.166355,-0.007328,-0.578754
-1.883726,-0.021978,0.192919,2.166355,-0.007328,-0.583638
-1.884108,-0.036631,0.129427,2.166355,0.007326,-0.583638
-1.884489,-0.051283,0.070819,2.166355,-0.007328,-0.583638
-1.884871,-0.095238,-0.002442,2.166355,0.021978,-0.583638
-1.884871,-0.080585,-0.090354,2.166355,0.021978,-0.583638
-1.885252,-0.065933,-0.178267,2.166355,0.007326,-0.578754
-1.885252,-0.065933,-0.231990,2.166355,0.007326,-0.578754
-1.885252,-0.036631,-0.241758,2.166355,0.007326,-0.578754
-1.885252,-0.007326,-0.202686,2.166355,0.007326,-0.578754
-1.885252,-0.007326,-0.139194,2.166355,0.007326,-0.578754
-1.884871,0.021980,-0.075702,2.166355,0.021978,-0.578754
-1.884489,0.051285,-0.012210,2.166355,0.007326,-0.578754
-1.884108,0.080587,0.070819,2.166355,0.007326,-0.573871
-1.883726,0.080587,0.163614,2.166355,-0.007328,-0.578754
-1.883726,0.036633,0.227107,2.166355,0.007326,-0.578754
-1.883726,0.021980,0.236875,2.166355,0.007326,-0.578754
-1.883726,0.007328,0.192919,2.166355,0.007326,-0.578754
-1.884108,-0.021978,0.129427,2.166355,0.007326,-0.578754
-1.884489,-0.065933,0.070819,2.166355,0.007326,-0.578754
-1.884871,-0.095238,0.002442,2.166355,0.021978,-0.578754
-1.884871,-0.065933,-0.090354,2.166355,0.007326,-0.583638
-1.885252,-0.080585,-0.173382,2.166355,0.021978,-0.583638
-1.885252,-0.051283,-0.231990,2.166355,-0.007328,-0.573871
-1.885252,-0.036631,-0.241758,2.166355,-0.007328,-0.573871
-1.885252,-0.007326,-0.202686,2.166355,0.007326,-0.578754
-1.884871,-0.007326,-0.134310,2.166355,0.007326,-0.578754
-1.884871,0.021980,-0.075702,2.166355,0.007326,-0.573871
-1.884489,0.051285,-0.007326,2.166355,0.007326,-0.573871
-1.884108,0.080587,0.070819,2.166355,0.007326,-0.573871
-1.883726,0.065935,0.168499,2.166355,-0.007328,-0.573871
-1.883726,0.051285,0.227107,2.166737,0.021978,-0.573871
-1.883726,0.007328,0.231991,2.166355,0.007326,-0.573871
-1.883726,-0.007326,0.188035,2.166355,0.007326,-0.573871
-1.884108,-0.036631,0.124542,2.166355,-0.007328,-0.578754
-1.884108,-0.065933,0.065935,2.166355,0.007326,-0.588523
-1.884871,-0.080585,-0.007326,2.166355,0.007326,-0.588523
-1.884871,-0.080585,-0.095238,2.166355,-0.007328,-0.583638
-1.885252,-0.080585,-0.183150,2.166355,0.007326,-0.583638
-1.885252,-0.065933,-0.231990,2.166737,0.021978,-0.578754
-1.885252,-0.021978,-0.236875,2.166737,0.021978,-0.578754
-1.885252,-0.007326,-0.197803,2.166355,-0.007328,-0.578754
-1.885252,0.007328,-0.134310,2.166355,0.007326,-0.578754
-1.884871,0.021980,-0.065934,2.166355,0.007326,-0.578754
-1.884489,0.065935,-0.002442,2.166355,0.007326,-0.573871
-1.884108,0.080587,0.080586,2.166355,0.007326,-0.573871
-1.883726,0.065935,0.173383,2.166355,-0.007328,-0.573871
-1.883726,0.036633,0.231991,2.166355,0.007326,-0.573871
-1.883726,0.007328,0.231991,2.166355,0.007326,-0.573871
-1.883726,-0.007326,0.183151,2.166355,0.007326,-0.578754
-1.884108,-0.036631,0.119658,2.166355,0.007326,-0.578754
-1.884489,-0.065933,0.056167,2.166355,0.007326,-0.578754
-1.884871,-0.095238,-0.012210,2.166355,0.007326,-0.583638
-1.884871,-0.080585,-0.109890,2.166355,0.021978,-0.583638
-1.885252,-0.080585,-0.192918,2.166355,0.007326,-0.583638
-1.885252,-0.051283,-0.236875,2.166355,0.007326,-0.583638
-1.885252,-0.021978,-0.231990,2.166737,0.007326,-0.583638
-1.885252,-0.007326,-0.188034,2.166355,0.007326,-0.578754
-1.885252,0.007328,-0.124542,2.166355,0.021978,-0.573871
-1.884871,0.021980,-0.061050,2.166355,0.007326,-0.573871
-1.884489,0.065935,0.007326,2.166355,-0.007328,-0.568987
-1.884108,0.080587,0.100122,2.166355,0.007326,-0.568987
-1.883726,0.080587,0.188035,2.166355,-0.021980,-0.573871
-1.883726,0.007328,0.236875,2.166355,0.007326,-0.578754
-1.883726,0.021980,0.227107,2.166355,-0.007328,-0.578754
-1.883726,-0.007326,0.173383,2.166355,-0.007328,-0.578754
-1.884108,-0.051283,0.105007,2.166355,0.021978,-0.578754
-1.884489,-0.095238,0.041514,2.166355,-0.007328,-0.578754
-1.884871,-0.109890,-0.031746,2.166355,-0.007328,-0.583638
-1.884871,-0.080585,-0.129426,2.166737,0.021978,-0.583638
-1.885252,-0.051283,-0.207570,2.166355,0.007326,-0.583638
-1.885252,-0.036631,-0.241758,2.166355,0.007326,-0.583638
-1.885252,-0.021978,-0.227106,2.166355,0.007326,-0.583638
-1.885252,0.007328,-0.173382,2.166737,0.021978,-0.578754
-1.884871,0.021980,-0.105006,2.166355,0.007326,-0.573871
-1.884871,0.051285,-0.041514,2.166355,-0.007328,-0.573871
-1.884489,0.080587,0.026863,2.166737,0.021978,-0.573871
-1.883726,0.080587,0.124542,2.166355,-0.007328,-0.573871
-1.883726,0.065935,0.202686,2.166355,0.007326,-0.573871
-1.883726,0.021980,0.236875,2.166355,0.007326,-0.578754
-1.883726,-0.007326,0.212455,2.166355,0.036631,-0.578754
-1.883726,-0.021978,0.148963,2.166355,0.021978,-0.573871
-1.884108,-0.051283,0.090355,2.166355,-0.007328,-0.578754
-1.884489,-0.095238,0.021978,2.166355,0.007326,-0.583638
-1.884871,-0.065933,-0.061050,2.166355,-0.007328,-0.583638
-1.885252,-0.065933,-0.158731,2.166355,0.007326,-0.583638
-1.885252,-0.080585,-0.217339,2.166355,0.021978,-0.583638
-1.885252,-0.036631,-0.236875,2.166355,0.007326,-0.583638
-1.885252,0.007328,-0.207570,2.166737,0.021978,-0.573871
-1.885252,0.007328,-0.148962,2.166355,0.007326,-0.568987
-1.884871,0.036633,-0.085470,2.166737,0.007326,-0.568987
-1.884489,0.051285,-0.017094,2.166355,-0.007328,-0.568987
-1.884108,0.095240,0.056167,2.166355,-0.007328,-0.573871
-1.883726,0.095240,0.153847,2.166355,-0.007328,-0.573871
-1.883726,0.080587,0.217339,2.166355,0.007326,-0.573871
-1.883726,0.021980,0.231991,2.166355,-0.007328,-0.573871
-1.883726,-0.007326,0.192919,2.166355,0.007326,-0.578754
-1.884108,-0.051283,0.124542,2.166355,0.021978,-0.583638
-1.884489,-0.080585,0.061050,2.166355,0.007326,-0.583638
-1.884871,-0.095238,-0.007326,2.166355,0.007326,-0.588523
-1.884871,-0.080585,-0.100122,2.166355,-0.007328,-0.583638
-1.885252,-0.080585,-0.188034,2.166355,-0.007328,-0.583638
-1.885252,-0.051283,-0.236875,2.166355,0.007326,-0.583638
-1.885252,-0.021978,-0.231990,2.166355,0.007326,-0.583638
-1.885252,0.007328,-0.188034,2.166737,0.021978,-0.583638
-1.885252,0.007328,-0.119658,2.166355,0.007326,-0.578754
-1.884871,0.036633,-0.056166,2.166737,0.007326,-0.573871
-1.884489,0.080587,0.012211,2.166737,0.007326,-0.568987
-1.884108,0.095240,0.100122,2.166355,0.007326,-0.568987
-1.883726,0.080587,0.188035,2.166355,-0.007328,-0.568987
-1.883345,0.051285,0.236875,2.166355,0.007326,-0.573871
-1.883726,0.007328,0.222223,2.166355,-0.007328,-0.578754
-1.883726,-0.021978,0.168499,2.166355,0.007326,-0.578754
-1.884108,-0.065933,0.100122,2.166355,0.021978,-0.588523
-1.884489,-0.095238,0.031747,2.166355,0.007326,-0.588523
-1.884871,-0.095238,-0.041514,2.166355,0.021978,-0.588523
-1.885252,-0.080585,-0.144078,2.166355,0.021978,-0.583638
-1.885252,-0.080585,-0.212454,2.166355,0.007326,-0.583638
-1.885252,-0.036631,-0.241758,2.166355,0.021978,-0.583638
-1.885252,0.007328,-0.217339,2.166355,-0.007328,-0.578754
-1.885252,0.021980,-0.158731,2.166355,0.007326,-0.573871
-1.884871,0.021980,-0.090354,2.166355,0.007326,-0.573871
-1.884871,0.065935,-0.021978,2.166355,0.007326,-0.573871
-1.884108,0.080587,0.046398,2.166355,-0.007328,-0.573871
-1.883726,0.095240,0.144079,2.166355,0.007326,-0.573871
-1.883726,0.080587,0.217339,2.166355,-0.007328,-0.578754
-1.883726,0.051285,0.236875,2.166355,0.007326,-0.578754
-1.883726,-0.021978,0.202686,2.166355,0.007326,-0.583638
-1.883726,-0.036631,0.134311,2.166355,0.007326,-0.583638
-1.884489,-0.080585,0.065935,2.166355,0.007326,-0.583638
-1.884871,-0.095238,-0.002442,2.166355,-0.007328,-0.583638
-1.884871,-0.095238,-0.095238,2.166355,0.007326,-0.578754
-1.885252,-0.080585,-0.188034,2.166737,0.036631,-0.583638
-1.885252,-0.051283,-0.231990,2.166355,0.007326,-0.578754
-1.885252,-0.007326,-0.236875,2.166355,-0.007328,-0.578754
-1.885252,0.007328,-0.188034,2.166737,0.007326,-0.578754
-1.884871,0.021980,-0.119658,2.166355,0.007326,-0.578754
-1.884871,0.051285,-0.051282,2.166737,0.007326,-0.573871
-1.884489,0.080587,0.017095,2.166355,0.007326,-0.573871
-1.884108,0.095240,0.100122,2.166355,0.007326,-0.573871
-1.883726,0.095240,0.188035,2.166355,-0.007328,-0.578754
-1.883345,0.051285,0.231991,2.166355,0.007326,-0.578754
-1.883345,0.007328,0.222223,2.166355,0.007326,-0.573871
-1.883726,-0.021978,0.163614,2.166355,0.007326,-0.578754
-1.884108,-0.065933,0.095239,2.166355,0.007326,-0.578754
-1.884489,-0.095238,0.026863,2.166355,0.007326,-0.578754
-1.884871,-0.095238,-0.056166,2.166355,0.021978,-0.588523
-1.885252,-0.095238,-0.153846,2.166355,0.021978,-0.583638
-1.885252,-0.065933,-0.222222,2.166355,-0.007328,-0.583638
-1.885633,-0.051283,-0.236875,2.166355,0.021978,-0.588523
-1.885252,-0.007326,-0.212454,2.166355,0.007326,-0.583638
-1.885252,0.021980,-0.148962,2.166355,0.007326,-0.583638
-1.884871,0.036633,-0.080586,2.166737,0.007326,-0.578754
-1.884489,0.065935,-0.012210,2.166355,0.007326,-0.573871
-1.884108,0.095240,0.065935,2.166355,0.007326,-0.578754
-1.883726,0.095240,0.158731,2.166355,0.007326,-0.573871
-1.883345,0.095240,0.222223,2.166355,-0.007328,-0.578754
-1.883345,0.036633,0.231991,2.166355,0.007326,-0.578754
-1.883726,-0.007326,0.188035,2.166355,-0.007328,-0.578754
-1.884108,-0.051283,0.119658,2.166355,0.007326,-0.583638
-1.884489,-0.095238,0.051283,2.166355,0.007326,-0.583638
-1.884871,-0.109890,-0.021978,2.166355,0.021978,-0.588523
-1.885252,-0.095238,-0.124542,2.166355,0.021978,-0.583638
-1.885252,-0.065933,-0.202686,2.166355,0.007326,-0.583638
-1.885633,-0.051283,-0.241758,2.166355,-0.007328,-0.578754
-1.885252,-0.021978,-0.222222,2.166737,0.021978,-0.578754
-1.885252,0.007328,-0.168498,2.166355,-0.007328,-0.573871
-1.884871,0.036633,-0.100122,2.166355,0.007326,-0.573871
-1.884871,0.036633,-0.031746,2.166355,0.007326,-0.578754
-1.884108,0.065935,0.036631,2.166737,0.021978,-0.573871
-1.883726,0.109892,0.129427,2.166355,-0.021980,-0.573871
-1.883345,0.109892,0.202686,2.166355,0.007326,-0.578754
-1.883345,0.051285,0.231991,2.166355,0.007326,-0.578754
-1.883345,-0.007326,0.202686,2.166355,0.007326,-0.578754
-1.883726,-0.065933,0.134311,2.166355,0.021978,-0.578754
-1.884108,-0.095238,0.070819,2.166355,0.021978,-0.578754
-1.884871,-0.109890,-0.002442,2.166355,0.007326,-0.578754
-1.884871,-0.080585,-0.095238,2.166355,0.021978,-0.583638
-1.885252,-0.095238,-0.183150,2.166355,-0.007328,-0.578754
-1.885633,-0.065933,-0.236875,2.166737,0.007326,-0.573871
-1.885252,-0.021978,-0.231990,2.166355,0.007326,-0.578754
-1.885252,0.007328,-0.183150,2.166737,0.007326,-0.578754
-1.885252,0.021980,-0.114774,2.166355,0.007326,-0.568987
-1.884871,0.036633,-0.051282,2.166355,0.007326,-0.578754
-1.884489,0.080587,0.021978,2.166355,0.007326,-0.573871
-1.883726,0.095240,0.109891,2.166355,-0.007328,-0.568987
-1.883345,0.095240,0.192919,2.166355,-0.007328,-0.573871
-1.883345,0.065935,0.231991,2.166355,0.007326,-0.578754
-1.883345,0.007328,0.217339,2.166355,0.021978,-0.578754
-1.883726,-0.051283,0.153847,2.166355,0.007326,-0.578754
-1.884108,-0.065933,0.085470,2.166355,0.007326,-0.578754
-1.884871,-0.124542,0.012211,2.166355,-0.007328,-0.583638
-1.884871,-0.095238,-0.080586,2.166355,0.007326,-0.583638
-1.885252,-0.080585,-0.173382,2.166355,0.021978,-0.583638
-1.885633,-0.080585,-0.227106,2.166355,0.007326,-0.578754
-1.885633,-0.051283,-0.236875,2.166355,0.021978,-0.578754
-1.885252,0.007328,-0.197803,2.166355,0.007326,-0.573871
-1.885252,0.021980,-0.129426,2.166355,0.007326,-0.573871
-1.884871,0.051285,-0.061050,2.166737,0.007326,-0.573871
-1.884489,0.065935,0.007326,2.166355,0.007326,-0.573871
-1.883726,0.109892,0.095239,2.166355,0.007326,-0.573871
-1.883726,0.124544,0.183151,2.166355,-0.007328,-0.573871
-1.883345,0.080587,0.227107,2.166355,0.007326,-0.573871
-1.883345,0.007328,0.222223,2.166355,0.007326,-0.578754
-1.883726,-0.036631,0.163614,2.166355,0.021978,-0.583638
-1.884108,-0.065933,0.095239,2.166355,0.007326,-0.583638
-1.884871,-0.139194,0.021978,2.166355,0.007326,-0.583638
-1.884871,-0.109890,-0.061050,2.166355,0.021978,-0.588523
-1.885252,-0.080585,-0.158731,2.166355,0.007326,-0.583638
-1.885633,-0.080585,-0.222222,2.166355,0.007326,-0.583638
-1.885633,-0.036631,-0.236875,2.166355,0.007326,-0.583638
-1.885252,-0.007326,-0.202686,2.166737,0.021978,-0.583638
-1.885252,0.021980,-0.134310,2.166355,0.007326,-0.578754
-1.884871,0.051285,-0.065934,2.166355,0.021978,-0.573871
-1.884489,0.051285,0.002442,2.166355,-0.007328,-0.568987
-1.884108,0.095240,0.085470,2.166355,0.007326,-0.573871
-1.883726,0.109892,0.173383,2.166355,-0.007328,-0.573871
-1.883345,0.095240,0.227107,2.166355,0.007326,-0.573871
-1.883345,0.036633,0.222223,2.166355,0.007326,-0.573871
-1.883726,-0.036631,0.168499,2.166355,-0.007328,-0.573871
-1.884108,-0.080585,0.100122,2.166355,0.007326,-0.578754
-1.884489,-0.124542,0.031747,2.166355,0.007326,-0.583638
-1.884871,-0.109890,-0.056166,2.166355,0.021978,-0.578754
-1.885252,-0.080585,-0.153846,2.166355,0.007326,-0.578754
-1.885252,-0.095238,-0.217339,2.166355,0.007326,-0.583638
-1.885633,-0.036631,-0.236875,2.166355,0.021978,-0.583638
-1.885252,0.007328,-0.202686,2.166737,0.021978,-0.583638
-1.885252,0.021980,-0.139194,2.166355,-0.007328,-0.573871
-1.884871,0.036633,-0.070818,2.166355,-0.007328,-0.573871
-1.884489,0.065935,-0.002442,2.166355,0.007326,-0.573871
-1.884108,0.109892,0.085470,2.166355,0.007326,-0.573871
-1.883345,0.109892,0.173383,2.166355,0.007326,-0.573871
-1.883345,0.080587,0.222223,2.166355,-0.007328,-0.573871
-1.883345,0.036633,0.222223,2.166355,-0.007328,-0.578754
-1.883345,-0.036631,0.168499,2.166355,0.021978,-0.578754
-1.884108,-0.080585,0.100122,2.166355,0.007326,-0.578754
-1.884489,-0.124542,0.031747,2.166355,0.007326,-0.578754
-1.884871,-0.124542,-0.056166,2.166355,0.021978,-0.583638
-1.885252,-0.080585,-0.158731,2.166355,0.007326,-0.588523
-1.885633,-0.095238,-0.217339,2.166355,0.007326,-0.583638
-1.885633,-0.065933,-0.236875,2.166355,0.007326,-0.583638
-1.885252,-0.007326,-0.202686,2.166737,0.021978,-0.583638
-1.885252,0.021980,-0.134310,2.166355,0.007326,-0.578754
-1.884871,0.036633,-0.070818,2.166737,0.007326,-0.578754
-1.884489,0.080587,0.002442,2.166355,0.021978,-0.573871
-1.884108,0.095240,0.085470,2.166355,0.007326,-0.568987
-1.883345,0.109892,0.173383,2.166355,0.021978,-0.568987
-1.883345,0.095240,0.222223,2.166355,0.007326,-0.573871
-1.882963,0.036633,0.217339,2.166355,-0.007328,-0.573871
-1.883345,-0.036631,0.163614,2.166355,0.007326,-0.583638
-1.883726,-0.080585,0.095239,2.166355,0.007326,-0.583638
-1.884871,-0.153847,0.021978,2.166355,-0.007328,-0.583638
-1.884871,-0.139194,-0.065934,2.166355,-0.007328,-0.588523
-1.885252,-0.080585,-0.163614,2.166355,0.007326,-0.583638
-1.885633,-0.080585,-0.222222,2.166355,0.007326,-0.583638
-1.885633,-0.051283,-0.231990,2.166355,0.007326,-0.583638
-1.885252,-0.007326,-0.197803,2.166737,0.007326,-0.583638
-1.885252,0.036633,-0.129426,2.166737,0.007326,-0.578754
-1.884871,0.051285,-0.061050,2.166355,-0.021980,-0.578754
-1.884489,0.080587,0.007326,2.166355,0.021978,-0.578754
-1.884108,0.095240,0.100122,2.166355,0.007326,-0.578754
-1.883345,0.109892,0.178267,2.166355,0.007326,-0.573871
-1.882963,0.065935,0.227107,2.166355,-0.007328,-0.573871
-1.883345,0.021980,0.212455,2.166355,0.007326,-0.578754
-1.883345,-0.036631,0.153847,2.166355,0.007326,-0.578754
-1.884108,-0.095238,0.085470,2.166355,0.007326,-0.578754
-1.884871,-0.139194,0.017095,2.166355,0.007326,-0.583638
-1.885252,-0.124542,-0.075702,2.166355,0.007326,-0.583638
-1.885252,-0.080585,-0.173382,2.166355,-0.007328,-0.588523
-1.885633,-0.095238,-0.227106,2.166355,0.021978,-0.588523
-1.885633,-0.036631,-0.231990,2.166355,0.021978,-0.583638
-1.885252,0.007328,-0.188034,2.166355,-0.007328,-0.583638
-1.885252,0.021980,-0.119658,2.166355,-0.007328,-0.578754
-1.884871,0.051285,-0.051282,2.166355,0.007326,-0.578754
-1.884489,0.080587,0.021978,2.166355,0.021978,-0.573871
-1.883726,0.109892,0.114775,2.166355,-0.007328,-0.568987
-1.883345,0.109892,0.192919,2.166355,0.007326,-0.573871
-1.882963,0.080587,0.227107,2.166355,-0.007328,-0.573871
-1.883345,0.007328,0.207571,2.166355,0.007326,-0.573871
-1.883726,-0.051283,0.144079,2.166355,0.007326,-0.578754
-1.884108,-0.095238,0.075703,2.166355,0.021978,-0.583638
-1.884871,-0.153847,0.002442,2.166355,0.007326,-0.583638
-1.885252,-0.109890,-0.100122,2.166355,0.007326,-0.583638
-1.885252,-0.080585,-0.188034,2.166355,0.021978,-0.588523
-1.885633,-0.080585,-0.227106,2.166355,0.007326,-0.588523
-1.885633,-0.021978,-0.222222,2.166737,0.021978,-0.588523
-1.885252,0.021980,-0.173382,2.166355,0.007326,-0.588523
-1.884871,0.036633,-0.105006,2.166355,0.007326,-0.578754
-1.884489,0.065935,-0.036630,2.166355,0.007326,-0.578754
-1.884108,0.080587,0.036631,2.166355,0.007326,-0.573871
-1.883726,0.109892,0.134311,2.166355,0.007326,-0.573871
-1.883345,0.109892,0.202686,2.166355,0.021978,-0.568987
-1.882963,0.095240,0.222223,2.166355,0.007326,-0.568987
-1.883345,0.007328,0.188035,2.166355,0.007326,-0.573871
-1.883345,-0.051283,0.124542,2.166355,0.007326,-0.578754
-1.884108,-0.124542,0.056167,2.166355,-0.007328,-0.578754
-1.884871,-0.139194,-0.021978,2.166355,0.021978,-0.588523
-1.885252,-0.095238,-0.124542,2.166355,0.021978,-0.588523
-1.885252,-0.080585,-0.202686,2.166355,0.007326,-0.583638
-1.885633,-0.065933,-0.231990,2.166737,0.007326,-0.583638
-1.885633,-0.007326,-0.212454,2.166355,0.007326,-0.578754
-1.885252,0.007328,-0.153846,2.166737,0.021978,-0.578754
-1.884871,0.065935,-0.085470,2.166355,-0.007328,-0.573871
-1.884489,0.065935,-0.012210,2.166355,0.007326,-0.568987
-1.884108,0.095240,0.070819,2.166355,0.007326,-0.573871
-1.883345,0.109892,0.163614,2.166355,0.007326,-0.573871
-1.883345,0.109892,0.217339,2.166355,0.007326,-0.573871
-1.882963,0.065935,0.217339,2.166355,0.007326,-0.573871
-1.883345,0.007328,0.173383,2.166355,0.007326,-0.578754
-1.883726,-0.065933,0.105007,2.166355,-0.007328,-0.578754
-1.884489,-0.139194,0.036631,2.166355,0.007326,-0.583638
-1.884871,-0.139194,-0.051282,2.166355,0.007326,-0.588523
-1.885252,-0.095238,-0.158731,2.166355,0.007326,-0.588523
-1.885633,-0.095238,-0.217339,2.166737,0.021978,-0.593407
-1.885633,-0.051283,-0.227106,2.166355,0.021978,-0.583638
-1.885633,-0.007326,-0.197803,2.166355,0.007326,-0.583638
-1.885252,0.036633,-0.129426,2.166355,0.007326,-0.583638
-1.884871,0.051285,-0.061050,2.166355,0.007326,-0.578754
-1.884489,0.080587,0.012211,2.166355,0.007326,-0.573871
-1.884108,0.095240,0.105007,2.166355,0.007326,-0.573871
-1.883345,0.109892,0.183151,2.166355,-0.021980,-0.568987
-1.882963,0.109892,0.217339,2.166355,-0.007328,-0.573871
-1.882963,0.051285,0.202686,2.166355,0.007326,-0.578754
-1.883345,-0.036631,0.144079,2.166355,0.007326,-0.578754
-1.884108,-0.095238,0.080586,2.166355,0.007326,-0.578754
-1.884871,-0.153847,0.007326,2.166355,0.021978,-0.583638
-1.885252,-0.124542,-0.095238,2.166355,0.007326,-0.588523
-1.885252,-0.080585,-0.183150,2.166355,0.007326,-0.588523
-1.885633,-0.080585,-0.227106,2.166737,0.021978,-0.588523
-1.885633,-0.051283,-0.222222,2.166355,-0.007328,-0.583638
-1.885252,0.007328,-0.168498,2.166737,0.021978,-0.588523
-1.884871,0.036633,-0.105006,2.166355,0.007326,-0.583638
-1.884489,0.080587,-0.031746,2.166355,0.007326,-0.578754
-1.884108,0.080587,0.046398,2.166355,0.007326,-0.573871
-1.883726,0.124544,0.144079,2.166355,0.007326,-0.568987
-1.883345,0.095240,0.202686,2.166355,-0.007328,-0.573871
-1.882963,0.095240,0.217339,2.166355,-0.007328,-0.578754
-1.883345,0.007328,0.178267,2.166355,-0.007328,-0.573871
-1.883726,-0.065933,0.114775,2.166355,-0.007328,-0.578754
-1.884489,-0.139194,0.046398,2.166355,0.021978,-0.583638
-1.884871,-0.153847,-0.031746,2.166355,0.007326,-0.588523
-1.885252,-0.109890,-0.139194,2.166355,0.007326,-0.593407
-1.885633,-0.109890,-0.207570,2.166355,0.007326,-0.593407
-1.885633,-0.065933,-0.227106,2.166355,0.007326,-0.588523
-1.885633,-0.021978,-0.197803,2.166355,0.007326,-0.583638
-1.885252,0.036633,-0.139194,2.166737,0.007326,-0.578754
-1.884871,0.065935,-0.070818,2.166355,0.007326,-0.573871
-1.884489,0.095240,0.002442,2.166355,-0.007328,-0.573871
-1.884108,0.080587,0.095239,2.166355,0.007326,-0.573871
-1.883345,0.139196,0.178267,2.166355,-0.007328,-0.573871
-1.882963,0.095240,0.212455,2.166355,-0.007328,-0.573871
-1.882963,0.051285,0.202686,2.166355,-0.007328,-0.573871
-1.883345,-0.021978,0.144079,2.166355,0.007326,-0.578754
-1.884108,-0.109890,0.080586,2.166355,0.007326,-0.578754
-1.884871,-0.168499,0.012211,2.166355,0.036631,-0.583638
-1.884871,-0.124542,-0.090354,2.166355,0.007326,-0.583638
-1.885252,-0.080585,-0.183150,2.166355,0.021978,-0.583638
-1.885633,-0.095238,-0.222222,2.166355,0.007326,-0.588523
-1.885633,-0.051283,-0.217339,2.166355,0.007326,-0.583638
-1.885252,0.021980,-0.168498,2.166737,0.021978,-0.583638
-1.884871,0.036633,-0.100122,2.166355,0.007326,-0.583638
-1.884489,0.095240,-0.031746,2.166355,-0.007328,-0.578754
-1.884108,0.095240,0.051283,2.166355,0.007326,-0.573871
-1.883726,0.095240,0.144079,2.166355,0.007326,-0.573871
-1.883345,0.095240,0.207571,2.166355,-0.007328,-0.568987
-1.882963,0.065935,0.217339,2.166355,-0.007328,-0.568987
-1.883345,0.021980,0.173383,2.166355,-0.007328,-0.583638
-1.883726,-0.051283,0.109891,2.166355,0.021978,-0.583638
-1.884489,-0.139194,0.041514,2.166355,0.007326,-0.573871
-1.884871,-0.139194,-0.046398,2.166355,-0.007328,-0.578754
-1.885252,-0.109890,-0.148962,2.166355,0.007326,-0.583638
-1.885633,-0.080585,-0.212454,2.166355,0.007326,-0.593407
-1.885633,-0.080585,-0.227106,2.166737,0.021978,-0.593407
-1.885633,-0.021978,-0.192918,2.166355,-0.007328,-0.583638
-1.885252,0.021980,-0.129426,2.166737,0.007326,-0.583638
-1.884871,0.065935,-0.061050,2.166355,0.007326,-0.578754
-1.884489,0.095240,0.012211,2.166355,-0.007328,-0.578754
-1.884108,0.095240,0.109891,2.166355,-0.007328,-0.578754
-1.883726,0.109892,0.188035,2.166355,0.007326,-0.573871
-1.883345,0.080587,0.217339,2.166355,-0.007328,-0.568987
-1.883345,0.036633,0.192919,2.166355,0.007326,-0.578754
-1.883345,-0.021978,0.134311,2.166355,0.007326,-0.578754
-1.884108,-0.109890,0.065935,2.166355,0.021978,-0.578754
-1.884871,-0.153847,-0.007326,2.166355,0.007326,-0.583638
-1.884871,-0.095238,-0.114774,2.166355,0.007326,-0.583638
-1.885252,-0.080585,-0.192918,2.166355,0.007326,-0.588523
-1.885633,-0.095238,-0.222222,2.166355,0.021978,-0.588523
-1.885633,-0.051283,-0.207570,2.166355,-0.007328,-0.583638
-1.885252,0.007328,-0.153846,2.166737,0.007326,-0.583638
-1.884871,0.065935,-0.085470,2.166355,0.007326,-0.583638
-1.884489,0.080587,-0.017094,2.166737,0.007326,-0.583638
-1.884108,0.109892,0.075703,2.166355,0.007326,-0.578754
-1.883726,0.095240,0.168499,2.166737,0.007326,-0.578754
-1.883345,0.095240,0.212455,2.166355,-0.007328,-0.573871
-1.882963,0.051285,0.202686,2.166355,0.007326,-0.573871
-1.883345,0.007328,0.153847,2.166355,0.007326,-0.578754
-1.884108,-0.080585,0.090355,2.166355,0.007326,-0.578754
-1.884489,-0.153847,0.021978,2.166355,0.007326,-0.578754
-1.884871,-0.109890,-0.075702,2.166355,0.007326,-0.578754
-1.885252,-0.080585,-0.168498,2.166355,0.007326,-0.593407
-1.885633,-0.095238,-0.217339,2.166355,-0.007328,-0.593407
-1.885633,-0.065933,-0.217339,2.166737,0.036631,-0.598290
-1.885252,-0.007326,-0.173382,2.166355,0.007326,-0.588523
-1.885252,0.051285,-0.105006,2.166737,0.007326,-0.583638
-1.884489,0.095240,-0.036630,2.166737,0.021978,-0.578754
-1.884108,0.095240,0.046398,2.166737,0.007326,-0.573871
-1.883726,0.080587,0.144079,2.166355,-0.007328,-0.573871
-1.883345,0.095240,0.202686,2.166355,0.007326,-0.573871
-1.883345,0.080587,0.207571,2.166355,0.007326,-0.573871
-1.883345,0.021980,0.168499,2.166355,0.007326,-0.578754
-1.883726,-0.065933,0.105007,2.166355,0.007326,-0.583638
-1.884489,-0.139194,0.036631,2.166355,0.007326,-0.583638
-1.884871,-0.124542,-0.051282,2.166355,0.007326,-0.583638
-1.885252,-0.080585,-0.153846,2.166355,0.007326,-0.578754
-1.885633,-0.109890,-0.207570,2.166355,0.007326,-0.588523
-1.885633,-0.080585,-0.222222,2.166737,0.021978,-0.588523
-1.885633,-0.036631,-0.183150,2.166355,-0.007328,-0.583638
-1.885252,0.036633,-0.119658,2.166737,0.021978,-0.583638
-1.884871,0.080587,-0.051282,2.166355,0.007326,-0.583638
-1.884489,0.080587,0.026863,2.166355,0.007326,-0.578754
-1.884108,0.095240,0.124542,2.166737,0.007326,-0.573871
-1.883345,0.095240,0.197803,2.166355,0.007326,-0.573871
-1.883345,0.065935,0.212455,2.166355,-0.007328,-0.573871
-1.883345,0.036633,0.183151,2.166355,-0.007328,-0.578754
-1.883726,-0.036631,0.119658,2.166355,0.007326,-0.583638
-1.884489,-0.124542,0.056167,2.166355,-0.007328,-0.583638
-1.884871,-0.139194,-0.031746,2.166355,0.007326,-0.588523
-1.885252,-0.080585,-0.134310,2.166355,0.007326,-0.588523
-1.885633,-0.109890,-0.202686,2.166355,0.021978,-0.593407
-1.885633,-0.080585,-0.222222,2.166355,0.021978,-0.593407
-1.885633,-0.036631,-0.192918,2.166355,0.007326,-0.593407
-1.885252,0.021980,-0.134310,2.166737,0.007326,-0.583638
-1.884871,0.065935,-0.065934,2.166737,0.007326,-0.578754
-1.884489,0.095240,0.007326,2.166737,0.007326,-0.578754
-1.884108,0.080587,0.109891,2.166355,-0.007328,-0.573871
-1.883726,0.080587,0.183151,2.166355,-0.007328,-0.573871
-1.883345,0.080587,0.212455,2.166355,-0.007328,-0.573871
-1.883345,0.036633,0.188035,2.166355,-0.007328,-0.573871
-1.883726,-0.036631,0.129427,2.166355,-0.007328,-0.573871
-1.884108,-0.109890,0.065935,2.166355,0.007326,-0.578754
-1.884871,-0.153847,-0.017094,2.166355,0.007326,-0.578754
-1.884871,-0.095238,-0.119658,2.166355,0.021978,-0.588523
-1.885252,-0.080585,-0.192918,2.166355,0.007326,-0.588523
-1.885633,-0.095238,-0.217339,2.166355,0.007326,-0.588523
-1.885633,-0.036631,-0.197803,2.166355,0.007326,-0.588523
-1.885252,0.007328,-0.139194,2.166737,0.021978,-0.588523
-1.884871,0.065935,-0.070818,2.166737,0.021978,-0.583638
-1.884489,0.095240,0.002442,2.166737,0.007326,-0.578754
-1.884108,0.080587,0.100122,2.166355,0.007326,-0.578754
-1.883726,0.095240,0.178267,2.166355,0.007326,-0.578754
-1.883345,0.065935,0.207571,2.166355,-0.007328,-0.573871
-1.883345,0.051285,0.188035,2.166355,-0.007328,-0.573871
-1.883726,-0.036631,0.134311,2.166355,-0.007328,-0.578754
-1.884108,-0.095238,0.070819,2.166355,0.007326,-0.578754
-1.884871,-0.139194,-0.007326,2.166355,0.007326,-0.583638
-1.884871,-0.065933,-0.109890,2.166355,-0.007328,-0.583638
-1.885252,-0.109890,-0.188034,2.166355,0.021978,-0.583638
-1.885633,-0.095238,-0.217339,2.166355,0.007326,-0.588523
-1.885633,-0.051283,-0.202686,2.166355,0.021978,-0.588523
-1.885252,0.007328,-0.144078,2.166355,-0.007328,-0.583638
-1.884871,0.065935,-0.080586,2.166355,0.007326,-0.583638
-1.884489,0.109892,-0.002442,2.166737,0.036631,-0.583638
-1.884108,0.080587,0.095239,2.166737,-0.007328,-0.573871
-1.883726,0.095240,0.173383,2.166355,0.007326,-0.568987
-1.883345,0.080587,0.212455,2.166355,-0.007328,-0.573871
-1.883345,0.051285,0.197803,2.166355,-0.007328,-0.578754
-1.883726,-0.021978,0.139194,2.166355,0.007326,-0.578754
-1.884108,-0.095238,0.075703,2.166355,0.007326,-0.578754
-1.884871,-0.124542,-0.002442,2.166355,-0.021980,-0.583638
-1.884871,-0.095238,-0.109890,2.166355,0.021978,-0.588523
-1.885252,-0.080585,-0.183150,2.166355,0.021978,-0.588523
-1.885633,-0.095238,-0.217339,2.166355,0.007326,-0.588523
-1.885633,-0.051283,-0.202686,2.166355,0.007326,-0.593407
-1.885252,0.021980,-0.148962,2.166355,0.021978,-0.593407
-1.884871,0.051285,-0.080586,2.166355,0.007326,-0.583638
-1.884489,0.080587,-0.007326,2.166355,0.021978,-0.583638
-1.884108,0.080587,0.090355,2.166355,0.007326,-0.578754
-1.883726,0.080587,0.173383,2.166355,-0.007328,-0.578754
-1.883345,0.065935,0.207571,2.166355,0.021978,-0.578754
-1.883345,0.051285,0.192919,2.166355,0.007326,-0.578754
-1.883726,-0.021978,0.134311,2.166355,0.007326,-0.578754
-1.884108,-0.095238,0.070819,2.166355,0.021978,-0.578754
-1.884871,-0.124542,-0.007326,2.166355,0.007326,-0.583638
-1.884871,-0.080585,-0.109890,2.166355,0.021978,-0.583638
-1.885252,-0.080585,-0.183150,2.166355,0.021978,-0.588523
-1.885633,-0.095238,-0.217339,2.166355,0.007326,-0.588523
-1.885633,-0.051283,-0.202686,2.166355,0.007326,-0.588523
-1.885252,0.007328,-0.144078,2.166737,0.021978,-0.588523
-1.884871,0.065935,-0.080586,2.166355,-0.007328,-0.588523
-1.884489,0.080587,-0.002442,2.166355,-0.007328,-0.583638
-1.884108,0.080587,0.095239,2.166355,0.007326,-0.583638
-1.883726,0.080587,0.178267,2.166737,0.007326,-0.578754
-1.883345,0.065935,0.207571,2.166355,-0.007328,-0.583638
-1.883345,0.065935,0.188035,2.166355,0.007326,-0.583638
-1.883726,-0.021978,0.134311,2.166355,0.007326,-0.583638
-1.884489,-0.109890,0.065935,2.166355,0.007326,-0.583638
-1.884489,-0.109890,-0.012210,2.166355,0.007326,-0.583638
-1.884871,-0.080585,-0.114774,2.166355,-0.007328,-0.583638
-1.885252,-0.080585,-0.188034,2.166355,0.021978,-0.588523
-1.885633,-0.095238,-0.217339,2.166355,0.007326,-0.588523
-1.885633,-0.036631,-0.197803,2.166355,-0.007328,-0.588523
-1.885252,-0.007326,-0.139194,2.166737,0.007326,-0.588523
-1.884871,0.065935,-0.070818,2.166737,0.007326,-0.583638
-1.884489,0.095240,0.002442,2.166737,0.021978,-0.583638
-1.884108,0.080587,0.105007,2.166355,0.007326,-0.583638
-1.883726,0.080587,0.183151,2.166355,-0.007328,-0.578754
-1.883726,0.065935,0.207571,2.166355,0.007326,-0.583638
-1.883345,0.051285,0.183151,2.166355,-0.021980,-0.578754
-1.883726,-0.021978,0.124542,2.166355,0.021978,-0.578754
-1.884489,-0.124542,0.056167,2.166355,-0.007328,-0.578754
-1.884871,-0.109890,-0.026862,2.166355,0.007326,-0.583638
-1.884871,-0.080585,-0.124542,2.166355,-0.007328,-0.588523
-1.885252,-0.095238,-0.192918,2.166355,0.021978,-0.588523
-1.885633,-0.109890,-0.217339,2.166355,0.007326,-0.588523
-1.885633,-0.036631,-0.188034,2.166355,0.007326,-0.588523
-1.885252,0.021980,-0.129426,2.166737,0.007326,-0.588523
-1.884871,0.080587,-0.056166,2.166355,0.007326,-0.588523
-1.884489,0.095240,0.021978,2.166737,0.036631,-0.583638
-1.884108,0.065935,0.119658,2.166355,-0.007328,-0.578754
-1.883726,0.080587,0.188035,2.166355,-0.007328,-0.578754
-1.883345,0.051285,0.207571,2.166355,0.007326,-0.578754
-1.883726,0.021980,0.173383,2.166355,-0.007328,-0.578754
-1.884108,-0.065933,0.114775,2.166355,0.021978,-0.583638
-1.884489,-0.095238,0.046398,2.166355,-0.021980,-0.578754
-1.884489,-0.080585,-0.046398,2.166355,0.021978,-0.583638
-1.884871,-0.080585,-0.139194,2.166355,0.007326,-0.588523
-1.885252,-0.109890,-0.197803,2.166737,0.021978,-0.588523
-1.885633,-0.095238,-0.212454,2.166355,0.007326,-0.588523
-1.885633,-0.021978,-0.178267,2.166355,0.021978,-0.588523
-1.885252,0.021980,-0.114774,2.166737,0.021978,-0.588523
-1.884489,0.095240,-0.041514,2.166355,-0.007328,-0.583638
-1.884489,0.080587,0.041514,2.166737,0.021978,-0.583638
-1.884108,0.065935,0.139194,2.166355,-0.007328,-0.573871
-1.883726,0.065935,0.192919,2.166355,0.007326,-0.578754
-1.883345,0.065935,0.202686,2.166355,-0.021980,-0.578754
-1.883345,0.021980,0.163614,2.166355,0.021978,-0.578754
-1.884108,-0.080585,0.100122,2.166355,0.007326,-0.578754
-1.884489,-0.109890,0.026863,2.166355,0.007326,-0.578754
-1.884871,-0.080585,-0.070818,2.166355,-0.007328,-0.573871
-1.884871,-0.080585,-0.158731,2.166355,0.021978,-0.583638
-1.885252,-0.109890,-0.202686,2.166355,-0.007328,-0.588523
-1.885633,-0.080585,-0.207570,2.166355,0.007326,-0.593407
-1.885252,-0.007326,-0.163614,2.166355,0.007326,-0.588523
-1.884871,0.051285,-0.100122,2.166355,-0.007328,-0.588523
-1.884489,0.080587,-0.026862,2.166737,0.007326,-0.583638
-1.884108,0.080587,0.065935,2.166355,0.007326,-0.583638
-1.884108,0.080587,0.158731,2.166737,0.007326,-0.583638
-1.883726,0.080587,0.202686,2.166355,0.007326,-0.583638
-1.883345,0.051285,0.192919,2.166355,-0.007328,-0.573871
-1.883726,-0.021978,0.144079,2.166355,0.007326,-0.578754
-1.884108,-0.095238,0.080586,2.166355,0.007326,-0.578754
-1.884489,-0.095238,0.002442,2.166355,-0.007328,-0.583638
-1.884871,-0.051283,-0.100122,2.166355,0.007326,-0.588523
-1.885252,-0.095238,-0.173382,2.166355,0.021978,-0.588523
-1.885633,-0.095238,-0.212454,2.166355,0.007326,-0.583638
-1.885633,-0.065933,-0.197803,2.166737,0.021978,-0.588523
-1.885252,0.021980,-0.144078,2.166355,0.021978,-0.588523
-1.884871,0.051285,-0.075702,2.166737,0.021978,-0.588523
-1.884489,0.080587,0.002442,2.166737,0.021978,-0.588523
-1.884108,0.065935,0.100122,2.166355,0.007326,-0.583638
-1.883726,0.080587,0.178267,2.166737,0.021978,-0.578754
-1.883726,0.065935,0.202686,2.166355,-0.007328,-0.573871
-1.883726,0.036633,0.178267,2.166355,0.007326,-0.578754
-1.883726,-0.036631,0.124542,2.166355,0.007326,-0.578754
-1.884489,-0.095238,0.056167,2.166355,-0.007328,-0.578754
-1.884871,-0.080585,-0.031746,2.166355,0.021978,-0.583638
-1.884871,-0.065933,-0.129426,2.166355,-0.007328,-0.583638
-1.885252,-0.095238,-0.192918,2.166355,-0.007328,-0.588523
-1.885633,-0.095238,-0.212454,2.166355,0.007326,-0.588523
-1.885633,-0.036631,-0.183150,2.166355,0.021978,-0.593407
-1.885252,0.021980,-0.119658,2.166355,0.007326,-0.593407
-1.884871,0.065935,-0.051282,2.166737,0.021978,-0.588523
-1.884489,0.095240,0.031747,2.166355,0.007326,-0.583638
-1.884108,0.065935,0.129427,2.166355,0.007326,-0.583638
-1.883726,0.065935,0.192919,2.166737,0.007326,-0.583638
-1.883345,0.051285,0.202686,2.166355,0.007326,-0.578754
-1.883726,0.007328,0.158731,2.166355,-0.007328,-0.578754
-1.884108,-0.065933,0.100122,2.166355,-0.007328,-0.578754
-1.884489,-0.124542,0.026863,2.166355,-0.007328,-0.583638
-1.884871,-0.051283,-0.065934,2.166355,0.007326,-0.588523
-1.884871,-0.051283,-0.153846,2.166355,0.036631,-0.588523
-1.885252,-0.109890,-0.202686,2.166355,0.007326,-0.583638
-1.885633,-0.065933,-0.207570,2.166355,0.021978,-0.593407
-1.885252,-0.007326,-0.158731,2.166355,0.021978,-0.588523
-1.884871,0.051285,-0.095238,2.166737,0.021978,-0.588523
-1.884489,0.080587,-0.017094,2.166737,0.021978,-0.588523
-1.884108,0.080587,0.075703,2.166737,0.007326,-0.583638
-1.884108,0.051285,0.163614,2.166355,-0.007328,-0.583638
-1.883726,0.095240,0.202686,2.166355,0.007326,-0.583638
-1.883726,0.051285,0.192919,2.166355,0.007326,-0.578754
-1.883726,-0.007326,0.139194,2.166355,0.021978,-0.573871
-1.884489,-0.095238,0.070819,2.166355,0.007326,-0.578754
-1.884871,-0.095238,-0.012210,2.166355,0.021978,-0.578754
-1.884871,-0.036631,-0.109890,2.166355,-0.007328,-0.583638
-1.885252,-0.095238,-0.178267,2.166355,-0.007328,-0.593407
-1.885633,-0.095238,-0.212454,2.166355,-0.007328,-0.593407
-1.885633,-0.051283,-0.188034,2.166355,0.007326,-0.593407
-1.885252,0.021980,-0.129426,2.166737,0.021978,-0.593407
-1.884871,0.051285,-0.061050,2.166355,0.007326,-0.593407
-1.884489,0.080587,0.017095,2.166737,0.007326,-0.583638
-1.884108,0.065935,0.114775,2.166355,0.007326,-0.583638
-1.883726,0.065935,0.188035,2.166355,-0.021980,-0.583638
-1.883726,0.065935,0.202686,2.166355,0.021978,-0.583638
-1.883726,0.021980,0.168499,2.166355,-0.007328,-0.578754
-1.884108,-0.051283,0.105007,2.166355,-0.007328,-0.578754
-1.884489,-0.095238,0.031747,2.166355,-0.007328,-0.578754
-1.884871,-0.051283,-0.061050,2.166355,0.007326,-0.583638
-1.884871,-0.051283,-0.148962,2.166355,0.007326,-0.583638
-1.885252,-0.109890,-0.202686,2.166355,0.021978,-0.583638
-1.885633,-0.051283,-0.207570,2.166355,0.007326,-0.583638
-1.885252,-0.021978,-0.158731,2.166355,0.007326,-0.588523
-1.884871,0.036633,-0.095238,2.166737,0.021978,-0.588523
-1.884489,0.095240,-0.026862,2.166737,0.007326,-0.583638
-1.884108,0.065935,0.065935,2.166737,0.021978,-0.588523
-1.884108,0.051285,0.158731,2.166355,0.007326,-0.583638
-1.883726,0.051285,0.197803,2.166355,-0.007328,-0.583638
-1.883726,0.036633,0.188035,2.166737,0.021978,-0.583638
-1.883726,-0.007326,0.134311,2.166355,0.007326,-0.578754
-1.884489,-0.095238,0.070819,2.166355,0.007326,-0.578754
-1.884489,-0.095238,-0.012210,2.166355,0.007326,-0.573871
-1.884871,-0.065933,-0.109890,2.166355,0.007326,-0.583638
-1.885252,-0.080585,-0.178267,2.166355,-0.007328,-0.588523
-1.885252,-0.080585,-0.207570,2.166355,0.007326,-0.593407
-1.885252,-0.036631,-0.188034,2.166355,0.007326,-0.593407
-1.885252,0.007328,-0.129426,2.166737,0.021978,-0.593407
-1.884871,0.051285,-0.061050,2.166355,0.021978,-0.593407
-1.884489,0.065935,0.021978,2.166737,0.021978,-0.583638
-1.884108,0.051285,0.124542,2.166737,0.007326,-0.578754
-1.883726,0.065935,0.188035,2.166355,-0.021980,-0.578754
-1.883726,0.036633,0.197803,2.166355,0.007326,-0.578754
-1.883726,0.007328,0.163614,2.166355,0.007326,-0.573871
-1.884108,-0.051283,0.100122,2.166355,0.007326,-0.573871
-1.884489,-0.095238,0.021978,2.166355,-0.007328,-0.573871
-1.884871,-0.051283,-0.070818,2.166355,0.007326,-0.583638
-1.884871,-0.051283,-0.153846,2.166355,0.007326,-0.588523
-1.885252,-0.095238,-0.202686,2.166355,0.007326,-0.588523
-1.885633,-0.065933,-0.202686,2.166355,0.007326,-0.583638
-1.885252,0.007328,-0.153846,2.166355,0.021978,-0.588523
-1.884871,0.036633,-0.085470,2.166737,0.021978,-0.588523
-1.884489,0.065935,-0.012210,2.166737,0.007326,-0.583638
-1.884108,0.065935,0.085470,2.166737,0.021978,-0.583638
-1.884108,0.065935,0.168499,2.166355,-0.007328,-0.588523
-1.883726,0.051285,0.202686,2.166355,0.007326,-0.588523
-1.883726,0.036633,0.183151,2.166355,0.007326,-0.578754
-1.884108,-0.036631,0.124542,2.166355,0.007326,-0.578754
-1.884489,-0.080585,0.056167,2.166355,0.007326,-0.578754
-1.884489,-0.065933,-0.031746,2.166355,0.007326,-0.583638
-1.884871,-0.051283,-0.129426,2.166355,0.007326,-0.583638
-1.885252,-0.080585,-0.192918,2.166355,-0.007328,-0.583638
-1.885252,-0.080585,-0.207570,2.166355,0.021978,-0.588523
-1.885252,-0.021978,-0.178267,2.166355,-0.007328,-0.583638
-1.885252,0.007328,-0.114774,2.166355,0.007326,-0.583638
-1.884489,0.065935,-0.041514,2.166737,0.007326,-0.588523
-1.884489,0.051285,0.046398,2.166737,0.021978,-0.588523
-1.884108,0.051285,0.144079,2.166355,0.007326,-0.583638
-1.883726,0.065935,0.192919,2.166355,0.007326,-0.583638
-1.883726,0.036633,0.192919,2.166355,-0.007328,-0.578754
-1.883726,-0.021978,0.144079,2.166355,-0.021980,-0.578754
-1.884489,-0.080585,0.080586,2.166355,0.007326,-0.578754
-1.884489,-0.080585,0.002442,2.166355,-0.007328,-0.578754
-1.884871,-0.051283,-0.100122,2.166355,0.007326,-0.578754
-1.885252,-0.065933,-0.173382,2.166355,0.007326,-0.583638
-1.885252,-0.065933,-0.207570,2.166355,0.007326,-0.588523
-1.885252,-0.051283,-0.192918,2.166355,0.007326,-0.593407
-1.885252,0.007328,-0.134310,2.166355,0.021978,-0.593407
-1.884871,0.036633,-0.061050,2.166355,0.007326,-0.588523
-1.884489,0.080587,0.012211,2.166355,0.007326,-0.588523
-1.884108,0.065935,0.114775,2.166737,0.007326,-0.583638
-1.883726,0.065935,0.183151,2.166355,0.007326,-0.578754
-1.883726,0.051285,0.197803,2.166355,0.007326,-0.578754
-1.883726,0.007328,0.163614,2.166355,-0.007328,-0.573871
-1.884108,-0.051283,0.100122,2.166355,0.007326,-0.578754
-1.884489,-0.080585,0.026863,2.166355,0.007326,-0.578754
-1.884871,-0.065933,-0.070818,2.166355,0.007326,-0.583638
-1.884871,-0.065933,-0.158731,2.166355,0.021978,-0.583638
-1.885252,-0.080585,-0.202686,2.166355,0.007326,-0.583638
-1.885252,-0.065933,-0.197803,2.166355,0.007326,-0.583638
-1.885252,0.007328,-0.148962,2.166355,0.021978,-0.588523
-1.884871,0.036633,-0.085470,2.166355,0.007326,-0.588523
-1.884489,0.080587,-0.007326,2.166355,0.007326,-0.593407
-1.884489,0.051285,0.090355,2.166737,0.021978,-0.593407
-1.884108,0.065935,0.173383,2.166355,0.007326,-0.583638
-1.883726,0.065935,0.202686,2.166355,0.007326,-0.578754
-1.883726,0.036633,0.178267,2.166737,0.007326,-0.578754
-1.884108,-0.036631,0.114775,2.166355,0.007326,-0.578754
-1.884489,-0.095238,0.046398,2.166355,-0.007328,-0.578754
-1.884871,-0.051283,-0.046398,2.166355,0.007326,-0.583638
-1.884871,-0.021978,-0.139194,2.166355,0.007326,-0.583638
-1.885252,-0.080585,-0.197803,2.166355,0.007326,-0.588523
-1.885252,-0.051283,-0.207570,2.166355,0.007326,-0.588523
-1.885252,-0.021978,-0.163614,2.166355,-0.007328,-0.583638
-1.884871,0.036633,-0.095238,2.166355,0.007326,-0.588523
-1.884489,0.065935,-0.026862,2.166737,0.021978,-0.593407
-1.884489,0.065935,0.065935,2.166355,0.007326,-0.588523
-1.884108,0.051285,0.158731,2.166737,0.007326,-0.588523
-1.883726,0.065935,0.197803,2.166737,0.007326,-0.588523
-1.883726,0.021980,0.188035,2.166737,0.021978,-0.578754
-1.884108,-0.021978,0.129427,2.166355,0.007326,-0.578754
-1.884489,-0.080585,0.061050,2.166355,0.021978,-0.583638
-1.884489,-0.080585,-0.021978,2.166355,-0.007328,-0.583638
-1.884871,-0.051283,-0.124542,2.166355,0.007326,-0.588523
-1.885252,-0.080585,-0.188034,2.166355,-0.007328,-0.588523
-1.885252,-0.065933,-0.207570,2.166355,0.021978,-0.593407
-1.885252,-0.036631,-0.173382,2.166355,0.021978,-0.593407
-1.884871,0.036633,-0.109890,2.166355,0.021978,-0.588523
-1.884489,0.065935,-0.041514,2.166355,0.007326,-0.583638
-1.884489,0.065935,0.051283,2.166737,0.021978,-0.588523
-1.884108,0.080587,0.148963,2.166737,0.007326,-0.583638
-1.884108,0.051285,0.197803,2.166355,0.007326,-0.583638
-1.883726,0.036633,0.188035,2.166355,0.007326,-0.583638
-1.884108,-0.007326,0.134311,2.166355,0.007326,-0.583638
-1.884489,-0.080585,0.070819,2.166355,0.007326,-0.583638
-1.884871,-0.080585,-0.007326,2.166355,-0.007328,-0.583638
-1.884871,-0.051283,-0.105006,2.166355,0.007326,-0.583638
-1.885252,-0.065933,-0.178267,2.166355,0.007326,-0.588523
-1.885252,-0.065933,-0.207570,2.166355,0.007326,-0.588523
-1.885252,-0.036631,-0.183150,2.166355,0.007326,-0.588523
-1.885252,0.007328,-0.119658,2.166355,0.007326,-0.593407
-1.884871,0.051285,-0.046398,2.166737,0.021978,-0.588523
-1.884489,0.065935,0.036631,2.166355,-0.007328,-0.583638
-1.884108,0.051285,0.134311,2.166737,0.021978,-0.583638
-1.883726,0.051285,0.192919,2.166737,0.007326,-0.583638
-1.883726,0.036633,0.192919,2.166355,-0.007328,-0.583638
-1.883726,-0.007326,0.144079,2.166355,0.007326,-0.583638
-1.884108,-0.065933,0.080586,2.166355,-0.007328,-0.583638
-1.884871,-0.095238,0.002442,2.166355,0.007326,-0.583638
-1.884871,-0.065933,-0.095238,2.166355,-0.007328,-0.583638
-1.885252,-0.080585,-0.173382,2.166355,0.021978,-0.588523
-1.885252,-0.065933,-0.202686,2.166355,0.021978,-0.583638
-1.885252,-0.036631,-0.183150,2.166355,-0.007328,-0.583638
-1.885252,0.021980,-0.124542,2.166355,-0.007328,-0.588523
-1.884871,0.051285,-0.056166,2.166355,0.021978,-0.593407
-1.884489,0.080587,0.026863,2.166737,0.021978,-0.588523
-1.884108,0.065935,0.129427,2.166355,-0.007328,-0.583638
-1.884108,0.065935,0.188035,2.166737,0.007326,-0.583638
-1.883726,0.021980,0.192919,2.166737,0.021978,-0.583638
-1.884108,0.021980,0.148963,2.166737,0.021978,-0.583638
-1.884489,-0.065933,0.085470,2.166355,-0.007328,-0.578754
-1.884489,-0.080585,0.007326,2.166355,0.007326,-0.578754
-1.884871,-0.065933,-0.090354,2.166355,0.007326,-0.583638
-1.885252,-0.065933,-0.168498,2.166355,0.021978,-0.583638
-1.885252,-0.065933,-0.202686,2.166355,0.007326,-0.583638
-1.885252,-0.021978,-0.183150,2.166355,-0.007328,-0.588523
-1.885252,0.007328,-0.124542,2.166355,0.007326,-0.588523
-1.884871,0.051285,-0.056166,2.166355,0.021978,-0.588523
-1.884489,0.080587,0.021978,2.166737,0.021978,-0.583638
-1.884108,0.051285,0.124542,2.166737,0.007326,-0.588523
-1.884108,0.065935,0.188035,2.166737,0.007326,-0.583638
-1.883726,0.036633,0.197803,2.166737,-0.007328,-0.578754
-1.884108,-0.021978,0.148963,2.166737,0.021978,-0.583638
-1.884489,-0.036631,0.085470,2.166355,0.007326,-0.583638
-1.884489,-0.095238,0.007326,2.166355,-0.007328,-0.578754
-1.884871,-0.051283,-0.090354,2.166355,-0.007328,-0.583638
-1.884871,-0.065933,-0.168498,2.166355,0.021978,-0.583638
-1.885252,-0.065933,-0.202686,2.166355,0.007326,-0.588523
-1.885252,-0.036631,-0.188034,2.166355,0.007326,-0.588523
-1.885252,0.007328,-0.129426,2.166355,0.021978,-0.593407
-1.884871,0.065935,-0.056166,2.166355,0.007326,-0.593407
-1.884489,0.065935,0.021978,2.166737,0.007326,-0.588523
-1.884108,0.065935,0.119658,2.166737,0.021978,-0.588523
-1.884108,0.051285,0.188035,2.166737,0.007326,-0.578754
-1.883726,0.036633,0.192919,2.166737,0.007326,-0.583638
-1.884108,-0.007326,0.148963,2.166355,0.021978,-0.578754
-1.884489,-0.065933,0.085470,2.166355,0.021978,-0.578754
-1.884871,-0.080585,0.007326,2.166355,-0.007328,-0.578754
-1.884871,-0.036631,-0.095238,2.166355,-0.007328,-0.583638
-1.884871,-0.065933,-0.173382,2.166355,0.021978,-0.588523
-1.885252,-0.095238,-0.202686,2.166355,0.021978,-0.583638
-1.885252,-0.036631,-0.183150,2.166355,0.007326,-0.583638
-1.885252,0.007328,-0.124542,2.166355,0.007326,-0.583638
-1.884871,0.051285,-0.051282,2.166355,0.007326,-0.593407
-1.884108,0.080587,0.031747,2.166355,0.007326,-0.593407
-1.884108,0.080587,0.129427,2.166355,0.007326,-0.588523
-1.883726,0.051285,0.192919,2.166355,0.007326,-0.583638
-1.883726,0.007328,0.192919,2.166355,0.007326,-0.583638
-1.884108,-0.007326,0.144079,2.166355,0.007326,-0.578754
-1.884489,-0.051283,0.080586,2.166737,0.021978,-0.578754
-1.884871,-0.095238,0.002442,2.166355,0.007326,-0.578754
-1.884871,-0.051283,-0.100122,2.166355,0.007326,-0.583638
-1.885252,-0.080585,-0.178267,2.166355,0.007326,-0.583638
-1.885252,-0.065933,-0.202686,2.166355,0.007326,-0.588523
-1.885252,-0.036631,-0.178267,2.166355,-0.007328,-0.588523
-1.884871,0.036633,-0.119658,2.166355,0.007326,-0.593407
-1.884489,0.065935,-0.046398,2.166355,0.007326,-0.593407
-1.884108,0.080587,0.031747,2.166355,0.007326,-0.588523
-1.884108,0.051285,0.134311,2.166355,-0.007328,-0.588523
-1.884108,0.051285,0.192919,2.166355,0.007326,-0.583638
-1.883726,0.036633,0.188035,2.166355,-0.007328,-0.583638
-1.884108,-0.007326,0.134311,2.166355,-0.007328,-0.578754
-1.884489,-0.065933,0.070819,2.166355,0.007326,-0.583638
-1.884871,-0.065933,-0.007326,2.166355,-0.007328,-0.578754
-1.884871,-0.051283,-0.109890,2.166355,0.007326,-0.583638
-1.885252,-0.065933,-0.178267,2.166355,-0.007328,-0.583638
-1.885252,-0.065933,-0.202686,2.166355,-0.007328,-0.583638
-1.885252,-0.036631,-0.168498,2.166355,0.007326,-0.588523
-1.885252,0.007328,-0.109890,2.166737,0.021978,-0.588523
-1.884489,0.051285,-0.036630,2.166737,0.007326,-0.593407
-1.884489,0.065935,0.046398,2.166737,0.007326,-0.593407
-1.884108,0.065935,0.144079,2.166737,0.021978,-0.588523
-1.883726,0.051285,0.192919,2.166355,0.007326,-0.583638
-1.884108,0.021980,0.183151,2.166355,0.007326,-0.583638
-1.884108,-0.021978,0.129427,2.166355,-0.007328,-0.573871
-1.884489,-0.051283,0.061050,2.166355,0.007326,-0.578754
-1.884871,-0.065933,-0.021978,2.166355,0.007326,-0.578754
-1.884871,-0.051283,-0.124542,2.166355,0.007326,-0.578754
-1.885252,-0.080585,-0.188034,2.166355,0.007326,-0.583638
-1.885252,-0.065933,-0.202686,2.166355,0.021978,-0.588523
-1.885252,-0.021978,-0.163614,2.166355,0.021978,-0.588523
-1.884871,0.021980,-0.095238,2.166355,0.007326,-0.588523
-1.884489,0.036633,-0.021978,2.166355,0.007326,-0.588523
-1.884108,0.065935,0.065935,2.166737,0.007326,-0.588523
-1.884108,0.065935,0.158731,2.166355,-0.007328,-0.588523
-1.883726,0.036633,0.197803,2.166737,0.007326,-0.588523
-1.884108,0.021980,0.178267,2.166355,0.007326,-0.583638
-1.884108,-0.036631,0.114775,2.166355,0.007326,-0.578754
-1.884489,-0.080585,0.041514,2.166355,-0.007328,-0.578754
-1.884871,-0.080585,-0.041514,2.166355,-0.007328,-0.583638
-1.884871,-0.065933,-0.139194,2.166355,-0.007328,-0.588523
-1.885252,-0.051283,-0.192918,2.166355,0.007326,-0.588523
-1.885252,-0.065933,-0.197803,2.166355,0.007326,-0.588523
-1.885252,-0.007326,-0.148962,2.166355,0.007326,-0.588523
-1.884871,0.036633,-0.085470,2.166355,0.007326,-0.588523
-1.884489,0.065935,-0.007326,2.166737,0.007326,-0.583638
-1.884108,0.065935,0.085470,2.166355,0.007326,-0.588523
-1.884108,0.051285,0.173383,2.166355,-0.007328,-0.588523
-1.884108,0.036633,0.197803,2.166355,-0.007328,-0.588523
-1.884108,-0.007326,0.158731,2.166737,0.021978,-0.588523
-1.884489,-0.051283,0.100122,2.166737,-0.007328,-0.578754
-1.884489,-0.080585,0.026863,2.166355,-0.007328,-0.583638
-1.884871,-0.080585,-0.065934,2.166355,0.007326,-0.583638
-1.884871,-0.051283,-0.158731,2.166355,0.021978,-0.583638
-1.885252,-0.065933,-0.197803,2.166355,0.007326,-0.583638
-1.885252,-0.036631,-0.188034,2.166737,0.021978,-0.588523
-1.885252,0.021980,-0.129426,2.166355,0.007326,-0.588523
-1.884871,0.036633,-0.065934,2.166355,0.007326,-0.593407
-1.884489,0.080587,0.012211,2.166355,0.007326,-0.588523
-1.884108,0.065935,0.114775,2.166737,0.021978,-0.588523
-1.884108,0.036633,0.183151,2.166737,0.021978,-0.583638
-1.883726,0.036633,0.192919,2.166355,0.007326,-0.583638
-1.884108,-0.007326,0.144079,2.166355,0.007326,-0.578754
-1.884489,-0.065933,0.085470,2.166355,0.007326,-0.578754
-1.884871,-0.080585,0.007326,2.166355,-0.007328,-0.578754
-1.884871,-0.051283,-0.095238,2.166355,-0.007328,-0.583638
-1.884871,-0.051283,-0.173382,2.166355,0.007326,-0.583638
-1.885252,-0.051283,-0.202686,2.166355,0.007326,-0.588523
-1.885252,-0.036631,-0.178267,2.166737,0.021978,-0.588523
-1.884871,0.007328,-0.114774,2.166355,0.021978,-0.588523
-1.884871,0.051285,-0.041514,2.166737,0.021978,-0.588523
-1.884108,0.080587,0.041514,2.166737,0.007326,-0.583638
-1.884108,0.065935,0.139194,2.166737,0.007326,-0.583638
-1.883726,0.051285,0.197803,2.166355,0.007326,-0.583638
-1.884108,0.007328,0.183151,2.166355,-0.007328,-0.583638
-1.884108,-0.021978,0.129427,2.166355,0.007326,-0.583638
-1.884489,-0.051283,0.061050,2.166355,0.021978,-0.583638
-1.884871,-0.080585,-0.021978,2.166355,-0.007328,-0.578754
-1.884871,-0.051283,-0.124542,2.166355,-0.007328,-0.583638
-1.885252,-0.065933,-0.188034,2.166355,0.007326,-0.588523
-1.885252,-0.051283,-0.202686,2.166355,0.007326,-0.593407
-1.885252,-0.007326,-0.153846,2.166355,0.007326,-0.593407
-1.884871,0.036633,-0.090354,2.166355,-0.007328,-0.593407
-1.884489,0.065935,-0.017094,2.166355,0.007326,-0.598290
-1.884108,0.065935,0.075703,2.166355,0.007326,-0.593407
-1.884108,0.051285,0.163614,2.166355,0.007326,-0.593407
-1.884108,0.051285,0.197803,2.166737,0.007326,-0.588523
-1.884108,0.007328,0.163614,2.166737,0.021978,-0.588523
-1.884108,-0.021978,0.105007,2.166355,-0.007328,-0.583638
-1.884489,-0.080585,0.031747,2.166355,0.007326,-0.578754
-1.884871,-0.051283,-0.061050,2.166355,0.007326,-0.583638
-1.884871,-0.051283,-0.153846,2.166355,0.021978,-0.588523
-1.885252,-0.065933,-0.197803,2.166355,0.007326,-0.578754
-1.885252,-0.036631,-0.188034,2.166355,0.007326,-0.583638
-1.884871,-0.007326,-0.129426,2.166355,0.021978,-0.588523
-1.884871,0.036633,-0.065934,2.166355,-0.007328,-0.588523
-1.884489,0.065935,0.012211,2.166355,0.007326,-0.588523
-1.884108,0.065935,0.109891,2.166355,0.007326,-0.588523
-1.883726,0.065935,0.183151,2.166737,0.007326,-0.583638
-1.883726,0.021980,0.188035,2.166355,0.007326,-0.583638
-1.884108,-0.007326,0.144079,2.166355,0.007326,-0.588523
-1.884489,-0.065933,0.075703,2.166355,0.007326,-0.583638
-1.884871,-0.080585,-0.002442,2.166355,0.007326,-0.583638
-1.884871,-0.065933,-0.100122,2.166355,0.007326,-0.578754
-1.885252,-0.065933,-0.178267,2.166355,0.007326,-0.583638
-1.885252,-0.065933,-0.202686,2.166355,0.021978,-0.583638
-1.885252,-0.021978,-0.168498,2.166355,0.007326,-0.588523
-1.884871,0.021980,-0.105006,2.166737,0.021978,-0.588523
-1.884489,0.051285,-0.031746,2.166355,0.007326,-0.583638
-1.884108,0.065935,0.051283,2.166355,0.007326,-0.583638
-1.884108,0.065935,0.148963,2.166355,0.007326,-0.583638
-1.884108,0.036633,0.197803,2.166355,0.007326,-0.583638
-1.884108,0.007328,0.178267,2.166737,0.021978,-0.578754
-1.884108,-0.036631,0.119658,2.166355,-0.007328,-0.578754
-1.884489,-0.065933,0.046398,2.166355,-0.007328,-0.583638
-1.884871,-0.080585,-0.041514,2.166355,-0.007328,-0.583638
-1.884871,-0.051283,-0.139194,2.166355,0.007326,-0.588523
-1.885252,-0.065933,-0.197803,2.166355,-0.007328,-0.588523
-1.885252,-0.036631,-0.192918,2.166355,0.021978,-0.588523
-1.884871,0.007328,-0.139194,2.166355,0.007326,-0.583638
-1.884871,0.051285,-0.075702,2.166355,0.007326,-0.588523
-1.884489,0.065935,0.002442,2.166355,0.007326,-0.588523
-1.884108,0.080587,0.100122,2.166737,0.021978,-0.588523
-1.884108,0.051285,0.178267,2.166355,-0.007328,-0.578754
-1.884108,0.021980,0.197803,2.166737,0.007326,-0.583638
-1.884108,0.007328,0.148963,2.166355,-0.007328,-0.578754
-1.884489,-0.051283,0.085470,2.166737,0.021978,-0.583638
-1.884871,-0.080585,0.007326,2.166355,-0.007328,-0.583638
-1.884871,-0.051283,-0.090354,2.166355,0.007326,-0.588523
-1.884871,-0.051283,-0.173382,2.166355,-0.007328,-0.588523
-1.885252,-0.065933,-0.197803,2.166737,0.036631,-0.588523
-1.885252,-0.007326,-0.173382,2.166355,0.007326,-0.583638
-1.884871,0.021980,-0.109890,2.166355,0.007326,-0.583638
-1.884489,0.051285,-0.041514,2.166355,0.021978,-0.588523
-1.884108,0.065935,0.046398,2.166355,-0.007328,-0.583638
-1.884108,0.080587,0.144079,2.166355,0.007326,-0.583638
-1.884108,0.036633,0.197803,2.166737,0.007326,-0.588523
-1.884108,0.007328,0.178267,2.166355,-0.007328,-0.583638
-1.884108,-0.036631,0.114775,2.166355,0.007326,-0.588523
-1.884489,-0.080585,0.046398,2.166355,-0.007328,-0.583638
-1.884871,-0.065933,-0.036630,2.166355,0.007326,-0.583638
-1.884871,-0.051283,-0.134310,2.166355,-0.007328,-0.583638
-1.885252,-0.065933,-0.192918,2.166355,0.007326,-0.588523
-1.885252,-0.051283,-0.192918,2.166355,-0.007328,-0.588523
-1.884871,0.007328,-0.139194,2.166355,0.021978,-0.588523
-1.884871,0.036633,-0.070818,2.166737,0.021978,-0.588523
-1.884489,0.065935,0.002442,2.166355,0.007326,-0.583638
-1.884108,0.065935,0.100122,2.166737,0.021978,-0.583638
-1.883726,0.065935,0.178267,2.166355,-0.007328,-0.583638
-1.883726,0.021980,0.192919,2.166737,0.021978,-0.583638
-1.884108,-0.021978,0.144079,2.166355,-0.007328,-0.578754
-1.884108,-0.065933,0.080586,2.166737,0.021978,-0.583638
-1.884871,-0.065933,0.007326,2.166355,0.007326,-0.578754
-1.884871,-0.065933,-0.095238,2.166355,0.007326,-0.573871
-1.885252,-0.051283,-0.178267,2.166355,0.007326,-0.578754
-1.885252,-0.051283,-0.202686,2.166355,0.007326,-0.588523
-1.885252,-0.007326,-0.168498,2.166355,0.021978,-0.588523
-1.884871,0.036633,-0.105006,2.166737,0.021978,-0.583638
-1.884489,0.036633,-0.031746,2.166355,0.021978,-0.583638
-1.884108,0.080587,0.056167,2.166355,0.007326,-0.583638
-1.884108,0.051285,0.148963,2.166737,0.021978,-0.583638
-1.883726,0.036633,0.197803,2.166355,-0.007328,-0.578754
-1.884108,-0.007326,0.168499,2.166355,0.007326,-0.583638
-1.884108,-0.021978,0.109891,2.166355,-0.007328,-0.583638
-1.884489,-0.065933,0.036631,2.166355,0.007326,-0.583638
-1.884871,-0.080585,-0.051282,2.166355,-0.007328,-0.583638
-1.884871,-0.080585,-0.148962,2.166737,0.021978,-0.588523
-1.885252,-0.065933,-0.197803,2.166355,-0.007328,-0.583638
-1.885252,-0.007326,-0.188034,2.166355,0.007326,-0.583638
-1.884871,0.021980,-0.129426,2.166355,0.007326,-0.593407
-1.884871,0.051285,-0.061050,2.166355,0.007326,-0.588523
-1.884489,0.065935,0.017095,2.166355,0.007326,-0.593407
-1.884108,0.080587,0.119658,2.166355,0.007326,-0.588523
-1.884108,0.051285,0.188035,2.166737,0.021978,-0.588523
-1.884108,0.007328,0.188035,2.166355,0.007326,-0.588523
-1.884108,-0.007326,0.129427,2.166355,0.007326,-0.583638
-1.884489,-0.051283,0.065935,2.166355,0.007326,-0.583638
-1.884871,-0.109890,-0.012210,2.166355,0.007326,-0.583638
-1.884871,-0.065933,-0.119658,2.166355,0.007326,-0.578754
-1.885252,-0.051283,-0.188034,2.166355,0.007326,-0.578754
-1.885252,-0.036631,-0.197803,2.166355,0.007326,-0.578754
-1.884871,0.007328,-0.153846,2.166355,-0.007328,-0.588523
-1.884871,0.007328,-0.085470,2.166355,-0.007328,-0.588523
-1.884489,0.065935,-0.012210,2.166355,0.007326,-0.593407
-1.884108,0.080587,0.080586,2.166737,0.021978,-0.593407
-1.884108,0.051285,0.163614,2.166355,-0.007328,-0.583638
-1.884108,0.036633,0.192919,2.166355,-0.007328,-0.588523
-1.884108,-0.007326,0.153847,2.166737,0.021978,-0.583638
-1.884108,-0.036631,0.090355,2.166355,-0.007328,-0.578754
-1.884489,-0.065933,0.017095,2.166355,0.007326,-0.583638
-1.884871,-0.080585,-0.080586,2.166355,-0.007328,-0.578754
-1.885252,-0.065933,-0.168498,2.166355,0.007326,-0.583638
-1.885252,-0.065933,-0.202686,2.166355,-0.007328,-0.583638
-1.884871,-0.007326,-0.173382,2.166355,0.007326,-0.588523
-1.884871,0.007328,-0.109890,2.166355,0.007326,-0.588523
-1.884489,0.051285,-0.036630,2.166355,0.007326,-0.588523
-1.884108,0.080587,0.046398,2.166737,0.021978,-0.588523
-1.884108,0.065935,0.144079,2.166737,0.007326,-0.583638
-1.884108,0.036633,0.197803,2.166737,0.021978,-0.583638
-1.884108,-0.007326,0.173383,2.166355,-0.007328,-0.578754
-1.884108,-0.051283,0.109891,2.166355,0.021978,-0.578754
-1.884489,-0.065933,0.036631,2.166355,-0.007328,-0.573871
-1.884871,-0.095238,-0.046398,2.166355,0.007326,-0.578754
-1.884871,-0.051283,-0.144078,2.166355,-0.007328,-0.578754
-1.885252,-0.065933,-0.197803,2.166355,0.021978,-0.588523
-1.885252,-0.021978,-0.188034,2.166355,0.007326,-0.588523
-1.884871,0.007328,-0.124542,2.166355,0.007326,-0.583638
-1.884871,0.036633,-0.056166,2.166355,0.021978,-0.583638
-1.884489,0.065935,0.017095,2.166355,0.007326,-0.583638
-1.884108,0.080587,0.119658,2.166737,0.021978,-0.583638
-1.883726,0.036633,0.188035,2.166355,-0.007328,-0.578754
-1.884108,-0.007326,0.183151,2.166355,0.021978,-0.578754
-1.884108,-0.021978,0.129427,2.166355,-0.007328,-0.578754
-1.884489,-0.065933,0.061050,2.166737,0.021978,-0.578754
-1.884871,-0.080585,-0.021978,2.166355,0.007326,-0.573871
-1.884871,-0.065933,-0.124542,2.166355,-0.007328,-0.573871
-1.885252,-0.065933,-0.188034,2.166355,0.007326,-0.583638
-1.885252,-0.036631,-0.192918,2.166355,0.007326,-0.588523
-1.884871,-0.007326,-0.144078,2.166355,0.021978,-0.588523
-1.884871,0.036633,-0.075702,2.166355,0.007326,-0.583638
-1.884489,0.051285,-0.002442,2.166737,0.036631,-0.588523
-1.884108,0.109892,0.090355,2.166355,-0.007328,-0.583638
-1.884108,0.051285,0.178267,2.166737,0.021978,-0.588523
-1.883726,0.021980,0.192919,2.166355,0.021978,-0.583638
-1.884108,0.007328,0.144079,2.166355,0.007326,-0.578754
-1.884108,-0.051283,0.080586,2.166355,0.007326,-0.578754
-1.884871,-0.095238,-0.002442,2.166355,-0.007328,-0.578754
-1.884871,-0.080585,-0.095238,2.166355,0.021978,-0.583638
-1.885252,-0.065933,-0.178267,2.166355,0.021978,-0.583638
-1.885252,-0.036631,-0.197803,2.166355,0.007326,-0.578754
-1.885252,-0.007326,-0.158731,2.166355,0.021978,-0.578754
-1.884871,0.021980,-0.090354,2.166355,-0.007328,-0.578754
-1.884489,0.065935,-0.017094,2.166355,0.007326,-0.583638
-1.884108,0.065935,0.070819,2.166355,0.007326,-0.583638
-1.883726,0.065935,0.163614,2.166355,0.007326,-0.588523
-1.884108,0.021980,0.197803,2.166355,-0.007328,-0.583638
-1.884108,-0.021978,0.158731,2.166355,0.007326,-0.583638
-1.884108,-0.036631,0.095239,2.166355,-0.007328,-0.583638
-1.884871,-0.095238,0.017095,2.166355,0.007326,-0.583638
-1.884871,-0.080585,-0.075702,2.166355,0.007326,-0.583638
-1.885252,-0.080585,-0.163614,2.166355,-0.007328,-0.583638
-1.885252,-0.051283,-0.197803,2.166355,0.007326,-0.583638
-1.885252,-0.007326,-0.168498,2.166355,0.007326,-0.583638
-1.884871,0.007328,-0.100122,2.166355,0.021978,-0.583638
-1.884489,0.051285,-0.031746,2.166355,0.007326,-0.578754
-1.884108,0.051285,0.051283,2.166355,0.007326,-0.583638
-1.884108,0.080587,0.148963,2.166355,0.007326,-0.583638
-1.883726,0.051285,0.192919,2.166737,0.007326,-0.583638
-1.884108,-0.007326,0.163614,2.166355,0.007326,-0.578754
-1.884108,-0.036631,0.105007,2.166355,-0.007328,-0.578754
-1.884489,-0.080585,0.026863,2.166355,0.007326,-0.583638
-1.884871,-0.080585,-0.056166,2.166355,0.007326,-0.578754
-1.885252,-0.065933,-0.153846,2.166355,0.007326,-0.578754
-1.885252,-0.036631,-0.197803,2.166355,0.007326,-0.583638
-1.885252,-0.007326,-0.173382,2.166355,0.007326,-0.578754
-1.884871,0.007328,-0.109890,2.166355,0.007326,-0.583638
-1.884871,0.036633,-0.041514,2.166355,0.007326,-0.588523
-1.884108,0.065935,0.036631,2.166355,0.007326,-0.583638
-1.883726,0.065935,0.134311,2.166355,0.007326,-0.583638
-1.883726,0.051285,0.192919,2.166355,-0.007328,-0.583638
-1.884108,-0.007326,0.173383,2.166737,0.007326,-0.588523
-1.884108,-0.036631,0.109891,2.166355,0.007326,-0.583638
-1.884489,-0.065933,0.041514,2.166355,0.007326,-0.578754
-1.884871,-0.095238,-0.046398,2.166355,0.007326,-0.578754
-1.885252,-0.065933,-0.144078,2.166355,0.007326,-0.583638
-1.885252,-0.051283,-0.197803,2.166355,0.021978,-0.583638
-1.885252,-0.007326,-0.178267,2.166355,0.007326,-0.578754
-1.885252,0.021980,-0.119658,2.166355,0.007326,-0.578754
-1.884489,0.051285,-0.046398,2.166355,-0.007328,-0.583638
-1.884108,0.080587,0.026863,2.166355,0.007326,-0.588523
-1.884108,0.065935,0.124542,2.166737,0.021978,-0.583638
-1.883726,0.051285,0.188035,2.166737,0.021978,-0.583638
-1.884108,-0.007326,0.178267,2.166355,0.007326,-0.583638
-1.884108,-0.036631,0.114775,2.166355,0.007326,-0.578754
-1.884489,-0.065933,0.046398,2.166355,-0.007328,-0.583638
-1.884871,-0.095238,-0.036630,2.166355,0.007326,-0.583638
-1.884871,-0.065933,-0.139194,2.166355,0.007326,-0.583638
-1.885252,-0.051283,-0.197803,2.166355,0.007326,-0.578754
-1.885252,-0.021978,-0.188034,2.166737,0.036631,-0.583638
-1.884871,0.007328,-0.124542,2.166355,-0.007328,-0.578754
-1.884871,0.021980,-0.061050,2.166355,0.007326,-0.578754
-1.884489,0.080587,0.017095,2.166737,0.021978,-0.583638
-1.884108,0.080587,0.119658,2.166355,0.007326,-0.578754
-1.883726,0.021980,0.183151,2.166355,0.007326,-0.578754
-1.884108,-0.007326,0.183151,2.166355,-0.007328,-0.578754
-1.884108,-0.021978,0.119658,2.166355,-0.007328,-0.583638
-1.884489,-0.065933,0.051283,2.166355,0.007326,-0.588523
-1.884871,-0.080585,-0.031746,2.166355,-0.007328,-0.583638
-1.884871,-0.065933,-0.134310,2.166355,0.007326,-0.583638
-1.885252,-0.065933,-0.192918,2.166355,-0.007328,-0.588523
-1.885252,-0.007326,-0.183150,2.166355,0.007326,-0.588523
-1.884871,0.007328,-0.129426,2.166355,0.021978,-0.588523
-1.884871,0.021980,-0.061050,2.166355,0.007326,-0.583638
-1.884489,0.065935,0.017095,2.166737,0.021978,-0.583638
-1.883726,0.095240,0.114775,2.166355,0.007326,-0.578754
-1.883726,0.065935,0.188035,2.166737,0.036631,-0.583638
-1.884108,0.007328,0.183151,2.166355,0.007326,-0.578754
-1.884108,-0.036631,0.119658,2.166355,0.007326,-0.578754
-1.884489,-0.065933,0.051283,2.166355,-0.007328,-0.578754
-1.884871,-0.080585,-0.026862,2.166355,0.007326,-0.583638
-1.885252,-0.065933,-0.129426,2.166355,-0.021980,-0.578754
-1.885252,-0.065933,-0.192918,2.166355,0.007326,-0.583638
-1.885252,-0.021978,-0.183150,2.166355,0.007326,-0.588523
-1.884871,-0.007326,-0.124542,2.166355,0.021978,-0.583638
-1.884871,0.007328,-0.056166,2.166355,0.021978,-0.583638
-1.884489,0.065935,0.017095,2.166737,0.007326,-0.578754
-1.884108,0.095240,0.114775,2.166355,-0.007328,-0.578754
-1.883726,0.065935,0.188035,2.166355,0.007326,-0.588523
-1.884108,0.007328,0.183151,2.166355,0.007326,-0.583638
-1.884108,-0.021978,0.119658,2.166355,0.007326,-0.583638
-1.884489,-0.080585,0.051283,2.166355,0.007326,-0.578754
-1.884871,-0.095238,-0.031746,2.166355,-0.007328,-0.583638
-1.885252,-0.065933,-0.134310,2.166355,0.021978,-0.583638
-1.885252,-0.065933,-0.192918,2.166355,-0.007328,-0.578754
-1.885252,-0.021978,-0.183150,2.166355,0.007326,-0.583638
-1.884871,0.021980,-0.124542,2.166355,0.007326,-0.588523
-1.884871,0.021980,-0.056166,2.166355,-0.007328,-0.583638
-1.884489,0.065935,0.021978,2.166737,0.007326,-0.583638
-1.884108,0.080587,0.114775,2.166355,0.021978,-0.583638
-1.883726,0.065935,0.183151,2.166355,-0.007328,-0.578754
-1.884108,0.007328,0.178267,2.166355,0.007326,-0.578754
-1.884108,-0.021978,0.119658,2.166355,0.007326,-0.583638
-1.884489,-0.065933,0.046398,2.166355,-0.007328,-0.578754
-1.884871,-0.109890,-0.031746,2.166355,0.007326,-0.578754
-1.884871,-0.051283,-0.139194,2.166355,0.007326,-0.583638
-1.885252,-0.036631,-0.197803,2.166355,0.021978,-0.583638
-1.885252,-0.007326,-0.183150,2.166355,0.007326,-0.578754
-1.884871,0.007328,-0.119658,2.166355,0.007326,-0.578754
-1.884871,0.021980,-0.051282,2.166355,0.007326,-0.583638
-1.884489,0.080587,0.026863,2.166355,-0.007328,-0.583638
-1.884108,0.080587,0.119658,2.166355,0.007326,-0.593407
-1.883726,0.051285,0.188035,2.166355,-0.007328,-0.593407
-1.884108,0.007328,0.178267,2.166355,-0.007328,-0.588523
-1.884108,-0.036631,0.114775,2.166355,0.007326,-0.583638
-1.884489,-0.080585,0.041514,2.166355,0.007326,-0.583638
-1.884871,-0.095238,-0.041514,2.166355,0.007326,-0.583638
-1.885252,-0.080585,-0.144078,2.166355,0.007326,-0.583638
-1.885252,-0.051283,-0.202686,2.166355,0.021978,-0.583638
-1.885252,-0.021978,-0.178267,2.166355,-0.007328,-0.578754
-1.884871,0.021980,-0.114774,2.166355,0.007326,-0.578754
-1.884871,0.021980,-0.046398,2.166355,-0.007328,-0.583638
-1.884489,0.065935,0.031747,2.166355,0.007326,-0.588523
-1.884108,0.080587,0.129427,2.166355,0.007326,-0.588523
-1.883726,0.051285,0.188035,2.166355,-0.007328,-0.588523
-1.884108,-0.007326,0.173383,2.166355,0.007326,-0.588523
-1.884108,-0.036631,0.105007,2.166355,0.007326,-0.583638
-1.884489,-0.080585,0.031747,2.166355,0.007326,-0.578754
-1.884871,-0.095238,-0.051282,2.166355,-0.007328,-0.573871
-1.885252,-0.065933,-0.153846,2.166355,-0.007328,-0.578754
-1.885252,-0.051283,-0.197803,2.166737,0.021978,-0.583638
-1.885252,-0.007326,-0.173382,2.166355,0.007326,-0.578754
-1.884871,0.021980,-0.109890,2.166737,0.007326,-0.583638
-1.884489,0.036633,-0.036630,2.166737,0.021978,-0.578754
-1.884108,0.080587,0.041514,2.166355,0.007326,-0.578754
-1.883726,0.065935,0.139194,2.166355,0.007326,-0.578754
-1.883726,0.036633,0.192919,2.166737,0.021978,-0.573871
-1.884108,-0.021978,0.158731,2.166355,0.007326,-0.573871
-1.884108,-0.051283,0.095239,2.166355,0.007326,-0.573871
-1.884871,-0.080585,0.021978,2.166355,0.007326,-0.578754
-1.884871,-0.080585,-0.070818,2.166355,0.007326,-0.578754
-1.885252,-0.080585,-0.163614,2.166355,0.007326,-0.578754
-1.885252,-0.036631,-0.197803,2.166355,0.007326,-0.583638
-1.885252,-0.007326,-0.163614,2.166355,0.021978,-0.578754
-1.884871,0.036633,-0.095238,2.166355,-0.007328,-0.573871
-1.884489,0.051285,-0.021978,2.166355,0.007326,-0.583638
-1.884108,0.095240,0.061050,2.166737,0.007326,-0.583638
-1.883726,0.065935,0.153847,2.166355,0.021978,-0.578754
-1.884108,0.021980,0.192919,2.166355,0.007326,-0.573871
-1.884108,-0.021978,0.153847,2.166737,0.021978,-0.578754
-1.884108,-0.051283,0.085470,2.166355,0.007326,-0.573871
-1.884489,-0.080585,0.007326,2.166355,0.007326,-0.573871
-1.884871,-0.080585,-0.085470,2.166355,0.007326,-0.573871
-1.885252,-0.065933,-0.173382,2.166355,0.007326,-0.578754
-1.885252,-0.051283,-0.197803,2.166355,0.007326,-0.578754
-1.884871,0.007328,-0.153846,2.166355,0.007326,-0.583638
-1.884871,0.021980,-0.085470,2.166355,0.007326,-0.578754
-1.884489,0.051285,-0.012210,2.166355,0.007326,-0.583638
-1.884108,0.080587,0.080586,2.166737,0.021978,-0.583638
-1.883726,0.080587,0.168499,2.166355,-0.007328,-0.578754
-1.883726,0.021980,0.188035,2.166355,-0.007328,-0.583638
-1.884108,-0.021978,0.139194,2.166737,0.021978,-0.588523
-1.884489,-0.065933,0.070819,2.166355,-0.007328,-0.583638
-1.884871,-0.109890,-0.007326,2.166355,0.007326,-0.583638
-1.884871,-0.080585,-0.109890,2.166355,0.007326,-0.578754
-1.885252,-0.051283,-0.183150,2.166355,0.007326,-0.583638
-1.885252,-0.021978,-0.188034,2.166355,0.007326,-0.583638
-1.884871,0.021980,-0.134310,2.166355,0.007326,-0.578754
-1.884871,0.021980,-0.065934,2.166355,0.007326,-0.578754
-1.884489,0.051285,0.007326,2.166737,0.021978,-0.583638
-1.884108,0.095240,0.105007,2.166355,-0.007328,-0.578754
-1.883726,0.065935,0.178267,2.166737,0.021978,-0.583638
-1.884108,0.007328,0.183151,2.166737,0.021978,-0.578754
-1.884108,-0.021978,0.124542,2.166355,-0.007328,-0.573871
-1.884489,-0.080585,0.051283,2.166355,-0.007328,-0.578754
-1.884871,-0.080585,-0.026862,2.166355,0.007326,-0.578754
-1.885252,-0.080585,-0.129426,2.166355,0.007326,-0.578754
-1.885252,-0.036631,-0.188034,2.166355,-0.007328,-0.578754
-1.885252,-0.007326,-0.178267,2.166355,0.021978,-0.583638
-1.884871,0.007328,-0.114774,2.166355,0.007326,-0.578754
-1.884871,0.021980,-0.046398,2.166355,0.021978,-0.578754
-1.884489,0.080587,0.031747,2.166355,0.021978,-0.578754
-1.884108,0.095240,0.124542,2.166355,0.007326,-0.578754
-1.883726,0.036633,0.188035,2.166355,0.007326,-0.583638
-1.884108,-0.007326,0.173383,2.166355,0.007326,-0.583638
-1.884108,-0.021978,0.105007,2.166355,-0.007328,-0.578754
-1.884489,-0.051283,0.031747,2.166737,0.021978,-0.583638
-1.884871,-0.095238,-0.056166,2.166355,0.007326,-0.578754
-1.885252,-0.065933,-0.153846,2.166355,0.007326,-0.578754
-1.885252,-0.051283,-0.197803,2.166355,0.007326,-0.578754
-1.885252,-0.007326,-0.163614,2.166355,0.007326,-0.578754
-1.884871,0.021980,-0.100122,2.166355,0.007326,-0.583638
-1.884489,0.036633,-0.026862,2.166355,0.007326,-0.588523
-1.884108,0.095240,0.056167,2.166355,0.021978,-0.583638
-1.883726,0.080587,0.148963,2.166355,0.007326,-0.583638
-1.883726,0.021980,0.192919,2.166355,0.007326,-0.583638
-1.884108,-0.007326,0.148963,2.166355,-0.007328,-0.583638
-1.884489,-0.036631,0.080586,2.166355,0.007326,-0.578754
-1.884871,-0.095238,0.007326,2.166355,0.007326,-0.583638
-1.884871,-0.080585,-0.090354,2.166355,-0.007328,-0.578754
-1.885252,-0.065933,-0.173382,2.166355,0.007326,-0.583638
-1.885252,-0.021978,-0.192918,2.166355,0.007326,-0.583638
-1.884871,0.007328,-0.148962,2.166355,0.007326,-0.583638
-1.884871,0.007328,-0.080586,2.166355,0.007326,-0.583638
-1.884489,0.080587,-0.002442,2.166355,0.021978,-0.583638
-1.884108,0.065935,0.085470,2.166355,-0.007328,-0.578754
-1.883726,0.065935,0.173383,2.166355,0.007326,-0.583638
-1.884108,-0.007326,0.183151,2.166355,-0.007328,-0.583638
-1.884108,-0.007326,0.129427,2.166355,0.021978,-0.588523
-1.884489,-0.036631,0.056167,2.166355,0.021978,-0.583638
-1.884871,-0.095238,-0.017094,2.166355,0.007326,-0.578754
-1.885252,-0.109890,-0.119658,2.166355,0.007326,-0.573871
-1.885252,-0.051283,-0.188034,2.166355,0.007326,-0.573871
-1.885252,-0.021978,-0.183150,2.166355,0.007326,-0.578754
-1.884871,0.007328,-0.119658,2.166355,0.021978,-0.578754
-1.884871,0.036633,-0.051282,2.166355,0.007326,-0.573871
-1.884489,0.080587,0.026863,2.166355,0.007326,-0.578754
-1.883726,0.095240,0.119658,2.166355,0.007326,-0.583638
-1.883726,0.051285,0.188035,2.166355,0.007326,-0.583638
-1.884108,-0.021978,0.168499,2.166355,0.007326,-0.588523
-1.884108,-0.021978,0.105007,2.166355,-0.007328,-0.583638
-1.884489,-0.065933,0.031747,2.166355,-0.007328,-0.588523
-1.884871,-0.095238,-0.056166,2.166355,0.007326,-0.583638
-1.885252,-0.080585,-0.153846,2.166355,-0.007328,-0.583638
-1.885252,-0.051283,-0.197803,2.166355,0.007326,-0.583638
-1.884871,0.007328,-0.163614,2.166355,0.021978,-0.583638
-1.884871,0.021980,-0.095238,2.166355,0.007326,-0.573871
-1.884489,0.051285,-0.021978,2.166355,0.007326,-0.573871
-1.884108,0.080587,0.061050,2.166355,0.007326,-0.578754
-1.883726,0.080587,0.153847,2.166737,0.007326,-0.583638
-1.883726,0.021980,0.188035,2.166355,0.007326,-0.583638
-1.884108,-0.036631,0.148963,2.166355,-0.007328,-0.583638
-1.884489,-0.036631,0.080586,2.166355,0.007326,-0.588523
-1.884871,-0.095238,0.002442,2.166355,0.007326,-0.583638
-1.884871,-0.095238,-0.100122,2.166355,-0.007328,-0.583638
-1.885252,-0.051283,-0.178267,2.166355,0.007326,-0.583638
-1.885252,-0.021978,-0.192918,2.166355,0.021978,-0.583638
-1.884871,0.007328,-0.139194,2.166355,-0.007328,-0.578754
-1.884871,0.036633,-0.065934,2.166355,0.007326,-0.583638
-1.884489,0.065935,0.007326,2.166355,0.007326,-0.583638
-1.884108,0.095240,0.105007,2.166737,0.021978,-0.588523
-1.883726,0.065935,0.178267,2.166355,0.007326,-0.583638
-1.884108,-0.007326,0.183151,2.166355,0.007326,-0.578754
-1.884108,-0.021978,0.119658,2.166737,0.007326,-0.578754
-1.884489,-0.065933,0.041514,2.166355,0.007326,-0.578754
-1.884871,-0.109890,-0.036630,2.166355,0.007326,-0.578754
-1.885252,-0.095238,-0.139194,2.166355,0.007326,-0.578754
-1.885252,-0.051283,-0.192918,2.166355,0.021978,-0.578754
-1.885252,0.007328,-0.173382,2.166355,0.007326,-0.573871
-1.884871,0.021980,-0.105006,2.166355,0.007326,-0.578754
-1.884489,0.036633,-0.031746,2.166355,0.007326,-0.578754
-1.884108,0.080587,0.046398,2.166355,-0.007328,-0.578754
-1.883726,0.095240,0.144079,2.166355,0.007326,-0.583638
-1.883726,0.036633,0.188035,2.166355,0.007326,-0.583638
-1.884108,-0.007326,0.153847,2.166355,0.007326,-0.583638
-1.884108,-0.036631,0.090355,2.166355,0.007326,-0.583638
-1.884489,-0.095238,0.012211,2.166355,0.021978,-0.578754
-1.884871,-0.095238,-0.085470,2.166355,-0.021980,-0.573871
-1.885252,-0.080585,-0.173382,2.166355,0.021978,-0.578754
-1.885252,-0.021978,-0.192918,2.166737,0.021978,-0.578754
-1.884871,0.007328,-0.144078,2.166355,0.007326,-0.578754
-1.884871,0.007328,-0.075702,2.166355,-0.007328,-0.578754
-1.884489,0.051285,0.002442,2.166355,0.007326,-0.578754
-1.884108,0.095240,0.090355,2.166737,0.021978,-0.583638
-1.883726,0.065935,0.173383,2.166355,-0.007328,-0.578754
-1.884108,0.007328,0.178267,2.166355,0.007326,-0.578754
-1.884108,-0.021978,0.124542,2.166355,0.007326,-0.583638
-1.884489,-0.051283,0.046398,2.166355,-0.007328,-0.578754
-1.884871,-0.095238,-0.031746,2.166355,0.007326,-0.578754
-1.885252,-0.080585,-0.134310,2.166355,-0.007328,-0.573871
-1.885252,-0.065933,-0.192918,2.166355,-0.007328,-0.578754
-1.885252,-0.021978,-0.173382,2.166355,0.007326,-0.578754
-1.884871,-0.007326,-0.109890,2.166355,0.007326,-0.583638
-1.884871,0.036633,-0.036630,2.166355,0.007326,-0.583638
-1.884108,0.065935,0.041514,2.166355,0.007326,-0.583638
-1.883726,0.095240,0.139194,2.166355,0.007326,-0.588523
-1.883726,0.051285,0.188035,2.166355,0.007326,-0.578754
-1.884108,-0.021978,0.158731,2.166355,0.007326,-0.583638
-1.884108,-0.036631,0.085470,2.166355,0.021978,-0.583638
-1.884871,-0.080585,0.007326,2.166355,0.007326,-0.578754
-1.885252,-0.095238,-0.085470,2.166355,0.007326,-0.573871
-1.885252,-0.080585,-0.173382,2.166355,0.021978,-0.573871
-1.885252,-0.021978,-0.192918,2.166355,0.021978,-0.578754
-1.884871,0.021980,-0.139194,2.166355,0.007326,-0.578754
-1.884871,0.007328,-0.070818,2.166355,-0.007328,-0.578754
-1.884489,0.051285,0.002442,2.166355,0.007326,-0.578754
-1.884108,0.095240,0.095239,2.166355,0.007326,-0.583638
-1.883726,0.080587,0.173383,2.166737,0.021978,-0.578754
-1.883726,0.007328,0.178267,2.166355,-0.007328,-0.578754
-1.884108,-0.036631,0.119658,2.166355,-0.007328,-0.583638
-1.884489,-0.080585,0.041514,2.166355,0.021978,-0.583638
-1.884871,-0.095238,-0.041514,2.166355,0.021978,-0.578754
-1.885252,-0.080585,-0.139194,2.166355,-0.007328,-0.573871
-1.885252,-0.051283,-0.192918,2.166355,0.021978,-0.583638
-1.884871,0.007328,-0.168498,2.166355,-0.007328,-0.573871
-1.884871,0.021980,-0.105006,2.166737,0.021978,-0.578754
-1.884489,0.021980,-0.026862,2.166355,0.007326,-0.578754
-1.884108,0.095240,0.056167,2.166737,0.007326,-0.583638
-1.883726,0.095240,0.144079,2.166737,0.007326,-0.583638
-1.883726,0.036633,0.188035,2.166355,-0.007328,-0.583638
-1.884108,-0.021978,0.144079,2.166355,-0.007328,-0.583638
-1.884489,-0.051283,0.075703,2.166737,0.036631,-0.583638
-1.884871,-0.095238,0.002442,2.166355,0.007326,-0.578754
-1.884871,-0.080585,-0.100122,2.166355,-0.007328,-0.573871
-1.885252,-0.065933,-0.178267,2.166355,0.007326,-0.573871
-1.885252,-0.007326,-0.183150,2.166355,0.007326,-0.573871
-1.884871,0.007328,-0.129426,2.166737,0.021978,-0.573871
-1.884871,0.021980,-0.061050,2.166355,0.021978,-0.573871
-1.884489,0.065935,0.012211,2.166355,0.021978,-0.573871
-1.884108,0.109892,0.109891,2.166355,-0.007328,-0.573871
-1.883726,0.065935,0.178267,2.166737,0.021978,-0.583638
-1.883726,0.007328,0.168499,2.166355,0.007326,-0.583638
-1.884108,-0.036631,0.105007,2.166355,0.007326,-0.583638
-1.884489,-0.095238,0.026863,2.166737,0.021978,-0.578754
-1.884871,-0.095238,-0.056166,2.166355,0.007326,-0.573871
-1.885252,-0.080585,-0.153846,2.166355,0.007326,-0.573871
-1.885252,-0.051283,-0.192918,2.166355,0.007326,-0.578754
-1.884871,0.021980,-0.158731,2.166355,0.021978,-0.578754
-1.884871,0.021980,-0.090354,2.166355,0.021978,-0.578754
-1.884489,0.051285,-0.012210,2.166355,0.021978,-0.573871
-1.884108,0.080587,0.075703,2.166355,-0.007328,-0.573871
-1.883726,0.109892,0.158731,2.166737,0.021978,-0.578754
-1.883726,0.007328,0.183151,2.166737,0.007326,-0.578754
-1.884108,-0.021978,0.129427,2.166355,0.007326,-0.578754
-1.884489,-0.065933,0.056167,2.166355,0.007326,-0.578754
-1.884871,-0.109890,-0.021978,2.166355,0.007326,-0.578754
-1.885252,-0.095238,-0.119658,2.166355,-0.007328,-0.583638
-1.885252,-0.051283,-0.188034,2.166737,0.021978,-0.583638
-1.885252,-0.007326,-0.173382,2.166355,0.021978,-0.578754
-1.884871,0.036633,-0.114774,2.166355,0.007326,-0.578754
-1.884871,0.021980,-0.041514,2.166355,0.007326,-0.578754
-1.884489,0.065935,0.041514,2.166737,0.021978,-0.578754
-1.883726,0.109892,0.134311,2.166355,-0.007328,-0.573871
-1.883726,0.036633,0.183151,2.166355,0.007326,-0.578754
-1.884108,-0.021978,0.153847,2.166355,0.007326,-0.573871
-1.884489,-0.051283,0.085470,2.166355,-0.007328,-0.573871
-1.884871,-0.095238,0.007326,2.166355,-0.007328,-0.583638
-1.885252,-0.109890,-0.090354,2.166355,-0.007328,-0.583638
-1.885252,-0.051283,-0.173382,2.166355,0.007326,-0.583638
-1.885252,-0.021978,-0.188034,2.166355,0.007326,-0.583638
-1.884871,0.007328,-0.134310,2.166737,0.021978,-0.583638
-1.884871,0.007328,-0.061050,2.166355,0.007326,-0.573871
-1.884489,0.051285,0.012211,2.166355,0.007326,-0.578754
-1.883726,0.095240,0.105007,2.166355,0.021978,-0.578754
-1.883726,0.051285,0.173383,2.166355,0.007326,-0.573871
-1.883726,-0.007326,0.168499,2.166355,0.007326,-0.578754
-1.884108,-0.036631,0.105007,2.166355,0.007326,-0.573871
-1.884489,-0.080585,0.031747,2.166355,0.007326,-0.573871
-1.884871,-0.095238,-0.056166,2.166355,0.007326,-0.573871
-1.885252,-0.095238,-0.153846,2.166737,0.007326,-0.583638
-1.885252,-0.036631,-0.192918,2.166355,0.021978,-0.583638
-1.885252,0.007328,-0.153846,2.166355,0.007326,-0.583638
-1.884871,0.021980,-0.085470,2.166355,0.007326,-0.578754
-1.884489,0.051285,-0.012210,2.166355,0.007326,-0.578754
-1.884108,0.080587,0.075703,2.166355,0.007326,-0.578754
-1.883726,0.095240,0.158731,2.166355,0.007326,-0.578754
-1.883726,0.021980,0.178267,2.166355,0.007326,-0.583638
-1.884108,-0.036631,0.124542,2.166355,0.007326,-0.583638
-1.884489,-0.065933,0.051283,2.166355,0.007326,-0.578754
-1.884871,-0.095238,-0.026862,2.166355,0.007326,-0.578754
-1.885252,-0.080585,-0.129426,2.166355,0.007326,-0.578754
-1.885252,-0.036631,-0.188034,2.166355,0.021978,-0.578754
-1.885252,0.007328,-0.173382,2.166355,0.007326,-0.573871
-1.884871,0.007328,-0.105006,2.166355,0.007326,-0.578754
-1.884871,0.036633,-0.026862,2.166355,0.007326,-0.578754
-1.884108,0.095240,0.051283,2.166355,-0.007328,-0.578754
-1.883726,0.095240,0.144079,2.166737,0.021978,-0.583638
-1.883726,0.051285,0.183151,2.166355,0.007326,-0.578754
-1.884108,-0.021978,0.144079,2.166355,0.007326,-0.578754
-1.884489,-0.051283,0.070819,2.166737,0.021978,-0.578754
-1.884871,-0.095238,-0.007326,2.166355,0.007326,-0.578754
-1.885252,-0.095238,-0.105006,2.166355,0.021978,-0.578754
-1.885252,-0.065933,-0.183150,2.166355,0.007326,-0.573871
-1.885252,-0.036631,-0.183150,2.166737,0.021978,-0.573871
-1.884871,0.036633,-0.119658,2.166355,0.007326,-0.578754
-1.884489,0.021980,-0.046398,2.166355,0.007326,-0.578754
-1.884489,0.065935,0.031747,2.166355,0.021978,-0.578754
-1.883726,0.095240,0.119658,2.166355,0.007326,-0.573871
-1.883726,0.065935,0.178267,2.166355,0.007326,-0.573871
-1.884108,-0.021978,0.158731,2.166355,0.007326,-0.578754
-1.884108,-0.051283,0.090355,2.166737,0.021978,-0.578754
-1.884489,-0.065933,0.012211,2.166355,0.007326,-0.578754
-1.885252,-0.109890,-0.085470,2.166355,0.021978,-0.578754
-1.885252,-0.080585,-0.173382,2.166355,0.007326,-0.573871
-1.885252,-0.036631,-0.188034,2.166355,-0.007328,-0.578754
-1.884871,0.021980,-0.139194,2.166355,-0.007328,-0.578754
-1.884871,0.007328,-0.065934,2.166355,0.021978,-0.583638
-1.884489,0.065935,0.012211,2.166355,0.021978,-0.578754
-1.884108,0.109892,0.100122,2.166737,0.021978,-0.573871
-1.883726,0.080587,0.168499,2.166355,0.021978,-0.578754
-1.884108,0.007328,0.168499,2.166737,0.007326,-0.578754
-1.884108,-0.051283,0.105007,2.166355,-0.007328,-0.578754
-1.884489,-0.065933,0.026863,2.166355,0.007326,-0.583638
-1.884871,-0.095238,-0.061050,2.166355,-0.021980,-0.578754
-1.885252,-0.065933,-0.158731,2.166355,0.007326,-0.583638
-1.885252,-0.036631,-0.188034,2.166355,0.007326,-0.583638
-1.885252,0.007328,-0.148962,2.166355,-0.007328,-0.578754
-1.884871,0.036633,-0.080586,2.166355,0.007326,-0.583638
-1.884489,0.051285,-0.002442,2.166355,-0.007328,-0.583638
-1.884108,0.095240,0.085470,2.166355,0.007326,-0.583638
-1.883726,0.095240,0.163614,2.166355,0.007326,-0.578754
-1.883726,0.007328,0.173383,2.166355,0.007326,-0.578754
-1.884108,-0.051283,0.114775,2.166355,0.007326,-0.578754
-1.884489,-0.080585,0.036631,2.166355,0.007326,-0.573871
-1.884871,-0.109890,-0.046398,2.166355,0.007326,-0.578754
-1.885252,-0.095238,-0.144078,2.166355,0.007326,-0.573871
-1.885252,-0.036631,-0.192918,2.166355,0.021978,-0.573871
-1.884871,0.007328,-0.158731,2.166355,0.007326,-0.573871
-1.884871,0.007328,-0.095238,2.166355,0.021978,-0.578754
-1.884489,0.036633,-0.012210,2.166355,0.007326,-0.578754
-1.884108,0.080587,0.070819,2.166355,0.007326,-0.583638
-1.883726,0.080587,0.158731,2.166355,0.007326,-0.578754
-1.883726,0.021980,0.178267,2.166737,0.021978,-0.578754
-1.884108,-0.036631,0.124542,2.166355,-0.007328,-0.578754
-1.884489,-0.065933,0.051283,2.166355,-0.007328,-0.578754
-1.884871,-0.095238,-0.031746,2.166355,0.007326,-0.578754
-1.885252,-0.095238,-0.129426,2.166355,0.007326,-0.578754
-1.885252,-0.051283,-0.188034,2.166355,0.007326,-0.578754
-1.885252,0.021980,-0.168498,2.166355,0.007326,-0.578754
-1.884871,0.007328,-0.100122,2.166355,0.021978,-0.578754
-1.884489,0.036633,-0.026862,2.166355,-0.007328,-0.573871
-1.884108,0.080587,0.056167,2.166737,0.021978,-0.578754
-1.883726,0.095240,0.148963,2.166355,0.007326,-0.578754
-1.883726,0.021980,0.183151,2.166355,0.021978,-0.578754
-1.884108,-0.021978,0.134311,2.166355,0.007326,-0.578754
-1.884489,-0.065933,0.061050,2.166355,0.007326,-0.578754
-1.884871,-0.095238,-0.017094,2.166355,0.007326,-0.573871
-1.885252,-0.080585,-0.119658,2.166355,0.007326,-0.578754
-1.885252,-0.051283,-0.188034,2.166737,0.021978,-0.573871
-1.885252,-0.007326,-0.173382,2.166355,0.007326,-0.573871
-1.884871,0.021980,-0.109890,2.166737,0.021978,-0.578754
-1.884489,0.036633,-0.031746,2.166355,-0.007328,-0.573871
-1.884108,0.065935,0.046398,2.166355,0.007326,-0.583638
-1.883726,0.109892,0.139194,2.166355,0.021978,-0.583638
-1.883726,0.036633,0.178267,2.166355,0.007326,-0.583638
-1.884108,-0.021978,0.139194,2.166737,0.021978,-0.578754
-1.884489,-0.065933,0.065935,2.166355,-0.007328,-0.573871
-1.884871,-0.095238,-0.012210,2.166355,-0.007328,-0.578754
-1.885252,-0.065933,-0.114774,2.166355,0.007326,-0.583638
-1.885252,-0.051283,-0.183150,2.166355,-0.007328,-0.583638
-1.885252,-0.007326,-0.173382,2.166355,0.021978,-0.583638
-1.884871,0.007328,-0.109890,2.166355,0.007326,-0.583638
-1.884871,0.021980,-0.036630,2.166355,0.007326,-0.583638
-1.884108,0.095240,0.041514,2.166355,0.007326,-0.578754
-1.883726,0.095240,0.134311,2.166355,0.007326,-0.578754
-1.883726,0.065935,0.178267,2.166355,0.021978,-0.583638
-1.884108,-0.007326,0.144079,2.166355,0.007326,-0.578754
-1.884108,-0.051283,0.075703,2.166355,-0.007328,-0.573871
-1.884871,-0.095238,-0.007326,2.166355,0.007326,-0.578754
-1.885252,-0.080585,-0.109890,2.166355,-0.007328,-0.578754
-1.885252,-0.065933,-0.183150,2.166355,0.007326,-0.583638
-1.885252,-0.007326,-0.178267,2.166355,0.021978,-0.583638
-1.884871,0.007328,-0.114774,2.166355,0.007326,-0.578754
-1.884871,0.036633,-0.041514,2.166355,0.021978,-0.573871
-1.884108,0.080587,0.036631,2.166355,0.007326,-0.568987
-1.883726,0.095240,0.129427,2.166355,-0.007328,-0.573871
-1.883726,0.065935,0.178267,2.166355,0.007326,-0.578754
-1.884108,-0.021978,0.148963,2.166355,-0.007328,-0.583638
-1.884489,-0.051283,0.075703,2.166355,0.021978,-0.588523
-1.884871,-0.109890,-0.002442,2.166355,0.007326,-0.578754
-1.885252,-0.095238,-0.100122,2.166737,0.007326,-0.573871
-1.885252,-0.065933,-0.178267,2.166355,0.007326,-0.573871
-1.885252,-0.021978,-0.178267,2.166355,0.007326,-0.573871
-1.884871,0.021980,-0.119658,2.166355,-0.007328,-0.573871
-1.884871,0.036633,-0.046398,2.166355,0.007326,-0.578754
-1.884489,0.080587,0.036631,2.166737,0.021978,-0.578754
-1.883726,0.095240,0.124542,2.166355,0.007326,-0.578754
-1.883726,0.051285,0.178267,2.166355,-0.007328,-0.578754
-1.884108,-0.007326,0.148963,2.166355,0.007326,-0.578754
-1.884489,-0.051283,0.080586,2.166355,-0.007328,-0.578754
-1.884871,-0.109890,-0.002442,2.166355,0.007326,-0.583638
-1.885252,-0.080585,-0.100122,2.166355,0.021978,-0.578754
-1.885252,-0.051283,-0.178267,2.166355,-0.007328,-0.573871
-1.885252,-0.021978,-0.178267,2.166737,0.021978,-0.578754
-1.884871,0.007328,-0.114774,2.166737,0.021978,-0.578754
-1.884871,0.021980,-0.041514,2.166355,0.007326,-0.573871
-1.884108,0.051285,0.036631,2.166355,0.007326,-0.573871
-1.883726,0.095240,0.124542,2.166737,0.007326,-0.578754
-1.883726,0.051285,0.178267,2.166737,0.021978,-0.578754
-1.884108,-0.021978,0.148963,2.166355,0.007326,-0.578754
-1.884489,-0.065933,0.080586,2.166355,-0.007328,-0.578754
-1.884871,-0.109890,-0.002442,2.166355,0.021978,-0.578754
-1.885252,-0.095238,-0.105006,2.166355,-0.007328,-0.573871
-1.885252,-0.080585,-0.178267,2.166355,0.007326,-0.578754
-1.885252,-0.021978,-0.178267,2.166355,0.007326,-0.578754
-1.884871,0.007328,-0.119658,2.166355,0.007326,-0.578754
-1.884871,0.036633,-0.046398,2.166355,-0.007328,-0.578754
-1.884108,0.065935,0.036631,2.166355,0.007326,-0.583638
-1.883726,0.080587,0.129427,2.166355,0.007326,-0.583638
-1.883726,0.051285,0.173383,2.166355,0.007326,-0.583638
-1.884108,-0.036631,0.144079,2.166355,0.007326,-0.578754
-1.884489,-0.065933,0.070819,2.166355,0.007326,-0.578754
-1.884871,-0.080585,-0.007326,2.166355,0.021978,-0.578754
-1.885252,-0.095238,-0.109890,2.166355,-0.007328,-0.568987
-1.885252,-0.065933,-0.178267,2.166355,0.007326,-0.578754
-1.885252,0.007328,-0.173382,2.166355,0.007326,-0.578754
-1.884871,0.007328,-0.109890,2.166355,0.007326,-0.578754
-1.884871,0.036633,-0.036630,2.166355,0.007326,-0.583638
-1.884108,0.080587,0.046398,2.166355,0.007326,-0.578754
-1.883726,0.095240,0.134311,2.166355,0.007326,-0.578754
-1.883726,0.051285,0.178267,2.166355,0.007326,-0.578754
-1.884108,-0.021978,0.139194,2.166355,0.007326,-0.578754
-1.884489,-0.065933,0.065935,2.166355,0.007326,-0.573871
-1.884871,-0.095238,-0.012210,2.166355,-0.007328,-0.578754
-1.885252,-0.095238,-0.114774,2.166355,0.021978,-0.578754
-1.885252,-0.080585,-0.178267,2.166355,0.007326,-0.578754
-1.884871,0.007328,-0.173382,2.166355,0.007326,-0.573871
-1.884871,0.021980,-0.105006,2.166355,0.007326,-0.578754
-1.884489,0.007328,-0.031746,2.166355,0.007326,-0.578754
-1.884108,0.080587,0.051283,2.166355,0.007326,-0.578754
-1.883726,0.095240,0.139194,2.166355,0.007326,-0.578754
-1.883726,0.036633,0.178267,2.166355,0.007326,-0.578754
-1.884108,-0.036631,0.134311,2.166355,0.007326,-0.578754
-1.884489,-0.051283,0.061050,2.166737,0.007326,-0.578754
-1.884871,-0.109890,-0.021978,2.166355,0.007326,-0.573871
-1.885252,-0.095238,-0.124542,2.166355,-0.007328,-0.578754
-1.885252,-0.051283,-0.183150,2.166355,0.007326,-0.583638
-1.885252,-0.007326,-0.163614,2.166355,-0.007328,-0.578754
-1.884871,0.021980,-0.100122,2.166355,0.007326,-0.583638
-1.884489,0.036633,-0.021978,2.166355,0.007326,-0.583638
-1.884108,0.095240,0.065935,2.166355,0.007326,-0.578754
-1.883726,0.109892,0.148963,2.166737,0.021978,-0.578754
-1.883726,0.036633,0.178267,2.166355,0.007326,-0.578754
-1.884108,-0.036631,0.129427,2.166355,0.007326,-0.583638
-1.884489,-0.080585,0.056167,2.166355,-0.007328,-0.583638
-1.884871,-0.095238,-0.026862,2.166355,0.021978,-0.583638
-1.885252,-0.080585,-0.129426,2.166355,0.007326,-0.578754
-1.885252,-0.051283,-0.183150,2.166355,0.021978,-0.573871
-1.884871,0.007328,-0.158731,2.166355,0.007326,-0.573871
-1.884871,0.021980,-0.090354,2.166355,0.007326,-0.573871
-1.884489,0.036633,-0.012210,2.166355,0.007326,-0.578754
-1.884108,0.109892,0.075703,2.166355,0.007326,-0.583638
-1.883726,0.095240,0.153847,2.166355,0.007326,-0.578754
-1.883726,0.021980,0.173383,2.166737,0.021978,-0.578754
-1.884108,-0.051283,0.114775,2.166355,-0.007328,-0.578754
-1.884489,-0.080585,0.036631,2.166355,0.007326,-0.583638
-1.884871,-0.095238,-0.046398,2.166355,0.007326,-0.583638
-1.885252,-0.080585,-0.144078,2.166355,0.007326,-0.578754
-1.885252,-0.036631,-0.183150,2.166355,0.007326,-0.578754
-1.885252,-0.007326,-0.148962,2.166355,0.007326,-0.578754
-1.884871,0.036633,-0.080586,2.166355,0.007326,-0.583638
-1.884489,0.065935,-0.002442,2.166355,0.007326,-0.583638
-1.884108,0.095240,0.085470,2.166355,0.007326,-0.583638
-1.883726,0.080587,0.163614,2.166355,0.007326,-0.583638
-1.883726,-0.007326,0.163614,2.166355,0.007326,-0.583638
-1.884108,-0.065933,0.105007,2.166355,0.007326,-0.583638
-1.884489,-0.080585,0.026863,2.166355,0.021978,-0.583638
-1.885252,-0.095238,-0.065934,2.166355,0.007326,-0.573871
-1.885252,-0.080585,-0.158731,2.166355,-0.007328,-0.573871
-1.885252,-0.021978,-0.183150,2.166355,0.007326,-0.578754
-1.884871,0.007328,-0.139194,2.166355,0.007326,-0.578754
-1.884871,0.021980,-0.065934,2.166355,0.007326,-0.578754
-1.884489,0.065935,0.012211,2.166355,0.021978,-0.578754
-1.884108,0.080587,0.105007,2.166355,-0.007328,-0.578754
-1.883726,0.065935,0.168499,2.166355,0.007326,-0.583638
-1.884108,0.007328,0.153847,2.166355,0.007326,-0.578754
-1.884489,-0.065933,0.090355,2.166355,0.007326,-0.583638
-1.884871,-0.095238,0.012211,2.166355,0.021978,-0.578754
-1.885252,-0.109890,-0.085470,2.166355,0.007326,-0.573871
-1.885252,-0.080585,-0.168498,2.166355,0.021978,-0.573871
-1.885252,-0.021978,-0.178267,2.166737,0.021978,-0.573871
-1.884871,0.021980,-0.124542,2.166355,0.007326,-0.573871
-1.884871,0.036633,-0.046398,2.166355,0.007326,-0.578754
-1.884489,0.065935,0.031747,2.166355,0.007326,-0.578754
-1.883726,0.109892,0.124542,2.166737,0.021978,-0.578754
-1.883726,0.051285,0.173383,2.166355,0.007326,-0.578754
-1.884108,-0.021978,0.144079,2.166355,0.021978,-0.578754
-1.884489,-0.080585,0.075703,2.166355,0.007326,-0.578754
-1.884871,-0.095238,-0.007326,2.166355,-0.007328,-0.573871
-1.885252,-0.095238,-0.105006,2.166355,-0.007328,-0.583638
-1.885252,-0.080585,-0.178267,2.166355,0.007326,-0.583638
-1.885252,-0.021978,-0.168498,2.166355,0.007326,-0.583638
-1.884871,0.021980,-0.105006,2.166355,-0.007328,-0.578754
-1.884489,0.036633,-0.026862,2.166355,0.007326,-0.588523
-1.884108,0.080587,0.051283,2.166355,0.007326,-0.588523
-1.883726,0.109892,0.139194,2.166355,0.007326,-0.588523
-1.883726,0.051285,0.173383,2.166355,0.007326,-0.583638
-1.884108,-0.021978,0.129427,2.166355,0.007326,-0.583638
-1.884489,-0.080585,0.056167,2.166355,0.007326,-0.583638
-1.884871,-0.109890,-0.031746,2.166737,0.021978,-0.578754
-1.885252,-0.080585,-0.129426,2.166355,0.007326,-0.573871
-1.885252,-0.065933,-0.178267,2.166355,-0.007328,-0.573871
-1.884871,0.021980,-0.153846,2.166355,0.021978,-0.583638
-1.884871,0.021980,-0.090354,2.166355,0.007326,-0.578754
-1.884489,0.051285,-0.007326,2.166737,0.021978,-0.578754
-1.884108,0.080587,0.080586,2.166355,0.021978,-0.578754
-1.883726,0.095240,0.158731,2.166355,0.007326,-0.578754
-1.883726,0.036633,0.168499,2.166355,-0.007328,-0.578754
-1.884108,-0.051283,0.109891,2.166355,0.007326,-0.583638
-1.884489,-0.095238,0.031747,2.166355,0.007326,-0.583638
-1.884871,-0.095238,-0.056166,2.166355,0.007326,-0.583638
-1.885252,-0.080585,-0.148962,2.166355,0.007326,-0.578754
-1.885252,-0.036631,-0.183150,2.166355,0.007326,-0.583638
-1.884871,0.021980,-0.139194,2.166737,0.021978,-0.583638
-1.884871,0.007328,-0.065934,2.166737,0.021978,-0.578754
-1.884489,0.051285,0.012211,2.166737,0.007326,-0.578754
-1.884108,0.109892,0.100122,2.166355,0.007326,-0.583638
-1.883726,0.080587,0.168499,2.166355,0.007326,-0.583638
-1.884108,0.007328,0.153847,2.166355,-0.007328,-0.583638
-1.884489,-0.065933,0.090355,2.166737,0.021978,-0.583638
-1.884871,-0.095238,0.012211,2.166355,-0.007328,-0.578754
-1.885252,-0.095238,-0.090354,2.166355,0.007326,-0.583638
-1.885252,-0.065933,-0.168498,2.166355,-0.007328,-0.578754
-1.885252,-0.036631,-0.178267,2.166355,-0.007328,-0.583638
-1.884871,0.007328,-0.119658,2.166737,0.021978,-0.588523
-1.884489,0.051285,-0.041514,2.166355,0.007326,-0.583638
-1.884108,0.080587,0.036631,2.166355,-0.007328,-0.583638
-1.883726,0.095240,0.124542,2.166355,0.007326,-0.588523
-1.883726,0.051285,0.173383,2.166355,0.021978,-0.588523
-1.884108,-0.021978,0.134311,2.166355,0.007326,-0.583638
-1.884489,-0.080585,0.065935,2.166355,0.021978,-0.583638
-1.884871,-0.109890,-0.017094,2.166355,0.021978,-0.578754
-1.885252,-0.080585,-0.119658,2.166355,-0.007328,-0.578754
-1.885252,-0.051283,-0.178267,2.166355,0.007326,-0.583638
-1.885252,-0.007326,-0.163614,2.166355,0.021978,-0.583638
-1.884871,0.021980,-0.095238,2.166355,0.007326,-0.583638
-1.884489,0.036633,-0.017094,2.166355,0.007326,-0.583638
-1.884108,0.065935,0.070819,2.166737,0.021978,-0.583638
-1.883726,0.095240,0.148963,2.166737,0.007326,-0.578754
-1.883726,0.051285,0.168499,2.166355,0.007326,-0.578754
-1.884108,-0.051283,0.114775,2.166355,0.007326,-0.578754
-1.884489,-0.095238,0.036631,2.166355,0.007326,-0.583638
-1.884871,-0.095238,-0.051282,2.166355,-0.007328,-0.583638
-1.885252,-0.095238,-0.144078,2.166355,0.007326,-0.583638
-1.885252,-0.051283,-0.183150,2.166355,0.007326,-0.583638
-1.884871,-0.007326,-0.139194,2.166355,0.007326,-0.583638
-1.884871,0.021980,-0.065934,2.166355,-0.007328,-0.588523
-1.884489,0.051285,0.012211,2.166355,0.007326,-0.588523
-1.884108,0.095240,0.100122,2.166737,0.021978,-0.588523
-1.883726,0.080587,0.163614,2.166355,0.007326,-0.583638
-1.884108,0.007328,0.153847,2.166355,0.007326,-0.578754
-1.884489,-0.065933,0.085470,2.166355,0.007326,-0.583638
-1.884871,-0.095238,0.007326,2.166355,-0.007328,-0.583638
-1.885252,-0.080585,-0.090354,2.166355,0.021978,-0.588523
-1.885252,-0.065933,-0.168498,2.166737,0.036631,-0.583638
-1.885252,-0.021978,-0.173382,2.166355,-0.007328,-0.573871
-1.884871,0.007328,-0.114774,2.166355,0.021978,-0.578754
-1.884871,0.051285,-0.036630,2.166355,0.007326,-0.578754
-1.884108,0.080587,0.041514,2.166737,0.021978,-0.578754
-1.883726,0.109892,0.129427,2.166355,-0.007328,-0.578754
-1.883726,0.065935,0.173383,2.166355,0.007326,-0.583638
-1.884108,-0.036631,0.129427,2.166355,0.007326,-0.583638
-1.884489,-0.080585,0.056167,2.166355,0.007326,-0.583638
-1.884871,-0.124542,-0.026862,2.166355,0.007326,-0.583638
-1.885252,-0.095238,-0.129426,2.166355,0.021978,-0.583638
-1.885252,-0.065933,-0.178267,2.166355,0.007326,-0.573871
-1.885252,0.007328,-0.153846,2.166737,0.021978,-0.578754
-1.884871,0.021980,-0.085470,2.166355,0.007326,-0.578754
-1.884489,0.051285,-0.007326,2.166355,0.007326,-0.578754
-1.884108,0.109892,0.080586,2.166355,0.007326,-0.583638
-1.883726,0.095240,0.153847,2.166355,-0.007328,-0.583638
-1.883726,0.021980,0.163614,2.166355,0.007326,-0.588523
-1.884108,-0.051283,0.100122,2.166355,0.007326,-0.588523
-1.884871,-0.080585,0.026863,2.166355,-0.007328,-0.583638
-1.884871,-0.095238,-0.070818,2.166355,0.007326,-0.583638
-1.885252,-0.065933,-0.153846,2.166355,0.007326,-0.583638
-1.885252,-0.051283,-0.178267,2.166355,0.007326,-0.583638
-1.884871,0.007328,-0.124542,2.166355,0.007326,-0.583638
-1.884871,0.021980,-0.051282,2.166355,0.007326,-0.583638
-1.884489,0.065935,0.026863,2.166355,0.021978,-0.583638
-1.883726,0.109892,0.114775,2.166737,0.021978,-0.578754
-1.883726,0.065935,0.168499,2.166355,-0.007328,-0.578754
-1.884108,-0.007326,0.144079,2.166355,0.007326,-0.578754
-1.884489,-0.080585,0.070819,2.166355,0.007326,-0.583638
-1.884871,-0.095238,-0.012210,2.166355,-0.007328,-0.583638
-1.885252,-0.095238,-0.114774,2.166737,0.021978,-0.583638
-1.885252,-0.065933,-0.178267,2.166355,0.007326,-0.578754
-1.885252,-0.007326,-0.158731,2.166355,0.007326,-0.578754
-1.884871,0.036633,-0.095238,2.166355,-0.007328,-0.583638
-1.884489,0.051285,-0.017094,2.166355,0.007326,-0.583638
-1.884108,0.095240,0.065935,2.166355,0.007326,-0.583638
-1.883726,0.095240,0.148963,2.166355,0.007326,-0.583638
-1.883726,0.021980,0.163614,2.166737,0.021978,-0.583638
-1.884108,-0.051283,0.109891,2.166355,0.007326,-0.573871
-1.884489,-0.080585,0.036631,2.166355,-0.007328,-0.578754
-1.884871,-0.095238,-0.056166,2.166355,0.007326,-0.583638
-1.885252,-0.095238,-0.148962,2.166355,-0.007328,-0.583638
-1.885252,-0.036631,-0.178267,2.166355,0.007326,-0.588523
-1.884871,0.007328,-0.129426,2.166355,0.007326,-0.583638
-1.884871,0.021980,-0.061050,2.166355,0.021978,-0.583638
-1.884489,0.065935,0.021978,2.166355,0.007326,-0.578754
-1.883726,0.109892,0.109891,2.166355,0.007326,-0.578754
-1.883726,0.065935,0.163614,2.166355,-0.007328,-0.583638
-1.884108,-0.021978,0.144079,2.166355,0.007326,-0.583638
-1.884489,-0.080585,0.075703,2.166355,0.007326,-0.583638
-1.884871,-0.109890,-0.007326,2.166355,0.007326,-0.583638
-1.885252,-0.095238,-0.109890,2.166355,-0.007328,-0.583638
-1.885252,-0.080585,-0.173382,2.166355,0.021978,-0.588523
-1.884871,-0.007326,-0.163614,2.166355,0.007326,-0.583638
-1.884871,0.036633,-0.100122,2.166355,0.007326,-0.578754
-1.884489,0.051285,-0.021978,2.166355,0.007326,-0.583638
-1.884108,0.080587,0.061050,2.166355,-0.007328,-0.583638
-1.883726,0.095240,0.139194,2.166355,0.007326,-0.588523
-1.883726,0.021980,0.163614,2.166355,0.007326,-0.588523
-1.884108,-0.051283,0.109891,2.166355,0.007326,-0.583638
-1.884489,-0.095238,0.036631,2.166355,0.007326,-0.583638
-1.884871,-0.095238,-0.051282,2.166737,0.021978,-0.583638
-1.885252,-0.080585,-0.148962,2.166355,0.007326,-0.583638
-1.885252,-0.051283,-0.178267,2.166355,0.007326,-0.578754
-1.884871,0.021980,-0.129426,2.166355,0.007326,-0.583638
-1.884871,0.036633,-0.061050,2.166355,-0.007328,-0.583638
-1.884489,0.065935,0.021978,2.166355,0.007326,-0.588523
-1.883726,0.095240,0.109891,2.166737,0.021978,-0.583638
-1.883726,0.095240,0.163614,2.166355,0.007326,-0.578754
-1.884108,-0.021978,0.144079,2.166355,0.007326,-0.583638
-1.884489,-0.065933,0.070819,2.166355,-0.007328,-0.578754
-1.884871,-0.109890,-0.007326,2.166355,0.007326,-0.583638
-1.885252,-0.109890,-0.109890,2.166355,0.021978,-0.588523
-1.885252,-0.051283,-0.173382,2.166355,0.007326,-0.583638
-1.885252,0.007328,-0.158731,2.166355,0.007326,-0.578754
-1.884871,0.021980,-0.095238,2.166355,0.021978,-0.583638
-1.884489,0.051285,-0.017094,2.166355,0.007326,-0.578754
-1.884108,0.065935,0.070819,2.166355,0.007326,-0.578754
-1.883726,0.095240,0.144079,2.166355,0.007326,-0.583638
-1.883726,0.021980,0.163614,2.166355,0.007326,-0.583638
-1.884108,-0.051283,0.105007,2.166355,0.021978,-0.583638
-1.884489,-0.080585,0.031747,2.166355,-0.007328,-0.578754
-1.885252,-0.109890,-0.065934,2.166355,0.021978,-0.583638
-1.885252,-0.080585,-0.153846,2.166355,0.021978,-0.578754
-1.885252,-0.021978,-0.178267,2.166355,0.007326,-0.573871
-1.884871,0.007328,-0.129426,2.166355,0.021978,-0.578754
-1.884871,0.021980,-0.051282,2.166355,-0.007328,-0.578754
-1.884489,0.065935,0.026863,2.166737,0.021978,-0.583638
-1.883726,0.095240,0.114775,2.166355,0.021978,-0.583638
-1.883726,0.065935,0.163614,2.166355,0.007326,-0.583638
-1.884108,-0.021978,0.134311,2.166355,0.007326,-0.583638
-1.884489,-0.080585,0.065935,2.166355,0.021978,-0.583638
-1.884871,-0.095238,-0.021978,2.166355,-0.007328,-0.578754
-1.885252,-0.095238,-0.119658,2.166355,0.007326,-0.583638
-1.885252,-0.065933,-0.178267,2.166355,-0.007328,-0.583638
-1.884871,-0.007326,-0.153846,2.166355,0.007326,-0.583638
-1.884871,0.036633,-0.085470,2.166355,0.021978,-0.583638
-1.884489,0.065935,-0.007326,2.166355,-0.007328,-0.578754
-1.884108,0.095240,0.080586,2.166355,0.007326,-0.583638
-1.883726,0.080587,0.153847,2.166355,0.007326,-0.583638
-1.883726,0.007328,0.158731,2.166355,-0.007328,-0.583638
-1.884108,-0.051283,0.095239,2.166355,0.007326,-0.588523
-1.884871,-0.095238,0.017095,2.166355,0.007326,-0.588523
-1.885252,-0.095238,-0.080586,2.166355,0.007326,-0.588523
-1.885252,-0.109890,-0.163614,2.166355,-0.007328,-0.588523
-1.885252,-0.021978,-0.173382,2.166355,0.021978,-0.588523
-1.884871,0.036633,-0.114774,2.166355,0.007326,-0.578754
-1.884489,0.036633,-0.036630,2.166355,-0.007328,-0.578754
-1.884108,0.080587,0.046398,2.166355,0.007326,-0.583638
-1.883726,0.109892,0.129427,2.166355,0.007326,-0.588523
-1.883726,0.051285,0.163614,2.166355,-0.007328,-0.583638
-1.884108,-0.036631,0.119658,2.166355,0.007326,-0.583638
-1.884489,-0.065933,0.046398,2.166355,-0.007328,-0.583638
-1.884871,-0.095238,-0.041514,2.166737,0.021978,-0.583638
-1.885252,-0.080585,-0.134310,2.166355,0.007326,-0.578754
-1.885252,-0.051283,-0.178267,2.166355,0.007326,-0.578754
-1.884871,0.007328,-0.139194,2.166355,0.007326,-0.578754
-1.884871,0.036633,-0.065934,2.166355,-0.007328,-0.583638
-1.884489,0.065935,0.012211,2.166355,0.007326,-0.588523
-1.884108,0.095240,0.100122,2.166355,0.007326,-0.588523
-1.883726,0.065935,0.158731,2.166355,0.007326,-0.583638
-1.883726,-0.007326,0.144079,2.166355,0.007326,-0.583638
-1.884489,-0.080585,0.075703,2.166355,0.007326,-0.578754
-1.884871,-0.109890,-0.002442,2.166355,-0.007328,-0.578754
-1.885252,-0.095238,-0.105006,2.166355,-0.007328,-0.583638
-1.885252,-0.065933,-0.173382,2.166355,0.007326,-0.588523
-1.885252,-0.021978,-0.158731,2.166355,0.021978,-0.583638
-1.884871,0.021980,-0.095238,2.166355,0.007326,-0.578754
-1.884489,0.051285,-0.017094,2.166355,0.007326,-0.583638
-1.884108,0.080587,0.070819,2.166355,0.007326,-0.583638
-1.883726,0.095240,0.144079,2.166355,0.007326,-0.583638
-1.883726,0.021980,0.158731,2.166355,0.021978,-0.583638
-1.884108,-0.065933,0.100122,2.166355,0.007326,-0.578754
-1.884489,-0.109890,0.026863,2.166355,0.021978,-0.578754
-1.885252,-0.080585,-0.070818,2.166355,0.007326,-0.578754
-1.885252,-0.080585,-0.153846,2.166355,0.007326,-0.583638
-1.885252,-0.036631,-0.168498,2.166355,-0.007328,-0.578754
-1.884871,0.021980,-0.114774,2.166355,0.021978,-0.583638
-1.884489,0.065935,-0.041514,2.166355,0.007326,-0.578754
-1.884108,0.080587,0.041514,2.166737,0.021978,-0.583638
-1.883726,0.109892,0.124542,2.166355,0.007326,-0.583638
-1.883726,0.051285,0.163614,2.166355,-0.007328,-0.578754
-1.884108,-0.021978,0.124542,2.166355,-0.007328,-0.583638
-1.884489,-0.080585,0.051283,2.166355,0.007326,-0.583638
-1.884871,-0.109890,-0.036630,2.166355,0.007326,-0.583638
-1.885252,-0.080585,-0.134310,2.166355,0.021978,-0.583638
-1.885252,-0.036631,-0.173382,2.166355,-0.007328,-0.583638
-1.884871,0.007328,-0.139194,2.166355,0.007326,-0.578754
-1.884871,0.021980,-0.065934,2.166355,0.007326,-0.583638
-1.884489,0.051285,0.017095,2.166737,0.021978,-0.583638
-1.884108,0.095240,0.100122,2.166355,-0.007328,-0.583638
-1.883726,0.065935,0.158731,2.166355,0.007326,-0.583638
-1.884108,-0.021978,0.139194,2.166355,0.007326,-0.588523
-1.884489,-0.051283,0.075703,2.166355,-0.007328,-0.583638
-1.884871,-0.095238,-0.007326,2.166355,0.021978,-0.583638
-1.885252,-0.109890,-0.105006,2.166355,0.007326,-0.578754
-1.885252,-0.095238,-0.173382,2.166355,0.007326,-0.578754
-1.885252,-0.007326,-0.153846,2.166355,-0.007328,-0.578754
-1.884871,0.036633,-0.090354,2.166355,-0.007328,-0.583638
-1.884489,0.051285,-0.007326,2.166355,-0.007328,-0.588523
-1.884108,0.095240,0.075703,2.166737,0.007326,-0.588523
-1.883726,0.095240,0.148963,2.166355,0.007326,-0.588523
-1.883726,0.021980,0.153847,2.166737,0.021978,-0.588523
-1.884108,-0.051283,0.095239,2.166355,0.021978,-0.583638
-1.884871,-0.109890,0.017095,2.166355,0.007326,-0.578754
-1.885252,-0.095238,-0.080586,2.166355,-0.021980,-0.578754
-1.885252,-0.095238,-0.158731,2.166355,0.021978,-0.583638
-1.885252,-0.021978,-0.168498,2.166355,0.007326,-0.583638
-1.884871,0.036633,-0.109890,2.166355,0.007326,-0.583638
-1.884489,0.036633,-0.031746,2.166355,-0.021980,-0.583638
-1.884108,0.080587,0.056167,2.166355,0.007326,-0.588523
-1.883726,0.095240,0.129427,2.166737,0.021978,-0.593407
-1.883726,0.036633,0.163614,2.166355,0.007326,-0.583638
-1.884108,-0.051283,0.114775,2.166355,0.007326,-0.583638
-1.884489,-0.080585,0.036631,2.166355,0.007326,-0.583638
-1.884871,-0.109890,-0.051282,2.166355,-0.007328,-0.583638
-1.885252,-0.080585,-0.144078,2.166355,0.021978,-0.588523
-1.885252,-0.051283,-0.173382,2.166355,0.007326,-0.578754
-1.884871,0.021980,-0.124542,2.166355,0.007326,-0.578754
-1.884871,0.036633,-0.051282,2.166355,0.007326,-0.583638
-1.884489,0.065935,0.026863,2.166355,0.007326,-0.583638
-1.883726,0.080587,0.114775,2.166355,0.007326,-0.583638
-1.883726,0.080587,0.158731,2.166355,0.007326,-0.583638
-1.884108,-0.007326,0.124542,2.166355,0.007326,-0.583638
-1.884489,-0.065933,0.056167,2.166355,0.007326,-0.588523
-1.884871,-0.095238,-0.031746,2.166355,0.007326,-0.588523
-1.885252,-0.109890,-0.129426,2.166355,0.007326,-0.583638
-1.885252,-0.051283,-0.173382,2.166355,0.007326,-0.583638
-1.884871,0.021980,-0.139194,2.166355,-0.007328,-0.583638
-1.884871,0.007328,-0.070818,2.166355,0.021978,-0.588523
-1.884489,0.051285,0.012211,2.166737,0.021978,-0.588523
-1.884108,0.095240,0.100122,2.166355,0.007326,-0.578754
-1.883726,0.065935,0.158731,2.166355,-0.007328,-0.578754
-1.883726,-0.007326,0.144079,2.166355,0.007326,-0.588523
-1.884489,-0.080585,0.075703,2.166355,0.007326,-0.593407
-1.884871,-0.080585,-0.007326,2.166355,0.007326,-0.588523
-1.885252,-0.095238,-0.109890,2.166355,0.007326,-0.583638
-1.885252,-0.080585,-0.168498,2.166355,0.007326,-0.583638
-1.884871,0.007328,-0.153846,2.166355,-0.007328,-0.583638
-1.884871,0.036633,-0.085470,2.166355,0.007326,-0.588523
-1.884489,0.051285,-0.007326,2.166355,0.007326,-0.588523
-1.884108,0.095240,0.080586,2.166355,-0.007328,-0.588523
-1.883726,0.080587,0.153847,2.166355,0.007326,-0.588523
-1.884108,0.007328,0.148963,2.166355,0.007326,-0.588523
-1.884108,-0.065933,0.085470,2.166355,0.007326,-0.588523
-1.884871,-0.109890,0.007326,2.166355,0.007326,-0.583638
-1.885252,-0.109890,-0.090354,2.166355,0.007326,-0.583638
-1.885252,-0.065933,-0.163614,2.166355,0.007326,-0.583638
-1.885252,-0.021978,-0.158731,2.166355,0.007326,-0.583638
-1.884871,0.021980,-0.100122,2.166355,0.007326,-0.583638
-1.884489,0.051285,-0.021978,2.166355,0.007326,-0.588523
-1.884108,0.080587,0.065935,2.166355,0.007326,-0.588523
-1.883726,0.109892,0.139194,2.166355,0.021978,-0.588523
-1.883726,0.007328,0.153847,2.166355,0.007326,-0.583638
-1.884108,-0.051283,0.100122,2.166355,0.007326,-0.578754
-1.884871,-0.109890,0.021978,2.166355,0.007326,-0.583638
-1.885252,-0.095238,-0.070818,2.166355,0.007326,-0.583638
-1.885252,-0.080585,-0.153846,2.166355,-0.007328,-0.583638
-1.885252,-0.036631,-0.168498,2.166355,0.007326,-0.583638
-1.884871,0.036633,-0.109890,2.166355,0.021978,-0.583638
-1.884489,0.051285,-0.036630,2.166355,-0.007328,-0.583638
-1.884108,0.080587,0.051283,2.166737,0.021978,-0.583638
-1.883726,0.095240,0.129427,2.166355,0.007326,-0.583638
-1.883726,0.051285,0.158731,2.166355,-0.007328,-0.583638
-1.884108,-0.036631,0.109891,2.166355,0.007326,-0.593407
-1.884489,-0.095238,0.036631,2.166355,-0.007328,-0.588523
-1.884871,-0.109890,-0.056166,2.166355,-0.007328,-0.588523
-1.885252,-0.095238,-0.144078,2.166355,-0.007328,-0.593407
-1.885252,-0.036631,-0.168498,2.166355,0.021978,-0.588523
-1.884871,0.021980,-0.119658,2.166355,0.021978,-0.583638
-1.884871,0.051285,-0.046398,2.166355,0.007326,-0.583638
-1.884108,0.080587,0.036631,2.166355,0.007326,-0.583638
-1.883726,0.080587,0.119658,2.166355,-0.007328,-0.588523
-1.883726,0.051285,0.158731,2.166355,0.021978,-0.593407
-1.884108,-0.036631,0.119658,2.166355,-0.007328,-0.588523
-1.884489,-0.095238,0.046398,2.166737,0.007326,-0.583638
-1.884871,-0.109890,-0.041514,2.166355,0.007326,-0.588523
-1.885252,-0.095238,-0.139194,2.166355,0.007326,-0.583638
-1.885252,-0.065933,-0.173382,2.166355,0.007326,-0.583638
-1.884871,0.021980,-0.129426,2.166355,0.007326,-0.583638
-1.884871,0.021980,-0.056166,2.166355,0.021978,-0.583638
-1.884489,0.065935,0.026863,2.166355,-0.007328,-0.583638
-1.883726,0.095240,0.109891,2.166355,-0.007328,-0.583638
-1.883726,0.065935,0.158731,2.166355,0.021978,-0.588523
-1.884108,-0.021978,0.124542,2.166355,0.007326,-0.588523
-1.884489,-0.080585,0.056167,2.166355,0.007326,-0.583638
-1.884871,-0.109890,-0.031746,2.166737,0.021978,-0.583638
-1.885252,-0.095238,-0.129426,2.166355,0.007326,-0.583638
-1.885252,-0.051283,-0.168498,2.166355,-0.007328,-0.583638
-1.884871,0.007328,-0.134310,2.166355,-0.007328,-0.588523
-1.884871,0.051285,-0.061050,2.166355,0.007326,-0.593407
-1.884489,0.051285,0.021978,2.166737,0.021978,-0.593407
-1.883726,0.095240,0.105007,2.166355,0.007326,-0.583638
-1.883726,0.080587,0.158731,2.166355,0.007326,-0.588523
-1.884108,-0.007326,0.134311,2.166737,0.021978,-0.588523
-1.884489,-0.065933,0.065935,2.166355,0.007326,-0.583638
-1.884871,-0.124542,-0.017094,2.166355,0.021978,-0.583638
-1.885252,-0.095238,-0.119658,2.166355,0.007326,-0.583638
-1.885252,-0.065933,-0.168498,2.166355,-0.007328,-0.583638
-1.884871,0.007328,-0.139194,2.166355,0.007326,-0.588523
-1.884871,0.036633,-0.070818,2.166737,0.021978,-0.588523
-1.884489,0.065935,0.012211,2.166355,-0.007328,-0.583638
-1.883726,0.095240,0.100122,2.166355,-0.007328,-0.588523
-1.883726,0.065935,0.153847,2.166355,0.007326,-0.593407
-1.884108,-0.007326,0.134311,2.166355,-0.007328,-0.593407
-1.884489,-0.080585,0.070819,2.166355,0.007326,-0.588523
-1.884871,-0.109890,-0.012210,2.166355,0.007326,-0.588523
-1.885252,-0.109890,-0.114774,2.166737,0.021978,-0.588523
-1.885252,-0.051283,-0.168498,2.166355,-0.007328,-0.583638
-1.885252,0.007328,-0.144078,2.166355,0.007326,-0.588523
-1.884871,0.051285,-0.070818,2.166355,0.021978,-0.588523
-1.884489,0.051285,0.007326,2.166355,0.007326,-0.588523
-1.884108,0.095240,0.095239,2.166355,0.007326,-0.588523
-1.883726,0.080587,0.153847,2.166355,0.007326,-0.588523
-1.884108,-0.007326,0.139194,2.166355,-0.007328,-0.588523
-1.884489,-0.065933,0.070819,2.166355,0.007326,-0.588523
-1.884871,-0.109890,-0.007326,2.166737,0.021978,-0.588523
-1.885252,-0.095238,-0.109890,2.166355,0.007326,-0.583638
-1.885252,-0.065933,-0.168498,2.166355,0.021978,-0.583638
-1.885252,0.007328,-0.144078,2.166355,0.021978,-0.578754
-1.884871,0.051285,-0.075702,2.166355,0.021978,-0.578754
-1.884489,0.065935,0.002442,2.166355,0.007326,-0.578754
-1.884108,0.095240,0.090355,2.166355,0.007326,-0.578754
-1.883726,0.065935,0.153847,2.166355,0.007326,-0.583638
-1.883726,-0.007326,0.139194,2.166737,0.021978,-0.583638
-1.884489,-0.065933,0.075703,2.166355,0.007326,-0.578754
-1.884871,-0.124542,-0.007326,2.166355,0.007326,-0.583638
-1.885252,-0.095238,-0.105006,2.166355,0.007326,-0.583638
-1.885252,-0.065933,-0.168498,2.166355,0.007326,-0.583638
-1.885252,0.007328,-0.144078,2.166355,0.007326,-0.583638
-1.884871,0.051285,-0.080586,2.166355,-0.007328,-0.583638
-1.884489,0.065935,-0.002442,2.166355,0.007326,-0.588523
-1.884108,0.095240,0.085470,2.166355,0.007326,-0.588523
-1.883726,0.095240,0.148963,2.166737,0.021978,-0.593407
-1.884108,0.007328,0.139194,2.166355,-0.007328,-0.588523
-1.884489,-0.065933,0.075703,2.166355,0.007326,-0.588523
-1.884871,-0.124542,-0.002442,2.166355,0.007326,-0.588523
-1.885252,-0.095238,-0.105006,2.166355,-0.007328,-0.588523
-1.885252,-0.065933,-0.163614,2.166355,0.021978,-0.583638
-1.885252,-0.007326,-0.148962,2.166355,0.007326,-0.578754
-1.884871,0.021980,-0.080586,2.166355,0.007326,-0.578754
-1.884489,0.036633,0.002442,2.166355,0.007326,-0.578754
-1.884108,0.109892,0.085470,2.166737,0.036631,-0.583638
-1.883726,0.080587,0.148963,2.166355,0.007326,-0.578754
-1.884108,0.007328,0.139194,2.166737,0.021978,-0.578754
-1.884489,-0.051283,0.075703,2.166355,0.007326,-0.583638
-1.884871,-0.109890,-0.002442,2.166355,0.007326,-0.583638
-1.885252,-0.124542,-0.105006,2.166355,0.007326,-0.578754
-1.885252,-0.080585,-0.163614,2.166355,0.007326,-0.578754
-1.884871,0.007328,-0.144078,2.166355,-0.007328,-0.578754
-1.884871,0.036633,-0.075702,2.166355,-0.007328,-0.583638
-1.884489,0.065935,0.002442,2.166355,-0.007328,-0.588523
-1.884108,0.095240,0.090355,2.166355,0.007326,-0.593407
-1.883726,0.080587,0.148963,2.166355,0.007326,-0.588523
-1.883726,-0.007326,0.139194,2.166737,0.021978,-0.588523
-1.884489,-0.080585,0.075703,2.166355,0.007326,-0.583638
-1.884871,-0.124542,-0.007326,2.166355,0.007326,-0.578754
-1.885252,-0.095238,-0.109890,2.166355,0.007326,-0.578754
-1.885252,-0.065933,-0.163614,2.166355,0.007326,-0.578754
-1.884871,0.007328,-0.144078,2.166355,-0.007328,-0.573871
-1.884871,0.036633,-0.075702,2.166355,0.021978,-0.578754
-1.884489,0.065935,0.007326,2.166355,0.021978,-0.583638
-1.884108,0.080587,0.095239,2.166355,0.007326,-0.578754
-1.883726,0.095240,0.153847,2.166355,-0.007328,-0.583638
-1.884108,-0.007326,0.134311,2.166355,0.007326,-0.583638
-1.884489,-0.080585,0.070819,2.166355,-0.007328,-0.583638
-1.884871,-0.124542,-0.012210,2.166737,0.021978,-0.588523
-1.885252,-0.095238,-0.114774,2.166355,0.007326,-0.583638
-1.885252,-0.065933,-0.168498,2.166355,0.021978,-0.578754
-1.885252,0.007328,-0.144078,2.166355,0.021978,-0.578754
-1.884871,0.051285,-0.070818,2.166355,0.007326,-0.573871
-1.884489,0.051285,0.007326,2.166355,0.007326,-0.578754
-1.884108,0.095240,0.100122,2.166355,0.007326,-0.578754
-1.883726,0.065935,0.153847,2.166737,0.021978,-0.583638
-1.883726,0.007328,0.129427,2.166355,0.007326,-0.573871
-1.884489,-0.080585,0.065935,2.166355,-0.007328,-0.578754
-1.884871,-0.124542,-0.021978,2.166355,0.007326,-0.583638
-1.885252,-0.109890,-0.119658,2.166355,-0.021980,-0.583638
-1.885252,-0.065933,-0.168498,2.166355,0.007326,-0.593407
-1.884871,0.036633,-0.134310,2.166737,0.021978,-0.593407
-1.884871,0.036633,-0.065934,2.166355,0.007326,-0.583638
-1.884489,0.036633,0.012211,2.166355,0.021978,-0.583638
-1.884108,0.095240,0.105007,2.166355,0.007326,-0.583638
-1.883726,0.065935,0.153847,2.166355,0.007326,-0.578754
-1.884108,0.007328,0.129427,2.166355,0.007326,-0.583638
-1.884489,-0.080585,0.056167,2.166355,0.007326,-0.588523
-1.884871,-0.109890,-0.026862,2.166355,0.007326,-0.583638
-1.885252,-0.095238,-0.124542,2.166355,-0.007328,-0.583638
-1.885252,-0.065933,-0.168498,2.166355,-0.007328,-0.583638
-1.884871,0.007328,-0.129426,2.166355,-0.007328,-0.583638
-1.884871,0.051285,-0.061050,2.166355,0.007326,-0.588523
-1.884489,0.065935,0.026863,2.166737,0.021978,-0.588523
-1.883726,0.095240,0.109891,2.166355,0.007326,-0.583638
-1.883726,0.065935,0.153847,2.166355,-0.007328,-0.578754
-1.884108,-0.021978,0.119658,2.166355,0.007326,-0.588523
-1.884489,-0.080585,0.046398,2.166737,0.021978,-0.588523
-1.884871,-0.124542,-0.036630,2.166355,-0.007328,-0.583638
-1.885252,-0.095238,-0.134310,2.166355,0.007326,-0.578754
-1.885252,-0.021978,-0.163614,2.166355,0.007326,-0.578754
-1.884871,0.021980,-0.119658,2.166737,0.021978,-0.583638
-1.884871,0.051285,-0.046398,2.166355,-0.007328,-0.578754
-1.884489,0.065935,0.036631,2.166355,0.007326,-0.588523
-1.883726,0.109892,0.119658,2.166355,0.007326,-0.588523
-1.883726,0.065935,0.153847,2.166355,0.007326,-0.588523
-1.884108,-0.036631,0.109891,2.166355,0.007326,-0.588523
-1.884489,-0.095238,0.036631,2.166737,0.021978,-0.588523
-1.884871,-0.109890,-0.051282,2.166355,0.007326,-0.583638
-1.885252,-0.080585,-0.144078,2.166355,0.007326,-0.583638
-1.885252,-0.036631,-0.163614,2.166355,-0.007328,-0.583638
-1.884871,0.036633,-0.109890,2.166355,0.007326,-0.588523
-1.884871,0.036633,-0.036630,2.166355,0.007326,-0.588523
-1.884108,0.080587,0.046398,2.166355,0.007326,-0.588523
-1.883726,0.095240,0.124542,2.166737,0.021978,-0.588523
-1.883726,0.051285,0.153847,2.166355,0.007326,-0.588523
-1.884108,-0.036631,0.105007,2.166355,0.007326,-0.583638
-1.884489,-0.080585,0.031747,2.166355,0.007326,-0.583638
-1.885252,-0.109890,-0.065934,2.166355,0.007326,-0.583638
-1.885252,-0.080585,-0.148962,2.166355,0.007326,-0.583638
-1.885252,-0.036631,-0.158731,2.166355,0.007326,-0.583638
-1.884871,0.021980,-0.105006,2.166355,0.007326,-0.583638
-1.884489,0.051285,-0.026862,2.166355,0.007326,-0.583638
-1.884108,0.065935,0.056167,2.166355,0.007326,-0.588523
-1.883726,0.095240,0.134311,2.166737,0.021978,-0.588523
-1.883726,0.051285,0.148963,2.166737,0.021978,-0.578754
-1.884108,-0.065933,0.090355,2.166355,0.007326,-0.578754
-1.884871,-0.095238,0.017095,2.166355,0.007326,-0.578754
-1.885252,-0.109890,-0.085470,2.166355,-0.007328,-0.583638
-1.885252,-0.080585,-0.153846,2.166355,-0.007328,-0.583638
-1.885252,-0.021978,-0.148962,2.166355,0.021978,-0.588523
-1.884871,0.036633,-0.090354,2.166355,0.021978,-0.583638
-1.884489,0.051285,-0.012210,2.166355,-0.007328,-0.578754
-1.884108,0.065935,0.075703,2.166355,0.007326,-0.583638
-1.883726,0.095240,0.139194,2.166355,0.007326,-0.583638
-1.883726,0.007328,0.144079,2.166355,0.007326,-0.583638
-1.884489,-0.065933,0.080586,2.166737,0.021978,-0.583638
-1.884871,-0.109890,-0.002442,2.166355,-0.007328,-0.583638
-1.885252,-0.095238,-0.100122,2.166355,0.007326,-0.588523
-1.885252,-0.065933,-0.158731,2.166355,0.007326,-0.583638
-1.884871,-0.007326,-0.144078,2.166355,0.007326,-0.583638
-1.884871,0.051285,-0.075702,2.166355,0.007326,-0.583638
-1.884489,0.051285,0.002442,2.166355,-0.007328,-0.588523
-1.884108,0.080587,0.090355,2.166355,0.021978,-0.588523
-1.883726,0.095240,0.144079,2.166355,0.007326,-0.583638
-1.884108,-0.007326,0.129427,2.166355,0.007326,-0.583638
-1.884489,-0.065933,0.065935,2.166737,0.021978,-0.583638
-1.884871,-0.124542,-0.017094,2.166355,-0.007328,-0.578754
-1.885252,-0.109890,-0.119658,2.166355,0.007326,-0.583638
-1.885252,-0.051283,-0.163614,2.166355,-0.007328,-0.583638
-1.884871,0.021980,-0.129426,2.166355,0.007326,-0.588523
-1.884871,0.051285,-0.061050,2.166355,0.007326,-0.588523
-1.884489,0.051285,0.021978,2.166355,0.007326,-0.588523
-1.884108,0.095240,0.105007,2.166355,-0.007328,-0.588523
-1.883726,0.080587,0.148963,2.166355,0.007326,-0.583638
-1.884108,-0.007326,0.114775,2.166355,0.007326,-0.583638
-1.884489,-0.095238,0.046398,2.166355,0.007326,-0.583638
-1.884871,-0.109890,-0.036630,2.166355,0.007326,-0.583638
-1.885252,-0.080585,-0.134310,2.166355,0.007326,-0.583638
-1.885252,-0.036631,-0.163614,2.166355,0.007326,-0.583638
-1.884871,0.021980,-0.114774,2.166355,0.021978,-0.583638
-1.884489,0.036633,-0.041514,2.166355,0.007326,-0.583638
-1.884108,0.080587,0.041514,2.166355,0.007326,-0.578754
-1.883726,0.095240,0.119658,2.166355,0.021978,-0.578754
-1.883726,0.051285,0.148963,2.166355,0.007326,-0.578754
-1.884108,-0.036631,0.105007,2.166355,0.007326,-0.583638
-1.884489,-0.095238,0.026863,2.166355,-0.007328,-0.583638
-1.885252,-0.109890,-0.065934,2.166737,0.021978,-0.588523
-1.885252,-0.080585,-0.148962,2.166355,0.021978,-0.583638
-1.885252,-0.021978,-0.153846,2.166355,0.007326,-0.573871
-1.884871,0.036633,-0.095238,2.166355,-0.007328,-0.578754
-1.884489,0.051285,-0.021978,2.166355,0.007326,-0.583638
-1.884108,0.080587,0.061050,2.166355,0.007326,-0.583638
-1.883726,0.095240,0.134311,2.166355,0.007326,-0.583638
-1.883726,0.036633,0.144079,2.166355,0.007326,-0.588523
-1.884489,-0.065933,0.085470,2.166355,-0.007328,-0.588523
-1.884871,-0.095238,0.007326,2.166355,0.007326,-0.588523
-1.885252,-0.095238,-0.090354,2.166355,0.007326,-0.588523
-1.885252,-0.065933,-0.158731,2.166355,-0.007328,-0.588523
-1.885252,0.007328,-0.148962,2.166355,0.021978,-0.588523
-1.884871,0.036633,-0.085470,2.166355,0.007326,-0.578754
-1.884489,0.080587,-0.002442,2.166355,0.021978,-0.578754
-1.884108,0.095240,0.085470,2.166355,0.007326,-0.578754
-1.883726,0.095240,0.144079,2.166355,0.007326,-0.583638
-1.884108,-0.007326,0.129427,2.166737,0.021978,-0.583638
-1.884489,-0.080585,0.065935,2.166737,0.007326,-0.578754
-1.884871,-0.095238,-0.012210,2.166355,-0.007328,-0.578754
-1.885252,-0.095238,-0.114774,2.166355,0.021978,-0.583638
-1.885252,-0.065933,-0.163614,2.166355,0.007326,-0.583638
-1.884871,0.007328,-0.129426,2.166355,0.007326,-0.578754
-1.884489,0.051285,-0.061050,2.166355,0.007326,-0.578754
-1.884489,0.065935,0.021978,2.166355,0.007326,-0.578754
-1.883726,0.095240,0.105007,2.166737,0.021978,-0.583638
-1.883726,0.065935,0.148963,2.166355,0.007326,-0.578754
-1.884108,-0.021978,0.114775,2.166355,0.007326,-0.578754
-1.884489,-0.095238,0.046398,2.166355,0.007326,-0.583638
-1.884871,-0.124542,-0.046398,2.166355,0.021978,-0.583638
-1.885252,-0.095238,-0.134310,2.166355,0.007326,-0.583638
-1.885252,-0.036631,-0.158731,2.166355,0.007326,-0.578754
-1.884871,0.021980,-0.109890,2.166355,0.007326,-0.583638
-1.884871,0.051285,-0.036630,2.166355,0.007326,-0.583638
-1.884108,0.080587,0.046398,2.166737,0.021978,-0.583638
-1.883726,0.095240,0.124542,2.166355,0.007326,-0.578754
-1.883726,0.021980,0.144079,2.166355,0.007326,-0.583638
-1.884108,-0.051283,0.095239,2.166355,0.007326,-0.583638
-1.884871,-0.109890,0.021978,2.166737,0.021978,-0.588523
-1.885252,-0.109890,-0.075702,2.166355,0.007326,-0.578754
-1.885252,-0.080585,-0.148962,2.166355,-0.007328,-0.578754
-1.885252,-0.021978,-0.148962,2.166355,0.007326,-0.583638
-1.884871,0.036633,-0.090354,2.166355,-0.007328,-0.583638
-1.884489,0.051285,-0.012210,2.166355,0.021978,-0.583638
-1.884108,0.080587,0.075703,2.166355,0.007326,-0.583638
-1.883726,0.095240,0.139194,2.166355,0.021978,-0.583638
-1.883726,0.007328,0.134311,2.166355,0.007326,-0.578754
-1.884489,-0.080585,0.075703,2.166355,0.007326,-0.578754
-1.884871,-0.109890,-0.007326,2.166355,0.007326,-0.583638
-1.885252,-0.095238,-0.105006,2.166355,0.007326,-0.578754
-1.885252,-0.051283,-0.158731,2.166355,-0.007328,-0.583638
-1.884871,0.007328,-0.134310,2.166355,0.007326,-0.583638
-1.884871,0.036633,-0.061050,2.166355,0.007326,-0.578754
-1.884489,0.065935,0.017095,2.166355,0.007326,-0.583638
-1.883726,0.095240,0.105007,2.166737,0.036631,-0.583638
-1.883726,0.036633,0.148963,2.166737,0.021978,-0.578754
-1.884108,-0.021978,0.114775,2.166355,0.007326,-0.578754
-1.884489,-0.095238,0.046398,2.166355,0.007326,-0.578754
-1.884871,-0.109890,-0.041514,2.166355,0.007326,-0.578754
-1.885252,-0.109890,-0.134310,2.166355,-0.007328,-0.583638
-1.885252,-0.021978,-0.158731,2.166355,0.021978,-0.583638
-1.884871,0.021980,-0.109890,2.166355,0.007326,-0.578754
-1.884489,0.051285,-0.036630,2.166737,0.036631,-0.578754
-1.884108,0.065935,0.046398,2.166355,0.007326,-0.573871
-1.883726,0.095240,0.124542,2.166355,0.007326,-0.578754
-1.883726,0.036633,0.144079,2.166737,0.021978,-0.578754
-1.884108,-0.051283,0.095239,2.166355,0.007326,-0.578754
-1.884871,-0.109890,0.021978,2.166355,-0.007328,-0.583638
-1.885252,-0.124542,-0.075702,2.166355,0.007326,-0.583638
-1.885252,-0.080585,-0.148962,2.166737,0.021978,-0.583638
-1.885252,-0.007326,-0.148962,2.166355,0.007326,-0.578754
-1.884871,0.051285,-0.085470,2.166355,0.007326,-0.583638
-1.884489,0.065935,-0.007326,2.166355,0.007326,-0.583638
-1.884108,0.095240,0.080586,2.166355,0.021978,-0.583638
-1.883726,0.080587,0.144079,2.166737,0.021978,-0.578754
-1.883726,-0.007326,0.129427,2.166355,0.007326,-0.578754
-1.884489,-0.051283,0.065935,2.166355,-0.007328,-0.583638
-1.884871,-0.109890,-0.017094,2.166737,0.021978,-0.588523
-1.885252,-0.095238,-0.114774,2.166355,-0.007328,-0.578754
-1.885252,-0.065933,-0.158731,2.166355,0.021978,-0.583638
-1.884871,0.007328,-0.129426,2.166355,-0.007328,-0.578754
-1.884871,0.051285,-0.056166,2.166355,0.007326,-0.583638
-1.884489,0.065935,0.026863,2.166355,0.007326,-0.583638
-1.883726,0.080587,0.109891,2.166737,0.021978,-0.583638
-1.883726,0.065935,0.144079,2.166355,-0.007328,-0.578754
-1.884108,-0.036631,0.109891,2.166355,0.007326,-0.583638
-1.884489,-0.109890,0.036631,2.166355,0.007326,-0.583638
-1.885252,-0.095238,-0.056166,2.166355,0.007326,-0.583638
-1.885252,-0.095238,-0.139194,2.166355,-0.007328,-0.583638
-1.885252,-0.036631,-0.153846,2.166355,0.007326,-0.583638
-1.884871,0.036633,-0.100122,2.166355,0.007326,-0.583638
-1.884489,0.051285,-0.021978,2.166355,0.021978,-0.583638
-1.884108,0.080587,0.061050,2.166355,-0.007328,-0.578754
-1.883726,0.095240,0.134311,2.166737,0.021978,-0.583638
-1.883726,0.021980,0.139194,2.166355,0.007326,-0.583638
-1.884489,-0.051283,0.080586,2.166737,0.021978,-0.583638
-1.884871,-0.109890,0.007326,2.166355,-0.007328,-0.583638
-1.885252,-0.095238,-0.095238,2.166355,0.007326,-0.583638
-1.885252,-0.065933,-0.158731,2.166355,0.007326,-0.583638
-1.885252,-0.007326,-0.139194,2.166355,0.007326,-0.588523
-1.884871,0.021980,-0.070818,2.166355,0.007326,-0.583638
-1.884489,0.080587,0.007326,2.166355,0.021978,-0.583638
-1.883726,0.095240,0.095239,2.166355,0.007326,-0.578754
-1.883726,0.080587,0.144079,2.166355,0.007326,-0.578754
-1.884108,-0.021978,0.114775,2.166355,0.007326,-0.583638
-1.884489,-0.109890,0.046398,2.166355,0.007326,-0.583638
-1.885252,-0.109890,-0.036630,2.166355,0.007326,-0.583638
-1.885252,-0.080585,-0.129426,2.166355,0.007326,-0.583638
-1.885252,-0.036631,-0.158731,2.166355,0.007326,-0.583638
-1.884871,0.036633,-0.109890,2.166355,0.007326,-0.583638
-1.884489,0.036633,-0.036630,2.166737,0.021978,-0.583638
-1.884108,0.080587,0.051283,2.166355,0.007326,-0.578754
-1.883726,0.095240,0.124542,2.166355,0.007326,-0.583638
-1.883726,0.036633,0.144079,2.166355,0.007326,-0.583638
-1.884108,-0.036631,0.090355,2.166355,0.007326,-0.578754
-1.884871,-0.109890,0.017095,2.166355,0.007326,-0.583638
-1.885252,-0.095238,-0.085470,2.166355,-0.007328,-0.583638
-1.885252,-0.080585,-0.148962,2.166355,-0.007328,-0.583638
-1.884871,0.007328,-0.139194,2.166355,-0.007328,-0.588523
-1.884871,0.051285,-0.080586,2.166355,0.007326,-0.588523
-1.884489,0.080587,0.002442,2.166355,0.021978,-0.588523
-1.884108,0.080587,0.090355,2.166355,0.007326,-0.583638
-1.883726,0.080587,0.144079,2.166737,0.021978,-0.583638
-1.884108,-0.021978,0.124542,2.166355,0.007326,-0.583638
-1.884489,-0.095238,0.056167,2.166737,0.021978,-0.583638
-1.884871,-0.109890,-0.026862,2.166355,-0.007328,-0.578754
-1.885252,-0.095238,-0.124542,2.166355,0.007326,-0.588523
-1.885252,-0.051283,-0.158731,2.166355,-0.007328,-0.583638
-1.884871,0.021980,-0.114774,2.166355,0.007326,-0.588523
-1.884489,0.036633,-0.041514,2.166355,-0.007328,-0.583638
-1.884108,0.065935,0.041514,2.166355,0.007326,-0.583638
-1.883726,0.095240,0.124542,2.166355,-0.007328,-0.583638
-1.883726,0.036633,0.144079,2.166355,0.007326,-0.588523
-1.884108,-0.051283,0.095239,2.166737,0.021978,-0.588523
-1.884871,-0.124542,0.017095,2.166355,0.007326,-0.583638
-1.885252,-0.109890,-0.080586,2.166355,-0.007328,-0.578754
-1.885252,-0.065933,-0.148962,2.166355,-0.007328,-0.583638
-1.885252,-0.007326,-0.144078,2.166355,-0.007328,-0.588523
-1.884871,0.036633,-0.080586,2.166355,0.007326,-0.588523
-1.884489,0.051285,-0.002442,2.166355,0.007326,-0.583638
-1.884108,0.095240,0.085470,2.166355,0.007326,-0.583638
-1.883726,0.080587,0.139194,2.166355,-0.007328,-0.578754
-1.884108,-0.007326,0.124542,2.166355,0.021978,-0.588523
-1.884489,-0.080585,0.056167,2.166737,0.021978,-0.588523
-1.884871,-0.124542,-0.021978,2.166355,0.007326,-0.578754
-1.885252,-0.095238,-0.119658,2.166355,0.007326,-0.583638
-1.885252,-0.051283,-0.153846,2.166355,0.007326,-0.578754
-1.884871,0.021980,-0.114774,2.166355,0.007326,-0.578754
-1.884489,0.051285,-0.041514,2.166355,0.007326,-0.578754
-1.884108,0.095240,0.041514,2.166355,0.007326,-0.578754
-1.883726,0.080587,0.119658,2.166355,0.007326,-0.578754
-1.883726,0.036633,0.144079,2.166355,0.007326,-0.578754
-1.884108,-0.036631,0.095239,2.166355,-0.007328,-0.583638
-1.884871,-0.095238,0.017095,2.166355,0.007326,-0.588523
-1.885252,-0.095238,-0.080586,2.166355,0.007326,-0.583638
-1.885252,-0.080585,-0.148962,2.166355,-0.007328,-0.583638
-1.885252,-0.021978,-0.139194,2.166355,0.007326,-0.583638
-1.884871,0.051285,-0.075702,2.166355,0.007326,-0.583638
-1.884489,0.065935,0.002442,2.166355,0.007326,-0.583638
-1.884108,0.095240,0.090355,2.166355,0.007326,-0.583638
-1.883726,0.065935,0.144079,2.166737,0.021978,-0.583638
-1.884108,-0.021978,0.124542,2.166355,0.007326,-0.583638
-1.884489,-0.065933,0.056167,2.166737,0.021978,-0.583638
-1.884871,-0.109890,-0.026862,2.166355,-0.007328,-0.578754
-1.885252,-0.095238,-0.124542,2.166355,0.007326,-0.583638
-1.885252,-0.036631,-0.153846,2.166355,0.007326,-0.583638
-1.884871,0.007328,-0.109890,2.166355,0.007326,-0.583638
-1.884489,0.051285,-0.036630,2.166355,0.007326,-0.578754
-1.884108,0.080587,0.046398,2.166355,0.007326,-0.578754
-1.883726,0.095240,0.119658,2.166355,0.021978,-0.578754
-1.883726,0.036633,0.139194,2.166355,0.007326,-0.578754
-1.884108,-0.065933,0.085470,2.166355,0.007326,-0.578754
-1.884871,-0.095238,0.012211,2.166355,0.007326,-0.583638
-1.885252,-0.109890,-0.085470,2.166355,-0.007328,-0.583638
-1.885252,-0.080585,-0.153846,2.166355,0.007326,-0.588523
-1.885252,0.007328,-0.134310,2.166355,0.021978,-0.583638
-1.884871,0.051285,-0.070818,2.166355,-0.007328,-0.578754
-1.884489,0.051285,0.007326,2.166737,0.036631,-0.583638
-1.884108,0.080587,0.095239,2.166355,-0.007328,-0.578754
-1.883726,0.095240,0.139194,2.166355,0.007326,-0.583638
-1.884108,-0.007326,0.114775,2.166355,-0.007328,-0.588523
-1.884489,-0.080585,0.046398,2.166737,0.021978,-0.583638
-1.885252,-0.124542,-0.041514,2.166355,0.007326,-0.578754
-1.885252,-0.080585,-0.134310,2.166355,0.007326,-0.578754
-1.885252,-0.036631,-0.153846,2.166355,0.007326,-0.578754
-1.884871,0.021980,-0.105006,2.166355,-0.007328,-0.578754
-1.884489,0.065935,-0.026862,2.166355,0.007326,-0.583638
-1.884108,0.080587,0.061050,2.166355,0.021978,-0.583638
-1.883726,0.095240,0.129427,2.166355,0.007326,-0.583638
-1.883726,0.036633,0.134311,2.166737,0.021978,-0.588523
-1.884489,-0.065933,0.080586,2.166355,0.007326,-0.583638
-1.884871,-0.109890,-0.002442,2.166355,-0.007328,-0.583638
-1.885252,-0.109890,-0.100122,2.166355,-0.007328,-0.583638
-1.885252,-0.065933,-0.153846,2.166355,0.007326,-0.588523
-1.884871,0.007328,-0.129426,2.166737,0.021978,-0.583638
-1.884871,0.036633,-0.061050,2.166355,0.007326,-0.578754
-1.884489,0.080587,0.021978,2.166355,0.007326,-0.573871
-1.883726,0.080587,0.109891,2.166355,0.007326,-0.578754
-1.883726,0.065935,0.144079,2.166355,-0.007328,-0.578754
-1.884108,-0.036631,0.105007,2.166737,0.021978,-0.583638
-1.884489,-0.095238,0.031747,2.166355,-0.007328,-0.578754
-1.884871,-0.109890,-0.061050,2.166355,-0.007328,-0.583638
-1.885252,-0.080585,-0.144078,2.166355,0.007326,-0.588523
-1.885252,-0.021978,-0.148962,2.166355,0.007326,-0.588523
-1.884871,0.036633,-0.090354,2.166355,-0.007328,-0.583638
-1.884489,0.051285,-0.012210,2.166355,0.007326,-0.583638
-1.884108,0.080587,0.075703,2.166355,0.021978,-0.578754
-1.883726,0.080587,0.134311,2.166355,-0.007328,-0.578754
-1.884108,-0.007326,0.124542,2.166355,-0.007328,-0.578754
-1.884489,-0.080585,0.061050,2.166355,0.007326,-0.578754
-1.884871,-0.124542,-0.021978,2.166355,0.007326,-0.583638
-1.885252,-0.109890,-0.119658,2.166355,-0.007328,-0.583638
-1.885252,-0.051283,-0.153846,2.166355,0.007326,-0.588523
-1.884871,0.036633,-0.114774,2.166355,0.007326,-0.583638
-1.884489,0.036633,-0.041514,2.166355,-0.007328,-0.583638
-1.884108,0.095240,0.041514,2.166737,0.021978,-0.578754
-1.883726,0.065935,0.119658,2.166737,0.021978,-0.583638
-1.883726,0.036633,0.139194,2.166355,0.007326,-0.578754
-1.884108,-0.065933,0.085470,2.166737,0.021978,-0.578754
-1.884871,-0.080585,0.012211,2.166355,-0.007328,-0.578754
-1.885252,-0.109890,-0.085470,2.166737,0.021978,-0.588523
-1.885252,-0.065933,-0.148962,2.166355,-0.007328,-0.583638
-1.885252,-0.007326,-0.134310,2.166355,0.007326,-0.583638
-1.884871,0.051285,-0.065934,2.166355,-0.007328,-0.578754
-1.884489,0.065935,0.012211,2.166355,0.007326,-0.578754
-1.884108,0.095240,0.095239,2.166355,0.007326,-0.578754
-1.883726,0.065935,0.139194,2.166355,0.007326,-0.583638
-1.884108,-0.021978,0.109891,2.166355,0.007326,-0.583638
-1.884489,-0.080585,0.041514,2.166355,0.007326,-0.578754
-1.884871,-0.109890,-0.046398,2.166355,-0.007328,-0.578754
-1.885252,-0.095238,-0.134310,2.166355,0.007326,-0.583638
-1.885252,-0.021978,-0.148962,2.166355,0.007326,-0.578754
-1.884871,0.021980,-0.095238,2.166355,-0.007328,-0.578754
-1.884489,0.065935,-0.021978,2.166355,-0.007328,-0.583638
-1.884108,0.080587,0.065935,2.166355,0.007326,-0.588523
-1.883726,0.095240,0.134311,2.166355,0.007326,-0.583638
-1.883726,0.021980,0.129427,2.166355,0.007326,-0.583638
-1.884489,-0.065933,0.065935,2.166355,0.007326,-0.583638
-1.884871,-0.109890,-0.012210,2.166355,0.007326,-0.583638
-1.885252,-0.109890,-0.109890,2.166355,0.007326,-0.583638
-1.885252,-0.080585,-0.153846,2.166355,-0.007328,-0.573871
-1.884871,0.021980,-0.114774,2.166355,0.021978,-0.583638
-1.884489,0.051285,-0.041514,2.166355,0.021978,-0.578754
-1.884108,0.065935,0.041514,2.166355,0.007326,-0.573871
-1.883726,0.095240,0.119658,2.166355,0.007326,-0.573871
-1.883726,0.051285,0.139194,2.166355,-0.007328,-0.578754
-1.884108,-0.051283,0.090355,2.166355,0.007326,-0.583638
-1.884871,-0.109890,0.017095,2.166355,0.007326,-0.583638
-1.885252,-0.109890,-0.080586,2.166355,0.007326,-0.583638
-1.885252,-0.080585,-0.148962,2.166355,0.007326,-0.583638
-1.885252,0.007328,-0.134310,2.166355,0.021978,-0.578754
-1.884871,0.051285,-0.070818,2.166355,0.007326,-0.578754
-1.884489,0.065935,0.012211,2.166355,0.007326,-0.578754
-1.883726,0.109892,0.095239,2.166355,0.021978,-0.578754
-1.883726,0.065935,0.139194,2.166737,0.021978,-0.573871
-1.884108,-0.036631,0.109891,2.166355,0.007326,-0.573871
-1.884489,-0.080585,0.036631,2.166355,-0.007328,-0.578754
-1.884871,-0.109890,-0.051282,2.166737,0.021978,-0.583638
-1.885252,-0.080585,-0.134310,2.166355,0.007326,-0.578754
-1.885252,-0.021978,-0.144078,2.166355,-0.007328,-0.578754
-1.884871,0.036633,-0.090354,2.166355,0.007326,-0.583638
-1.884489,0.051285,-0.017094,2.166355,0.007326,-0.578754
-1.884108,0.080587,0.070819,2.166355,0.007326,-0.573871
-1.883726,0.080587,0.134311,2.166355,0.021978,-0.573871
-1.884108,-0.007326,0.124542,2.166355,-0.007328,-0.573871
-1.884489,-0.065933,0.061050,2.166355,0.007326,-0.578754
-1.884871,-0.124542,-0.017094,2.166355,0.021978,-0.578754
-1.885252,-0.095238,-0.114774,2.166355,0.007326,-0.573871
-1.885252,-0.036631,-0.153846,2.166355,0.007326,-0.573871
-1.884871,0.007328,-0.109890,2.166355,0.007326,-0.573871
-1.884489,0.051285,-0.036630,2.166355,0.021978,-0.578754
-1.884108,0.080587,0.046398,2.166355,0.007326,-0.573871
-1.883726,0.080587,0.124542,2.166355,-0.007328,-0.573871
-1.883726,0.036633,0.134311,2.166355,0.007326,-0.578754
-1.884489,-0.051283,0.080586,2.166355,0.007326,-0.578754
-1.884871,-0.095238,0.002442,2.166355,0.007326,-0.578754
-1.885252,-0.109890,-0.095238,2.166355,-0.007328,-0.578754
-1.885252,-0.065933,-0.148962,2.166355,0.007326,-0.578754
-1.884871,0.007328,-0.124542,2.166355,0.007326,-0.578754
-1.884871,0.051285,-0.056166,2.166355,0.007326,-0.578754
-1.884489,0.080587,0.026863,2.166355,0.007326,-0.573871
-1.883726,0.095240,0.109891,2.166355,0.021978,-0.573871
-1.883726,0.051285,0.139194,2.166355,0.007326,-0.573871
-1.884108,-0.021978,0.095239,2.166737,0.021978,-0.578754
-1.884871,-0.109890,0.026863,2.166355,-0.007328,-0.578754
-1.885252,-0.109890,-0.070818,2.166355,-0.007328,-0.578754
-1.885252,-0.080585,-0.144078,2.166355,0.021978,-0.583638
-1.885252,-0.021978,-0.139194,2.166355,-0.007328,-0.578754
-1.884871,0.036633,-0.075702,2.166355,0.007326,-0.578754
-1.884489,0.065935,0.002442,2.166355,0.021978,-0.573871
-1.884108,0.080587,0.085470,2.166737,0.021978,-0.573871
-1.883726,0.065935,0.134311,2.166355,0.007326,-0.573871
-1.884108,-0.007326,0.109891,2.166355,0.007326,-0.578754
-1.884489,-0.080585,0.041514,2.166737,0.021978,-0.578754
-1.885252,-0.109890,-0.046398,2.166355,0.007326,-0.578754
-1.885252,-0.095238,-0.129426,2.166355,0.021978,-0.578754
-1.885252,-0.036631,-0.148962,2.166355,0.007326,-0.573871
-1.884871,0.021980,-0.095238,2.166355,0.021978,-0.573871
-1.884489,0.065935,-0.012210,2.166355,0.007326,-0.568987
-1.884108,0.095240,0.070819,2.166355,0.007326,-0.573871
-1.883726,0.080587,0.134311,2.166355,0.007326,-0.578754
-1.884108,0.007328,0.119658,2.166355,0.007326,-0.578754
-1.884489,-0.065933,0.061050,2.166355,0.007326,-0.578754
-1.884871,-0.124542,-0.021978,2.166355,0.007326,-0.578754
-1.885252,-0.124542,-0.114774,2.166355,-0.007328,-0.578754
-1.885252,-0.036631,-0.148962,2.166355,0.007326,-0.578754
-1.884871,0.021980,-0.109890,2.166355,0.007326,-0.583638
-1.884489,0.065935,-0.036630,2.166355,0.007326,-0.578754
-1.884108,0.080587,0.046398,2.166355,0.021978,-0.573871
-1.883726,0.095240,0.124542,2.166355,-0.007328,-0.573871
-1.883726,0.021980,0.129427,2.166355,0.007326,-0.578754
-1.884489,-0.065933,0.075703,2.166355,0.007326,-0.583638
-1.884871,-0.095238,-0.002442,2.166355,0.007326,-0.578754
-1.885252,-0.109890,-0.100122,2.166355,0.007326,-0.578754
-1.885252,-0.051283,-0.148962,2.166355,0.021978,-0.578754
-1.884871,0.007328,-0.119658,2.166355,-0.007328,-0.568987
-1.884489,0.051285,-0.051282,2.166355,0.007326,-0.573871
-1.884489,0.080587,0.031747,2.166355,0.007326,-0.578754
-1.883726,0.095240,0.114775,2.166737,0.021978,-0.578754
-1.883726,0.036633,0.134311,2.166737,0.021978,-0.573871
-1.884108,-0.036631,0.090355,2.166355,-0.007328,-0.568987
-1.884871,-0.109890,0.017095,2.166737,0.021978,-0.573871
-1.885252,-0.109890,-0.080586,2.166355,0.007326,-0.573871
-1.885252,-0.065933,-0.144078,2.166355,0.007326,-0.573871
-1.884871,0.007328,-0.129426,2.166355,0.007326,-0.578754
-1.884871,0.051285,-0.065934,2.166355,0.007326,-0.573871
-1.884489,0.065935,0.017095,2.166355,0.021978,-0.573871
-1.884108,0.095240,0.100122,2.166355,0.007326,-0.573871
-1.883726,0.065935,0.134311,2.166355,0.007326,-0.578754
-1.884108,-0.021978,0.100122,2.166737,0.021978,-0.578754
-1.884489,-0.080585,0.031747,2.166355,0.007326,-0.578754
-1.885252,-0.124542,-0.061050,2.166355,0.007326,-0.578754
-1.885252,-0.095238,-0.139194,2.166355,-0.007328,-0.578754
-1.885252,-0.021978,-0.139194,2.166355,0.007326,-0.583638
-1.884871,0.036633,-0.080586,2.166355,0.007326,-0.578754
-1.884489,0.065935,0.002442,2.166355,0.007326,-0.578754
-1.884108,0.095240,0.085470,2.166355,0.021978,-0.578754
-1.883726,0.065935,0.134311,2.166737,0.021978,-0.573871
-1.884108,-0.007326,0.109891,2.166355,-0.007328,-0.573871
-1.884489,-0.080585,0.041514,2.166355,0.007326,-0.573871
-1.884871,-0.124542,-0.046398,2.166737,0.021978,-0.583638
-1.885252,-0.095238,-0.129426,2.166355,0.007326,-0.578754
-1.885252,-0.021978,-0.144078,2.166355,0.007326,-0.573871
-1.884871,0.021980,-0.090354,2.166355,0.007326,-0.573871
-1.884489,0.051285,-0.012210,2.166355,0.007326,-0.573871
-1.884108,0.095240,0.075703,2.166355,0.021978,-0.568987
-1.883726,0.109892,0.134311,2.166355,0.007326,-0.573871
-1.884108,-0.021978,0.119658,2.166355,0.021978,-0.578754
-1.884489,-0.065933,0.056167,2.166355,0.007326,-0.573871
-1.884871,-0.124542,-0.031746,2.166355,-0.007328,-0.573871
-1.885252,-0.095238,-0.124542,2.166355,0.007326,-0.583638
-1.885252,-0.036631,-0.148962,2.166355,-0.007328,-0.583638
-1.884871,0.036633,-0.100122,2.166355,-0.007328,-0.578754
-1.884489,0.065935,-0.026862,2.166355,-0.007328,-0.583638
-1.884108,0.080587,0.061050,2.166355,0.007326,-0.583638
-1.883726,0.095240,0.129427,2.166355,0.007326,-0.578754
-1.884108,0.021980,0.129427,2.166355,0.007326,-0.578754
-1.884489,-0.065933,0.065935,2.166737,0.007326,-0.578754
-1.884871,-0.109890,-0.017094,2.166355,0.007326,-0.578754
-1.885252,-0.109890,-0.109890,2.166355,0.007326,-0.578754
-1.885252,-0.036631,-0.148962,2.166355,0.021978,-0.578754
-1.884871,0.021980,-0.109890,2.166355,-0.007328,-0.578754
-1.884489,0.036633,-0.031746,2.166737,0.007326,-0.578754
-1.884108,0.080587,0.051283,2.166355,0.007326,-0.578754
-1.883726,0.095240,0.124542,2.166737,0.021978,-0.573871
-1.883726,0.021980,0.129427,2.166355,-0.007328,-0.578754
-1.884489,-0.051283,0.075703,2.166355,0.021978,-0.583638
-1.884871,-0.109890,-0.002442,2.166355,0.007326,-0.578754
-1.885252,-0.095238,-0.100122,2.166355,-0.007328,-0.578754
-1.885252,-0.065933,-0.148962,2.166355,0.021978,-0.578754
-1.884871,0.007328,-0.119658,2.166355,0.007326,-0.578754
-1.884489,0.051285,-0.041514,2.166355,0.007326,-0.573871
-1.884108,0.065935,0.036631,2.166355,0.021978,-0.573871
-1.883726,0.109892,0.114775,2.166355,0.007326,-0.578754
-1.883726,0.021980,0.134311,2.166355,0.007326,-0.578754
-1.884489,-0.051283,0.080586,2.166355,0.007326,-0.578754
-1.884871,-0.109890,0.007326,2.166355,0.007326,-0.578754
-1.885252,-0.109890,-0.090354,2.166737,0.007326,-0.578754
-1.885252,-0.065933,-0.148962,2.166355,-0.007328,-0.578754
-1.884871,0.021980,-0.119658,2.166355,-0.007328,-0.578754
-1.884871,0.036633,-0.051282,2.166355,0.021978,-0.578754
-1.884489,0.065935,0.031747,2.166355,-0.007328,-0.578754
-1.883726,0.095240,0.109891,2.166355,0.007326,-0.578754
-1.883726,0.051285,0.134311,2.166355,0.007326,-0.578754
-1.884108,-0.036631,0.085470,2.166355,-0.007328,-0.578754
-1.884871,-0.109890,0.012211,2.166737,0.007326,-0.583638
-1.885252,-0.109890,-0.080586,2.166355,-0.007328,-0.583638
-1.885252,-0.065933,-0.144078,2.166355,0.007326,-0.578754
-1.885252,-0.007326,-0.124542,2.166355,0.007326,-0.583638
-1.884871,0.021980,-0.061050,2.166355,0.007326,-0.578754
-1.884489,0.065935,0.021978,2.166355,0.007326,-0.578754
-1.883726,0.095240,0.100122,2.166737,0.021978,-0.583638
-1.883726,0.065935,0.134311,2.166737,0.021978,-0.578754
-1.884108,-0.051283,0.095239,2.166737,0.007326,-0.573871
-1.884871,-0.124542,0.021978,2.166355,-0.007328,-0.573871
-1.885252,-0.124542,-0.075702,2.166355,0.007326,-0.583638
-1.885252,-0.080585,-0.144078,2.166355,0.007326,-0.583638
-1.885252,0.007328,-0.129426,2.166355,-0.007328,-0.583638
-1.884871,0.051285,-0.065934,2.166737,0.007326,-0.578754
-1.884489,0.080587,0.017095,2.166355,0.007326,-0.578754
-1.883726,0.095240,0.100122,2.166355,0.007326,-0.578754
-1.883726,0.065935,0.134311,2.166737,0.007326,-0.583638
-1.884108,-0.021978,0.095239,2.166355,-0.007328,-0.578754
-1.884871,-0.095238,0.021978,2.166355,0.007326,-0.578754
-1.885252,-0.095238,-0.070818,2.166355,-0.007328,-0.578754
-1.885252,-0.065933,-0.139194,2.166355,0.007326,-0.583638
-1.885252,-0.007326,-0.129426,2.166355,0.007326,-0.583638
-1.884871,0.051285,-0.070818,2.166355,0.007326,-0.578754
-1.884489,0.065935,0.007326,2.166355,0.007326,-0.578754
-1.884108,0.109892,0.095239,2.166355,0.021978,-0.583638
-1.883726,0.065935,0.134311,2.166355,0.007326,-0.583638
-1.884108,-0.036631,0.100122,2.166355,0.007326,-0.578754
-1.884489,-0.080585,0.026863,2.166355,0.007326,-0.573871
-1.885252,-0.109890,-0.065934,2.166355,0.007326,-0.578754
-1.885252,-0.080585,-0.139194,2.166355,0.007326,-0.578754
-1.885252,-0.007326,-0.129426,2.166355,0.007326,-0.578754
-1.884871,0.036633,-0.075702,2.166355,-0.007328,-0.573871
-1.884489,0.065935,0.007326,2.166355,0.007326,-0.573871
-1.884108,0.095240,0.090355,2.166355,0.007326,-0.573871
-1.883726,0.080587,0.134311,2.166355,0.007326,-0.578754
-1.884108,-0.036631,0.100122,2.166355,0.007326,-0.578754
-1.884489,-0.080585,0.031747,2.166355,0.007326,-0.578754
-1.885252,-0.124542,-0.061050,2.166355,0.007326,-0.578754
-1.885252,-0.095238,-0.139194,2.166355,0.007326,-0.578754
-1.885252,0.007328,-0.134310,2.166355,0.007326,-0.578754
-1.884871,0.036633,-0.075702,2.166355,0.021978,-0.583638
-1.884489,0.065935,0.002442,2.166355,-0.007328,-0.573871
-1.884108,0.095240,0.090355,2.166355,0.007326,-0.578754
-1.883726,0.065935,0.134311,2.166355,0.007326,-0.578754
-1.884108,-0.021978,0.100122,2.166355,0.007326,-0.578754
-1.884871,-0.109890,0.031747,2.166737,0.007326,-0.578754
-1.885252,-0.109890,-0.056166,2.166355,-0.007328,-0.578754
-1.885252,-0.080585,-0.134310,2.166737,0.007326,-0.578754
-1.885252,-0.021978,-0.134310,2.166355,0.007326,-0.583638
-1.884871,0.051285,-0.075702,2.166355,0.007326,-0.578754
-1.884489,0.051285,0.002442,2.166355,0.007326,-0.578754
-1.884108,0.095240,0.090355,2.166355,0.007326,-0.578754
-1.883726,0.065935,0.129427,2.166355,-0.007328,-0.573871
-1.884108,-0.021978,0.100122,2.166355,0.007326,-0.578754
-1.884489,-0.095238,0.031747,2.166355,-0.007328,-0.578754
-1.885252,-0.109890,-0.056166,2.166355,0.007326,-0.573871
-1.885252,-0.080585,-0.134310,2.166355,-0.007328,-0.578754
-1.885252,-0.021978,-0.134310,2.166355,0.007326,-0.578754
-1.884871,0.051285,-0.075702,2.166355,-0.007328,-0.578754
-1.884489,0.065935,0.002442,2.166355,-0.007328,-0.578754
-1.884108,0.080587,0.090355,2.166355,0.007326,-0.578754
-1.883726,0.080587,0.134311,2.166355,0.021978,-0.578754
-1.884108,-0.021978,0.105007,2.166355,0.007326,-0.573871
-1.884489,-0.095238,0.036631,2.166355,0.007326,-0.573871
-1.885252,-0.109890,-0.056166,2.166355,0.007326,-0.583638
-1.885252,-0.080585,-0.139194,2.166355,-0.007328,-0.583638
-1.885252,-0.007326,-0.134310,2.166355,0.007326,-0.583638
-1.884871,0.021980,-0.075702,2.166355,-0.007328,-0.583638
-1.884489,0.065935,0.007326,2.166355,0.007326,-0.578754
-1.884108,0.095240,0.090355,2.166355,0.007326,-0.578754
-1.883726,0.065935,0.134311,2.166355,0.007326,-0.573871
-1.884108,-0.021978,0.100122,2.166355,0.007326,-0.578754
-1.884489,-0.095238,0.031747,2.166355,0.007326,-0.578754
-1.885252,-0.124542,-0.061050,2.166355,0.007326,-0.578754
-1.885252,-0.095238,-0.139194,2.166355,0.007326,-0.578754
-1.885252,0.007328,-0.134310,2.166355,0.007326,-0.578754
-1.884871,0.036633,-0.070818,2.166355,0.007326,-0.578754
-1.884489,0.065935,0.007326,2.166355,-0.007328,-0.573871
-1.884108,0.080587,0.095239,2.166355,0.021978,-0.578754
-1.883726,0.051285,0.134311,2.166355,0.036631,-0.578754
-1.884108,-0.036631,0.100122,2.166737,0.007326,-0.578754
-1.884489,-0.095238,0.026863,2.166355,0.007326,-0.573871
-1.885252,-0.109890,-0.061050,2.166355,0.007326,-0.573871
-1.885252,-0.065933,-0.139194,2.166355,-0.007328,-0.578754
-1.885252,-0.007326,-0.129426,2.166355,0.007326,-0.583638
-1.884871,0.036633,-0.065934,2.166355,0.007326,-0.578754
-1.884489,0.080587,0.012211,2.166355,0.007326,-0.573871
-1.884108,0.080587,0.095239,2.166355,0.036631,-0.578754
-1.883726,0.051285,0.134311,2.166355,0.007326,-0.578754
-1.884108,-0.021978,0.095239,2.166737,0.021978,-0.578754
-1.884871,-0.095238,0.026863,2.166355,-0.007328,-0.573871
-1.885252,-0.109890,-0.070818,2.166355,-0.007328,-0.568987
-1.885252,-0.080585,-0.139194,2.166355,0.007326,-0.568987
-1.885252,-0.021978,-0.129426,2.166355,0.007326,-0.573871
-1.884871,0.036633,-0.065934,2.166355,0.007326,-0.573871
-1.884489,0.080587,0.017095,2.166355,-0.007328,-0.573871
-1.884108,0.095240,0.100122,2.166355,0.021978,-0.573871
-1.883726,0.051285,0.129427,2.166355,0.007326,-0.573871
-1.884108,-0.036631,0.090355,2.166355,0.007326,-0.573871
-1.884871,-0.109890,0.017095,2.166355,0.007326,-0.573871
-1.885252,-0.124542,-0.075702,2.166355,0.007326,-0.578754
-1.885252,-0.080585,-0.139194,2.166355,0.007326,-0.578754
-1.884871,-0.007326,-0.124542,2.166737,0.007326,-0.578754
-1.884489,0.036633,-0.056166,2.166355,0.007326,-0.578754
-1.884489,0.080587,0.021978,2.166355,0.007326,-0.583638
-1.883726,0.080587,0.105007,2.166355,-0.007328,-0.578754
-1.883726,0.051285,0.134311,2.166737,0.007326,-0.578754
-1.884108,-0.036631,0.085470,2.166355,0.007326,-0.578754
-1.884871,-0.109890,0.012211,2.166355,-0.007328,-0.583638
-1.885252,-0.109890,-0.080586,2.166355,-0.007328,-0.583638
-1.885252,-0.080585,-0.144078,2.166355,0.021978,-0.583638
-1.884871,0.007328,-0.119658,2.166355,-0.007328,-0.578754
-1.884489,0.051285,-0.051282,2.166355,0.007326,-0.583638
-1.884489,0.080587,0.026863,2.166355,0.007326,-0.578754
-1.883726,0.080587,0.109891,2.166355,0.007326,-0.578754
-1.883726,0.021980,0.124542,2.166737,0.007326,-0.573871
-1.884489,-0.051283,0.080586,2.166355,0.007326,-0.573871
-1.884871,-0.109890,0.002442,2.166355,0.007326,-0.578754
-1.885252,-0.109890,-0.090354,2.166355,0.007326,-0.578754
-1.885252,-0.051283,-0.139194,2.166355,0.007326,-0.578754
-1.884871,0.021980,-0.109890,2.166355,0.007326,-0.578754
-1.884489,0.051285,-0.041514,2.166355,-0.007328,-0.578754
-1.884108,0.065935,0.036631,2.166355,0.021978,-0.583638
-1.883726,0.095240,0.114775,2.166355,0.007326,-0.578754
-1.883726,0.021980,0.129427,2.166355,0.021978,-0.578754
-1.884489,-0.036631,0.075703,2.166355,0.021978,-0.578754
-1.884871,-0.109890,-0.002442,2.166355,0.021978,-0.578754
-1.885252,-0.095238,-0.100122,2.166355,0.007326,-0.583638
-1.885252,-0.065933,-0.144078,2.166355,-0.007328,-0.583638
-1.884871,0.021980,-0.105006,2.166355,0.007326,-0.583638
-1.884489,0.051285,-0.031746,2.166355,0.007326,-0.573871
-1.884108,0.065935,0.046398,2.166355,0.021978,-0.573871
-1.883726,0.095240,0.119658,2.166355,0.007326,-0.578754
-1.883726,0.007328,0.119658,2.166355,0.007326,-0.578754
-1.884489,-0.080585,0.065935,2.166737,0.007326,-0.578754
-1.884871,-0.109890,-0.012210,2.166355,-0.007328,-0.578754
-1.885252,-0.095238,-0.109890,2.166355,-0.007328,-0.578754
-1.885252,-0.051283,-0.144078,2.166355,0.007326,-0.583638
-1.884871,0.036633,-0.100122,2.166355,0.007326,-0.583638
-1.884489,0.065935,-0.026862,2.166355,0.007326,-0.583638
-1.884108,0.095240,0.056167,2.166355,0.007326,-0.578754
-1.883726,0.080587,0.124542,2.166355,0.007326,-0.583638
-1.884108,0.007328,0.119658,2.166355,0.021978,-0.583638
-1.884489,-0.080585,0.056167,2.166355,0.007326,-0.578754
-1.884871,-0.109890,-0.026862,2.166355,-0.007328,-0.583638
-1.885252,-0.095238,-0.114774,2.166355,0.007326,-0.578754
-1.885252,-0.051283,-0.139194,2.166355,0.007326,-0.578754
-1.884871,0.036633,-0.090354,2.166355,-0.007328,-0.578754
-1.884489,0.065935,-0.012210,2.166737,0.021978,-0.578754
-1.884108,0.080587,0.075703,2.166355,0.007326,-0.578754
-1.883726,0.080587,0.129427,2.166355,0.007326,-0.573871
-1.884108,-0.007326,0.109891,2.166355,0.007326,-0.583638
-1.884489,-0.080585,0.041514,2.166355,0.007326,-0.583638
-1.884871,-0.095238,-0.041514,2.166355,0.007326,-0.583638
-1.885252,-0.080585,-0.129426,2.166355,0.007326,-0.583638
-1.885252,-0.036631,-0.139194,2.166355,-0.007328,-0.578754
-1.884871,0.036633,-0.080586,2.166355,0.021978,-0.583638
-1.884489,0.051285,-0.002442,2.166355,0.021978,-0.578754
-1.884108,0.095240,0.085470,2.166355,-0.007328,-0.573871
-1.883726,0.065935,0.129427,2.166355,0.007326,-0.578754
-1.884108,-0.021978,0.100122,2.166355,0.007326,-0.578754
-1.884871,-0.095238,0.031747,2.166355,0.007326,-0.578754
-1.885252,-0.124542,-0.061050,2.166355,-0.007328,-0.583638
-1.885252,-0.080585,-0.134310,2.166355,-0.007328,-0.588523
-1.884871,-0.007326,-0.129426,2.166355,-0.007328,-0.583638
-1.884871,0.051285,-0.065934,2.166355,0.007326,-0.583638
-1.884489,0.065935,0.012211,2.166355,-0.007328,-0.578754
-1.884108,0.080587,0.095239,2.166355,0.021978,-0.583638
-1.884108,0.051285,0.129427,2.166355,0.007326,-0.578754
-1.884108,-0.036631,0.090355,2.166737,0.021978,-0.583638
-1.884871,-0.109890,0.017095,2.166355,0.007326,-0.573871
-1.885252,-0.095238,-0.075702,2.166355,0.021978,-0.578754
-1.885252,-0.080585,-0.139194,2.166355,-0.007328,-0.578754
-1.884871,0.021980,-0.119658,2.166355,-0.007328,-0.578754
-1.884871,0.036633,-0.051282,2.166355,0.007326,-0.578754
-1.884108,0.080587,0.026863,2.166355,0.007326,-0.578754
-1.883726,0.080587,0.109891,2.166355,0.007326,-0.578754
-1.883726,0.051285,0.124542,2.166355,0.021978,-0.583638
-1.884108,-0.065933,0.075703,2.166355,0.007326,-0.583638
-1.884871,-0.095238,0.002442,2.166355,0.007326,-0.583638
-1.885252,-0.109890,-0.090354,2.166355,0.007326,-0.583638
-1.885252,-0.065933,-0.139194,2.166355,0.007326,-0.578754
-1.884871,0.021980,-0.109890,2.166355,0.021978,-0.578754
-1.884489,0.065935,-0.036630,2.166355,0.021978,-0.578754
-1.884108,0.080587,0.046398,2.166355,0.007326,-0.573871
-1.883726,0.080587,0.114775,2.166737,0.007326,-0.573871
-1.883726,0.036633,0.119658,2.166355,0.007326,-0.578754
-1.884489,-0.051283,0.065935,2.166355,0.021978,-0.583638
-1.884871,-0.124542,-0.012210,2.166355,0.007326,-0.583638
-1.885252,-0.109890,-0.109890,2.166355,0.007326,-0.578754
-1.885252,-0.051283,-0.139194,2.166355,0.007326,-0.578754
-1.884871,0.021980,-0.095238,2.166355,0.007326,-0.578754
-1.884489,0.051285,-0.021978,2.166355,0.007326,-0.573871
-1.884108,0.095240,0.061050,2.166355,0.007326,-0.578754
-1.883726,0.065935,0.124542,2.166355,0.007326,-0.578754
-1.884108,0.021980,0.109891,2.166355,0.007326,-0.578754
-1.884489,-0.080585,0.046398,2.166355,0.007326,-0.578754
-1.884871,-0.109890,-0.036630,2.166355,0.007326,-0.578754
-1.885252,-0.080585,-0.124542,2.166355,-0.007328,-0.583638
-1.885252,-0.021978,-0.134310,2.166355,0.007326,-0.583638
-1.884871,0.036633,-0.080586,2.166355,-0.007328,-0.583638
-1.884489,0.051285,-0.002442,2.166355,0.007326,-0.578754
-1.884108,0.095240,0.080586,2.166355,0.021978,-0.578754
-1.883726,0.065935,0.124542,2.166355,0.021978,-0.578754
-1.884108,-0.007326,0.095239,2.166355,0.021978,-0.573871
-1.884489,-0.095238,0.031747,2.166355,-0.007328,-0.573871
-1.885252,-0.109890,-0.056166,2.166355,0.007326,-0.578754
-1.885252,-0.080585,-0.134310,2.166355,-0.007328,-0.578754
-1.885252,-0.007326,-0.129426,2.166355,-0.007328,-0.578754
-1.884871,0.036633,-0.061050,2.166355,0.007326,-0.578754
-1.884489,0.080587,0.017095,2.166355,0.007326,-0.578754
-1.883726,0.109892,0.095239,2.166355,0.007326,-0.573871
-1.883726,0.051285,0.124542,2.166355,0.021978,-0.573871
-1.884108,-0.036631,0.085470,2.166355,0.007326,-0.578754
-1.884871,-0.109890,0.012211,2.166355,0.007326,-0.573871
-1.885252,-0.095238,-0.080586,2.166355,0.007326,-0.578754
-1.885252,-0.080585,-0.134310,2.166355,0.021978,-0.578754
-1.884871,0.021980,-0.114774,2.166737,0.007326,-0.578754
-1.884871,0.051285,-0.041514,2.166355,0.021978,-0.578754
-1.884108,0.080587,0.041514,2.166355,0.007326,-0.578754
-1.883726,0.080587,0.109891,2.166355,0.007326,-0.578754
-1.883726,0.036633,0.124542,2.166355,0.021978,-0.578754
-1.884489,-0.065933,0.065935,2.166355,0.021978,-0.578754
-1.884871,-0.109890,-0.012210,2.166355,0.007326,-0.578754
-1.885252,-0.109890,-0.105006,2.166355,0.007326,-0.583638
-1.885252,-0.065933,-0.139194,2.166355,0.007326,-0.583638
-1.884871,0.036633,-0.100122,2.166737,0.007326,-0.583638
-1.884489,0.051285,-0.026862,2.166355,-0.007328,-0.578754
-1.884108,0.065935,0.061050,2.166355,0.007326,-0.578754
-1.883726,0.065935,0.119658,2.166355,0.021978,-0.578754
-1.884108,0.007328,0.109891,2.166355,0.007326,-0.578754
-1.884489,-0.080585,0.046398,2.166355,0.007326,-0.583638
-1.884871,-0.124542,-0.036630,2.166355,0.007326,-0.578754
-1.885252,-0.095238,-0.124542,2.166355,0.007326,-0.578754
-1.885252,-0.007326,-0.134310,2.166355,0.007326,-0.583638
-1.884871,0.021980,-0.080586,2.166355,0.007326,-0.583638
-1.884489,0.051285,-0.002442,2.166355,0.007326,-0.578754
-1.884108,0.095240,0.085470,2.166355,0.007326,-0.583638
-1.883726,0.080587,0.129427,2.166355,0.007326,-0.583638
-1.884108,-0.021978,0.100122,2.166355,0.007326,-0.578754
-1.884871,-0.109890,0.026863,2.166355,-0.007328,-0.578754
-1.885252,-0.109890,-0.061050,2.166737,0.007326,-0.583638
-1.885252,-0.065933,-0.134310,2.166355,0.007326,-0.588523
-1.885252,-0.021978,-0.124542,2.166355,-0.021980,-0.583638
-1.884871,0.036633,-0.056166,2.166355,0.007326,-0.583638
-1.884489,0.080587,0.021978,2.166355,-0.007328,-0.583638
-1.883726,0.109892,0.100122,2.166737,0.021978,-0.583638
-1.883726,0.065935,0.124542,2.166355,0.007326,-0.578754
-1.884108,-0.036631,0.080586,2.166355,0.007326,-0.573871
-1.884871,-0.095238,0.007326,2.166737,0.007326,-0.578754
-1.885252,-0.095238,-0.090354,2.166355,0.007326,-0.578754
-1.885252,-0.051283,-0.139194,2.166355,0.007326,-0.578754
-1.884871,-0.007326,-0.109890,2.166355,0.021978,-0.578754
-1.884489,0.051285,-0.036630,2.166355,-0.007328,-0.583638
-1.884108,0.080587,0.046398,2.166355,0.007326,-0.583638
-1.883726,0.080587,0.114775,2.166737,0.007326,-0.583638
-1.883726,0.021980,0.114775,2.166355,0.007326,-0.578754
-1.884489,-0.080585,0.056167,2.166355,0.007326,-0.578754
-1.884871,-0.109890,-0.021978,2.166355,-0.007328,-0.578754
-1.885252,-0.124542,-0.114774,2.166355,0.007326,-0.583638
-1.885252,-0.021978,-0.139194,2.166355,-0.007328,-0.583638
-1.884871,0.036633,-0.085470,2.166355,0.021978,-0.583638
-1.884489,0.065935,-0.012210,2.166355,0.007326,-0.583638
-1.884108,0.080587,0.075703,2.166355,0.021978,-0.583638
-1.883726,0.065935,0.124542,2.166355,0.021978,-0.578754
-1.884108,-0.021978,0.100122,2.166355,0.007326,-0.573871
-1.884489,-0.080585,0.036631,2.166355,0.007326,-0.578754
-1.885252,-0.109890,-0.051282,2.166355,0.007326,-0.578754
-1.885252,-0.080585,-0.129426,2.166355,0.021978,-0.583638
-1.885252,-0.007326,-0.124542,2.166355,0.007326,-0.583638
-1.884871,0.065935,-0.061050,2.166737,0.021978,-0.583638
-1.884489,0.065935,0.017095,2.166355,0.007326,-0.578754
-1.883726,0.109892,0.095239,2.166355,-0.007328,-0.578754
-1.883726,0.036633,0.124542,2.166355,-0.007328,-0.583638
-1.884108,-0.036631,0.080586,2.166737,0.021978,-0.583638
-1.884871,-0.124542,0.007326,2.166355,0.021978,-0.578754
-1.885252,-0.109890,-0.085470,2.166355,0.007326,-0.573871
-1.885252,-0.051283,-0.139194,2.166355,0.007326,-0.578754
-1.884871,0.021980,-0.105006,2.166355,0.007326,-0.583638
-1.884489,0.051285,-0.036630,2.166355,0.007326,-0.583638
-1.884108,0.080587,0.046398,2.166355,0.007326,-0.583638
-1.883726,0.080587,0.114775,2.166355,-0.007328,-0.583638
-1.884108,0.007328,0.119658,2.166355,0.021978,-0.583638
-1.884489,-0.080585,0.056167,2.166355,0.007326,-0.578754
-1.884871,-0.095238,-0.021978,2.166355,0.007326,-0.578754
-1.885252,-0.095238,-0.109890,2.166737,0.007326,-0.583638
-1.885252,-0.036631,-0.134310,2.166355,0.007326,-0.578754
-1.884871,0.036633,-0.085470,2.166355,0.007326,-0.578754
-1.884489,0.065935,-0.012210,2.166355,0.007326,-0.583638
-1.884108,0.095240,0.075703,2.166355,0.007326,-0.588523
-1.883726,0.080587,0.124542,2.166355,0.007326,-0.583638
-1.884108,-0.007326,0.095239,2.166355,0.021978,-0.583638
-1.884489,-0.095238,0.031747,2.166355,-0.007328,-0.583638
-1.885252,-0.095238,-0.061050,2.166737,0.007326,-0.588523
-1.885252,-0.065933,-0.134310,2.166355,0.021978,-0.588523
-1.884871,0.021980,-0.124542,2.166355,0.007326,-0.583638
-1.884489,0.036633,-0.061050,2.166355,-0.007328,-0.583638
-1.884489,0.065935,0.017095,2.166355,0.007326,-0.588523
-1.884108,0.080587,0.100122,2.166355,0.007326,-0.583638
-1.884108,0.036633,0.124542,2.166355,0.007326,-0.583638
-1.884108,-0.051283,0.075703,2.166355,0.021978,-0.578754
-1.884871,-0.095238,0.002442,2.166355,0.007326,-0.578754
-1.885252,-0.124542,-0.095238,2.166355,-0.007328,-0.578754
-1.885252,-0.051283,-0.139194,2.166355,0.007326,-0.588523
-1.884871,0.021980,-0.105006,2.166355,0.007326,-0.583638
-1.884489,0.051285,-0.031746,2.166355,0.007326,-0.583638
-1.884108,0.080587,0.056167,2.166355,0.007326,-0.578754
-1.883726,0.080587,0.114775,2.166355,0.007326,-0.578754
-1.884108,0.007328,0.109891,2.166355,0.007326,-0.583638
-1.884489,-0.065933,0.051283,2.166355,-0.007328,-0.583638
-1.884871,-0.124542,-0.036630,2.166355,-0.007328,-0.578754
-1.885252,-0.095238,-0.119658,2.166355,0.021978,-0.583638
-1.885252,-0.021978,-0.129426,2.166355,0.021978,-0.588523
-1.884871,0.021980,-0.075702,2.166355,0.007326,-0.583638
-1.884489,0.051285,0.002442,2.166355,0.007326,-0.583638
-1.884108,0.080587,0.085470,2.166355,-0.007328,-0.578754
-1.883726,0.080587,0.124542,2.166355,0.021978,-0.583638
-1.884108,-0.021978,0.090355,2.166355,0.021978,-0.578754
-1.884871,-0.080585,0.017095,2.166737,0.007326,-0.578754
-1.885252,-0.109890,-0.075702,2.166355,0.007326,-0.583638
-1.885252,-0.080585,-0.134310,2.166355,-0.007328,-0.583638
-1.884871,0.007328,-0.114774,2.166737,0.021978,-0.588523
-1.884871,0.051285,-0.046398,2.166355,-0.007328,-0.588523
-1.884108,0.065935,0.036631,2.166355,0.021978,-0.588523
-1.883726,0.095240,0.105007,2.166355,0.021978,-0.583638
-1.883726,0.021980,0.114775,2.166355,0.007326,-0.583638
-1.884489,-0.065933,0.061050,2.166355,0.007326,-0.583638
-1.884871,-0.109890,-0.012210,2.166355,0.007326,-0.583638
-1.885252,-0.109890,-0.105006,2.166355,0.007326,-0.583638
-1.885252,-0.036631,-0.134310,2.166355,-0.007328,-0.578754
-1.884871,0.036633,-0.095238,2.166355,0.007326,-0.578754
-1.884489,0.065935,-0.017094,2.166355,0.007326,-0.578754
-1.884108,0.065935,0.070819,2.166355,0.007326,-0.578754
-1.883726,0.065935,0.119658,2.166355,0.007326,-0.578754
-1.884108,-0.021978,0.100122,2.166355,-0.007328,-0.578754
-1.884489,-0.080585,0.031747,2.166355,0.021978,-0.583638
-1.885252,-0.124542,-0.056166,2.166737,0.007326,-0.583638
-1.885252,-0.095238,-0.124542,2.166355,0.007326,-0.578754
-1.884871,0.007328,-0.119658,2.166355,-0.007328,-0.578754
-1.884871,0.065935,-0.061050,2.166355,0.021978,-0.583638
-1.884489,0.065935,0.021978,2.166355,-0.007328,-0.583638
-1.883726,0.080587,0.100122,2.166355,0.021978,-0.583638
-1.884108,0.036633,0.119658,2.166355,0.007326,-0.583638
-1.884108,-0.036631,0.070819,2.166355,0.007326,-0.583638
-1.884871,-0.109890,-0.002442,2.166355,0.007326,-0.588523
-1.885252,-0.124542,-0.095238,2.166355,0.021978,-0.583638
-1.885252,-0.036631,-0.139194,2.166355,0.007326,-0.583638
-1.884871,0.021980,-0.100122,2.166355,0.007326,-0.583638
-1.884489,0.051285,-0.021978,2.166355,0.007326,-0.583638
-1.884108,0.080587,0.061050,2.166355,0.007326,-0.583638
-1.883726,0.080587,0.119658,2.166355,0.007326,-0.578754
-1.884108,-0.007326,0.105007,2.166355,-0.007328,-0.578754
-1.884489,-0.065933,0.041514,2.166355,0.007326,-0.578754
-1.885252,-0.124542,-0.046398,2.166355,0.007326,-0.578754
-1.885252,-0.080585,-0.124542,2.166355,0.007326,-0.578754
-1.885252,-0.007326,-0.129426,2.166355,0.021978,-0.583638
-1.884871,0.036633,-0.065934,2.166355,0.007326,-0.578754
-1.884489,0.065935,0.012211,2.166355,0.007326,-0.578754
-1.884108,0.080587,0.090355,2.166355,0.021978,-0.578754
-1.883726,0.051285,0.119658,2.166355,0.021978,-0.578754
-1.884108,-0.036631,0.080586,2.166355,0.007326,-0.578754
-1.884871,-0.109890,0.007326,2.166355,0.007326,-0.588523
-1.885252,-0.109890,-0.085470,2.166355,0.021978,-0.588523
-1.885252,-0.051283,-0.134310,2.166355,0.021978,-0.583638
-1.884871,-0.007326,-0.100122,2.166355,0.007326,-0.578754
-1.884489,0.051285,-0.031746,2.166355,0.007326,-0.578754
-1.884108,0.080587,0.051283,2.166355,0.007326,-0.583638
-1.883726,0.080587,0.114775,2.166355,-0.007328,-0.583638
-1.884108,-0.007326,0.109891,2.166355,0.007326,-0.588523
-1.884489,-0.065933,0.051283,2.166355,0.021978,-0.583638
-1.884871,-0.109890,-0.031746,2.166355,0.007326,-0.583638
-1.885252,-0.095238,-0.119658,2.166355,0.021978,-0.583638
-1.885252,-0.036631,-0.129426,2.166355,0.007326,-0.583638
-1.884871,0.036633,-0.075702,2.166355,0.007326,-0.583638
-1.884489,0.065935,0.007326,2.166355,0.007326,-0.583638
-1.884108,0.095240,0.090355,2.166355,0.021978,-0.578754
-1.883726,0.065935,0.119658,2.166355,0.007326,-0.573871
-1.884108,-0.036631,0.080586,2.166355,0.007326,-0.578754
-1.884871,-0.109890,0.007326,2.166355,0.007326,-0.583638
-1.885252,-0.109890,-0.085470,2.166355,-0.007328,-0.583638
-1.885252,-0.065933,-0.134310,2.166355,-0.007328,-0.583638
-1.884871,0.007328,-0.105006,2.166355,0.007326,-0.588523
-1.884489,0.051285,-0.031746,2.166355,0.007326,-0.588523
-1.884108,0.065935,0.046398,2.166355,-0.007328,-0.583638
-1.883726,0.109892,0.109891,2.166355,0.007326,-0.583638
-1.884108,-0.007326,0.105007,2.166355,0.021978,-0.583638
-1.884489,-0.080585,0.046398,2.166355,0.007326,-0.583638
-1.885252,-0.124542,-0.031746,2.166355,0.021978,-0.583638
-1.885252,-0.080585,-0.119658,2.166355,0.007326,-0.583638
-1.885252,-0.021978,-0.129426,2.166355,0.007326,-0.578754
-1.884871,0.036633,-0.075702,2.166355,0.007326,-0.583638
-1.884489,0.065935,0.002442,2.166355,0.021978,-0.583638
-1.884108,0.095240,0.085470,2.166355,0.007326,-0.578754
-1.883726,0.065935,0.119658,2.166355,-0.007328,-0.583638
-1.884108,-0.036631,0.080586,2.166355,0.021978,-0.583638
-1.884871,-0.109890,0.012211,2.166355,0.007326,-0.588523
-1.885252,-0.124542,-0.080586,2.166355,0.007326,-0.583638
-1.885252,-0.065933,-0.134310,2.166355,0.021978,-0.583638
-1.884871,0.021980,-0.100122,2.166355,-0.007328,-0.578754
-1.884489,0.051285,-0.031746,2.166355,0.007326,-0.588523
-1.884108,0.095240,0.051283,2.166355,0.021978,-0.588523
-1.883726,0.080587,0.114775,2.166355,0.021978,-0.583638
-1.884108,0.007328,0.109891,2.166355,0.021978,-0.578754
-1.884489,-0.080585,0.046398,2.166355,0.007326,-0.578754
-1.884871,-0.124542,-0.036630,2.166355,-0.007328,-0.583638
-1.885252,-0.095238,-0.119658,2.166355,0.007326,-0.583638
-1.885252,-0.036631,-0.124542,2.166355,-0.007328,-0.578754
-1.884871,0.051285,-0.070818,2.166355,-0.007328,-0.578754
-1.884489,0.065935,0.012211,2.166355,0.007326,-0.583638
-1.884108,0.080587,0.090355,2.166355,-0.007328,-0.583638
-1.883726,0.051285,0.119658,2.166355,0.021978,-0.583638
-1.884108,-0.036631,0.080586,2.166355,0.007326,-0.578754
-1.884871,-0.109890,0.007326,2.166355,0.007326,-0.583638
-1.885252,-0.109890,-0.085470,2.166355,0.007326,-0.578754
-1.885252,-0.065933,-0.134310,2.166355,0.007326,-0.583638
-1.884871,0.021980,-0.100122,2.166355,-0.007328,-0.583638
-1.884489,0.065935,-0.026862,2.166737,0.007326,-0.583638
-1.884108,0.080587,0.056167,2.166355,0.007326,-0.583638
-1.883726,0.080587,0.114775,2.166737,0.021978,-0.583638
-1.884108,0.007328,0.105007,2.166355,-0.007328,-0.583638
-1.884489,-0.080585,0.041514,2.166737,0.007326,-0.578754
-1.884871,-0.109890,-0.046398,2.166355,0.007326,-0.583638
-1.885252,-0.080585,-0.124542,2.166355,0.007326,-0.583638
-1.885252,-0.021978,-0.124542,2.166355,0.007326,-0.583638
-1.884871,0.021980,-0.065934,2.166355,0.007326,-0.583638
-1.884489,0.065935,0.017095,2.166355,-0.007328,-0.583638
-1.884108,0.080587,0.095239,2.166355,0.007326,-0.578754
-1.883726,0.036633,0.119658,2.166355,0.007326,-0.578754
-1.884108,-0.036631,0.070819,2.166355,0.007326,-0.578754
-1.884871,-0.124542,-0.002442,2.166355,-0.007328,-0.583638
-1.885252,-0.109890,-0.095238,2.166355,0.007326,-0.583638
-1.885252,-0.051283,-0.134310,2.166355,0.007326,-0.583638
-1.884871,0.021980,-0.095238,2.166355,0.007326,-0.583638
-1.884489,0.051285,-0.021978,2.166355,-0.007328,-0.583638
-1.884108,0.065935,0.061050,2.166355,0.007326,-0.583638
-1.883726,0.080587,0.114775,2.166737,0.007326,-0.583638
-1.884108,-0.007326,0.095239,2.166355,-0.007328,-0.578754
-1.884489,-0.080585,0.031747,2.166355,0.007326,-0.583638
-1.885252,-0.124542,-0.051282,2.166355,0.007326,-0.588523
-1.885252,-0.080585,-0.129426,2.166355,-0.007328,-0.583638
-1.885252,-0.021978,-0.119658,2.166355,0.021978,-0.583638
-1.884871,0.036633,-0.056166,2.166355,0.021978,-0.578754
-1.884108,0.080587,0.026863,2.166355,0.007326,-0.578754
-1.883726,0.080587,0.100122,2.166737,0.007326,-0.578754
-1.884108,0.036633,0.114775,2.166355,0.007326,-0.583638
-1.884489,-0.051283,0.065935,2.166737,0.007326,-0.583638
-1.884871,-0.124542,-0.012210,2.166355,0.007326,-0.578754
-1.885252,-0.109890,-0.105006,2.166355,0.007326,-0.578754
-1.885252,-0.036631,-0.134310,2.166355,0.007326,-0.583638
-1.884871,0.036633,-0.085470,2.166355,0.007326,-0.578754
-1.884489,0.051285,-0.007326,2.166355,0.007326,-0.578754
-1.884108,0.080587,0.075703,2.166355,0.007326,-0.583638
-1.883726,0.080587,0.119658,2.166355,0.007326,-0.583638
-1.884108,-0.036631,0.090355,2.166355,0.021978,-0.583638
-1.884871,-0.080585,0.021978,2.166355,0.007326,-0.578754
-1.885252,-0.124542,-0.065934,2.166355,-0.007328,-0.583638
-1.885252,-0.065933,-0.134310,2.166355,-0.007328,-0.583638
-1.884871,0.021980,-0.109890,2.166355,0.007326,-0.578754
-1.884489,0.051285,-0.036630,2.166355,0.007326,-0.583638
-1.884108,0.065935,0.041514,2.166355,-0.007328,-0.583638
-1.883726,0.080587,0.109891,2.166355,0.021978,-0.578754
-1.884108,0.007328,0.109891,2.166737,0.007326,-0.583638
-1.884489,-0.051283,0.051283,2.166355,0.021978,-0.583638
-1.885252,-0.124542,-0.031746,2.166355,-0.007328,-0.583638
-1.885252,-0.080585,-0.114774,2.166355,0.007326,-0.583638
-1.885252,-0.021978,-0.124542,2.166355,0.021978,-0.578754
-1.884871,0.036633,-0.070818,2.166355,0.007326,-0.583638
-1.884489,0.065935,0.007326,2.166355,0.007326,-0.578754
-1.884108,0.095240,0.090355,2.166355,-0.007328,-0.578754
-1.883726,0.051285,0.114775,2.166355,0.021978,-0.578754
-1.884108,-0.051283,0.075703,2.166355,0.007326,-0.578754
-1.884871,-0.109890,0.002442,2.166355,0.007326,-0.578754
-1.885252,-0.109890,-0.085470,2.166355,0.007326,-0.578754
-1.885252,-0.051283,-0.134310,2.166355,0.007326,-0.583638
-1.884871,0.021980,-0.095238,2.166355,-0.007328,-0.583638
-1.884489,0.051285,-0.021978,2.166355,-0.007328,-0.583638
-1.884108,0.080587,0.061050,2.166355,0.007326,-0.583638
-1.883726,0.080587,0.114775,2.166737,-0.007328,-0.583638
-1.884108,-0.007326,0.100122,2.166355,0.021978,-0.578754
-1.884871,-0.109890,0.031747,2.166355,0.007326,-0.583638
-1.885252,-0.109890,-0.051282,2.166355,0.007326,-0.583638
-1.885252,-0.065933,-0.124542,2.166355,0.007326,-0.583638
-1.884871,-0.007326,-0.114774,2.166355,-0.007328,-0.583638
-1.884489,0.065935,-0.051282,2.166355,0.007326,-0.583638
-1.884108,0.080587,0.026863,2.166737,0.007326,-0.588523
-1.883726,0.095240,0.105007,2.166355,-0.007328,-0.583638
-1.883726,0.036633,0.109891,2.166355,0.007326,-0.583638
-1.884489,-0.051283,0.061050,2.166355,0.007326,-0.578754
-1.884871,-0.109890,-0.017094,2.166355,0.007326,-0.578754
-1.885252,-0.109890,-0.105006,2.166355,0.007326,-0.583638
-1.885252,-0.021978,-0.129426,2.166355,-0.007328,-0.583638
-1.884871,0.036633,-0.080586,2.166355,0.021978,-0.588523
-1.884489,0.065935,-0.002442,2.166737,0.007326,-0.588523
-1.884108,0.095240,0.080586,2.166355,0.007326,-0.583638
-1.883726,0.065935,0.119658,2.166355,0.007326,-0.583638
-1.884108,-0.021978,0.085470,2.166355,0.007326,-0.583638
-1.884871,-0.124542,0.012211,2.166355,0.021978,-0.583638
-1.885252,-0.124542,-0.080586,2.166355,0.007326,-0.583638
-1.885252,-0.051283,-0.129426,2.166355,0.007326,-0.578754
-1.884871,0.021980,-0.100122,2.166355,0.021978,-0.583638
-1.884489,0.080587,-0.026862,2.166355,0.007326,-0.583638
-1.884108,0.065935,0.056167,2.166355,0.021978,-0.583638
-1.883726,0.080587,0.114775,2.166355,0.007326,-0.583638
-1.884108,0.007328,0.100122,2.166737,0.021978,-0.583638
-1.884489,-0.095238,0.036631,2.166355,0.007326,-0.583638
-1.885252,-0.109890,-0.046398,2.166355,0.007326,-0.583638
-1.885252,-0.080585,-0.124542,2.166355,0.021978,-0.583638
-1.884871,0.007328,-0.119658,2.166355,0.021978,-0.583638
-1.884871,0.051285,-0.056166,2.166355,0.007326,-0.578754
-1.884489,0.080587,0.026863,2.166355,-0.007328,-0.578754
-1.883726,0.095240,0.100122,2.166355,-0.007328,-0.583638
-1.883726,0.036633,0.114775,2.166355,0.021978,-0.588523
-1.884489,-0.065933,0.061050,2.166355,0.036631,-0.588523
-1.884871,-0.124542,-0.017094,2.166355,0.007326,-0.583638
-1.885252,-0.095238,-0.105006,2.166355,-0.007328,-0.583638
-1.885252,-0.036631,-0.129426,2.166355,0.007326,-0.593407
-1.884871,0.036633,-0.080586,2.166355,0.021978,-0.588523
-1.884489,0.065935,-0.002442,2.166355,-0.021980,-0.583638
-1.884108,0.080587,0.080586,2.166355,0.007326,-0.588523
-1.883726,0.065935,0.114775,2.166355,0.007326,-0.583638
-1.884108,-0.021978,0.080586,2.166355,0.007326,-0.578754
-1.884871,-0.109890,0.012211,2.166355,0.007326,-0.583638
-1.885252,-0.109890,-0.080586,2.166355,0.007326,-0.583638
-1.885252,-0.051283,-0.129426,2.166737,0.007326,-0.578754
-1.884871,0.007328,-0.100122,2.166737,0.007326,-0.583638
-1.884489,0.051285,-0.026862,2.166355,0.007326,-0.578754
-1.884108,0.095240,0.056167,2.166355,0.007326,-0.583638
-1.883726,0.080587,0.114775,2.166355,0.007326,-0.583638
-1.884108,-0.007326,0.100122,2.166737,0.021978,-0.583638
-1.884489,-0.095238,0.036631,2.166355,0.007326,-0.583638
-1.885252,-0.109890,-0.051282,2.166355,0.007326,-0.583638
-1.885252,-0.095238,-0.124542,2.166355,0.007326,-0.583638
-1.884871,-0.007326,-0.114774,2.166355,0.007326,-0.583638
-1.884489,0.036633,-0.051282,2.166355,0.021978,-0.578754
-1.884108,0.080587,0.031747,2.166355,0.007326,-0.583638
-1.883726,0.095240,0.100122,2.166355,-0.007328,-0.583638
-1.884108,0.036633,0.109891,2.166355,0.007326,-0.578754
-1.884489,-0.065933,0.051283,2.166355,0.007326,-0.578754
-1.884871,-0.124542,-0.021978,2.166355,0.007326,-0.583638
-1.885252,-0.095238,-0.109890,2.166355,0.007326,-0.588523
-1.885252,-0.036631,-0.124542,2.166355,0.007326,-0.583638
-1.884871,0.051285,-0.075702,2.166355,-0.007328,-0.583638
-1.884489,0.051285,0.007326,2.166355,0.007326,-0.583638
-1.883726,0.095240,0.085470,2.166355,0.007326,-0.583638
-1.883726,0.036633,0.114775,2.166355,0.021978,-0.583638
-1.884489,-0.036631,0.075703,2.166355,0.021978,-0.578754
-1.884871,-0.109890,0.002442,2.166355,0.021978,-0.578754
-1.885252,-0.095238,-0.085470,2.166355,0.007326,-0.578754
-1.885252,-0.051283,-0.129426,2.166355,0.007326,-0.583638
-1.884871,0.007328,-0.090354,2.166737,0.007326,-0.583638
-1.884489,0.051285,-0.017094,2.166355,-0.007328,-0.583638
-1.884108,0.095240,0.065935,2.166355,0.007326,-0.578754
-1.883726,0.065935,0.114775,2.166355,0.021978,-0.583638
-1.884108,-0.021978,0.090355,2.166355,0.007326,-0.573871
-1.884871,-0.095238,0.021978,2.166355,0.007326,-0.578754
-1.885252,-0.095238,-0.065934,2.166355,0.007326,-0.583638
-1.885252,-0.065933,-0.129426,2.166355,0.021978,-0.583638
-1.884871,0.007328,-0.105006,2.166355,0.021978,-0.583638
-1.884489,0.051285,-0.036630,2.166355,-0.007328,-0.583638
-1.884108,0.065935,0.041514,2.166355,0.007326,-0.583638
-1.883726,0.095240,0.105007,2.166355,0.007326,-0.583638
-1.884108,0.007328,0.100122,2.166355,0.021978,-0.583638
-1.884489,-0.065933,0.041514,2.166355,0.007326,-0.578754
-1.885252,-0.124542,-0.036630,2.166355,-0.007328,-0.583638
-1.885252,-0.080585,-0.119658,2.166355,0.007326,-0.583638
-1.885252,-0.021978,-0.119658,2.166355,0.007326,-0.588523
-1.884871,0.036633,-0.056166,2.166355,-0.007328,-0.578754
-1.884108,0.080587,0.021978,2.166355,0.007326,-0.578754
-1.883726,0.095240,0.095239,2.166355,0.021978,-0.583638
-1.884108,0.021980,0.109891,2.166355,0.021978,-0.578754
-1.884489,-0.065933,0.061050,2.166355,0.021978,-0.573871
-1.884871,-0.139194,-0.017094,2.166355,-0.007328,-0.578754
-1.885252,-0.109890,-0.105006,2.166355,0.007326,-0.583638
-1.885252,-0.036631,-0.124542,2.166355,-0.007328,-0.583638
-1.884871,0.036633,-0.075702,2.166355,0.007326,-0.588523
-1.884489,0.065935,-0.002442,2.166355,0.007326,-0.588523
-1.884108,0.080587,0.080586,2.166355,-0.007328,-0.588523
-1.883726,0.051285,0.114775,2.166355,-0.007328,-0.588523
-1.884108,-0.036631,0.075703,2.166355,0.007326,-0.583638
-1.884871,-0.109890,0.002442,2.166355,-0.007328,-0.588523
-1.885252,-0.109890,-0.085470,2.166355,-0.007328,-0.588523
-1.885252,-0.065933,-0.129426,2.166355,0.007326,-0.588523
-1.884871,0.021980,-0.095238,2.166355,0.007326,-0.588523
-1.884489,0.080587,-0.017094,2.166355,0.007326,-0.588523
-1.884108,0.095240,0.061050,2.166355,0.007326,-0.588523
-1.883726,0.080587,0.109891,2.166355,0.021978,-0.588523
-1.884108,-0.007326,0.085470,2.166355,0.036631,-0.578754
-1.884871,-0.095238,0.021978,2.166737,0.007326,-0.573871
-1.885252,-0.109890,-0.065934,2.166355,0.007326,-0.578754
-1.885252,-0.065933,-0.124542,2.166355,0.007326,-0.583638
-1.884871,0.007328,-0.105006,2.166355,0.021978,-0.583638
-1.884489,0.065935,-0.036630,2.166355,0.007326,-0.583638
-1.884108,0.065935,0.046398,2.166355,-0.007328,-0.583638
-1.883726,0.095240,0.105007,2.166355,-0.007328,-0.588523
-1.884108,0.007328,0.100122,2.166355,0.036631,-0.588523
-1.884489,-0.095238,0.041514,2.166355,0.021978,-0.588523
-1.885252,-0.124542,-0.046398,2.166355,0.007326,-0.583638
-1.885252,-0.095238,-0.119658,2.166355,0.007326,-0.578754
-1.884871,-0.007326,-0.114774,2.166355,0.007326,-0.583638
-1.884489,0.051285,-0.051282,2.166355,0.021978,-0.588523
-1.884108,0.080587,0.026863,2.166355,0.007326,-0.583638
-1.883726,0.095240,0.100122,2.166355,0.021978,-0.578754
-1.884108,0.036633,0.109891,2.166355,0.021978,-0.578754
-1.884489,-0.080585,0.056167,2.166355,0.007326,-0.578754
-1.884871,-0.109890,-0.021978,2.166737,0.021978,-0.583638
-1.885252,-0.095238,-0.109890,2.166355,-0.007328,-0.578754
-1.885252,-0.021978,-0.119658,2.166355,0.007326,-0.578754
-1.884871,0.021980,-0.065934,2.166355,0.007326,-0.583638
-1.884489,0.051285,0.012211,2.166355,-0.007328,-0.583638
-1.884108,0.080587,0.090355,2.166355,0.021978,-0.583638
-1.884108,0.036633,0.109891,2.166355,0.007326,-0.583638
-1.884489,-0.051283,0.065935,2.166355,0.007326,-0.583638
-1.884871,-0.109890,-0.007326,2.166355,-0.007328,-0.583638
-1.885252,-0.109890,-0.095238,2.166737,0.007326,-0.583638
-1.885252,-0.036631,-0.124542,2.166355,0.007326,-0.583638
-1.884871,0.021980,-0.080586,2.166355,0.007326,-0.583638
-1.884489,0.065935,-0.007326,2.166355,-0.007328,-0.578754
-1.884108,0.080587,0.075703,2.166355,0.007326,-0.578754
-1.883726,0.080587,0.114775,2.166737,0.021978,-0.583638
-1.884489,-0.036631,0.075703,2.166355,0.021978,-0.578754
-1.884871,-0.109890,0.007326,2.166355,0.007326,-0.583638
-1.885252,-0.124542,-0.085470,2.166737,0.007326,-0.583638
-1.885252,-0.051283,-0.129426,2.166355,-0.007328,-0.583638
-1.884871,0.007328,-0.095238,2.166355,0.007326,-0.583638
-1.884489,0.080587,-0.017094,2.166355,0.007326,-0.578754
-1.884108,0.080587,0.061050,2.166355,-0.007328,-0.583638
-1.883726,0.065935,0.109891,2.166355,0.021978,-0.588523
-1.884108,-0.021978,0.085470,2.166355,0.007326,-0.583638
-1.884871,-0.080585,0.021978,2.166355,-0.007328,-0.583638
-1.885252,-0.109890,-0.065934,2.166737,0.007326,-0.583638
-1.885252,-0.065933,-0.129426,2.166355,-0.007328,-0.578754
-1.884871,-0.007326,-0.105006,2.166355,0.007326,-0.583638
-1.884489,0.051285,-0.036630,2.166355,0.021978,-0.583638
-1.884108,0.065935,0.046398,2.166355,-0.021980,-0.583638
-1.883726,0.080587,0.109891,2.166355,0.021978,-0.578754
-1.884108,-0.007326,0.095239,2.166355,0.021978,-0.583638
-1.884489,-0.065933,0.031747,2.166355,0.007326,-0.583638
-1.885252,-0.124542,-0.046398,2.166355,0.007326,-0.583638
-1.885252,-0.080585,-0.124542,2.166355,0.021978,-0.588523
-1.884871,0.007328,-0.109890,2.166355,0.007326,-0.583638
-1.884489,0.051285,-0.046398,2.166355,0.007326,-0.588523
-1.884108,0.051285,0.031747,2.166355,0.007326,-0.583638
-1.883726,0.080587,0.105007,2.166355,-0.007328,-0.583638
-1.884108,0.021980,0.105007,2.166355,0.021978,-0.583638
-1.884489,-0.080585,0.051283,2.166355,0.021978,-0.583638
-1.884871,-0.124542,-0.031746,2.166355,0.021978,-0.583638
-1.885252,-0.080585,-0.114774,2.166355,0.007326,-0.583638
-1.885252,-0.007326,-0.114774,2.166355,-0.007328,-0.583638
-1.884871,0.051285,-0.056166,2.166355,0.007326,-0.588523
-1.884108,0.080587,0.021978,2.166355,0.036631,-0.588523
-1.883726,0.080587,0.095239,2.166355,-0.007328,-0.583638
-1.883726,0.051285,0.109891,2.166355,0.007326,-0.583638
-1.884489,-0.051283,0.056167,2.166737,0.021978,-0.583638
-1.884871,-0.109890,-0.017094,2.166355,0.007326,-0.578754
-1.885252,-0.095238,-0.105006,2.166355,0.007326,-0.583638
-1.885252,-0.021978,-0.119658,2.166355,0.007326,-0.588523
-1.884871,0.021980,-0.065934,2.166355,0.007326,-0.583638
-1.884489,0.051285,0.012211,2.166355,0.036631,-0.583638
-1.884108,0.095240,0.090355,2.166355,0.021978,-0.578754
-1.883726,0.051285,0.109891,2.166355,0.007326,-0.573871
-1.884489,-0.051283,0.065935,2.166355,-0.007328,-0.578754
-1.884871,-0.139194,-0.007326,2.166355,0.007326,-0.583638
-1.885252,-0.095238,-0.100122,2.166355,0.007326,-0.578754
-1.885252,-0.036631,-0.124542,2.166355,0.007326,-0.583638
-1.884871,0.036633,-0.075702,2.166355,0.007326,-0.583638
-1.884489,0.065935,-0.002442,2.166355,-0.007328,-0.583638
-1.884108,0.080587,0.080586,2.166355,0.021978,-0.583638
-1.883726,0.051285,0.114775,2.166355,0.007326,-0.583638
-1.884108,-0.051283,0.075703,2.166737,0.007326,-0.583638
-1.884871,-0.109890,0.002442,2.166355,0.007326,-0.583638
-1.885252,-0.095238,-0.085470,2.166355,0.007326,-0.583638
-1.885252,-0.051283,-0.124542,2.166355,0.007326,-0.583638
-1.884871,0.021980,-0.085470,2.166355,-0.007328,-0.588523
-1.884489,0.065935,-0.007326,2.166355,0.007326,-0.588523
-1.884108,0.080587,0.070819,2.166355,-0.007328,-0.583638
-1.883726,0.065935,0.114775,2.166355,0.021978,-0.583638
-1.884108,-0.021978,0.080586,2.166355,0.007326,-0.583638
-1.884871,-0.109890,0.012211,2.166355,0.007326,-0.583638
-1.885252,-0.109890,-0.075702,2.166737,0.021978,-0.583638
-1.885252,-0.036631,-0.124542,2.166355,-0.007328,-0.583638
-1.884871,0.021980,-0.090354,2.166355,0.021978,-0.583638
-1.884489,0.065935,-0.017094,2.166355,0.007326,-0.583638
-1.884108,0.080587,0.065935,2.166355,0.007326,-0.583638
-1.883726,0.065935,0.109891,2.166355,0.007326,-0.583638
-1.884108,-0.036631,0.085470,2.166355,0.007326,-0.583638
-1.884871,-0.095238,0.017095,2.166355,0.007326,-0.583638
-1.885252,-0.109890,-0.070818,2.166355,-0.007328,-0.583638
-1.885252,-0.051283,-0.124542,2.166355,0.007326,-0.588523
-1.884871,0.021980,-0.095238,2.166355,-0.007328,-0.588523
-1.884489,0.051285,-0.026862,2.166355,-0.021980,-0.588523
-1.884108,0.065935,0.056167,2.166355,0.007326,-0.588523
-1.883726,0.065935,0.109891,2.166355,0.036631,-0.588523
-1.884108,-0.021978,0.090355,2.166355,-0.007328,-0.583638
-1.884871,-0.080585,0.026863,2.166355,0.007326,-0.583638
-1.885252,-0.109890,-0.056166,2.166355,0.007326,-0.583638
-1.885252,-0.080585,-0.119658,2.166355,0.021978,-0.583638
-1.884871,0.007328,-0.100122,2.166355,0.007326,-0.583638
-1.884489,0.051285,-0.031746,2.166355,0.021978,-0.583638
-1.884108,0.095240,0.046398,2.166355,-0.007328,-0.583638
-1.883726,0.080587,0.105007,2.166355,0.007326,-0.588523
-1.884108,0.007328,0.090355,2.166355,0.021978,-0.588523
-1.884489,-0.080585,0.031747,2.166355,0.007326,-0.583638
-1.885252,-0.109890,-0.051282,2.166355,-0.007328,-0.578754
-1.885252,-0.080585,-0.119658,2.166355,0.007326,-0.583638
-1.885252,0.007328,-0.100122,2.166355,-0.007328,-0.583638
-1.884489,0.051285,-0.036630,2.166355,-0.007328,-0.588523
-1.884108,0.065935,0.041514,2.166355,0.007326,-0.588523
-1.883726,0.080587,0.105007,2.166355,0.007326,-0.588523
-1.884108,-0.007326,0.095239,2.166355,0.007326,-0.588523
-1.884489,-0.080585,0.036631,2.166355,0.007326,-0.583638
-1.885252,-0.124542,-0.046398,2.166355,0.021978,-0.588523
-1.885252,-0.080585,-0.119658,2.166355,0.021978,-0.588523
-1.885252,-0.007326,-0.105006,2.166355,-0.007328,-0.583638
-1.884489,0.065935,-0.041514,2.166355,-0.007328,-0.588523
-1.884108,0.080587,0.041514,2.166355,0.007326,-0.588523
-1.883726,0.080587,0.105007,2.166355,0.021978,-0.588523
-1.884108,0.021980,0.100122,2.166355,0.007326,-0.588523
-1.884489,-0.065933,0.041514,2.166355,0.021978,-0.583638
-1.885252,-0.124542,-0.041514,2.166355,0.007326,-0.578754
-1.885252,-0.095238,-0.114774,2.166355,-0.007328,-0.578754
-1.884871,-0.021978,-0.109890,2.166355,0.007326,-0.583638
-1.884489,0.036633,-0.051282,2.166355,0.021978,-0.588523
-1.884108,0.080587,0.031747,2.166355,0.021978,-0.583638
-1.884108,0.080587,0.100122,2.166355,-0.007328,-0.583638
-1.884108,0.021980,0.100122,2.166355,0.021978,-0.583638
-1.884489,-0.065933,0.041514,2.166737,0.007326,-0.583638
-1.885252,-0.124542,-0.036630,2.166355,0.007326,-0.583638
-1.885252,-0.080585,-0.114774,2.166355,0.007326,-0.583638
-1.884871,-0.021978,-0.109890,2.166355,0.007326,-0.588523
-1.884489,0.065935,-0.051282,2.166355,0.021978,-0.588523
-1.884108,0.080587,0.026863,2.166355,-0.007328,-0.583638
-1.883726,0.080587,0.095239,2.166355,-0.007328,-0.578754
-1.884108,0.007328,0.100122,2.166355,0.021978,-0.588523
-1.884489,-0.065933,0.046398,2.166355,0.007326,-0.583638
-1.884871,-0.109890,-0.031746,2.166355,0.007326,-0.583638
-1.885252,-0.080585,-0.109890,2.166737,0.007326,-0.583638
-1.885252,-0.021978,-0.114774,2.166355,-0.021980,-0.583638
-1.884871,0.036633,-0.051282,2.166355,0.007326,-0.588523
-1.884108,0.095240,0.026863,2.166355,0.021978,-0.588523
-1.884108,0.080587,0.095239,2.166355,-0.007328,-0.583638
-1.884108,0.021980,0.105007,2.166355,-0.007328,-0.583638
-1.884489,-0.065933,0.046398,2.166355,0.007326,-0.588523
-1.884871,-0.109890,-0.031746,2.166355,0.007326,-0.588523
-1.885252,-0.095238,-0.109890,2.166355,-0.007328,-0.583638
-1.885252,-0.021978,-0.114774,2.166355,0.007326,-0.588523
-1.884871,0.051285,-0.061050,2.166355,0.007326,-0.588523
-1.884108,0.080587,0.021978,2.166355,0.007326,-0.583638
-1.883726,0.095240,0.095239,2.166355,0.021978,-0.583638
-1.884108,0.021980,0.100122,2.166355,0.007326,-0.583638
-1.884489,-0.065933,0.051283,2.166355,0.021978,-0.588523
-1.884871,-0.109890,-0.026862,2.166355,-0.007328,-0.583638
-1.885252,-0.080585,-0.109890,2.166355,0.007326,-0.583638
-1.884871,-0.007326,-0.114774,2.166355,0.007326,-0.583638
-1.884871,0.051285,-0.056166,2.166355,0.007326,-0.583638
-1.884108,0.080587,0.021978,2.166355,0.007326,-0.583638
-1.884108,0.080587,0.095239,2.166355,0.021978,-0.583638
-1.883726,0.036633,0.105007,2.166355,0.007326,-0.583638
-1.884489,-0.051283,0.051283,2.166737,0.007326,-0.588523
-1.884871,-0.124542,-0.026862,2.166355,-0.007328,-0.583638
-1.885252,-0.080585,-0.109890,2.166355,-0.007328,-0.583638
-1.885252,-0.021978,-0.114774,2.166355,0.007326,-0.588523
-1.884871,0.051285,-0.061050,2.166355,0.007326,-0.588523
-1.884489,0.065935,0.021978,2.166355,-0.007328,-0.583638
-1.884108,0.080587,0.095239,2.166355,0.021978,-0.588523
-1.884108,0.021980,0.105007,2.166355,0.007326,-0.583638
-1.884489,-0.065933,0.051283,2.166355,0.007326,-0.583638
-1.884871,-0.124542,-0.026862,2.166737,0.021978,-0.588523
-1.885252,-0.095238,-0.109890,2.166355,0.007326,-0.583638
-1.885252,-0.021978,-0.114774,2.166355,0.007326,-0.583638
-1.884489,0.051285,-0.061050,2.166355,0.021978,-0.583638
-1.884108,0.080587,0.021978,2.166355,-0.007328,-0.583638
-1.884108,0.080587,0.095239,2.166355,0.007326,-0.583638
-1.883726,0.036633,0.100122,2.166355,0.007326,-0.588523
-1.884489,-0.065933,0.051283,2.166355,0.007326,-0.588523
-1.884871,-0.109890,-0.021978,2.166355,-0.007328,-0.588523
-1.885252,-0.109890,-0.105006,2.166355,-0.007328,-0.588523
-1.885252,-0.007326,-0.114774,2.166355,0.021978,-0.588523
-1.884489,0.051285,-0.056166,2.166355,-0.007328,-0.588523
-1.884108,0.065935,0.026863,2.166355,0.007326,-0.583638
-1.884108,0.080587,0.095239,2.166355,0.007326,-0.583638
-1.884108,0.021980,0.100122,2.166355,0.007326,-0.583638
-1.884489,-0.051283,0.046398,2.166355,0.007326,-0.583638
-1.884871,-0.109890,-0.026862,2.166355,0.021978,-0.583638
-1.885252,-0.095238,-0.109890,2.166355,0.021978,-0.578754
-1.885252,-0.007326,-0.114774,2.166355,0.007326,-0.578754
-1.884489,0.051285,-0.056166,2.166355,0.007326,-0.583638
-1.884108,0.080587,0.021978,2.166355,0.007326,-0.588523
-1.884108,0.065935,0.095239,2.166355,0.007326,-0.588523
-1.884108,0.021980,0.095239,2.166737,0.021978,-0.588523
-1.884489,-0.065933,0.046398,2.166355,0.007326,-0.588523
-1.884871,-0.109890,-0.031746,2.166355,0.021978,-0.583638
-1.885252,-0.095238,-0.114774,2.166355,0.007326,-0.583638
-1.884871,-0.021978,-0.114774,2.166737,-0.007328,-0.588523
-1.884871,0.051285,-0.056166,2.166355,-0.007328,-0.588523
-1.884108,0.080587,0.026863,2.166355,0.021978,-0.588523
-1.883726,0.065935,0.095239,2.166355,-0.007328,-0.588523
-1.884108,0.036633,0.100122,2.166355,0.007326,-0.583638
-1.884489,-0.065933,0.046398,2.166355,0.007326,-0.583638
-1.884871,-0.124542,-0.031746,2.166737,0.021978,-0.583638
-1.885252,-0.095238,-0.114774,2.166355,0.007326,-0.578754
-1.885252,-0.036631,-0.109890,2.166355,0.007326,-0.583638
-1.884489,0.051285,-0.051282,2.166355,0.007326,-0.588523
-1.884108,0.080587,0.026863,2.166737,0.021978,-0.583638
-1.883726,0.080587,0.095239,2.166355,0.007326,-0.578754
-1.884108,0.007328,0.100122,2.166355,0.007326,-0.583638
-1.884489,-0.080585,0.041514,2.166355,0.007326,-0.583638
-1.885252,-0.109890,-0.036630,2.166355,0.007326,-0.583638
-1.885252,-0.080585,-0.114774,2.166355,0.007326,-0.583638
-1.884871,-0.007326,-0.105006,2.166355,-0.007328,-0.583638
-1.884489,0.051285,-0.041514,2.166355,-0.007328,-0.588523
-1.884108,0.065935,0.036631,2.166355,0.007326,-0.583638
-1.884108,0.080587,0.100122,2.166355,0.021978,-0.588523
-1.884108,0.021980,0.095239,2.166355,0.021978,-0.588523
-1.884489,-0.095238,0.036631,2.166355,-0.007328,-0.578754
-1.885252,-0.139194,-0.046398,2.166355,-0.007328,-0.583638
-1.885252,-0.080585,-0.114774,2.166355,0.007326,-0.593407
-1.884871,-0.007326,-0.105006,2.166355,0.036631,-0.593407
-1.884489,0.051285,-0.036630,2.166355,0.007326,-0.588523
-1.884108,0.065935,0.036631,2.166355,0.007326,-0.588523
-1.883726,0.080587,0.100122,2.166355,0.007326,-0.583638
-1.884108,-0.007326,0.090355,2.166355,0.007326,-0.583638
-1.884489,-0.095238,0.031747,2.166737,0.007326,-0.583638
-1.885252,-0.109890,-0.051282,2.166355,0.007326,-0.583638
-1.885252,-0.095238,-0.119658,2.166355,0.007326,-0.583638
-1.884871,0.036633,-0.100122,2.166355,0.007326,-0.588523
-1.884489,0.065935,-0.036630,2.166355,0.021978,-0.593407
-1.884108,0.080587,0.046398,2.166355,0.007326,-0.593407
-1.883726,0.065935,0.100122,2.166355,0.021978,-0.588523
-1.884108,0.007328,0.090355,2.166737,0.021978,-0.588523
-1.884871,-0.080585,0.026863,2.166355,0.007326,-0.583638
-1.885252,-0.109890,-0.061050,2.166355,0.007326,-0.578754
-1.885252,-0.065933,-0.119658,2.166355,0.007326,-0.583638
-1.884871,0.007328,-0.100122,2.166355,0.007326,-0.583638
-1.884489,0.065935,-0.031746,2.166355,0.021978,-0.588523
-1.884108,0.080587,0.051283,2.166355,0.007326,-0.583638
-1.883726,0.080587,0.105007,2.166355,0.007326,-0.588523
-1.884108,-0.021978,0.085470,2.166355,0.021978,-0.588523
-1.884871,-0.095238,0.017095,2.166355,0.007326,-0.588523
-1.885252,-0.109890,-0.065934,2.166355,0.007326,-0.583638
-1.885252,-0.065933,-0.119658,2.166355,-0.007328,-0.588523
-1.884871,0.021980,-0.090354,2.166355,0.007326,-0.593407
-1.884489,0.080587,-0.021978,2.166355,0.007326,-0.593407
-1.884108,0.080587,0.061050,2.166355,0.021978,-0.588523
-1.883726,0.080587,0.105007,2.166355,0.021978,-0.588523
-1.884108,-0.021978,0.080586,2.166355,0.007326,-0.583638
-1.884871,-0.095238,0.012211,2.166355,0.007326,-0.588523
-1.885252,-0.109890,-0.075702,2.166355,0.007326,-0.588523
-1.885252,-0.051283,-0.119658,2.166355,0.007326,-0.588523
-1.884871,0.021980,-0.085470,2.166355,0.007326,-0.588523
-1.884489,0.051285,-0.012210,2.166355,-0.007328,-0.588523
-1.884108,0.095240,0.070819,2.166355,0.007326,-0.588523
-1.883726,0.051285,0.105007,2.166737,-0.007328,-0.583638
-1.884108,-0.036631,0.075703,2.166355,-0.007328,-0.588523
-1.884871,-0.109890,0.007326,2.166355,-0.007328,-0.588523
-1.885252,-0.095238,-0.085470,2.166355,-0.007328,-0.588523
-1.885252,-0.036631,-0.119658,2.166355,0.021978,-0.593407
-1.884871,0.021980,-0.080586,2.166355,-0.007328,-0.588523
-1.884489,0.080587,-0.002442,2.166355,-0.007328,-0.588523
-1.884108,0.080587,0.075703,2.166355,0.007326,-0.588523
-1.884108,0.051285,0.105007,2.166355,0.007326,-0.588523
-1.884489,-0.051283,0.065935,2.166355,-0.007328,-0.588523
-1.884871,-0.109890,-0.007326,2.166355,0.007326,-0.588523
-1.885252,-0.095238,-0.095238,2.166355,-0.007328,-0.583638
-1.885252,-0.036631,-0.114774,2.166355,0.007326,-0.588523
-1.884871,0.036633,-0.065934,2.166355,-0.007328,-0.588523
-1.884489,0.065935,0.007326,2.166355,0.007326,-0.583638
-1.884108,0.095240,0.085470,2.166355,0.007326,-0.583638
-1.883726,0.036633,0.105007,2.166355,-0.007328,-0.588523
-1.884489,-0.051283,0.061050,2.166355,0.007326,-0.588523
-1.884871,-0.109890,-0.017094,2.166355,0.007326,-0.583638
-1.885252,-0.109890,-0.105006,2.166355,0.007326,-0.583638
-1.885252,-0.021978,-0.114774,2.166737,0.007326,-0.583638
-1.884871,0.065935,-0.061050,2.166355,-0.007328,-0.583638
-1.884108,0.080587,0.017095,2.166355,-0.007328,-0.588523
-1.883726,0.080587,0.090355,2.166355,-0.007328,-0.588523
-1.883726,0.036633,0.100122,2.166355,0.007326,-0.588523
-1.884489,-0.051283,0.046398,2.166355,0.007326,-0.588523
-1.884871,-0.109890,-0.026862,2.166355,-0.007328,-0.583638
-1.885252,-0.080585,-0.109890,2.166355,0.007326,-0.583638
-1.885252,-0.007326,-0.109890,2.166355,0.007326,-0.588523
-1.884489,0.051285,-0.051282,2.166355,-0.007328,-0.588523
-1.884489,0.065935,0.026863,2.166355,0.021978,-0.588523
-1.884108,0.080587,0.095239,2.166355,0.007326,-0.588523
-1.884108,-0.007326,0.095239,2.166355,0.007326,-0.583638
-1.884489,-0.065933,0.036631,2.166355,-0.007328,-0.583638
-1.884871,-0.109890,-0.041514,2.166355,0.021978,-0.583638
-1.885252,-0.080585,-0.114774,2.166355,0.007326,-0.583638
-1.884871,0.007328,-0.105006,2.166355,0.007326,-0.578754
-1.884871,0.036633,-0.036630,2.166355,0.007326,-0.578754
-1.884489,0.065935,0.041514,2.166355,0.021978,-0.583638
-1.884108,0.065935,0.100122,2.166355,0.007326,-0.588523
-1.884108,0.007328,0.085470,2.166355,0.007326,-0.583638
-1.884489,-0.080585,0.026863,2.166737,0.021978,-0.583638
-1.885252,-0.109890,-0.056166,2.166355,-0.007328,-0.583638
-1.885252,-0.051283,-0.119658,2.166355,0.007326,-0.583638
-1.884871,-0.007326,-0.095238,2.166355,0.007326,-0.583638
-1.884489,0.051285,-0.026862,2.166355,-0.007328,-0.583638
-1.884108,0.095240,0.051283,2.166355,0.007326,-0.593407
-1.884108,0.065935,0.105007,2.166737,0.007326,-0.588523
-1.884108,-0.021978,0.080586,2.166355,0.007326,-0.583638
-1.884871,-0.095238,0.012211,2.166737,0.007326,-0.588523
-1.885252,-0.124542,-0.075702,2.166355,-0.007328,-0.588523
-1.885252,-0.065933,-0.119658,2.166737,0.021978,-0.588523
-1.884871,0.021980,-0.090354,2.166355,-0.007328,-0.588523
-1.884489,0.080587,-0.012210,2.166355,-0.007328,-0.588523
-1.884108,0.080587,0.065935,2.166355,0.021978,-0.593407
-1.884108,0.065935,0.105007,2.166355,0.021978,-0.588523
-1.884108,-0.036631,0.075703,2.166355,0.007326,-0.583638
-1.884871,-0.109890,0.002442,2.166355,0.007326,-0.583638
-1.885252,-0.109890,-0.085470,2.166355,0.007326,-0.583638
-1.885252,-0.051283,-0.119658,2.166355,0.007326,-0.583638
-1.884871,0.036633,-0.075702,2.166355,0.007326,-0.583638
-1.884489,0.065935,-0.002442,2.166355,-0.007328,-0.583638
-1.884108,0.065935,0.080586,2.166355,0.007326,-0.588523
-1.883726,0.051285,0.105007,2.166355,0.021978,-0.588523
-1.884489,-0.051283,0.061050,2.166355,0.007326,-0.583638
-1.884871,-0.109890,-0.012210,2.166355,0.007326,-0.583638
-1.885252,-0.095238,-0.095238,2.166355,0.007326,-0.588523
-1.885252,-0.021978,-0.114774,2.166737,0.007326,-0.583638
-1.884871,0.051285,-0.061050,2.166355,0.007326,-0.583638
-1.884489,0.080587,0.017095,2.166355,0.007326,-0.583638
-1.884108,0.080587,0.090355,2.166355,0.007326,-0.588523
-1.884108,0.021980,0.100122,2.166355,0.021978,-0.588523
-1.884489,-0.065933,0.046398,2.166355,0.007326,-0.583638
-1.885252,-0.139194,-0.031746,2.166355,0.007326,-0.583638
-1.885252,-0.095238,-0.109890,2.166355,0.021978,-0.588523
-1.885252,-0.021978,-0.105006,2.166355,0.007326,-0.588523
-1.884489,0.051285,-0.046398,2.166355,0.007326,-0.588523
-1.884108,0.080587,0.031747,2.166355,0.007326,-0.588523
-1.883726,0.080587,0.095239,2.166355,-0.007328,-0.583638
-1.884108,0.007328,0.095239,2.166355,0.021978,-0.588523
-1.884489,-0.080585,0.036631,2.166355,-0.007328,-0.583638
-1.885252,-0.109890,-0.046398,2.166355,0.007326,-0.588523
-1.885252,-0.065933,-0.114774,2.166355,0.007326,-0.588523
-1.884871,0.021980,-0.100122,2.166355,0.007326,-0.583638
-1.884489,0.051285,-0.031746,2.166355,-0.007328,-0.583638
-1.884108,0.065935,0.046398,2.166737,0.007326,-0.588523
-1.883726,0.080587,0.100122,2.166355,0.007326,-0.588523
-1.884108,-0.007326,0.080586,2.166355,0.036631,-0.583638
-1.884871,-0.080585,0.017095,2.166355,0.007326,-0.583638
-1.885252,-0.109890,-0.065934,2.166355,0.007326,-0.578754
-1.885252,-0.065933,-0.119658,2.166355,0.007326,-0.583638
-1.884871,0.021980,-0.085470,2.166355,0.007326,-0.583638
-1.884489,0.065935,-0.017094,2.166737,0.021978,-0.588523
-1.884108,0.065935,0.061050,2.166355,0.021978,-0.588523
-1.883726,0.065935,0.100122,2.166355,0.007326,-0.588523
-1.884108,-0.036631,0.070819,2.166355,-0.007328,-0.588523
-1.884871,-0.095238,0.002442,2.166737,0.007326,-0.588523
-1.885252,-0.109890,-0.085470,2.166355,-0.007328,-0.588523
-1.885252,-0.036631,-0.119658,2.166355,-0.007328,-0.588523
-1.884871,0.036633,-0.070818,2.166355,0.007326,-0.588523
-1.884489,0.080587,0.002442,2.166355,0.007326,-0.588523
-1.884108,0.080587,0.080586,2.166355,0.007326,-0.588523
-1.884108,0.036633,0.100122,2.166737,0.021978,-0.588523
-1.884489,-0.065933,0.056167,2.166355,0.007326,-0.583638
-1.884871,-0.109890,-0.017094,2.166355,0.007326,-0.583638
-1.885252,-0.109890,-0.100122,2.166355,0.007326,-0.583638
-1.885252,-0.007326,-0.109890,2.166355,0.021978,-0.588523
-1.884871,0.036633,-0.056166,2.166355,-0.007328,-0.588523
-1.884489,0.080587,0.021978,2.166355,-0.007328,-0.588523
-1.884108,0.080587,0.090355,2.166355,0.007326,-0.593407
-1.884108,0.021980,0.095239,2.166355,0.021978,-0.588523
-1.884489,-0.065933,0.036631,2.166355,-0.007328,-0.578754
-1.885252,-0.124542,-0.041514,2.166355,0.007326,-0.583638
-1.885252,-0.065933,-0.109890,2.166355,0.007326,-0.588523
-1.884871,-0.007326,-0.100122,2.166355,0.007326,-0.588523
-1.884489,0.051285,-0.036630,2.166355,0.007326,-0.588523
-1.884108,0.080587,0.046398,2.166355,0.007326,-0.588523
-1.883726,0.065935,0.100122,2.166737,0.021978,-0.593407
-1.884108,-0.007326,0.085470,2.166355,0.007326,-0.593407
-1.884871,-0.095238,0.021978,2.166355,0.021978,-0.588523
-1.885252,-0.109890,-0.061050,2.166355,-0.007328,-0.588523
-1.885252,-0.065933,-0.114774,2.166355,0.021978,-0.588523
-1.884871,0.036633,-0.085470,2.166355,0.007326,-0.583638
-1.884489,0.065935,-0.017094,2.166355,0.007326,-0.583638
-1.884108,0.080587,0.061050,2.166355,0.007326,-0.588523
-1.883726,0.065935,0.105007,2.166355,0.007326,-0.588523
-1.884108,-0.036631,0.070819,2.166355,0.007326,-0.588523
-1.884871,-0.109890,0.002442,2.166355,0.036631,-0.588523
-1.885252,-0.124542,-0.080586,2.166737,0.007326,-0.583638
-1.885252,-0.036631,-0.114774,2.166355,0.007326,-0.583638
-1.884871,0.051285,-0.070818,2.166355,0.021978,-0.588523
-1.884489,0.080587,0.007326,2.166355,0.007326,-0.583638
-1.884108,0.080587,0.080586,2.166355,-0.007328,-0.583638
-1.884108,0.036633,0.100122,2.166355,-0.007328,-0.583638
-1.884489,-0.036631,0.056167,2.166355,0.007326,-0.588523
-1.884871,-0.109890,-0.017094,2.166355,-0.007328,-0.588523
-1.885252,-0.109890,-0.100122,2.166355,0.007326,-0.588523
-1.885252,-0.021978,-0.109890,2.166355,-0.007328,-0.588523
-1.884871,0.051285,-0.051282,2.166355,0.007326,-0.588523
-1.884108,0.080587,0.026863,2.166355,0.007326,-0.588523
-1.884108,0.065935,0.095239,2.166355,0.007326,-0.588523
-1.884108,0.021980,0.095239,2.166737,0.021978,-0.588523
-1.884489,-0.065933,0.036631,2.166355,0.021978,-0.588523
-1.885252,-0.124542,-0.046398,2.166737,0.007326,-0.583638
-1.885252,-0.080585,-0.114774,2.166355,0.007326,-0.583638
-1.884871,0.007328,-0.100122,2.166355,0.007326,-0.588523
-1.884489,0.051285,-0.031746,2.166355,-0.007328,-0.588523
-1.884108,0.080587,0.051283,2.166355,0.007326,-0.588523
-1.883726,0.080587,0.100122,2.166355,-0.007328,-0.583638
-1.884108,-0.007326,0.080586,2.166355,0.007326,-0.583638
-1.884871,-0.095238,0.017095,2.166355,0.007326,-0.583638
-1.885252,-0.109890,-0.070818,2.166355,0.021978,-0.583638
-1.885252,-0.051283,-0.114774,2.166355,-0.007328,-0.583638
-1.884871,0.021980,-0.080586,2.166355,0.007326,-0.588523
-1.884489,0.051285,-0.007326,2.166355,-0.007328,-0.588523
-1.884108,0.095240,0.070819,2.166355,0.007326,-0.588523
-1.883726,0.051285,0.100122,2.166355,0.007326,-0.593407
-1.884489,-0.051283,0.065935,2.166355,0.007326,-0.588523
-1.884871,-0.109890,-0.007326,2.166355,0.007326,-0.583638
-1.885252,-0.109890,-0.090354,2.166355,0.021978,-0.583638
-1.885252,-0.036631,-0.114774,2.166355,-0.007328,-0.583638
-1.884871,0.036633,-0.065934,2.166355,0.007326,-0.583638
-1.884108,0.080587,0.012211,2.166355,0.007326,-0.583638
-1.883726,0.095240,0.085470,2.166355,0.021978,-0.588523
-1.884108,0.036633,0.095239,2.166737,0.007326,-0.588523
-1.884489,-0.051283,0.041514,2.166355,-0.007328,-0.583638
-1.884871,-0.109890,-0.031746,2.166355,0.007326,-0.588523
-1.885252,-0.095238,-0.105006,2.166355,0.007326,-0.588523
-1.884871,0.007328,-0.100122,2.166355,0.021978,-0.588523
-1.884871,0.036633,-0.036630,2.166355,-0.007328,-0.583638
-1.884108,0.065935,0.041514,2.166355,0.007326,-0.583638
-1.883726,0.080587,0.095239,2.166355,0.007326,-0.588523
-1.884108,-0.007326,0.085470,2.166355,0.021978,-0.588523
-1.884489,-0.080585,0.021978,2.166355,0.021978,-0.583638
-1.885252,-0.124542,-0.061050,2.166355,0.007326,-0.583638
-1.885252,-0.065933,-0.114774,2.166737,0.007326,-0.583638
-1.884871,0.021980,-0.090354,2.166355,0.007326,-0.583638
-1.884489,0.065935,-0.017094,2.166737,0.007326,-0.583638
-1.884108,0.095240,0.061050,2.166355,0.021978,-0.583638
-1.883726,0.051285,0.100122,2.166355,0.021978,-0.583638
-1.884108,-0.036631,0.065935,2.166737,0.007326,-0.588523
-1.884871,-0.124542,-0.002442,2.166355,0.007326,-0.583638
-1.885252,-0.095238,-0.085470,2.166355,0.007326,-0.583638
-1.884871,-0.021978,-0.114774,2.166737,0.007326,-0.583638
-1.884871,0.051285,-0.070818,2.166355,-0.007328,-0.583638
-1.884489,0.065935,0.007326,2.166355,-0.007328,-0.583638
-1.884108,0.095240,0.080586,2.166355,-0.007328,-0.588523
-1.884108,0.021980,0.095239,2.166355,0.007326,-0.588523
-1.884489,-0.065933,0.046398,2.166355,-0.007328,-0.588523
-1.884871,-0.124542,-0.026862,2.166355,0.007326,-0.588523
-1.885252,-0.080585,-0.105006,2.166355,0.007326,-0.588523
-1.884871,-0.021978,-0.100122,2.166737,0.007326,-0.588523
-1.884489,0.051285,-0.041514,2.166355,-0.007328,-0.583638
-1.884108,0.095240,0.036631,2.166355,0.007326,-0.588523
-1.883726,0.065935,0.095239,2.166355,-0.021980,-0.583638
-1.884108,0.007328,0.085470,2.166355,0.007326,-0.583638
-1.884489,-0.065933,0.021978,2.166737,0.007326,-0.588523
-1.885252,-0.109890,-0.061050,2.166355,0.007326,-0.583638
-1.885252,-0.065933,-0.114774,2.166355,0.007326,-0.583638
-1.884871,0.021980,-0.085470,2.166355,-0.007328,-0.583638
-1.884489,0.065935,-0.012210,2.166355,-0.007328,-0.583638
-1.884108,0.080587,0.065935,2.166355,0.007326,-0.588523
-1.884108,0.051285,0.100122,2.166355,0.007326,-0.588523
-1.884108,-0.036631,0.065935,2.166737,0.007326,-0.588523
-1.884871,-0.124542,-0.002442,2.166355,0.007326,-0.588523
-1.885252,-0.095238,-0.090354,2.166355,0.007326,-0.583638
-1.885252,-0.036631,-0.114774,2.166355,-0.007328,-0.588523
-1.884871,0.051285,-0.065934,2.166737,0.021978,-0.588523
-1.884108,0.080587,0.012211,2.166355,0.007326,-0.588523
-1.884108,0.080587,0.085470,2.166737,0.021978,-0.583638
-1.884108,0.036633,0.095239,2.166737,0.021978,-0.583638
-1.884489,-0.080585,0.046398,2.166737,-0.007328,-0.583638
-1.885252,-0.109890,-0.031746,2.166355,0.007326,-0.583638
-1.885252,-0.080585,-0.105006,2.166355,0.007326,-0.583638
-1.884871,-0.007326,-0.100122,2.166355,-0.007328,-0.583638
-1.884489,0.065935,-0.036630,2.166355,0.007326,-0.583638
-1.884108,0.065935,0.041514,2.166355,0.021978,-0.583638
-1.883726,0.065935,0.095239,2.166355,0.007326,-0.588523
-1.884108,-0.007326,0.080586,2.166737,0.007326,-0.588523
-1.884871,-0.080585,0.017095,2.166355,0.007326,-0.588523
-1.885252,-0.124542,-0.065934,2.166355,-0.007328,-0.583638
-1.885252,-0.065933,-0.114774,2.166355,0.007326,-0.588523
-1.884871,0.021980,-0.085470,2.166355,0.021978,-0.588523
-1.884489,0.080587,-0.012210,2.166355,-0.007328,-0.588523
-1.884108,0.080587,0.065935,2.166355,0.021978,-0.588523
-1.884108,0.051285,0.100122,2.166355,-0.007328,-0.588523
-1.884489,-0.021978,0.061050,2.166355,0.007326,-0.588523
-1.884871,-0.095238,-0.012210,2.166355,0.007326,-0.588523
-1.885252,-0.109890,-0.090354,2.166355,0.007326,-0.588523
-1.885252,-0.021978,-0.105006,2.166355,-0.007328,-0.588523
-1.884871,0.036633,-0.056166,2.166737,0.021978,-0.588523
-1.884489,0.065935,0.021978,2.166355,0.007326,-0.583638
-1.884108,0.080587,0.085470,2.166355,0.007326,-0.588523
-1.884108,0.021980,0.090355,2.166355,0.021978,-0.588523
-1.884489,-0.080585,0.036631,2.166355,0.007326,-0.583638
-1.885252,-0.124542,-0.046398,2.166355,0.007326,-0.583638
-1.885252,-0.065933,-0.109890,2.166355,0.007326,-0.588523
-1.884871,0.007328,-0.090354,2.166355,0.007326,-0.588523
-1.884489,0.051285,-0.026862,2.166355,-0.007328,-0.588523
-1.884108,0.080587,0.051283,2.166355,0.007326,-0.583638
-1.884108,0.080587,0.100122,2.166355,0.007326,-0.583638
-1.884108,-0.021978,0.075703,2.166355,0.007326,-0.583638
-1.884871,-0.109890,0.007326,2.166355,0.007326,-0.588523
-1.885252,-0.109890,-0.080586,2.166355,0.007326,-0.588523
-1.885252,-0.051283,-0.114774,2.166355,0.007326,-0.588523
-1.884871,0.036633,-0.075702,2.166737,0.007326,-0.583638
-1.884489,0.080587,0.002442,2.166737,0.007326,-0.583638
-1.884108,0.080587,0.075703,2.166355,0.007326,-0.583638
-1.884108,0.036633,0.095239,2.166355,0.007326,-0.588523
-1.884489,-0.051283,0.046398,2.166737,0.007326,-0.588523
-1.884871,-0.109890,-0.021978,2.166355,0.007326,-0.588523
-1.885252,-0.080585,-0.105006,2.166355,0.007326,-0.583638
-1.885252,-0.021978,-0.105006,2.166355,0.021978,-0.588523
-1.884489,0.051285,-0.041514,2.166355,0.007326,-0.583638
-1.884108,0.080587,0.036631,2.166355,0.007326,-0.578754
-1.883726,0.080587,0.095239,2.166355,0.021978,-0.578754
-1.884108,-0.007326,0.085470,2.166355,0.021978,-0.583638
-1.884871,-0.080585,0.021978,2.166737,0.021978,-0.583638
-1.885252,-0.109890,-0.061050,2.166355,-0.007328,-0.583638
-1.885252,-0.065933,-0.114774,2.166355,-0.007328,-0.583638
-1.884871,0.036633,-0.085470,2.166355,-0.007328,-0.583638
-1.884489,0.051285,-0.012210,2.166355,0.021978,-0.588523
-1.884108,0.080587,0.065935,2.166355,0.007326,-0.583638
-1.884108,0.051285,0.100122,2.166355,-0.007328,-0.583638
-1.884489,-0.021978,0.061050,2.166355,0.007326,-0.583638
-1.884871,-0.124542,-0.007326,2.166355,0.007326,-0.588523
-1.885252,-0.109890,-0.090354,2.166355,0.007326,-0.588523
-1.885252,-0.021978,-0.109890,2.166355,0.007326,-0.588523
-1.884489,0.051285,-0.056166,2.166355,0.007326,-0.588523
-1.884489,0.080587,0.021978,2.166355,-0.007328,-0.588523
-1.883726,0.095240,0.090355,2.166355,0.021978,-0.588523
-1.884108,0.007328,0.085470,2.166355,-0.007328,-0.588523
-1.884489,-0.080585,0.031747,2.166355,0.007326,-0.583638
-1.885252,-0.109890,-0.046398,2.166355,0.021978,-0.583638
-1.885252,-0.080585,-0.109890,2.166355,0.021978,-0.583638
-1.884871,0.007328,-0.090354,2.166355,0.007326,-0.578754
-1.884489,0.065935,-0.026862,2.166355,-0.007328,-0.578754
-1.884108,0.095240,0.056167,2.166355,0.007326,-0.583638
-1.883726,0.051285,0.095239,2.166355,0.007326,-0.583638
-1.884108,-0.021978,0.070819,2.166355,-0.007328,-0.578754
-1.884871,-0.109890,0.002442,2.166355,0.021978,-0.583638
-1.885252,-0.109890,-0.080586,2.166355,-0.007328,-0.578754
-1.885252,-0.036631,-0.109890,2.166355,0.021978,-0.583638
-1.884871,0.051285,-0.065934,2.166355,-0.007328,-0.583638
-1.884489,0.080587,0.012211,2.166355,0.007326,-0.578754
-1.884108,0.080587,0.085470,2.166355,0.007326,-0.583638
-1.884108,0.036633,0.095239,2.166355,-0.007328,-0.578754
-1.884489,-0.051283,0.036631,2.166355,0.007326,-0.583638
-1.885252,-0.109890,-0.031746,2.166355,0.007326,-0.583638
-1.885252,-0.109890,-0.105006,2.166355,0.021978,-0.583638
-1.884871,0.007328,-0.095238,2.166355,0.007326,-0.583638
-1.884489,0.036633,-0.031746,2.166355,0.007326,-0.583638
-1.884108,0.065935,0.051283,2.166737,0.021978,-0.583638
-1.883726,0.065935,0.100122,2.166355,0.007326,-0.578754
-1.884108,-0.021978,0.075703,2.166355,0.007326,-0.578754
-1.884871,-0.109890,0.012211,2.166355,0.021978,-0.583638
-1.885252,-0.109890,-0.075702,2.166355,0.007326,-0.578754
-1.885252,-0.051283,-0.109890,2.166355,0.007326,-0.583638
-1.884871,0.036633,-0.070818,2.166355,-0.007328,-0.583638
-1.884489,0.065935,0.002442,2.166355,0.021978,-0.583638
-1.884108,0.080587,0.075703,2.166355,0.021978,-0.583638
-1.884108,0.036633,0.095239,2.166737,0.021978,-0.583638
-1.884489,-0.051283,0.046398,2.166355,-0.007328,-0.578754
-1.884871,-0.124542,-0.026862,2.166355,-0.007328,-0.583638
-1.885252,-0.080585,-0.100122,2.166737,0.007326,-0.583638
-1.884871,-0.007326,-0.100122,2.166355,-0.007328,-0.583638
-1.884489,0.051285,-0.036630,2.166737,0.007326,-0.588523
-1.884108,0.095240,0.041514,2.166355,-0.007328,-0.583638
-1.884108,0.065935,0.095239,2.166355,0.021978,-0.583638
-1.884108,-0.007326,0.080586,2.166355,0.007326,-0.583638
-1.884871,-0.080585,0.017095,2.166737,0.007326,-0.578754
-1.885252,-0.109890,-0.065934,2.166355,0.007326,-0.583638
-1.885252,-0.051283,-0.109890,2.166737,-0.007328,-0.583638
-1.884871,0.051285,-0.075702,2.166355,-0.021980,-0.583638
-1.884489,0.051285,-0.002442,2.166355,0.007326,-0.583638
-1.884108,0.080587,0.075703,2.166355,-0.007328,-0.583638
-1.884108,0.036633,0.095239,2.166355,0.021978,-0.583638
-1.884489,-0.051283,0.051283,2.166355,0.007326,-0.583638
-1.884871,-0.124542,-0.021978,2.166737,0.007326,-0.583638
-1.885252,-0.095238,-0.100122,2.166737,0.007326,-0.583638
-1.884871,0.007328,-0.100122,2.166355,0.007326,-0.583638
-1.884489,0.036633,-0.041514,2.166355,0.007326,-0.578754
-1.884108,0.080587,0.036631,2.166355,0.021978,-0.583638
-1.884108,0.065935,0.095239,2.166355,0.007326,-0.583638
-1.884108,-0.007326,0.080586,2.166737,0.021978,-0.583638
-1.884489,-0.095238,0.017095,2.166737,-0.007328,-0.583638
-1.885252,-0.124542,-0.065934,2.166355,-0.007328,-0.578754
-1.885252,-0.065933,-0.109890,2.166355,0.021978,-0.588523
-1.884871,0.036633,-0.075702,2.166355,0.007326,-0.588523
-1.884489,0.065935,-0.002442,2.166355,0.007326,-0.583638
-1.884108,0.080587,0.070819,2.166355,0.007326,-0.583638
-1.884108,0.036633,0.095239,2.166355,0.021978,-0.583638
-1.884489,-0.051283,0.056167,2.166355,0.007326,-0.583638
-1.884871,-0.095238,-0.017094,2.166355,0.021978,-0.578754
-1.885252,-0.095238,-0.100122,2.166355,0.007326,-0.578754
-1.884871,-0.007326,-0.100122,2.166355,0.007326,-0.588523
-1.884871,0.051285,-0.041514,2.166355,0.007326,-0.583638
-1.884108,0.080587,0.036631,2.166355,-0.007328,-0.583638
-1.884108,0.080587,0.090355,2.166355,0.007326,-0.583638
-1.884108,-0.007326,0.080586,2.166355,0.007326,-0.578754
-1.884489,-0.080585,0.017095,2.166355,0.021978,-0.583638
-1.885252,-0.124542,-0.061050,2.166355,0.007326,-0.578754
-1.885252,-0.051283,-0.114774,2.166737,0.007326,-0.583638
-1.884871,0.021980,-0.080586,2.166355,0.007326,-0.583638
-1.884489,0.080587,-0.007326,2.166355,-0.007328,-0.583638
-1.884108,0.080587,0.070819,2.166355,0.007326,-0.583638
-1.884108,0.036633,0.095239,2.166355,0.007326,-0.583638
-1.884489,-0.051283,0.051283,2.166737,0.007326,-0.583638
-1.884871,-0.124542,-0.021978,2.166737,0.021978,-0.583638
-1.885252,-0.095238,-0.100122,2.166355,-0.007328,-0.583638
-1.884871,-0.007326,-0.100122,2.166355,0.021978,-0.583638
-1.884871,0.051285,-0.041514,2.166355,0.007326,-0.583638
-1.884108,0.080587,0.036631,2.166737,-0.007328,-0.578754
-1.884108,0.065935,0.090355,2.166355,0.007326,-0.583638
-1.884108,-0.007326,0.075703,2.166355,0.007326,-0.583638
-1.884871,-0.080585,0.012211,2.166355,-0.007328,-0.578754
-1.885252,-0.109890,-0.065934,2.166737,0.007326,-0.583638
-1.885252,-0.051283,-0.109890,2.166355,0.007326,-0.578754
-1.884871,0.021980,-0.075702,2.166355,0.007326,-0.583638
-1.884489,0.065935,-0.002442,2.166355,0.007326,-0.583638
-1.884108,0.080587,0.070819,2.166355,0.007326,-0.583638
-1.884108,0.036633,0.095239,2.166355,0.007326,-0.583638
-1.884489,-0.036631,0.046398,2.166355,0.021978,-0.583638
-1.884871,-0.109890,-0.026862,2.166355,0.007326,-0.578754
-1.885252,-0.095238,-0.100122,2.166355,0.021978,-0.578754
-1.884871,-0.007326,-0.100122,2.166355,0.007326,-0.578754
-1.884489,0.051285,-0.036630,2.166355,0.007326,-0.578754
-1.884108,0.080587,0.041514,2.166355,0.007326,-0.578754
-1.884108,0.065935,0.095239,2.166355,0.021978,-0.583638
-1.884108,0.007328,0.075703,2.166355,0.007326,-0.578754
-1.884871,-0.095238,0.012211,2.166355,0.021978,-0.578754
-1.885252,-0.109890,-0.065934,2.166355,0.007326,-0.578754
-1.885252,-0.036631,-0.109890,2.166355,0.007326,-0.578754
-1.884871,0.036633,-0.070818,2.166355,0.007326,-0.583638
-1.884489,0.065935,0.002442,2.166737,0.021978,-0.588523
-1.884108,0.065935,0.075703,2.166355,-0.007328,-0.583638
-1.884108,0.021980,0.095239,2.166737,0.007326,-0.583638
-1.884489,-0.065933,0.046398,2.166355,0.021978,-0.583638
-1.884871,-0.139194,-0.026862,2.166355,0.021978,-0.578754
-1.885252,-0.109890,-0.100122,2.166355,-0.007328,-0.578754
-1.885252,-0.007326,-0.095238,2.166355,-0.007328,-0.578754
-1.884489,0.065935,-0.031746,2.166355,0.007326,-0.583638
-1.884108,0.095240,0.046398,2.166355,0.007326,-0.583638
-1.883726,0.065935,0.095239,2.166355,0.007326,-0.578754
-1.884108,-0.007326,0.070819,2.166355,0.007326,-0.583638
-1.884871,-0.080585,0.007326,2.166355,0.021978,-0.578754
-1.885252,-0.124542,-0.075702,2.166355,0.007326,-0.578754
-1.885252,-0.051283,-0.109890,2.166737,-0.007328,-0.583638
-1.884871,0.036633,-0.065934,2.166355,0.007326,-0.578754
-1.884489,0.080587,0.007326,2.166355,0.007326,-0.583638
-1.884108,0.095240,0.080586,2.166355,-0.007328,-0.583638
-1.884108,0.021980,0.090355,2.166355,0.007326,-0.583638
-1.884489,-0.065933,0.036631,2.166355,0.021978,-0.583638
-1.885252,-0.109890,-0.041514,2.166355,0.007326,-0.583638
-1.885252,-0.080585,-0.105006,2.166355,0.007326,-0.583638
-1.884871,-0.007326,-0.090354,2.166355,0.007326,-0.583638
-1.884489,0.051285,-0.021978,2.166737,0.007326,-0.583638
-1.884108,0.080587,0.051283,2.166355,0.007326,-0.578754
-1.884108,0.065935,0.095239,2.166355,0.007326,-0.578754
-1.884108,-0.036631,0.065935,2.166355,0.007326,-0.578754
-1.884871,-0.109890,-0.002442,2.166355,-0.007328,-0.578754
-1.885252,-0.109890,-0.085470,2.166355,0.007326,-0.578754
-1.885252,-0.036631,-0.109890,2.166355,0.007326,-0.583638
-1.884871,0.051285,-0.056166,2.166355,-0.007328,-0.578754
-1.884108,0.095240,0.021978,2.166355,-0.007328,-0.578754
-1.884108,0.095240,0.085470,2.166355,0.007326,-0.583638
-1.884108,0.007328,0.080586,2.166355,0.021978,-0.578754
-1.884489,-0.065933,0.026863,2.166355,0.021978,-0.578754
-1.885252,-0.109890,-0.051282,2.166355,0.007326,-0.573871
-1.885252,-0.080585,-0.109890,2.166355,0.007326,-0.573871
-1.884871,0.021980,-0.080586,2.166355,-0.007328,-0.573871
-1.884489,0.051285,-0.012210,2.166355,0.021978,-0.578754
-1.884108,0.080587,0.065935,2.166355,0.007326,-0.578754
-1.884108,0.051285,0.095239,2.166355,0.021978,-0.578754
-1.884489,-0.051283,0.056167,2.166355,0.007326,-0.578754
-1.884871,-0.109890,-0.017094,2.166737,0.021978,-0.578754
-1.885252,-0.095238,-0.090354,2.166355,-0.007328,-0.583638
-1.885252,-0.021978,-0.100122,2.166355,0.007326,-0.583638
-1.884489,0.065935,-0.041514,2.166355,0.007326,-0.583638
-1.884108,0.065935,0.036631,2.166355,0.021978,-0.583638
-1.884108,0.080587,0.090355,2.166355,0.021978,-0.578754
-1.884108,-0.007326,0.075703,2.166355,0.007326,-0.578754
-1.884871,-0.095238,0.017095,2.166737,0.007326,-0.578754
-1.885252,-0.124542,-0.065934,2.166355,-0.007328,-0.578754
-1.885252,-0.065933,-0.109890,2.166355,0.021978,-0.578754
-1.884871,0.021980,-0.070818,2.166355,0.007326,-0.578754
-1.884489,0.080587,-0.002442,2.166355,0.007326,-0.583638
-1.884108,0.080587,0.075703,2.166355,0.021978,-0.583638
-1.884108,0.036633,0.090355,2.166355,0.021978,-0.583638
-1.884489,-0.065933,0.041514,2.166355,0.007326,-0.578754
-1.885252,-0.124542,-0.031746,2.166737,0.021978,-0.583638
-1.885252,-0.080585,-0.100122,2.166355,-0.007328,-0.583638
-1.884871,-0.007326,-0.090354,2.166355,0.021978,-0.578754
-1.884489,0.036633,-0.026862,2.166355,0.007326,-0.578754
-1.884108,0.080587,0.051283,2.166355,0.021978,-0.583638
-1.883726,0.065935,0.095239,2.166355,0.007326,-0.578754
-1.884108,-0.021978,0.065935,2.166355,0.021978,-0.578754
-1.884871,-0.095238,0.002442,2.166355,-0.007328,-0.578754
-1.885252,-0.109890,-0.080586,2.166355,0.007326,-0.583638
-1.885252,-0.036631,-0.109890,2.166355,-0.007328,-0.583638
-1.884871,0.036633,-0.056166,2.166355,-0.007328,-0.583638
-1.884489,0.080587,0.017095,2.166355,0.021978,-0.583638
-1.884108,0.065935,0.085470,2.166355,0.007326,-0.578754
-1.884108,0.007328,0.085470,2.166355,0.007326,-0.578754
-1.884489,-0.065933,0.026863,2.166737,0.007326,-0.583638
-1.885252,-0.139194,-0.051282,2.166355,0.007326,-0.578754
-1.885252,-0.051283,-0.105006,2.166355,-0.007328,-0.578754
-1.884871,0.021980,-0.080586,2.166355,0.007326,-0.583638
-1.884489,0.051285,-0.012210,2.166737,-0.007328,-0.578754
-1.884108,0.080587,0.065935,2.166355,0.007326,-0.583638
-1.883726,0.051285,0.095239,2.166737,0.007326,-0.578754
-1.884489,-0.051283,0.051283,2.166355,-0.007328,-0.583638
-1.884871,-0.095238,-0.017094,2.166355,0.007326,-0.583638
-1.885252,-0.095238,-0.095238,2.166355,0.007326,-0.583638
-1.884871,-0.007326,-0.095238,2.166355,0.007326,-0.588523
-1.884489,0.051285,-0.036630,2.166355,0.007326,-0.583638
-1.884108,0.080587,0.041514,2.166355,0.007326,-0.583638
-1.883726,0.080587,0.090355,2.166355,0.007326,-0.578754
-1.884108,-0.007326,0.070819,2.166355,0.021978,-0.583638
-1.884871,-0.109890,0.012211,2.166355,0.007326,-0.578754
-1.885252,-0.124542,-0.075702,2.166737,-0.007328,-0.578754
-1.885252,-0.051283,-0.105006,2.166355,0.007326,-0.583638
-1.884871,0.036633,-0.065934,2.166355,-0.007328,-0.583638
-1.884489,0.080587,0.007326,2.166355,0.007326,-0.588523
-1.884108,0.080587,0.080586,2.166737,0.021978,-0.583638
-1.884108,0.007328,0.085470,2.166355,0.007326,-0.578754
-1.884489,-0.065933,0.031747,2.166355,-0.007328,-0.578754
-1.885252,-0.109890,-0.041514,2.166355,0.007326,-0.583638
-1.885252,-0.065933,-0.105006,2.166355,-0.007328,-0.583638
-1.884871,0.007328,-0.085470,2.166355,0.007326,-0.588523
-1.884489,0.051285,-0.017094,2.166355,0.007326,-0.583638
-1.884108,0.080587,0.056167,2.166355,0.007326,-0.583638
-1.884108,0.065935,0.090355,2.166355,-0.007328,-0.583638
-1.884489,-0.036631,0.056167,2.166355,0.007326,-0.578754
-1.884871,-0.109890,-0.012210,2.166355,0.007326,-0.578754
-1.885252,-0.095238,-0.090354,2.166737,0.036631,-0.578754
-1.885252,-0.021978,-0.100122,2.166355,0.021978,-0.573871
-1.884489,0.036633,-0.046398,2.166355,-0.007328,-0.573871
-1.884108,0.080587,0.031747,2.166355,-0.007328,-0.578754
-1.883726,0.065935,0.090355,2.166355,0.021978,-0.578754
-1.884108,-0.007326,0.075703,2.166355,0.007326,-0.578754
-1.884871,-0.080585,0.012211,2.166355,0.007326,-0.583638
-1.885252,-0.124542,-0.065934,2.166737,0.021978,-0.578754
-1.885252,-0.051283,-0.109890,2.166355,-0.007328,-0.578754
-1.884871,0.021980,-0.070818,2.166355,0.021978,-0.578754
-1.884489,0.080587,0.007326,2.166355,-0.007328,-0.583638
-1.884108,0.080587,0.075703,2.166355,0.007326,-0.583638
-1.884108,0.036633,0.085470,2.166355,0.007326,-0.578754
-1.884489,-0.051283,0.036631,2.166355,0.007326,-0.578754
-1.885252,-0.124542,-0.036630,2.166355,0.007326,-0.578754
-1.885252,-0.080585,-0.105006,2.166355,0.021978,-0.583638
-1.884871,0.007328,-0.090354,2.166355,-0.007328,-0.583638
-1.884489,0.036633,-0.021978,2.166355,0.007326,-0.583638
-1.884108,0.080587,0.056167,2.166355,-0.007328,-0.583638
-1.884108,0.036633,0.090355,2.166355,0.007326,-0.578754
-1.884489,-0.036631,0.061050,2.166355,0.021978,-0.578754
-1.884871,-0.095238,-0.007326,2.166355,0.007326,-0.578754
-1.885252,-0.095238,-0.090354,2.166355,0.007326,-0.583638
-1.885252,-0.021978,-0.100122,2.166355,0.007326,-0.578754
-1.884489,0.051285,-0.046398,2.166355,0.007326,-0.583638
-1.884108,0.095240,0.031747,2.166355,0.007326,-0.578754
-1.884108,0.065935,0.085470,2.166355,0.007326,-0.583638
-1.884108,-0.007326,0.075703,2.166355,-0.007328,-0.583638
-1.884489,-0.095238,0.012211,2.166355,0.007326,-0.578754
-1.885252,-0.124542,-0.065934,2.166355,0.021978,-0.583638
-1.885252,-0.051283,-0.105006,2.166355,0.007326,-0.583638
-1.884871,0.051285,-0.070818,2.166355,0.007326,-0.583638
-1.884489,0.080587,0.007326,2.166737,0.021978,-0.583638
-1.884108,0.080587,0.075703,2.166355,-0.007328,-0.578754
-1.884108,0.036633,0.085470,2.166355,0.021978,-0.583638
-1.884489,-0.065933,0.036631,2.166355,0.021978,-0.583638
-1.885252,-0.124542,-0.041514,2.166355,0.021978,-0.578754
-1.885252,-0.065933,-0.105006,2.166355,0.007326,-0.578754
-1.884871,0.021980,-0.085470,2.166355,0.021978,-0.583638
-1.884489,0.065935,-0.017094,2.166355,0.007326,-0.578754
-1.884108,0.080587,0.061050,2.166355,0.007326,-0.578754
-1.884108,0.051285,0.090355,2.166355,0.021978,-0.578754
-1.884489,-0.051283,0.056167,2.166737,-0.021980,-0.578754
-1.884871,-0.109890,-0.012210,2.166355,0.021978,-0.583638
-1.885252,-0.095238,-0.090354,2.166355,0.007326,-0.578754
-1.884871,-0.007326,-0.095238,2.166355,-0.007328,-0.578754
-1.884489,0.051285,-0.041514,2.166355,0.007326,-0.583638
-1.884108,0.065935,0.036631,2.166355,0.007326,-0.583638
-1.884108,0.080587,0.085470,2.166355,0.007326,-0.583638
-1.884108,-0.007326,0.070819,2.166355,0.007326,-0.583638
-1.884871,-0.095238,0.007326,2.166355,0.007326,-0.578754
-1.885252,-0.109890,-0.070818,2.166355,0.007326,-0.573871
-1.885252,-0.036631,-0.105006,2.166355,0.007326,-0.578754
-1.884871,0.051285,-0.061050,2.166737,0.007326,-0.578754
-1.884489,0.080587,0.012211,2.166355,-0.007328,-0.578754
-1.884108,0.080587,0.080586,2.166355,0.021978,-0.578754
-1.884108,0.021980,0.085470,2.166355,0.007326,-0.583638
-1.884489,-0.080585,0.026863,2.166737,0.021978,-0.583638
-1.885252,-0.124542,-0.051282,2.166355,0.007326,-0.583638
-1.885252,-0.080585,-0.105006,2.166355,0.007326,-0.578754
-1.884871,0.021980,-0.080586,2.166355,0.021978,-0.583638
-1.884489,0.051285,-0.007326,2.166355,0.021978,-0.583638
-1.884108,0.095240,0.065935,2.166355,0.007326,-0.578754
-1.883726,0.051285,0.090355,2.166355,0.007326,-0.578754
-1.884489,-0.065933,0.046398,2.166737,0.007326,-0.578754
-1.884871,-0.109890,-0.021978,2.166355,-0.007328,-0.578754
-1.885252,-0.080585,-0.095238,2.166355,-0.007328,-0.578754
-1.884871,0.007328,-0.095238,2.166355,0.007326,-0.583638
-1.884489,0.051285,-0.031746,2.166355,0.007326,-0.578754
-1.884108,0.080587,0.046398,2.166355,0.021978,-0.578754
-1.884108,0.065935,0.090355,2.166355,-0.007328,-0.578754
-1.884489,-0.021978,0.061050,2.166737,0.007326,-0.578754
-1.884871,-0.109890,-0.002442,2.166355,0.007326,-0.578754
-1.885252,-0.095238,-0.080586,2.166355,-0.007328,-0.578754
-1.885252,-0.036631,-0.100122,2.166355,0.007326,-0.583638
-1.884871,0.036633,-0.046398,2.166355,0.021978,-0.583638
-1.884108,0.080587,0.026863,2.166355,-0.007328,-0.578754
-1.884108,0.080587,0.085470,2.166355,0.007326,-0.578754
-1.884108,0.021980,0.075703,2.166355,0.007326,-0.573871
-1.884871,-0.095238,0.017095,2.166355,0.007326,-0.578754
-1.885252,-0.124542,-0.061050,2.166737,0.007326,-0.573871
-1.885252,-0.065933,-0.105006,2.166737,0.007326,-0.573871
-1.884871,0.021980,-0.070818,2.166355,-0.007328,-0.573871
-1.884489,0.080587,0.002442,2.166355,-0.007328,-0.578754
-1.884108,0.080587,0.070819,2.166737,0.007326,-0.583638
-1.884108,0.021980,0.085470,2.166355,0.007326,-0.578754
-1.884489,-0.051283,0.036631,2.166355,0.007326,-0.578754
-1.885252,-0.109890,-0.036630,2.166355,0.007326,-0.578754
-1.885252,-0.080585,-0.100122,2.166355,0.021978,-0.583638
-1.884871,0.007328,-0.085470,2.166355,-0.007328,-0.578754
-1.884489,0.065935,-0.017094,2.166355,0.021978,-0.578754
-1.884108,0.095240,0.061050,2.166355,0.007326,-0.578754
-1.884108,0.065935,0.090355,2.166355,0.007326,-0.578754
-1.884489,-0.051283,0.051283,2.166355,0.021978,-0.578754
-1.884871,-0.124542,-0.017094,2.166355,0.007326,-0.578754
-1.885252,-0.080585,-0.095238,2.166355,-0.007328,-0.578754
-1.884871,-0.007326,-0.095238,2.166355,0.007326,-0.578754
-1.884489,0.051285,-0.036630,2.166355,-0.007328,-0.583638
-1.884108,0.080587,0.041514,2.166355,0.007326,-0.583638
-1.884108,0.080587,0.090355,2.166355,0.007326,-0.578754
-1.884108,-0.021978,0.065935,2.166355,0.021978,-0.573871
-1.884871,-0.095238,0.002442,2.166355,0.007326,-0.573871
-1.885252,-0.095238,-0.080586,2.166355,-0.007328,-0.578754
-1.885252,-0.036631,-0.105006,2.166355,0.007326,-0.583638
-1.884871,0.051285,-0.051282,2.166355,0.007326,-0.583638
-1.884489,0.080587,0.026863,2.166355,0.021978,-0.583638
-1.884108,0.065935,0.085470,2.166355,0.007326,-0.578754
-1.884108,0.007328,0.075703,2.166355,0.007326,-0.578754
-1.884871,-0.080585,0.017095,2.166355,0.007326,-0.583638
-1.885252,-0.124542,-0.061050,2.166355,0.007326,-0.578754
-1.885252,-0.065933,-0.105006,2.166355,0.007326,-0.578754
-1.884871,0.036633,-0.070818,2.166355,0.007326,-0.578754
-1.884489,0.080587,0.007326,2.166355,0.007326,-0.578754
-1.884108,0.065935,0.075703,2.166355,0.007326,-0.578754
-1.884108,0.036633,0.085470,2.166355,0.021978,-0.573871
-1.884489,-0.065933,0.036631,2.166355,-0.007328,-0.568987
-1.885252,-0.109890,-0.041514,2.166355,-0.007328,-0.573871
-1.885252,-0.080585,-0.100122,2.166355,0.007326,-0.578754
-1.884871,0.021980,-0.080586,2.166355,0.007326,-0.583638
-1.884489,0.065935,-0.012210,2.166355,-0.007328,-0.578754
-1.884108,0.080587,0.061050,2.166737,0.021978,-0.583638
-1.884108,0.051285,0.090355,2.166355,-0.007328,-0.578754
-1.884489,-0.065933,0.046398,2.166355,0.021978,-0.583638
-1.885252,-0.124542,-0.021978,2.166355,0.007326,-0.583638
-1.885252,-0.095238,-0.095238,2.166737,0.007326,-0.578754
-1.884871,0.007328,-0.090354,2.166355,-0.007328,-0.578754
-1.884489,0.065935,-0.031746,2.166355,0.007326,-0.578754
-1.884108,0.065935,0.046398,2.166355,-0.007328,-0.583638
-1.883726,0.065935,0.090355,2.166737,0.007326,-0.583638
-1.884108,-0.021978,0.061050,2.166355,-0.007328,-0.578754
-1.884871,-0.095238,-0.007326,2.166737,0.007326,-0.578754
-1.885252,-0.109890,-0.080586,2.166355,-0.007328,-0.578754
-1.885252,-0.021978,-0.100122,2.166355,-0.007328,-0.578754
-1.884871,0.036633,-0.046398,2.166355,0.007326,-0.583638
-1.884108,0.080587,0.026863,2.166355,0.021978,-0.583638
-1.884108,0.080587,0.085470,2.166355,0.007326,-0.578754
-1.884108,-0.021978,0.070819,2.166737,0.007326,-0.578754
-1.884871,-0.095238,0.012211,2.166355,0.021978,-0.578754
-1.885252,-0.124542,-0.065934,2.166355,-0.007328,-0.578754
-1.885252,-0.051283,-0.100122,2.166355,0.007326,-0.583638
-1.884871,0.036633,-0.061050,2.166355,-0.007328,-0.588523
-1.884108,0.080587,0.012211,2.166355,0.007326,-0.583638
-1.884108,0.065935,0.080586,2.166355,0.007326,-0.583638
-1.884108,0.021980,0.080586,2.166355,0.021978,-0.578754
-1.884489,-0.080585,0.021978,2.166355,0.007326,-0.578754
-1.885252,-0.095238,-0.051282,2.166355,-0.007328,-0.578754
-1.885252,-0.065933,-0.100122,2.166355,0.007326,-0.578754
-1.884871,0.021980,-0.070818,2.166355,-0.007328,-0.578754
-1.884489,0.065935,-0.002442,2.166355,0.007326,-0.578754
-1.884108,0.065935,0.070819,2.166355,0.021978,-0.578754
-1.884108,0.021980,0.085470,2.166355,0.021978,-0.573871
-1.884489,-0.051283,0.036631,2.166737,0.007326,-0.578754
-1.885252,-0.124542,-0.036630,2.166355,-0.007328,-0.578754
-1.885252,-0.080585,-0.100122,2.166355,0.021978,-0.583638
-1.884871,0.021980,-0.085470,2.166355,-0.007328,-0.588523
-1.884489,0.051285,-0.012210,2.166737,0.007326,-0.583638
-1.884108,0.095240,0.061050,2.166355,0.007326,-0.583638
-1.884108,0.036633,0.085470,2.166355,0.007326,-0.578754
-1.884489,-0.051283,0.051283,2.166355,0.007326,-0.578754
-1.884871,-0.095238,-0.021978,2.166355,-0.007328,-0.578754
-1.885252,-0.095238,-0.095238,2.166355,-0.007328,-0.578754
-1.884871,-0.021978,-0.090354,2.166355,0.007326,-0.583638
-1.884489,0.051285,-0.031746,2.166355,0.007326,-0.583638
-1.884108,0.080587,0.046398,2.166355,0.007326,-0.583638
-1.884108,0.065935,0.090355,2.166355,0.007326,-0.578754
-1.884489,-0.021978,0.061050,2.166355,0.007326,-0.578754
-1.884871,-0.095238,-0.002442,2.166737,0.007326,-0.578754
-1.885252,-0.095238,-0.085470,2.166737,0.007326,-0.573871
-1.884871,-0.021978,-0.095238,2.166355,0.007326,-0.578754
-1.884489,0.051285,-0.041514,2.166355,0.007326,-0.578754
-1.884108,0.080587,0.036631,2.166355,-0.007328,-0.573871
-1.884108,0.065935,0.085470,2.166355,0.007326,-0.578754
-1.884108,-0.007326,0.070819,2.166355,0.007326,-0.578754
-1.884871,-0.095238,0.007326,2.166355,0.007326,-0.583638
-1.885252,-0.109890,-0.070818,2.166355,0.007326,-0.583638
-1.885252,-0.051283,-0.100122,2.166355,0.007326,-0.583638
-1.884871,0.051285,-0.056166,2.166355,-0.007328,-0.583638
-1.884108,0.065935,0.017095,2.166355,-0.007328,-0.583638
-1.884108,0.080587,0.080586,2.166355,-0.007328,-0.578754
-1.884108,0.007328,0.070819,2.166355,0.007326,-0.583638
-1.884871,-0.080585,0.017095,2.166355,0.021978,-0.583638
-1.885252,-0.139194,-0.061050,2.166355,0.021978,-0.578754
-1.885252,-0.051283,-0.105006,2.166355,0.007326,-0.573871
-1.884871,0.036633,-0.065934,2.166355,0.021978,-0.578754
-1.884489,0.080587,0.007326,2.166355,-0.007328,-0.578754
-1.884108,0.065935,0.075703,2.166355,0.021978,-0.578754
-1.884108,0.021980,0.080586,2.166355,0.007326,-0.578754
-1.884489,-0.065933,0.026863,2.166355,0.021978,-0.573871
-1.885252,-0.109890,-0.046398,2.166355,0.007326,-0.573871
-1.885252,-0.065933,-0.105006,2.166355,0.007326,-0.578754
-1.884871,0.021980,-0.075702,2.166355,0.007326,-0.578754
-1.884489,0.065935,-0.002442,2.166355,-0.021980,-0.578754
-1.884108,0.080587,0.065935,2.166355,0.007326,-0.583638
-1.884108,0.036633,0.085470,2.166355,0.021978,-0.583638
-1.884489,-0.051283,0.041514,2.166355,0.021978,-0.578754
-1.885252,-0.124542,-0.036630,2.166737,-0.007328,-0.578754
-1.885252,-0.095238,-0.100122,2.166355,-0.007328,-0.578754
-1.884871,0.007328,-0.085470,2.166355,0.007326,-0.573871
-1.884489,0.051285,-0.017094,2.166355,-0.007328,-0.573871
-1.884108,0.080587,0.056167,2.166355,0.007326,-0.573871
-1.883726,0.065935,0.085470,2.166355,0.007326,-0.578754
-1.884489,-0.051283,0.046398,2.166355,0.007326,-0.578754
-1.884871,-0.109890,-0.021978,2.166355,0.007326,-0.578754
-1.885252,-0.080585,-0.095238,2.166355,0.021978,-0.578754
-1.884871,0.007328,-0.090354,2.166355,0.007326,-0.578754
-1.884489,0.065935,-0.026862,2.166355,0.007326,-0.578754
-1.884108,0.065935,0.046398,2.166355,0.021978,-0.578754
-1.884108,0.065935,0.085470,2.166355,0.007326,-0.573871
-1.884489,-0.021978,0.056167,2.166355,-0.007328,-0.573871
-1.884871,-0.109890,-0.012210,2.166355,0.007326,-0.573871
-1.885252,-0.095238,-0.085470,2.166737,0.021978,-0.573871
-1.884871,-0.021978,-0.095238,2.166355,-0.007328,-0.578754
-1.884489,0.065935,-0.036630,2.166355,-0.007328,-0.578754
-1.884108,0.080587,0.036631,2.166355,-0.007328,-0.583638
-1.884108,0.051285,0.085470,2.166355,0.021978,-0.583638
-1.884108,-0.036631,0.065935,2.166355,0.007326,-0.578754
-1.884871,-0.095238,-0.002442,2.166355,0.007326,-0.573871
-1.885252,-0.109890,-0.080586,2.166355,0.021978,-0.578754
-1.885252,-0.021978,-0.100122,2.166355,-0.007328,-0.578754
-1.884489,0.036633,-0.046398,2.166737,-0.007328,-0.578754
-1.884489,0.065935,0.031747,2.166355,-0.007328,-0.578754
-1.884108,0.080587,0.085470,2.166355,0.007326,-0.578754
-1.884108,-0.021978,0.070819,2.166737,-0.007328,-0.573871
-1.884871,-0.095238,0.007326,2.166355,0.007326,-0.573871
-1.885252,-0.095238,-0.070818,2.166737,0.021978,-0.578754
-1.885252,-0.036631,-0.100122,2.166355,-0.007328,-0.578754
-1.884871,0.051285,-0.051282,2.166355,0.007326,-0.578754
-1.884489,0.065935,0.021978,2.166355,0.007326,-0.583638
-1.884108,0.065935,0.080586,2.166355,0.021978,-0.583638
-1.884108,0.021980,0.070819,2.166355,-0.007328,-0.578754
-1.884871,-0.080585,0.017095,2.166737,0.021978,-0.578754
-1.885252,-0.139194,-0.061050,2.166355,0.007326,-0.578754
-1.885252,-0.051283,-0.100122,2.166355,0.007326,-0.583638
-1.884871,0.036633,-0.061050,2.166355,0.007326,-0.583638
-1.884489,0.065935,0.012211,2.166355,0.007326,-0.583638
-1.884108,0.080587,0.080586,2.166355,0.007326,-0.578754
-1.884108,0.007328,0.080586,2.166355,0.007326,-0.578754
-1.884489,-0.080585,0.021978,2.166355,0.007326,-0.578754
-1.885252,-0.109890,-0.051282,2.166737,0.007326,-0.578754
-1.885252,-0.065933,-0.100122,2.166355,0.021978,-0.578754
-1.884871,0.021980,-0.070818,2.166355,0.021978,-0.578754
-1.884489,0.065935,0.002442,2.166355,0.007326,-0.578754
-1.884108,0.095240,0.070819,2.166355,-0.007328,-0.578754
-1.884108,0.007328,0.080586,2.166355,0.007326,-0.578754
-1.884489,-0.051283,0.031747,2.166737,0.007326,-0.578754
-1.885252,-0.139194,-0.041514,2.166355,0.007326,-0.578754
-1.885252,-0.065933,-0.100122,2.166355,0.007326,-0.578754
-1.884871,0.051285,-0.075702,2.166355,0.007326,-0.578754
-1.884489,0.065935,-0.007326,2.166355,0.021978,-0.583638
-1.884108,0.095240,0.065935,2.166355,-0.007328,-0.578754
-1.884108,0.021980,0.085470,2.166355,0.007326,-0.578754
-1.884489,-0.065933,0.036631,2.166355,0.021978,-0.578754
-1.885252,-0.124542,-0.036630,2.166737,0.007326,-0.578754
-1.885252,-0.095238,-0.100122,2.166355,-0.007328,-0.578754
-1.884871,0.007328,-0.080586,2.166355,0.007326,-0.583638
-1.884489,0.065935,-0.012210,2.166355,-0.007328,-0.583638
-1.884108,0.095240,0.061050,2.166355,0.007326,-0.578754
-1.884108,0.036633,0.085470,2.166355,-0.007328,-0.578754
-1.884489,-0.051283,0.041514,2.166737,0.021978,-0.578754
-1.885252,-0.124542,-0.026862,2.166355,0.007326,-0.573871
-1.885252,-0.080585,-0.095238,2.166355,0.007326,-0.573871
-1.884871,0.007328,-0.080586,2.166355,0.007326,-0.578754
-1.884489,0.065935,-0.017094,2.166355,-0.007328,-0.578754
-1.884108,0.080587,0.061050,2.166355,0.021978,-0.583638
-1.884108,0.051285,0.085470,2.166355,-0.007328,-0.578754
-1.884489,-0.051283,0.046398,2.166355,-0.007328,-0.578754
-1.884871,-0.109890,-0.021978,2.166355,0.007326,-0.583638
-1.885252,-0.080585,-0.095238,2.166355,0.007326,-0.578754
-1.884871,0.007328,-0.085470,2.166355,0.007326,-0.578754
-1.884489,0.036633,-0.021978,2.166355,0.007326,-0.578754
-1.884108,0.095240,0.051283,2.166355,0.021978,-0.578754
-1.884108,0.065935,0.085470,2.166355,0.007326,-0.578754
-1.884489,-0.036631,0.051283,2.166355,0.007326,-0.578754
-1.884871,-0.109890,-0.017094,2.166355,0.007326,-0.573871
-1.885252,-0.095238,-0.090354,2.166737,0.007326,-0.578754
-1.884871,-0.007326,-0.090354,2.166355,0.007326,-0.583638
-1.884489,0.065935,-0.026862,2.166355,0.007326,-0.583638
-1.884108,0.080587,0.046398,2.166355,-0.007328,-0.583638
-1.884108,0.051285,0.085470,2.166355,0.007326,-0.578754
-1.884489,-0.036631,0.056167,2.166355,-0.007328,-0.573871
-1.884871,-0.109890,-0.007326,2.166355,0.007326,-0.573871
-1.885252,-0.095238,-0.085470,2.166355,0.007326,-0.573871
-1.884871,-0.007326,-0.090354,2.166355,0.007326,-0.578754
-1.884489,0.051285,-0.031746,2.166355,0.007326,-0.578754
-1.884108,0.080587,0.041514,2.166355,0.007326,-0.578754
-1.884108,0.065935,0.085470,2.166355,0.021978,-0.578754
-1.884489,-0.021978,0.061050,2.166355,0.021978,-0.578754
-1.884871,-0.109890,-0.007326,2.166355,0.021978,-0.573871
-1.885252,-0.095238,-0.080586,2.166355,0.007326,-0.578754
-1.884871,-0.007326,-0.095238,2.166355,0.007326,-0.573871
-1.884489,0.051285,-0.036630,2.166355,0.021978,-0.578754
-1.884108,0.080587,0.036631,2.166355,0.007326,-0.583638
-1.884108,0.080587,0.085470,2.166355,-0.007328,-0.583638
-1.884108,-0.021978,0.061050,2.166355,0.007326,-0.578754
-1.884871,-0.095238,0.002442,2.166355,0.007326,-0.578754
-1.885252,-0.109890,-0.080586,2.166355,0.007326,-0.578754
-1.885252,-0.036631,-0.095238,2.166355,0.007326,-0.573871
-1.884489,0.051285,-0.041514,2.166355,-0.007328,-0.578754
-1.884108,0.095240,0.031747,2.166355,0.007326,-0.583638
-1.884108,0.065935,0.085470,2.166355,-0.007328,-0.583638
-1.884108,-0.007326,0.065935,2.166355,0.007326,-0.583638
-1.884871,-0.080585,0.002442,2.166355,0.021978,-0.578754
-1.885252,-0.109890,-0.075702,2.166355,0.007326,-0.573871
-1.885252,-0.021978,-0.095238,2.166355,0.007326,-0.578754
-1.884871,0.051285,-0.046398,2.166355,0.007326,-0.583638
-1.884108,0.080587,0.031747,2.166355,-0.007328,-0.583638
-1.883726,0.080587,0.080586,2.166355,-0.007328,-0.578754
-1.884108,-0.021978,0.065935,2.166355,0.007326,-0.578754
-1.884871,-0.095238,0.007326,2.166355,0.007326,-0.578754
-1.885252,-0.095238,-0.070818,2.166737,-0.007328,-0.578754
-1.885252,-0.021978,-0.100122,2.166355,0.021978,-0.578754
-1.884871,0.036633,-0.046398,2.166355,-0.007328,-0.578754
-1.884108,0.080587,0.026863,2.166355,0.021978,-0.578754
-1.884108,0.065935,0.080586,2.166355,0.021978,-0.578754
-1.884108,-0.007326,0.065935,2.166355,-0.007328,-0.573871
-1.884871,-0.095238,0.002442,2.166355,0.021978,-0.578754
-1.885252,-0.095238,-0.070818,2.166737,0.007326,-0.573871
-1.885252,-0.021978,-0.100122,2.166737,0.007326,-0.573871
-1.884489,0.051285,-0.051282,2.166355,0.007326,-0.583638
-1.884108,0.080587,0.026863,2.166355,0.007326,-0.578754
-1.884108,0.080587,0.080586,2.166355,-0.007328,-0.583638
-1.884108,-0.007326,0.065935,2.166355,0.007326,-0.583638
-1.884871,-0.095238,0.007326,2.166355,0.007326,-0.583638
-1.885252,-0.109890,-0.070818,2.166355,0.021978,-0.578754
-1.885252,-0.036631,-0.095238,2.166355,-0.007328,-0.573871
-1.884489,0.036633,-0.051282,2.166355,-0.007328,-0.573871
-1.884108,0.095240,0.021978,2.166355,0.007326,-0.573871
-1.884108,0.065935,0.080586,2.166355,0.007326,-0.573871
-1.884108,-0.007326,0.070819,2.166355,0.007326,-0.573871
-1.884871,-0.095238,0.007326,2.166355,-0.021980,-0.573871
-1.885252,-0.124542,-0.065934,2.166355,0.021978,-0.573871
-1.885252,-0.036631,-0.100122,2.166355,0.007326,-0.573871
-1.884871,0.036633,-0.056166,2.166355,0.021978,-0.578754
-1.884108,0.065935,0.021978,2.166355,0.007326,-0.578754
-1.884108,0.065935,0.080586,2.166355,0.007326,-0.573871
-1.884108,-0.007326,0.070819,2.166355,0.007326,-0.578754
-1.884871,-0.095238,0.012211,2.166355,0.007326,-0.578754
-1.885252,-0.109890,-0.065934,2.166355,0.007326,-0.573871
-1.885252,-0.036631,-0.100122,2.166355,0.021978,-0.578754
-1.884871,0.036633,-0.051282,2.166355,0.007326,-0.573871
-1.884108,0.080587,0.017095,2.166355,0.007326,-0.573871
-1.884108,0.080587,0.080586,2.166355,0.007326,-0.578754
-1.884108,0.007328,0.070819,2.166355,0.007326,-0.578754
-1.884871,-0.095238,0.012211,2.166355,0.007326,-0.578754
-1.885252,-0.095238,-0.065934,2.166355,0.007326,-0.583638
-1.885252,-0.051283,-0.095238,2.166737,0.007326,-0.583638
-1.884871,0.036633,-0.056166,2.166355,0.007326,-0.583638
-1.884489,0.065935,0.017095,2.166355,0.007326,-0.578754
-1.884108,0.065935,0.075703,2.166355,0.021978,-0.583638
-1.884108,-0.007326,0.065935,2.166355,-0.007328,-0.583638
-1.884871,-0.095238,0.007326,2.166737,0.021978,-0.578754
-1.885252,-0.109890,-0.065934,2.166355,0.007326,-0.573871
-1.885252,-0.021978,-0.095238,2.166355,0.007326,-0.578754
-1.884871,0.036633,-0.051282,2.166355,0.007326,-0.578754
-1.884489,0.080587,0.021978,2.166355,-0.007328,-0.578754
-1.884108,0.065935,0.080586,2.166355,0.007326,-0.583638
-1.884108,-0.007326,0.070819,2.166355,0.021978,-0.583638
-1.884871,-0.080585,0.012211,2.166355,0.007326,-0.578754
-1.885252,-0.109890,-0.065934,2.166355,0.007326,-0.578754
-1.885252,-0.051283,-0.100122,2.166355,-0.007328,-0.578754
-1.884871,0.036633,-0.051282,2.166737,0.021978,-0.583638
-1.884489,0.065935,0.021978,2.166355,0.007326,-0.578754
-1.884108,0.080587,0.080586,2.166355,-0.007328,-0.578754
-1.884108,-0.007326,0.070819,2.166355,0.007326,-0.583638
-1.884871,-0.095238,0.007326,2.166355,0.007326,-0.583638
-1.885252,-0.124542,-0.070818,2.166737,0.007326,-0.573871
-1.885252,-0.051283,-0.095238,2.166355,0.007326,-0.573871
-1.884871,0.036633,-0.051282,2.166355,0.007326,-0.573871
-1.884108,0.080587,0.021978,2.166355,-0.007328,-0.578754
-1.884108,0.065935,0.080586,2.166355,0.021978,-0.578754
-1.884108,0.007328,0.065935,2.166355,-0.007328,-0.578754
-1.884871,-0.080585,0.007326,2.166355,0.007326,-0.578754
-1.885252,-0.109890,-0.065934,2.166355,0.007326,-0.573871
-1.885252,-0.036631,-0.095238,2.166355,0.007326,-0.573871
-1.884489,0.051285,-0.051282,2.166355,0.007326,-0.578754
-1.884108,0.065935,0.021978,2.166355,0.007326,-0.578754
-1.884108,0.080587,0.080586,2.166355,0.021978,-0.583638
-1.884108,-0.007326,0.065935,2.166355,0.007326,-0.573871
-1.884871,-0.095238,0.007326,2.166355,0.007326,-0.573871
-1.885252,-0.109890,-0.065934,2.166355,0.007326,-0.573871
-1.885252,-0.036631,-0.095238,2.166355,0.007326,-0.578754
-1.884871,0.036633,-0.046398,2.166355,-0.007328,-0.578754
-1.884108,0.080587,0.026863,2.166355,-0.007328,-0.583638
-1.884108,0.051285,0.080586,2.166355,0.021978,-0.583638
-1.884108,0.007328,0.065935,2.166355,-0.007328,-0.578754
-1.884871,-0.095238,0.007326,2.166355,0.021978,-0.578754
-1.885252,-0.109890,-0.070818,2.166355,0.021978,-0.578754
-1.885252,-0.021978,-0.095238,2.166355,0.007326,-0.573871
-1.884489,0.051285,-0.046398,2.166355,0.007326,-0.578754
-1.884489,0.051285,0.026863,2.166355,-0.007328,-0.583638
-1.884108,0.080587,0.080586,2.166355,0.007326,-0.588523
-1.884108,-0.007326,0.061050,2.166355,0.021978,-0.583638
-1.884871,-0.109890,0.002442,2.166355,-0.007328,-0.583638
-1.885252,-0.095238,-0.070818,2.166355,0.036631,-0.583638
-1.885252,-0.021978,-0.090354,2.166355,0.007326,-0.583638
-1.884871,0.036633,-0.041514,2.166355,-0.007328,-0.578754
-1.884108,0.080587,0.031747,2.166355,-0.007328,-0.583638
-1.884108,0.065935,0.085470,2.166355,0.007326,-0.583638
-1.884108,-0.021978,0.061050,2.166355,-0.007328,-0.578754
-1.884871,-0.109890,0.002442,2.166355,0.036631,-0.583638
-1.885252,-0.109890,-0.075702,2.166355,0.007326,-0.578754
-1.884871,-0.007326,-0.095238,2.166355,0.007326,-0.578754
-1.884489,0.051285,-0.041514,2.166355,0.007326,-0.578754
-1.884108,0.080587,0.036631,2.166355,-0.007328,-0.578754
-1.884108,0.065935,0.080586,2.166355,-0.007328,-0.583638
-1.884489,-0.036631,0.061050,2.166355,0.021978,-0.583638
-1.884871,-0.080585,-0.002442,2.166737,0.007326,-0.583638
-1.885252,-0.095238,-0.080586,2.166737,0.021978,-0.578754
-1.884871,-0.007326,-0.090354,2.166355,0.007326,-0.578754
-1.884871,0.051285,-0.036630,2.166737,0.007326,-0.578754
-1.884108,0.080587,0.041514,2.166355,0.007326,-0.583638
-1.884108,0.065935,0.080586,2.166355,0.007326,-0.578754
-1.884108,-0.021978,0.056167,2.166355,0.007326,-0.583638
-1.884871,-0.080585,-0.007326,2.166355,0.021978,-0.583638
-1.885252,-0.109890,-0.080586,2.166355,0.007326,-0.583638
-1.884871,-0.007326,-0.090354,2.166355,0.007326,-0.578754
-1.884489,0.051285,-0.031746,2.166355,0.007326,-0.583638
-1.884108,0.080587,0.041514,2.166355,0.007326,-0.583638
-1.884108,0.065935,0.080586,2.166355,0.007326,-0.578754
-1.884489,-0.036631,0.051283,2.166737,0.007326,-0.578754
-1.884871,-0.124542,-0.012210,2.166737,-0.007328,-0.578754
-1.885252,-0.095238,-0.085470,2.166355,0.007326,-0.578754
-1.884871,-0.007326,-0.085470,2.166355,0.007326,-0.573871
-1.884489,0.036633,-0.021978,2.166355,0.007326,-0.578754
-1.884108,0.080587,0.051283,2.166355,-0.021980,-0.578754
-1.884108,0.051285,0.080586,2.166355,0.021978,-0.583638
-1.884489,-0.021978,0.046398,2.166355,-0.007328,-0.583638
-1.884871,-0.095238,-0.017094,2.166355,0.007326,-0.578754
-1.885252,-0.080585,-0.090354,2.166355,0.007326,-0.583638
-1.884871,0.007328,-0.085470,2.166355,0.007326,-0.583638
-1.884489,0.065935,-0.021978,2.166355,-0.007328,-0.583638
-1.884108,0.065935,0.051283,2.166355,0.007326,-0.583638
-1.884108,0.051285,0.080586,2.166737,0.007326,-0.583638
-1.884489,-0.051283,0.041514,2.166355,0.021978,-0.583638
-1.885252,-0.109890,-0.026862,2.166355,0.007326,-0.583638
-1.885252,-0.080585,-0.090354,2.166355,0.007326,-0.578754
-1.884871,-0.007326,-0.075702,2.166355,-0.007328,-0.583638
-1.884489,0.065935,-0.012210,2.166355,0.007326,-0.578754
-1.884108,0.080587,0.056167,2.166355,-0.007328,-0.583638
-1.884108,0.036633,0.080586,2.166355,-0.007328,-0.583638
-1.884489,-0.051283,0.036631,2.166737,0.021978,-0.588523
-1.885252,-0.109890,-0.031746,2.166355,-0.021980,-0.583638
-1.885252,-0.080585,-0.090354,2.166355,0.021978,-0.578754
-1.884871,0.021980,-0.075702,2.166355,-0.007328,-0.578754
-1.884489,0.065935,-0.007326,2.166355,-0.007328,-0.583638
-1.884108,0.080587,0.061050,2.166355,0.007326,-0.583638
-1.884108,0.021980,0.080586,2.166355,-0.007328,-0.583638
-1.884489,-0.080585,0.031747,2.166355,0.007326,-0.583638
-1.885252,-0.124542,-0.041514,2.166355,0.007326,-0.583638
-1.885252,-0.065933,-0.095238,2.166355,0.021978,-0.578754
-1.884871,0.036633,-0.070818,2.166355,0.007326,-0.583638
-1.884489,0.065935,-0.002442,2.166355,0.007326,-0.578754
-1.884108,0.080587,0.065935,2.166355,0.007326,-0.578754
-1.884108,0.036633,0.075703,2.166737,0.021978,-0.583638
-1.884489,-0.065933,0.026863,2.166355,0.007326,-0.578754
-1.885252,-0.109890,-0.046398,2.166355,0.021978,-0.583638
-1.885252,-0.080585,-0.095238,2.166737,0.007326,-0.578754
-1.884871,0.021980,-0.061050,2.166355,0.007326,-0.573871
-1.884489,0.065935,0.007326,2.166355,0.007326,-0.573871
-1.884108,0.095240,0.070819,2.166355,0.021978,-0.578754
-1.884108,0.007328,0.070819,2.166355,-0.007328,-0.578754
-1.884489,-0.065933,0.017095,2.166737,0.021978,-0.578754
-1.885252,-0.139194,-0.056166,2.166355,0.007326,-0.578754
-1.885252,-0.036631,-0.095238,2.166355,0.007326,-0.573871
-1.884871,0.021980,-0.056166,2.166355,0.007326,-0.578754
-1.884108,0.080587,0.017095,2.166355,-0.007328,-0.578754
-1.884108,0.065935,0.075703,2.166355,0.007326,-0.583638
-1.884108,-0.007326,0.065935,2.166355,0.007326,-0.583638
-1.884871,-0.095238,0.012211,2.166355,0.021978,-0.583638
-1.885252,-0.124542,-0.065934,2.166737,-0.007328,-0.578754
-1.885252,-0.036631,-0.090354,2.166355,0.021978,-0.578754
-1.884871,0.036633,-0.046398,2.166355,-0.007328,-0.578754
-1.884108,0.065935,0.026863,2.166355,-0.007328,-0.583638
-1.884108,0.065935,0.075703,2.166355,0.007326,-0.583638
-1.884108,-0.007326,0.061050,2.166355,-0.007328,-0.583638
-1.884871,-0.109890,0.002442,2.166355,0.021978,-0.583638
-1.885252,-0.095238,-0.070818,2.166355,0.007326,-0.583638
-1.885252,-0.036631,-0.090354,2.166355,0.007326,-0.578754
-1.884489,0.036633,-0.041514,2.166355,-0.007328,-0.578754
-1.884108,0.095240,0.031747,2.166355,0.021978,-0.583638
-1.883726,0.080587,0.080586,2.166737,0.007326,-0.588523
-1.884108,-0.021978,0.061050,2.166355,0.007326,-0.583638
-1.884871,-0.095238,-0.007326,2.166355,0.021978,-0.583638
-1.885252,-0.095238,-0.080586,2.166355,0.007326,-0.583638
-1.884871,-0.021978,-0.090354,2.166737,0.007326,-0.583638
-1.884489,0.065935,-0.031746,2.166355,-0.007328,-0.578754
-1.884108,0.080587,0.041514,2.166355,-0.007328,-0.578754
-1.884108,0.065935,0.080586,2.166355,0.007326,-0.583638
-1.884489,-0.036631,0.051283,2.166355,0.007326,-0.583638
-1.884871,-0.109890,-0.017094,2.166355,0.007326,-0.583638
-1.885252,-0.109890,-0.085470,2.166355,0.007326,-0.578754
-1.884871,-0.007326,-0.080586,2.166355,0.007326,-0.578754
-1.884489,0.065935,-0.021978,2.166355,0.007326,-0.578754
-1.884108,0.080587,0.051283,2.166355,-0.007328,-0.583638
-1.884108,0.051285,0.080586,2.166355,-0.007328,-0.583638
-1.884489,-0.036631,0.041514,2.166355,0.021978,-0.583638
-1.885252,-0.124542,-0.026862,2.166355,0.007326,-0.578754
-1.885252,-0.080585,-0.090354,2.166737,0.021978,-0.578754
-1.884871,0.036633,-0.075702,2.166355,-0.007328,-0.578754
-1.884489,0.065935,-0.007326,2.166355,0.007326,-0.578754
-1.884108,0.080587,0.061050,2.166355,0.021978,-0.583638
-1.884108,0.036633,0.075703,2.166737,0.007326,-0.578754
-1.884489,-0.051283,0.031747,2.166355,0.007326,-0.573871
-1.885252,-0.124542,-0.036630,2.166355,0.021978,-0.578754
-1.885252,-0.095238,-0.095238,2.166737,0.007326,-0.578754
-1.884871,0.021980,-0.070818,2.166737,0.021978,-0.578754
-1.884489,0.065935,-0.002442,2.166355,-0.021980,-0.578754
-1.884108,0.095240,0.065935,2.166355,0.007326,-0.583638
-1.884108,0.036633,0.070819,2.166355,0.007326,-0.588523
-1.884489,-0.065933,0.021978,2.166355,-0.007328,-0.583638
-1.885252,-0.124542,-0.051282,2.166355,0.021978,-0.588523
-1.885252,-0.051283,-0.095238,2.166355,0.007326,-0.583638
-1.884871,0.051285,-0.061050,2.166737,0.007326,-0.578754
-1.884489,0.080587,0.012211,2.166355,0.007326,-0.578754
-1.884108,0.095240,0.070819,2.166355,0.007326,-0.578754
-1.884108,-0.007326,0.070819,2.166355,-0.007328,-0.578754
-1.884871,-0.080585,0.012211,2.166355,0.007326,-0.578754
-1.885252,-0.109890,-0.061050,2.166355,0.007326,-0.583638
-1.885252,-0.065933,-0.095238,2.166737,0.007326,-0.583638
-1.884871,0.036633,-0.051282,2.166355,-0.007328,-0.578754
-1.884108,0.080587,0.021978,2.166355,-0.007328,-0.578754
-1.884108,0.080587,0.075703,2.166355,0.007326,-0.583638
-1.884108,-0.007326,0.061050,2.166355,0.007326,-0.583638
-1.884871,-0.095238,0.002442,2.166355,-0.007328,-0.583638
-1.885252,-0.109890,-0.070818,2.166355,0.007326,-0.578754
-1.885252,-0.021978,-0.090354,2.166737,0.007326,-0.578754
-1.884489,0.051285,-0.036630,2.166355,-0.007328,-0.583638
-1.884108,0.080587,0.031747,2.166737,0.021978,-0.578754
-1.884108,0.080587,0.080586,2.166355,0.007326,-0.578754
-1.884489,-0.036631,0.056167,2.166355,0.007326,-0.578754
-1.884871,-0.109890,-0.012210,2.166355,0.007326,-0.578754
-1.885252,-0.095238,-0.080586,2.166355,0.007326,-0.583638
-1.884871,-0.021978,-0.085470,2.166355,0.007326,-0.583638
-1.884489,0.051285,-0.026862,2.166355,0.021978,-0.583638
-1.884108,0.095240,0.046398,2.166737,0.007326,-0.583638
-1.884108,0.065935,0.080586,2.166355,0.021978,-0.583638
-1.884489,-0.051283,0.046398,2.166737,0.021978,-0.578754
-1.884871,-0.109890,-0.021978,2.166355,0.007326,-0.578754
-1.885252,-0.095238,-0.085470,2.166355,0.007326,-0.583638
-1.884871,0.021980,-0.075702,2.166355,0.007326,-0.583638
-1.884489,0.065935,-0.012210,2.166355,0.007326,-0.583638
-1.884108,0.080587,0.056167,2.166355,-0.021980,-0.583638
-1.884108,0.036633,0.075703,2.166355,0.007326,-0.583638
-1.884489,-0.051283,0.031747,2.166737,0.007326,-0.583638
-1.885252,-0.124542,-0.036630,2.166355,-0.007328,-0.578754
-1.885252,-0.080585,-0.095238,2.166355,0.021978,-0.583638
-1.884871,0.036633,-0.070818,2.166355,0.007326,-0.583638
-1.884489,0.065935,-0.002442,2.166355,0.021978,-0.583638
-1.884108,0.080587,0.065935,2.166355,0.007326,-0.583638
-1.884108,0.021980,0.075703,2.166355,-0.007328,-0.583638
-1.884489,-0.051283,0.021978,2.166355,0.007326,-0.583638
-1.885252,-0.124542,-0.056166,2.166737,0.007326,-0.578754
-1.885252,-0.051283,-0.095238,2.166355,0.021978,-0.578754
-1.884871,0.036633,-0.056166,2.166737,0.021978,-0.578754
-1.884489,0.065935,0.012211,2.166355,0.007326,-0.578754
-1.884108,0.065935,0.075703,2.166355,0.021978,-0.583638
-1.884108,-0.007326,0.065935,2.166737,0.021978,-0.583638
-1.884871,-0.080585,0.007326,2.166355,0.007326,-0.578754
-1.885252,-0.124542,-0.065934,2.166355,0.007326,-0.578754
-1.884871,-0.021978,-0.090354,2.166355,0.007326,-0.578754
-1.884871,0.051285,-0.046398,2.166355,-0.007328,-0.583638
-1.884108,0.080587,0.031747,2.166355,0.007326,-0.578754
-1.883726,0.080587,0.075703,2.166355,0.007326,-0.578754
-1.884489,-0.021978,0.056167,2.166355,0.007326,-0.578754
-1.884871,-0.109890,-0.007326,2.166355,0.007326,-0.578754
-1.885252,-0.095238,-0.075702,2.166355,0.021978,-0.583638
-1.885252,-0.007326,-0.085470,2.166355,0.021978,-0.583638
-1.884489,0.051285,-0.026862,2.166355,0.007326,-0.583638
-1.884108,0.080587,0.046398,2.166355,0.007326,-0.578754
-1.884108,0.065935,0.080586,2.166355,0.007326,-0.583638
-1.884489,-0.051283,0.046398,2.166355,0.007326,-0.583638
-1.884871,-0.109890,-0.021978,2.166355,0.007326,-0.583638
-1.885252,-0.095238,-0.085470,2.166355,-0.007328,-0.583638
-1.884871,0.007328,-0.080586,2.166355,-0.007328,-0.578754
-1.884489,0.065935,-0.017094,2.166355,0.007326,-0.583638
-1.884108,0.080587,0.056167,2.166355,0.007326,-0.583638
-1.884108,0.065935,0.075703,2.166355,0.007326,-0.578754
-1.884489,-0.051283,0.031747,2.166355,0.007326,-0.583638
-1.885252,-0.124542,-0.036630,2.166737,0.007326,-0.583638
-1.885252,-0.065933,-0.090354,2.166355,0.021978,-0.578754
-1.884871,0.021980,-0.065934,2.166355,-0.007328,-0.573871
-1.884489,0.065935,0.002442,2.166737,0.021978,-0.583638
-1.884108,0.080587,0.065935,2.166355,0.007326,-0.578754
-1.884108,0.021980,0.070819,2.166355,0.021978,-0.578754
-1.884871,-0.095238,0.017095,2.166355,-0.007328,-0.578754
-1.885252,-0.109890,-0.056166,2.166737,0.021978,-0.578754
-1.885252,-0.065933,-0.090354,2.166355,0.007326,-0.578754
-1.884871,0.021980,-0.051282,2.166355,0.021978,-0.578754
-1.884108,0.080587,0.017095,2.166355,-0.007328,-0.578754
-1.884108,0.095240,0.070819,2.166355,0.007326,-0.583638
-1.884108,-0.007326,0.061050,2.166355,-0.007328,-0.583638
-1.884871,-0.080585,0.002442,2.166355,0.021978,-0.583638
-1.885252,-0.109890,-0.070818,2.166355,0.021978,-0.578754
-1.885252,-0.036631,-0.090354,2.166355,0.007326,-0.573871
-1.884871,0.051285,-0.041514,2.166355,0.007326,-0.578754
-1.884489,0.065935,0.031747,2.166355,-0.007328,-0.578754
-1.884108,0.065935,0.075703,2.166355,0.007326,-0.583638
-1.884108,-0.007326,0.051283,2.166355,0.007326,-0.583638
-1.884871,-0.109890,-0.012210,2.166355,0.036631,-0.583638
-1.885252,-0.095238,-0.080586,2.166355,-0.007328,-0.578754
-1.884871,-0.007326,-0.080586,2.166355,0.021978,-0.578754
-1.884489,0.065935,-0.021978,2.166355,-0.007328,-0.578754
-1.884108,0.065935,0.046398,2.166355,0.007326,-0.583638
-1.884108,0.051285,0.080586,2.166355,0.007326,-0.583638
-1.884489,-0.051283,0.036631,2.166355,0.021978,-0.583638
-1.885252,-0.124542,-0.031746,2.166355,0.007326,-0.583638
-1.885252,-0.080585,-0.090354,2.166355,0.021978,-0.583638
-1.884871,0.007328,-0.070818,2.166355,0.021978,-0.583638
-1.884489,0.065935,-0.002442,2.166355,-0.007328,-0.583638
-1.884108,0.080587,0.065935,2.166737,0.007326,-0.583638
-1.884108,0.036633,0.070819,2.166355,-0.021980,-0.583638
-1.884489,-0.080585,0.026863,2.166355,0.007326,-0.583638
-1.885252,-0.109890,-0.046398,2.166355,0.021978,-0.583638
-1.885252,-0.065933,-0.090354,2.166355,0.007326,-0.578754
-1.884871,0.036633,-0.056166,2.166355,0.021978,-0.583638
-1.884108,0.080587,0.012211,2.166355,-0.007328,-0.578754
-1.884108,0.080587,0.070819,2.166355,0.007326,-0.578754
-1.884108,0.007328,0.065935,2.166737,0.021978,-0.578754
-1.884871,-0.080585,0.007326,2.166355,-0.007328,-0.578754
-1.885252,-0.109890,-0.065934,2.166355,0.007326,-0.578754
-1.885252,-0.036631,-0.090354,2.166355,0.021978,-0.578754
-1.884489,0.051285,-0.036630,2.166355,-0.007328,-0.578754
-1.884108,0.080587,0.031747,2.166355,0.007326,-0.583638
-1.884108,0.065935,0.075703,2.166355,-0.007328,-0.578754
-1.884108,-0.021978,0.056167,2.166355,0.021978,-0.583638
-1.884871,-0.095238,-0.007326,2.166355,0.021978,-0.583638
-1.885252,-0.109890,-0.080586,2.166355,0.007326,-0.578754
-1.884871,-0.007326,-0.080586,2.166355,0.007326,-0.578754
-1.884489,0.065935,-0.021978,2.166355,0.007326,-0.583638
-1.884108,0.080587,0.051283,2.166355,0.021978,-0.583638
-1.884108,0.051285,0.075703,2.166355,-0.007328,-0.583638
-1.884489,-0.051283,0.036631,2.166355,0.007326,-0.583638
-1.885252,-0.109890,-0.031746,2.166355,0.021978,-0.583638
-1.885252,-0.065933,-0.090354,2.166355,0.007326,-0.583638
-1.884871,0.021980,-0.065934,2.166355,0.021978,-0.578754
-1.884489,0.080587,-0.002442,2.166355,0.021978,-0.578754
-1.884108,0.095240,0.065935,2.166355,0.007326,-0.583638
-1.884108,0.021980,0.070819,2.166355,-0.007328,-0.578754
-1.884489,-0.080585,0.021978,2.166355,0.021978,-0.583638
-1.885252,-0.124542,-0.051282,2.166355,0.021978,-0.578754
-1.885252,-0.065933,-0.095238,2.166355,0.021978,-0.578754
-1.884871,0.036633,-0.056166,2.166355,0.007326,-0.578754
-1.884108,0.080587,0.017095,2.166355,-0.007328,-0.578754
-1.884108,0.065935,0.070819,2.166355,0.007326,-0.583638
-1.884108,-0.007326,0.061050,2.166355,0.007326,-0.578754
-1.884871,-0.080585,0.007326,2.166355,0.021978,-0.583638
-1.885252,-0.080585,-0.065934,2.166355,0.007326,-0.583638
-1.884871,-0.021978,-0.085470,2.166355,0.007326,-0.578754
-1.884871,0.036633,-0.031746,2.166355,-0.007328,-0.573871
-1.884108,0.065935,0.036631,2.166355,0.007326,-0.578754
-1.884108,0.051285,0.075703,2.166355,0.021978,-0.578754
-1.884489,-0.051283,0.051283,2.166355,0.007326,-0.578754
-1.884871,-0.109890,-0.017094,2.166355,0.021978,-0.578754
-1.885252,-0.109890,-0.085470,2.166355,-0.007328,-0.578754
-1.884871,0.007328,-0.080586,2.166355,0.007326,-0.578754
-1.884489,0.036633,-0.017094,2.166355,-0.021980,-0.578754
-1.884108,0.095240,0.051283,2.166355,0.007326,-0.583638
-1.884108,0.036633,0.075703,2.166355,0.007326,-0.583638
-1.884489,-0.065933,0.031747,2.166355,0.007326,-0.583638
-1.885252,-0.109890,-0.036630,2.166355,0.036631,-0.583638
-1.885252,-0.065933,-0.090354,2.166355,0.007326,-0.583638
-1.884871,0.021980,-0.065934,2.166355,0.021978,-0.578754
-1.884489,0.065935,0.002442,2.166355,-0.007328,-0.583638
-1.884108,0.065935,0.070819,2.166355,0.007326,-0.588523
-1.884108,0.007328,0.065935,2.166737,0.007326,-0.588523
-1.884489,-0.080585,0.017095,2.166355,0.007326,-0.583638
-1.885252,-0.109890,-0.061050,2.166355,0.007326,-0.583638
-1.885252,-0.065933,-0.090354,2.166355,0.007326,-0.588523
-1.884871,0.051285,-0.046398,2.166355,0.007326,-0.583638
-1.884108,0.080587,0.026863,2.166355,0.007326,-0.583638
-1.884108,0.065935,0.075703,2.166355,-0.007328,-0.588523
-1.884108,-0.007326,0.056167,2.166355,0.021978,-0.588523
-1.884871,-0.109890,-0.007326,2.166355,0.007326,-0.583638
-1.885252,-0.109890,-0.075702,2.166355,0.021978,-0.583638
-1.884871,-0.007326,-0.080586,2.166355,0.007326,-0.583638
-1.884489,0.065935,-0.021978,2.166355,0.007326,-0.583638
-1.884108,0.080587,0.046398,2.166355,0.007326,-0.583638
-1.884108,0.051285,0.080586,2.166355,0.007326,-0.583638
-1.884489,-0.036631,0.041514,2.166355,0.007326,-0.588523
-1.884871,-0.124542,-0.026862,2.166355,-0.007328,-0.583638
-1.885252,-0.080585,-0.085470,2.166355,0.007326,-0.583638
-1.884871,0.021980,-0.070818,2.166355,0.007326,-0.588523
-1.884489,0.080587,-0.002442,2.166355,0.007326,-0.588523
-1.884108,0.065935,0.061050,2.166355,0.007326,-0.588523
-1.884108,0.007328,0.070819,2.166355,-0.007328,-0.583638
-1.884489,-0.065933,0.021978,2.166355,0.007326,-0.583638
-1.885252,-0.109890,-0.051282,2.166355,0.007326,-0.588523
-1.885252,-0.051283,-0.090354,2.166355,0.007326,-0.588523
-1.884871,0.036633,-0.051282,2.166355,0.021978,-0.588523
-1.884108,0.080587,0.021978,2.166355,0.007326,-0.583638
-1.884108,0.080587,0.075703,2.166355,0.021978,-0.583638
-1.884108,-0.007326,0.061050,2.166355,0.007326,-0.583638
-1.884871,-0.109890,0.002442,2.166355,-0.007328,-0.583638
-1.885252,-0.095238,-0.070818,2.166355,0.021978,-0.583638
-1.884871,-0.007326,-0.085470,2.166355,0.021978,-0.583638
-1.884489,0.065935,-0.031746,2.166355,0.007326,-0.583638
-1.884108,0.065935,0.041514,2.166355,0.007326,-0.583638
-1.884108,0.051285,0.075703,2.166355,-0.007328,-0.583638
-1.884489,-0.036631,0.041514,2.166355,0.007326,-0.588523
-1.885252,-0.139194,-0.021978,2.166355,0.021978,-0.583638
-1.885252,-0.095238,-0.085470,2.166355,-0.007328,-0.583638
-1.884871,0.021980,-0.070818,2.166355,0.021978,-0.588523
-1.884489,0.065935,-0.002442,2.166355,0.007326,-0.583638
-1.884108,0.080587,0.061050,2.166355,-0.007328,-0.583638
-1.884108,0.007328,0.075703,2.166355,-0.007328,-0.583638
-1.884489,-0.065933,0.021978,2.166355,0.007326,-0.588523
-1.885252,-0.095238,-0.046398,2.166355,-0.007328,-0.588523
-1.885252,-0.051283,-0.090354,2.166737,0.007326,-0.588523
-1.884871,0.021980,-0.051282,2.166355,0.021978,-0.583638
-1.884489,0.080587,0.017095,2.166355,-0.007328,-0.578754
-1.884108,0.051285,0.070819,2.166355,0.007326,-0.583638
-1.884108,-0.007326,0.061050,2.166355,0.007326,-0.583638
-1.884871,-0.080585,0.002442,2.166355,0.007326,-0.588523
-1.885252,-0.095238,-0.070818,2.166355,0.007326,-0.588523
-1.885252,-0.021978,-0.085470,2.166355,0.021978,-0.588523
-1.884489,0.051285,-0.031746,2.166355,0.007326,-0.588523
-1.884108,0.065935,0.041514,2.166355,-0.007328,-0.583638
-1.884108,0.051285,0.080586,2.166355,0.007326,-0.588523
-1.884489,-0.051283,0.041514,2.166355,0.007326,-0.588523
-1.884871,-0.095238,-0.021978,2.166355,0.021978,-0.588523
-1.885252,-0.095238,-0.085470,2.166355,0.007326,-0.588523
-1.884871,0.021980,-0.070818,2.166355,0.007326,-0.588523
-1.884489,0.065935,-0.007326,2.166737,-0.007328,-0.588523
-1.884108,0.095240,0.061050,2.166355,-0.007328,-0.588523
-1.884108,0.021980,0.070819,2.166355,-0.007328,-0.588523
-1.884489,-0.080585,0.021978,2.166355,0.007326,-0.593407
-1.885252,-0.109890,-0.051282,2.166355,0.007326,-0.588523
-1.885252,-0.051283,-0.090354,2.166355,0.007326,-0.588523
-1.884871,0.021980,-0.051282,2.166355,0.007326,-0.588523
-1.884108,0.080587,0.017095,2.166355,0.007326,-0.588523
-1.884108,0.051285,0.070819,2.166355,-0.007328,-0.588523
-1.884108,-0.007326,0.056167,2.166355,0.007326,-0.588523
-1.884871,-0.095238,-0.002442,2.166355,0.021978,-0.593407
-1.885252,-0.109890,-0.070818,2.166355,0.007326,-0.588523
-1.885252,-0.021978,-0.080586,2.166355,-0.007328,-0.583638
-1.884489,0.065935,-0.026862,2.166355,0.007326,-0.583638
-1.884108,0.080587,0.041514,2.166737,-0.007328,-0.583638
-1.884108,0.065935,0.075703,2.166737,0.007326,-0.583638
-1.884489,-0.036631,0.036631,2.166355,0.007326,-0.583638
-1.884871,-0.109890,-0.026862,2.166355,-0.007328,-0.588523
-1.885252,-0.065933,-0.085470,2.166355,0.007326,-0.588523
-1.884871,0.007328,-0.065934,2.166737,0.007326,-0.588523
-1.884489,0.065935,-0.002442,2.166355,0.007326,-0.588523
-1.884108,0.080587,0.061050,2.166355,0.007326,-0.583638
-1.884108,0.007328,0.070819,2.166355,0.007326,-0.583638
-1.884489,-0.065933,0.017095,2.166737,0.007326,-0.588523
-1.885252,-0.109890,-0.056166,2.166737,0.021978,-0.588523
-1.885252,-0.051283,-0.090354,2.166355,-0.007328,-0.583638
-1.884871,0.036633,-0.046398,2.166355,0.021978,-0.588523
-1.884108,0.095240,0.021978,2.166355,0.007326,-0.588523
-1.884108,0.065935,0.075703,2.166355,0.007326,-0.588523
-1.884108,-0.007326,0.056167,2.166355,0.007326,-0.588523
-1.884871,-0.095238,-0.007326,2.166355,0.007326,-0.583638
-1.885252,-0.109890,-0.075702,2.166355,0.021978,-0.588523
-1.884871,-0.007326,-0.080586,2.166737,0.007326,-0.583638
-1.884489,0.051285,-0.021978,2.166355,-0.007328,-0.578754
-1.884108,0.080587,0.051283,2.166737,-0.007328,-0.578754
-1.884108,0.036633,0.075703,2.166355,0.007326,-0.583638
-1.884489,-0.036631,0.031747,2.166355,0.021978,-0.588523
-1.885252,-0.109890,-0.031746,2.166355,0.007326,-0.583638
-1.885252,-0.080585,-0.090354,2.166355,0.007326,-0.583638
-1.884871,0.021980,-0.061050,2.166355,0.021978,-0.588523
-1.884489,0.065935,0.007326,2.166355,0.007326,-0.583638
-1.884108,0.065935,0.070819,2.166737,0.021978,-0.588523
-1.884108,-0.007326,0.065935,2.166355,0.007326,-0.583638
-1.884871,-0.095238,0.012211,2.166737,0.007326,-0.583638
-1.885252,-0.109890,-0.061050,2.166355,-0.007328,-0.588523
-1.885252,-0.036631,-0.085470,2.166355,0.007326,-0.593407
-1.884489,0.051285,-0.041514,2.166737,-0.007328,-0.588523
-1.884108,0.080587,0.031747,2.166355,0.021978,-0.588523
-1.884108,0.065935,0.075703,2.166355,0.007326,-0.583638
-1.884489,-0.036631,0.046398,2.166737,0.021978,-0.588523
-1.884871,-0.124542,-0.017094,2.166355,-0.007328,-0.588523
-1.885252,-0.095238,-0.080586,2.166355,-0.007328,-0.588523
-1.884871,0.007328,-0.075702,2.166355,0.007326,-0.583638
-1.884489,0.065935,-0.012210,2.166355,0.021978,-0.588523
-1.884108,0.065935,0.056167,2.166355,0.021978,-0.593407
-1.884108,0.036633,0.070819,2.166355,-0.007328,-0.588523
-1.884489,-0.065933,0.021978,2.166355,0.007326,-0.588523
-1.885252,-0.139194,-0.046398,2.166355,-0.007328,-0.588523
-1.885252,-0.065933,-0.090354,2.166355,0.007326,-0.588523
-1.884871,0.036633,-0.051282,2.166355,-0.007328,-0.588523
-1.884489,0.065935,0.017095,2.166355,0.007326,-0.588523
-1.884108,0.065935,0.070819,2.166355,0.007326,-0.593407
-1.884108,-0.007326,0.061050,2.166355,0.007326,-0.593407
-1.884871,-0.109890,0.002442,2.166737,0.007326,-0.588523
-1.885252,-0.095238,-0.070818,2.166737,0.007326,-0.588523
-1.885252,-0.021978,-0.080586,2.166355,0.007326,-0.583638
-1.884489,0.051285,-0.026862,2.166355,0.007326,-0.588523
-1.884108,0.080587,0.041514,2.166355,-0.007328,-0.588523
-1.884108,0.036633,0.075703,2.166355,-0.007328,-0.588523
-1.884489,-0.051283,0.036631,2.166355,0.007326,-0.588523
-1.885252,-0.109890,-0.026862,2.166355,-0.007328,-0.588523
-1.885252,-0.065933,-0.085470,2.166355,0.021978,-0.583638
-1.884871,0.021980,-0.065934,2.166355,0.007326,-0.583638
-1.884489,0.080587,0.002442,2.166355,0.007326,-0.588523
-1.884108,0.065935,0.065935,2.166355,0.007326,-0.588523
-1.884108,0.021980,0.065935,2.166355,0.007326,-0.583638
-1.884871,-0.065933,0.012211,2.166355,0.007326,-0.583638
-1.885252,-0.109890,-0.061050,2.166355,0.007326,-0.588523
-1.885252,-0.036631,-0.085470,2.166737,0.021978,-0.588523
-1.884489,0.036633,-0.041514,2.166737,0.007326,-0.583638
-1.884108,0.080587,0.031747,2.166355,0.007326,-0.583638
-1.884108,0.036633,0.075703,2.166355,0.007326,-0.588523
-1.884489,-0.007326,0.046398,2.166355,0.007326,-0.588523
-1.884871,-0.109890,-0.017094,2.166355,0.021978,-0.588523
-1.885252,-0.095238,-0.080586,2.166355,0.007326,-0.588523
-1.884871,-0.007326,-0.075702,2.166737,0.007326,-0.583638
-1.884489,0.065935,-0.007326,2.166355,0.007326,-0.583638
-1.884108,0.095240,0.056167,2.166737,0.021978,-0.583638
-1.884108,0.021980,0.070819,2.166355,-0.007328,-0.583638
-1.884489,-0.051283,0.021978,2.166355,0.007326,-0.588523
-1.885252,-0.124542,-0.046398,2.166737,0.021978,-0.588523
-1.885252,-0.051283,-0.085470,2.166355,0.007326,-0.583638
-1.884871,0.021980,-0.046398,2.166355,0.021978,-0.588523
-1.884108,0.080587,0.021978,2.166355,-0.007328,-0.588523
-1.884108,0.065935,0.070819,2.166355,0.007326,-0.588523
-1.884489,-0.021978,0.056167,2.166355,-0.007328,-0.583638
-1.884871,-0.095238,-0.002442,2.166355,0.021978,-0.588523
-1.885252,-0.109890,-0.075702,2.166355,0.007326,-0.588523
-1.884871,-0.007326,-0.080586,2.166355,0.007326,-0.583638
-1.884489,0.080587,-0.021978,2.166355,0.007326,-0.588523
-1.884108,0.065935,0.046398,2.166355,0.007326,-0.593407
-1.884108,0.036633,0.075703,2.166355,-0.007328,-0.588523
-1.884489,-0.036631,0.031747,2.166737,0.007326,-0.583638
-1.885252,-0.124542,-0.036630,2.166355,0.007326,-0.583638
-1.885252,-0.065933,-0.090354,2.166355,0.007326,-0.588523
-1.884871,0.036633,-0.061050,2.166355,0.007326,-0.583638
-1.884489,0.065935,0.007326,2.166355,0.021978,-0.588523
-1.884108,0.065935,0.065935,2.166355,0.007326,-0.583638
-1.884108,-0.007326,0.061050,2.166355,0.007326,-0.583638
-1.884871,-0.065933,0.002442,2.166355,0.007326,-0.588523
-1.885252,-0.109890,-0.065934,2.166737,0.021978,-0.583638
-1.884871,-0.036631,-0.080586,2.166355,-0.007328,-0.583638
-1.884489,0.051285,-0.031746,2.166355,0.007326,-0.583638
-1.884108,0.080587,0.041514,2.166355,0.007326,-0.583638
-1.884108,0.065935,0.075703,2.166737,0.007326,-0.583638
-1.884489,-0.051283,0.036631,2.166355,0.007326,-0.583638
-1.884871,-0.095238,-0.026862,2.166355,0.007326,-0.583638
-1.885252,-0.095238,-0.085470,2.166355,-0.007328,-0.583638
-1.884871,0.021980,-0.065934,2.166355,0.021978,-0.588523
-1.884489,0.080587,0.002442,2.166355,-0.007328,-0.583638
-1.884108,0.080587,0.065935,2.166737,0.007326,-0.588523
-1.884108,0.021980,0.061050,2.166355,0.007326,-0.583638
-1.884489,-0.065933,0.007326,2.166355,0.007326,-0.588523
-1.885252,-0.124542,-0.061050,2.166355,0.007326,-0.588523
-1.885252,-0.036631,-0.085470,2.166355,0.007326,-0.588523
-1.884489,0.036633,-0.036630,2.166355,0.007326,-0.583638
-1.884108,0.080587,0.031747,2.166355,0.007326,-0.578754
-1.884108,0.051285,0.070819,2.166355,0.007326,-0.583638
-1.884489,-0.036631,0.046398,2.166355,0.021978,-0.583638
-1.884871,-0.109890,-0.017094,2.166355,0.007326,-0.588523
-1.885252,-0.095238,-0.080586,2.166355,0.007326,-0.583638
-1.884871,0.021980,-0.070818,2.166355,0.007326,-0.588523
-1.884489,0.065935,-0.007326,2.166355,-0.007328,-0.583638
-1.884108,0.080587,0.061050,2.166355,0.021978,-0.588523
-1.884108,0.021980,0.070819,2.166355,-0.007328,-0.588523
-1.884489,-0.080585,0.017095,2.166355,0.021978,-0.588523
-1.885252,-0.109890,-0.051282,2.166355,-0.007328,-0.588523
-1.885252,-0.065933,-0.085470,2.166737,0.021978,-0.588523
-1.884489,0.036633,-0.046398,2.166355,0.021978,-0.583638
-1.884108,0.065935,0.026863,2.166355,0.007326,-0.583638
-1.884108,0.051285,0.070819,2.166737,0.021978,-0.583638
-1.884489,-0.021978,0.051283,2.166355,-0.007328,-0.583638
-1.884871,-0.095238,-0.012210,2.166355,0.021978,-0.588523
-1.885252,-0.080585,-0.080586,2.166355,0.007326,-0.588523
-1.884871,0.007328,-0.075702,2.166355,0.007326,-0.588523
-1.884489,0.051285,-0.017094,2.166355,0.007326,-0.588523
-1.884108,0.080587,0.051283,2.166355,-0.007328,-0.588523
-1.884108,0.051285,0.070819,2.166355,-0.007328,-0.588523
-1.884489,-0.065933,0.021978,2.166355,0.007326,-0.588523
-1.885252,-0.109890,-0.046398,2.166355,0.007326,-0.588523
-1.885252,-0.065933,-0.085470,2.166355,0.021978,-0.588523
-1.884871,0.036633,-0.046398,2.166355,0.021978,-0.588523
-1.884108,0.095240,0.021978,2.166355,0.007326,-0.583638
-1.884108,0.036633,0.070819,2.166355,-0.007328,-0.583638
-1.884489,-0.021978,0.051283,2.166737,0.007326,-0.583638
-1.884871,-0.095238,-0.007326,2.166355,0.007326,-0.583638
-1.885252,-0.095238,-0.075702,2.166355,0.021978,-0.588523
-1.884871,0.007328,-0.075702,2.166355,-0.007328,-0.588523
-1.884489,0.051285,-0.017094,2.166737,0.021978,-0.588523
-1.884108,0.095240,0.051283,2.166355,0.007326,-0.583638
-1.884108,0.036633,0.070819,2.166355,-0.007328,-0.583638
-1.884489,-0.051283,0.026863,2.166355,0.007326,-0.583638
-1.885252,-0.109890,-0.041514,2.166355,0.007326,-0.583638
-1.885252,-0.065933,-0.085470,2.166355,-0.007328,-0.588523
-1.884871,0.021980,-0.051282,2.166355,0.007326,-0.588523
-1.884108,0.095240,0.017095,2.166737,0.007326,-0.588523
-1.884108,0.065935,0.070819,2.166355,0.007326,-0.588523
-1.884108,-0.007326,0.056167,2.166355,-0.007328,-0.588523
-1.884871,-0.095238,-0.002442,2.166355,0.007326,-0.588523
-1.885252,-0.080585,-0.070818,2.166355,-0.007328,-0.588523
-1.884871,-0.007326,-0.075702,2.166355,0.007326,-0.588523
-1.884489,0.065935,-0.017094,2.166355,0.007326,-0.588523
-1.884108,0.080587,0.051283,2.166737,0.021978,-0.588523
-1.884108,0.051285,0.065935,2.166355,0.007326,-0.583638
-1.884489,-0.051283,0.026863,2.166355,0.007326,-0.583638
-1.885252,-0.124542,-0.041514,2.166355,0.021978,-0.583638
-1.885252,-0.065933,-0.085470,2.166355,0.007326,-0.583638
-1.884871,0.036633,-0.056166,2.166355,0.007326,-0.588523
-1.884108,0.065935,0.017095,2.166355,0.007326,-0.588523
-1.884108,0.065935,0.070819,2.166355,-0.007328,-0.588523
-1.884108,-0.021978,0.056167,2.166355,0.007326,-0.588523
-1.884871,-0.095238,-0.007326,2.166355,0.007326,-0.583638
-1.885252,-0.095238,-0.070818,2.166355,0.007326,-0.583638
-1.884871,-0.007326,-0.075702,2.166355,-0.007328,-0.583638
-1.884489,0.051285,-0.021978,2.166355,0.021978,-0.588523
-1.884108,0.080587,0.051283,2.166355,0.007326,-0.583638
-1.884108,0.051285,0.070819,2.166355,0.021978,-0.588523
-1.884489,-0.065933,0.026863,2.166355,0.021978,-0.588523
-1.885252,-0.109890,-0.041514,2.166355,-0.007328,-0.583638
-1.885252,-0.065933,-0.085470,2.166355,-0.007328,-0.588523
-1.884871,0.021980,-0.051282,2.166355,0.007326,-0.588523
-1.884489,0.065935,0.017095,2.166355,0.007326,-0.588523
-1.884108,0.080587,0.070819,2.166355,-0.007328,-0.583638
-1.884108,0.007328,0.056167,2.166355,0.021978,-0.588523
-1.884871,-0.095238,-0.007326,2.166355,0.007326,-0.588523
-1.885252,-0.095238,-0.070818,2.166355,-0.007328,-0.583638
-1.884871,-0.007326,-0.080586,2.166355,0.007326,-0.588523
-1.884489,0.051285,-0.021978,2.166355,0.007326,-0.588523
-1.884108,0.065935,0.046398,2.166355,0.007326,-0.588523
-1.884108,0.036633,0.070819,2.166355,-0.007328,-0.583638
-1.884489,-0.051283,0.026863,2.166355,0.007326,-0.583638
-1.884871,-0.109890,-0.041514,2.166355,0.007326,-0.588523
-1.885252,-0.051283,-0.085470,2.166355,0.021978,-0.588523
-1.884871,0.036633,-0.056166,2.166355,0.007326,-0.588523
-1.884489,0.065935,0.017095,2.166355,0.007326,-0.588523
-1.884108,0.065935,0.070819,2.166355,-0.007328,-0.588523
-1.884108,-0.021978,0.051283,2.166355,0.007326,-0.588523
-1.884871,-0.080585,-0.007326,2.166355,0.007326,-0.588523
-1.885252,-0.095238,-0.075702,2.166355,0.007326,-0.588523
-1.884871,0.007328,-0.075702,2.166355,0.021978,-0.583638
-1.884489,0.065935,-0.017094,2.166355,0.007326,-0.578754
-1.884108,0.080587,0.051283,2.166355,-0.007328,-0.583638
-1.884108,0.021980,0.065935,2.166355,0.007326,-0.583638
-1.884489,-0.065933,0.021978,2.166355,0.007326,-0.583638
-1.885252,-0.124542,-0.041514,2.166737,0.021978,-0.583638
-1.885252,-0.051283,-0.085470,2.166355,0.007326,-0.583638
-1.884871,0.036633,-0.051282,2.166355,0.007326,-0.583638
-1.884108,0.080587,0.021978,2.166737,0.021978,-0.583638
-1.884108,0.065935,0.070819,2.166355,0.007326,-0.583638
-1.884108,-0.021978,0.051283,2.166355,0.007326,-0.583638
-1.884871,-0.109890,-0.007326,2.166355,0.007326,-0.588523
-1.885252,-0.080585,-0.075702,2.166355,0.007326,-0.588523
-1.884871,-0.007326,-0.075702,2.166355,0.007326,-0.583638
-1.884489,0.065935,-0.012210,2.166737,0.007326,-0.583638
-1.884108,0.065935,0.056167,2.166355,0.007326,-0.583638
-1.884108,0.021980,0.070819,2.166355,0.007326,-0.583638
-1.884489,-0.051283,0.021978,2.166737,0.007326,-0.583638
-1.885252,-0.109890,-0.046398,2.166737,0.021978,-0.588523
-1.885252,-0.051283,-0.085470,2.166355,-0.007328,-0.583638
-1.884489,0.051285,-0.046398,2.166737,-0.007328,-0.588523
-1.884108,0.080587,0.021978,2.166355,0.007326,-0.588523
-1.884108,0.065935,0.070819,2.166355,0.007326,-0.588523
-1.884489,-0.021978,0.046398,2.166355,0.007326,-0.588523
-1.884871,-0.109890,-0.017094,2.166737,0.021978,-0.588523
-1.885252,-0.095238,-0.080586,2.166355,0.007326,-0.583638
-1.884871,0.021980,-0.070818,2.166737,0.007326,-0.583638
-1.884489,0.065935,-0.012210,2.166355,0.007326,-0.583638
-1.884108,0.065935,0.056167,2.166355,-0.007328,-0.583638
-1.884108,0.021980,0.065935,2.166355,0.007326,-0.588523
-1.884489,-0.051283,0.017095,2.166355,0.007326,-0.588523
-1.885252,-0.095238,-0.051282,2.166355,0.007326,-0.588523
-1.885252,-0.051283,-0.085470,2.166355,0.007326,-0.583638
-1.884489,0.051285,-0.041514,2.166355,-0.007328,-0.583638
-1.884108,0.080587,0.031747,2.166355,0.021978,-0.583638
-1.884108,0.065935,0.070819,2.166355,-0.007328,-0.588523
-1.884108,-0.021978,0.046398,2.166355,0.007326,-0.588523
-1.884871,-0.095238,-0.017094,2.166355,-0.007328,-0.583638
-1.885252,-0.095238,-0.080586,2.166355,-0.007328,-0.583638
-1.884871,0.021980,-0.065934,2.166355,0.021978,-0.588523
-1.884489,0.065935,-0.002442,2.166355,0.007326,-0.588523
-1.884108,0.080587,0.061050,2.166355,0.007326,-0.588523
-1.884108,0.007328,0.061050,2.166355,0.021978,-0.588523
-1.884871,-0.065933,0.012211,2.166355,-0.007328,-0.583638
-1.885252,-0.109890,-0.061050,2.166355,0.021978,-0.588523
-1.884871,-0.021978,-0.080586,2.166737,0.007326,-0.583638
-1.884489,0.036633,-0.031746,2.166355,0.007326,-0.583638
-1.884108,0.080587,0.036631,2.166355,0.007326,-0.588523
-1.884108,0.051285,0.070819,2.166355,-0.007328,-0.588523
-1.884489,-0.036631,0.036631,2.166355,0.007326,-0.588523
-1.885252,-0.109890,-0.026862,2.166355,0.007326,-0.588523
-1.885252,-0.080585,-0.085470,2.166355,0.007326,-0.583638
-1.884871,0.036633,-0.061050,2.166355,0.007326,-0.583638
-1.884489,0.065935,0.007326,2.166355,-0.007328,-0.588523
-1.884108,0.080587,0.065935,2.166355,0.007326,-0.588523
-1.884108,0.021980,0.061050,2.166355,-0.007328,-0.588523
-1.884871,-0.095238,0.002442,2.166737,0.007326,-0.588523
-1.885252,-0.109890,-0.065934,2.166355,0.021978,-0.588523
-1.884871,-0.021978,-0.080586,2.166355,0.007326,-0.588523
-1.884489,0.036633,-0.021978,2.166355,0.007326,-0.588523
-1.884108,0.080587,0.046398,2.166355,-0.007328,-0.588523
-1.884108,0.051285,0.070819,2.166355,-0.007328,-0.588523
-1.884489,-0.051283,0.031747,2.166355,0.021978,-0.588523
-1.885252,-0.124542,-0.036630,2.166355,0.007326,-0.588523
-1.885252,-0.051283,-0.080586,2.166355,0.021978,-0.583638
-1.884871,0.036633,-0.051282,2.166355,-0.007328,-0.583638
-1.884489,0.065935,0.017095,2.166355,0.007326,-0.583638
-1.884108,0.065935,0.070819,2.166737,0.007326,-0.583638
-1.884489,-0.021978,0.051283,2.166355,0.021978,-0.583638
-1.884871,-0.095238,-0.007326,2.166355,0.021978,-0.583638
-1.885252,-0.095238,-0.075702,2.166355,0.007326,-0.588523
-1.884871,0.007328,-0.075702,2.166355,0.007326,-0.583638
-1.884489,0.051285,-0.012210,2.166355,-0.007328,-0.588523
-1.884108,0.080587,0.051283,2.166355,-0.007328,-0.588523
-1.884108,0.021980,0.065935,2.166355,-0.007328,-0.588523
-1.884489,-0.051283,0.017095,2.166355,0.021978,-0.588523
-1.885252,-0.109890,-0.046398,2.166355,0.007326,-0.583638
-1.885252,-0.036631,-0.085470,2.166737,0.007326,-0.583638
-1.884871,0.036633,-0.041514,2.166355,0.021978,-0.588523
-1.884108,0.080587,0.026863,2.166355,0.007326,-0.588523
-1.884108,0.051285,0.070819,2.166355,-0.007328,-0.588523
-1.884489,-0.036631,0.046398,2.166355,0.021978,-0.588523
-1.884871,-0.109890,-0.017094,2.166355,0.007326,-0.583638
-1.885252,-0.109890,-0.075702,2.166355,0.007326,-0.583638
-1.884871,0.021980,-0.065934,2.166355,0.007326,-0.588523
-1.884489,0.065935,-0.002442,2.166355,0.007326,-0.588523
-1.884108,0.080587,0.061050,2.166355,0.007326,-0.588523
-1.884108,0.007328,0.061050,2.166355,-0.007328,-0.588523
-1.884871,-0.095238,0.007326,2.166355,0.021978,-0.588523
-1.885252,-0.109890,-0.061050,2.166737,0.021978,-0.583638
-1.885252,-0.021978,-0.080586,2.166355,0.007326,-0.578754
-1.884489,0.065935,-0.031746,2.166355,0.007326,-0.583638
-1.884108,0.095240,0.036631,2.166355,-0.007328,-0.583638
-1.884108,0.036633,0.070819,2.166355,0.007326,-0.588523
-1.884489,-0.051283,0.031747,2.166355,0.007326,-0.588523
-1.885252,-0.124542,-0.031746,2.166355,0.007326,-0.588523
-1.885252,-0.065933,-0.085470,2.166355,0.007326,-0.583638
-1.884871,0.021980,-0.056166,2.166355,0.007326,-0.583638
-1.884489,0.065935,0.007326,2.166355,0.007326,-0.583638
-1.884108,0.080587,0.065935,2.166355,0.007326,-0.583638
-1.884108,-0.007326,0.056167,2.166355,0.007326,-0.588523
-1.884871,-0.095238,-0.002442,2.166737,0.007326,-0.583638
-1.885252,-0.095238,-0.070818,2.166355,-0.007328,-0.583638
-1.884871,-0.007326,-0.075702,2.166355,0.021978,-0.588523
-1.884489,0.065935,-0.017094,2.166355,0.007326,-0.588523
-1.884108,0.080587,0.051283,2.166355,0.007326,-0.588523
-1.884108,0.036633,0.070819,2.166355,0.007326,-0.583638
-1.884871,-0.080585,0.021978,2.166355,0.007326,-0.588523
-1.885252,-0.109890,-0.046398,2.166355,0.007326,-0.588523
-1.885252,-0.065933,-0.080586,2.166355,-0.007328,-0.578754
-1.884871,0.036633,-0.041514,2.166355,0.007326,-0.583638
-1.884108,0.080587,0.021978,2.166737,0.021978,-0.588523
-1.884108,0.051285,0.070819,2.166355,-0.007328,-0.588523
-1.884489,-0.021978,0.046398,2.166355,0.007326,-0.583638
-1.884871,-0.109890,-0.017094,2.166355,0.007326,-0.588523
-1.885252,-0.095238,-0.075702,2.166355,-0.007328,-0.583638
-1.884871,0.021980,-0.070818,2.166737,0.021978,-0.578754
-1.884489,0.036633,-0.002442,2.166355,0.007326,-0.583638
-1.884108,0.080587,0.061050,2.166355,0.007326,-0.583638
-1.884108,0.007328,0.061050,2.166355,-0.007328,-0.588523
-1.884871,-0.080585,0.007326,2.166355,0.021978,-0.583638
-1.885252,-0.095238,-0.061050,2.166355,-0.021980,-0.583638
-1.885252,-0.036631,-0.080586,2.166355,0.007326,-0.588523
-1.884489,0.051285,-0.026862,2.166355,0.021978,-0.588523
-1.884108,0.080587,0.041514,2.166355,0.007326,-0.588523
-1.884108,0.051285,0.070819,2.166355,0.021978,-0.588523
-1.884489,-0.051283,0.031747,2.166355,-0.007328,-0.583638
-1.885252,-0.109890,-0.036630,2.166355,0.036631,-0.583638
-1.885252,-0.051283,-0.080586,2.166355,-0.021980,-0.583638
-1.884871,0.036633,-0.056166,2.166737,0.007326,-0.583638
-1.884489,0.065935,0.012211,2.166355,0.021978,-0.588523
-1.884108,0.095240,0.065935,2.166737,-0.007328,-0.583638
-1.884108,-0.021978,0.051283,2.166355,-0.007328,-0.588523
-1.884871,-0.095238,-0.012210,2.166737,0.007326,-0.588523
-1.885252,-0.095238,-0.070818,2.166355,0.007326,-0.583638
-1.884871,-0.007326,-0.070818,2.166355,0.007326,-0.588523
-1.884489,0.065935,-0.012210,2.166355,0.007326,-0.588523
-1.884108,0.065935,0.051283,2.166355,0.021978,-0.588523
-1.884108,0.007328,0.065935,2.166355,-0.007328,-0.583638
-1.884489,-0.080585,0.017095,2.166355,-0.007328,-0.583638
-1.885252,-0.109890,-0.051282,2.166355,0.007326,-0.588523
-1.885252,-0.021978,-0.080586,2.166355,0.021978,-0.583638
-1.884489,0.051285,-0.036630,2.166355,0.007326,-0.588523
-1.884108,0.080587,0.031747,2.166737,0.007326,-0.588523
-1.884108,0.036633,0.070819,2.166355,-0.007328,-0.583638
-1.884489,-0.021978,0.041514,2.166355,0.007326,-0.583638
-1.884871,-0.109890,-0.026862,2.166737,0.007326,-0.578754
-1.885252,-0.080585,-0.080586,2.166355,0.007326,-0.583638
-1.884871,0.021980,-0.061050,2.166355,0.007326,-0.588523
-1.884489,0.080587,0.007326,2.166355,0.007326,-0.588523
-1.884108,0.095240,0.065935,2.166355,0.007326,-0.583638
-1.884108,-0.007326,0.056167,2.166355,0.007326,-0.578754
-1.884871,-0.095238,-0.002442,2.166355,-0.007328,-0.578754
-1.885252,-0.109890,-0.065934,2.166355,0.021978,-0.583638
-1.884871,-0.007326,-0.075702,2.166355,-0.007328,-0.583638
-1.884489,0.080587,-0.017094,2.166355,0.007326,-0.588523
-1.884108,0.065935,0.051283,2.166355,0.007326,-0.583638
-1.884108,0.036633,0.065935,2.166355,-0.021980,-0.588523
-1.884489,-0.065933,0.021978,2.166355,0.021978,-0.588523
-1.885252,-0.124542,-0.046398,2.166355,0.007326,-0.578754
-1.885252,-0.051283,-0.080586,2.166355,-0.007328,-0.583638
-1.884489,0.051285,-0.041514,2.166355,0.007326,-0.583638
-1.884108,0.065935,0.031747,2.166355,-0.021980,-0.583638
-1.884108,0.065935,0.065935,2.166355,0.007326,-0.583638
-1.884489,-0.021978,0.041514,2.166355,0.007326,-0.583638
-1.884871,-0.109890,-0.021978,2.166737,0.021978,-0.578754
-1.885252,-0.095238,-0.080586,2.166355,0.007326,-0.578754
-1.884871,0.021980,-0.065934,2.166355,0.021978,-0.583638
-1.884489,0.080587,0.002442,2.166355,0.007326,-0.583638
-1.884108,0.065935,0.061050,2.166355,0.007326,-0.578754
-1.884108,0.007328,0.056167,2.166737,0.021978,-0.588523
-1.884871,-0.080585,0.002442,2.166737,0.007326,-0.583638
-1.885252,-0.109890,-0.065934,2.166355,-0.007328,-0.583638
-1.884871,-0.021978,-0.075702,2.166355,0.021978,-0.583638
-1.884489,0.065935,-0.021978,2.166355,0.007326,-0.578754
-1.884108,0.080587,0.046398,2.166355,0.007326,-0.583638
-1.884108,0.036633,0.065935,2.166355,0.021978,-0.583638
-1.884489,-0.065933,0.021978,2.166355,0.007326,-0.583638
-1.885252,-0.109890,-0.046398,2.166355,0.007326,-0.583638
-1.885252,-0.051283,-0.080586,2.166355,0.021978,-0.588523
-1.884489,0.036633,-0.046398,2.166355,0.007326,-0.578754
-1.884108,0.065935,0.026863,2.166355,0.007326,-0.583638
-1.884108,0.080587,0.070819,2.166355,-0.007328,-0.578754
-1.884489,-0.021978,0.041514,2.166355,0.021978,-0.583638
-1.884871,-0.095238,-0.021978,2.166355,0.021978,-0.583638
-1.885252,-0.065933,-0.075702,2.166737,0.007326,-0.578754
-1.884871,0.021980,-0.061050,2.166355,-0.007328,-0.578754
-1.884489,0.065935,0.002442,2.166355,0.007326,-0.578754
-1.884108,0.095240,0.065935,2.166355,0.007326,-0.583638
-1.884108,0.007328,0.056167,2.166355,0.021978,-0.583638
-1.884871,-0.095238,0.002442,2.166355,0.007326,-0.583638
-1.885252,-0.109890,-0.065934,2.166355,-0.007328,-0.583638
-1.884871,-0.021978,-0.075702,2.166355,-0.007328,-0.583638
-1.884489,0.065935,-0.021978,2.166737,0.021978,-0.583638
-1.884108,0.065935,0.046398,2.166355,0.007326,-0.583638
-1.884108,0.036633,0.065935,2.166355,0.007326,-0.583638
-1.884489,-0.080585,0.021978,2.166355,-0.007328,-0.583638
-1.885252,-0.109890,-0.046398,2.166355,0.021978,-0.588523
-1.885252,-0.051283,-0.080586,2.166355,0.021978,-0.588523
-1.884871,0.036633,-0.041514,2.166355,0.007326,-0.583638
-1.884108,0.065935,0.026863,2.166355,0.007326,-0.583638
-1.884108,0.065935,0.065935,2.166355,-0.007328,-0.588523
-1.884489,-0.051283,0.036631,2.166355,0.007326,-0.588523
-1.884871,-0.109890,-0.021978,2.166355,-0.007328,-0.578754
-1.885252,-0.095238,-0.075702,2.166355,0.021978,-0.583638
-1.884871,0.036633,-0.061050,2.166355,0.007326,-0.583638
-1.884489,0.080587,0.007326,2.166355,-0.007328,-0.583638
-1.884108,0.080587,0.061050,2.166355,0.021978,-0.583638
-1.884108,-0.007326,0.056167,2.166355,0.007326,-0.583638
-1.884871,-0.095238,-0.002442,2.166355,0.007326,-0.583638
-1.885252,-0.109890,-0.065934,2.166355,0.007326,-0.588523
-1.884871,-0.007326,-0.075702,2.166355,0.007326,-0.588523
-1.884489,0.065935,-0.017094,2.166737,0.007326,-0.588523
-1.884108,0.080587,0.046398,2.166355,-0.007328,-0.583638
-1.884108,0.036633,0.065935,2.166355,-0.007328,-0.588523
-1.884489,-0.051283,0.017095,2.166355,0.007326,-0.583638
-1.885252,-0.124542,-0.046398,2.166355,0.007326,-0.583638
-1.885252,-0.036631,-0.085470,2.166355,-0.007328,-0.583638
-1.884871,0.051285,-0.041514,2.166355,0.007326,-0.583638
-1.884108,0.080587,0.031747,2.166355,0.007326,-0.588523
-1.884108,0.065935,0.070819,2.166355,0.021978,-0.588523
-1.884489,-0.036631,0.036631,2.166355,0.007326,-0.583638
-1.884871,-0.124542,-0.026862,2.166355,-0.007328,-0.583638
-1.885252,-0.080585,-0.080586,2.166355,0.007326,-0.583638
-1.884871,0.036633,-0.056166,2.166355,0.007326,-0.583638
-1.884489,0.080587,0.007326,2.166355,0.007326,-0.583638
-1.884108,0.065935,0.061050,2.166355,0.007326,-0.583638
-1.884108,-0.007326,0.051283,2.166355,-0.007328,-0.583638
-1.884871,-0.095238,-0.002442,2.166355,0.007326,-0.583638
-1.885252,-0.080585,-0.070818,2.166355,0.007326,-0.583638
-1.884871,-0.007326,-0.070818,2.166355,0.021978,-0.583638
-1.884489,0.065935,-0.012210,2.166355,0.007326,-0.588523
-1.884108,0.065935,0.051283,2.166355,0.007326,-0.588523
-1.884108,0.036633,0.061050,2.166737,0.007326,-0.588523
-1.884489,-0.080585,0.012211,2.166355,0.007326,-0.588523
-1.885252,-0.124542,-0.056166,2.166355,0.007326,-0.583638
-1.885252,-0.036631,-0.080586,2.166355,0.007326,-0.583638
-1.884489,0.051285,-0.026862,2.166355,0.021978,-0.583638
-1.884108,0.080587,0.036631,2.166355,-0.007328,-0.578754
-1.884108,0.036633,0.065935,2.166355,0.007326,-0.583638
-1.884489,-0.051283,0.031747,2.166355,0.007326,-0.583638
-1.885252,-0.124542,-0.036630,2.166355,0.007326,-0.583638
-1.885252,-0.080585,-0.080586,2.166355,0.021978,-0.583638
-1.884871,0.051285,-0.046398,2.166355,0.007326,-0.583638
-1.884489,0.065935,0.021978,2.166355,0.007326,-0.583638
-1.884108,0.065935,0.065935,2.166355,0.007326,-0.583638
-1.884489,-0.036631,0.046398,2.166355,0.007326,-0.583638
-1.884871,-0.095238,-0.017094,2.166355,0.007326,-0.583638
-1.885252,-0.095238,-0.075702,2.166355,0.007326,-0.583638
-1.884871,0.007328,-0.065934,2.166355,-0.007328,-0.583638
-1.884489,0.080587,-0.002442,2.166355,0.007326,-0.588523
-1.884108,0.065935,0.056167,2.166355,-0.007328,-0.583638
-1.884108,0.007328,0.056167,2.166355,0.007326,-0.583638
-1.884871,-0.080585,0.002442,2.166355,0.007326,-0.583638
-1.885252,-0.109890,-0.061050,2.166355,0.021978,-0.583638
-1.885252,-0.007326,-0.075702,2.166355,-0.007328,-0.578754
-1.884489,0.065935,-0.021978,2.166355,-0.007328,-0.578754
-1.884108,0.065935,0.046398,2.166355,0.007326,-0.583638
-1.884108,0.036633,0.065935,2.166355,-0.007328,-0.583638
-1.884489,-0.051283,0.021978,2.166737,0.021978,-0.583638
-1.885252,-0.109890,-0.046398,2.166355,-0.007328,-0.578754
-1.885252,-0.036631,-0.080586,2.166355,-0.007328,-0.578754
-1.884489,0.051285,-0.041514,2.166355,0.007326,-0.578754
-1.884108,0.065935,0.026863,2.166355,0.007326,-0.583638
-1.884108,0.065935,0.065935,2.166355,0.007326,-0.583638
-1.884489,-0.036631,0.036631,2.166355,-0.007328,-0.578754
-1.884871,-0.109890,-0.026862,2.166737,0.007326,-0.583638
-1.885252,-0.080585,-0.075702,2.166355,0.007326,-0.578754
-1.884871,0.021980,-0.056166,2.166355,0.007326,-0.578754
-1.884489,0.065935,0.012211,2.166737,0.007326,-0.578754
-1.884108,0.065935,0.065935,2.166355,0.007326,-0.578754
-1.884489,-0.007326,0.051283,2.166355,0.007326,-0.578754
-1.884871,-0.080585,-0.007326,2.166355,-0.007328,-0.578754
-1.885252,-0.095238,-0.065934,2.166737,0.007326,-0.583638
-1.884871,0.007328,-0.065934,2.166355,0.007326,-0.578754
-1.884489,0.036633,-0.007326,2.166355,0.021978,-0.583638
-1.884108,0.095240,0.056167,2.166737,0.007326,-0.578754
-1.884108,0.007328,0.061050,2.166355,-0.007328,-0.578754
-1.884871,-0.080585,0.007326,2.166355,0.007326,-0.578754
-1.885252,-0.124542,-0.056166,2.166355,0.007326,-0.583638
-1.884871,-0.021978,-0.075702,2.166355,0.007326,-0.583638
-1.884489,0.051285,-0.021978,2.166355,0.021978,-0.583638
-1.884108,0.095240,0.046398,2.166355,0.007326,-0.583638
-1.884108,0.051285,0.065935,2.166355,0.007326,-0.583638
-1.884489,-0.051283,0.026863,2.166355,0.007326,-0.578754
-1.885252,-0.109890,-0.041514,2.166355,0.007326,-0.578754
-1.885252,-0.051283,-0.075702,2.166355,0.036631,-0.578754
-1.884489,0.065935,-0.041514,2.166355,0.007326,-0.573871
-1.884108,0.080587,0.026863,2.166355,-0.007328,-0.578754
-1.884108,0.051285,0.065935,2.166355,0.007326,-0.583638
-1.884489,-0.036631,0.036631,2.166355,0.007326,-0.583638
-1.884871,-0.109890,-0.026862,2.166355,-0.007328,-0.578754
-1.885252,-0.080585,-0.080586,2.166737,0.021978,-0.578754
-1.884871,0.021980,-0.061050,2.166355,-0.007328,-0.578754
-1.884489,0.065935,0.007326,2.166355,-0.021980,-0.583638
-1.884108,0.080587,0.061050,2.166737,0.036631,-0.588523
-1.884108,-0.007326,0.051283,2.166355,0.007326,-0.583638
-1.884871,-0.109890,-0.007326,2.166355,0.007326,-0.583638
-1.885252,-0.095238,-0.070818,2.166355,-0.007328,-0.578754
-1.884871,-0.007326,-0.070818,2.166355,-0.007328,-0.583638
-1.884489,0.065935,-0.007326,2.166355,0.007326,-0.583638
-1.884108,0.080587,0.056167,2.166355,0.021978,-0.588523
-1.884108,0.021980,0.061050,2.166355,0.007326,-0.578754
-1.884871,-0.080585,0.007326,2.166355,-0.007328,-0.578754
-1.885252,-0.124542,-0.056166,2.166355,0.021978,-0.583638
-1.885252,-0.021978,-0.075702,2.166355,0.007326,-0.583638
-1.884489,0.065935,-0.021978,2.166355,0.007326,-0.578754
-1.884108,0.095240,0.041514,2.166355,0.007326,-0.578754
-1.884108,0.051285,0.065935,2.166355,-0.007328,-0.583638
-1.884489,-0.065933,0.021978,2.166355,0.007326,-0.583638
-1.885252,-0.109890,-0.041514,2.166355,0.007326,-0.583638
-1.885252,-0.051283,-0.075702,2.166355,0.007326,-0.583638
-1.884871,0.036633,-0.036630,2.166737,0.036631,-0.578754
-1.884108,0.080587,0.026863,2.166355,-0.007328,-0.578754
-1.884108,0.051285,0.065935,2.166355,0.021978,-0.583638
-1.884489,-0.051283,0.036631,2.166355,0.007326,-0.583638
-1.884871,-0.124542,-0.026862,2.166355,0.021978,-0.583638
-1.885252,-0.080585,-0.080586,2.166355,0.007326,-0.583638
-1.884871,0.021980,-0.056166,2.166355,0.007326,-0.578754
-1.884489,0.065935,0.012211,2.166355,0.021978,-0.578754
-1.884108,0.065935,0.065935,2.166355,0.021978,-0.583638
-1.884489,-0.007326,0.051283,2.166355,0.007326,-0.583638
-1.884871,-0.109890,-0.007326,2.166355,0.007326,-0.578754
-1.885252,-0.109890,-0.070818,2.166355,0.007326,-0.578754
-1.884871,0.007328,-0.065934,2.166355,0.007326,-0.578754
-1.884489,0.080587,-0.002442,2.166355,0.007326,-0.573871
-1.884108,0.095240,0.056167,2.166355,0.007326,-0.578754
-1.884108,0.021980,0.056167,2.166355,0.021978,-0.578754
-1.884871,-0.080585,0.002442,2.166355,-0.007328,-0.578754
-1.885252,-0.109890,-0.061050,2.166355,0.007326,-0.583638
-1.884871,-0.021978,-0.070818,2.166355,0.007326,-0.583638
-1.884489,0.051285,-0.017094,2.166355,-0.007328,-0.583638
-1.884108,0.080587,0.046398,2.166355,0.007326,-0.583638
-1.884108,0.021980,0.061050,2.166355,0.021978,-0.588523
-1.884489,-0.065933,0.017095,2.166355,0.021978,-0.583638
-1.885252,-0.109890,-0.046398,2.166355,-0.021980,-0.578754
-1.885252,-0.036631,-0.075702,2.166737,0.007326,-0.583638
-1.884489,0.051285,-0.031746,2.166355,0.007326,-0.578754
-1.884108,0.065935,0.036631,2.166355,0.007326,-0.578754
-1.884108,0.036633,0.065935,2.166355,-0.007328,-0.578754
-1.884489,-0.065933,0.026863,2.166737,0.007326,-0.578754
-1.885252,-0.109890,-0.036630,2.166355,-0.007328,-0.578754
-1.885252,-0.065933,-0.075702,2.166355,0.021978,-0.583638
-1.884871,0.051285,-0.046398,2.166355,-0.007328,-0.578754
-1.884108,0.080587,0.021978,2.166355,0.021978,-0.583638
-1.884108,0.065935,0.065935,2.166355,0.007326,-0.583638
-1.884489,-0.021978,0.041514,2.166355,0.007326,-0.578754
-1.884871,-0.095238,-0.021978,2.166355,0.007326,-0.578754
-1.885252,-0.095238,-0.075702,2.166355,0.021978,-0.583638
-1.884871,0.007328,-0.056166,2.166355,0.007326,-0.578754
-1.884489,0.080587,0.007326,2.166355,0.007326,-0.583638
-1.884108,0.065935,0.061050,2.166355,-0.007328,-0.583638
-1.884108,-0.007326,0.051283,2.166355,0.021978,-0.583638
-1.884871,-0.080585,-0.007326,2.166355,-0.007328,-0.583638
-1.885252,-0.095238,-0.065934,2.166355,0.021978,-0.583638
-1.884871,-0.007326,-0.065934,2.166355,0.021978,-0.583638
-1.884489,0.065935,-0.007326,2.166355,-0.007328,-0.578754
-1.884108,0.080587,0.056167,2.166355,0.007326,-0.583638
-1.884108,0.021980,0.056167,2.166737,0.021978,-0.583638
-1.884871,-0.080585,0.002442,2.166355,-0.007328,-0.583638
-1.885252,-0.095238,-0.056166,2.166737,0.007326,-0.583638
-1.884871,-0.036631,-0.070818,2.166355,0.007326,-0.583638
-1.884489,0.051285,-0.021978,2.166355,-0.007328,-0.583638
-1.884108,0.080587,0.041514,2.166355,0.007326,-0.588523
-1.884108,0.021980,0.061050,2.166355,0.007326,-0.578754
-1.884489,-0.065933,0.017095,2.166355,-0.007328,-0.578754
-1.885252,-0.095238,-0.046398,2.166355,0.007326,-0.583638
-1.885252,-0.051283,-0.075702,2.166355,0.021978,-0.583638
-1.884489,0.036633,-0.031746,2.166737,0.007326,-0.583638
-1.884108,0.095240,0.036631,2.166355,0.021978,-0.583638
-1.884108,0.051285,0.065935,2.166737,0.007326,-0.578754
-1.884489,-0.036631,0.031747,2.166355,0.007326,-0.583638
-1.885252,-0.109890,-0.031746,2.166355,-0.021980,-0.578754
-1.885252,-0.065933,-0.075702,2.166355,0.021978,-0.583638
-1.884871,0.036633,-0.046398,2.166355,0.007326,-0.583638
-1.884108,0.080587,0.021978,2.166355,-0.007328,-0.583638
-1.884108,0.065935,0.065935,2.166355,0.007326,-0.583638
-1.884489,-0.036631,0.041514,2.166355,-0.007328,-0.583638
-1.884871,-0.124542,-0.021978,2.166355,0.007326,-0.583638
-1.885252,-0.080585,-0.075702,2.166355,0.021978,-0.578754
-1.884871,0.007328,-0.056166,2.166355,0.021978,-0.583638
-1.884489,0.080587,0.007326,2.166355,0.021978,-0.578754
-1.884108,0.095240,0.061050,2.166355,0.007326,-0.573871
-1.884489,-0.021978,0.051283,2.166355,0.007326,-0.573871
-1.884871,-0.109890,-0.007326,2.166355,0.021978,-0.578754
-1.885252,-0.095238,-0.070818,2.166737,0.021978,-0.578754
-1.884871,0.007328,-0.065934,2.166355,0.007326,-0.578754
-1.884489,0.065935,-0.002442,2.166737,0.021978,-0.578754
