½Ç¶Èrad,½ÇËÙ¶Èrad/s,Å¤¾ØNm,I3,I4,I5
14.106203,3.479855,0.358974,2.278892,0.021978,-0.725275
14.120317,3.538464,0.363859,2.278892,0.007326,-0.735043
14.134050,3.494507,0.407815,2.278892,0.007326,-0.744811
14.147403,3.406593,0.402931,2.278892,0.007326,-0.749695
14.161899,3.494507,0.373627,2.278892,0.007326,-0.754579
14.176394,3.538464,0.354091,2.278892,0.007326,-0.749695
14.190509,3.553116,0.368743,2.278892,0.021978,-0.754579
14.204242,3.509159,0.383395,2.278892,0.021978,-0.754579
14.218739,3.523811,0.363859,2.278892,-0.007328,-0.759462
14.233234,3.597073,0.334555,2.278892,-0.007328,-0.764347
14.247349,3.567768,0.344323,2.278892,-0.007328,-0.764347
14.261463,3.553116,0.354091,2.278892,0.007326,-0.764347
14.275578,3.538464,0.354091,2.278892,0.007326,-0.759462
14.290456,3.597073,0.349207,2.278892,0.007326,-0.759462
14.304570,3.567768,0.358974,2.278892,0.007326,-0.764347
14.318303,3.509159,0.354091,2.278892,-0.007328,-0.764347
14.332800,3.538464,0.329671,2.278892,0.007326,-0.764347
14.347677,3.641026,0.319902,2.278892,0.007326,-0.764347
14.362173,3.641026,0.344323,2.278892,0.007326,-0.764347
14.376287,3.582420,0.358974,2.278892,0.021978,-0.764347
14.390402,3.553116,0.324787,2.278892,0.007326,-0.764347
14.404899,3.567768,0.310135,2.278892,0.021978,-0.769231
14.419013,3.582420,0.310135,2.278892,0.007326,-0.769231
14.433509,3.553116,0.329671,2.278892,0.021978,-0.774115
14.447623,3.553116,0.334555,2.278892,-0.007328,-0.769231
14.461739,3.567768,0.319902,2.278892,0.007326,-0.769231
14.472420,3.567768,0.305251,2.278892,0.007326,-0.769231
14.490349,3.538464,0.305251,2.278892,0.021978,-0.769231
14.504845,3.553116,0.310135,2.278892,-0.007328,-0.769231
14.518960,3.567768,0.315019,2.278892,0.021978,-0.774115
14.533074,3.523811,0.324787,2.278892,0.007326,-0.769231
14.546807,3.465202,0.315019,2.278892,-0.007328,-0.769231
14.560540,3.450550,0.324787,2.278892,0.021978,-0.774115
14.574655,3.494507,0.310135,2.278892,0.007326,-0.769231
14.588770,3.509159,0.315019,2.278892,0.007326,-0.774115
14.602503,3.494507,0.319902,2.278892,0.021978,-0.769231
14.616236,3.450550,0.334555,2.278892,-0.007328,-0.769231
14.630350,3.494507,0.324787,2.278892,0.007326,-0.774115
14.644465,3.465202,0.315019,2.278892,-0.007328,-0.774115
14.658198,3.479855,0.334555,2.278892,0.021978,-0.783883
14.671931,3.450550,0.358974,2.278892,0.007326,-0.774115
14.686046,3.450550,0.344323,2.278892,0.007326,-0.774115
14.699779,3.479855,0.339439,2.278892,0.021978,-0.778998
14.713894,3.494507,0.363859,2.278892,0.007326,-0.774115
14.728008,3.479855,0.368743,2.278892,0.007326,-0.769231
14.742123,3.494507,0.358974,2.279273,0.007326,-0.774115
14.756237,3.538464,0.349207,2.278892,0.007326,-0.778998
14.770734,3.509159,0.373627,2.278892,0.007326,-0.778998
14.784467,3.509159,0.388279,2.279273,0.007326,-0.774115
14.798963,3.538464,0.378511,2.278892,0.007326,-0.774115
14.813077,3.582420,0.363859,2.279273,0.007326,-0.778998
14.827573,3.553116,0.368743,2.278892,0.007326,-0.778998
14.841688,3.538464,0.368743,2.278892,0.007326,-0.778998
14.856184,3.567768,0.358974,2.278892,0.007326,-0.774115
14.870680,3.611725,0.354091,2.278892,0.007326,-0.774115
14.884794,3.597073,0.358974,2.279273,0.007326,-0.774115
14.899291,3.538464,0.354091,2.278892,0.007326,-0.774115
14.913405,3.582420,0.315019,2.279273,0.007326,-0.774115
14.928283,3.641026,0.290599,2.279273,0.021978,-0.774115
14.943160,3.655678,0.295483,2.279273,-0.007328,-0.774115
14.957275,3.611725,0.310135,2.278892,-0.007328,-0.774115
14.972153,3.626373,0.305251,2.278892,-0.007328,-0.778998
14.987030,3.684982,0.305251,2.278892,-0.007328,-0.778998
15.001907,3.699635,0.324787,2.279273,0.007326,-0.778998
15.016022,3.611725,0.319902,2.278892,0.007326,-0.778998
15.030519,3.597073,0.305251,2.278892,0.007326,-0.778998
15.045014,3.641026,0.280830,2.279273,0.021978,-0.778998
15.059510,3.582420,0.290599,2.279273,0.036631,-0.778998
15.073625,3.567768,0.300367,2.278892,0.007326,-0.774115
15.087740,3.567768,0.290599,2.279273,0.007326,-0.769231
15.102617,3.641026,0.290599,2.279273,0.007326,-0.774115
15.117113,3.611725,0.305251,2.279273,0.021978,-0.778998
15.131609,3.611725,0.310135,2.279273,0.007326,-0.769231
15.145724,3.611725,0.285715,2.279273,0.007326,-0.769231
15.160602,3.641026,0.280830,2.279273,0.007326,-0.769231
15.175097,3.626373,0.295483,2.279273,0.007326,-0.769231
15.189212,3.553116,0.319902,2.278892,-0.007328,-0.769231
15.203326,3.553116,0.319902,2.279273,0.007326,-0.769231
15.217823,3.582420,0.315019,2.279273,0.007326,-0.769231
15.232319,3.597073,0.300367,2.279273,0.021978,-0.769231
15.246433,3.582420,0.290599,2.279273,0.007326,-0.764347
15.261311,3.611725,0.290599,2.279273,0.007326,-0.764347
15.275807,3.626373,0.295483,2.279273,0.007326,-0.764347
15.290303,3.611725,0.305251,2.278892,0.021978,-0.769231
15.304418,3.597073,0.310135,2.279273,0.007326,-0.764347
15.318913,3.582420,0.305251,2.279273,0.007326,-0.764347
15.333409,3.611725,0.285715,2.278892,0.021978,-0.764347
15.347906,3.626373,0.280830,2.278892,0.007326,-0.764347
15.362402,3.626373,0.275947,2.279273,0.007326,-0.764347
15.377279,3.626373,0.271063,2.279273,0.007326,-0.759462
15.391776,3.670330,0.280830,2.278892,0.007326,-0.764347
15.406653,3.655678,0.280830,2.279273,0.007326,-0.764347
15.421149,3.655678,0.295483,2.279273,0.007326,-0.759462
15.436027,3.670330,0.295483,2.278892,0.007326,-0.764347
15.450904,3.714287,0.290599,2.279273,0.007326,-0.759462
15.465782,3.699635,0.300367,2.278892,0.007326,-0.759462
15.480278,3.670330,0.315019,2.278892,-0.007328,-0.759462
15.494774,3.626373,0.305251,2.278892,0.007326,-0.759462
15.509651,3.670330,0.290599,2.279273,0.007326,-0.754579
15.524529,3.684982,0.300367,2.279273,0.021978,-0.754579
15.539407,3.684982,0.290599,2.278892,0.007326,-0.749695
15.554284,3.714287,0.285715,2.278892,0.007326,-0.749695
15.569161,3.714287,0.275947,2.278892,-0.007328,-0.749695
15.584039,3.714287,0.285715,2.278892,0.007326,-0.749695
15.598917,3.728939,0.290599,2.278892,0.007326,-0.749695
15.614176,3.728939,0.271063,2.278892,0.007326,-0.749695
15.629053,3.816853,0.261295,2.278892,0.007326,-0.749695
15.644694,3.772896,0.266179,2.279273,0.007326,-0.744811
15.659190,3.743591,0.275947,2.279273,0.007326,-0.744811
15.674449,3.772896,0.256411,2.278892,-0.007328,-0.744811
15.690089,3.802200,0.251527,2.279273,0.021978,-0.744811
15.705348,3.831505,0.256411,2.279273,0.021978,-0.739926
15.720608,3.816853,0.261295,2.278892,-0.007328,-0.739926
15.735867,3.802200,0.261295,2.278892,-0.007328,-0.739926
15.750744,3.758244,0.261295,2.279273,0.007326,-0.739926
15.765241,3.714287,0.271063,2.279273,0.021978,-0.739926
15.779737,3.655678,0.266179,2.278892,-0.007328,-0.739926
15.794614,3.684982,0.266179,2.278892,-0.007328,-0.739926
15.809873,3.728939,0.251527,2.278892,0.021978,-0.739926
15.824750,3.743591,0.251527,2.278892,0.007326,-0.735043
15.839628,3.758244,0.261295,2.278892,0.007326,-0.735043
15.854887,3.772896,0.251527,2.278892,-0.007328,-0.735043
15.869764,3.728939,0.256411,2.278892,-0.007328,-0.735043
15.884642,3.728939,0.256411,2.278892,0.007326,-0.735043
15.899520,3.714287,0.251527,2.279273,0.021978,-0.735043
15.914397,3.714287,0.246643,2.279273,0.007326,-0.730159
15.929275,3.684982,0.251527,2.278892,0.007326,-0.730159
15.944152,3.699635,0.256411,2.278892,0.007326,-0.730159
15.958648,3.670330,0.246643,2.278892,-0.007328,-0.725275
15.973526,3.684982,0.246643,2.278892,0.007326,-0.730159
15.988403,3.714287,0.231991,2.278892,0.007326,-0.725275
16.003662,3.714287,0.241758,2.278892,0.007326,-0.725275
16.018539,3.758244,0.251527,2.278892,0.007326,-0.725275
16.033417,3.728939,0.251527,2.279273,0.021978,-0.725275
16.048294,3.743591,0.261295,2.278892,-0.007328,-0.725275
16.063171,3.714287,0.266179,2.278892,0.007326,-0.720390
16.078049,3.699635,0.261295,2.278892,0.007326,-0.720390
16.092926,3.743591,0.256411,2.278892,0.007326,-0.715507
16.107805,3.728939,0.261295,2.278892,-0.007328,-0.715507
16.123064,3.743591,0.256411,2.278892,0.007326,-0.715507
16.138325,3.758244,0.251527,2.278892,0.007326,-0.720390
16.153202,3.787548,0.261295,2.278892,0.021978,-0.720390
16.168461,3.743591,0.271063,2.278892,0.007326,-0.715507
16.182957,3.699635,0.275947,2.278892,0.021978,-0.710623
16.197834,3.699635,0.261295,2.278892,-0.007328,-0.705739
16.213093,3.743591,0.251527,2.278892,0.007326,-0.705739
16.227970,3.787548,0.261295,2.278892,0.007326,-0.710623
16.243610,3.758244,0.266179,2.278892,0.021978,-0.715507
16.258488,3.787548,0.246643,2.278892,0.007326,-0.705739
16.273746,3.787548,0.236875,2.278892,0.007326,-0.700854
16.289005,3.802200,0.236875,2.278892,0.007326,-0.700854
16.303883,3.772896,0.231991,2.278892,0.007326,-0.700854
16.319141,3.772896,0.222223,2.278892,0.007326,-0.705739
16.334400,3.802200,0.212455,2.278892,0.007326,-0.700854
16.349661,3.787548,0.207571,2.278892,0.007326,-0.700854
16.364538,3.772896,0.212455,2.278892,0.007326,-0.695971
16.379797,3.758244,0.202686,2.278892,-0.007328,-0.695971
16.394676,3.787548,0.197803,2.278892,0.007326,-0.695971
16.409935,3.758244,0.202686,2.278892,0.007326,-0.695971
16.424812,3.758244,0.207571,2.278892,0.021978,-0.695971
16.440071,3.772896,0.207571,2.278892,-0.007328,-0.695971
16.454567,3.728939,0.212455,2.278892,0.036631,-0.695971
16.469444,3.699635,0.231991,2.278892,0.007326,-0.686203
16.484322,3.684982,0.227107,2.278892,-0.007328,-0.686203
16.496910,3.684982,0.231991,2.278892,0.021978,-0.691087
16.514076,3.714287,0.231991,2.278892,-0.007328,-0.686203
16.528572,3.699635,0.236875,2.278892,0.007326,-0.681318
16.543449,3.714287,0.246643,2.278892,0.007326,-0.681318
16.558327,3.699635,0.256411,2.278892,0.007326,-0.681318
16.573204,3.699635,0.256411,2.278892,-0.007328,-0.681318
16.588081,3.714287,0.256411,2.278892,0.021978,-0.686203
16.602961,3.728939,0.261295,2.278892,-0.007328,-0.681318
16.618219,3.743591,0.256411,2.278892,0.021978,-0.676435
16.633099,3.728939,0.271063,2.278892,-0.007328,-0.681318
16.647976,3.699635,0.285715,2.278892,-0.007328,-0.676435
16.662472,3.699635,0.280830,2.278892,0.007326,-0.676435
16.677349,3.699635,0.285715,2.278892,0.007326,-0.676435
16.692608,3.714287,0.285715,2.278892,0.021978,-0.671551
16.707485,3.714287,0.280830,2.278892,-0.007328,-0.666667
16.722363,3.758244,0.271063,2.278892,0.007326,-0.666667
16.737621,3.758244,0.275947,2.278892,0.007326,-0.666667
16.752499,3.772896,0.266179,2.278892,-0.007328,-0.666667
16.767757,3.772896,0.261295,2.278892,0.007326,-0.671551
16.782635,3.758244,0.246643,2.278892,0.007326,-0.666667
16.798275,3.802200,0.227107,2.278892,0.007326,-0.666667
16.813152,3.787548,0.231991,2.278892,0.007326,-0.661782
16.828030,3.758244,0.231991,2.278892,0.007326,-0.666667
16.842909,3.743591,0.217339,2.278892,0.036631,-0.666667
16.858549,3.787548,0.212455,2.278892,0.007326,-0.656898
16.873426,3.758244,0.222223,2.278892,0.007326,-0.656898
16.888306,3.743591,0.222223,2.278892,0.021978,-0.656898
16.903183,3.714287,0.207571,2.278892,-0.007328,-0.661782
16.918060,3.684982,0.212455,2.278892,0.021978,-0.661782
16.932938,3.714287,0.212455,2.278892,0.007326,-0.661782
16.947815,3.699635,0.212455,2.278892,0.007326,-0.656898
16.962692,3.714287,0.212455,2.278892,0.007326,-0.656898
16.977570,3.728939,0.207571,2.278892,0.007326,-0.656898
16.992447,3.699635,0.227107,2.278892,0.007326,-0.652015
17.006943,3.670330,0.231991,2.278510,0.007326,-0.652015
17.022202,3.714287,0.227107,2.278510,0.007326,-0.652015
17.037079,3.743591,0.231991,2.278892,0.007326,-0.652015
17.051956,3.714287,0.246643,2.278510,0.007326,-0.652015
17.066833,3.728939,0.241758,2.278892,0.021978,-0.652015
17.082092,3.743591,0.246643,2.278510,0.007326,-0.647131
17.096590,3.758244,0.271063,2.278892,0.007326,-0.652015
17.111849,3.714287,0.285715,2.278892,-0.007328,-0.647131
17.125963,3.655678,0.295483,2.278510,0.007326,-0.652015
17.140842,3.655678,0.295483,2.278892,0.007326,-0.647131
17.155720,3.670330,0.300367,2.278892,0.007326,-0.647131
17.170216,3.670330,0.305251,2.278892,0.007326,-0.647131
17.185093,3.670330,0.295483,2.278892,-0.007328,-0.642246
17.200352,3.743591,0.290599,2.278510,0.007326,-0.642246
17.215229,3.728939,0.295483,2.278510,0.007326,-0.647131
17.230106,3.714287,0.305251,2.278510,-0.007328,-0.647131
17.244984,3.714287,0.285715,2.278510,0.007326,-0.647131
17.259861,3.743591,0.285715,2.278892,0.007326,-0.642246
17.275120,3.758244,0.285715,2.278510,0.007326,-0.642246
17.289997,3.728939,0.280830,2.278892,0.007326,-0.647131
17.304874,3.743591,0.280830,2.278510,-0.007328,-0.647131
17.320133,3.758244,0.280830,2.278510,0.007326,-0.642246
17.335012,3.743591,0.275947,2.278510,-0.007328,-0.637362
17.350271,3.743591,0.275947,2.278510,0.007326,-0.637362
17.364767,3.684982,0.275947,2.278510,0.007326,-0.642246
17.379644,3.699635,0.256411,2.278510,0.007326,-0.642246
17.394524,3.699635,0.251527,2.278510,0.007326,-0.637362
17.409401,3.728939,0.251527,2.278510,0.007326,-0.637362
17.424278,3.714287,0.231991,2.278892,0.007326,-0.637362
17.439156,3.728939,0.241758,2.278510,0.007326,-0.632479
17.454033,3.714287,0.241758,2.278892,0.021978,-0.637362
17.468910,3.699635,0.236875,2.278510,0.007326,-0.632479
17.484169,3.758244,0.231991,2.278510,-0.007328,-0.627595
17.499428,3.758244,0.241758,2.278510,0.007326,-0.632479
17.514305,3.758244,0.251527,2.278510,0.007326,-0.632479
17.529182,3.728939,0.246643,2.278510,0.007326,-0.632479
17.544060,3.699635,0.246643,2.278510,0.007326,-0.632479
17.558937,3.714287,0.236875,2.278510,-0.007328,-0.637362
17.573433,3.699635,0.246643,2.278510,0.007326,-0.632479
17.588310,3.684982,0.241758,2.278510,0.007326,-0.632479
17.603188,3.699635,0.227107,2.278510,-0.007328,-0.632479
17.618065,3.728939,0.236875,2.278510,0.007326,-0.632479
17.632942,3.714287,0.241758,2.278510,0.007326,-0.632479
17.647820,3.714287,0.236875,2.278510,0.007326,-0.627595
17.662697,3.714287,0.236875,2.278510,0.007326,-0.627595
17.677193,3.670330,0.261295,2.278510,0.007326,-0.627595
17.692070,3.641026,0.261295,2.278510,0.007326,-0.627595
17.706184,3.641026,0.266179,2.278510,-0.007328,-0.622710
17.721062,3.670330,0.280830,2.278510,0.007326,-0.627595
17.735558,3.641026,0.280830,2.278510,0.021978,-0.622710
17.750053,3.626373,0.290599,2.278510,0.007326,-0.622710
17.764549,3.641026,0.280830,2.278510,-0.007328,-0.622710
17.779427,3.670330,0.271063,2.278510,0.007326,-0.622710
17.794304,3.670330,0.275947,2.278510,0.007326,-0.622710
17.808800,3.670330,0.280830,2.278510,0.007326,-0.622710
17.824059,3.684982,0.271063,2.278510,-0.007328,-0.622710
17.838936,3.699635,0.271063,2.278510,0.007326,-0.622710
17.853813,3.714287,0.285715,2.278510,0.007326,-0.617826
17.868309,3.670330,0.290599,2.278510,0.007326,-0.617826
17.882805,3.655678,0.280830,2.278510,0.007326,-0.622710
17.898064,3.728939,0.271063,2.278510,0.007326,-0.617826
17.912941,3.714287,0.271063,2.278510,-0.007328,-0.622710
17.928200,3.743591,0.271063,2.278510,0.007326,-0.622710
17.943077,3.743591,0.266179,2.278510,-0.007328,-0.617826
17.958336,3.758244,0.266179,2.278510,0.007326,-0.617826
17.970924,3.728939,0.266179,2.278510,0.007326,-0.617826
17.987709,3.684982,0.275947,2.278510,-0.007328,-0.612943
18.002205,3.655678,0.256411,2.278510,-0.007328,-0.612943
18.017082,3.655678,0.256411,2.278510,0.007326,-0.612943
18.031578,3.684982,0.251527,2.278510,0.007326,-0.617826
18.046837,3.670330,0.251527,2.278510,0.007326,-0.617826
18.061714,3.728939,0.241758,2.278510,0.007326,-0.612943
18.076591,3.743591,0.236875,2.278510,0.007326,-0.612943
18.091469,3.728939,0.236875,2.278510,-0.007328,-0.617826
18.106346,3.728939,0.236875,2.278510,0.007326,-0.617826
18.121605,3.728939,0.246643,2.278510,0.007326,-0.612943
18.136101,3.714287,0.246643,2.278510,0.007326,-0.617826
18.150978,3.684982,0.256411,2.278510,0.007326,-0.612943
18.165474,3.670330,0.261295,2.278510,0.007326,-0.617826
18.179970,3.655678,0.251527,2.278510,-0.007328,-0.617826
18.194847,3.684982,0.256411,2.278510,0.007326,-0.617826
18.209724,3.670330,0.256411,2.278510,0.007326,-0.617826
18.224220,3.670330,0.256411,2.278510,0.007326,-0.617826
18.239098,3.684982,0.236875,2.278510,0.007326,-0.612943
18.253975,3.684982,0.246643,2.278510,0.021978,-0.612943
18.268471,3.670330,0.246643,2.278510,0.007326,-0.612943
18.283348,3.655678,0.246643,2.278510,-0.007328,-0.612943
18.298225,3.684982,0.256411,2.278510,0.007326,-0.617826
18.312721,3.670330,0.271063,2.278510,-0.007328,-0.612943
18.326836,3.597073,0.290599,2.278510,0.007326,-0.612943
18.340950,3.567768,0.295483,2.278510,0.021978,-0.612943
18.355827,3.582420,0.290599,2.278510,0.021978,-0.612943
18.370323,3.611725,0.275947,2.278510,-0.007328,-0.612943
18.384438,3.611725,0.280830,2.278510,0.007326,-0.617826
18.398933,3.611725,0.280830,2.278510,0.007326,-0.617826
18.413429,3.626373,0.280830,2.278510,0.007326,-0.617826
18.428307,3.626373,0.305251,2.278510,0.007326,-0.617826
18.442421,3.582420,0.329671,2.278510,0.007326,-0.612943
18.456154,3.538464,0.324787,2.278510,0.021978,-0.617826
18.470650,3.582420,0.300367,2.278510,-0.007328,-0.617826
18.485527,3.626373,0.300367,2.278510,0.021978,-0.622710
18.500023,3.655678,0.300367,2.278510,-0.007328,-0.617826
18.514519,3.655678,0.310135,2.278510,0.007326,-0.617826
18.529778,3.699635,0.305251,2.278510,0.007326,-0.617826
18.544655,3.699635,0.295483,2.278510,0.021978,-0.622710
18.559914,3.714287,0.310135,2.278510,-0.007328,-0.617826
18.574409,3.684982,0.315019,2.278510,-0.007328,-0.622710
18.589287,3.714287,0.300367,2.278510,-0.007328,-0.617826
18.604164,3.699635,0.305251,2.278510,0.007326,-0.622710
18.618660,3.670330,0.315019,2.278510,0.007326,-0.627595
18.633537,3.670330,0.300367,2.278510,0.007326,-0.627595
18.648033,3.670330,0.290599,2.278510,0.007326,-0.622710
18.663292,3.743591,0.285715,2.278510,0.021978,-0.622710
18.678169,3.728939,0.275947,2.278510,-0.021980,-0.622710
18.693047,3.728939,0.275947,2.278510,0.007326,-0.627595
18.707924,3.714287,0.271063,2.278510,0.007326,-0.627595
18.722801,3.714287,0.271063,2.278510,0.007326,-0.622710
18.737679,3.699635,0.271063,2.278510,0.007326,-0.627595
18.752556,3.699635,0.271063,2.278510,-0.007328,-0.632479
18.767433,3.714287,0.251527,2.278510,-0.007328,-0.632479
18.782310,3.714287,0.246643,2.278510,0.007326,-0.637362
18.796806,3.684982,0.251527,2.278510,0.021978,-0.637362
18.811684,3.684982,0.236875,2.278510,-0.007328,-0.637362
18.826561,3.684982,0.236875,2.278510,0.021978,-0.637362
18.841057,3.684982,0.241758,2.278510,0.007326,-0.637362
18.855934,3.655678,0.236875,2.278510,0.007326,-0.637362
18.870811,3.684982,0.231991,2.278510,-0.007328,-0.632479
18.885307,3.655678,0.231991,2.278510,0.007326,-0.642246
18.899803,3.670330,0.241758,2.278510,0.007326,-0.642246
18.914299,3.655678,0.256411,2.278510,-0.007328,-0.642246
18.929176,3.641026,0.275947,2.278510,0.007326,-0.642246
18.943672,3.641026,0.271063,2.278510,0.007326,-0.647131
18.958168,3.641026,0.290599,2.278510,0.021978,-0.647131
18.972664,3.626373,0.290599,2.278510,0.007326,-0.647131
18.987160,3.597073,0.285715,2.278510,-0.007328,-0.647131
19.001656,3.641026,0.271063,2.278510,0.007326,-0.652015
19.016151,3.611725,0.280830,2.278510,0.007326,-0.652015
19.030647,3.597073,0.295483,2.278510,0.007326,-0.652015
19.044762,3.582420,0.295483,2.278510,0.007326,-0.652015
19.059258,3.611725,0.305251,2.278510,0.007326,-0.647131
19.073753,3.582420,0.310135,2.278510,0.007326,-0.652015
19.087868,3.553116,0.305251,2.278510,0.007326,-0.652015
19.101982,3.538464,0.290599,2.278510,0.007326,-0.656898
19.112663,3.567768,0.295483,2.278510,0.007326,-0.656898
19.131355,3.597073,0.305251,2.278510,0.007326,-0.656898
19.145470,3.582420,0.324787,2.278510,0.021978,-0.666667
19.159966,3.582420,0.324787,2.278510,0.021978,-0.661782
19.174461,3.641026,0.310135,2.278510,0.007326,-0.661782
19.189339,3.684982,0.319902,2.278510,0.007326,-0.666667
19.203835,3.655678,0.329671,2.278510,0.007326,-0.666667
19.218330,3.611725,0.310135,2.278510,0.007326,-0.666667
19.233208,3.670330,0.295483,2.278510,0.007326,-0.671551
19.247704,3.670330,0.305251,2.278510,0.007326,-0.666667
19.262581,3.655678,0.305251,2.278510,0.007326,-0.666667
19.277077,3.626373,0.305251,2.278510,0.007326,-0.666667
19.291954,3.684982,0.300367,2.278510,0.021978,-0.666667
19.306450,3.655678,0.295483,2.278510,0.007326,-0.671551
19.321709,3.699635,0.295483,2.278510,0.007326,-0.671551
19.336205,3.699635,0.285715,2.278510,0.021978,-0.671551
19.351463,3.714287,0.280830,2.278510,-0.007328,-0.676435
19.366341,3.728939,0.285715,2.278510,0.021978,-0.681318
19.380836,3.699635,0.295483,2.278510,0.007326,-0.681318
19.395714,3.684982,0.280830,2.278510,0.007326,-0.681318
19.410210,3.655678,0.271063,2.278510,0.021978,-0.681318
19.425468,3.670330,0.271063,2.278510,0.007326,-0.681318
19.439583,3.626373,0.256411,2.278510,0.007326,-0.681318
19.453697,3.567768,0.256411,2.278510,0.007326,-0.686203
19.468193,3.597073,0.256411,2.278510,0.021978,-0.691087
19.481926,3.567768,0.271063,2.278510,0.021978,-0.686203
19.496422,3.538464,0.280830,2.278510,0.007326,-0.686203
19.510536,3.553116,0.275947,2.278510,0.007326,-0.691087
19.525032,3.582420,0.266179,2.278510,0.007326,-0.691087
19.539146,3.567768,0.280830,2.278510,0.007326,-0.695971
19.553261,3.553116,0.300367,2.278510,0.007326,-0.695971
19.567375,3.509159,0.310135,2.278510,-0.007328,-0.695971
19.581490,3.509159,0.305251,2.278510,0.021978,-0.700854
19.595604,3.523811,0.305251,2.278510,0.007326,-0.695971
19.609718,3.509159,0.334555,2.278510,0.007326,-0.695971
19.623451,3.479855,0.339439,2.278510,-0.007328,-0.700854
19.637566,3.523811,0.334555,2.278510,0.007326,-0.705739
19.652061,3.538464,0.339439,2.278510,-0.007328,-0.705739
19.665794,3.494507,0.358974,2.278510,0.007326,-0.705739
19.679909,3.479855,0.358974,2.278510,0.007326,-0.705739
19.694023,3.553116,0.344323,2.278892,0.021978,-0.710623
19.708900,3.597073,0.334555,2.278510,0.007326,-0.705739
19.723015,3.567768,0.339439,2.278510,0.007326,-0.705739
19.737511,3.597073,0.344323,2.278510,-0.007328,-0.705739
19.752007,3.582420,0.324787,2.278510,0.007326,-0.715507
19.766502,3.641026,0.339439,2.278510,0.007326,-0.715507
19.780998,3.611725,0.354091,2.278510,0.007326,-0.715507
19.795113,3.582420,0.344323,2.278510,0.007326,-0.715507
19.809990,3.641026,0.305251,2.278510,0.007326,-0.715507
19.824867,3.670330,0.305251,2.278510,0.007326,-0.715507
19.839363,3.641026,0.310135,2.278510,0.021978,-0.715507
19.853859,3.611725,0.295483,2.278510,0.007326,-0.715507
19.868736,3.714287,0.266179,2.278892,0.007326,-0.715507
19.883995,3.743591,0.266179,2.278892,0.021978,-0.720390
19.898491,3.684982,0.290599,2.278892,0.007326,-0.720390
19.912987,3.626373,0.290599,2.278510,0.007326,-0.720390
19.927483,3.655678,0.275947,2.278892,0.007326,-0.720390
19.942360,3.699635,0.271063,2.278892,-0.007328,-0.715507
19.956856,3.670330,0.290599,2.278892,0.021978,-0.720390
19.971733,3.641026,0.295483,2.278892,0.007326,-0.720390
19.986229,3.670330,0.285715,2.278892,0.007326,-0.720390
20.001488,3.699635,0.290599,2.278510,0.007326,-0.725275
20.015984,3.670330,0.300367,2.278892,0.007326,-0.720390
20.030479,3.655678,0.285715,2.278510,-0.007328,-0.725275
20.045357,3.655678,0.261295,2.278892,0.021978,-0.730159
20.059853,3.655678,0.266179,2.278892,0.007326,-0.730159
20.073967,3.611725,0.266179,2.278892,0.007326,-0.730159
20.088463,3.611725,0.275947,2.278510,-0.007328,-0.730159
20.102959,3.611725,0.285715,2.278892,0.021978,-0.735043
20.117455,3.582420,0.285715,2.278892,0.007326,-0.735043
20.131950,3.597073,0.290599,2.278892,0.007326,-0.730159
20.146065,3.567768,0.275947,2.278892,0.007326,-0.735043
20.160561,3.597073,0.256411,2.278892,-0.007328,-0.735043
20.175056,3.641026,0.251527,2.278892,0.007326,-0.735043
20.189552,3.641026,0.280830,2.278892,0.007326,-0.735043
20.204048,3.597073,0.290599,2.278892,0.007326,-0.735043
20.218163,3.567768,0.290599,2.278892,0.021978,-0.739926
20.232658,3.597073,0.285715,2.278892,0.007326,-0.739926
20.246773,3.567768,0.280830,2.278892,0.007326,-0.739926
20.261269,3.553116,0.285715,2.278892,0.036631,-0.744811
20.275383,3.553116,0.285715,2.278892,-0.007328,-0.744811
20.289879,3.567768,0.300367,2.278892,0.021978,-0.749695
20.303993,3.567768,0.305251,2.278892,0.021978,-0.744811
20.318489,3.582420,0.300367,2.278892,0.007326,-0.744811
20.332985,3.597073,0.290599,2.278892,0.007326,-0.744811
20.347099,3.582420,0.305251,2.278892,-0.007328,-0.744811
20.361214,3.538464,0.319902,2.278892,-0.007328,-0.744811
20.375328,3.523811,0.329671,2.278892,-0.007328,-0.749695
20.389824,3.597073,0.315019,2.278892,0.007326,-0.749695
20.404701,3.597073,0.319902,2.278892,0.021978,-0.754579
20.418816,3.567768,0.339439,2.278892,0.007326,-0.749695
20.432549,3.523811,0.329671,2.278892,0.007326,-0.749695
20.447426,3.597073,0.324787,2.278892,0.021978,-0.749695
20.461922,3.626373,0.334555,2.278892,-0.007328,-0.749695
20.476418,3.611725,0.354091,2.278892,0.021978,-0.749695
20.490913,3.567768,0.344323,2.278892,0.021978,-0.749695
20.505028,3.582420,0.324787,2.278892,0.007326,-0.744811
20.519905,3.641026,0.310135,2.278892,0.007326,-0.749695
20.534401,3.626373,0.310135,2.278892,0.007326,-0.749695
20.548897,3.611725,0.315019,2.278892,0.007326,-0.754579
20.564156,3.670330,0.290599,2.278892,-0.007328,-0.754579
20.579033,3.714287,0.290599,2.278892,0.007326,-0.754579
20.593147,3.655678,0.315019,2.278892,0.021978,-0.754579
20.607262,3.597073,0.319902,2.278892,-0.007328,-0.754579
20.622139,3.670330,0.295483,2.278892,0.021978,-0.759462
20.637398,3.714287,0.300367,2.278892,0.021978,-0.759462
20.652275,3.699635,0.315019,2.278892,0.007326,-0.754579
20.666389,3.611725,0.305251,2.278892,-0.007328,-0.759462
20.680885,3.626373,0.275947,2.278892,0.007326,-0.759462
20.695763,3.655678,0.266179,2.278892,0.007326,-0.764347
20.709877,3.597073,0.280830,2.278892,0.007326,-0.764347
20.724373,3.597073,0.285715,2.278892,0.007326,-0.764347
20.738487,3.567768,0.285715,2.278892,0.021978,-0.764347
20.752983,3.597073,0.290599,2.278892,0.007326,-0.759462
20.767097,3.567768,0.295483,2.278892,0.021978,-0.759462
20.781593,3.523811,0.285715,2.278892,-0.007328,-0.754579
20.795708,3.538464,0.285715,2.278892,0.021978,-0.759462
20.809822,3.523811,0.295483,2.278892,0.007326,-0.764347
20.823555,3.465202,0.305251,2.278892,0.021978,-0.764347
20.837288,3.465202,0.300367,2.278892,0.007326,-0.764347
20.851402,3.450550,0.300367,2.278892,-0.007328,-0.764347
20.865135,3.479855,0.319902,2.278892,0.007326,-0.764347
20.879250,3.494507,0.319902,2.278892,0.007326,-0.769231
20.892601,3.450550,0.329671,2.278892,-0.007328,-0.769231
20.906334,3.435898,0.334555,2.278892,0.007326,-0.769231
20.920448,3.450550,0.329671,2.278892,0.007326,-0.769231
20.934181,3.465202,0.329671,2.278892,0.007326,-0.764347
20.947914,3.435898,0.363859,2.278892,0.007326,-0.764347
20.961647,3.406593,0.358974,2.278892,0.007326,-0.764347
20.975380,3.450550,0.354091,2.278892,0.007326,-0.764347
20.989494,3.450550,0.363859,2.278892,0.007326,-0.769231
21.003227,3.435898,0.388279,2.278892,0.007326,-0.769231
21.016960,3.435898,0.378511,2.278892,0.007326,-0.769231
21.030693,3.465202,0.373627,2.278892,0.007326,-0.769231
21.044807,3.479855,0.402931,2.278892,0.021978,-0.769231
21.058540,3.435898,0.398046,2.278892,0.021978,-0.769231
21.072655,3.465202,0.388279,2.278892,0.007326,-0.774115
21.086769,3.509159,0.383395,2.278892,0.007326,-0.769231
21.100883,3.509159,0.393163,2.278892,0.021978,-0.774115
21.114998,3.494507,0.393163,2.278892,0.021978,-0.774115
21.128731,3.479855,0.388279,2.278892,0.007326,-0.774115
21.142845,3.509159,0.373627,2.278892,0.007326,-0.774115
21.156960,3.523811,0.383395,2.278892,0.021978,-0.778998
21.170692,3.509159,0.378511,2.279273,0.007326,-0.774115
21.184807,3.450550,0.373627,2.278892,0.007326,-0.778998
21.198921,3.494507,0.349207,2.278892,0.021978,-0.778998
21.213417,3.567768,0.339439,2.278892,0.007326,-0.769231
21.227531,3.582420,0.358974,2.278892,0.021978,-0.774115
21.241646,3.523811,0.358974,2.279273,0.007326,-0.774115
21.256142,3.553116,0.334555,2.278892,0.007326,-0.774115
21.270638,3.611725,0.324787,2.279273,0.021978,-0.778998
21.285133,3.597073,0.349207,2.279273,0.007326,-0.774115
21.298866,3.538464,0.363859,2.278892,0.007326,-0.778998
21.312981,3.509159,0.354091,2.278892,0.007326,-0.783883
21.327477,3.553116,0.329671,2.279273,-0.007328,-0.778998
21.341591,3.553116,0.344323,2.278892,0.007326,-0.783883
21.355705,3.538464,0.354091,2.278892,0.007326,-0.783883
21.369820,3.538464,0.344323,2.279273,0.007326,-0.778998
21.384697,3.582420,0.324787,2.279273,0.021978,-0.778998
21.398430,3.597073,0.324787,2.278892,-0.007328,-0.778998
21.413307,3.567768,0.324787,2.279273,0.021978,-0.778998
21.427803,3.567768,0.315019,2.279273,0.007326,-0.778998
21.442299,3.611725,0.324787,2.279273,0.007326,-0.774115
21.456413,3.597073,0.339439,2.279273,0.007326,-0.774115
21.470528,3.567768,0.344323,2.279273,0.007326,-0.774115
21.485023,3.553116,0.319902,2.279273,0.021978,-0.774115
21.499138,3.567768,0.310135,2.279273,0.021978,-0.774115
21.513634,3.582420,0.310135,2.279273,0.007326,-0.774115
21.527748,3.553116,0.319902,2.278892,0.021978,-0.774115
21.542244,3.553116,0.324787,2.279273,0.007326,-0.769231
21.556358,3.553116,0.305251,2.279273,0.007326,-0.769231
21.570473,3.553116,0.300367,2.279273,0.021978,-0.769231
21.584969,3.538464,0.310135,2.278892,-0.007328,-0.769231
21.599083,3.523811,0.319902,2.279273,0.007326,-0.769231
21.613197,3.567768,0.319902,2.279273,0.021978,-0.764347
21.627312,3.567768,0.324787,2.279273,0.021978,-0.759462
21.641808,3.553116,0.310135,2.279273,0.021978,-0.759462
21.656303,3.582420,0.315019,2.279273,0.007326,-0.759462
21.670799,3.611725,0.310135,2.279273,0.007326,-0.759462
21.685677,3.626373,0.319902,2.278892,0.007326,-0.759462
21.699791,3.611725,0.334555,2.279273,-0.007328,-0.764347
21.714287,3.597073,0.334555,2.279273,0.021978,-0.764347
21.729164,3.655678,0.319902,2.278892,0.007326,-0.759462
21.744041,3.670330,0.319902,2.278892,-0.007328,-0.759462
21.758156,3.641026,0.329671,2.278892,0.007326,-0.759462
21.772652,3.611725,0.310135,2.278892,0.007326,-0.759462
21.787148,3.611725,0.295483,2.278892,0.021978,-0.759462
21.802025,3.655678,0.280830,2.279273,0.007326,-0.754579
21.816902,3.684982,0.280830,2.278892,-0.007328,-0.754579
21.831779,3.684982,0.280830,2.279273,0.021978,-0.754579
21.846657,3.714287,0.266179,2.278892,-0.007328,-0.754579
21.861916,3.743591,0.266179,2.279273,0.021978,-0.754579
21.876793,3.743591,0.271063,2.279273,-0.007328,-0.754579
21.891670,3.728939,0.266179,2.279273,0.021978,-0.754579
21.906929,3.787548,0.246643,2.279273,0.021978,-0.749695
21.922188,3.787548,0.241758,2.279273,0.007326,-0.749695
21.937065,3.758244,0.246643,2.279273,0.007326,-0.749695
21.951942,3.728939,0.231991,2.278892,-0.007328,-0.749695
21.967201,3.772896,0.217339,2.278892,0.021978,-0.749695
21.983223,3.831505,0.217339,2.279273,0.021978,-0.749695
21.998100,3.816853,0.236875,2.279273,0.007326,-0.744811
22.012978,3.772896,0.246643,2.279273,0.007326,-0.749695
22.027855,3.714287,0.251527,2.279273,0.007326,-0.744811
22.042732,3.699635,0.246643,2.279273,0.007326,-0.744811
22.057228,3.641026,0.236875,2.278892,-0.007328,-0.749695
22.071724,3.655678,0.231991,2.278892,0.021978,-0.744811
22.086601,3.684982,0.217339,2.279273,0.007326,-0.744811
22.101479,3.699635,0.222223,2.278892,0.007326,-0.744811
22.116356,3.714287,0.227107,2.278892,0.021978,-0.739926
22.131233,3.714287,0.227107,2.278892,0.007326,-0.735043
22.146111,3.714287,0.227107,2.279273,0.007326,-0.735043
22.160988,3.684982,0.231991,2.278892,0.007326,-0.735043
22.175484,3.670330,0.241758,2.278892,0.021978,-0.730159
22.190361,3.684982,0.241758,2.278892,0.007326,-0.730159
22.205238,3.699635,0.246643,2.278892,0.007326,-0.730159
22.220116,3.684982,0.261295,2.278892,-0.007328,-0.730159
22.234612,3.641026,0.280830,2.278892,0.007326,-0.730159
22.249107,3.626373,0.275947,2.278892,0.007326,-0.730159
22.263985,3.655678,0.266179,2.278892,0.021978,-0.730159
22.278481,3.684982,0.266179,2.279273,0.021978,-0.730159
22.293739,3.699635,0.271063,2.278892,-0.007328,-0.725275
22.308235,3.699635,0.266179,2.278892,0.007326,-0.725275
22.323112,3.684982,0.266179,2.278892,0.007326,-0.725275
22.337990,3.699635,0.271063,2.278892,-0.007328,-0.730159
22.352867,3.699635,0.266179,2.279273,0.021978,-0.725275
22.367744,3.714287,0.256411,2.278892,0.007326,-0.720390
22.382622,3.743591,0.256411,2.278892,0.007326,-0.720390
22.397881,3.728939,0.246643,2.278892,-0.007328,-0.720390
22.413139,3.772896,0.251527,2.278892,0.007326,-0.725275
22.428398,3.772896,0.246643,2.278892,0.007326,-0.720390
22.443275,3.787548,0.261295,2.278892,0.007326,-0.720390
22.458153,3.758244,0.271063,2.278892,0.007326,-0.720390
22.473030,3.714287,0.261295,2.279273,0.021978,-0.715507
22.487907,3.728939,0.246643,2.278892,0.007326,-0.715507
22.503166,3.772896,0.241758,2.278892,-0.007328,-0.710623
22.518425,3.787548,0.256411,2.278892,0.007326,-0.715507
22.533684,3.802200,0.246643,2.278892,-0.007328,-0.715507
22.548943,3.802200,0.231991,2.278892,0.007326,-0.710623
22.564583,3.816853,0.227107,2.278892,0.021978,-0.710623
22.579842,3.802200,0.217339,2.278892,-0.007328,-0.710623
22.594719,3.802200,0.212455,2.278892,0.021978,-0.705739
22.609978,3.802200,0.197803,2.278892,0.007326,-0.705739
22.625237,3.772896,0.188035,2.278892,0.007326,-0.705739
22.640495,3.802200,0.192919,2.278892,0.021978,-0.705739
22.655373,3.758244,0.188035,2.278892,-0.007328,-0.700854
22.670250,3.772896,0.183151,2.278892,-0.007328,-0.705739
22.685509,3.758244,0.188035,2.278892,0.007326,-0.705739
22.700768,3.758244,0.192919,2.278892,0.007326,-0.705739
22.716026,3.787548,0.192919,2.278892,0.007326,-0.700854
22.730904,3.772896,0.202686,2.278892,0.021978,-0.695971
22.746162,3.772896,0.212455,2.278892,-0.007328,-0.695971
22.761040,3.743591,0.222223,2.278892,0.007326,-0.691087
22.775917,3.758244,0.227107,2.278892,0.021978,-0.695971
22.791176,3.728939,0.227107,2.278892,-0.007328,-0.691087
22.805672,3.714287,0.236875,2.278892,0.021978,-0.695971
22.820549,3.714287,0.231991,2.278892,0.007326,-0.691087
22.835808,3.728939,0.227107,2.278892,0.007326,-0.691087
22.848778,3.772896,0.222223,2.278892,-0.007328,-0.691087
22.866325,3.758244,0.231991,2.278892,0.021978,-0.686203
22.881203,3.787548,0.246643,2.278892,-0.007328,-0.686203
22.896080,3.758244,0.251527,2.278892,0.007326,-0.686203
22.910957,3.743591,0.271063,2.278892,0.021978,-0.686203
22.925453,3.699635,0.271063,2.278892,-0.007328,-0.681318
22.940331,3.655678,0.256411,2.278892,0.007326,-0.681318
22.955208,3.699635,0.241758,2.278892,0.007326,-0.681318
22.970085,3.728939,0.231991,2.278892,-0.007328,-0.681318
22.985344,3.758244,0.231991,2.278892,-0.007328,-0.681318
23.000603,3.772896,0.231991,2.278892,0.007326,-0.681318
23.015862,3.787548,0.236875,2.278892,0.021978,-0.676435
23.030739,3.772896,0.241758,2.278892,-0.007328,-0.671551
23.045616,3.758244,0.246643,2.278892,0.007326,-0.671551
23.060875,3.772896,0.241758,2.278892,-0.007328,-0.671551
23.076134,3.802200,0.231991,2.278892,-0.007328,-0.671551
23.091774,3.816853,0.236875,2.278892,0.007326,-0.671551
23.106651,3.787548,0.231991,2.278892,-0.007328,-0.671551
23.121910,3.787548,0.227107,2.278892,0.021978,-0.666667
23.137169,3.802200,0.222223,2.278892,-0.007328,-0.671551
23.152428,3.802200,0.222223,2.278892,0.007326,-0.666667
23.167686,3.802200,0.217339,2.278892,0.007326,-0.666667
23.182564,3.772896,0.212455,2.278892,0.021978,-0.666667
23.197823,3.758244,0.217339,2.278892,0.007326,-0.661782
23.212700,3.758244,0.212455,2.278892,-0.007328,-0.661782
23.227577,3.743591,0.217339,2.278892,0.007326,-0.661782
23.242836,3.758244,0.212455,2.278892,0.007326,-0.661782
23.257713,3.743591,0.207571,2.278892,-0.007328,-0.656898
23.272591,3.728939,0.217339,2.278892,0.007326,-0.656898
23.287468,3.714287,0.217339,2.278892,-0.021980,-0.652015
23.302345,3.714287,0.207571,2.278892,0.007326,-0.656898
23.317223,3.714287,0.207571,2.278892,0.021978,-0.656898
23.332100,3.743591,0.212455,2.278892,0.007326,-0.652015
23.347359,3.728939,0.217339,2.278892,0.007326,-0.661782
23.362236,3.758244,0.222223,2.278892,0.007326,-0.656898
23.377113,3.758244,0.241758,2.278892,-0.007328,-0.656898
23.391991,3.684982,0.246643,2.278892,0.007326,-0.656898
23.406487,3.684982,0.256411,2.278892,0.007326,-0.656898
23.421745,3.699635,0.256411,2.278892,0.007326,-0.652015
23.432426,3.714287,0.256411,2.278892,0.007326,-0.652015
23.451118,3.714287,0.275947,2.278892,-0.007328,-0.647131
23.466377,3.728939,0.275947,2.278892,0.007326,-0.652015
23.481255,3.743591,0.271063,2.278892,0.007326,-0.652015
23.496132,3.743591,0.280830,2.278892,0.021978,-0.652015
23.511009,3.714287,0.295483,2.278892,-0.007328,-0.652015
23.525887,3.714287,0.275947,2.278892,-0.007328,-0.652015
23.541145,3.743591,0.275947,2.278892,0.036631,-0.652015
23.556023,3.743591,0.280830,2.278892,0.007326,-0.647131
23.570900,3.699635,0.280830,2.278510,0.007326,-0.642246
23.585777,3.714287,0.280830,2.278510,-0.007328,-0.642246
23.600655,3.699635,0.275947,2.278510,0.007326,-0.647131
23.615532,3.714287,0.266179,2.278510,-0.007328,-0.647131
23.630409,3.714287,0.261295,2.278892,0.021978,-0.642246
23.645287,3.714287,0.266179,2.278510,-0.007328,-0.642246
23.660164,3.728939,0.256411,2.278510,-0.007328,-0.642246
23.675041,3.699635,0.256411,2.278510,0.007326,-0.642246
23.689919,3.699635,0.251527,2.278510,-0.007328,-0.642246
23.704796,3.714287,0.241758,2.278892,0.007326,-0.637362
23.719673,3.728939,0.246643,2.278892,0.021978,-0.637362
23.734550,3.728939,0.246643,2.278510,0.007326,-0.637362
23.749809,3.714287,0.246643,2.278510,0.007326,-0.642246
23.764687,3.743591,0.236875,2.278510,0.007326,-0.637362
23.779945,3.758244,0.251527,2.278510,0.007326,-0.637362
23.794823,3.743591,0.251527,2.278510,0.007326,-0.632479
23.809319,3.699635,0.256411,2.278510,0.007326,-0.627595
23.824196,3.699635,0.256411,2.278510,0.007326,-0.632479
23.839073,3.714287,0.251527,2.278510,-0.007328,-0.632479
23.853569,3.684982,0.266179,2.278510,0.007326,-0.627595
23.868446,3.684982,0.266179,2.278510,0.007326,-0.632479
23.883324,3.684982,0.251527,2.278510,0.021978,-0.632479
23.898201,3.714287,0.251527,2.278510,0.021978,-0.632479
23.913078,3.684982,0.261295,2.278510,0.021978,-0.627595
23.927956,3.699635,0.256411,2.278510,-0.007328,-0.627595
23.942833,3.728939,0.246643,2.278510,0.007326,-0.627595
23.957329,3.699635,0.261295,2.278510,0.007326,-0.627595
23.972206,3.641026,0.256411,2.278510,0.007326,-0.627595
23.986320,3.626373,0.256411,2.278510,0.007326,-0.627595
24.001198,3.641026,0.251527,2.278510,-0.007328,-0.627595
24.015694,3.641026,0.266179,2.278510,0.007326,-0.627595
24.030190,3.641026,0.285715,2.278510,0.007326,-0.627595
24.045067,3.626373,0.290599,2.278510,0.007326,-0.627595
24.059563,3.670330,0.290599,2.278510,0.021978,-0.622710
24.074440,3.670330,0.290599,2.278510,0.007326,-0.622710
24.089317,3.684982,0.305251,2.278510,0.007326,-0.622710
24.103813,3.670330,0.295483,2.278510,-0.007328,-0.617826
24.118690,3.699635,0.295483,2.278510,0.021978,-0.622710
24.133949,3.728939,0.305251,2.278510,0.007326,-0.622710
24.148445,3.670330,0.310135,2.278510,0.021978,-0.622710
24.162941,3.655678,0.300367,2.278510,-0.007328,-0.617826
24.177818,3.699635,0.285715,2.278510,-0.007328,-0.622710
24.192696,3.684982,0.280830,2.278510,0.007326,-0.622710
24.207954,3.714287,0.275947,2.278510,0.007326,-0.617826
24.222832,3.758244,0.271063,2.278510,-0.007328,-0.617826
24.238091,3.772896,0.271063,2.278510,0.021978,-0.622710
24.253349,3.758244,0.275947,2.278510,0.007326,-0.617826
24.267845,3.728939,0.280830,2.278510,0.007326,-0.617826
24.282722,3.714287,0.266179,2.278510,0.007326,-0.617826
24.297600,3.714287,0.261295,2.278510,0.007326,-0.617826
24.312859,3.714287,0.251527,2.278510,0.007326,-0.617826
24.327354,3.670330,0.251527,2.278510,0.007326,-0.617826
24.342232,3.684982,0.236875,2.278510,0.007326,-0.617826
24.357109,3.714287,0.227107,2.278510,-0.007328,-0.617826
24.371986,3.728939,0.227107,2.278510,-0.007328,-0.617826
24.387245,3.743591,0.227107,2.278510,0.007326,-0.617826
24.402122,3.743591,0.231991,2.278510,-0.007328,-0.617826
24.417000,3.728939,0.231991,2.278510,0.021978,-0.617826
24.431496,3.699635,0.236875,2.278510,-0.007328,-0.612943
24.445992,3.655678,0.231991,2.278510,0.007326,-0.612943
24.460487,3.626373,0.231991,2.278510,0.007326,-0.612943
24.475365,3.655678,0.231991,2.278510,0.007326,-0.612943
24.490242,3.699635,0.241758,2.278510,0.007326,-0.617826
24.505119,3.670330,0.256411,2.278510,0.007326,-0.617826
24.519615,3.699635,0.251527,2.278510,0.007326,-0.617826
24.534492,3.699635,0.261295,2.278510,0.007326,-0.612943
24.548988,3.670330,0.271063,2.278510,0.021978,-0.617826
24.563484,3.655678,0.261295,2.278510,0.007326,-0.617826
24.578362,3.670330,0.246643,2.278510,0.007326,-0.617826
24.593239,3.684982,0.251527,2.278510,0.007326,-0.617826
24.607735,3.655678,0.266179,2.278510,0.007326,-0.617826
24.622231,3.597073,0.266179,2.278510,-0.007328,-0.617826
24.636726,3.597073,0.275947,2.278510,0.021978,-0.617826
24.651222,3.626373,0.271063,2.278510,0.021978,-0.617826
24.665718,3.626373,0.290599,2.278510,0.007326,-0.617826
24.680214,3.626373,0.300367,2.278510,0.007326,-0.617826
24.695091,3.641026,0.290599,2.278510,-0.007328,-0.622710
24.709587,3.641026,0.295483,2.278510,0.021978,-0.617826
24.723701,3.597073,0.305251,2.278510,0.007326,-0.617826
24.738197,3.567768,0.300367,2.278510,0.007326,-0.617826
24.752693,3.582420,0.285715,2.278510,0.007326,-0.617826
24.767570,3.655678,0.290599,2.278510,0.021978,-0.617826
24.782066,3.655678,0.300367,2.278510,-0.007328,-0.617826
24.796562,3.641026,0.315019,2.278510,-0.007328,-0.622710
24.811821,3.699635,0.315019,2.278510,-0.007328,-0.627595
24.826317,3.684982,0.315019,2.278510,0.007326,-0.622710
24.841194,3.699635,0.324787,2.278510,0.007326,-0.627595
24.855690,3.655678,0.324787,2.278510,0.007326,-0.622710
24.870567,3.670330,0.310135,2.278510,0.007326,-0.622710
24.885063,3.670330,0.300367,2.278510,0.007326,-0.627595
24.899559,3.670330,0.300367,2.278510,0.007326,-0.627595
24.914436,3.641026,0.280830,2.278510,0.007326,-0.622710
24.929314,3.670330,0.261295,2.278510,-0.007328,-0.622710
24.944191,3.714287,0.246643,2.278510,0.021978,-0.627595
24.959068,3.728939,0.246643,2.278510,0.007326,-0.627595
24.974327,3.728939,0.246643,2.278510,0.007326,-0.627595
24.989204,3.728939,0.241758,2.278510,0.007326,-0.627595
25.003700,3.699635,0.251527,2.278510,0.007326,-0.627595
25.018578,3.684982,0.251527,2.278510,-0.007328,-0.627595
25.033073,3.684982,0.251527,2.278510,0.007326,-0.627595
25.048332,3.714287,0.241758,2.278510,0.007326,-0.632479
25.062828,3.699635,0.241758,2.278510,0.007326,-0.637362
25.077705,3.714287,0.251527,2.278510,0.021978,-0.637362
25.092583,3.684982,0.256411,2.278510,0.007326,-0.637362
25.107460,3.670330,0.261295,2.278510,0.021978,-0.637362
25.121956,3.684982,0.266179,2.278510,-0.007328,-0.637362
25.136833,3.655678,0.271063,2.278510,0.021978,-0.637362
25.151329,3.670330,0.266179,2.278510,-0.007328,-0.642246
25.166206,3.670330,0.266179,2.278510,0.007326,-0.647131
25.181084,3.670330,0.266179,2.278510,0.007326,-0.647131
25.195198,3.655678,0.271063,2.278510,0.021978,-0.647131
25.210075,3.641026,0.271063,2.278510,0.007326,-0.642246
25.224571,3.641026,0.256411,2.278510,0.007326,-0.647131
25.239067,3.626373,0.261295,2.278510,0.021978,-0.652015
25.253563,3.641026,0.271063,2.278510,0.007326,-0.652015
25.268059,3.597073,0.280830,2.278510,0.007326,-0.652015
25.282936,3.641026,0.275947,2.278510,0.007326,-0.647131
25.297432,3.641026,0.295483,2.278510,0.007326,-0.647131
25.311546,3.597073,0.305251,2.278510,0.007326,-0.652015
25.326042,3.567768,0.285715,2.278510,0.007326,-0.647131
25.340157,3.597073,0.280830,2.278510,0.021978,-0.652015
25.354652,3.582420,0.290599,2.278510,0.021978,-0.652015
25.368767,3.553116,0.310135,2.278510,0.021978,-0.656898
25.382881,3.553116,0.315019,2.278510,-0.007328,-0.656898
25.397377,3.582420,0.310135,2.278510,0.007326,-0.656898
25.411873,3.611725,0.305251,2.278510,0.007326,-0.656898
25.425987,3.567768,0.310135,2.278510,-0.007328,-0.661782
25.440483,3.582420,0.310135,2.278510,0.007326,-0.666667
25.455360,3.626373,0.300367,2.278510,0.021978,-0.661782
25.469856,3.670330,0.315019,2.278510,0.007326,-0.661782
25.484734,3.641026,0.334555,2.278510,0.007326,-0.666667
25.499229,3.641026,0.329671,2.278510,0.007326,-0.666667
25.514107,3.670330,0.315019,2.278510,0.007326,-0.666667
25.528984,3.714287,0.324787,2.278510,-0.007328,-0.661782
25.543480,3.684982,0.324787,2.278510,-0.007328,-0.671551
25.558357,3.655678,0.315019,2.278510,0.007326,-0.671551
25.573235,3.684982,0.300367,2.278510,0.021978,-0.676435
25.587730,3.684982,0.290599,2.278510,0.021978,-0.676435
25.602608,3.684982,0.290599,2.278510,0.007326,-0.671551
25.617485,3.684982,0.275947,2.278510,0.007326,-0.671551
25.632362,3.714287,0.266179,2.278510,0.021978,-0.681318
25.647240,3.714287,0.266179,2.278510,0.021978,-0.681318
25.662117,3.699635,0.266179,2.278510,0.021978,-0.681318
25.676613,3.655678,0.256411,2.278510,0.007326,-0.676435
25.691109,3.641026,0.256411,2.278510,0.007326,-0.681318
25.705986,3.626373,0.256411,2.278510,0.007326,-0.686203
25.720100,3.582420,0.261295,2.278510,-0.007328,-0.686203
25.734596,3.567768,0.271063,2.278510,0.007326,-0.691087
25.748711,3.582420,0.261295,2.278510,0.007326,-0.691087
25.762825,3.582420,0.261295,2.278510,0.021978,-0.686203
25.777321,3.538464,0.256411,2.278510,0.007326,-0.691087
25.791435,3.553116,0.271063,2.278510,0.007326,-0.695971
25.805550,3.567768,0.275947,2.278510,0.007326,-0.686203
25.819664,3.553116,0.280830,2.278510,0.007326,-0.691087
25.834160,3.538464,0.285715,2.278510,0.007326,-0.691087
25.847893,3.479855,0.305251,2.278510,0.007326,-0.691087
25.862007,3.509159,0.315019,2.278510,-0.007328,-0.691087
25.875740,3.479855,0.319902,2.278510,0.021978,-0.700854
25.889854,3.479855,0.329671,2.278510,0.007326,-0.691087
25.903969,3.509159,0.334555,2.278510,0.007326,-0.695971
25.918083,3.509159,0.344323,2.278892,0.021978,-0.700854
25.932198,3.538464,0.349207,2.278510,0.007326,-0.700854
25.945930,3.494507,0.358974,2.278510,-0.007328,-0.705739
25.959663,3.479855,0.363859,2.278510,0.007326,-0.705739
25.974159,3.523811,0.363859,2.278892,0.021978,-0.705739
25.988655,3.567768,0.358974,2.278510,-0.007328,-0.705739
26.002769,3.553116,0.373627,2.278510,0.021978,-0.705739
26.017265,3.553116,0.363859,2.278510,-0.007328,-0.700854
26.031380,3.553116,0.349207,2.278510,0.007326,-0.710623
26.045876,3.626373,0.349207,2.278510,0.021978,-0.710623
26.060371,3.597073,0.358974,2.278510,-0.007328,-0.710623
26.074486,3.597073,0.363859,2.278892,0.021978,-0.715507
26.089363,3.597073,0.324787,2.278510,0.007326,-0.715507
26.104240,3.670330,0.315019,2.278510,-0.007328,-0.715507
26.118736,3.626373,0.324787,2.278510,0.007326,-0.720390
26.133232,3.611725,0.305251,2.278892,0.007326,-0.715507
26.148109,3.670330,0.275947,2.278892,0.007326,-0.715507
26.162987,3.728939,0.271063,2.278510,0.007326,-0.715507
26.177864,3.699635,0.275947,2.278892,0.007326,-0.715507
26.192360,3.670330,0.275947,2.278510,0.007326,-0.715507
26.207237,3.670330,0.271063,2.278892,0.007326,-0.715507
26.222115,3.714287,0.256411,2.278892,0.021978,-0.715507
26.236992,3.684982,0.280830,2.278892,0.007326,-0.720390
26.251488,3.626373,0.290599,2.278510,0.007326,-0.725275
26.265984,3.641026,0.275947,2.278892,0.007326,-0.725275
26.281242,3.714287,0.280830,2.278892,0.021978,-0.720390
26.295738,3.699635,0.300367,2.278892,0.007326,-0.720390
26.310616,3.699635,0.300367,2.278892,0.021978,-0.720390
26.325493,3.670330,0.285715,2.278892,0.007326,-0.720390
26.339989,3.641026,0.290599,2.278892,0.007326,-0.725275
26.354485,3.611725,0.280830,2.278892,0.007326,-0.725275
26.368599,3.553116,0.275947,2.278892,0.007326,-0.725275
26.382713,3.597073,0.271063,2.278510,0.007326,-0.725275
26.397209,3.597073,0.266179,2.278892,0.007326,-0.730159
26.411705,3.611725,0.280830,2.278892,0.007326,-0.730159
26.426201,3.567768,0.285715,2.278892,0.007326,-0.730159
26.440697,3.597073,0.266179,2.278892,-0.007328,-0.730159
26.455193,3.611725,0.251527,2.278892,0.007326,-0.735043
26.469688,3.641026,0.261295,2.278892,0.021978,-0.735043
26.484184,3.611725,0.266179,2.278510,-0.007328,-0.735043
26.498680,3.611725,0.280830,2.278892,0.007326,-0.735043
26.513176,3.611725,0.285715,2.278892,0.007326,-0.739926
26.527290,3.597073,0.300367,2.278892,0.007326,-0.739926
26.541786,3.582420,0.300367,2.278892,0.007326,-0.739926
26.556282,3.582420,0.280830,2.278892,0.021978,-0.739926
26.570778,3.597073,0.280830,2.278892,0.021978,-0.739926
26.584892,3.582420,0.285715,2.278892,0.007326,-0.739926
26.599392,3.611725,0.295483,2.278892,0.007326,-0.735043
26.614269,3.611725,0.295483,2.278892,0.021978,-0.739926
26.628765,3.626373,0.315019,2.278892,-0.007328,-0.739926
26.642879,3.582420,0.319902,2.278892,0.007326,-0.735043
26.656994,3.523811,0.310135,2.278892,0.021978,-0.739926
26.671490,3.611725,0.285715,2.278892,-0.007328,-0.739926
26.686367,3.655678,0.290599,2.278892,0.007326,-0.739926
26.700481,3.611725,0.329671,2.278892,-0.007328,-0.739926
26.714596,3.538464,0.339439,2.278892,0.007326,-0.744811
26.729092,3.597073,0.324787,2.278892,0.021978,-0.744811
26.743969,3.641026,0.315019,2.278892,0.007326,-0.739926
26.758846,3.626373,0.324787,2.278892,0.007326,-0.739926
26.772961,3.597073,0.315019,2.278892,0.007326,-0.744811
26.787457,3.611725,0.305251,2.278892,0.007326,-0.744811
26.802338,3.641026,0.295483,2.278892,0.007326,-0.744811
26.816452,3.611725,0.310135,2.278892,-0.007328,-0.744811
26.830948,3.611725,0.310135,2.278892,0.007326,-0.744811
26.845825,3.670330,0.295483,2.278892,0.007326,-0.744811
26.861084,3.728939,0.300367,2.278892,0.021978,-0.744811
26.875580,3.655678,0.324787,2.278892,0.021978,-0.749695
26.889694,3.597073,0.329671,2.278892,0.007326,-0.749695
26.904572,3.655678,0.290599,2.278892,0.007326,-0.749695
26.919830,3.728939,0.280830,2.278892,0.021978,-0.749695
26.934708,3.743591,0.295483,2.278892,0.007326,-0.744811
26.949203,3.670330,0.295483,2.278892,0.021978,-0.749695
26.963699,3.641026,0.275947,2.278892,0.021978,-0.749695
26.978195,3.641026,0.261295,2.278892,0.007326,-0.749695
26.992695,3.641026,0.266179,2.278892,0.021978,-0.749695
27.007572,3.626373,0.271063,2.278892,-0.007328,-0.749695
27.022068,3.626373,0.275947,2.278892,-0.007328,-0.754579
27.036564,3.641026,0.280830,2.278892,-0.007328,-0.754579
27.051060,3.641026,0.290599,2.278892,0.021978,-0.754579
27.065556,3.641026,0.285715,2.278892,0.007326,-0.754579
27.080433,3.641026,0.275947,2.278892,-0.007328,-0.759462
27.094929,3.641026,0.280830,2.278892,0.007326,-0.759462
27.109043,3.567768,0.280830,2.278892,0.007326,-0.759462
27.123158,3.553116,0.285715,2.278892,0.007326,-0.754579
27.137653,3.567768,0.280830,2.278892,0.007326,-0.754579
27.151768,3.582420,0.285715,2.278892,0.007326,-0.754579
27.166264,3.582420,0.290599,2.278892,0.007326,-0.754579
27.180378,3.553116,0.285715,2.278892,0.021978,-0.759462
27.192589,3.538464,0.280830,2.278892,0.007326,-0.754579
27.209373,3.567768,0.285715,2.278892,0.007326,-0.759462
27.223488,3.597073,0.305251,2.278892,0.021978,-0.759462
27.237602,3.553116,0.319902,2.278892,-0.007328,-0.754579
27.252098,3.582420,0.305251,2.278892,0.007326,-0.759462
27.266594,3.597073,0.290599,2.278892,0.007326,-0.754579
27.280708,3.597073,0.305251,2.278892,0.007326,-0.754579
27.295204,3.597073,0.310135,2.278892,0.007326,-0.754579
27.309700,3.597073,0.319902,2.278892,-0.007328,-0.754579
27.324196,3.626373,0.324787,2.278892,0.007326,-0.754579
27.338692,3.567768,0.334555,2.278892,0.021978,-0.754579
27.352806,3.582420,0.324787,2.278892,-0.007328,-0.749695
27.367683,3.611725,0.300367,2.278892,0.007326,-0.754579
27.382183,3.655678,0.295483,2.278892,0.007326,-0.759462
27.396679,3.626373,0.310135,2.278892,0.021978,-0.754579
27.411175,3.611725,0.324787,2.278892,0.007326,-0.759462
27.425671,3.611725,0.310135,2.278892,0.007326,-0.759462
27.440548,3.641026,0.310135,2.278892,-0.007328,-0.759462
27.455044,3.670330,0.319902,2.278892,0.007326,-0.759462
27.469540,3.626373,0.319902,2.278892,0.007326,-0.759462
27.484417,3.655678,0.295483,2.278892,0.021978,-0.759462
27.499294,3.699635,0.275947,2.278892,0.007326,-0.754579
27.514172,3.728939,0.295483,2.278892,0.007326,-0.759462
27.528667,3.670330,0.300367,2.278892,-0.007328,-0.759462
27.543545,3.684982,0.275947,2.278892,0.007326,-0.754579
27.558422,3.714287,0.266179,2.278892,0.007326,-0.749695
27.573299,3.684982,0.280830,2.278892,0.007326,-0.754579
27.587795,3.641026,0.275947,2.278892,0.007326,-0.754579
27.602291,3.626373,0.266179,2.278892,0.007326,-0.754579
27.616787,3.655678,0.266179,2.278892,0.007326,-0.759462
27.631664,3.655678,0.275947,2.278892,0.007326,-0.754579
27.645779,3.626373,0.285715,2.278892,0.007326,-0.754579
27.660656,3.641026,0.271063,2.278892,0.007326,-0.759462
27.675537,3.684982,0.275947,2.278892,0.007326,-0.759462
27.690414,3.655678,0.280830,2.278892,0.007326,-0.759462
27.704910,3.641026,0.275947,2.278892,-0.007328,-0.754579
27.719788,3.670330,0.256411,2.278892,-0.007328,-0.749695
27.734283,3.684982,0.256411,2.278892,0.007326,-0.754579
27.748779,3.641026,0.266179,2.278892,0.007326,-0.754579
27.763275,3.626373,0.271063,2.278892,0.007326,-0.749695
27.778152,3.626373,0.275947,2.278892,0.007326,-0.749695
27.792267,3.626373,0.280830,2.278892,0.007326,-0.754579
27.806763,3.611725,0.295483,2.278892,0.007326,-0.754579
27.820877,3.597073,0.295483,2.278892,0.007326,-0.749695
27.835373,3.611725,0.285715,2.278892,0.021978,-0.749695
27.849869,3.597073,0.280830,2.278892,0.007326,-0.744811
27.864365,3.582420,0.290599,2.278892,-0.007328,-0.744811
27.878483,3.567768,0.295483,2.278892,0.021978,-0.749695
27.892597,3.567768,0.300367,2.278892,0.007326,-0.749695
27.907475,3.611725,0.305251,2.278892,0.007326,-0.744811
27.921589,3.597073,0.300367,2.278892,-0.007328,-0.739926
27.936085,3.582420,0.295483,2.278892,0.007326,-0.749695
27.950581,3.626373,0.285715,2.278892,0.007326,-0.744811
27.965458,3.641026,0.285715,2.278892,0.007326,-0.739926
27.979954,3.641026,0.295483,2.278892,-0.007328,-0.739926
27.994450,3.641026,0.305251,2.278892,0.007326,-0.744811
28.009327,3.684982,0.295483,2.278892,0.007326,-0.739926
28.024204,3.684982,0.305251,2.278892,0.007326,-0.739926
28.038700,3.670330,0.324787,2.278892,0.007326,-0.739926
28.053577,3.597073,0.319902,2.278892,-0.007328,-0.744811
28.067696,3.611725,0.305251,2.278892,0.007326,-0.744811
28.082573,3.655678,0.280830,2.278892,0.007326,-0.749695
28.097450,3.684982,0.285715,2.278892,0.007326,-0.744811
28.112328,3.670330,0.280830,2.278892,0.007326,-0.739926
28.127205,3.699635,0.271063,2.278892,-0.007328,-0.739926
28.142082,3.728939,0.271063,2.278892,-0.007328,-0.744811
28.156960,3.743591,0.280830,2.278892,0.007326,-0.744811
28.171837,3.714287,0.275947,2.278892,0.021978,-0.744811
28.187096,3.743591,0.256411,2.278892,0.007326,-0.739926
28.202354,3.787548,0.256411,2.278892,0.007326,-0.739926
28.217232,3.758244,0.256411,2.278892,0.007326,-0.735043
28.232109,3.728939,0.251527,2.278892,0.007326,-0.739926
28.247368,3.758244,0.236875,2.278892,0.007326,-0.739926
28.262627,3.816853,0.231991,2.278892,0.021978,-0.739926
28.277885,3.831505,0.251527,2.278892,0.007326,-0.739926
28.293144,3.772896,0.266179,2.278892,0.007326,-0.744811
28.308022,3.728939,0.275947,2.278892,0.007326,-0.739926
28.322517,3.699635,0.280830,2.278892,-0.007328,-0.735043
28.337013,3.611725,0.271063,2.278892,0.007326,-0.739926
28.351891,3.641026,0.251527,2.278892,0.021978,-0.739926
28.366390,3.655678,0.236875,2.278892,0.021978,-0.735043
28.381268,3.714287,0.236875,2.278892,0.007326,-0.730159
28.396145,3.728939,0.236875,2.278892,0.021978,-0.735043
28.411022,3.714287,0.241758,2.278892,0.021978,-0.735043
28.425900,3.699635,0.241758,2.278892,0.007326,-0.735043
28.440395,3.684982,0.246643,2.278892,0.007326,-0.735043
28.454891,3.655678,0.256411,2.278892,0.007326,-0.730159
28.469387,3.626373,0.256411,2.278892,-0.007328,-0.730159
28.484264,3.641026,0.266179,2.278892,0.007326,-0.730159
28.498760,3.611725,0.271063,2.278892,0.007326,-0.730159
28.513256,3.626373,0.275947,2.278892,0.007326,-0.730159
28.527752,3.641026,0.261295,2.278892,0.007326,-0.730159
28.542629,3.670330,0.251527,2.278892,-0.007328,-0.725275
28.557510,3.699635,0.246643,2.278892,0.007326,-0.725275
28.572388,3.684982,0.251527,2.278892,0.021978,-0.725275
28.586884,3.684982,0.261295,2.278892,0.021978,-0.720390
28.601761,3.699635,0.246643,2.278892,0.007326,-0.720390
28.616638,3.699635,0.251527,2.278892,0.021978,-0.720390
28.631516,3.714287,0.246643,2.278892,0.007326,-0.720390
28.646774,3.714287,0.246643,2.278892,0.007326,-0.720390
28.661652,3.728939,0.241758,2.278892,0.007326,-0.720390
28.676529,3.743591,0.241758,2.278892,0.007326,-0.715507
28.691788,3.772896,0.236875,2.278892,0.007326,-0.715507
28.707047,3.802200,0.227107,2.278892,-0.007328,-0.715507
28.722305,3.802200,0.241758,2.278892,-0.007328,-0.715507
28.737564,3.787548,0.256411,2.278892,0.007326,-0.715507
28.752445,3.743591,0.261295,2.278892,0.007326,-0.715507
28.767704,3.772896,0.251527,2.278892,0.021978,-0.720390
28.782963,3.787548,0.251527,2.278892,0.021978,-0.715507
28.798222,3.802200,0.256411,2.278892,0.021978,-0.715507
28.813480,3.787548,0.251527,2.278892,-0.007328,-0.710623
28.828739,3.831505,0.236875,2.278892,0.021978,-0.710623
28.843998,3.846157,0.222223,2.278892,0.007326,-0.710623
28.859257,3.816853,0.212455,2.278892,0.007326,-0.710623
28.874516,3.831505,0.202686,2.278892,-0.007328,-0.710623
28.890156,3.831505,0.192919,2.278892,0.007326,-0.710623
28.905033,3.802200,0.192919,2.278892,-0.007328,-0.710623
28.920292,3.787548,0.197803,2.278892,0.007326,-0.705739
28.935551,3.758244,0.197803,2.278892,0.007326,-0.700854
28.950428,3.772896,0.197803,2.278892,0.007326,-0.700854
28.965305,3.743591,0.202686,2.278892,0.007326,-0.705739
28.980564,3.772896,0.212455,2.278892,0.007326,-0.700854
28.995441,3.758244,0.212455,2.278892,0.021978,-0.705739
29.010700,3.743591,0.222223,2.278892,0.007326,-0.700854
29.025578,3.758244,0.222223,2.278892,0.007326,-0.695971
29.040840,3.758244,0.227107,2.278892,-0.007328,-0.691087
29.055717,3.743591,0.231991,2.278892,-0.007328,-0.695971
29.070595,3.758244,0.236875,2.278892,0.007326,-0.695971
29.085854,3.772896,0.241758,2.278892,0.007326,-0.695971
29.101112,3.758244,0.246643,2.278892,-0.021980,-0.691087
29.115990,3.772896,0.256411,2.278892,0.007326,-0.695971
29.131248,3.758244,0.256411,2.278892,0.007326,-0.695971
29.146126,3.743591,0.266179,2.278892,0.007326,-0.691087
29.161003,3.728939,0.271063,2.278892,0.007326,-0.691087
29.175880,3.714287,0.271063,2.278892,0.021978,-0.695971
29.190758,3.714287,0.285715,2.278892,0.007326,-0.691087
29.205254,3.699635,0.285715,2.278892,0.007326,-0.691087
29.220131,3.684982,0.285715,2.278892,0.021978,-0.686203
29.235394,3.684982,0.275947,2.278892,0.007326,-0.686203
29.250271,3.728939,0.275947,2.278892,0.007326,-0.686203
29.265148,3.743591,0.271063,2.278892,-0.007328,-0.681318
29.280025,3.743591,0.261295,2.278892,0.007326,-0.686203
29.295284,3.772896,0.256411,2.278892,0.007326,-0.681318
29.310543,3.787548,0.251527,2.278892,0.021978,-0.681318
29.325802,3.802200,0.256411,2.278892,-0.007328,-0.681318
29.341061,3.802200,0.246643,2.278892,0.007326,-0.681318
29.355938,3.787548,0.227107,2.278892,-0.007328,-0.681318
29.371578,3.802200,0.222223,2.278892,0.021978,-0.676435
29.386456,3.772896,0.217339,2.278892,0.007326,-0.676435
29.401333,3.772896,0.212455,2.278892,-0.007328,-0.676435
29.416592,3.787548,0.202686,2.278892,0.021978,-0.681318
29.432236,3.816853,0.207571,2.278892,-0.007328,-0.676435
29.447113,3.787548,0.207571,2.278892,0.007326,-0.676435
29.461990,3.743591,0.207571,2.278892,0.007326,-0.671551
29.476868,3.743591,0.207571,2.278892,-0.007328,-0.671551
29.492126,3.728939,0.202686,2.278892,-0.007328,-0.676435
29.507004,3.728939,0.207571,2.278892,0.007326,-0.676435
29.521881,3.728939,0.202686,2.278892,-0.007328,-0.666667
29.537140,3.743591,0.202686,2.278892,0.007326,-0.666667
29.551636,3.714287,0.217339,2.278892,0.007326,-0.661782
29.566132,3.670330,0.222223,2.278892,0.007326,-0.661782
29.581009,3.699635,0.212455,2.278892,0.007326,-0.661782
29.596268,3.728939,0.212455,2.278892,0.021978,-0.661782
29.611145,3.728939,0.222223,2.278892,0.007326,-0.661782
29.626026,3.743591,0.231991,2.278892,0.007326,-0.661782
29.640903,3.728939,0.236875,2.278892,-0.007328,-0.661782
29.656162,3.758244,0.241758,2.278892,0.007326,-0.661782
29.670658,3.699635,0.256411,2.278892,-0.007328,-0.661782
29.685535,3.670330,0.275947,2.278892,0.021978,-0.666667
29.700031,3.655678,0.275947,2.278892,0.021978,-0.661782
29.714909,3.684982,0.290599,2.278892,0.007326,-0.661782
29.729786,3.670330,0.300367,2.278892,0.007326,-0.661782
29.744282,3.670330,0.305251,2.278510,0.007326,-0.661782
29.759159,3.714287,0.295483,2.278892,0.007326,-0.661782
29.774036,3.714287,0.305251,2.278510,-0.007328,-0.661782
29.788914,3.699635,0.315019,2.278892,0.007326,-0.661782
29.803410,3.655678,0.305251,2.278892,0.007326,-0.656898
29.818287,3.699635,0.295483,2.278892,0.007326,-0.656898
29.833546,3.699635,0.290599,2.278892,0.007326,-0.656898
29.848042,3.714287,0.295483,2.278892,0.007326,-0.656898
29.862919,3.699635,0.280830,2.278892,0.007326,-0.656898
29.878178,3.728939,0.280830,2.278892,0.021978,-0.652015
29.893055,3.758244,0.275947,2.278510,0.007326,-0.647131
29.908314,3.758244,0.280830,2.278892,0.021978,-0.652015
29.923195,3.743591,0.285715,2.278510,-0.007328,-0.652015
29.937691,3.684982,0.275947,2.278892,0.021978,-0.652015
29.952568,3.699635,0.271063,2.278892,0.007326,-0.652015
29.967445,3.684982,0.251527,2.278892,0.007326,-0.652015
29.981941,3.699635,0.241758,2.278892,0.007326,-0.647131
29.997200,3.714287,0.241758,2.278892,0.021978,-0.647131
30.012077,3.714287,0.236875,2.278510,0.007326,-0.647131
30.026955,3.714287,0.241758,2.278892,0.021978,-0.647131
30.041832,3.743591,0.231991,2.278510,0.007326,-0.647131
30.057091,3.787548,0.236875,2.278510,0.007326,-0.647131
30.072350,3.758244,0.241758,2.278510,0.021978,-0.647131
30.086845,3.699635,0.246643,2.278510,0.007326,-0.642246
30.101723,3.714287,0.231991,2.278510,-0.007328,-0.637362
30.116604,3.714287,0.222223,2.278510,0.021978,-0.642246
30.131481,3.714287,0.231991,2.278510,0.007326,-0.642246
30.145977,3.684982,0.236875,2.278510,0.021978,-0.642246
30.160854,3.684982,0.236875,2.278510,-0.007328,-0.637362
30.175732,3.699635,0.227107,2.278510,-0.007328,-0.637362
30.190609,3.728939,0.231991,2.278510,0.007326,-0.637362
30.205868,3.728939,0.231991,2.278510,0.007326,-0.632479
30.220745,3.743591,0.231991,2.278510,0.007326,-0.632479
30.235622,3.743591,0.241758,2.278510,-0.007328,-0.637362
30.250118,3.684982,0.256411,2.278510,0.021978,-0.637362
30.264614,3.655678,0.261295,2.278510,-0.007328,-0.637362
30.279491,3.655678,0.256411,2.278510,0.021978,-0.637362
30.294369,3.670330,0.266179,2.278510,0.007326,-0.632479
30.308865,3.684982,0.271063,2.278510,-0.007328,-0.632479
30.323742,3.655678,0.280830,2.278510,0.007326,-0.632479
30.338619,3.699635,0.271063,2.278510,0.007326,-0.632479
30.353497,3.699635,0.271063,2.278510,0.007326,-0.627595
30.368374,3.699635,0.285715,2.278510,0.007326,-0.632479
30.382870,3.655678,0.280830,2.278510,0.007326,-0.632479
30.397747,3.684982,0.271063,2.278510,0.021978,-0.627595
30.412247,3.714287,0.266179,2.278510,0.021978,-0.627595
30.427124,3.670330,0.280830,2.278510,0.007326,-0.627595
30.441620,3.641026,0.275947,2.278510,-0.007328,-0.622710
30.456497,3.655678,0.266179,2.278510,0.007326,-0.622710
30.471375,3.699635,0.271063,2.278510,-0.007328,-0.622710
30.485870,3.684982,0.266179,2.278510,0.007326,-0.622710
30.501129,3.728939,0.271063,2.278510,-0.021980,-0.622710
30.516006,3.743591,0.261295,2.278510,-0.007328,-0.622710
30.531265,3.743591,0.266179,2.278510,0.007326,-0.622710
30.546143,3.728939,0.271063,2.278510,0.021978,-0.622710
30.560638,3.714287,0.271063,2.278510,-0.007328,-0.622710
30.575516,3.699635,0.261295,2.278510,0.007326,-0.617826
30.590393,3.699635,0.261295,2.278510,0.007326,-0.622710
30.605274,3.684982,0.271063,2.278510,0.007326,-0.622710
30.619770,3.670330,0.266179,2.278510,0.007326,-0.622710
30.634647,3.684982,0.261295,2.278510,0.007326,-0.622710
30.649525,3.699635,0.261295,2.278510,-0.007328,-0.622710
30.664402,3.699635,0.261295,2.278510,0.021978,-0.622710
30.679279,3.728939,0.266179,2.278510,-0.007328,-0.622710
30.694157,3.714287,0.275947,2.278510,0.007326,-0.622710
30.709415,3.714287,0.275947,2.278510,0.021978,-0.622710
30.723530,3.670330,0.275947,2.278510,0.007326,-0.617826
30.738407,3.641026,0.266179,2.278510,0.007326,-0.617826
30.752903,3.670330,0.241758,2.278510,0.007326,-0.617826
30.767780,3.670330,0.241758,2.278510,0.007326,-0.622710
30.782658,3.684982,0.241758,2.278510,-0.007328,-0.622710
30.797153,3.670330,0.231991,2.278510,0.007326,-0.622710
30.812031,3.699635,0.231991,2.278510,0.021978,-0.622710
30.826908,3.699635,0.241758,2.278510,0.021978,-0.622710
30.841404,3.655678,0.246643,2.278510,0.007326,-0.622710
30.855900,3.655678,0.251527,2.278510,-0.007328,-0.617826
30.870777,3.684982,0.261295,2.278510,0.021978,-0.617826
30.885273,3.655678,0.271063,2.278510,0.007326,-0.622710
30.899773,3.597073,0.290599,2.278510,0.007326,-0.617826
30.914268,3.582420,0.285715,2.278510,0.007326,-0.617826
30.928764,3.611725,0.261295,2.278510,0.021978,-0.622710
30.943260,3.626373,0.266179,2.278510,0.007326,-0.617826
30.957756,3.611725,0.271063,2.278510,0.007326,-0.617826
30.972252,3.626373,0.271063,2.278510,0.007326,-0.622710
30.985222,3.641026,0.275947,2.278510,0.007326,-0.622710
31.001244,3.626373,0.305251,2.278510,0.021978,-0.617826
31.015739,3.597073,0.319902,2.278510,0.007326,-0.617826
31.029854,3.553116,0.310135,2.278510,-0.007328,-0.622710
31.044350,3.626373,0.290599,2.278510,0.007326,-0.617826
31.059227,3.641026,0.290599,2.278510,0.007326,-0.617826
31.073723,3.655678,0.300367,2.278510,0.007326,-0.617826
31.088600,3.670330,0.295483,2.278510,0.007326,-0.617826
31.103481,3.714287,0.290599,2.278510,0.021978,-0.617826
31.118359,3.728939,0.290599,2.278510,0.007326,-0.617826
31.133236,3.714287,0.305251,2.278510,-0.007328,-0.617826
31.148113,3.699635,0.295483,2.278510,0.007326,-0.622710
31.162991,3.714287,0.290599,2.278510,-0.007328,-0.622710
31.177868,3.699635,0.290599,2.278510,0.007326,-0.622710
31.192745,3.684982,0.290599,2.278510,0.007326,-0.627595
31.207241,3.684982,0.280830,2.278510,0.021978,-0.627595
31.222118,3.714287,0.271063,2.278510,0.007326,-0.622710
31.237377,3.699635,0.271063,2.278510,0.007326,-0.622710
31.251873,3.728939,0.266179,2.278510,0.007326,-0.627595
31.266750,3.684982,0.256411,2.278510,0.021978,-0.627595
31.281628,3.714287,0.261295,2.278510,0.007326,-0.622710
31.296505,3.684982,0.256411,2.278510,0.007326,-0.627595
31.311382,3.699635,0.261295,2.278510,-0.007328,-0.622710
31.326260,3.699635,0.251527,2.278510,0.007326,-0.627595
31.341137,3.714287,0.251527,2.278510,0.021978,-0.627595
31.356396,3.714287,0.246643,2.278510,0.021978,-0.627595
31.370892,3.714287,0.251527,2.278510,0.007326,-0.627595
31.385773,3.714287,0.241758,2.278510,0.007326,-0.627595
31.400650,3.728939,0.251527,2.278510,0.007326,-0.632479
31.415527,3.684982,0.256411,2.278510,0.007326,-0.632479
31.430023,3.670330,0.241758,2.278510,0.007326,-0.632479
31.444901,3.699635,0.236875,2.278510,0.007326,-0.632479
31.459778,3.699635,0.236875,2.278510,0.007326,-0.637362
31.474655,3.714287,0.246643,2.278510,0.007326,-0.637362
31.489532,3.684982,0.256411,2.278510,0.007326,-0.642246
31.504028,3.655678,0.256411,2.278510,0.007326,-0.637362
31.518524,3.655678,0.256411,2.278510,0.007326,-0.637362
31.533020,3.626373,0.271063,2.278510,-0.007328,-0.642246
31.547134,3.597073,0.290599,2.278510,0.007326,-0.647131
31.562012,3.582420,0.285715,2.278510,0.021978,-0.642246
31.576126,3.626373,0.295483,2.278510,-0.007328,-0.637362
31.591007,3.611725,0.305251,2.278510,0.007326,-0.642246
31.605122,3.582420,0.290599,2.278510,-0.007328,-0.642246
31.619617,3.597073,0.285715,2.278510,0.007326,-0.647131
31.633732,3.567768,0.300367,2.278510,0.021978,-0.652015
31.647846,3.553116,0.315019,2.278510,0.021978,-0.647131
31.661961,3.538464,0.315019,2.278510,0.007326,-0.647131
31.676456,3.567768,0.300367,2.278510,0.021978,-0.647131
31.690952,3.597073,0.295483,2.278510,0.021978,-0.652015
31.705067,3.597073,0.310135,2.278510,0.007326,-0.652015
31.719563,3.597073,0.319902,2.278510,-0.007328,-0.652015
31.734058,3.626373,0.324787,2.278510,0.007326,-0.661782
31.748936,3.655678,0.329671,2.278510,0.007326,-0.656898
31.763432,3.626373,0.349207,2.278510,0.007326,-0.656898
31.777927,3.626373,0.339439,2.278510,0.007326,-0.656898
31.792805,3.684982,0.315019,2.278510,0.007326,-0.656898
31.808064,3.758244,0.315019,2.278510,0.021978,-0.656898
31.823322,3.728939,0.324787,2.278510,0.021978,-0.661782
31.837818,3.699635,0.329671,2.278510,0.007326,-0.661782
31.853077,3.714287,0.310135,2.278510,0.021978,-0.661782
31.867573,3.714287,0.300367,2.278510,0.007326,-0.661782
31.882454,3.699635,0.295483,2.278510,-0.007328,-0.661782
31.897331,3.699635,0.280830,2.278510,-0.007328,-0.661782
31.912209,3.743591,0.266179,2.278510,0.007326,-0.666667
31.927467,3.758244,0.271063,2.278510,0.007326,-0.666667
31.942345,3.728939,0.285715,2.278510,0.007326,-0.666667
31.956841,3.684982,0.271063,2.278510,0.007326,-0.671551
31.971336,3.641026,0.251527,2.278510,0.007326,-0.671551
31.986214,3.626373,0.236875,2.278510,0.021978,-0.666667
32.000328,3.597073,0.241758,2.278510,0.021978,-0.671551
32.014824,3.597073,0.246643,2.278510,0.007326,-0.671551
32.029320,3.582420,0.251527,2.278510,-0.007328,-0.676435
32.043434,3.567768,0.256411,2.278510,0.007326,-0.676435
32.057549,3.553116,0.246643,2.278510,0.007326,-0.676435
32.071667,3.538464,0.251527,2.278510,-0.007328,-0.676435
32.086163,3.567768,0.261295,2.278510,0.007326,-0.681318
32.100277,3.553116,0.280830,2.278510,0.021978,-0.681318
32.114391,3.538464,0.295483,2.278510,0.021978,-0.681318
32.128506,3.509159,0.305251,2.278510,-0.007328,-0.676435
32.142620,3.509159,0.300367,2.278510,0.007326,-0.681318
32.156353,3.494507,0.319902,2.278510,0.007326,-0.681318
32.170467,3.479855,0.339439,2.278510,0.007326,-0.681318
32.184200,3.465202,0.334555,2.278510,-0.007328,-0.686203
32.198315,3.479855,0.339439,2.278510,0.021978,-0.691087
32.212811,3.538464,0.354091,2.278510,0.007326,-0.691087
32.226543,3.523811,0.378511,2.278510,0.007326,-0.691087
32.240658,3.509159,0.363859,2.278510,-0.007328,-0.695971
32.254772,3.509159,0.354091,2.278510,0.021978,-0.695971
32.269268,3.567768,0.354091,2.278510,0.021978,-0.691087
32.283764,3.582420,0.368743,2.278510,0.007326,-0.691087
32.297878,3.567768,0.368743,2.278510,0.007326,-0.695971
32.312374,3.582420,0.349207,2.278510,0.007326,-0.695971
32.326870,3.626373,0.324787,2.278510,0.007326,-0.695971
32.341366,3.641026,0.334555,2.278510,-0.007328,-0.695971
32.355862,3.582420,0.344323,2.278510,0.007326,-0.705739
32.370361,3.597073,0.319902,2.278510,0.007326,-0.705739
32.385239,3.684982,0.310135,2.278510,0.007326,-0.700854
32.399734,3.655678,0.329671,2.278892,0.021978,-0.700854
32.413849,3.626373,0.329671,2.278510,0.007326,-0.700854
32.429108,3.655678,0.295483,2.278510,0.007326,-0.705739
32.443985,3.714287,0.290599,2.278510,0.007326,-0.705739
32.458862,3.699635,0.300367,2.278892,0.007326,-0.705739
32.473358,3.641026,0.300367,2.278892,0.007326,-0.705739
32.487473,3.626373,0.280830,2.278892,0.007326,-0.705739
32.502731,3.684982,0.256411,2.278510,0.007326,-0.705739
32.516846,3.670330,0.266179,2.278892,0.021978,-0.710623
32.531723,3.626373,0.271063,2.278510,0.007326,-0.710623
32.546219,3.641026,0.266179,2.278510,0.007326,-0.710623
32.561478,3.684982,0.266179,2.278892,0.007326,-0.710623
32.575974,3.684982,0.285715,2.278892,0.021978,-0.710623
32.590469,3.684982,0.290599,2.278892,0.007326,-0.715507
32.605347,3.655678,0.285715,2.278892,0.021978,-0.715507
32.619843,3.655678,0.295483,2.278892,0.021978,-0.710623
32.634720,3.626373,0.295483,2.278892,0.007326,-0.715507
32.648834,3.597073,0.290599,2.278510,0.007326,-0.715507
32.663334,3.641026,0.266179,2.278510,-0.007328,-0.715507
32.677830,3.641026,0.261295,2.278510,0.021978,-0.720390
32.690800,3.626373,0.275947,2.278892,0.007326,-0.720390
32.707203,3.567768,0.290599,2.278892,0.007326,-0.720390
32.721317,3.582420,0.290599,2.278892,0.007326,-0.720390
32.735813,3.582420,0.280830,2.278892,0.007326,-0.720390
32.750690,3.626373,0.285715,2.278892,0.007326,-0.720390
32.764805,3.611725,0.280830,2.278892,0.007326,-0.720390
32.778919,3.611725,0.275947,2.278892,0.007326,-0.725275
32.793797,3.626373,0.266179,2.278892,0.007326,-0.725275
32.807911,3.597073,0.280830,2.278892,0.007326,-0.730159
32.822407,3.597073,0.290599,2.278892,0.007326,-0.730159
32.836521,3.567768,0.290599,2.278892,0.007326,-0.725275
32.851402,3.597073,0.285715,2.278510,-0.007328,-0.730159
32.865517,3.597073,0.285715,2.278892,0.007326,-0.735043
32.880013,3.597073,0.275947,2.278892,0.007326,-0.735043
32.894508,3.611725,0.275947,2.278892,0.007326,-0.735043
32.909386,3.611725,0.290599,2.278892,0.007326,-0.735043
32.923500,3.582420,0.315019,2.278892,-0.007328,-0.735043
32.937614,3.538464,0.329671,2.278892,0.007326,-0.730159
32.952110,3.582420,0.300367,2.278892,0.007326,-0.730159
32.966606,3.626373,0.295483,2.278892,0.021978,-0.735043
32.981483,3.626373,0.319902,2.278892,0.021978,-0.735043
32.995216,3.538464,0.324787,2.278892,-0.007328,-0.735043
33.009712,3.582420,0.310135,2.278892,0.007326,-0.739926
33.024590,3.641026,0.305251,2.278892,0.007326,-0.739926
33.039085,3.670330,0.319902,2.278892,0.007326,-0.739926
33.053581,3.626373,0.324787,2.278892,0.021978,-0.735043
33.068077,3.626373,0.315019,2.278892,0.007326,-0.730159
33.082954,3.655678,0.295483,2.278892,0.021978,-0.735043
33.097450,3.655678,0.300367,2.278892,-0.007328,-0.730159
33.111946,3.641026,0.295483,2.278892,0.007326,-0.735043
33.126442,3.641026,0.275947,2.278892,0.007326,-0.735043
33.141705,3.670330,0.271063,2.278892,0.007326,-0.735043
33.155819,3.641026,0.285715,2.278892,0.021978,-0.739926
33.170315,3.626373,0.300367,2.278892,0.007326,-0.739926
33.185192,3.641026,0.285715,2.278892,0.007326,-0.739926
33.200069,3.728939,0.285715,2.278892,0.007326,-0.735043
33.214947,3.728939,0.300367,2.278892,0.007326,-0.744811
33.229443,3.655678,0.319902,2.278892,0.007326,-0.749695
33.243938,3.626373,0.300367,2.278892,0.007326,-0.744811
33.258434,3.626373,0.280830,2.278892,-0.007328,-0.744811
33.273312,3.670330,0.280830,2.278892,0.007326,-0.749695
33.288189,3.626373,0.271063,2.278892,-0.007328,-0.744811
33.302685,3.641026,0.266179,2.278892,-0.007328,-0.744811
33.317181,3.655678,0.256411,2.278892,0.007326,-0.749695
33.331676,3.655678,0.266179,2.278892,0.021978,-0.749695
33.346176,3.641026,0.275947,2.278892,-0.007328,-0.744811
33.361053,3.641026,0.275947,2.278892,0.007326,-0.754579
33.375549,3.641026,0.285715,2.278892,0.007326,-0.754579
33.389664,3.582420,0.295483,2.278892,0.021978,-0.754579
33.403778,3.538464,0.285715,2.278892,-0.007328,-0.749695
33.417892,3.553116,0.266179,2.278892,0.007326,-0.754579
33.432388,3.582420,0.275947,2.278892,0.007326,-0.754579
33.446884,3.597073,0.290599,2.278892,0.007326,-0.754579
33.460999,3.553116,0.310135,2.278892,0.007326,-0.749695
33.475113,3.538464,0.295483,2.278892,0.007326,-0.744811
33.489609,3.582420,0.285715,2.278892,0.007326,-0.749695
33.504105,3.567768,0.290599,2.278892,0.007326,-0.749695
33.517838,3.538464,0.310135,2.278892,-0.007328,-0.749695
33.532333,3.553116,0.310135,2.278892,0.007326,-0.754579
33.546829,3.582420,0.300367,2.278892,0.007326,-0.749695
33.561325,3.582420,0.310135,2.278892,0.007326,-0.749695
33.575439,3.553116,0.305251,2.278892,0.007326,-0.749695
33.589935,3.567768,0.310135,2.278892,0.007326,-0.754579
33.604050,3.597073,0.310135,2.278892,-0.007328,-0.754579
33.618546,3.597073,0.334555,2.278892,0.007326,-0.754579
33.633041,3.553116,0.339439,2.278892,0.021978,-0.754579
33.647537,3.597073,0.319902,2.278892,-0.007328,-0.749695
33.662033,3.655678,0.305251,2.278892,0.007326,-0.754579
33.676529,3.641026,0.315019,2.278892,0.007326,-0.759462
33.691025,3.611725,0.324787,2.278892,0.007326,-0.754579
33.705521,3.582420,0.315019,2.278892,0.007326,-0.759462
33.720016,3.641026,0.310135,2.278892,0.007326,-0.759462
33.734894,3.655678,0.319902,2.278892,0.007326,-0.759462
33.749008,3.611725,0.329671,2.278892,0.007326,-0.754579
33.763885,3.626373,0.305251,2.278892,0.021978,-0.749695
33.778763,3.684982,0.290599,2.278892,0.007326,-0.754579
33.793640,3.714287,0.300367,2.278892,0.007326,-0.754579
33.808517,3.684982,0.310135,2.278892,-0.007328,-0.754579
33.823395,3.699635,0.290599,2.278892,-0.007328,-0.754579
33.834457,3.743591,0.280830,2.278892,0.007326,-0.759462
33.853531,3.743591,0.280830,2.278892,0.007326,-0.754579
33.868027,3.655678,0.280830,2.278892,0.007326,-0.754579
33.882523,3.626373,0.266179,2.278892,0.007326,-0.749695
33.897400,3.684982,0.246643,2.278892,0.021978,-0.754579
33.911896,3.655678,0.256411,2.278892,-0.007328,-0.749695
33.926010,3.626373,0.271063,2.278892,0.007326,-0.749695
33.940887,3.626373,0.266179,2.278892,-0.007328,-0.749695
33.955383,3.684982,0.271063,2.278892,0.021978,-0.754579
33.970261,3.670330,0.285715,2.278892,0.007326,-0.749695
33.984756,3.641026,0.295483,2.278892,0.021978,-0.754579
33.999252,3.626373,0.275947,2.278892,-0.007328,-0.749695
34.013748,3.626373,0.275947,2.278892,-0.007328,-0.754579
34.028244,3.611725,0.275947,2.278892,0.007326,-0.754579
34.042358,3.553116,0.285715,2.278892,0.007326,-0.754579
34.056473,3.553116,0.290599,2.278892,0.021978,-0.749695
34.070969,3.567768,0.285715,2.278892,0.007326,-0.749695
34.085464,3.582420,0.285715,2.278892,0.007326,-0.749695
34.099579,3.582420,0.275947,2.278892,0.021978,-0.754579
34.114075,3.597073,0.275947,2.278892,0.007326,-0.749695
34.128189,3.597073,0.285715,2.278892,0.007326,-0.749695
34.142685,3.582420,0.300367,2.278892,-0.007328,-0.749695
34.156799,3.538464,0.310135,2.278892,0.007326,-0.744811
34.171295,3.553116,0.310135,2.278892,0.007326,-0.749695
34.185410,3.597073,0.295483,2.278892,0.007326,-0.744811
34.199905,3.582420,0.295483,2.278892,0.007326,-0.744811
34.214401,3.597073,0.305251,2.278892,-0.007328,-0.744811
34.228897,3.597073,0.310135,2.278892,0.021978,-0.744811
34.243393,3.641026,0.319902,2.278892,0.007326,-0.744811
34.257889,3.641026,0.324787,2.278892,0.007326,-0.749695
34.272766,3.641026,0.324787,2.278892,0.021978,-0.749695
34.287262,3.655678,0.310135,2.278892,0.021978,-0.749695
34.302139,3.699635,0.305251,2.278892,0.007326,-0.744811
34.317017,3.684982,0.310135,2.278892,0.021978,-0.749695
34.331512,3.626373,0.310135,2.278892,-0.007328,-0.744811
34.346008,3.655678,0.295483,2.278892,0.007326,-0.744811
34.360886,3.684982,0.275947,2.278892,-0.007328,-0.744811
34.375763,3.699635,0.280830,2.278892,0.007326,-0.744811
34.390640,3.714287,0.271063,2.278892,0.007326,-0.749695
34.405518,3.714287,0.266179,2.278892,0.007326,-0.744811
34.420395,3.743591,0.261295,2.278892,0.007326,-0.744811
34.435654,3.714287,0.261295,2.278892,0.021978,-0.744811
34.450531,3.728939,0.261295,2.278892,0.007326,-0.744811
34.465790,3.758244,0.246643,2.278892,0.007326,-0.739926
34.481049,3.816853,0.231991,2.278892,0.007326,-0.739926
34.495926,3.772896,0.236875,2.278892,0.007326,-0.739926
34.510803,3.743591,0.241758,2.278892,-0.021980,-0.739926
34.526062,3.743591,0.217339,2.278892,0.007326,-0.739926
34.541321,3.787548,0.212455,2.278892,0.007326,-0.739926
34.556961,3.816853,0.231991,2.278892,0.021978,-0.735043
34.571838,3.802200,0.246643,2.278892,0.007326,-0.735043
34.586716,3.772896,0.256411,2.278892,0.007326,-0.739926
34.601593,3.728939,0.256411,2.278892,-0.007328,-0.739926
34.616470,3.699635,0.261295,2.278892,0.007326,-0.739926
34.630966,3.670330,0.251527,2.278892,0.007326,-0.735043
34.645462,3.655678,0.231991,2.278892,0.007326,-0.730159
34.660339,3.699635,0.227107,2.278892,0.007326,-0.735043
34.675217,3.714287,0.227107,2.278892,0.007326,-0.739926
34.690094,3.699635,0.236875,2.278892,0.007326,-0.739926
34.704971,3.714287,0.231991,2.278892,0.007326,-0.735043
34.719849,3.699635,0.241758,2.278892,0.007326,-0.735043
34.734726,3.670330,0.256411,2.278892,-0.007328,-0.735043
34.749222,3.626373,0.256411,2.278892,-0.007328,-0.735043
34.763718,3.641026,0.261295,2.278892,0.021978,-0.735043
34.778214,3.626373,0.271063,2.278892,-0.007328,-0.735043
34.792709,3.626373,0.275947,2.278892,0.021978,-0.730159
34.807205,3.626373,0.266179,2.278892,0.007326,-0.730159
34.821701,3.655678,0.261295,2.278892,-0.007328,-0.725275
34.836960,3.699635,0.246643,2.278892,0.007326,-0.725275
34.851837,3.714287,0.256411,2.278892,0.007326,-0.725275
34.866714,3.699635,0.261295,2.278892,-0.007328,-0.725275
34.881592,3.699635,0.251527,2.278892,0.007326,-0.725275
34.896469,3.699635,0.251527,2.278892,0.007326,-0.725275
34.910965,3.684982,0.251527,2.278892,0.007326,-0.725275
34.925842,3.714287,0.251527,2.278892,0.007326,-0.725275
34.941101,3.743591,0.246643,2.278892,0.021978,-0.725275
34.955978,3.758244,0.246643,2.278892,-0.007328,-0.720390
34.971237,3.772896,0.246643,2.278892,0.007326,-0.725275
34.986115,3.758244,0.241758,2.278892,0.007326,-0.725275
35.001373,3.758244,0.251527,2.278892,0.021978,-0.720390
35.016251,3.758244,0.251527,2.278892,0.007326,-0.720390
35.031509,3.728939,0.261295,2.278892,0.007326,-0.715507
35.046005,3.714287,0.241758,2.278892,0.007326,-0.720390
35.061264,3.743591,0.236875,2.278892,0.021978,-0.720390
35.076523,3.787548,0.246643,2.278892,0.007326,-0.720390
35.091400,3.758244,0.256411,2.278892,0.007326,-0.720390
35.106659,3.802200,0.241758,2.278892,0.007326,-0.720390
35.121918,3.816853,0.231991,2.278892,0.007326,-0.715507
35.137177,3.787548,0.241758,2.278892,-0.007328,-0.710623
35.152054,3.772896,0.236875,2.278892,0.007326,-0.710623
35.167313,3.787548,0.231991,2.278892,0.007326,-0.715507
35.182571,3.787548,0.231991,2.278892,-0.007328,-0.715507
35.197449,3.772896,0.227107,2.278892,-0.007328,-0.710623
35.212708,3.758244,0.227107,2.278892,0.007326,-0.710623
35.227585,3.758244,0.222223,2.278892,0.007326,-0.705739
35.242844,3.772896,0.217339,2.278892,0.007326,-0.705739
35.258102,3.772896,0.217339,2.278892,0.007326,-0.705739
35.272980,3.728939,0.227107,2.278892,0.007326,-0.705739
35.287857,3.758244,0.222223,2.278892,0.007326,-0.705739
35.302734,3.728939,0.227107,2.278892,0.007326,-0.700854
35.317993,3.684982,0.251527,2.278892,0.007326,-0.700854
35.332489,3.684982,0.246643,2.278892,0.021978,-0.700854
35.346985,3.684982,0.251527,2.278892,0.007326,-0.695971
35.361862,3.699635,0.261295,2.278892,0.007326,-0.695971
35.376358,3.699635,0.266179,2.278892,0.007326,-0.700854
35.391235,3.684982,0.271063,2.278892,-0.007328,-0.695971
35.406113,3.670330,0.275947,2.278892,0.021978,-0.695971
35.420990,3.699635,0.271063,2.278892,0.007326,-0.695971
35.435867,3.699635,0.271063,2.278892,-0.007328,-0.695971
35.450745,3.743591,0.275947,2.278892,-0.007328,-0.691087
35.466003,3.743591,0.271063,2.278892,-0.007328,-0.691087
35.480881,3.728939,0.285715,2.278892,0.021978,-0.691087
35.495758,3.714287,0.295483,2.278892,0.021978,-0.686203
35.510254,3.670330,0.285715,2.278892,0.007326,-0.686203
35.525131,3.714287,0.280830,2.278892,0.021978,-0.681318
35.540009,3.714287,0.271063,2.278892,-0.007328,-0.686203
35.554886,3.714287,0.266179,2.278892,0.007326,-0.691087
35.569763,3.743591,0.256411,2.278892,-0.007328,-0.686203
35.585022,3.758244,0.261295,2.278892,0.021978,-0.686203
35.600281,3.758244,0.256411,2.278892,0.007326,-0.681318
35.615540,3.758244,0.256411,2.278892,-0.007328,-0.681318
35.630417,3.772896,0.256411,2.278892,0.007326,-0.686203
35.645676,3.787548,0.246643,2.278892,0.007326,-0.681318
35.660934,3.802200,0.251527,2.278892,-0.007328,-0.681318
35.675812,3.772896,0.251527,2.278892,0.021978,-0.676435
35.691071,3.772896,0.236875,2.278892,0.007326,-0.676435
35.706329,3.787548,0.231991,2.278892,-0.007328,-0.676435
35.721588,3.787548,0.231991,2.278892,0.021978,-0.681318
35.736847,3.772896,0.236875,2.278892,0.007326,-0.676435
35.751343,3.743591,0.222223,2.278892,0.021978,-0.676435
35.766602,3.728939,0.227107,2.278892,0.007326,-0.671551
35.781479,3.728939,0.222223,2.278892,0.007326,-0.676435
35.796356,3.728939,0.222223,2.278892,-0.007328,-0.676435
35.811234,3.743591,0.217339,2.278892,0.007326,-0.676435
35.826111,3.758244,0.212455,2.278892,0.007326,-0.676435
35.840988,3.714287,0.227107,2.278892,0.007326,-0.676435
35.855865,3.699635,0.227107,2.278892,0.021978,-0.671551
35.870743,3.728939,0.217339,2.278892,0.007326,-0.661782
35.886002,3.743591,0.217339,2.278892,0.007326,-0.666667
35.901642,3.758244,0.227107,2.278892,0.007326,-0.671551
35.916519,3.772896,0.227107,2.278892,0.021978,-0.671551
35.931396,3.772896,0.227107,2.278892,0.007326,-0.666667
35.946274,3.743591,0.251527,2.278892,-0.007328,-0.666667
35.960770,3.699635,0.261295,2.278892,-0.007328,-0.671551
35.975647,3.655678,0.275947,2.278892,0.007326,-0.666667
35.990143,3.655678,0.280830,2.278510,0.007326,-0.666667
36.005020,3.670330,0.285715,2.278510,0.007326,-0.666667
36.019516,3.670330,0.295483,2.278892,0.007326,-0.666667
36.034393,3.684982,0.290599,2.278892,0.007326,-0.666667
36.049271,3.714287,0.290599,2.278892,0.007326,-0.666667
36.064148,3.714287,0.300367,2.278892,-0.007328,-0.661782
36.079025,3.684982,0.315019,2.278510,0.007326,-0.661782
36.093521,3.684982,0.290599,2.278892,-0.007328,-0.666667
36.108398,3.699635,0.280830,2.278892,0.007326,-0.661782
36.123657,3.728939,0.280830,2.278892,0.007326,-0.661782
36.138153,3.699635,0.275947,2.278892,0.007326,-0.661782
36.153412,3.743591,0.275947,2.278510,0.007326,-0.661782
36.168671,3.758244,0.275947,2.278892,0.007326,-0.666667
36.183548,3.743591,0.275947,2.278892,0.007326,-0.661782
36.198044,3.728939,0.280830,2.278892,-0.007328,-0.661782
36.212921,3.684982,0.285715,2.278892,0.007326,-0.661782
36.227798,3.699635,0.266179,2.278510,-0.007328,-0.656898
36.242676,3.684982,0.256411,2.278892,0.007326,-0.656898
36.257553,3.684982,0.251527,2.278892,0.021978,-0.656898
36.272430,3.699635,0.231991,2.278892,0.007326,-0.652015
36.286926,3.714287,0.236875,2.278892,0.007326,-0.652015
36.302185,3.728939,0.236875,2.278892,0.021978,-0.652015
36.316681,3.714287,0.231991,2.278510,0.007326,-0.652015
36.331940,3.758244,0.222223,2.278510,0.007326,-0.652015
36.347198,3.758244,0.227107,2.278892,0.007326,-0.652015
36.362076,3.743591,0.236875,2.278892,0.007326,-0.652015
36.376572,3.684982,0.236875,2.278510,-0.007328,-0.647131
36.391449,3.684982,0.231991,2.278510,0.007326,-0.642246
36.406326,3.714287,0.231991,2.278510,0.007326,-0.647131
36.420822,3.655678,0.251527,2.278510,-0.007328,-0.647131
36.435318,3.655678,0.261295,2.278510,-0.007328,-0.647131
36.450195,3.655678,0.256411,2.278510,0.007326,-0.647131
36.465073,3.714287,0.261295,2.278510,0.007326,-0.647131
36.479568,3.655678,0.271063,2.278510,0.021978,-0.642246
36.494446,3.684982,0.271063,2.278510,0.007326,-0.637362
36.509323,3.684982,0.266179,2.278510,0.007326,-0.642246
36.523819,3.670330,0.275947,2.278510,0.007326,-0.642246
36.538315,3.641026,0.271063,2.278510,0.007326,-0.642246
36.552811,3.597073,0.266179,2.278510,0.007326,-0.642246
36.567307,3.626373,0.261295,2.278510,-0.007328,-0.637362
36.581802,3.626373,0.266179,2.278510,0.007326,-0.637362
36.596298,3.626373,0.290599,2.278510,-0.007328,-0.637362
36.610794,3.611725,0.300367,2.278510,0.007326,-0.637362
36.625290,3.641026,0.295483,2.278510,0.007326,-0.637362
36.640167,3.684982,0.305251,2.278510,0.007326,-0.637362
36.654663,3.655678,0.315019,2.278510,0.007326,-0.637362
36.669540,3.641026,0.300367,2.278510,0.007326,-0.632479
36.684418,3.670330,0.295483,2.278510,-0.007328,-0.632479
36.698914,3.684982,0.300367,2.278510,0.021978,-0.637362
36.713791,3.641026,0.305251,2.278510,0.007326,-0.632479
36.728287,3.655678,0.295483,2.278510,0.021978,-0.627595
36.743164,3.684982,0.285715,2.278510,0.007326,-0.627595
36.758041,3.714287,0.290599,2.278510,-0.007328,-0.627595
36.772537,3.714287,0.285715,2.278510,0.021978,-0.627595
36.788177,3.728939,0.285715,2.278510,0.007326,-0.622710
36.802673,3.714287,0.280830,2.278510,0.021978,-0.627595
36.817551,3.714287,0.285715,2.278510,-0.007328,-0.627595
36.832047,3.670330,0.290599,2.278510,0.007326,-0.627595
36.846542,3.626373,0.290599,2.278510,0.007326,-0.632479
36.861420,3.641026,0.285715,2.278510,0.021978,-0.627595
36.875916,3.641026,0.280830,2.278510,-0.007328,-0.622710
36.890793,3.655678,0.280830,2.278510,-0.007328,-0.622710
36.905289,3.655678,0.266179,2.278510,0.007326,-0.627595
36.920166,3.684982,0.261295,2.278510,0.007326,-0.627595
36.935043,3.714287,0.266179,2.278510,0.007326,-0.622710
36.949921,3.714287,0.261295,2.278510,-0.007328,-0.617826
36.964798,3.714287,0.261295,2.278510,0.007326,-0.622710
36.979675,3.714287,0.256411,2.278510,-0.007328,-0.617826
36.994553,3.699635,0.251527,2.278510,0.007326,-0.622710
37.009048,3.641026,0.241758,2.278510,0.007326,-0.622710
37.023544,3.655678,0.236875,2.278510,-0.007328,-0.622710
37.038422,3.670330,0.227107,2.278510,0.021978,-0.622710
37.049103,3.670330,0.236875,2.278510,0.007326,-0.617826
37.068176,3.670330,0.246643,2.278510,0.007326,-0.617826
37.082672,3.684982,0.246643,2.278510,0.007326,-0.622710
37.097549,3.699635,0.256411,2.278510,0.021978,-0.617826
37.112045,3.655678,0.271063,2.278510,-0.007328,-0.617826
37.126541,3.655678,0.275947,2.278510,-0.007328,-0.617826
37.141418,3.684982,0.271063,2.278510,0.007326,-0.622710
37.156296,3.670330,0.285715,2.278510,0.021978,-0.627595
37.170792,3.641026,0.285715,2.278510,-0.007328,-0.617826
37.184906,3.582420,0.285715,2.278510,0.007326,-0.622710
37.199402,3.582420,0.280830,2.278510,0.021978,-0.622710
37.213898,3.611725,0.266179,2.278510,-0.007328,-0.617826
37.228394,3.626373,0.285715,2.278510,-0.007328,-0.622710
37.242889,3.611725,0.295483,2.278510,0.007326,-0.622710
37.257385,3.611725,0.295483,2.278510,-0.007328,-0.622710
37.272263,3.655678,0.300367,2.278510,0.021978,-0.627595
37.286377,3.582420,0.315019,2.278510,0.007326,-0.622710
37.300491,3.553116,0.305251,2.278510,0.007326,-0.617826
37.314606,3.553116,0.300367,2.278510,0.007326,-0.612943
37.329483,3.611725,0.300367,2.278510,0.007326,-0.617826
37.343979,3.626373,0.315019,2.278510,0.007326,-0.617826
37.358856,3.655678,0.329671,2.278510,0.007326,-0.617826
37.373352,3.699635,0.324787,2.278510,0.007326,-0.622710
37.388611,3.728939,0.324787,2.278510,-0.007328,-0.622710
37.403488,3.728939,0.324787,2.278510,0.007326,-0.627595
37.418365,3.714287,0.334555,2.278510,0.007326,-0.627595
37.433243,3.728939,0.319902,2.278510,0.007326,-0.622710
37.448120,3.714287,0.315019,2.278510,0.007326,-0.622710
37.462997,3.699635,0.319902,2.278510,0.021978,-0.622710
37.477493,3.670330,0.305251,2.278510,0.007326,-0.627595
37.491989,3.655678,0.290599,2.278510,0.021978,-0.627595
37.507248,3.714287,0.275947,2.278510,0.007326,-0.622710
37.522125,3.699635,0.271063,2.278510,0.007326,-0.622710
37.536621,3.684982,0.261295,2.278510,-0.007328,-0.622710
37.551498,3.684982,0.251527,2.278510,0.007326,-0.622710
37.566376,3.684982,0.251527,2.278510,0.007326,-0.627595
37.580872,3.670330,0.246643,2.278510,0.007326,-0.627595
37.595749,3.684982,0.246643,2.278510,0.007326,-0.627595
37.610626,3.684982,0.236875,2.278510,0.007326,-0.632479
37.625504,3.699635,0.236875,2.278510,-0.007328,-0.632479
37.639999,3.699635,0.241758,2.278510,0.007326,-0.627595
37.654877,3.655678,0.256411,2.278510,0.021978,-0.632479
37.669373,3.670330,0.256411,2.278510,-0.007328,-0.627595
37.684250,3.655678,0.261295,2.278510,-0.007328,-0.627595
37.698746,3.670330,0.275947,2.278510,0.007326,-0.632479
37.713242,3.655678,0.266179,2.278510,-0.007328,-0.632479
37.728119,3.655678,0.266179,2.278510,0.007326,-0.632479
37.742615,3.670330,0.266179,2.278510,-0.007328,-0.637362
37.757111,3.655678,0.266179,2.278510,0.021978,-0.637362
37.771988,3.641026,0.266179,2.278510,0.007326,-0.642246
37.786484,3.641026,0.266179,2.278510,0.007326,-0.647131
37.800980,3.641026,0.271063,2.278510,0.007326,-0.642246
37.815475,3.626373,0.290599,2.278510,0.021978,-0.642246
37.829971,3.611725,0.310135,2.278510,0.007326,-0.642246
37.844467,3.626373,0.295483,2.278510,-0.007328,-0.642246
37.858963,3.641026,0.300367,2.278510,0.021978,-0.647131
37.873459,3.611725,0.300367,2.278510,0.007326,-0.647131
37.887573,3.567768,0.290599,2.278510,0.007326,-0.642246
37.902069,3.597073,0.285715,2.278510,-0.007328,-0.647131
37.916565,3.582420,0.295483,2.278510,0.021978,-0.647131
37.931061,3.567768,0.310135,2.278510,0.021978,-0.647131
37.945175,3.553116,0.310135,2.278510,0.007326,-0.652015
37.959671,3.597073,0.300367,2.278510,0.007326,-0.652015
37.974167,3.611725,0.290599,2.278510,0.007326,-0.656898
37.988281,3.611725,0.300367,2.278510,0.021978,-0.652015
38.003159,3.611725,0.300367,2.278510,0.007326,-0.652015
38.017654,3.641026,0.295483,2.278510,0.007326,-0.652015
38.032532,3.670330,0.300367,2.278510,0.021978,-0.656898
38.047028,3.670330,0.319902,2.278510,0.007326,-0.661782
38.061905,3.670330,0.324787,2.278510,-0.007328,-0.661782
38.076401,3.670330,0.310135,2.278510,0.021978,-0.666667
38.091660,3.728939,0.315019,2.278510,0.021978,-0.666667
38.106537,3.714287,0.324787,2.278510,-0.007328,-0.661782
38.121033,3.670330,0.324787,2.278510,0.007326,-0.666667
38.135910,3.714287,0.305251,2.278510,0.007326,-0.666667
38.150787,3.699635,0.300367,2.278510,0.021978,-0.666667
38.166046,3.714287,0.295483,2.278510,0.007326,-0.666667
38.180542,3.699635,0.285715,2.278510,0.007326,-0.666667
38.195801,3.728939,0.280830,2.278510,0.021978,-0.666667
38.210678,3.743591,0.280830,2.278510,-0.007328,-0.661782
38.225555,3.728939,0.290599,2.278510,0.007326,-0.671551
38.240433,3.699635,0.275947,2.278510,0.007326,-0.671551
38.254929,3.699635,0.261295,2.278510,0.021978,-0.671551
38.269806,3.655678,0.246643,2.278510,0.007326,-0.676435
38.283920,3.611725,0.246643,2.278510,0.007326,-0.671551
38.298416,3.582420,0.251527,2.278510,0.021978,-0.676435
38.312531,3.582420,0.256411,2.278510,0.007326,-0.676435
38.326645,3.553116,0.271063,2.278510,0.007326,-0.681318
38.340759,3.523811,0.261295,2.278510,0.007326,-0.686203
38.355255,3.523811,0.261295,2.278510,-0.007328,-0.686203
38.369370,3.567768,0.266179,2.278510,0.007326,-0.681318
38.383484,3.567768,0.290599,2.278510,0.007326,-0.681318
38.397598,3.523811,0.310135,2.278510,0.007326,-0.681318
38.411331,3.479855,0.315019,2.278510,-0.007328,-0.681318
38.425446,3.494507,0.305251,2.278510,0.007326,-0.686203
38.439178,3.479855,0.324787,2.278510,0.021978,-0.686203
38.453293,3.479855,0.334555,2.278510,-0.007328,-0.686203
38.467026,3.450550,0.329671,2.278510,0.007326,-0.686203
38.481140,3.479855,0.339439,2.278510,0.007326,-0.686203
38.495255,3.523811,0.354091,2.278510,0.007326,-0.691087
38.509369,3.509159,0.373627,2.278510,0.007326,-0.695971
38.523102,3.479855,0.368743,2.278510,0.007326,-0.695971
38.537216,3.494507,0.363859,2.278510,0.007326,-0.695971
38.551712,3.553116,0.358974,2.278510,0.021978,-0.700854
38.566208,3.582420,0.368743,2.278510,0.021978,-0.695971
38.580322,3.567768,0.363859,2.278510,-0.007328,-0.695971
38.594437,3.567768,0.354091,2.278510,0.007326,-0.700854
38.609314,3.611725,0.329671,2.278892,0.021978,-0.700854
38.623810,3.641026,0.334555,2.278510,0.007326,-0.695971
38.638306,3.597073,0.349207,2.278510,0.007326,-0.695971
38.652802,3.611725,0.319902,2.278510,0.007326,-0.700854
38.668060,3.714287,0.310135,2.278510,0.007326,-0.705739
38.682556,3.684982,0.329671,2.278892,0.021978,-0.705739
38.697052,3.655678,0.324787,2.278510,0.007326,-0.700854
38.712311,3.699635,0.290599,2.278892,0.021978,-0.700854
38.727570,3.758244,0.285715,2.278510,0.007326,-0.700854
38.742065,3.743591,0.300367,2.278510,0.007326,-0.700854
38.756561,3.641026,0.305251,2.278510,0.007326,-0.700854
38.771439,3.655678,0.280830,2.278510,0.007326,-0.705739
38.785934,3.670330,0.256411,2.278510,0.007326,-0.705739
38.801193,3.699635,0.275947,2.278892,0.007326,-0.700854
38.815689,3.655678,0.275947,2.278510,-0.007328,-0.705739
38.830185,3.655678,0.261295,2.278510,0.007326,-0.710623
38.845062,3.699635,0.251527,2.278510,-0.007328,-0.710623
38.859940,3.714287,0.266179,2.278892,0.021978,-0.705739
38.874817,3.684982,0.266179,2.278892,0.007326,-0.705739
38.889694,3.684982,0.261295,2.278892,0.007326,-0.710623
38.904190,3.670330,0.271063,2.278892,0.021978,-0.710623
38.918686,3.655678,0.275947,2.278892,0.007326,-0.710623
38.933182,3.626373,0.280830,2.278510,0.007326,-0.710623
38.947678,3.655678,0.275947,2.278892,0.007326,-0.715507
38.962173,3.641026,0.271063,2.278510,0.007326,-0.715507
38.976669,3.597073,0.275947,2.278892,0.007326,-0.715507
38.990784,3.553116,0.271063,2.278510,0.007326,-0.720390
39.005280,3.582420,0.261295,2.278892,0.021978,-0.715507
39.019775,3.626373,0.261295,2.278510,-0.007328,-0.715507
39.034271,3.641026,0.280830,2.278892,0.007326,-0.720390
39.048767,3.597073,0.290599,2.278510,0.007326,-0.720390
39.062500,3.582420,0.290599,2.278892,0.007326,-0.720390
39.077377,3.611725,0.271063,2.278892,0.007326,-0.720390
39.091873,3.597073,0.271063,2.278892,0.007326,-0.725275
39.105988,3.597073,0.275947,2.278892,0.007326,-0.725275
39.120102,3.567768,0.280830,2.278510,0.007326,-0.725275
39.134598,3.567768,0.290599,2.278892,0.021978,-0.730159
39.149094,3.567768,0.290599,2.278892,-0.007328,-0.725275
39.163589,3.597073,0.285715,2.278892,0.007326,-0.730159
39.177704,3.611725,0.275947,2.278892,0.021978,-0.730159
39.192200,3.611725,0.285715,2.278892,0.007326,-0.725275
39.206696,3.553116,0.305251,2.278892,-0.007328,-0.730159
39.220428,3.538464,0.329671,2.278892,0.021978,-0.730159
39.235306,3.582420,0.315019,2.278892,0.007326,-0.725275
39.249802,3.641026,0.319902,2.278892,0.007326,-0.725275
39.264297,3.626373,0.339439,2.278892,0.007326,-0.730159
39.278412,3.553116,0.334555,2.278510,-0.007328,-0.735043
39.292908,3.582420,0.315019,2.278892,0.021978,-0.735043
39.307785,3.641026,0.300367,2.278892,0.021978,-0.735043
39.322281,3.641026,0.319902,2.278892,0.007326,-0.730159
39.336395,3.597073,0.334555,2.278892,0.007326,-0.730159
39.350891,3.626373,0.334555,2.278892,-0.007328,-0.730159
39.365768,3.655678,0.315019,2.278892,0.021978,-0.735043
39.380264,3.626373,0.319902,2.278892,0.021978,-0.730159
39.394760,3.641026,0.305251,2.278892,-0.007328,-0.730159
39.409637,3.670330,0.280830,2.278892,0.007326,-0.735043
39.424896,3.728939,0.275947,2.278892,0.007326,-0.735043
39.439392,3.684982,0.295483,2.278892,0.007326,-0.739926
39.453888,3.626373,0.300367,2.278892,0.021978,-0.735043
39.468384,3.655678,0.275947,2.278892,0.007326,-0.735043
39.483643,3.728939,0.266179,2.278892,0.007326,-0.735043
39.498520,3.728939,0.280830,2.278892,-0.007328,-0.739926
39.513016,3.641026,0.295483,2.278892,0.007326,-0.744811
39.527512,3.655678,0.285715,2.278892,0.007326,-0.739926
39.542389,3.655678,0.280830,2.278892,0.007326,-0.739926
39.556885,3.670330,0.295483,2.278892,-0.007328,-0.739926
39.571381,3.626373,0.290599,2.278892,0.021978,-0.744811
39.585876,3.641026,0.280830,2.278892,-0.007328,-0.739926
39.600754,3.641026,0.266179,2.278892,0.007326,-0.739926
39.614868,3.611725,0.266179,2.278892,-0.007328,-0.739926
39.629364,3.611725,0.271063,2.278892,0.021978,-0.744811
39.643478,3.582420,0.271063,2.278892,0.007326,-0.739926
39.658356,3.582420,0.275947,2.278892,0.007326,-0.744811
39.672470,3.582420,0.285715,2.278892,0.021978,-0.744811
39.686584,3.567768,0.275947,2.278892,0.007326,-0.744811
39.701080,3.582420,0.256411,2.278892,0.021978,-0.744811
39.715576,3.597073,0.266179,2.278892,-0.007328,-0.744811
39.730072,3.597073,0.280830,2.278892,0.007326,-0.749695
39.743805,3.523811,0.305251,2.278892,0.007326,-0.749695
39.758301,3.538464,0.300367,2.278892,0.007326,-0.744811
39.772415,3.553116,0.290599,2.278892,-0.007328,-0.749695
39.786911,3.567768,0.295483,2.278892,0.007326,-0.749695
39.801025,3.538464,0.310135,2.278892,0.007326,-0.744811
39.814758,3.538464,0.310135,2.278892,0.007326,-0.744811
39.829254,3.553116,0.310135,2.278892,0.007326,-0.749695
39.843750,3.582420,0.315019,2.278892,0.007326,-0.749695
39.857864,3.523811,0.315019,2.278892,0.007326,-0.754579
39.871979,3.538464,0.315019,2.278892,0.007326,-0.749695
39.886475,3.582420,0.319902,2.278892,0.007326,-0.754579
39.900970,3.567768,0.339439,2.278892,0.007326,-0.754579
39.915466,3.597073,0.344323,2.278892,0.007326,-0.749695
39.929962,3.582420,0.324787,2.278892,0.007326,-0.749695
39.944458,3.611725,0.315019,2.278892,0.007326,-0.749695
39.958954,3.611725,0.324787,2.278892,0.007326,-0.754579
39.973068,3.597073,0.329671,2.278892,0.007326,-0.749695
39.987564,3.597073,0.324787,2.278892,0.007326,-0.754579
40.002441,3.626373,0.324787,2.278892,0.021978,-0.749695
40.016937,3.626373,0.334555,2.278892,-0.007328,-0.749695
40.031052,3.567768,0.339439,2.278892,-0.007328,-0.754579
40.045547,3.582420,0.305251,2.278892,0.021978,-0.754579
40.060425,3.641026,0.280830,2.278892,0.021978,-0.754579
40.075302,3.684982,0.285715,2.278892,0.021978,-0.754579
40.089798,3.655678,0.290599,2.278892,-0.007328,-0.749695
40.104675,3.684982,0.280830,2.278892,0.007326,-0.749695
40.119553,3.728939,0.266179,2.278892,0.007326,-0.754579
40.134430,3.728939,0.285715,2.278892,0.007326,-0.749695
40.148926,3.641026,0.295483,2.278892,0.021978,-0.754579
40.163422,3.626373,0.295483,2.278892,-0.007328,-0.749695
40.178299,3.655678,0.290599,2.278892,0.007326,-0.749695
40.192413,3.626373,0.310135,2.278892,0.007326,-0.749695
40.206909,3.597073,0.315019,2.278892,0.007326,-0.749695
40.221405,3.597073,0.280830,2.278892,-0.007328,-0.749695
40.236282,3.641026,0.266179,2.278892,0.007326,-0.749695
40.250778,3.641026,0.275947,2.278892,0.007326,-0.749695
40.264893,3.597073,0.285715,2.278892,0.021978,-0.749695
40.279388,3.626373,0.280830,2.278892,0.007326,-0.749695
40.294266,3.626373,0.290599,2.278892,-0.007328,-0.749695
40.308762,3.611725,0.300367,2.278892,0.007326,-0.754579
40.322495,3.567768,0.305251,2.278892,-0.007328,-0.754579
40.336990,3.553116,0.290599,2.278892,-0.007328,-0.754579
40.351105,3.553116,0.275947,2.278892,0.021978,-0.754579
40.365601,3.597073,0.285715,2.278892,0.007326,-0.744811
40.380096,3.567768,0.300367,2.278892,0.007326,-0.744811
40.394211,3.582420,0.315019,2.278892,-0.007328,-0.749695
40.408707,3.582420,0.310135,2.278892,0.021978,-0.749695
40.422821,3.567768,0.305251,2.278892,-0.007328,-0.744811
40.437317,3.553116,0.305251,2.278892,0.007326,-0.744811
40.451431,3.553116,0.310135,2.278892,0.007326,-0.749695
40.465927,3.582420,0.310135,2.278892,0.007326,-0.744811
40.480423,3.597073,0.319902,2.278892,0.021978,-0.749695
40.495300,3.597073,0.315019,2.278892,0.007326,-0.744811
40.509796,3.626373,0.300367,2.278892,0.007326,-0.749695
40.524292,3.670330,0.290599,2.278892,0.021978,-0.749695
40.539169,3.684982,0.285715,2.278892,0.007326,-0.744811
40.553665,3.655678,0.295483,2.278892,-0.007328,-0.744811
40.568542,3.670330,0.290599,2.278892,-0.007328,-0.744811
40.583420,3.714287,0.285715,2.278892,0.021978,-0.754579
40.597916,3.699635,0.290599,2.278892,-0.007328,-0.749695
40.612411,3.641026,0.310135,2.278892,0.007326,-0.749695
40.627289,3.655678,0.300367,2.278892,0.021978,-0.744811
40.641785,3.670330,0.295483,2.278892,0.007326,-0.744811
40.656662,3.655678,0.300367,2.278892,0.007326,-0.744811
40.671539,3.699635,0.295483,2.278892,0.007326,-0.749695
40.686417,3.699635,0.285715,2.278892,-0.007328,-0.754579
40.701294,3.728939,0.280830,2.278892,0.007326,-0.749695
40.716171,3.714287,0.290599,2.278892,0.007326,-0.749695
40.731049,3.714287,0.295483,2.278892,-0.007328,-0.749695
40.746307,3.728939,0.275947,2.278892,0.007326,-0.749695
40.761566,3.802200,0.266179,2.278892,0.007326,-0.744811
40.776443,3.772896,0.266179,2.278892,0.007326,-0.744811
40.791702,3.743591,0.280830,2.278892,0.007326,-0.744811
40.806580,3.743591,0.256411,2.278892,0.007326,-0.744811
40.821838,3.787548,0.246643,2.278892,0.007326,-0.744811
40.837097,3.802200,0.251527,2.278892,0.007326,-0.744811
40.851974,3.772896,0.261295,2.278892,0.007326,-0.739926
40.866852,3.728939,0.266179,2.278892,-0.007328,-0.739926
40.881348,3.684982,0.275947,2.278892,0.007326,-0.739926
40.895844,3.626373,0.285715,2.278892,0.021978,-0.739926
40.910721,3.641026,0.280830,2.278892,0.007326,-0.735043
40.925217,3.626373,0.271063,2.278892,0.007326,-0.735043
40.940094,3.699635,0.251527,2.278892,0.007326,-0.739926
40.954971,3.684982,0.256411,2.278892,0.007326,-0.739926
40.969849,3.699635,0.261295,2.278892,0.007326,-0.744811
40.984344,3.670330,0.246643,2.278892,0.007326,-0.739926
40.999603,3.699635,0.246643,2.278892,0.021978,-0.739926
41.014099,3.684982,0.241758,2.278892,0.021978,-0.735043
41.028595,3.684982,0.241758,2.278892,-0.007328,-0.735043
41.043854,3.699635,0.236875,2.278892,0.007326,-0.735043
41.058731,3.699635,0.251527,2.278892,0.007326,-0.739926
41.073227,3.655678,0.266179,2.278892,0.007326,-0.735043
41.087723,3.626373,0.271063,2.278892,-0.007328,-0.735043
41.101837,3.641026,0.275947,2.278892,0.021978,-0.735043
41.117096,3.684982,0.271063,2.278892,-0.007328,-0.730159
41.131973,3.684982,0.275947,2.278892,0.021978,-0.730159
41.146851,3.714287,0.285715,2.278892,-0.021980,-0.730159
41.161346,3.684982,0.285715,2.278892,0.007326,-0.730159
41.176605,3.714287,0.280830,2.278892,-0.007328,-0.735043
41.191483,3.699635,0.280830,2.278892,0.007326,-0.730159
41.206360,3.699635,0.280830,2.278892,0.007326,-0.730159
41.221237,3.728939,0.271063,2.278892,0.007326,-0.725275
41.236115,3.743591,0.271063,2.278892,0.021978,-0.730159
41.251373,3.758244,0.266179,2.278892,0.007326,-0.725275
41.266632,3.772896,0.261295,2.278892,0.007326,-0.725275
41.281891,3.802200,0.261295,2.278892,0.007326,-0.720390
41.296768,3.787548,0.261295,2.278892,0.007326,-0.720390
41.311646,3.714287,0.271063,2.278892,0.007326,-0.720390
41.326523,3.699635,0.256411,2.278892,0.007326,-0.725275
41.341400,3.743591,0.241758,2.278892,0.007326,-0.725275
41.356659,3.743591,0.241758,2.278892,0.021978,-0.725275
41.371918,3.758244,0.246643,2.278892,0.007326,-0.720390
41.387177,3.772896,0.231991,2.278892,0.007326,-0.720390
41.402435,3.787548,0.217339,2.278892,0.007326,-0.720390
41.417313,3.802200,0.212455,2.278892,0.007326,-0.720390
41.432571,3.802200,0.207571,2.278892,-0.007328,-0.720390
41.447830,3.772896,0.202686,2.278892,-0.007328,-0.720390
41.463089,3.802200,0.197803,2.278892,0.007326,-0.720390
41.477966,3.787548,0.202686,2.278892,-0.007328,-0.720390
41.492844,3.743591,0.207571,2.278892,0.007326,-0.720390
41.508102,3.758244,0.202686,2.278892,0.021978,-0.715507
41.522980,3.772896,0.202686,2.278892,0.007326,-0.710623
41.538239,3.758244,0.207571,2.278892,0.007326,-0.710623
41.553116,3.758244,0.222223,2.278892,0.007326,-0.715507
41.568375,3.758244,0.222223,2.278892,0.007326,-0.705739
41.583252,3.743591,0.231991,2.278892,0.007326,-0.705739
41.598129,3.714287,0.246643,2.278892,-0.007328,-0.705739
41.612625,3.699635,0.236875,2.278892,0.021978,-0.705739
41.627502,3.699635,0.231991,2.278892,0.007326,-0.700854
41.642380,3.699635,0.231991,2.278892,0.007326,-0.705739
41.657257,3.714287,0.236875,2.278892,0.007326,-0.705739
41.672134,3.699635,0.241758,2.278892,0.007326,-0.700854
41.687012,3.714287,0.241758,2.278892,0.007326,-0.695971
41.701889,3.728939,0.241758,2.278892,0.007326,-0.700854
41.716766,3.728939,0.241758,2.278892,0.007326,-0.700854
41.732025,3.772896,0.246643,2.278892,0.007326,-0.700854
41.746902,3.758244,0.246643,2.278892,0.007326,-0.700854
41.761780,3.728939,0.266179,2.278892,0.007326,-0.700854
41.776657,3.699635,0.266179,2.278892,0.007326,-0.695971
41.791153,3.655678,0.261295,2.278892,0.007326,-0.695971
41.806030,3.684982,0.261295,2.278892,0.007326,-0.691087
41.820526,3.684982,0.256411,2.278892,0.007326,-0.691087
41.835785,3.728939,0.251527,2.278892,-0.007328,-0.686203
41.851044,3.743591,0.246643,2.278892,-0.007328,-0.691087
41.865921,3.772896,0.246643,2.278892,0.007326,-0.695971
41.881180,3.758244,0.236875,2.278892,-0.007328,-0.695971
41.896057,3.743591,0.236875,2.278892,0.007326,-0.691087
41.911316,3.743591,0.227107,2.278892,0.007326,-0.686203
41.926575,3.772896,0.207571,2.278892,0.007326,-0.681318
41.941833,3.816853,0.217339,2.278892,0.021978,-0.681318
41.952896,3.787548,0.217339,2.278892,0.021978,-0.681318
41.972351,3.787548,0.227107,2.278892,-0.007328,-0.676435
41.987610,3.816853,0.231991,2.278892,0.007326,-0.676435
42.002487,3.816853,0.241758,2.278892,-0.007328,-0.681318
42.017365,3.787548,0.251527,2.278892,0.021978,-0.686203
42.032623,3.758244,0.241758,2.278892,0.007326,-0.676435
42.047501,3.758244,0.246643,2.278892,0.007326,-0.676435
42.062759,3.743591,0.241758,2.278892,0.007326,-0.681318
42.077637,3.728939,0.246643,2.278892,0.007326,-0.681318
42.092514,3.758244,0.241758,2.278892,0.007326,-0.676435
42.107391,3.758244,0.241758,2.278892,0.007326,-0.676435
42.122269,3.728939,0.251527,2.278892,0.007326,-0.676435
42.137146,3.699635,0.246643,2.278892,0.007326,-0.676435
42.152023,3.714287,0.236875,2.278892,0.007326,-0.671551
42.167282,3.743591,0.231991,2.278892,0.007326,-0.671551
42.182159,3.743591,0.246643,2.278892,0.021978,-0.676435
42.197418,3.758244,0.246643,2.278892,0.007326,-0.671551
42.212677,3.772896,0.251527,2.278892,0.007326,-0.671551
42.227554,3.758244,0.271063,2.278892,0.007326,-0.666667
42.242050,3.714287,0.280830,2.278892,0.021978,-0.666667
42.256546,3.684982,0.285715,2.278510,-0.007328,-0.666667
42.271805,3.699635,0.275947,2.278510,-0.007328,-0.671551
42.286682,3.684982,0.275947,2.278892,0.021978,-0.676435
42.301178,3.699635,0.275947,2.278892,0.007326,-0.671551
42.316437,3.699635,0.271063,2.278892,0.007326,-0.671551
42.331314,3.743591,0.275947,2.278892,0.007326,-0.661782
42.346573,3.758244,0.285715,2.278892,0.007326,-0.661782
42.361069,3.699635,0.300367,2.278892,0.007326,-0.661782
42.375946,3.699635,0.275947,2.278892,0.007326,-0.666667
42.391205,3.728939,0.275947,2.278892,0.021978,-0.666667
42.406082,3.728939,0.285715,2.278892,0.007326,-0.666667
42.420578,3.699635,0.275947,2.278892,0.007326,-0.666667
42.435837,3.728939,0.275947,2.278892,0.007326,-0.661782
42.450714,3.714287,0.266179,2.278510,0.007326,-0.661782
42.465591,3.728939,0.256411,2.278892,0.007326,-0.661782
42.480850,3.743591,0.251527,2.278892,0.007326,-0.656898
42.495346,3.743591,0.256411,2.278892,0.007326,-0.661782
42.510605,3.743591,0.241758,2.278892,0.007326,-0.661782
42.525482,3.714287,0.236875,2.278892,0.007326,-0.661782
42.538452,3.728939,0.241758,2.278892,0.007326,-0.656898
42.555237,3.714287,0.222223,2.278892,0.007326,-0.656898
42.570114,3.728939,0.227107,2.278892,0.021978,-0.656898
42.584991,3.728939,0.227107,2.278892,0.007326,-0.652015
42.600250,3.728939,0.222223,2.278892,0.007326,-0.656898
42.615509,3.787548,0.222223,2.278892,0.007326,-0.656898
42.630386,3.772896,0.236875,2.278892,0.007326,-0.656898
42.645264,3.758244,0.246643,2.278892,0.007326,-0.652015
42.660141,3.699635,0.241758,2.278892,0.021978,-0.652015
42.675018,3.714287,0.231991,2.278892,0.007326,-0.647131
42.689896,3.699635,0.222223,2.278892,0.007326,-0.647131
42.704773,3.684982,0.236875,2.278510,0.007326,-0.647131
42.719650,3.699635,0.236875,2.278510,0.007326,-0.647131
42.734528,3.714287,0.222223,2.278892,0.021978,-0.647131
42.749405,3.714287,0.231991,2.278510,0.007326,-0.647131
42.763901,3.699635,0.236875,2.278892,0.021978,-0.647131
42.778778,3.699635,0.236875,2.278510,0.007326,-0.647131
42.793655,3.699635,0.236875,2.278510,0.007326,-0.642246
42.808151,3.670330,0.256411,2.278510,0.007326,-0.642246
42.823029,3.655678,0.261295,2.278510,0.021978,-0.642246
42.837906,3.626373,0.271063,2.278510,0.007326,-0.637362
42.852020,3.641026,0.275947,2.278510,0.007326,-0.642246
42.866516,3.611725,0.280830,2.278510,-0.007328,-0.637362
42.881012,3.611725,0.280830,2.278892,0.007326,-0.637362
42.895508,3.626373,0.271063,2.278510,0.007326,-0.642246
42.910385,3.641026,0.261295,2.278510,0.007326,-0.642246
42.924881,3.655678,0.271063,2.278510,-0.007328,-0.637362
42.939758,3.655678,0.285715,2.278510,0.021978,-0.637362
42.954254,3.670330,0.275947,2.278510,0.007326,-0.637362
42.969131,3.684982,0.280830,2.278510,-0.007328,-0.637362
42.984009,3.699635,0.295483,2.278510,0.007326,-0.642246
42.998505,3.655678,0.305251,2.278510,0.021978,-0.642246
43.013000,3.670330,0.310135,2.278510,-0.007328,-0.632479
43.028259,3.699635,0.305251,2.278510,0.007326,-0.632479
43.043137,3.714287,0.310135,2.278510,0.007326,-0.637362
43.058014,3.743591,0.310135,2.278510,0.021978,-0.632479
43.072891,3.743591,0.305251,2.278510,0.007326,-0.632479
43.088150,3.758244,0.300367,2.278510,0.007326,-0.632479
43.103027,3.714287,0.300367,2.278510,0.007326,-0.627595
43.117523,3.684982,0.305251,2.278510,0.007326,-0.627595
43.132782,3.670330,0.290599,2.278510,0.007326,-0.627595
43.147278,3.684982,0.290599,2.278510,0.007326,-0.627595
43.161774,3.699635,0.280830,2.278510,0.007326,-0.627595
43.176651,3.655678,0.275947,2.278510,0.007326,-0.627595
43.191528,3.684982,0.266179,2.278510,0.007326,-0.627595
43.206406,3.699635,0.256411,2.278510,0.007326,-0.627595
43.221283,3.714287,0.256411,2.278510,0.007326,-0.627595
43.236160,3.728939,0.261295,2.278510,-0.021980,-0.627595
43.251038,3.728939,0.261295,2.278510,0.021978,-0.632479
43.265915,3.714287,0.256411,2.278510,0.021978,-0.632479
43.280792,3.670330,0.251527,2.278510,0.007326,-0.622710
43.295288,3.641026,0.241758,2.278510,0.007326,-0.627595
43.309784,3.641026,0.231991,2.278510,-0.007328,-0.622710
43.324661,3.670330,0.231991,2.278510,0.007326,-0.622710
43.339157,3.670330,0.241758,2.278510,0.021978,-0.627595
43.354034,3.641026,0.251527,2.278510,-0.007328,-0.622710
43.368530,3.655678,0.251527,2.278510,0.007326,-0.622710
43.383408,3.684982,0.261295,2.278510,0.021978,-0.622710
43.398285,3.670330,0.271063,2.278510,0.007326,-0.622710
43.412781,3.655678,0.275947,2.278510,0.007326,-0.622710
43.427658,3.670330,0.266179,2.278510,-0.007328,-0.622710
43.442154,3.655678,0.271063,2.278510,0.007326,-0.627595
43.456268,3.611725,0.275947,2.278510,0.021978,-0.622710
43.470764,3.611725,0.271063,2.278510,-0.021980,-0.622710
43.485260,3.597073,0.266179,2.278510,0.007326,-0.627595
43.499756,3.641026,0.266179,2.278510,0.007326,-0.622710
43.514252,3.611725,0.285715,2.278510,0.007326,-0.627595
43.528748,3.597073,0.300367,2.278510,-0.007328,-0.622710
43.543243,3.611725,0.300367,2.278510,0.007326,-0.627595
43.558121,3.626373,0.305251,2.278510,0.007326,-0.622710
43.572235,3.582420,0.315019,2.278510,0.007326,-0.622710
43.586349,3.553116,0.310135,2.278510,0.007326,-0.627595
43.600845,3.567768,0.295483,2.278510,0.021978,-0.627595
43.615341,3.655678,0.305251,2.278510,0.007326,-0.632479
43.630219,3.655678,0.319902,2.278510,0.007326,-0.632479
43.644714,3.655678,0.329671,2.278510,0.007326,-0.627595
43.659592,3.670330,0.324787,2.278510,0.007326,-0.617826
43.674088,3.684982,0.319902,2.278510,0.021978,-0.617826
43.689346,3.684982,0.319902,2.278510,0.007326,-0.622710
43.703461,3.655678,0.324787,2.278510,-0.007328,-0.622710
43.718719,3.670330,0.305251,2.278510,0.007326,-0.627595
43.733215,3.670330,0.295483,2.278510,0.007326,-0.632479
43.747711,3.670330,0.295483,2.278510,0.021978,-0.632479
43.762589,3.641026,0.285715,2.278510,-0.007328,-0.627595
43.777084,3.670330,0.271063,2.278510,0.021978,-0.632479
43.792343,3.714287,0.261295,2.278510,0.007326,-0.632479
43.807220,3.699635,0.261295,2.278510,0.021978,-0.627595
43.821716,3.684982,0.256411,2.278510,-0.007328,-0.627595
43.836594,3.699635,0.251527,2.278510,0.007326,-0.632479
43.851471,3.684982,0.256411,2.278510,0.021978,-0.637362
43.866348,3.670330,0.261295,2.278510,0.007326,-0.632479
43.880844,3.670330,0.271063,2.278510,0.021978,-0.627595
43.895721,3.714287,0.261295,2.278510,-0.007328,-0.627595
43.910599,3.684982,0.266179,2.278510,0.021978,-0.632479
43.925476,3.684982,0.271063,2.278510,0.007326,-0.637362
43.939972,3.655678,0.266179,2.278510,0.007326,-0.632479
43.954849,3.684982,0.266179,2.278510,0.007326,-0.632479
43.969345,3.684982,0.266179,2.278510,0.007326,-0.637362
43.983841,3.626373,0.266179,2.278510,0.007326,-0.642246
43.998718,3.655678,0.251527,2.278510,-0.007328,-0.642246
44.013214,3.641026,0.246643,2.278510,0.007326,-0.642246
44.027710,3.655678,0.251527,2.278510,0.007326,-0.642246
44.042206,3.655678,0.261295,2.278510,-0.007328,-0.642246
44.057083,3.626373,0.275947,2.278510,0.007326,-0.647131
44.071579,3.626373,0.280830,2.278510,0.007326,-0.647131
44.086075,3.611725,0.295483,2.278510,0.007326,-0.647131
44.100189,3.582420,0.295483,2.278510,-0.007328,-0.647131
44.114685,3.553116,0.290599,2.278510,0.007326,-0.656898
44.129181,3.611725,0.266179,2.278510,-0.007328,-0.652015
44.143677,3.641026,0.275947,2.278510,0.007326,-0.656898
44.158173,3.611725,0.300367,2.278510,0.007326,-0.652015
44.172287,3.582420,0.305251,2.278510,0.007326,-0.652015
44.186783,3.597073,0.310135,2.278510,0.007326,-0.652015
44.200897,3.582420,0.315019,2.278510,0.007326,-0.652015
44.215012,3.538464,0.310135,2.278510,0.007326,-0.652015
44.229507,3.538464,0.305251,2.278510,0.007326,-0.652015
44.243622,3.582420,0.310135,2.278510,0.021978,-0.656898
44.258118,3.597073,0.310135,2.278510,0.007326,-0.652015
44.272995,3.582420,0.324787,2.278510,0.007326,-0.656898
44.287109,3.567768,0.319902,2.278510,0.007326,-0.656898
44.301605,3.611725,0.295483,2.278510,0.007326,-0.661782
44.316101,3.670330,0.295483,2.278510,-0.007328,-0.656898
44.330597,3.626373,0.315019,2.278510,0.007326,-0.656898
44.345093,3.597073,0.319902,2.278510,0.007326,-0.661782
44.359970,3.611725,0.310135,2.278510,-0.007328,-0.661782
44.374847,3.699635,0.315019,2.278510,0.007326,-0.666667
44.389343,3.670330,0.329671,2.278510,0.007326,-0.666667
44.403839,3.641026,0.339439,2.278510,0.007326,-0.666667
44.418716,3.670330,0.319902,2.278510,0.007326,-0.666667
44.433212,3.684982,0.315019,2.278510,0.007326,-0.666667
44.448090,3.684982,0.315019,2.278510,0.007326,-0.661782
44.462967,3.670330,0.300367,2.278510,-0.007328,-0.671551
44.477463,3.699635,0.290599,2.278510,-0.007328,-0.671551
44.492340,3.699635,0.285715,2.278510,0.007326,-0.676435
44.507217,3.684982,0.290599,2.278510,0.007326,-0.671551
44.521713,3.655678,0.275947,2.278510,0.036631,-0.671551
44.536209,3.641026,0.266179,2.278510,-0.007328,-0.661782
44.550705,3.641026,0.266179,2.278510,0.007326,-0.671551
44.565201,3.597073,0.275947,2.278510,0.007326,-0.676435
44.579315,3.567768,0.280830,2.278510,0.021978,-0.676435
44.593430,3.553116,0.266179,2.278510,0.021978,-0.676435
44.607544,3.538464,0.266179,2.278510,0.021978,-0.671551
44.621658,3.509159,0.266179,2.278510,0.007326,-0.671551
44.635773,3.509159,0.285715,2.278510,0.007326,-0.676435
44.649887,3.523811,0.285715,2.278510,0.007326,-0.681318
44.664383,3.538464,0.285715,2.278510,0.007326,-0.681318
44.678497,3.523811,0.295483,2.278510,0.021978,-0.686203
44.692230,3.494507,0.324787,2.278510,0.007326,-0.681318
44.705963,3.479855,0.319902,2.278510,0.007326,-0.681318
44.720078,3.465202,0.319902,2.278510,0.021978,-0.681318
44.733810,3.465202,0.329671,2.278510,0.007326,-0.681318
44.747925,3.450550,0.354091,2.278510,0.021978,-0.681318
44.761658,3.494507,0.349207,2.278510,-0.007328,-0.681318
44.776154,3.509159,0.339439,2.278510,0.021978,-0.686203
44.789886,3.494507,0.368743,2.278510,0.007326,-0.691087
44.803619,3.479855,0.378511,2.278510,0.007326,-0.691087
44.817734,3.494507,0.358974,2.278510,0.007326,-0.691087
44.832230,3.523811,0.349207,2.278892,0.021978,-0.691087
44.846725,3.567768,0.363859,2.278510,0.007326,-0.691087
44.860458,3.538464,0.373627,2.278510,-0.007328,-0.695971
44.874954,3.553116,0.383395,2.278510,0.021978,-0.695971
44.889450,3.582420,0.358974,2.278510,-0.007328,-0.691087
44.903946,3.597073,0.363859,2.278892,0.021978,-0.695971
44.918060,3.582420,0.358974,2.278510,-0.007328,-0.691087
44.932556,3.582420,0.334555,2.278510,-0.007328,-0.700854
44.947433,3.655678,0.319902,2.278510,0.021978,-0.705739
44.961929,3.670330,0.334555,2.278510,0.007326,-0.700854
44.976425,3.611725,0.339439,2.278892,0.007326,-0.700854
44.990921,3.641026,0.310135,2.278510,0.007326,-0.705739
45.006180,3.728939,0.300367,2.278892,0.021978,-0.705739
45.021057,3.714287,0.305251,2.278510,0.007326,-0.700854
45.035172,3.641026,0.315019,2.278510,0.007326,-0.705739
45.050049,3.641026,0.290599,2.278510,-0.007328,-0.705739
45.064926,3.670330,0.266179,2.278510,0.007326,-0.710623
45.079422,3.655678,0.280830,2.278892,0.007326,-0.705739
45.093918,3.626373,0.280830,2.278510,0.007326,-0.705739
45.108032,3.611725,0.271063,2.278892,0.021978,-0.705739
45.122910,3.655678,0.266179,2.278892,0.007326,-0.705739
45.138168,3.670330,0.285715,2.278892,0.036631,-0.705739
45.152664,3.655678,0.295483,2.278510,-0.007328,-0.700854
45.167160,3.641026,0.305251,2.278892,0.007326,-0.710623
45.181656,3.641026,0.300367,2.278892,0.021978,-0.710623
45.196152,3.597073,0.300367,2.278510,-0.007328,-0.710623
45.210266,3.582420,0.295483,2.278892,0.007326,-0.715507
45.224762,3.582420,0.275947,2.278510,-0.021980,-0.720390
45.239258,3.582420,0.275947,2.278892,0.021978,-0.725275
45.253372,3.597073,0.285715,2.278892,0.007326,-0.720390
45.267487,3.582420,0.295483,2.278892,0.007326,-0.720390
45.281982,3.567768,0.285715,2.278892,0.007326,-0.715507
45.296478,3.597073,0.266179,2.278892,0.007326,-0.715507
45.310974,3.611725,0.261295,2.278892,0.007326,-0.715507
45.325470,3.611725,0.275947,2.278892,0.021978,-0.720390
45.339584,3.597073,0.280830,2.278892,-0.007328,-0.720390
45.354462,3.582420,0.280830,2.278510,0.007326,-0.725275
45.368958,3.611725,0.300367,2.278510,0.007326,-0.725275
45.383072,3.611725,0.300367,2.278892,0.007326,-0.725275
45.397568,3.582420,0.295483,2.278892,0.036631,-0.730159
45.412064,3.597073,0.285715,2.278892,0.007326,-0.720390
45.426178,3.597073,0.295483,2.278892,0.021978,-0.720390
45.440674,3.567768,0.300367,2.278892,0.007326,-0.725275
45.455170,3.597073,0.305251,2.278892,-0.007328,-0.730159
45.469666,3.626373,0.310135,2.278892,0.021978,-0.735043
45.483780,3.597073,0.319902,2.278892,0.007326,-0.735043
45.497894,3.553116,0.324787,2.278892,-0.007328,-0.730159
45.512390,3.553116,0.300367,2.278892,0.021978,-0.735043
45.526886,3.626373,0.300367,2.278892,0.021978,-0.730159
45.541382,3.611725,0.319902,2.278892,0.007326,-0.725275
45.555496,3.567768,0.349207,2.278892,0.007326,-0.725275
45.569992,3.582420,0.334555,2.278892,0.007326,-0.730159
45.584488,3.611725,0.315019,2.278892,0.021978,-0.730159
45.599365,3.641026,0.315019,2.278892,0.021978,-0.730159
45.613480,3.597073,0.324787,2.278892,0.007326,-0.725275
45.627975,3.597073,0.319902,2.278892,0.007326,-0.725275
45.642853,3.611725,0.310135,2.278892,0.021978,-0.730159
45.657349,3.641026,0.319902,2.278892,-0.007328,-0.730159
45.671463,3.597073,0.329671,2.278892,-0.007328,-0.730159
45.685959,3.597073,0.315019,2.278892,0.007326,-0.739926
45.701218,3.714287,0.290599,2.278892,0.007326,-0.739926
45.716095,3.699635,0.310135,2.278892,0.021978,-0.739926
45.730209,3.641026,0.324787,2.278892,0.021978,-0.735043
45.745087,3.611725,0.295483,2.278892,0.007326,-0.735043
45.759964,3.728939,0.266179,2.278892,0.007326,-0.735043
45.775223,3.758244,0.271063,2.278892,0.007326,-0.739926
45.789719,3.699635,0.285715,2.278892,0.007326,-0.739926
45.804214,3.641026,0.271063,2.278510,-0.021980,-0.735043
45.819092,3.655678,0.266179,2.278892,0.007326,-0.744811
45.833969,3.699635,0.261295,2.278892,0.021978,-0.744811
45.848465,3.670330,0.275947,2.278892,0.007326,-0.744811
45.863342,3.670330,0.280830,2.278892,-0.007328,-0.744811
45.877838,3.670330,0.275947,2.278892,-0.007328,-0.744811
45.892715,3.655678,0.285715,2.278892,0.007326,-0.744811
45.907211,3.655678,0.280830,2.278892,0.007326,-0.744811
45.921707,3.641026,0.275947,2.278892,0.007326,-0.739926
45.936203,3.641026,0.261295,2.278892,0.007326,-0.739926
45.950699,3.611725,0.266179,2.278892,0.007326,-0.739926
45.964813,3.582420,0.261295,2.278892,0.007326,-0.744811
45.979309,3.582420,0.261295,2.278892,0.021978,-0.739926
45.994186,3.626373,0.266179,2.278892,0.007326,-0.739926
46.008682,3.626373,0.275947,2.278892,0.007326,-0.739926
46.022797,3.611725,0.290599,2.278892,0.021978,-0.744811
46.037292,3.582420,0.275947,2.278892,0.021978,-0.744811
46.051788,3.626373,0.266179,2.278892,0.007326,-0.744811
46.066284,3.611725,0.266179,2.278892,0.007326,-0.744811
46.080780,3.597073,0.285715,2.278892,0.021978,-0.749695
46.094894,3.582420,0.290599,2.278892,0.007326,-0.744811
46.109390,3.611725,0.300367,2.278892,0.007326,-0.744811
46.124268,3.641026,0.305251,2.278892,0.007326,-0.739926
46.138382,3.611725,0.315019,2.278892,-0.007328,-0.744811
46.152878,3.611725,0.305251,2.278892,0.021978,-0.744811
46.167755,3.641026,0.290599,2.278892,0.021978,-0.749695
46.181870,3.597073,0.300367,2.278892,0.007326,-0.744811
46.196365,3.597073,0.310135,2.278892,0.007326,-0.749695
46.210861,3.582420,0.310135,2.278892,-0.007328,-0.744811
46.225357,3.641026,0.305251,2.278892,-0.007328,-0.754579
46.239853,3.641026,0.319902,2.278892,0.007326,-0.754579
46.254349,3.582420,0.319902,2.278892,-0.007328,-0.754579
46.268845,3.567768,0.300367,2.278892,0.007326,-0.754579
46.283340,3.626373,0.280830,2.278892,0.007326,-0.754579
46.297836,3.626373,0.280830,2.278892,0.007326,-0.749695
46.312332,3.611725,0.305251,2.278892,-0.007328,-0.754579
46.326447,3.582420,0.295483,2.278892,0.007326,-0.759462
46.341324,3.641026,0.285715,2.278892,0.007326,-0.754579
46.356201,3.655678,0.300367,2.278892,0.021978,-0.759462
46.370697,3.641026,0.315019,2.278892,-0.007328,-0.759462
46.385193,3.655678,0.310135,2.278892,0.007326,-0.759462
46.400070,3.699635,0.295483,2.278892,0.007326,-0.754579
46.414948,3.699635,0.305251,2.278892,0.007326,-0.754579
46.429062,3.597073,0.305251,2.278892,0.007326,-0.754579
46.443176,3.553116,0.305251,2.278892,0.007326,-0.754579
46.457672,3.582420,0.290599,2.278892,-0.007328,-0.754579
46.472168,3.582420,0.310135,2.278892,0.007326,-0.754579
46.486282,3.582420,0.315019,2.278892,0.007326,-0.754579
46.500397,3.523811,0.300367,2.278892,0.007326,-0.749695
46.514893,3.597073,0.280830,2.278892,0.021978,-0.749695
46.529388,3.611725,0.285715,2.278892,-0.021980,-0.744811
46.543884,3.611725,0.310135,2.278892,0.021978,-0.754579
46.557999,3.567768,0.310135,2.278892,-0.007328,-0.754579
46.573257,3.626373,0.310135,2.278892,0.021978,-0.749695
46.587372,3.626373,0.310135,2.278892,0.007326,-0.744811
46.601486,3.611725,0.315019,2.278892,0.007326,-0.744811
46.615601,3.582420,0.305251,2.278892,-0.007328,-0.744811
46.630096,3.582420,0.305251,2.278892,0.007326,-0.749695
46.644592,3.597073,0.315019,2.278892,0.007326,-0.749695
46.658707,3.567768,0.324787,2.278892,-0.007328,-0.744811
46.672821,3.567768,0.319902,2.278892,0.007326,-0.749695
46.687317,3.553116,0.305251,2.278892,0.007326,-0.744811
46.701813,3.567768,0.315019,2.278892,0.021978,-0.744811
46.715927,3.553116,0.334555,2.278892,0.007326,-0.739926
46.730042,3.553116,0.339439,2.278892,0.007326,-0.739926
46.744537,3.582420,0.324787,2.278892,-0.007328,-0.735043
46.759033,3.597073,0.319902,2.278892,0.007326,-0.739926
46.773529,3.611725,0.310135,2.278892,0.021978,-0.739926
46.788025,3.626373,0.305251,2.278892,-0.007328,-0.735043
46.802902,3.670330,0.295483,2.278892,0.007326,-0.735043
46.817398,3.655678,0.295483,2.278892,0.007326,-0.739926
46.832275,3.699635,0.305251,2.278892,0.007326,-0.735043
46.847153,3.670330,0.300367,2.278892,0.007326,-0.735043
46.862030,3.714287,0.290599,2.278892,0.021978,-0.735043
46.876907,3.728939,0.300367,2.278892,0.007326,-0.735043
46.891403,3.641026,0.319902,2.278892,0.007326,-0.735043
46.905899,3.641026,0.310135,2.278892,0.007326,-0.735043
46.920395,3.641026,0.295483,2.278892,0.007326,-0.735043
46.935272,3.684982,0.285715,2.278892,0.007326,-0.735043
46.950150,3.684982,0.280830,2.278892,0.007326,-0.735043
46.965027,3.714287,0.275947,2.278892,0.021978,-0.735043
46.980286,3.743591,0.266179,2.278892,0.007326,-0.730159
46.995544,3.772896,0.271063,2.278892,0.021978,-0.735043
47.010422,3.743591,0.275947,2.278892,-0.007328,-0.735043
47.025299,3.772896,0.271063,2.278892,-0.007328,-0.739926
47.040939,3.787548,0.251527,2.278892,-0.007328,-0.739926
47.055817,3.802200,0.251527,2.278892,0.007326,-0.744811
47.071075,3.772896,0.261295,2.278892,0.007326,-0.739926
47.086334,3.787548,0.246643,2.278892,0.007326,-0.739926
47.101593,3.802200,0.236875,2.278892,0.007326,-0.735043
47.116852,3.831505,0.227107,2.278892,0.007326,-0.735043
47.132111,3.802200,0.231991,2.278892,0.007326,-0.735043
47.147369,3.772896,0.241758,2.278892,-0.007328,-0.739926
47.161865,3.714287,0.241758,2.278892,0.007326,-0.735043
47.176361,3.684982,0.251527,2.278892,0.007326,-0.735043
47.190857,3.641026,0.246643,2.278892,0.007326,-0.735043
47.205353,3.641026,0.246643,2.278892,-0.007328,-0.739926
47.220612,3.699635,0.241758,2.278892,0.021978,-0.739926
47.235489,3.714287,0.246643,2.278892,0.007326,-0.730159
47.250366,3.728939,0.251527,2.278892,0.007326,-0.725275
47.265625,3.743591,0.251527,2.278892,-0.007328,-0.725275
47.280121,3.699635,0.261295,2.278892,0.021978,-0.730159
47.294998,3.684982,0.266179,2.278892,0.007326,-0.730159
47.309494,3.670330,0.266179,2.278892,0.007326,-0.725275
47.323990,3.670330,0.251527,2.278892,0.007326,-0.725275
47.338486,3.641026,0.256411,2.278892,0.007326,-0.725275
47.352982,3.611725,0.261295,2.278892,0.007326,-0.720390
47.367096,3.567768,0.261295,2.278892,0.007326,-0.720390
47.381973,3.611725,0.261295,2.278892,0.021978,-0.720390
47.396469,3.641026,0.261295,2.278892,0.021978,-0.720390
47.411346,3.670330,0.275947,2.278892,0.007326,-0.715507
47.426224,3.670330,0.285715,2.278892,0.007326,-0.715507
47.440720,3.655678,0.295483,2.278892,-0.007328,-0.720390
47.455597,3.655678,0.290599,2.278892,0.007326,-0.720390
47.470093,3.655678,0.295483,2.278892,0.007326,-0.715507
47.484970,3.670330,0.285715,2.278892,0.007326,-0.715507
47.499466,3.670330,0.275947,2.278892,-0.007328,-0.715507
47.514343,3.699635,0.275947,2.278892,0.007326,-0.715507
47.529221,3.699635,0.266179,2.278892,0.021978,-0.710623
47.544098,3.728939,0.266179,2.278892,-0.007328,-0.705739
47.559357,3.758244,0.266179,2.278892,0.007326,-0.705739
47.574234,3.728939,0.275947,2.278892,0.007326,-0.710623
47.589111,3.699635,0.280830,2.278892,0.007326,-0.705739
47.603989,3.699635,0.266179,2.278892,0.007326,-0.705739
47.618866,3.743591,0.256411,2.278892,0.007326,-0.700854
47.634125,3.758244,0.256411,2.278892,-0.007328,-0.700854
47.649384,3.772896,0.266179,2.278892,0.021978,-0.705739
47.664261,3.743591,0.251527,2.278892,0.007326,-0.705739
47.679520,3.772896,0.241758,2.278892,0.007326,-0.700854
47.694778,3.816853,0.241758,2.278892,0.007326,-0.700854
47.709656,3.758244,0.246643,2.278892,-0.007328,-0.700854
47.724915,3.787548,0.251527,2.278892,-0.007328,-0.705739
47.740173,3.787548,0.241758,2.278892,0.021978,-0.705739
47.755432,3.758244,0.246643,2.278892,0.007326,-0.695971
47.769928,3.743591,0.251527,2.278892,-0.007328,-0.691087
47.785187,3.758244,0.241758,2.278892,0.007326,-0.695971
47.800446,3.772896,0.231991,2.278892,0.007326,-0.700854
47.815323,3.787548,0.231991,2.278892,0.007326,-0.700854
47.830582,3.787548,0.231991,2.278892,0.007326,-0.700854
47.845840,3.772896,0.217339,2.278892,0.007326,-0.695971
47.861099,3.802200,0.217339,2.278892,-0.007328,-0.691087
47.876358,3.787548,0.222223,2.278892,0.007326,-0.691087
47.891235,3.728939,0.227107,2.278892,0.007326,-0.695971
47.906113,3.728939,0.222223,2.278892,0.007326,-0.695971
47.920990,3.728939,0.217339,2.278892,-0.007328,-0.691087
47.935867,3.728939,0.222223,2.278892,0.007326,-0.691087
47.950745,3.728939,0.227107,2.278892,0.007326,-0.691087
47.965622,3.743591,0.227107,2.278892,0.007326,-0.691087
47.980881,3.758244,0.222223,2.278892,0.007326,-0.686203
47.995758,3.728939,0.227107,2.278892,-0.007328,-0.691087
48.010635,3.743591,0.231991,2.278892,0.021978,-0.691087
48.025894,3.728939,0.231991,2.278892,0.007326,-0.686203
48.040390,3.684982,0.246643,2.278892,0.007326,-0.686203
48.055267,3.684982,0.246643,2.278892,-0.007328,-0.686203
48.069763,3.670330,0.251527,2.278892,0.007326,-0.691087
48.084641,3.684982,0.246643,2.278892,0.007326,-0.691087
48.099518,3.714287,0.246643,2.278892,0.007326,-0.691087
48.114777,3.743591,0.246643,2.278892,0.007326,-0.686203
48.129654,3.728939,0.246643,2.278892,0.007326,-0.681318
48.144913,3.772896,0.241758,2.278892,0.007326,-0.681318
48.159790,3.758244,0.236875,2.278892,0.007326,-0.681318
48.175049,3.772896,0.236875,2.278892,0.007326,-0.681318
48.189926,3.758244,0.222223,2.278892,0.007326,-0.681318
48.205566,3.787548,0.212455,2.278892,0.007326,-0.676435
48.220825,3.802200,0.217339,2.278892,0.021978,-0.676435
48.235703,3.772896,0.222223,2.278892,0.007326,-0.671551
48.250580,3.743591,0.222223,2.278892,0.007326,-0.671551
48.265839,3.772896,0.217339,2.278892,-0.007328,-0.671551
48.281097,3.802200,0.227107,2.278892,0.021978,-0.676435
48.296356,3.787548,0.231991,2.278892,0.007326,-0.676435
48.311234,3.758244,0.227107,2.278892,0.021978,-0.671551
48.326492,3.758244,0.231991,2.278892,-0.007328,-0.666667
48.341751,3.758244,0.227107,2.278892,0.021978,-0.671551
48.356247,3.714287,0.236875,2.278892,-0.007328,-0.666667
48.371124,3.743591,0.227107,2.278892,0.007326,-0.666667
48.386383,3.714287,0.227107,2.278892,0.007326,-0.666667
48.400879,3.714287,0.236875,2.278892,0.007326,-0.666667
48.415375,3.670330,0.231991,2.278892,-0.007328,-0.666667
48.430634,3.699635,0.217339,2.278892,0.007326,-0.671551
48.445511,3.728939,0.212455,2.278892,0.007326,-0.666667
48.460770,3.758244,0.222223,2.278892,0.007326,-0.661782
48.475647,3.714287,0.222223,2.278892,0.007326,-0.661782
48.490524,3.728939,0.231991,2.278892,0.021978,-0.661782
48.505402,3.743591,0.241758,2.278892,0.007326,-0.661782
48.520279,3.699635,0.251527,2.278892,0.007326,-0.661782
48.534775,3.684982,0.261295,2.278892,0.007326,-0.666667
48.549652,3.699635,0.246643,2.278892,0.007326,-0.661782
48.564911,3.714287,0.251527,2.278892,0.007326,-0.661782
48.579407,3.699635,0.266179,2.278892,0.021978,-0.666667
48.594284,3.699635,0.266179,2.278892,0.007326,-0.661782
48.609543,3.743591,0.256411,2.278892,0.021978,-0.661782
48.624420,3.728939,0.266179,2.278892,0.007326,-0.656898
48.639297,3.728939,0.275947,2.278892,0.021978,-0.661782
48.654175,3.699635,0.266179,2.278892,-0.007328,-0.661782
48.669052,3.728939,0.261295,2.278892,0.021978,-0.661782
48.683929,3.758244,0.261295,2.278510,-0.007328,-0.661782
48.699188,3.714287,0.266179,2.278892,0.021978,-0.666667
48.714066,3.743591,0.256411,2.278892,0.021978,-0.666667
48.728943,3.758244,0.251527,2.278892,0.021978,-0.661782
48.744202,3.772896,0.246643,2.278510,-0.007328,-0.656898
48.759460,3.743591,0.246643,2.278892,0.007326,-0.661782
48.774338,3.728939,0.246643,2.278892,0.021978,-0.661782
48.789215,3.714287,0.236875,2.278892,0.007326,-0.661782
48.803711,3.714287,0.231991,2.278892,0.007326,-0.656898
48.818970,3.728939,0.227107,2.278892,0.007326,-0.656898
48.833466,3.714287,0.217339,2.278892,0.007326,-0.652015
48.848724,3.728939,0.217339,2.278510,0.007326,-0.652015
48.863602,3.728939,0.217339,2.278510,0.007326,-0.652015
48.878479,3.728939,0.217339,2.278892,0.007326,-0.656898
48.893738,3.743591,0.207571,2.278510,0.007326,-0.652015
48.908997,3.758244,0.217339,2.278510,-0.007328,-0.652015
48.923874,3.758244,0.222223,2.278892,0.007326,-0.647131
48.938370,3.699635,0.227107,2.278892,0.007326,-0.647131
48.953247,3.684982,0.222223,2.278510,0.007326,-0.647131
48.968124,3.699635,0.217339,2.278892,0.021978,-0.647131
48.982620,3.670330,0.236875,2.278510,0.007326,-0.647131
48.997116,3.655678,0.246643,2.278510,0.007326,-0.642246
49.011993,3.670330,0.241758,2.278510,0.007326,-0.642246
49.026871,3.714287,0.246643,2.278892,0.021978,-0.647131
49.041748,3.699635,0.251527,2.278510,0.007326,-0.642246
49.056625,3.714287,0.256411,2.278510,0.007326,-0.642246
49.071503,3.699635,0.256411,2.278510,0.007326,-0.642246
49.086380,3.714287,0.275947,2.278892,0.021978,-0.642246
49.100876,3.655678,0.280830,2.278510,0.007326,-0.642246
49.115372,3.641026,0.280830,2.278510,0.007326,-0.637362
49.129868,3.641026,0.261295,2.278510,0.007326,-0.637362
49.144745,3.655678,0.261295,2.278510,0.021978,-0.642246
49.159241,3.655678,0.266179,2.278510,0.007326,-0.637362
49.173737,3.641026,0.271063,2.278510,0.007326,-0.637362
49.188614,3.670330,0.261295,2.278510,0.007326,-0.632479
49.203491,3.699635,0.271063,2.278510,0.007326,-0.632479
49.218369,3.684982,0.290599,2.278510,0.007326,-0.637362
49.232864,3.655678,0.295483,2.278510,0.007326,-0.637362
49.247742,3.670330,0.290599,2.278510,0.021978,-0.637362
49.262619,3.684982,0.300367,2.278510,0.007326,-0.632479
49.277115,3.655678,0.315019,2.278510,0.021978,-0.632479
49.291611,3.626373,0.310135,2.278510,0.007326,-0.632479
49.306488,3.670330,0.300367,2.278510,-0.007328,-0.632479
49.321365,3.670330,0.300367,2.278510,0.007326,-0.637362
49.336243,3.699635,0.285715,2.278892,0.021978,-0.637362
49.351120,3.728939,0.285715,2.278510,-0.007328,-0.632479
49.365997,3.743591,0.280830,2.278510,0.007326,-0.637362
49.381256,3.743591,0.280830,2.278510,0.007326,-0.637362
49.396133,3.743591,0.290599,2.278510,-0.007328,-0.632479
49.410629,3.699635,0.280830,2.278510,0.007326,-0.627595
49.425507,3.699635,0.271063,2.278510,0.007326,-0.627595
49.440384,3.684982,0.266179,2.278510,0.007326,-0.632479
49.454880,3.670330,0.266179,2.278510,-0.007328,-0.627595
49.469757,3.670330,0.246643,2.278510,0.007326,-0.627595
49.485016,3.684982,0.236875,2.278510,0.007326,-0.627595
49.499893,3.714287,0.231991,2.278510,-0.007328,-0.627595
49.514389,3.699635,0.231991,2.278510,0.007326,-0.627595
49.529266,3.728939,0.236875,2.278510,0.007326,-0.627595
49.544144,3.699635,0.236875,2.278510,0.021978,-0.632479
49.559021,3.714287,0.241758,2.278510,-0.007328,-0.632479
49.573517,3.655678,0.246643,2.278510,0.007326,-0.632479
49.588013,3.626373,0.256411,2.278510,-0.007328,-0.632479
49.602890,3.655678,0.246643,2.278510,0.021978,-0.632479
49.617767,3.684982,0.261295,2.278510,0.007326,-0.632479
49.632263,3.670330,0.275947,2.278510,0.007326,-0.632479
49.647141,3.670330,0.266179,2.278510,0.007326,-0.627595
49.661636,3.684982,0.266179,2.278510,0.007326,-0.622710
49.676132,3.655678,0.271063,2.278510,0.021978,-0.627595
49.690628,3.626373,0.261295,2.278510,-0.007328,-0.627595
49.705505,3.641026,0.241758,2.278510,0.007326,-0.632479
49.720383,3.684982,0.246643,2.278510,-0.007328,-0.632479
49.734879,3.655678,0.256411,2.278510,0.021978,-0.632479
49.749374,3.597073,0.271063,2.278510,0.007326,-0.627595
49.763489,3.597073,0.280830,2.278510,0.021978,-0.627595
49.778366,3.611725,0.275947,2.278510,0.007326,-0.627595
49.792862,3.626373,0.285715,2.278510,0.007326,-0.627595
49.807358,3.626373,0.285715,2.278510,0.007326,-0.627595
49.821854,3.597073,0.275947,2.278510,0.021978,-0.627595
49.836349,3.641026,0.271063,2.278510,0.007326,-0.627595
49.850464,3.597073,0.295483,2.278510,0.021978,-0.632479
49.864578,3.567768,0.310135,2.278510,0.007326,-0.627595
49.879074,3.538464,0.319902,2.278510,-0.007328,-0.627595
49.893570,3.626373,0.305251,2.278510,0.007326,-0.627595
49.908066,3.641026,0.310135,2.278510,0.007326,-0.632479
49.922943,3.641026,0.319902,2.278510,0.007326,-0.632479
49.937820,3.670330,0.310135,2.278510,0.007326,-0.632479
49.952698,3.699635,0.305251,2.278510,0.007326,-0.632479
49.967194,3.684982,0.300367,2.278510,0.021978,-0.632479
49.982071,3.684982,0.310135,2.278510,0.007326,-0.627595
49.996567,3.655678,0.300367,2.278510,0.007326,-0.627595
50.011444,3.655678,0.295483,2.278510,0.007326,-0.632479
50.026321,3.670330,0.295483,2.278510,0.007326,-0.632479
50.037003,3.670330,0.300367,2.278510,0.007326,-0.637362
50.055695,3.684982,0.295483,2.278510,-0.007328,-0.637362
50.070953,3.699635,0.280830,2.278510,0.021978,-0.642246
50.085449,3.699635,0.285715,2.278510,0.007326,-0.647131
50.100327,3.699635,0.280830,2.278510,0.021978,-0.642246
50.114822,3.670330,0.275947,2.278510,-0.007328,-0.637362
50.129700,3.699635,0.275947,2.278510,0.021978,-0.647131
50.144196,3.670330,0.275947,2.278510,-0.007328,-0.647131
50.159454,3.684982,0.271063,2.278510,0.021978,-0.647131
50.174332,3.714287,0.256411,2.278510,0.007326,-0.642246
50.189209,3.714287,0.251527,2.278510,-0.007328,-0.642246
50.203705,3.699635,0.246643,2.278510,0.021978,-0.647131
50.218582,3.684982,0.246643,2.278510,0.007326,-0.642246
50.233459,3.684982,0.236875,2.278510,0.007326,-0.642246
50.247955,3.684982,0.236875,2.278510,0.021978,-0.647131
50.262833,3.655678,0.246643,2.278510,0.007326,-0.642246
50.277328,3.655678,0.236875,2.278510,-0.007328,-0.647131
50.292206,3.670330,0.236875,2.278510,0.007326,-0.652015
50.307083,3.699635,0.246643,2.278510,0.021978,-0.652015
50.321579,3.684982,0.251527,2.278510,0.007326,-0.647131
50.336456,3.655678,0.266179,2.278510,-0.007328,-0.647131
50.351334,3.626373,0.280830,2.278510,0.007326,-0.656898
50.365448,3.641026,0.285715,2.278510,-0.007328,-0.661782
50.380325,3.611725,0.295483,2.278510,0.007326,-0.661782
50.394058,3.597073,0.295483,2.278510,0.007326,-0.656898
50.408554,3.597073,0.271063,2.278510,0.007326,-0.661782
50.423431,3.626373,0.275947,2.278510,0.007326,-0.661782
50.437546,3.611725,0.290599,2.278510,0.007326,-0.661782
50.452042,3.567768,0.305251,2.278510,-0.007328,-0.661782
50.466156,3.553116,0.310135,2.278510,0.007326,-0.661782
50.480652,3.567768,0.315019,2.278510,0.007326,-0.661782
50.494385,3.538464,0.310135,2.278510,0.007326,-0.661782
50.508499,3.509159,0.310135,2.278510,-0.007328,-0.661782
50.522995,3.538464,0.315019,2.278510,0.007326,-0.666667
50.537109,3.567768,0.319902,2.278510,0.021978,-0.666667
50.551605,3.567768,0.334555,2.278510,0.007326,-0.666667
50.566101,3.582420,0.329671,2.278510,-0.007328,-0.666667
50.580215,3.611725,0.315019,2.278510,0.021978,-0.671551
50.595093,3.641026,0.310135,2.278510,-0.007328,-0.671551
50.609589,3.641026,0.329671,2.278510,0.007326,-0.671551
50.623703,3.611725,0.339439,2.278510,0.007326,-0.671551
50.638962,3.641026,0.324787,2.278510,0.021978,-0.666667
50.653839,3.728939,0.315019,2.278510,0.007326,-0.661782
50.668716,3.714287,0.334555,2.278510,0.021978,-0.666667
50.683212,3.670330,0.344323,2.278510,0.007326,-0.666667
50.697708,3.641026,0.329671,2.278510,-0.007328,-0.666667
50.712585,3.655678,0.324787,2.278510,0.007326,-0.676435
50.727081,3.655678,0.305251,2.278510,0.007326,-0.676435
50.741577,3.641026,0.295483,2.278510,-0.007328,-0.676435
50.756454,3.684982,0.275947,2.278510,-0.007328,-0.676435
50.771332,3.699635,0.271063,2.278510,0.021978,-0.681318
50.786209,3.684982,0.280830,2.278510,0.021978,-0.681318
50.800323,3.641026,0.280830,2.278510,0.007326,-0.676435
50.815201,3.641026,0.271063,2.278510,-0.007328,-0.671551
50.829315,3.611725,0.271063,2.278510,0.021978,-0.681318
50.843811,3.582420,0.285715,2.278510,-0.007328,-0.681318
50.857925,3.567768,0.280830,2.278510,0.007326,-0.686203
50.872040,3.538464,0.271063,2.278510,0.007326,-0.681318
50.886154,3.523811,0.275947,2.278510,-0.007328,-0.681318
50.899887,3.479855,0.285715,2.278510,0.007326,-0.686203
50.914383,3.494507,0.285715,2.278510,0.007326,-0.686203
50.928116,3.523811,0.275947,2.278510,0.007326,-0.686203
50.942230,3.523811,0.280830,2.278510,0.007326,-0.691087
50.956345,3.509159,0.315019,2.278510,-0.007328,-0.691087
50.970459,3.494507,0.334555,2.278510,0.007326,-0.695971
50.984192,3.465202,0.324787,2.278510,0.007326,-0.700854
50.998306,3.479855,0.334555,2.278510,0.007326,-0.695971
51.012039,3.494507,0.349207,2.278510,0.007326,-0.691087
51.025772,3.450550,0.358974,2.278510,0.007326,-0.691087
51.039505,3.435898,0.349207,2.278510,0.007326,-0.695971
51.053619,3.494507,0.363859,2.278510,0.007326,-0.695971
51.067734,3.523811,0.383395,2.278892,0.007326,-0.695971
51.081467,3.479855,0.388279,2.278510,0.007326,-0.691087
51.095581,3.494507,0.378511,2.278510,-0.007328,-0.695971
51.110077,3.523811,0.373627,2.278892,0.021978,-0.705739
51.124191,3.567768,0.378511,2.278510,-0.007328,-0.700854
51.138306,3.538464,0.383395,2.278892,0.007326,-0.700854
51.152802,3.538464,0.373627,2.278510,0.007326,-0.700854
51.166916,3.567768,0.344323,2.278892,0.007326,-0.705739
51.181412,3.611725,0.354091,2.278510,-0.007328,-0.705739
51.195526,3.582420,0.363859,2.278510,-0.007328,-0.710623
51.210022,3.567768,0.363859,2.278510,0.007326,-0.710623
51.224518,3.611725,0.329671,2.278892,0.021978,-0.705739
51.239395,3.655678,0.329671,2.278510,-0.007328,-0.705739
51.253510,3.611725,0.329671,2.278892,0.021978,-0.710623
51.268005,3.582420,0.310135,2.278892,0.007326,-0.705739
51.282883,3.655678,0.280830,2.278510,0.007326,-0.705739
51.297760,3.684982,0.280830,2.278892,0.007326,-0.705739
51.312256,3.655678,0.300367,2.278892,0.007326,-0.705739
51.326752,3.626373,0.305251,2.278510,-0.007328,-0.710623
51.341248,3.641026,0.300367,2.278892,0.021978,-0.710623
51.356125,3.641026,0.295483,2.278510,0.007326,-0.710623
51.370239,3.611725,0.310135,2.278892,0.007326,-0.710623
51.384735,3.582420,0.300367,2.278510,-0.021980,-0.710623
51.399231,3.611725,0.280830,2.278892,0.007326,-0.720390
51.414108,3.641026,0.280830,2.278892,0.007326,-0.720390
51.428604,3.626373,0.295483,2.278892,0.021978,-0.715507
51.443100,3.626373,0.305251,2.278892,0.007326,-0.710623
51.457596,3.611725,0.305251,2.278892,-0.007328,-0.715507
51.471710,3.611725,0.319902,2.278892,0.007326,-0.720390
51.486206,3.582420,0.310135,2.278892,0.021978,-0.720390
51.500320,3.553116,0.300367,2.278892,0.007326,-0.720390
51.514816,3.597073,0.290599,2.278892,0.007326,-0.715507
51.528931,3.567768,0.300367,2.278892,0.007326,-0.715507
51.543045,3.553116,0.319902,2.278892,-0.007328,-0.725275
51.557159,3.509159,0.315019,2.278510,-0.007328,-0.725275
51.571655,3.538464,0.290599,2.278892,0.021978,-0.730159
51.585770,3.567768,0.275947,2.278892,0.021978,-0.730159
51.600266,3.597073,0.300367,2.278892,0.007326,-0.720390
51.614380,3.553116,0.319902,2.278510,-0.007328,-0.715507
51.628876,3.553116,0.319902,2.278892,0.007326,-0.725275
51.643372,3.567768,0.300367,2.278510,-0.007328,-0.730159
51.657867,3.582420,0.300367,2.278892,0.021978,-0.730159
51.671982,3.553116,0.305251,2.278892,0.007326,-0.725275
51.686096,3.538464,0.305251,2.278892,-0.007328,-0.720390
51.700592,3.582420,0.315019,2.278892,0.007326,-0.730159
51.714706,3.553116,0.315019,2.278892,0.021978,-0.735043
51.728821,3.553116,0.305251,2.278892,0.007326,-0.730159
51.743317,3.567768,0.295483,2.278892,0.021978,-0.730159
51.757431,3.567768,0.310135,2.278892,0.007326,-0.730159
51.771545,3.523811,0.334555,2.278892,0.021978,-0.730159
51.785278,3.494507,0.339439,2.278892,0.007326,-0.730159
51.799393,3.523811,0.310135,2.278892,0.007326,-0.725275
51.813889,3.567768,0.310135,2.278892,0.007326,-0.735043
51.828003,3.553116,0.344323,2.278892,0.007326,-0.735043
51.841736,3.494507,0.363859,2.278892,0.007326,-0.735043
51.855850,3.509159,0.334555,2.278892,0.007326,-0.730159
51.870346,3.553116,0.310135,2.278892,0.007326,-0.735043
51.884842,3.597073,0.329671,2.278892,-0.007328,-0.735043
51.898956,3.538464,0.354091,2.278892,-0.007328,-0.739926
51.913452,3.553116,0.354091,2.278892,0.007326,-0.739926
51.927948,3.582420,0.334555,2.278892,0.007326,-0.735043
51.942444,3.626373,0.339439,2.278892,0.007326,-0.735043
51.956558,3.582420,0.334555,2.278892,0.021978,-0.735043
51.971054,3.582420,0.324787,2.278892,0.007326,-0.735043
51.985931,3.641026,0.315019,2.278892,0.021978,-0.730159
52.000046,3.611725,0.329671,2.278892,0.007326,-0.735043
52.014542,3.597073,0.344323,2.278892,0.007326,-0.739926
52.029037,3.597073,0.324787,2.278892,0.007326,-0.739926
52.044296,3.714287,0.310135,2.278892,0.007326,-0.739926
52.058792,3.714287,0.324787,2.278892,0.021978,-0.739926
52.073288,3.655678,0.334555,2.278892,0.007326,-0.739926
52.087784,3.611725,0.305251,2.278892,0.007326,-0.739926
52.102280,3.611725,0.285715,2.278892,0.021978,-0.744811
52.116776,3.641026,0.275947,2.278892,0.007326,-0.739926
52.131271,3.626373,0.290599,2.278892,0.007326,-0.744811
52.145767,3.611725,0.300367,2.278892,0.021978,-0.744811
52.160263,3.611725,0.295483,2.278892,0.007326,-0.739926
52.174759,3.611725,0.295483,2.278892,0.007326,-0.744811
52.189255,3.611725,0.285715,2.278892,0.007326,-0.744811
52.203751,3.626373,0.271063,2.278892,0.007326,-0.749695
52.218246,3.626373,0.271063,2.278892,-0.007328,-0.744811
52.232361,3.582420,0.295483,2.278892,0.021978,-0.744811
52.246475,3.523811,0.305251,2.278892,0.007326,-0.739926
52.260208,3.494507,0.290599,2.278892,-0.007328,-0.744811
52.274704,3.567768,0.275947,2.278892,0.007326,-0.744811
52.288818,3.553116,0.285715,2.278892,0.021978,-0.749695
52.302933,3.509159,0.315019,2.278892,0.007326,-0.744811
52.316666,3.479855,0.315019,2.278892,0.007326,-0.744811
52.331161,3.523811,0.305251,2.278892,0.007326,-0.744811
52.345657,3.538464,0.300367,2.278892,-0.007328,-0.739926
52.359390,3.538464,0.319902,2.278892,0.007326,-0.744811
52.373505,3.509159,0.329671,2.278892,-0.007328,-0.749695
52.387619,3.538464,0.319902,2.278892,0.007326,-0.754579
52.402115,3.567768,0.315019,2.278892,0.021978,-0.749695
52.416229,3.553116,0.329671,2.278892,0.007326,-0.749695
52.430725,3.538464,0.329671,2.278892,-0.007328,-0.744811
52.445221,3.582420,0.329671,2.278892,0.007326,-0.749695
52.459717,3.611725,0.349207,2.278892,-0.007328,-0.749695
52.473831,3.567768,0.354091,2.278892,0.007326,-0.754579
52.487946,3.567768,0.339439,2.278892,0.021978,-0.754579
52.502823,3.611725,0.319902,2.278892,-0.007328,-0.744811
52.517319,3.641026,0.319902,2.278892,0.021978,-0.744811
52.531815,3.597073,0.334555,2.278892,0.007326,-0.744811
52.545929,3.553116,0.344323,2.278892,0.007326,-0.744811
52.560425,3.611725,0.319902,2.278892,-0.021980,-0.744811
52.575302,3.626373,0.315019,2.278892,0.021978,-0.754579
52.589798,3.641026,0.324787,2.278892,-0.007328,-0.749695
52.602005,3.582420,0.305251,2.278892,-0.007328,-0.749695
52.619171,3.641026,0.275947,2.278892,0.007326,-0.749695
52.633667,3.684982,0.266179,2.278892,0.007326,-0.754579
52.648163,3.684982,0.280830,2.278892,0.021978,-0.754579
52.663040,3.670330,0.275947,2.278892,-0.007328,-0.744811
52.678299,3.714287,0.261295,2.278892,0.007326,-0.744811
52.693176,3.743591,0.261295,2.278892,0.007326,-0.754579
52.707672,3.670330,0.285715,2.278892,0.021978,-0.749695
52.721786,3.611725,0.295483,2.278892,-0.007328,-0.744811
52.736664,3.611725,0.285715,2.278892,0.007326,-0.744811
52.751160,3.655678,0.295483,2.278892,0.021978,-0.749695
52.765656,3.626373,0.300367,2.278892,0.007326,-0.744811
52.780151,3.611725,0.290599,2.278892,-0.007328,-0.739926
52.794647,3.641026,0.261295,2.278892,0.007326,-0.744811
52.809525,3.670330,0.266179,2.278892,0.021978,-0.744811
52.824020,3.641026,0.275947,2.278892,0.007326,-0.739926
52.838516,3.641026,0.275947,2.278892,-0.007328,-0.739926
52.853394,3.670330,0.275947,2.278892,0.007326,-0.744811
52.867889,3.641026,0.290599,2.278892,0.021978,-0.744811
52.882004,3.597073,0.310135,2.278892,0.007326,-0.739926
52.896118,3.553116,0.295483,2.278892,-0.007328,-0.739926
52.910995,3.538464,0.280830,2.278892,0.007326,-0.739926
52.925110,3.582420,0.271063,2.278892,0.021978,-0.739926
52.939224,3.582420,0.290599,2.278892,0.021978,-0.735043
52.953720,3.553116,0.305251,2.278892,0.007326,-0.735043
52.967834,3.567768,0.310135,2.278892,0.007326,-0.735043
52.982330,3.567768,0.305251,2.278892,0.007326,-0.735043
52.996445,3.567768,0.305251,2.278892,0.007326,-0.735043
53.010559,3.567768,0.300367,2.278892,0.021978,-0.730159
53.024673,3.538464,0.305251,2.278892,0.007326,-0.730159
53.039169,3.567768,0.315019,2.278892,0.007326,-0.730159
53.053284,3.567768,0.310135,2.278892,0.007326,-0.730159
53.067780,3.582420,0.305251,2.278892,0.007326,-0.730159
53.082275,3.611725,0.290599,2.278892,0.021978,-0.730159
53.096771,3.611725,0.295483,2.278892,-0.007328,-0.725275
53.111649,3.611725,0.305251,2.278892,0.007326,-0.730159
53.126144,3.611725,0.315019,2.278892,-0.007328,-0.735043
53.140640,3.655678,0.310135,2.278892,0.007326,-0.735043
53.155518,3.684982,0.319902,2.278892,0.007326,-0.735043
53.170395,3.670330,0.334555,2.278892,0.021978,-0.735043
53.184891,3.626373,0.339439,2.278892,0.007326,-0.730159
53.199387,3.626373,0.324787,2.278892,0.007326,-0.725275
53.214264,3.684982,0.305251,2.278892,0.007326,-0.725275
53.228760,3.655678,0.305251,2.278892,0.021978,-0.730159
53.243637,3.684982,0.295483,2.278892,0.007326,-0.720390
53.258514,3.699635,0.280830,2.278892,0.007326,-0.725275
53.273773,3.728939,0.285715,2.278892,-0.007328,-0.730159
53.288651,3.714287,0.285715,2.278892,0.007326,-0.735043
53.303528,3.728939,0.275947,2.278892,0.021978,-0.735043
53.318787,3.758244,0.251527,2.278892,0.007326,-0.725275
53.334045,3.802200,0.256411,2.278892,0.021978,-0.725275
53.348923,3.772896,0.261295,2.278892,0.021978,-0.725275
53.363800,3.714287,0.256411,2.278892,0.007326,-0.725275
53.379059,3.758244,0.241758,2.278892,-0.007328,-0.720390
53.394318,3.802200,0.236875,2.278892,0.007326,-0.725275
53.409576,3.816853,0.256411,2.278892,0.021978,-0.725275
53.424835,3.787548,0.271063,2.278892,-0.007328,-0.720390
53.439713,3.743591,0.275947,2.278892,0.021978,-0.720390
53.454208,3.714287,0.280830,2.278892,0.021978,-0.720390
53.468704,3.655678,0.280830,2.278892,0.007326,-0.715507
53.483200,3.655678,0.261295,2.278892,0.007326,-0.720390
53.498077,3.684982,0.241758,2.278892,-0.007328,-0.720390
53.513336,3.728939,0.241758,2.278892,0.007326,-0.720390
53.528214,3.714287,0.241758,2.278892,0.021978,-0.720390
53.543091,3.699635,0.241758,2.278892,-0.007328,-0.720390
53.557587,3.728939,0.241758,2.278892,0.007326,-0.715507
53.572464,3.684982,0.246643,2.278892,-0.007328,-0.715507
53.586960,3.641026,0.251527,2.278892,0.007326,-0.720390
53.601456,3.626373,0.251527,2.278892,-0.007328,-0.720390
53.615952,3.626373,0.261295,2.278892,0.007326,-0.720390
53.630447,3.626373,0.266179,2.278892,-0.007328,-0.715507
53.644943,3.626373,0.271063,2.278892,-0.007328,-0.720390
53.659821,3.626373,0.266179,2.278892,0.021978,-0.720390
53.674316,3.655678,0.256411,2.278892,-0.007328,-0.715507
53.689194,3.699635,0.251527,2.278892,0.021978,-0.710623
53.704071,3.699635,0.251527,2.278892,0.007326,-0.710623
53.718948,3.684982,0.261295,2.278892,0.007326,-0.710623
53.733444,3.684982,0.251527,2.278892,0.021978,-0.710623
53.748322,3.699635,0.251527,2.278892,0.021978,-0.705739
53.763199,3.699635,0.251527,2.278892,0.007326,-0.700854
53.778076,3.699635,0.251527,2.278892,0.007326,-0.700854
53.792953,3.728939,0.241758,2.278892,0.007326,-0.705739
53.807831,3.728939,0.241758,2.278892,0.007326,-0.710623
53.823090,3.758244,0.246643,2.278892,0.007326,-0.705739
53.838348,3.758244,0.236875,2.278892,0.007326,-0.700854
53.853226,3.758244,0.246643,2.278892,0.007326,-0.700854
53.868103,3.743591,0.251527,2.278892,0.007326,-0.700854
53.882980,3.714287,0.251527,2.278892,-0.007328,-0.700854
53.897858,3.728939,0.241758,2.278892,0.007326,-0.700854
53.913116,3.743591,0.231991,2.278892,0.007326,-0.705739
53.928375,3.772896,0.241758,2.278892,0.007326,-0.705739
53.943634,3.758244,0.241758,2.278892,0.021978,-0.700854
53.958893,3.787548,0.231991,2.278892,0.007326,-0.700854
53.974152,3.816853,0.227107,2.278892,-0.007328,-0.695971
53.989029,3.787548,0.241758,2.278892,-0.007328,-0.695971
54.004288,3.758244,0.241758,2.278892,0.007326,-0.705739
54.019547,3.787548,0.236875,2.278892,0.007326,-0.700854
54.034424,3.772896,0.236875,2.278892,0.007326,-0.700854
54.049301,3.758244,0.231991,2.278892,0.007326,-0.695971
54.064178,3.758244,0.236875,2.278892,-0.007328,-0.691087
54.079819,3.743591,0.227107,2.278892,0.007326,-0.695971
54.094696,3.787548,0.227107,2.278892,0.007326,-0.695971
54.109573,3.758244,0.231991,2.278892,0.007326,-0.695971
54.124832,3.772896,0.231991,2.278892,0.007326,-0.695971
54.140091,3.787548,0.236875,2.278892,0.007326,-0.691087
54.154968,3.758244,0.241758,2.278892,0.021978,-0.695971
54.169464,3.699635,0.256411,2.278892,0.007326,-0.686203
54.184341,3.684982,0.251527,2.278892,-0.007328,-0.686203
54.199219,3.699635,0.251527,2.278892,0.007326,-0.691087
54.214096,3.714287,0.261295,2.278892,0.007326,-0.691087
54.228973,3.684982,0.266179,2.278892,0.007326,-0.686203
54.243469,3.684982,0.266179,2.278892,0.007326,-0.686203
54.258347,3.699635,0.261295,2.278892,-0.007328,-0.686203
54.273605,3.728939,0.261295,2.278892,-0.007328,-0.686203
54.288483,3.758244,0.266179,2.278892,0.007326,-0.691087
54.303741,3.743591,0.266179,2.278892,-0.007328,-0.691087
54.318619,3.728939,0.275947,2.278892,0.021978,-0.691087
54.333115,3.728939,0.285715,2.278892,0.007326,-0.686203
54.347992,3.684982,0.290599,2.278892,-0.007328,-0.681318
54.363251,3.670330,0.275947,2.278892,-0.007328,-0.681318
54.377747,3.699635,0.275947,2.278892,-0.007328,-0.681318
54.392624,3.699635,0.271063,2.278892,0.007326,-0.686203
54.407501,3.714287,0.261295,2.278892,0.007326,-0.681318
54.422760,3.758244,0.256411,2.278892,-0.007328,-0.681318
54.438019,3.758244,0.261295,2.278892,0.007326,-0.681318
54.452896,3.787548,0.261295,2.278892,-0.007328,-0.681318
54.468155,3.787548,0.256411,2.278892,0.007326,-0.681318
54.483414,3.772896,0.251527,2.278892,0.007326,-0.681318
54.498291,3.802200,0.241758,2.278892,-0.007328,-0.676435
54.513550,3.772896,0.241758,2.278892,-0.007328,-0.676435
54.528427,3.758244,0.236875,2.278892,0.007326,-0.676435
54.543686,3.758244,0.222223,2.278892,-0.007328,-0.676435
54.558945,3.787548,0.227107,2.278892,0.021978,-0.676435
54.574203,3.802200,0.227107,2.278892,0.007326,-0.671551
54.589081,3.758244,0.227107,2.278892,0.007326,-0.671551
54.603958,3.758244,0.217339,2.278892,0.007326,-0.671551
54.618835,3.743591,0.212455,2.278892,0.007326,-0.676435
54.634094,3.743591,0.212455,2.278892,0.007326,-0.676435
54.648972,3.743591,0.207571,2.278892,0.007326,-0.676435
54.664230,3.772896,0.207571,2.278892,-0.007328,-0.676435
54.679489,3.758244,0.207571,2.278892,0.007326,-0.681318
54.694366,3.728939,0.217339,2.278892,0.021978,-0.676435
54.708862,3.728939,0.207571,2.278892,0.007326,-0.671551
54.724121,3.743591,0.197803,2.278892,-0.007328,-0.671551
54.738998,3.758244,0.202686,2.278892,0.007326,-0.671551
54.754257,3.758244,0.207571,2.278892,0.007326,-0.671551
54.769516,3.787548,0.212455,2.278892,-0.007328,-0.671551
54.784775,3.816853,0.227107,2.278892,0.007326,-0.671551
54.799652,3.758244,0.251527,2.278892,-0.007328,-0.671551
54.814529,3.684982,0.261295,2.278892,0.007326,-0.671551
54.829025,3.655678,0.256411,2.278892,0.007326,-0.671551
54.843903,3.670330,0.251527,2.278892,0.007326,-0.666667
54.858398,3.670330,0.256411,2.278892,0.007326,-0.666667
54.873276,3.699635,0.266179,2.278892,0.007326,-0.666667
54.888535,3.714287,0.256411,2.278892,0.007326,-0.666667
54.903412,3.728939,0.266179,2.278892,0.021978,-0.666667
54.918289,3.714287,0.275947,2.278510,-0.007328,-0.661782
54.932785,3.670330,0.280830,2.278892,0.007326,-0.666667
54.947662,3.684982,0.271063,2.278892,0.007326,-0.666667
54.962921,3.714287,0.271063,2.278892,0.007326,-0.661782
54.977417,3.714287,0.275947,2.278892,0.007326,-0.661782
54.992294,3.714287,0.271063,2.278892,0.007326,-0.666667
55.007553,3.758244,0.271063,2.278892,0.007326,-0.666667
55.022430,3.772896,0.261295,2.278892,0.007326,-0.666667
55.037689,3.772896,0.266179,2.278892,0.007326,-0.666667
55.052567,3.743591,0.271063,2.278892,0.007326,-0.661782
55.067444,3.714287,0.266179,2.278892,0.007326,-0.661782
55.082321,3.684982,0.261295,2.278892,0.021978,-0.661782
55.097198,3.714287,0.256411,2.278892,0.007326,-0.656898
55.111694,3.684982,0.256411,2.278510,-0.007328,-0.656898
55.126953,3.714287,0.246643,2.278892,0.007326,-0.661782
55.141449,3.714287,0.246643,2.278892,0.021978,-0.656898
55.156708,3.728939,0.246643,2.278892,0.021978,-0.656898
55.171585,3.743591,0.236875,2.278892,0.007326,-0.652015
55.186844,3.772896,0.241758,2.278892,0.007326,-0.652015
55.202103,3.758244,0.241758,2.278892,0.007326,-0.656898
55.216599,3.714287,0.251527,2.278892,0.007326,-0.656898
55.231476,3.699635,0.246643,2.278892,0.007326,-0.652015
55.246353,3.699635,0.241758,2.278892,0.007326,-0.652015
55.261230,3.699635,0.246643,2.278892,0.007326,-0.652015
55.276108,3.684982,0.261295,2.278892,0.007326,-0.656898
55.290604,3.655678,0.256411,2.278510,0.007326,-0.656898
55.305481,3.699635,0.246643,2.278892,0.021978,-0.656898
55.320358,3.714287,0.251527,2.278892,0.007326,-0.656898
55.335236,3.699635,0.251527,2.278510,0.007326,-0.652015
55.350113,3.714287,0.246643,2.278892,0.007326,-0.652015
55.365372,3.728939,0.256411,2.278510,0.007326,-0.647131
55.379486,3.670330,0.271063,2.278892,0.007326,-0.647131
55.393982,3.641026,0.261295,2.278510,-0.007328,-0.647131
55.408859,3.626373,0.246643,2.278510,0.007326,-0.652015
55.423355,3.641026,0.246643,2.278892,0.007326,-0.652015
55.438232,3.670330,0.251527,2.278892,0.021978,-0.652015
55.452728,3.641026,0.271063,2.278510,-0.007328,-0.647131
55.467606,3.670330,0.266179,2.278510,-0.007328,-0.647131
55.482483,3.699635,0.261295,2.278510,0.021978,-0.652015
55.497360,3.699635,0.280830,2.278510,0.021978,-0.647131
55.511856,3.670330,0.300367,2.278510,0.007326,-0.642246
55.526733,3.699635,0.290599,2.278510,0.007326,-0.642246
55.541992,3.699635,0.290599,2.278892,0.007326,-0.642246
55.556488,3.684982,0.315019,2.278510,-0.007328,-0.647131
55.570984,3.670330,0.315019,2.278510,0.007326,-0.652015
55.585861,3.684982,0.305251,2.278510,0.007326,-0.647131
55.600739,3.714287,0.305251,2.278510,0.007326,-0.647131
55.615234,3.699635,0.295483,2.278510,0.007326,-0.647131
55.630493,3.728939,0.295483,2.278892,0.007326,-0.642246
55.645752,3.758244,0.290599,2.278510,0.021978,-0.642246
55.660629,3.758244,0.290599,2.278892,0.007326,-0.642246
55.675507,3.728939,0.295483,2.278510,-0.007328,-0.642246
55.690002,3.655678,0.300367,2.278510,0.007326,-0.647131
55.704880,3.641026,0.280830,2.278510,0.021978,-0.642246
55.719376,3.641026,0.266179,2.278510,0.007326,-0.632479
55.734253,3.684982,0.261295,2.278510,0.007326,-0.632479
55.748749,3.670330,0.241758,2.278510,0.007326,-0.637362
55.764008,3.699635,0.231991,2.278510,0.021978,-0.637362
55.778885,3.714287,0.231991,2.278510,-0.007328,-0.637362
55.793762,3.728939,0.231991,2.278510,-0.007328,-0.642246
55.808640,3.728939,0.231991,2.278510,0.007326,-0.647131
55.823517,3.728939,0.236875,2.278510,0.007326,-0.642246
55.838394,3.699635,0.231991,2.278510,0.007326,-0.637362
55.853271,3.670330,0.231991,2.278510,0.007326,-0.637362
55.867767,3.670330,0.236875,2.278510,-0.007328,-0.642246
55.882645,3.684982,0.227107,2.278892,0.021978,-0.642246
55.897522,3.684982,0.236875,2.278510,0.007326,-0.632479
55.912399,3.714287,0.246643,2.278510,0.007326,-0.637362
55.926895,3.670330,0.246643,2.278510,0.007326,-0.637362
55.942154,3.714287,0.251527,2.278510,0.021978,-0.637362
55.956650,3.684982,0.266179,2.278510,0.007326,-0.632479
55.971527,3.670330,0.266179,2.278510,0.021978,-0.637362
55.986023,3.670330,0.261295,2.278510,0.021978,-0.632479
56.000900,3.670330,0.271063,2.278510,0.021978,-0.632479
56.015396,3.670330,0.275947,2.278510,-0.007328,-0.632479
56.029892,3.611725,0.275947,2.278510,0.021978,-0.637362
56.044006,3.611725,0.266179,2.278510,0.007326,-0.632479
56.058502,3.611725,0.256411,2.278510,0.007326,-0.632479
56.073380,3.655678,0.271063,2.278510,0.007326,-0.637362
56.087875,3.626373,0.285715,2.278510,0.007326,-0.637362
56.102371,3.626373,0.295483,2.278510,0.007326,-0.637362
56.116867,3.626373,0.300367,2.278510,0.021978,-0.637362
56.131363,3.611725,0.319902,2.278510,0.007326,-0.632479
56.145477,3.582420,0.310135,2.278510,0.007326,-0.632479
56.159973,3.567768,0.300367,2.278510,0.007326,-0.632479
56.174469,3.626373,0.290599,2.278510,0.007326,-0.632479
56.188965,3.641026,0.305251,2.278510,0.021978,-0.632479
56.203461,3.655678,0.315019,2.278510,-0.007328,-0.632479
56.218338,3.655678,0.319902,2.278510,-0.007328,-0.632479
56.233215,3.699635,0.319902,2.278510,0.021978,-0.642246
56.248093,3.714287,0.319902,2.278510,0.007326,-0.637362
56.262970,3.699635,0.329671,2.278510,0.007326,-0.632479
56.277847,3.684982,0.319902,2.278510,0.007326,-0.632479
56.292725,3.714287,0.315019,2.278510,0.007326,-0.637362
56.307220,3.684982,0.315019,2.278510,0.007326,-0.637362
56.322098,3.655678,0.310135,2.278510,0.021978,-0.637362
56.336594,3.684982,0.290599,2.278510,-0.007328,-0.637362
56.351471,3.684982,0.266179,2.278510,0.007326,-0.642246
56.366348,3.714287,0.266179,2.278510,0.021978,-0.642246
56.380844,3.684982,0.256411,2.278510,0.007326,-0.642246
56.395721,3.699635,0.246643,2.278510,0.007326,-0.637362
56.410599,3.684982,0.246643,2.278510,0.007326,-0.637362
56.425858,3.670330,0.241758,2.278510,-0.007328,-0.642246
56.439972,3.699635,0.241758,2.278510,-0.007328,-0.652015
56.454849,3.684982,0.236875,2.278510,-0.007328,-0.656898
56.470108,3.728939,0.231991,2.278510,0.007326,-0.652015
56.484985,3.714287,0.231991,2.278510,0.021978,-0.647131
56.499481,3.714287,0.246643,2.278510,0.007326,-0.647131
56.514740,3.699635,0.236875,2.278510,-0.007328,-0.647131
56.529236,3.699635,0.246643,2.278510,0.021978,-0.652015
56.544113,3.684982,0.256411,2.278510,0.007326,-0.647131
56.558609,3.670330,0.256411,2.278510,0.007326,-0.647131
56.573486,3.699635,0.261295,2.278510,-0.007328,-0.652015
56.588364,3.714287,0.266179,2.278510,0.007326,-0.656898
56.603241,3.684982,0.275947,2.278510,0.007326,-0.652015
56.617737,3.655678,0.285715,2.278510,0.007326,-0.652015
56.632233,3.641026,0.280830,2.278510,-0.007328,-0.656898
56.647110,3.655678,0.271063,2.278510,0.007326,-0.661782
56.661224,3.611725,0.271063,2.278510,0.021978,-0.656898
56.675720,3.597073,0.275947,2.278510,0.007326,-0.652015
56.690216,3.611725,0.271063,2.278510,0.007326,-0.656898
56.704712,3.611725,0.285715,2.278510,0.021978,-0.661782
56.718826,3.597073,0.300367,2.278510,0.007326,-0.656898
56.733322,3.567768,0.300367,2.278510,0.007326,-0.656898
56.747437,3.553116,0.285715,2.278510,0.007326,-0.656898
56.761932,3.567768,0.290599,2.278510,0.007326,-0.661782
56.775665,3.538464,0.305251,2.278510,0.021978,-0.661782
56.789780,3.509159,0.324787,2.278510,0.007326,-0.656898
56.804276,3.538464,0.319902,2.278510,0.007326,-0.656898
56.818390,3.538464,0.310135,2.278510,0.021978,-0.661782
56.832886,3.553116,0.319902,2.278510,0.007326,-0.661782
56.847000,3.567768,0.324787,2.278510,0.007326,-0.661782
56.861496,3.597073,0.334555,2.278510,0.021978,-0.666667
56.876373,3.641026,0.329671,2.278892,0.021978,-0.661782
56.890869,3.655678,0.344323,2.278510,-0.007328,-0.661782
56.905365,3.641026,0.344323,2.278510,0.007326,-0.666667
56.920242,3.655678,0.319902,2.278510,0.007326,-0.671551
56.935501,3.728939,0.310135,2.278510,0.007326,-0.676435
56.950378,3.743591,0.324787,2.278510,0.021978,-0.676435
56.964874,3.699635,0.324787,2.278510,0.007326,-0.671551
56.979752,3.714287,0.300367,2.278510,0.007326,-0.671551
56.994629,3.714287,0.290599,2.278510,0.021978,-0.676435
57.009888,3.714287,0.275947,2.278510,-0.007328,-0.671551
57.024384,3.684982,0.271063,2.278510,-0.007328,-0.681318
57.039261,3.714287,0.256411,2.278510,-0.007328,-0.681318
57.054138,3.728939,0.251527,2.278510,0.007326,-0.686203
57.069397,3.743591,0.256411,2.278510,0.007326,-0.676435
57.083893,3.699635,0.251527,2.278510,0.007326,-0.676435
57.098770,3.684982,0.236875,2.278510,0.007326,-0.676435
57.113266,3.655678,0.231991,2.278510,0.007326,-0.676435
57.127762,3.626373,0.246643,2.278510,0.021978,-0.676435
57.142258,3.597073,0.256411,2.278510,0.007326,-0.676435
57.156372,3.567768,0.266179,2.278510,0.007326,-0.681318
57.170868,3.553116,0.266179,2.278510,0.007326,-0.681318
57.184601,3.538464,0.256411,2.278510,0.007326,-0.681318
57.198715,3.523811,0.261295,2.278510,-0.007328,-0.686203
57.213211,3.523811,0.271063,2.278510,0.007326,-0.691087
57.227325,3.567768,0.285715,2.278510,-0.007328,-0.691087
57.241440,3.538464,0.290599,2.278510,0.007326,-0.691087
57.255554,3.509159,0.305251,2.278510,0.007326,-0.686203
57.269669,3.479855,0.315019,2.278510,-0.007328,-0.691087
57.283401,3.479855,0.334555,2.278510,0.007326,-0.700854
57.297516,3.494507,0.334555,2.278510,0.007326,-0.700854
57.311249,3.465202,0.344323,2.278510,0.007326,-0.700854
57.325363,3.479855,0.339439,2.278510,-0.007328,-0.695971
57.339478,3.523811,0.344323,2.278510,0.007326,-0.700854
57.353592,3.538464,0.358974,2.278510,-0.007328,-0.695971
57.367706,3.494507,0.363859,2.278892,0.021978,-0.695971
57.381821,3.509159,0.358974,2.278510,0.007326,-0.695971
57.396317,3.553116,0.354091,2.278510,0.007326,-0.700854
57.410812,3.597073,0.363859,2.278892,0.021978,-0.700854
57.424927,3.567768,0.363859,2.278510,0.007326,-0.700854
57.439423,3.567768,0.354091,2.278510,0.007326,-0.695971
57.453918,3.626373,0.324787,2.278892,0.021978,-0.700854
57.468414,3.611725,0.334555,2.278892,0.007326,-0.700854
57.482910,3.611725,0.344323,2.278510,-0.007328,-0.700854
57.497025,3.582420,0.329671,2.278510,-0.007328,-0.710623
57.512283,3.670330,0.315019,2.278892,0.007326,-0.710623
57.526779,3.655678,0.319902,2.278892,0.007326,-0.710623
57.541275,3.626373,0.319902,2.278892,0.021978,-0.710623
57.555771,3.655678,0.280830,2.278510,-0.007328,-0.710623
57.571411,3.728939,0.266179,2.278892,0.021978,-0.705739
57.585907,3.728939,0.280830,2.278892,0.007326,-0.705739
57.600021,3.626373,0.295483,2.278510,0.007326,-0.705739
57.614517,3.597073,0.271063,2.278510,0.007326,-0.710623
57.629013,3.626373,0.246643,2.278892,0.007326,-0.710623
57.643890,3.641026,0.261295,2.278892,0.007326,-0.710623
57.658386,3.611725,0.285715,2.278892,0.007326,-0.705739
57.672501,3.582420,0.295483,2.278510,-0.007328,-0.705739
57.686996,3.611725,0.295483,2.278892,0.007326,-0.710623
57.701874,3.641026,0.305251,2.278892,0.021978,-0.710623
57.716370,3.626373,0.300367,2.278892,0.021978,-0.710623
57.730484,3.597073,0.290599,2.278892,-0.007328,-0.705739
57.744980,3.626373,0.290599,2.278892,0.021978,-0.710623
57.759094,3.582420,0.310135,2.278892,0.007326,-0.715507
57.773590,3.567768,0.315019,2.278892,0.007326,-0.715507
57.787704,3.567768,0.295483,2.278892,0.007326,-0.715507
57.802582,3.611725,0.285715,2.278892,0.007326,-0.715507
57.816696,3.597073,0.290599,2.278892,0.007326,-0.715507
57.830811,3.538464,0.315019,2.278510,-0.007328,-0.715507
57.844543,3.538464,0.324787,2.278892,0.007326,-0.720390
57.859421,3.553116,0.310135,2.278892,0.007326,-0.720390
57.873917,3.582420,0.295483,2.278892,0.007326,-0.715507
57.888031,3.582420,0.305251,2.278892,0.007326,-0.715507
57.902527,3.553116,0.300367,2.278892,0.021978,-0.720390
57.916641,3.582420,0.305251,2.278892,0.007326,-0.720390
57.931137,3.597073,0.310135,2.278510,-0.007328,-0.720390
57.945633,3.567768,0.315019,2.278892,0.007326,-0.725275
57.959747,3.567768,0.305251,2.278892,0.007326,-0.725275
57.973862,3.567768,0.290599,2.278892,0.007326,-0.725275
57.988358,3.567768,0.295483,2.278892,0.021978,-0.725275
58.002472,3.538464,0.305251,2.278892,0.007326,-0.725275
58.016586,3.567768,0.310135,2.278892,-0.007328,-0.725275
58.031082,3.582420,0.305251,2.278892,0.007326,-0.730159
58.045578,3.567768,0.315019,2.278892,0.021978,-0.730159
58.059311,3.523811,0.319902,2.278892,0.007326,-0.730159
58.073425,3.479855,0.324787,2.278892,0.007326,-0.725275
58.087921,3.553116,0.315019,2.278892,-0.007328,-0.720390
58.102036,3.597073,0.319902,2.278892,0.021978,-0.725275
58.116150,3.538464,0.344323,2.278892,0.007326,-0.725275
58.129883,3.479855,0.339439,2.278892,0.007326,-0.725275
58.144760,3.538464,0.334555,2.278892,0.007326,-0.725275
58.158875,3.597073,0.334555,2.278892,0.007326,-0.730159
58.173370,3.597073,0.354091,2.278892,0.007326,-0.730159
58.187485,3.582420,0.344323,2.278892,0.007326,-0.725275
58.201981,3.582420,0.334555,2.278892,0.007326,-0.725275
58.216858,3.641026,0.315019,2.278892,0.021978,-0.730159
58.231354,3.611725,0.324787,2.278892,0.007326,-0.725275
58.245468,3.597073,0.334555,2.278892,-0.007328,-0.725275
58.260345,3.641026,0.315019,2.278892,0.007326,-0.730159
58.275223,3.684982,0.319902,2.278892,0.007326,-0.730159
58.289719,3.611725,0.344323,2.278892,0.007326,-0.730159
58.303833,3.567768,0.339439,2.278892,0.007326,-0.730159
58.318710,3.641026,0.295483,2.278892,0.007326,-0.730159
58.333588,3.714287,0.290599,2.278892,-0.007328,-0.735043
58.348465,3.699635,0.305251,2.278892,0.021978,-0.735043
58.362579,3.611725,0.305251,2.278892,-0.007328,-0.730159
58.377457,3.641026,0.285715,2.278892,0.021978,-0.730159
58.391953,3.641026,0.271063,2.278892,0.021978,-0.730159
58.406830,3.641026,0.290599,2.278892,0.007326,-0.730159
58.421707,3.641026,0.300367,2.278892,0.007326,-0.730159
58.435822,3.611725,0.295483,2.278892,0.007326,-0.730159
58.450317,3.641026,0.290599,2.278892,0.007326,-0.730159
58.464813,3.611725,0.285715,2.278892,0.007326,-0.735043
58.479309,3.597073,0.275947,2.278892,0.007326,-0.735043
58.493423,3.597073,0.266179,2.278892,0.007326,-0.735043
58.507919,3.582420,0.271063,2.278892,0.007326,-0.730159
58.522034,3.538464,0.290599,2.278892,-0.021980,-0.730159
58.536148,3.538464,0.285715,2.278892,0.007326,-0.735043
58.550644,3.567768,0.266179,2.278892,-0.007328,-0.739926
58.564758,3.582420,0.271063,2.278892,0.007326,-0.739926
58.578873,3.567768,0.280830,2.278892,0.007326,-0.739926
58.593369,3.538464,0.305251,2.278892,0.007326,-0.739926
58.607483,3.523811,0.305251,2.278892,-0.007328,-0.735043
58.621979,3.567768,0.300367,2.278892,0.021978,-0.739926
58.636093,3.553116,0.300367,2.278892,0.007326,-0.735043
58.650208,3.523811,0.310135,2.278892,0.021978,-0.735043
58.664322,3.538464,0.315019,2.278892,0.007326,-0.730159
58.678436,3.553116,0.319902,2.278892,0.007326,-0.735043
58.692932,3.582420,0.324787,2.278892,0.021978,-0.739926
58.707428,3.553116,0.315019,2.278892,-0.007328,-0.739926
58.721542,3.582420,0.315019,2.278892,-0.007328,-0.739926
58.736038,3.611725,0.315019,2.278892,0.021978,-0.739926
58.750534,3.582420,0.334555,2.278892,0.007326,-0.739926
58.765030,3.582420,0.344323,2.278892,0.007326,-0.735043
58.779526,3.626373,0.334555,2.278892,-0.007328,-0.739926
58.794403,3.641026,0.329671,2.278892,-0.007328,-0.744811
58.808899,3.641026,0.334555,2.278892,-0.007328,-0.744811
58.823013,3.611725,0.329671,2.278892,0.021978,-0.744811
58.837509,3.611725,0.310135,2.278892,0.007326,-0.739926
58.852386,3.655678,0.295483,2.278892,0.021978,-0.735043
58.867264,3.655678,0.305251,2.278892,0.007326,-0.735043
58.881378,3.611725,0.319902,2.278892,0.007326,-0.735043
58.896255,3.641026,0.300367,2.278892,-0.007328,-0.735043
58.911133,3.684982,0.290599,2.278892,0.036631,-0.739926
58.925629,3.699635,0.305251,2.278892,0.007326,-0.735043
58.940506,3.670330,0.310135,2.278892,-0.007328,-0.730159
58.955383,3.699635,0.295483,2.278892,0.007326,-0.735043
58.970642,3.743591,0.290599,2.278892,0.021978,-0.735043
58.985519,3.728939,0.305251,2.278892,0.007326,-0.730159
58.999634,3.655678,0.295483,2.278892,-0.007328,-0.735043
59.014130,3.655678,0.271063,2.278892,-0.007328,-0.735043
59.029007,3.670330,0.261295,2.278892,0.007326,-0.739926
59.043503,3.655678,0.266179,2.278892,0.007326,-0.735043
59.057999,3.611725,0.275947,2.278892,-0.007328,-0.730159
59.072495,3.641026,0.261295,2.278892,0.007326,-0.735043
59.087372,3.684982,0.266179,2.278892,0.007326,-0.730159
59.102249,3.684982,0.285715,2.278892,0.007326,-0.730159
59.116745,3.641026,0.305251,2.278892,-0.021980,-0.730159
59.131241,3.626373,0.290599,2.278892,0.007326,-0.735043
59.145737,3.655678,0.295483,2.278892,-0.007328,-0.735043
59.160233,3.626373,0.290599,2.278892,-0.007328,-0.735043
59.174347,3.567768,0.285715,2.278892,0.007326,-0.735043
59.188843,3.567768,0.280830,2.278892,0.007326,-0.735043
59.203339,3.597073,0.275947,2.278892,0.007326,-0.730159
59.217834,3.597073,0.290599,2.278892,0.007326,-0.730159
59.232330,3.611725,0.295483,2.278892,0.007326,-0.725275
59.246826,3.597073,0.290599,2.278892,0.007326,-0.725275
59.260941,3.582420,0.280830,2.278892,0.007326,-0.725275
59.275055,3.582420,0.285715,2.278892,0.021978,-0.725275
59.289932,3.582420,0.285715,2.278892,0.007326,-0.720390
59.304047,3.567768,0.295483,2.278892,0.007326,-0.720390
59.318542,3.626373,0.300367,2.278892,0.007326,-0.720390
59.333038,3.597073,0.305251,2.278892,0.021978,-0.720390
59.347534,3.611725,0.310135,2.278892,0.007326,-0.710623
59.362030,3.626373,0.295483,2.278892,0.007326,-0.715507
59.376907,3.655678,0.295483,2.278892,0.007326,-0.715507
59.391403,3.641026,0.295483,2.278892,0.007326,-0.715507
59.405899,3.641026,0.300367,2.278892,0.007326,-0.720390
59.420776,3.670330,0.295483,2.278892,0.007326,-0.720390
59.435654,3.699635,0.295483,2.278892,0.007326,-0.720390
59.450531,3.684982,0.305251,2.278892,0.007326,-0.720390
59.465027,3.626373,0.315019,2.278892,0.021978,-0.725275
59.479523,3.641026,0.310135,2.278892,-0.007328,-0.720390
59.494400,3.684982,0.295483,2.278892,0.007326,-0.725275
59.509277,3.684982,0.305251,2.278892,0.007326,-0.725275
59.524155,3.684982,0.300367,2.278892,0.007326,-0.725275
59.539032,3.699635,0.290599,2.278892,0.007326,-0.720390
59.553909,3.728939,0.285715,2.278892,0.021978,-0.715507
59.568787,3.714287,0.295483,2.278892,0.007326,-0.715507
59.583664,3.743591,0.290599,2.278892,0.007326,-0.715507
59.598923,3.743591,0.271063,2.278892,-0.007328,-0.715507
59.614182,3.787548,0.271063,2.278892,0.007326,-0.720390
59.629059,3.743591,0.275947,2.278892,-0.007328,-0.715507
59.643936,3.699635,0.275947,2.278892,0.007326,-0.720390
59.658813,3.743591,0.261295,2.278892,0.007326,-0.720390
59.674454,3.802200,0.251527,2.278892,-0.007328,-0.720390
59.689331,3.787548,0.261295,2.278892,0.007326,-0.725275
59.704208,3.743591,0.271063,2.278892,-0.007328,-0.720390
59.719086,3.714287,0.275947,2.278892,0.007326,-0.720390
59.733963,3.670330,0.280830,2.278892,0.007326,-0.720390
59.748077,3.611725,0.285715,2.278892,0.007326,-0.715507
59.762955,3.641026,0.266179,2.278892,0.007326,-0.715507
59.777451,3.655678,0.246643,2.278892,0.007326,-0.710623
59.792328,3.684982,0.246643,2.278892,0.021978,-0.710623
59.807205,3.699635,0.246643,2.278892,0.007326,-0.715507
59.821701,3.684982,0.246643,2.278892,0.007326,-0.715507
59.836578,3.699635,0.241758,2.278892,0.007326,-0.715507
59.851074,3.699635,0.241758,2.278892,-0.007328,-0.715507
59.865952,3.670330,0.251527,2.278892,0.021978,-0.715507
59.880447,3.641026,0.251527,2.278892,-0.007328,-0.715507
59.895325,3.670330,0.261295,2.278892,0.021978,-0.715507
59.909821,3.655678,0.275947,2.278892,0.007326,-0.710623
59.924316,3.641026,0.295483,2.278892,0.007326,-0.705739
59.938812,3.597073,0.290599,2.278892,-0.007328,-0.710623
59.953308,3.641026,0.280830,2.278892,0.021978,-0.715507
59.968567,3.684982,0.266179,2.278892,-0.007328,-0.710623
59.983444,3.699635,0.271063,2.278892,0.021978,-0.710623
59.997940,3.684982,0.271063,2.278892,-0.007328,-0.705739
60.012817,3.684982,0.266179,2.278892,0.007326,-0.710623
60.027695,3.699635,0.266179,2.278892,0.021978,-0.710623
60.042191,3.699635,0.266179,2.278892,0.021978,-0.705739
60.057068,3.684982,0.261295,2.278892,0.007326,-0.705739
60.071945,3.699635,0.256411,2.278892,0.007326,-0.700854
60.086823,3.714287,0.256411,2.278892,0.021978,-0.700854
60.102081,3.743591,0.256411,2.278892,-0.007328,-0.695971
60.116959,3.728939,0.246643,2.278892,0.021978,-0.700854
60.131836,3.758244,0.246643,2.278892,0.007326,-0.700854
60.147095,3.728939,0.251527,2.278892,-0.007328,-0.700854
60.161591,3.670330,0.261295,2.278892,0.007326,-0.710623
60.176468,3.684982,0.241758,2.278892,0.021978,-0.705739
60.191345,3.714287,0.227107,2.278892,0.007326,-0.700854
60.206604,3.772896,0.231991,2.278892,0.007326,-0.700854
60.221481,3.728939,0.241758,2.278892,0.007326,-0.700854
60.236740,3.758244,0.227107,2.278892,0.007326,-0.700854
60.251617,3.772896,0.217339,2.278892,0.007326,-0.700854
60.266876,3.772896,0.222223,2.278892,0.007326,-0.700854
60.281754,3.728939,0.217339,2.278892,0.007326,-0.700854
60.296631,3.743591,0.217339,2.278892,0.007326,-0.695971
60.311890,3.758244,0.217339,2.278892,0.007326,-0.695971
60.326767,3.728939,0.222223,2.278892,0.007326,-0.700854
60.341644,3.728939,0.231991,2.278892,0.007326,-0.700854
60.356522,3.728939,0.217339,2.278892,0.007326,-0.695971
60.371780,3.758244,0.212455,2.278892,0.007326,-0.695971
60.386658,3.743591,0.222223,2.278892,-0.007328,-0.695971
60.401535,3.714287,0.231991,2.278892,0.007326,-0.700854
60.416412,3.699635,0.227107,2.278892,0.007326,-0.695971
60.430908,3.684982,0.236875,2.278892,0.007326,-0.691087
60.445404,3.670330,0.251527,2.278892,0.007326,-0.691087
60.460281,3.641026,0.251527,2.278892,-0.007328,-0.691087
60.474777,3.655678,0.256411,2.278892,0.007326,-0.695971
60.489655,3.670330,0.261295,2.278892,0.007326,-0.686203
60.504532,3.655678,0.275947,2.278892,0.007326,-0.686203
60.519028,3.641026,0.280830,2.278892,0.007326,-0.686203
60.533524,3.641026,0.275947,2.278892,0.007326,-0.681318
60.548401,3.670330,0.266179,2.278892,0.021978,-0.686203
60.562897,3.670330,0.266179,2.278892,-0.007328,-0.681318
60.578156,3.714287,0.266179,2.278892,0.007326,-0.686203
60.593033,3.728939,0.261295,2.278892,-0.007328,-0.686203
60.607910,3.714287,0.280830,2.278892,0.021978,-0.686203
60.622406,3.699635,0.285715,2.278892,0.007326,-0.681318
60.636902,3.655678,0.275947,2.278892,0.021978,-0.681318
60.651779,3.670330,0.271063,2.278892,-0.007328,-0.676435
60.666656,3.670330,0.261295,2.278892,0.007326,-0.681318
60.681534,3.699635,0.261295,2.278892,0.021978,-0.681318
60.696411,3.714287,0.251527,2.278892,0.021978,-0.676435
60.711670,3.728939,0.251527,2.278892,0.021978,-0.671551
60.726547,3.743591,0.246643,2.278892,-0.007328,-0.676435
60.741806,3.743591,0.246643,2.278892,0.007326,-0.676435
60.756683,3.758244,0.236875,2.278892,0.007326,-0.676435
60.771942,3.772896,0.222223,2.278892,0.007326,-0.676435
60.787201,3.787548,0.227107,2.278892,0.007326,-0.671551
60.802078,3.772896,0.236875,2.278892,0.007326,-0.671551
60.817337,3.758244,0.236875,2.278892,0.007326,-0.676435
60.832214,3.802200,0.231991,2.278892,0.021978,-0.671551
60.847855,3.802200,0.246643,2.278892,0.007326,-0.671551
60.863113,3.772896,0.251527,2.278892,0.007326,-0.666667
60.877609,3.743591,0.246643,2.278892,0.007326,-0.671551
60.892868,3.743591,0.241758,2.278892,0.007326,-0.671551
60.907745,3.728939,0.231991,2.278892,0.007326,-0.671551
60.922623,3.743591,0.236875,2.278892,0.007326,-0.676435
60.937881,3.758244,0.231991,2.278892,0.007326,-0.676435
60.952759,3.743591,0.231991,2.278892,0.021978,-0.676435
60.967636,3.728939,0.241758,2.278892,0.007326,-0.671551
60.982513,3.699635,0.241758,2.278892,0.007326,-0.671551
60.997391,3.714287,0.231991,2.278892,0.007326,-0.671551
61.012268,3.728939,0.227107,2.278892,0.007326,-0.671551
61.027527,3.743591,0.236875,2.278892,0.007326,-0.676435
61.042404,3.728939,0.241758,2.278892,0.007326,-0.676435
61.057663,3.758244,0.246643,2.278892,0.021978,-0.676435
61.072540,3.772896,0.261295,2.278510,-0.007328,-0.666667
61.087418,3.728939,0.271063,2.278892,0.021978,-0.671551
61.102295,3.684982,0.280830,2.278892,0.007326,-0.666667
61.116791,3.684982,0.271063,2.278892,-0.007328,-0.666667
61.131668,3.699635,0.266179,2.278892,0.007326,-0.671551
61.146545,3.699635,0.275947,2.278892,0.007326,-0.676435
61.161041,3.684982,0.275947,2.278892,0.007326,-0.666667
61.176300,3.728939,0.261295,2.278892,-0.007328,-0.666667
61.191559,3.743591,0.266179,2.278892,-0.007328,-0.671551
61.206436,3.728939,0.285715,2.278892,0.007326,-0.676435
61.220932,3.699635,0.271063,2.278892,-0.007328,-0.676435
61.236191,3.728939,0.266179,2.278892,0.007326,-0.676435
61.251068,3.743591,0.271063,2.278892,0.007326,-0.676435
61.265945,3.728939,0.271063,2.278892,0.007326,-0.666667
61.280823,3.728939,0.271063,2.278892,0.021978,-0.666667
61.295700,3.728939,0.261295,2.278892,0.007326,-0.661782
61.310577,3.714287,0.256411,2.278892,0.007326,-0.656898
61.325455,3.714287,0.251527,2.278892,0.007326,-0.661782
61.340714,3.714287,0.251527,2.278892,0.007326,-0.661782
61.355591,3.714287,0.236875,2.278892,0.007326,-0.666667
61.370468,3.728939,0.231991,2.278892,0.007326,-0.661782
61.385727,3.743591,0.231991,2.278892,0.021978,-0.656898
61.400604,3.728939,0.222223,2.278510,0.007326,-0.652015
61.415482,3.728939,0.227107,2.278892,0.007326,-0.656898
61.430359,3.743591,0.222223,2.278892,0.007326,-0.656898
61.445618,3.743591,0.222223,2.278892,0.007326,-0.656898
61.460495,3.772896,0.217339,2.278892,0.007326,-0.656898
61.476135,3.802200,0.231991,2.278892,0.007326,-0.656898
61.491394,3.787548,0.241758,2.278892,0.021978,-0.661782
61.505890,3.714287,0.246643,2.278892,0.007326,-0.656898
61.520767,3.743591,0.241758,2.278510,-0.007328,-0.656898
61.536026,3.728939,0.227107,2.278892,0.021978,-0.666667
61.550522,3.728939,0.241758,2.278892,0.007326,-0.661782
61.565781,3.714287,0.241758,2.278892,0.007326,-0.652015
61.580276,3.699635,0.231991,2.278510,-0.007328,-0.656898
61.595154,3.728939,0.236875,2.278892,0.021978,-0.661782
61.610031,3.699635,0.241758,2.278510,0.007326,-0.656898
61.625290,3.699635,0.236875,2.278892,0.007326,-0.656898
61.640167,3.714287,0.231991,2.278510,0.007326,-0.656898
61.655045,3.728939,0.251527,2.278510,0.007326,-0.656898
61.669540,3.670330,0.241758,2.278892,0.007326,-0.652015
61.684036,3.655678,0.246643,2.278510,0.007326,-0.652015
61.698914,3.655678,0.241758,2.278892,0.007326,-0.652015
61.713409,3.641026,0.251527,2.278892,0.007326,-0.652015
61.727905,3.655678,0.271063,2.278892,0.021978,-0.652015
61.742401,3.641026,0.275947,2.278892,0.007326,-0.647131
61.757278,3.670330,0.280830,2.278510,0.007326,-0.642246
61.771774,3.684982,0.290599,2.278510,0.007326,-0.642246
61.786652,3.684982,0.305251,2.278510,0.007326,-0.647131
61.801529,3.670330,0.290599,2.278510,0.007326,-0.647131
61.816406,3.714287,0.295483,2.278892,0.021978,-0.647131
61.831665,3.743591,0.305251,2.278892,0.007326,-0.642246
61.846161,3.670330,0.310135,2.278510,0.007326,-0.642246
61.861038,3.670330,0.300367,2.278510,0.007326,-0.642246
61.875916,3.728939,0.290599,2.278892,0.021978,-0.647131
61.890793,3.728939,0.295483,2.278510,0.007326,-0.642246
61.905670,3.728939,0.290599,2.278510,-0.021980,-0.637362
61.920929,3.758244,0.295483,2.278510,0.007326,-0.642246
61.936188,3.772896,0.290599,2.278510,0.007326,-0.642246
61.951065,3.743591,0.295483,2.278892,0.021978,-0.642246
61.965561,3.699635,0.300367,2.278510,-0.007328,-0.632479
61.980438,3.670330,0.280830,2.278510,0.007326,-0.637362
61.994934,3.670330,0.271063,2.278510,0.007326,-0.642246
62.009811,3.684982,0.251527,2.278510,0.007326,-0.637362
62.024689,3.684982,0.246643,2.278892,0.007326,-0.637362
62.039566,3.728939,0.231991,2.278510,-0.007328,-0.637362
62.054443,3.714287,0.227107,2.278510,0.007326,-0.647131
62.069702,3.743591,0.231991,2.278510,0.007326,-0.647131
62.084198,3.728939,0.231991,2.278510,0.007326,-0.647131
62.099457,3.743591,0.236875,2.278510,-0.007328,-0.642246
62.114334,3.743591,0.231991,2.278510,-0.007328,-0.642246
62.129211,3.684982,0.231991,2.278510,0.007326,-0.647131
62.143707,3.670330,0.231991,2.278510,-0.007328,-0.647131
62.158203,3.655678,0.227107,2.278510,0.021978,-0.647131
62.173080,3.684982,0.231991,2.278892,0.021978,-0.642246
62.186050,3.670330,0.241758,2.278510,0.007326,-0.637362
62.202835,3.684982,0.256411,2.278510,0.007326,-0.637362
62.217712,3.684982,0.246643,2.278510,0.021978,-0.642246
62.232590,3.684982,0.256411,2.278510,0.007326,-0.637362
62.247086,3.684982,0.271063,2.278510,-0.007328,-0.632479
62.261581,3.641026,0.271063,2.278510,0.007326,-0.637362
62.276077,3.655678,0.266179,2.278510,-0.007328,-0.637362
62.290573,3.655678,0.271063,2.278510,0.021978,-0.642246
62.305069,3.611725,0.275947,2.278510,0.007326,-0.637362
62.319565,3.567768,0.266179,2.278510,-0.007328,-0.637362
62.333679,3.567768,0.275947,2.278510,0.007326,-0.637362
62.348175,3.597073,0.275947,2.278510,-0.007328,-0.642246
62.362289,3.597073,0.300367,2.278510,0.007326,-0.642246
62.376785,3.582420,0.305251,2.278510,0.007326,-0.647131
62.391281,3.597073,0.295483,2.278510,0.007326,-0.642246
62.405777,3.611725,0.300367,2.278510,0.007326,-0.637362
62.419891,3.553116,0.319902,2.278510,-0.007328,-0.637362
62.434006,3.538464,0.329671,2.278510,0.007326,-0.647131
62.448502,3.553116,0.324787,2.278510,0.007326,-0.642246
62.462997,3.611725,0.319902,2.278510,0.007326,-0.642246
62.477493,3.641026,0.315019,2.278510,0.007326,-0.637362
62.491989,3.626373,0.319902,2.278510,0.007326,-0.642246
62.507248,3.684982,0.300367,2.278510,0.007326,-0.637362
62.522125,3.699635,0.295483,2.278510,-0.007328,-0.637362
62.537003,3.714287,0.300367,2.278892,0.021978,-0.642246
62.551498,3.670330,0.305251,2.278510,-0.007328,-0.642246
62.566376,3.670330,0.295483,2.278510,0.007326,-0.642246
62.580872,3.670330,0.295483,2.278510,0.007326,-0.642246
62.595367,3.670330,0.305251,2.278510,0.007326,-0.637362
62.610245,3.641026,0.300367,2.278510,0.007326,-0.642246
62.624741,3.670330,0.295483,2.278510,0.021978,-0.642246
62.639618,3.714287,0.285715,2.278510,0.007326,-0.642246
62.654495,3.714287,0.290599,2.278510,0.021978,-0.642246
62.669373,3.699635,0.290599,2.278510,0.021978,-0.642246
62.684250,3.699635,0.275947,2.278510,0.021978,-0.637362
62.699127,3.699635,0.285715,2.278510,0.007326,-0.642246
62.713623,3.655678,0.285715,2.278510,0.021978,-0.642246
62.728500,3.655678,0.280830,2.278510,-0.007328,-0.642246
62.743378,3.684982,0.261295,2.278510,0.007326,-0.647131
62.758255,3.699635,0.256411,2.278510,0.007326,-0.647131
62.772751,3.684982,0.256411,2.278510,0.007326,-0.647131
62.787628,3.655678,0.251527,2.278510,-0.007328,-0.647131
62.802124,3.655678,0.241758,2.278510,0.021978,-0.652015
62.817001,3.670330,0.251527,2.278510,0.021978,-0.652015
62.831116,3.641026,0.261295,2.278510,0.007326,-0.652015
62.845993,3.641026,0.256411,2.278510,0.007326,-0.652015
62.860489,3.655678,0.266179,2.278892,0.036631,-0.652015
62.875366,3.655678,0.275947,2.278892,0.021978,-0.652015
62.889862,3.641026,0.290599,2.278510,0.007326,-0.647131
62.903976,3.626373,0.285715,2.278510,0.007326,-0.652015
62.918854,3.626373,0.271063,2.278510,0.007326,-0.656898
62.933350,3.626373,0.271063,2.278510,0.021978,-0.661782
62.947845,3.611725,0.275947,2.278510,0.007326,-0.656898
62.961960,3.582420,0.290599,2.278510,-0.007328,-0.656898
62.976837,3.626373,0.280830,2.278510,0.007326,-0.661782
62.990952,3.626373,0.295483,2.278510,0.007326,-0.661782
63.005829,3.597073,0.315019,2.278510,0.007326,-0.661782
63.019943,3.567768,0.310135,2.278892,0.021978,-0.661782
63.034439,3.611725,0.295483,2.278510,-0.007328,-0.661782
63.048553,3.567768,0.295483,2.278510,0.007326,-0.666667
63.063049,3.538464,0.310135,2.278510,0.007326,-0.666667
63.076782,3.509159,0.315019,2.278510,0.007326,-0.666667
63.091278,3.553116,0.310135,2.278510,-0.007328,-0.661782
63.105392,3.597073,0.300367,2.278510,0.007326,-0.671551
63.119888,3.582420,0.305251,2.278510,0.007326,-0.671551
63.134003,3.582420,0.305251,2.278510,-0.007328,-0.671551
63.148880,3.597073,0.300367,2.278510,0.021978,-0.671551
63.163757,3.655678,0.310135,2.278510,0.007326,-0.666667
63.178253,3.626373,0.334555,2.278510,-0.007328,-0.671551
63.192368,3.626373,0.344323,2.278510,-0.007328,-0.676435
63.207245,3.626373,0.324787,2.278892,0.021978,-0.676435
63.222122,3.684982,0.319902,2.278510,0.007326,-0.671551
63.236618,3.641026,0.319902,2.278510,0.007326,-0.666667
63.251114,3.611725,0.319902,2.278510,0.007326,-0.671551
63.265610,3.655678,0.300367,2.278510,0.007326,-0.671551
63.280487,3.670330,0.295483,2.278510,-0.007328,-0.676435
63.294983,3.655678,0.295483,2.278510,0.007326,-0.681318
63.309479,3.641026,0.290599,2.278510,0.007326,-0.681318
63.324738,3.699635,0.285715,2.278510,0.021978,-0.681318
63.339615,3.699635,0.285715,2.278510,0.007326,-0.676435
63.354492,3.684982,0.300367,2.278510,0.021978,-0.676435
63.368988,3.670330,0.300367,2.278510,0.007326,-0.676435
63.383484,3.655678,0.290599,2.278510,-0.007328,-0.676435
63.397980,3.641026,0.275947,2.278510,0.007326,-0.686203
63.412476,3.597073,0.275947,2.278892,0.021978,-0.686203
63.426590,3.582420,0.261295,2.278510,0.007326,-0.681318
63.440704,3.567768,0.261295,2.278510,-0.007328,-0.681318
63.454819,3.538464,0.280830,2.278510,0.007326,-0.691087
63.468933,3.509159,0.290599,2.278510,0.007326,-0.691087
63.483047,3.509159,0.280830,2.278510,-0.007328,-0.686203
63.497162,3.509159,0.271063,2.278510,0.007326,-0.691087
63.511658,3.553116,0.285715,2.278892,0.007326,-0.691087
63.525391,3.523811,0.310135,2.278510,-0.007328,-0.691087
63.539505,3.494507,0.319902,2.278892,0.021978,-0.695971
63.553619,3.494507,0.305251,2.278892,0.007326,-0.691087
63.567352,3.494507,0.324787,2.278510,-0.007328,-0.691087
63.581467,3.479855,0.344323,2.278892,0.021978,-0.695971
63.595200,3.450550,0.344323,2.278510,0.007326,-0.700854
63.609314,3.494507,0.334555,2.278510,0.007326,-0.700854
63.623810,3.509159,0.344323,2.278892,0.021978,-0.705739
63.637543,3.509159,0.368743,2.278510,-0.007328,-0.700854
63.651657,3.479855,0.363859,2.278510,0.007326,-0.700854
63.665771,3.523811,0.349207,2.278510,0.007326,-0.700854
63.679886,3.553116,0.344323,2.278510,0.007326,-0.700854
63.694382,3.582420,0.363859,2.278510,0.007326,-0.700854
63.708496,3.567768,0.383395,2.278892,0.007326,-0.700854
63.722992,3.553116,0.373627,2.278510,0.007326,-0.700854
63.737488,3.611725,0.334555,2.278892,0.021978,-0.705739
63.751984,3.626373,0.339439,2.278510,0.007326,-0.700854
63.766479,3.582420,0.344323,2.278892,0.021978,-0.700854
63.780594,3.567768,0.324787,2.278510,0.007326,-0.705739
63.795471,3.641026,0.315019,2.278892,0.021978,-0.705739
63.810349,3.655678,0.324787,2.278510,-0.007328,-0.705739
63.824844,3.641026,0.329671,2.278892,0.021978,-0.715507
63.839340,3.611725,0.300367,2.278510,0.007326,-0.705739
63.854599,3.714287,0.280830,2.278892,0.021978,-0.710623
63.869476,3.714287,0.285715,2.278892,0.007326,-0.710623
63.883591,3.655678,0.300367,2.278510,-0.007328,-0.710623
63.898468,3.626373,0.280830,2.278892,0.007326,-0.710623
63.912964,3.655678,0.256411,2.278892,0.007326,-0.715507
63.928223,3.670330,0.266179,2.278892,0.007326,-0.715507
63.942337,3.611725,0.280830,2.278892,0.007326,-0.715507
63.956451,3.597073,0.280830,2.278510,-0.007328,-0.715507
63.971329,3.655678,0.280830,2.278892,0.007326,-0.715507
63.986206,3.684982,0.300367,2.278892,0.036631,-0.715507
64.000702,3.670330,0.310135,2.278892,-0.007328,-0.710623
64.015198,3.641026,0.310135,2.278510,-0.007328,-0.710623
64.030075,3.655678,0.300367,2.278892,0.007326,-0.720390
64.044571,3.626373,0.295483,2.278892,-0.007328,-0.715507
64.058304,3.582420,0.290599,2.278892,0.007326,-0.715507
64.072418,3.567768,0.280830,2.278510,-0.007328,-0.715507
64.086914,3.597073,0.280830,2.278892,0.007326,-0.715507
64.101410,3.611725,0.285715,2.278892,-0.007328,-0.720390
64.115906,3.597073,0.295483,2.278892,0.007326,-0.720390
64.130020,3.567768,0.275947,2.278892,0.021978,-0.725275
64.144516,3.611725,0.256411,2.278892,0.007326,-0.720390
64.159012,3.641026,0.256411,2.278892,0.021978,-0.720390
64.173508,3.597073,0.280830,2.278892,0.021978,-0.720390
64.187622,3.582420,0.290599,2.278892,0.021978,-0.715507
64.202118,3.567768,0.290599,2.278892,0.007326,-0.715507
64.216995,3.611725,0.300367,2.278892,0.007326,-0.715507
64.230728,3.567768,0.290599,2.278510,-0.007328,-0.720390
64.245224,3.567768,0.290599,2.278892,0.007326,-0.725275
64.259338,3.582420,0.290599,2.278892,0.007326,-0.725275
64.273453,3.567768,0.300367,2.278892,0.007326,-0.730159
64.287949,3.567768,0.305251,2.278892,0.007326,-0.725275
64.302444,3.582420,0.305251,2.278892,0.007326,-0.725275
64.316940,3.597073,0.300367,2.278892,0.007326,-0.725275
64.331055,3.553116,0.310135,2.278892,-0.007328,-0.730159
64.345169,3.553116,0.324787,2.278892,0.007326,-0.730159
64.359665,3.538464,0.319902,2.278892,0.007326,-0.730159
64.374161,3.641026,0.324787,2.278892,0.021978,-0.730159
64.388657,3.611725,0.344323,2.278892,0.007326,-0.725275
64.402771,3.553116,0.354091,2.278892,0.007326,-0.725275
64.416885,3.553116,0.329671,2.278892,0.007326,-0.725275
64.431381,3.611725,0.315019,2.278892,0.021978,-0.730159
64.446259,3.626373,0.324787,2.278892,0.021978,-0.730159
64.460754,3.597073,0.344323,2.278892,-0.007328,-0.725275
64.474869,3.567768,0.339439,2.278892,0.007326,-0.730159
64.489746,3.611725,0.319902,2.278892,-0.007328,-0.730159
64.504242,3.641026,0.315019,2.278892,0.021978,-0.735043
64.518356,3.611725,0.310135,2.278892,0.021978,-0.730159
64.532852,3.611725,0.300367,2.278892,0.007326,-0.730159
64.548111,3.670330,0.271063,2.278892,0.007326,-0.730159
64.562988,3.699635,0.280830,2.278892,0.007326,-0.735043
64.577103,3.626373,0.310135,2.278892,0.007326,-0.730159
64.591599,3.597073,0.300367,2.278892,0.007326,-0.735043
64.606476,3.684982,0.290599,2.278892,0.007326,-0.735043
64.621353,3.699635,0.305251,2.278892,0.021978,-0.735043
64.635849,3.655678,0.329671,2.278892,0.007326,-0.730159
64.650345,3.597073,0.310135,2.278892,-0.007328,-0.730159
64.664841,3.641026,0.290599,2.278892,0.021978,-0.739926
64.679718,3.655678,0.275947,2.278892,0.007326,-0.735043
64.693832,3.611725,0.285715,2.278892,0.007326,-0.735043
64.708328,3.582420,0.285715,2.278892,-0.007328,-0.735043
64.722824,3.597073,0.285715,2.278892,0.007326,-0.739926
64.736938,3.582420,0.295483,2.278892,0.021978,-0.739926
64.751053,3.567768,0.295483,2.278892,-0.007328,-0.735043
64.763641,3.553116,0.285715,2.278892,0.007326,-0.735043
64.779663,3.538464,0.280830,2.278892,0.007326,-0.739926
64.793777,3.553116,0.300367,2.278892,0.021978,-0.735043
64.807510,3.509159,0.310135,2.278892,0.007326,-0.730159
64.821625,3.494507,0.305251,2.278892,0.007326,-0.730159
64.835739,3.523811,0.285715,2.278892,0.007326,-0.730159
64.849854,3.538464,0.305251,2.278892,0.007326,-0.730159
64.863968,3.494507,0.319902,2.278892,0.007326,-0.730159
64.877701,3.479855,0.319902,2.278892,-0.007328,-0.735043
64.891815,3.523811,0.305251,2.278892,0.007326,-0.739926
64.906311,3.509159,0.315019,2.278892,0.021978,-0.744811
64.920425,3.553116,0.339439,2.278892,0.007326,-0.739926
64.934540,3.494507,0.349207,2.278892,-0.007328,-0.739926
64.948654,3.523811,0.334555,2.278892,-0.007328,-0.744811
64.962769,3.538464,0.329671,2.278892,-0.007328,-0.749695
64.976883,3.553116,0.349207,2.278892,0.021978,-0.749695
64.990997,3.538464,0.358974,2.278892,0.007326,-0.744811
65.005493,3.553116,0.354091,2.278892,0.007326,-0.744811
65.019608,3.582420,0.344323,2.278892,0.007326,-0.744811
65.033722,3.553116,0.349207,2.278892,0.021978,-0.744811
65.047836,3.538464,0.358974,2.278892,0.007326,-0.739926
65.062332,3.553116,0.354091,2.278892,0.021978,-0.739926
65.076828,3.597073,0.344323,2.278892,0.007326,-0.739926
65.091324,3.582420,0.349207,2.278892,-0.007328,-0.739926
65.105438,3.538464,0.339439,2.278892,0.021978,-0.749695
65.119553,3.567768,0.324787,2.278892,0.021978,-0.749695
65.134048,3.611725,0.319902,2.278892,0.021978,-0.744811
65.148544,3.582420,0.329671,2.278892,0.007326,-0.739926
65.162659,3.553116,0.344323,2.278892,-0.007328,-0.739926
65.176773,3.538464,0.315019,2.278892,0.007326,-0.739926
65.191650,3.597073,0.290599,2.278892,0.007326,-0.744811
65.206146,3.641026,0.300367,2.278892,0.021978,-0.739926
65.220261,3.582420,0.315019,2.278892,0.007326,-0.739926
65.235138,3.626373,0.315019,2.278892,0.007326,-0.739926
65.249634,3.670330,0.319902,2.278892,0.021978,-0.739926
65.264130,3.655678,0.339439,2.278892,0.007326,-0.739926
65.278625,3.582420,0.339439,2.278892,0.007326,-0.735043
65.292740,3.567768,0.319902,2.278892,-0.007328,-0.744811
65.307617,3.611725,0.295483,2.278892,0.007326,-0.749695
65.321732,3.597073,0.305251,2.278892,-0.007328,-0.749695
65.336227,3.582420,0.319902,2.278892,-0.007328,-0.744811
65.350723,3.582420,0.310135,2.278892,0.007326,-0.739926
65.365219,3.641026,0.305251,2.278892,0.007326,-0.739926
65.379715,3.641026,0.310135,2.278892,0.007326,-0.739926
65.394211,3.626373,0.310135,2.278892,0.007326,-0.739926
65.408707,3.626373,0.285715,2.278892,0.007326,-0.739926
65.423584,3.670330,0.280830,2.278892,0.021978,-0.735043
65.438080,3.641026,0.290599,2.278892,0.007326,-0.730159
65.452194,3.611725,0.310135,2.278892,-0.007328,-0.730159
65.466690,3.582420,0.305251,2.278892,0.007326,-0.739926
65.481186,3.597073,0.305251,2.278892,0.021978,-0.735043
65.495682,3.611725,0.310135,2.278892,0.021978,-0.735043
65.510178,3.582420,0.300367,2.278892,0.007326,-0.730159
65.524292,3.567768,0.295483,2.278892,0.007326,-0.730159
65.538788,3.567768,0.290599,2.278892,0.021978,-0.730159
65.552902,3.582420,0.300367,2.278892,0.021978,-0.730159
65.567017,3.553116,0.310135,2.278892,0.007326,-0.725275
65.581512,3.553116,0.305251,2.278892,0.007326,-0.725275
65.595627,3.567768,0.290599,2.278892,-0.007328,-0.730159
65.609741,3.567768,0.295483,2.278892,0.036631,-0.730159
65.624619,3.567768,0.300367,2.278892,0.007326,-0.725275
65.638733,3.567768,0.310135,2.278892,0.007326,-0.725275
65.653229,3.641026,0.319902,2.278892,0.021978,-0.725275
65.668106,3.626373,0.319902,2.278892,0.007326,-0.720390
65.682602,3.626373,0.329671,2.278892,0.007326,-0.725275
65.697098,3.641026,0.319902,2.278892,0.021978,-0.730159
65.711594,3.641026,0.300367,2.278892,-0.007328,-0.725275
65.726471,3.670330,0.305251,2.278892,0.021978,-0.725275
65.740967,3.611725,0.319902,2.278892,-0.007328,-0.725275
65.755081,3.597073,0.315019,2.278892,0.021978,-0.725275
65.769577,3.611725,0.310135,2.278892,0.007326,-0.725275
65.784454,3.655678,0.310135,2.278892,0.007326,-0.720390
65.798950,3.641026,0.310135,2.278892,0.007326,-0.720390
65.813446,3.641026,0.310135,2.278892,0.021978,-0.720390
65.828323,3.684982,0.295483,2.278892,0.007326,-0.715507
65.843582,3.699635,0.300367,2.278892,0.007326,-0.720390
65.858078,3.699635,0.305251,2.278892,0.007326,-0.720390
65.872955,3.684982,0.290599,2.278892,-0.007328,-0.720390
65.888214,3.758244,0.266179,2.278892,0.007326,-0.725275
65.903091,3.728939,0.266179,2.278892,-0.007328,-0.720390
65.917969,3.714287,0.271063,2.278892,0.007326,-0.725275
65.932465,3.684982,0.251527,2.278892,0.007326,-0.725275
65.947723,3.728939,0.236875,2.278892,0.007326,-0.725275
65.963364,3.802200,0.246643,2.278892,0.007326,-0.725275
65.978241,3.758244,0.266179,2.278892,0.007326,-0.720390
65.993118,3.728939,0.271063,2.278892,0.007326,-0.725275
66.007614,3.655678,0.266179,2.278892,0.007326,-0.720390
66.022110,3.655678,0.261295,2.278892,0.007326,-0.720390
66.036606,3.626373,0.256411,2.278892,0.007326,-0.725275
66.051102,3.641026,0.246643,2.278892,0.007326,-0.725275
66.065979,3.684982,0.241758,2.278892,0.007326,-0.720390
66.080856,3.699635,0.256411,2.278892,0.021978,-0.720390
66.095734,3.684982,0.261295,2.278892,0.007326,-0.720390
66.110611,3.684982,0.261295,2.278892,-0.007328,-0.715507
66.125488,3.684982,0.266179,2.278892,0.007326,-0.720390
66.139984,3.699635,0.271063,2.278892,0.007326,-0.715507
66.154861,3.655678,0.275947,2.278892,0.007326,-0.715507
66.169357,3.655678,0.266179,2.278892,-0.007328,-0.720390
66.184235,3.670330,0.271063,2.278892,0.007326,-0.715507
66.198349,3.655678,0.275947,2.278892,0.007326,-0.710623
66.213226,3.626373,0.280830,2.278892,0.007326,-0.710623
66.227341,3.611725,0.261295,2.278892,0.007326,-0.710623
66.241837,3.611725,0.256411,2.278892,0.007326,-0.710623
66.256714,3.641026,0.261295,2.278892,0.007326,-0.715507
66.271591,3.684982,0.271063,2.278892,0.007326,-0.715507
66.286087,3.684982,0.280830,2.278892,0.007326,-0.710623
66.300964,3.670330,0.285715,2.278892,0.021978,-0.710623
66.315460,3.655678,0.295483,2.278892,0.021978,-0.705739
66.330338,3.641026,0.300367,2.278892,0.007326,-0.705739
66.344833,3.670330,0.290599,2.278892,-0.007328,-0.705739
66.359711,3.684982,0.280830,2.278892,-0.007328,-0.710623
66.374588,3.714287,0.280830,2.278892,-0.007328,-0.710623
66.389847,3.743591,0.280830,2.278892,0.007326,-0.710623
66.404724,3.758244,0.275947,2.278892,0.007326,-0.705739
66.419983,3.743591,0.285715,2.278892,0.021978,-0.705739
66.434860,3.728939,0.290599,2.278892,-0.007328,-0.705739
66.449356,3.684982,0.285715,2.278892,0.021978,-0.705739
66.464233,3.728939,0.266179,2.278892,0.021978,-0.705739
66.479492,3.743591,0.261295,2.278892,0.021978,-0.700854
66.494751,3.758244,0.275947,2.278892,-0.007328,-0.700854
66.509628,3.758244,0.266179,2.278892,-0.007328,-0.700854
66.524506,3.758244,0.251527,2.278892,0.007326,-0.700854
66.539764,3.787548,0.246643,2.278892,0.007326,-0.705739
66.554642,3.743591,0.251527,2.278892,0.007326,-0.705739
66.569901,3.728939,0.251527,2.278892,-0.007328,-0.700854
66.584778,3.772896,0.241758,2.278892,-0.007328,-0.695971
66.600037,3.758244,0.241758,2.278892,-0.007328,-0.695971
66.614914,3.743591,0.241758,2.278892,0.007326,-0.695971
66.629791,3.728939,0.246643,2.278892,0.007326,-0.691087
66.645050,3.743591,0.236875,2.278892,0.007326,-0.691087
66.659927,3.758244,0.236875,2.278892,0.007326,-0.686203
66.674805,3.758244,0.246643,2.278892,0.007326,-0.691087
66.690063,3.743591,0.246643,2.278892,0.021978,-0.691087
66.705322,3.758244,0.246643,2.278892,0.007326,-0.686203
66.720200,3.743591,0.256411,2.278892,0.007326,-0.686203
66.734695,3.684982,0.275947,2.278892,0.007326,-0.686203
66.749573,3.684982,0.266179,2.278892,0.007326,-0.686203
66.764069,3.684982,0.261295,2.278892,0.021978,-0.686203
66.779327,3.728939,0.266179,2.278892,0.007326,-0.686203
66.793823,3.699635,0.271063,2.278892,0.007326,-0.686203
66.808701,3.714287,0.266179,2.278892,0.007326,-0.686203
66.823578,3.714287,0.261295,2.278892,0.007326,-0.681318
66.838837,3.743591,0.261295,2.278892,-0.007328,-0.681318
66.853714,3.728939,0.266179,2.278892,0.007326,-0.681318
66.868591,3.714287,0.271063,2.278892,-0.007328,-0.676435
66.883469,3.699635,0.275947,2.278892,0.007326,-0.681318
66.897964,3.684982,0.271063,2.278892,0.007326,-0.686203
66.912842,3.655678,0.266179,2.278892,0.021978,-0.681318
66.927719,3.670330,0.246643,2.278892,0.007326,-0.681318
66.942596,3.714287,0.241758,2.278892,0.007326,-0.676435
66.957474,3.743591,0.241758,2.278892,0.021978,-0.681318
66.972351,3.728939,0.241758,2.278892,-0.007328,-0.681318
66.987610,3.743591,0.231991,2.278892,0.007326,-0.676435
67.002487,3.758244,0.231991,2.278892,0.021978,-0.676435
67.017746,3.758244,0.236875,2.278892,0.007326,-0.676435
67.033005,3.772896,0.236875,2.278892,0.021978,-0.671551
67.048264,3.787548,0.236875,2.278892,0.007326,-0.671551
67.063141,3.802200,0.241758,2.278892,0.007326,-0.671551
67.078781,3.802200,0.251527,2.278892,0.007326,-0.671551
67.094040,3.787548,0.246643,2.278892,0.021978,-0.671551
67.108917,3.787548,0.236875,2.278892,0.007326,-0.671551
67.124176,3.816853,0.231991,2.278892,0.007326,-0.671551
67.139435,3.816853,0.227107,2.278892,-0.007328,-0.671551
67.154694,3.787548,0.227107,2.278892,0.007326,-0.671551
67.169952,3.802200,0.217339,2.278892,0.007326,-0.671551
67.184830,3.758244,0.212455,2.278892,0.007326,-0.666667
67.199707,3.758244,0.217339,2.278892,-0.007328,-0.666667
67.214966,3.758244,0.207571,2.278892,-0.007328,-0.671551
67.229843,3.758244,0.207571,2.278892,0.007326,-0.671551
67.244720,3.743591,0.207571,2.278892,0.007326,-0.671551
67.259598,3.714287,0.212455,2.278892,0.007326,-0.671551
67.274475,3.714287,0.207571,2.278892,0.007326,-0.671551
67.289352,3.743591,0.202686,2.278892,0.007326,-0.666667
67.304611,3.743591,0.207571,2.278892,0.021978,-0.666667
67.319489,3.743591,0.212455,2.278892,-0.007328,-0.666667
67.334747,3.743591,0.222223,2.278892,-0.007328,-0.671551
67.349625,3.743591,0.227107,2.278892,0.007326,-0.666667
67.364502,3.714287,0.246643,2.278892,0.007326,-0.666667
67.379379,3.699635,0.256411,2.278892,0.007326,-0.666667
67.393875,3.684982,0.256411,2.278892,0.007326,-0.661782
67.408752,3.728939,0.256411,2.278892,0.007326,-0.666667
67.423630,3.714287,0.266179,2.278892,0.007326,-0.666667
67.438507,3.728939,0.280830,2.278892,0.007326,-0.666667
67.453766,3.743591,0.271063,2.278892,-0.007328,-0.666667
67.468643,3.758244,0.271063,2.278892,0.021978,-0.666667
67.483902,3.758244,0.285715,2.278892,0.007326,-0.661782
67.498398,3.684982,0.280830,2.278892,0.021978,-0.666667
67.513657,3.728939,0.266179,2.278892,0.021978,-0.666667
67.528915,3.758244,0.266179,2.278892,0.021978,-0.666667
67.543793,3.728939,0.271063,2.278510,0.007326,-0.661782
67.558670,3.758244,0.266179,2.278892,0.021978,-0.661782
67.573547,3.758244,0.256411,2.278510,-0.007328,-0.661782
67.588806,3.743591,0.246643,2.278510,-0.007328,-0.661782
67.603683,3.743591,0.246643,2.278892,0.021978,-0.666667
67.618561,3.743591,0.241758,2.278892,0.007326,-0.661782
67.633820,3.728939,0.231991,2.278892,-0.007328,-0.661782
67.648697,3.728939,0.231991,2.278510,0.007326,-0.661782
67.663574,3.728939,0.222223,2.278892,0.007326,-0.661782
67.678833,3.743591,0.222223,2.278892,0.021978,-0.656898
67.693710,3.743591,0.212455,2.278510,0.007326,-0.656898
67.708588,3.728939,0.212455,2.278892,0.021978,-0.656898
67.723465,3.743591,0.217339,2.278892,-0.007328,-0.652015
67.738724,3.743591,0.207571,2.278892,-0.007328,-0.647131
67.753983,3.802200,0.222223,2.278892,0.007326,-0.652015
67.769241,3.772896,0.227107,2.278892,0.007326,-0.652015
67.784119,3.728939,0.231991,2.278892,0.007326,-0.652015
67.798615,3.728939,0.222223,2.278892,0.007326,-0.652015
67.813492,3.699635,0.212455,2.278510,0.007326,-0.647131
67.828751,3.714287,0.217339,2.278510,0.007326,-0.652015
67.843246,3.714287,0.222223,2.278892,0.007326,-0.652015
67.858124,3.714287,0.222223,2.278892,0.007326,-0.652015
67.873383,3.728939,0.217339,2.278892,0.007326,-0.647131
67.888260,3.728939,0.222223,2.278892,-0.007328,-0.652015
67.902756,3.699635,0.227107,2.278510,-0.007328,-0.652015
67.917633,3.714287,0.222223,2.278510,0.007326,-0.652015
67.932892,3.714287,0.231991,2.278892,0.021978,-0.652015
67.947388,3.670330,0.241758,2.278510,0.007326,-0.647131
67.961884,3.655678,0.246643,2.278510,0.007326,-0.647131
67.976761,3.670330,0.251527,2.278510,0.007326,-0.642246
67.991257,3.641026,0.266179,2.278510,0.021978,-0.642246
68.005753,3.641026,0.275947,2.278892,0.021978,-0.642246
68.020248,3.626373,0.280830,2.278510,0.021978,-0.642246
68.035126,3.655678,0.271063,2.278892,0.007326,-0.637362
68.050003,3.670330,0.271063,2.278510,0.007326,-0.637362
68.064499,3.655678,0.280830,2.278510,-0.007328,-0.642246
68.078995,3.641026,0.275947,2.278510,0.007326,-0.647131
68.094254,3.684982,0.266179,2.278510,0.007326,-0.647131
68.108749,3.699635,0.271063,2.278510,0.007326,-0.647131
68.123245,3.655678,0.290599,2.278510,0.007326,-0.642246
68.138123,3.626373,0.290599,2.278510,0.007326,-0.642246
68.152618,3.670330,0.290599,2.278510,0.007326,-0.637362
68.167496,3.699635,0.295483,2.278510,0.007326,-0.637362
68.182373,3.684982,0.290599,2.278892,0.021978,-0.637362
68.197250,3.728939,0.295483,2.278510,-0.007328,-0.637362
68.212509,3.758244,0.285715,2.278510,0.007326,-0.642246
68.227386,3.743591,0.285715,2.278510,-0.007328,-0.637362
68.242264,3.728939,0.290599,2.278510,-0.007328,-0.642246
68.257141,3.699635,0.290599,2.278510,-0.007328,-0.642246
68.272018,3.728939,0.275947,2.278510,0.007326,-0.642246
68.286896,3.699635,0.275947,2.278510,0.007326,-0.642246
68.301773,3.684982,0.280830,2.278510,0.007326,-0.637362
68.316269,3.684982,0.266179,2.278510,-0.007328,-0.632479
68.331146,3.699635,0.266179,2.278510,0.021978,-0.637362
68.346024,3.714287,0.261295,2.278510,0.007326,-0.637362
68.360901,3.714287,0.266179,2.278510,0.007326,-0.637362
68.376160,3.728939,0.266179,2.278510,-0.007328,-0.637362
68.391037,3.714287,0.271063,2.278510,0.007326,-0.637362
68.405533,3.699635,0.271063,2.278510,0.007326,-0.637362
68.420029,3.626373,0.261295,2.278510,0.007326,-0.637362
68.434525,3.611725,0.251527,2.278510,-0.007328,-0.637362
68.449402,3.655678,0.227107,2.278510,0.007326,-0.637362
68.464279,3.684982,0.227107,2.278510,0.007326,-0.637362
68.478775,3.670330,0.236875,2.278510,0.007326,-0.637362
68.493652,3.655678,0.231991,2.278510,0.007326,-0.632479
68.508530,3.714287,0.236875,2.278510,0.007326,-0.632479
68.523026,3.655678,0.256411,2.278510,0.021978,-0.637362
68.537140,3.626373,0.266179,2.278510,0.007326,-0.632479
68.552017,3.626373,0.261295,2.278510,0.007326,-0.632479
68.566895,3.670330,0.266179,2.278510,0.007326,-0.632479
68.581390,3.655678,0.275947,2.278892,0.021978,-0.632479
68.595886,3.611725,0.285715,2.278510,-0.007328,-0.627595
68.610382,3.597073,0.275947,2.278510,0.007326,-0.632479
68.624878,3.611725,0.261295,2.278510,0.007326,-0.637362
68.639374,3.611725,0.271063,2.278510,0.007326,-0.637362
68.653870,3.611725,0.285715,2.278510,0.007326,-0.637362
68.668365,3.626373,0.290599,2.278510,0.007326,-0.632479
68.682861,3.641026,0.295483,2.278510,0.007326,-0.632479
68.697357,3.626373,0.319902,2.278510,-0.007328,-0.632479
68.711472,3.567768,0.324787,2.278510,0.007326,-0.637362
68.725967,3.553116,0.305251,2.278510,0.007326,-0.637362
68.740463,3.626373,0.280830,2.278510,0.007326,-0.637362
68.755341,3.655678,0.290599,2.278510,0.021978,-0.637362
68.769836,3.655678,0.305251,2.278510,0.007326,-0.637362
68.784714,3.670330,0.305251,2.278510,-0.007328,-0.637362
68.799591,3.684982,0.310135,2.278510,0.007326,-0.637362
68.814468,3.699635,0.310135,2.278510,0.021978,-0.642246
68.828964,3.684982,0.324787,2.278510,-0.007328,-0.637362
68.843842,3.670330,0.319902,2.278510,0.007326,-0.642246
68.858337,3.670330,0.315019,2.278510,0.021978,-0.642246
68.873215,3.684982,0.315019,2.278510,0.007326,-0.642246
68.887711,3.641026,0.310135,2.278510,0.007326,-0.642246
68.902206,3.684982,0.285715,2.278510,0.007326,-0.637362
68.917084,3.684982,0.266179,2.278510,0.007326,-0.637362
68.932343,3.714287,0.266179,2.278510,-0.007328,-0.637362
68.947220,3.699635,0.261295,2.278510,0.007326,-0.642246
68.961716,3.699635,0.261295,2.278510,0.007326,-0.647131
68.976593,3.699635,0.261295,2.278510,0.007326,-0.642246
68.991089,3.641026,0.256411,2.278510,0.021978,-0.647131
69.005966,3.655678,0.251527,2.278510,0.021978,-0.647131
69.020462,3.670330,0.246643,2.278510,0.007326,-0.642246
69.035339,3.699635,0.241758,2.278510,0.021978,-0.642246
69.050217,3.684982,0.246643,2.278510,-0.007328,-0.642246
69.064713,3.641026,0.266179,2.278510,0.007326,-0.642246
69.079208,3.670330,0.266179,2.278510,0.007326,-0.647131
69.094086,3.626373,0.271063,2.278510,0.021978,-0.652015
69.106674,3.655678,0.275947,2.278510,0.007326,-0.642246
69.123459,3.626373,0.275947,2.278510,0.007326,-0.647131
69.137955,3.641026,0.266179,2.278510,0.021978,-0.652015
69.152451,3.670330,0.261295,2.278510,0.007326,-0.656898
69.166946,3.670330,0.261295,2.278510,0.007326,-0.656898
69.181824,3.641026,0.271063,2.278510,0.007326,-0.652015
69.196320,3.626373,0.275947,2.278510,-0.007328,-0.647131
69.210815,3.641026,0.275947,2.278510,0.021978,-0.656898
69.225311,3.597073,0.295483,2.278510,0.007326,-0.661782
69.239426,3.611725,0.305251,2.278510,0.021978,-0.661782
69.253922,3.582420,0.290599,2.278510,0.007326,-0.656898
69.268799,3.626373,0.285715,2.278510,0.007326,-0.661782
69.282913,3.611725,0.290599,2.278510,0.007326,-0.661782
69.297028,3.582420,0.300367,2.278510,0.007326,-0.661782
69.311523,3.553116,0.305251,2.278510,-0.007328,-0.661782
69.325638,3.582420,0.319902,2.278510,0.021978,-0.666667
69.340134,3.553116,0.324787,2.278510,0.007326,-0.666667
69.353867,3.538464,0.319902,2.278510,0.007326,-0.661782
69.368362,3.538464,0.305251,2.278510,0.007326,-0.666667
69.382477,3.567768,0.315019,2.278510,0.007326,-0.666667
69.397354,3.553116,0.329671,2.278510,0.021978,-0.666667
69.411087,3.567768,0.334555,2.278510,0.007326,-0.666667
69.425583,3.567768,0.319902,2.278510,0.007326,-0.666667
69.440079,3.611725,0.305251,2.278510,0.007326,-0.666667
69.454575,3.626373,0.315019,2.278892,0.007326,-0.671551
69.469070,3.597073,0.329671,2.278510,-0.007328,-0.671551
69.483566,3.611725,0.319902,2.278510,0.021978,-0.671551
69.498444,3.684982,0.310135,2.278510,0.007326,-0.671551
69.513321,3.714287,0.329671,2.278510,0.007326,-0.676435
69.527817,3.655678,0.334555,2.278510,-0.021980,-0.676435
69.542313,3.641026,0.329671,2.278510,0.007326,-0.676435
69.557190,3.670330,0.329671,2.278510,0.021978,-0.676435
69.572067,3.670330,0.315019,2.278510,0.021978,-0.681318
69.586563,3.670330,0.315019,2.278510,0.021978,-0.676435
69.601440,3.655678,0.295483,2.278510,-0.007328,-0.676435
69.616318,3.684982,0.285715,2.278510,0.007326,-0.681318
69.631195,3.699635,0.285715,2.278510,-0.007328,-0.686203
69.645691,3.655678,0.280830,2.278510,0.021978,-0.686203
69.660187,3.641026,0.271063,2.278892,0.007326,-0.681318
69.674683,3.626373,0.261295,2.278892,0.007326,-0.681318
69.689178,3.611725,0.271063,2.278510,0.007326,-0.681318
69.703674,3.582420,0.271063,2.278510,0.007326,-0.681318
69.717789,3.567768,0.266179,2.278510,0.007326,-0.686203
69.731903,3.567768,0.256411,2.278510,0.007326,-0.686203
69.746017,3.538464,0.261295,2.278510,0.007326,-0.686203
69.760132,3.553116,0.275947,2.278510,0.007326,-0.686203
69.774246,3.509159,0.285715,2.278510,0.021978,-0.691087
69.788361,3.523811,0.280830,2.278510,0.007326,-0.691087
69.802475,3.538464,0.290599,2.278510,-0.007328,-0.691087
69.816589,3.523811,0.305251,2.278892,0.021978,-0.691087
69.830322,3.465202,0.319902,2.278510,0.007326,-0.691087
69.844437,3.479855,0.319902,2.278892,0.007326,-0.695971
69.858170,3.465202,0.324787,2.278510,0.007326,-0.695971
69.871902,3.450550,0.358974,2.278510,0.021978,-0.695971
69.886017,3.450550,0.354091,2.278892,0.007326,-0.695971
69.899750,3.479855,0.349207,2.278510,0.007326,-0.695971
69.913864,3.509159,0.363859,2.278510,-0.007328,-0.695971
69.927597,3.450550,0.388279,2.278510,0.007326,-0.700854
69.941330,3.465202,0.373627,2.278892,0.007326,-0.700854
69.955826,3.509159,0.358974,2.278510,0.007326,-0.700854
69.970322,3.523811,0.363859,2.278892,0.021978,-0.700854
69.984436,3.523811,0.393163,2.278892,0.007326,-0.700854
69.998550,3.509159,0.398046,2.278510,0.007326,-0.700854
70.012283,3.523811,0.368743,2.278892,-0.007328,-0.700854
70.026779,3.582420,0.354091,2.278892,0.007326,-0.705739
70.041275,3.553116,0.363859,2.278892,0.007326,-0.705739
70.055008,3.538464,0.373627,2.278510,0.007326,-0.705739
70.069504,3.582420,0.349207,2.278510,0.021978,-0.705739
70.084381,3.641026,0.339439,2.278892,0.021978,-0.710623
70.098877,3.626373,0.344323,2.278510,0.021978,-0.710623
70.112991,3.582420,0.324787,2.278510,0.007326,-0.710623
70.127869,3.641026,0.290599,2.278510,0.021978,-0.710623
70.142746,3.699635,0.285715,2.278892,0.021978,-0.705739
70.157623,3.699635,0.300367,2.278510,0.007326,-0.705739
70.171738,3.626373,0.305251,2.278510,0.007326,-0.710623
70.186615,3.641026,0.300367,2.278892,-0.007328,-0.710623
70.201492,3.684982,0.290599,2.278892,0.007326,-0.715507
70.215988,3.641026,0.310135,2.278892,0.021978,-0.715507
70.230484,3.597073,0.319902,2.278892,0.007326,-0.710623
70.244598,3.611725,0.300367,2.278510,-0.007328,-0.705739
70.259857,3.684982,0.295483,2.278892,0.007326,-0.710623
70.274734,3.699635,0.300367,2.278892,0.021978,-0.715507
70.289230,3.670330,0.295483,2.278892,0.007326,-0.710623
70.303726,3.655678,0.275947,2.278892,-0.007328,-0.715507
70.318222,3.641026,0.285715,2.278892,0.021978,-0.720390
70.332718,3.597073,0.285715,2.278892,0.007326,-0.720390
70.346832,3.567768,0.295483,2.278892,0.007326,-0.715507
70.361328,3.597073,0.285715,2.278892,0.021978,-0.720390
70.375824,3.597073,0.280830,2.278892,0.021978,-0.720390
70.389938,3.567768,0.280830,2.278892,0.007326,-0.715507
70.404053,3.553116,0.285715,2.278892,0.007326,-0.720390
70.418549,3.553116,0.280830,2.278892,0.007326,-0.720390
70.433044,3.597073,0.285715,2.278892,0.007326,-0.720390
70.447540,3.597073,0.300367,2.278892,0.007326,-0.720390
70.461655,3.582420,0.300367,2.278892,0.007326,-0.720390
70.476151,3.567768,0.290599,2.278892,0.007326,-0.725275
70.490646,3.582420,0.275947,2.278892,0.021978,-0.725275
70.505142,3.597073,0.290599,2.278892,0.007326,-0.725275
70.519257,3.582420,0.305251,2.278892,0.007326,-0.725275
70.533371,3.553116,0.305251,2.278892,-0.007328,-0.725275
70.548248,3.597073,0.300367,2.278892,0.021978,-0.725275
70.562363,3.582420,0.295483,2.278892,0.007326,-0.725275
70.576859,3.582420,0.290599,2.278892,0.007326,-0.725275
70.590973,3.597073,0.290599,2.278892,0.007326,-0.725275
70.605850,3.597073,0.300367,2.278892,0.007326,-0.725275
70.619965,3.567768,0.329671,2.278892,0.007326,-0.725275
70.634079,3.553116,0.339439,2.278892,0.007326,-0.725275
70.648575,3.567768,0.310135,2.278892,0.007326,-0.725275
70.663071,3.641026,0.300367,2.278892,0.007326,-0.730159
70.677567,3.611725,0.324787,2.278892,0.021978,-0.730159
70.691299,3.538464,0.339439,2.278892,0.007326,-0.730159
70.705795,3.567768,0.329671,2.278892,0.007326,-0.730159
70.720291,3.611725,0.319902,2.278892,0.007326,-0.730159
70.735168,3.626373,0.329671,2.278892,0.021978,-0.730159
70.749283,3.597073,0.319902,2.278892,-0.007328,-0.725275
70.763397,3.597073,0.305251,2.278892,0.007326,-0.725275
70.778275,3.611725,0.295483,2.278892,0.007326,-0.735043
70.792770,3.611725,0.310135,2.278892,0.007326,-0.735043
70.807266,3.597073,0.315019,2.278892,0.007326,-0.730159
70.821762,3.626373,0.310135,2.278892,0.007326,-0.735043
70.836639,3.670330,0.305251,2.278892,0.021978,-0.735043
70.851135,3.641026,0.329671,2.278892,-0.007328,-0.730159
70.865250,3.567768,0.334555,2.278892,0.007326,-0.730159
70.879745,3.582420,0.295483,2.278892,0.021978,-0.730159
70.894623,3.714287,0.280830,2.278892,0.007326,-0.730159
70.909500,3.714287,0.290599,2.278892,0.007326,-0.735043
70.923996,3.641026,0.315019,2.278892,0.021978,-0.735043
70.938492,3.611725,0.305251,2.278892,0.007326,-0.735043
70.952988,3.611725,0.305251,2.278892,0.021978,-0.735043
70.967484,3.641026,0.300367,2.278892,0.007326,-0.735043
70.981979,3.611725,0.300367,2.278892,-0.007328,-0.735043
70.996475,3.611725,0.290599,2.278892,-0.007328,-0.735043
71.010971,3.626373,0.271063,2.278892,0.021978,-0.735043
71.025467,3.611725,0.275947,2.278892,-0.007328,-0.735043
71.039963,3.611725,0.275947,2.278892,0.007326,-0.739926
71.054459,3.641026,0.280830,2.278892,0.021978,-0.735043
71.068954,3.641026,0.295483,2.278892,0.007326,-0.739926
71.083069,3.567768,0.324787,2.278892,0.021978,-0.739926
71.097183,3.523811,0.310135,2.278892,0.007326,-0.735043
71.110916,3.494507,0.295483,2.278892,0.007326,-0.735043
71.125412,3.567768,0.295483,2.278892,0.021978,-0.739926
71.139526,3.567768,0.305251,2.278892,0.021978,-0.744811
71.153641,3.553116,0.315019,2.278892,0.007326,-0.739926
71.167755,3.523811,0.300367,2.278892,0.007326,-0.739926
71.182251,3.538464,0.295483,2.278892,0.036631,-0.739926
71.196365,3.553116,0.310135,2.278892,0.007326,-0.735043
71.210480,3.538464,0.329671,2.278892,-0.007328,-0.735043
71.224594,3.494507,0.319902,2.278892,0.007326,-0.739926
71.238708,3.553116,0.305251,2.278892,0.007326,-0.739926
71.253204,3.567768,0.310135,2.278892,0.036631,-0.739926
71.266937,3.538464,0.339439,2.278892,0.021978,-0.739926
71.281433,3.523811,0.339439,2.278892,-0.007328,-0.735043
71.295547,3.567768,0.319902,2.278892,0.007326,-0.739926
71.310043,3.582420,0.329671,2.278892,0.007326,-0.744811
71.324158,3.538464,0.339439,2.278892,0.021978,-0.739926
71.338272,3.553116,0.339439,2.278892,-0.007328,-0.735043
71.352768,3.582420,0.339439,2.278892,0.007326,-0.739926
71.367264,3.597073,0.354091,2.278892,0.021978,-0.744811
71.381378,3.553116,0.354091,2.278892,0.021978,-0.744811
71.395874,3.523811,0.344323,2.278892,0.021978,-0.739926
71.409988,3.582420,0.315019,2.278892,0.021978,-0.735043
71.424484,3.611725,0.319902,2.278892,0.007326,-0.735043
71.438599,3.582420,0.339439,2.278892,0.007326,-0.739926
71.453094,3.567768,0.334555,2.278892,-0.007328,-0.739926
71.467590,3.611725,0.310135,2.278892,0.021978,-0.739926
71.482468,3.670330,0.295483,2.278892,0.007326,-0.739926
71.496964,3.641026,0.310135,2.278892,0.007326,-0.739926
71.511459,3.611725,0.310135,2.278892,0.007326,-0.739926
71.526337,3.670330,0.290599,2.278892,0.021978,-0.739926
71.541214,3.699635,0.295483,2.278892,0.007326,-0.739926
71.555328,3.611725,0.319902,2.278892,0.007326,-0.735043
71.569824,3.582420,0.324787,2.278892,-0.007328,-0.739926
71.583939,3.597073,0.305251,2.278892,0.021978,-0.739926
71.598816,3.626373,0.305251,2.278892,0.007326,-0.739926
71.612930,3.597073,0.295483,2.278892,0.007326,-0.735043
71.627426,3.582420,0.295483,2.278892,0.007326,-0.739926
71.641922,3.626373,0.275947,2.278892,0.007326,-0.735043
71.656799,3.641026,0.280830,2.278892,0.021978,-0.735043
71.670914,3.626373,0.300367,2.278892,-0.007328,-0.730159
71.685791,3.597073,0.305251,2.278892,0.021978,-0.739926
71.700287,3.641026,0.285715,2.278892,-0.007328,-0.735043
71.714783,3.626373,0.285715,2.278892,0.007326,-0.735043
71.728897,3.611725,0.295483,2.278892,0.007326,-0.739926
71.743011,3.523811,0.290599,2.278892,0.007326,-0.735043
71.757507,3.553116,0.300367,2.278892,0.021978,-0.735043
71.771622,3.567768,0.305251,2.278892,-0.007328,-0.730159
71.785736,3.538464,0.315019,2.278892,0.007326,-0.730159
71.799850,3.538464,0.310135,2.278892,0.021978,-0.730159
71.814346,3.553116,0.305251,2.278892,0.007326,-0.730159
71.828461,3.538464,0.310135,2.278892,0.021978,-0.730159
71.842575,3.523811,0.329671,2.278892,0.007326,-0.730159
71.856689,3.509159,0.319902,2.278892,-0.007328,-0.730159
71.870804,3.523811,0.305251,2.278892,0.021978,-0.730159
71.885300,3.553116,0.310135,2.278892,-0.007328,-0.725275
71.899414,3.538464,0.319902,2.278892,-0.007328,-0.725275
71.913528,3.538464,0.334555,2.278892,0.021978,-0.725275
71.928024,3.582420,0.324787,2.278892,-0.007328,-0.730159
71.942520,3.626373,0.319902,2.278892,0.007326,-0.725275
71.957397,3.611725,0.315019,2.278892,-0.007328,-0.725275
71.971512,3.611725,0.319902,2.278892,0.007326,-0.730159
71.986008,3.626373,0.310135,2.278892,0.007326,-0.730159
72.000885,3.670330,0.310135,2.278892,0.007326,-0.730159
72.015762,3.670330,0.324787,2.278892,0.007326,-0.730159
72.029877,3.611725,0.334555,2.278892,0.007326,-0.725275
72.044754,3.626373,0.329671,2.278892,0.007326,-0.715507
72.059250,3.655678,0.315019,2.278892,0.007326,-0.720390
72.074127,3.670330,0.315019,2.278892,0.007326,-0.715507
72.088623,3.670330,0.315019,2.278892,0.021978,-0.720390
72.103500,3.684982,0.300367,2.278892,-0.007328,-0.720390
72.118759,3.728939,0.295483,2.278892,0.007326,-0.720390
72.133255,3.699635,0.300367,2.278892,-0.007328,-0.720390
72.148514,3.714287,0.295483,2.278892,0.007326,-0.725275
72.163391,3.728939,0.266179,2.278892,-0.021980,-0.725275
72.178650,3.772896,0.256411,2.278892,0.021978,-0.725275
72.193527,3.743591,0.261295,2.278892,-0.007328,-0.725275
72.208405,3.714287,0.261295,2.278892,0.007326,-0.720390
72.223282,3.743591,0.236875,2.278892,-0.007328,-0.720390
72.238541,3.787548,0.231991,2.278892,-0.007328,-0.720390
72.254181,3.816853,0.251527,2.278892,0.007326,-0.720390
72.269058,3.787548,0.266179,2.278892,-0.007328,-0.720390
72.283936,3.743591,0.275947,2.278892,0.007326,-0.715507
72.298431,3.670330,0.275947,2.278892,0.007326,-0.720390
72.312927,3.641026,0.271063,2.278892,0.007326,-0.715507
72.327423,3.626373,0.251527,2.278892,0.007326,-0.715507
72.342300,3.641026,0.236875,2.278892,0.007326,-0.720390
72.356796,3.684982,0.236875,2.278892,0.007326,-0.715507
72.371674,3.714287,0.241758,2.278892,0.007326,-0.715507
72.386551,3.684982,0.251527,2.278892,0.021978,-0.715507
72.401428,3.684982,0.251527,2.278892,0.021978,-0.710623
72.415924,3.655678,0.261295,2.278892,0.007326,-0.710623
72.430420,3.641026,0.275947,2.278892,0.007326,-0.710623
72.444916,3.611725,0.280830,2.278892,0.007326,-0.710623
72.459412,3.611725,0.275947,2.278892,0.007326,-0.710623
72.473907,3.611725,0.271063,2.278892,0.007326,-0.710623
72.488403,3.626373,0.261295,2.278892,0.007326,-0.715507
72.502899,3.626373,0.256411,2.278892,0.007326,-0.715507
72.517776,3.641026,0.251527,2.278892,-0.007328,-0.710623
72.532654,3.684982,0.246643,2.278892,0.021978,-0.715507
72.547531,3.684982,0.256411,2.278892,0.021978,-0.710623
72.562027,3.684982,0.271063,2.278892,-0.007328,-0.705739
72.576523,3.655678,0.275947,2.278892,0.007326,-0.705739
72.591400,3.655678,0.285715,2.278892,0.007326,-0.710623
72.606277,3.670330,0.290599,2.278892,0.007326,-0.710623
72.620773,3.670330,0.290599,2.278892,-0.007328,-0.705739
72.635651,3.699635,0.290599,2.278892,0.007326,-0.705739
72.650528,3.699635,0.290599,2.278892,0.007326,-0.700854
72.665405,3.714287,0.285715,2.278892,-0.007328,-0.700854
72.680664,3.728939,0.275947,2.278892,0.007326,-0.700854
72.695923,3.772896,0.275947,2.278892,-0.007328,-0.705739
72.710800,3.758244,0.271063,2.278892,0.007326,-0.705739
72.725296,3.728939,0.280830,2.278892,0.007326,-0.705739
72.740173,3.699635,0.266179,2.278892,0.007326,-0.705739
72.755432,3.728939,0.256411,2.278892,0.021978,-0.705739
72.770691,3.772896,0.266179,2.278892,0.021978,-0.700854
72.785568,3.743591,0.275947,2.278892,0.007326,-0.700854
72.800827,3.758244,0.261295,2.278892,-0.007328,-0.700854
72.816086,3.772896,0.251527,2.278892,0.007326,-0.700854
72.831345,3.772896,0.256411,2.278892,-0.007328,-0.695971
72.845840,3.743591,0.246643,2.278892,0.021978,-0.695971
72.860718,3.728939,0.246643,2.278892,-0.007328,-0.695971
72.875977,3.743591,0.241758,2.278892,0.007326,-0.695971
72.890854,3.728939,0.236875,2.278892,0.021978,-0.695971
72.905731,3.714287,0.241758,2.278892,0.007326,-0.686203
72.920609,3.714287,0.231991,2.278892,0.007326,-0.686203
72.935867,3.743591,0.231991,2.278892,0.007326,-0.686203
72.950745,3.743591,0.231991,2.278892,0.021978,-0.691087
72.965622,3.758244,0.241758,2.278892,-0.007328,-0.691087
72.980881,3.772896,0.236875,2.278892,0.021978,-0.686203
72.995758,3.743591,0.246643,2.278892,-0.007328,-0.686203
73.010635,3.728939,0.266179,2.278892,0.021978,-0.686203
73.025131,3.670330,0.271063,2.278892,-0.007328,-0.686203
73.040009,3.670330,0.271063,2.278892,0.007326,-0.686203
73.054886,3.684982,0.271063,2.278892,0.007326,-0.686203
73.069382,3.699635,0.280830,2.278892,0.007326,-0.686203
73.084259,3.670330,0.280830,2.278892,0.021978,-0.686203
73.099136,3.699635,0.275947,2.278892,0.007326,-0.681318
73.113632,3.728939,0.266179,2.278892,0.021978,-0.681318
73.128891,3.714287,0.271063,2.278892,0.007326,-0.681318
73.143768,3.743591,0.271063,2.278892,0.007326,-0.676435
73.158646,3.714287,0.266179,2.278892,0.007326,-0.676435
73.173523,3.699635,0.275947,2.278892,0.007326,-0.676435
73.188019,3.670330,0.275947,2.278892,0.007326,-0.676435
73.202515,3.641026,0.266179,2.278892,0.007326,-0.676435
73.217392,3.670330,0.251527,2.278892,-0.007328,-0.671551
73.232269,3.684982,0.246643,2.278892,0.007326,-0.671551
73.247147,3.728939,0.246643,2.278892,0.007326,-0.666667
73.262405,3.714287,0.236875,2.278892,-0.007328,-0.666667
73.277283,3.743591,0.241758,2.278892,0.007326,-0.671551
73.292160,3.743591,0.231991,2.278892,0.007326,-0.676435
73.307037,3.728939,0.231991,2.278892,0.007326,-0.676435
73.322296,3.758244,0.227107,2.278892,0.007326,-0.671551
73.337555,3.772896,0.222223,2.278892,0.007326,-0.676435
73.352814,3.802200,0.231991,2.278892,0.007326,-0.676435
73.367691,3.743591,0.241758,2.278892,0.021978,-0.671551
73.382568,3.728939,0.241758,2.278892,0.007326,-0.666667
73.397827,3.772896,0.241758,2.278892,0.007326,-0.666667
73.413086,3.787548,0.251527,2.278892,-0.007328,-0.671551
73.427963,3.772896,0.251527,2.278892,0.021978,-0.671551
73.442841,3.743591,0.241758,2.278892,-0.007328,-0.671551
73.457718,3.743591,0.236875,2.278892,0.007326,-0.666667
73.472977,3.743591,0.231991,2.278892,0.021978,-0.671551
73.487854,3.714287,0.236875,2.278892,0.007326,-0.666667
73.502731,3.743591,0.231991,2.278892,0.007326,-0.666667
73.517609,3.743591,0.231991,2.278892,0.021978,-0.671551
73.532486,3.728939,0.236875,2.278892,0.021978,-0.671551
73.547363,3.670330,0.231991,2.278892,0.007326,-0.666667
73.562241,3.714287,0.217339,2.278892,0.021978,-0.666667
73.577118,3.728939,0.207571,2.278892,0.007326,-0.666667
73.592377,3.743591,0.222223,2.278892,0.007326,-0.666667
73.607254,3.772896,0.227107,2.278892,0.007326,-0.666667
73.622513,3.758244,0.236875,2.278510,-0.007328,-0.661782
73.637390,3.758244,0.256411,2.278892,0.007326,-0.661782
73.652267,3.728939,0.266179,2.278892,-0.007328,-0.661782
73.666763,3.655678,0.271063,2.278892,0.007326,-0.661782
73.681259,3.670330,0.256411,2.278510,0.007326,-0.661782
73.696518,3.684982,0.261295,2.278892,0.007326,-0.666667
73.711014,3.684982,0.266179,2.278892,0.021978,-0.666667
73.725891,3.684982,0.271063,2.278892,-0.007328,-0.661782
73.740768,3.699635,0.266179,2.278892,-0.007328,-0.661782
73.755646,3.714287,0.275947,2.278892,0.007326,-0.666667
73.770142,3.699635,0.290599,2.278892,0.007326,-0.666667
73.785019,3.670330,0.275947,2.278892,0.007326,-0.661782
73.799896,3.714287,0.275947,2.278892,-0.007328,-0.661782
73.814774,3.728939,0.275947,2.278892,0.007326,-0.666667
73.829651,3.699635,0.280830,2.278892,0.007326,-0.661782
73.844910,3.728939,0.275947,2.278510,-0.007328,-0.661782
73.859787,3.743591,0.266179,2.278892,0.021978,-0.661782
73.874664,3.758244,0.261295,2.278892,0.021978,-0.661782
73.889923,3.743591,0.266179,2.278510,-0.007328,-0.656898
73.904800,3.743591,0.266179,2.278510,0.007326,-0.661782
73.919296,3.684982,0.261295,2.278510,0.007326,-0.656898
73.934174,3.699635,0.261295,2.278892,0.007326,-0.661782
73.949051,3.699635,0.256411,2.278510,0.007326,-0.656898
73.963928,3.684982,0.246643,2.278892,0.007326,-0.661782
73.978806,3.714287,0.251527,2.278892,0.007326,-0.652015
73.993301,3.714287,0.246643,2.278892,0.007326,-0.652015
74.008942,3.714287,0.246643,2.278892,0.007326,-0.652015
74.023438,3.743591,0.246643,2.278892,0.007326,-0.656898
74.038696,3.772896,0.251527,2.278892,0.021978,-0.656898
74.053955,3.743591,0.256411,2.278892,-0.007328,-0.656898
74.068451,3.699635,0.266179,2.278510,0.007326,-0.652015
74.083328,3.684982,0.256411,2.278892,0.007326,-0.652015
74.097824,3.684982,0.251527,2.278892,0.007326,-0.647131
74.112701,3.699635,0.271063,2.278892,0.007326,-0.647131
74.127197,3.641026,0.271063,2.278510,0.007326,-0.647131
74.141693,3.641026,0.256411,2.278510,-0.007328,-0.652015
74.156570,3.684982,0.236875,2.278510,0.007326,-0.652015
74.171448,3.714287,0.241758,2.278510,0.007326,-0.656898
74.186325,3.684982,0.241758,2.278892,0.007326,-0.652015
74.201202,3.699635,0.231991,2.278510,-0.007328,-0.652015
74.216080,3.714287,0.241758,2.278510,0.007326,-0.647131
74.230576,3.655678,0.256411,2.278892,0.021978,-0.652015
74.245071,3.611725,0.261295,2.278510,0.021978,-0.647131
74.259567,3.641026,0.261295,2.278892,-0.007328,-0.642246
74.274063,3.626373,0.275947,2.278510,0.007326,-0.647131
74.288940,3.626373,0.285715,2.278510,0.007326,-0.647131
74.303055,3.611725,0.290599,2.278892,0.007326,-0.647131
74.317932,3.655678,0.275947,2.278510,0.007326,-0.642246
74.332809,3.684982,0.275947,2.278510,0.007326,-0.642246
74.347687,3.684982,0.290599,2.278510,0.007326,-0.642246
74.362183,3.626373,0.290599,2.278510,0.007326,-0.642246
74.376678,3.655678,0.275947,2.278510,0.007326,-0.642246
74.391556,3.684982,0.275947,2.278510,0.021978,-0.642246
74.406052,3.641026,0.295483,2.278510,0.007326,-0.637362
74.420547,3.626373,0.295483,2.278510,0.007326,-0.637362
74.435425,3.641026,0.295483,2.278510,0.021978,-0.637362
74.450302,3.684982,0.305251,2.278510,0.021978,-0.637362
74.464798,3.684982,0.300367,2.278510,-0.007328,-0.637362
74.479675,3.714287,0.305251,2.278510,-0.007328,-0.642246
74.494934,3.714287,0.300367,2.278510,0.021978,-0.637362
74.509811,3.714287,0.300367,2.278510,0.007326,-0.632479
74.524689,3.714287,0.305251,2.278510,0.007326,-0.632479
74.539185,3.670330,0.310135,2.278510,-0.007328,-0.637362
74.553680,3.670330,0.295483,2.278510,-0.007328,-0.637362
74.568176,3.641026,0.290599,2.278510,0.007326,-0.642246
74.583054,3.641026,0.285715,2.278510,0.007326,-0.642246
74.597549,3.641026,0.261295,2.278510,0.007326,-0.637362
74.612427,3.655678,0.251527,2.278510,0.007326,-0.637362
74.627304,3.699635,0.241758,2.278510,0.007326,-0.632479
74.641800,3.699635,0.246643,2.278510,0.021978,-0.632479
74.656677,3.699635,0.246643,2.278510,0.007326,-0.632479
74.671555,3.684982,0.251527,2.278510,-0.007328,-0.627595
74.686432,3.699635,0.256411,2.278892,0.007326,-0.632479
74.700928,3.641026,0.261295,2.278510,-0.007328,-0.632479
74.715424,3.626373,0.271063,2.278510,0.007326,-0.637362
74.729919,3.626373,0.256411,2.278510,0.007326,-0.637362
74.744797,3.670330,0.261295,2.278510,0.007326,-0.637362
74.759293,3.670330,0.261295,2.278510,0.007326,-0.632479
74.774170,3.655678,0.256411,2.278510,0.007326,-0.637362
74.788666,3.684982,0.246643,2.278510,0.007326,-0.632479
74.803543,3.684982,0.256411,2.278510,0.007326,-0.632479
74.818039,3.655678,0.256411,2.278510,0.007326,-0.632479
74.832916,3.641026,0.251527,2.278510,-0.007328,-0.637362
74.847412,3.655678,0.251527,2.278510,0.021978,-0.632479
74.862289,3.670330,0.266179,2.278510,0.007326,-0.627595
74.876404,3.611725,0.295483,2.278510,0.007326,-0.627595
74.890900,3.567768,0.300367,2.278510,-0.007328,-0.627595
74.905014,3.567768,0.290599,2.278510,0.007326,-0.627595
74.919891,3.626373,0.285715,2.278510,0.007326,-0.632479
74.934006,3.597073,0.285715,2.278510,0.021978,-0.632479
74.948502,3.611725,0.285715,2.278510,0.021978,-0.632479
74.963379,3.641026,0.280830,2.278510,0.007326,-0.632479
74.977875,3.611725,0.310135,2.278510,0.007326,-0.637362
74.991989,3.567768,0.324787,2.278510,0.007326,-0.637362
75.005722,3.538464,0.319902,2.278510,-0.007328,-0.637362
75.020599,3.597073,0.290599,2.278510,0.021978,-0.637362
75.035095,3.611725,0.290599,2.278510,0.007326,-0.632479
75.049591,3.641026,0.295483,2.278510,0.007326,-0.637362
75.064468,3.626373,0.300367,2.278510,-0.007328,-0.637362
75.078964,3.670330,0.295483,2.278892,0.007326,-0.632479
75.094223,3.684982,0.295483,2.278510,0.007326,-0.637362
75.108719,3.699635,0.305251,2.278510,-0.007328,-0.637362
75.123596,3.670330,0.305251,2.278510,0.007326,-0.637362
75.138474,3.699635,0.305251,2.278510,0.007326,-0.642246
75.153351,3.684982,0.315019,2.278510,0.007326,-0.642246
75.167847,3.641026,0.324787,2.278510,0.007326,-0.642246
75.182343,3.641026,0.310135,2.278510,0.007326,-0.642246
75.197220,3.670330,0.295483,2.278510,0.007326,-0.642246
75.211716,3.684982,0.295483,2.278510,-0.007328,-0.637362
75.226593,3.684982,0.285715,2.278510,0.007326,-0.637362
75.241470,3.684982,0.280830,2.278510,-0.007328,-0.642246
75.255966,3.670330,0.271063,2.278510,0.021978,-0.647131
75.270844,3.670330,0.261295,2.278510,0.007326,-0.647131
75.285721,3.684982,0.256411,2.278510,0.007326,-0.642246
75.300217,3.670330,0.246643,2.278510,0.007326,-0.642246
75.315475,3.714287,0.236875,2.278510,0.021978,-0.647131
75.329971,3.699635,0.236875,2.278510,0.007326,-0.647131
75.344849,3.684982,0.246643,2.278510,0.007326,-0.647131
75.359344,3.670330,0.241758,2.278510,0.007326,-0.652015
75.374222,3.670330,0.251527,2.278510,-0.007328,-0.652015
75.388718,3.670330,0.266179,2.278510,0.007326,-0.652015
75.403214,3.626373,0.271063,2.278510,0.021978,-0.656898
75.418091,3.670330,0.271063,2.278510,0.007326,-0.652015
75.432587,3.670330,0.271063,2.278510,0.021978,-0.652015
75.447464,3.655678,0.275947,2.278510,0.021978,-0.647131
75.461960,3.641026,0.280830,2.278510,0.007326,-0.647131
75.476456,3.611725,0.280830,2.278510,-0.007328,-0.652015
75.490952,3.611725,0.266179,2.278510,0.007326,-0.656898
75.505447,3.597073,0.280830,2.278510,0.007326,-0.661782
75.519562,3.597073,0.295483,2.278510,-0.007328,-0.656898
75.534058,3.567768,0.305251,2.278510,0.007326,-0.656898
75.548553,3.611725,0.300367,2.278510,0.007326,-0.661782
75.563049,3.582420,0.310135,2.278510,0.021978,-0.661782
75.577164,3.553116,0.310135,2.278510,0.007326,-0.661782
75.591278,3.553116,0.300367,2.278510,0.021978,-0.661782
75.605774,3.567768,0.315019,2.278510,0.007326,-0.661782
75.619888,3.538464,0.329671,2.278510,0.007326,-0.661782
75.633621,3.509159,0.329671,2.278510,0.007326,-0.661782
75.647736,3.494507,0.315019,2.278510,0.021978,-0.661782
75.662231,3.553116,0.319902,2.278510,0.021978,-0.666667
75.676346,3.582420,0.329671,2.278510,-0.007328,-0.666667
75.690460,3.538464,0.349207,2.278510,0.007326,-0.666667
75.704956,3.582420,0.344323,2.278510,0.007326,-0.666667
75.719833,3.611725,0.324787,2.278510,0.007326,-0.671551
75.734329,3.641026,0.329671,2.278510,-0.007328,-0.671551
75.748444,3.597073,0.334555,2.278510,0.021978,-0.671551
75.763321,3.641026,0.324787,2.278510,0.007326,-0.671551
75.778198,3.714287,0.310135,2.278510,0.007326,-0.671551
75.793076,3.728939,0.324787,2.278510,0.021978,-0.671551
75.807953,3.699635,0.329671,2.278510,0.007326,-0.671551
75.822449,3.655678,0.329671,2.278510,0.007326,-0.676435
75.837326,3.699635,0.319902,2.278510,0.021978,-0.676435
75.851822,3.670330,0.315019,2.278510,0.007326,-0.676435
75.866699,3.670330,0.315019,2.278510,0.007326,-0.676435
75.881577,3.670330,0.305251,2.278510,0.007326,-0.681318
75.896454,3.743591,0.290599,2.278510,0.021978,-0.676435
75.911331,3.728939,0.295483,2.278510,0.021978,-0.681318
75.926208,3.699635,0.300367,2.278510,0.007326,-0.681318
75.940704,3.670330,0.280830,2.278510,-0.007328,-0.681318
75.955200,3.641026,0.261295,2.278510,0.007326,-0.686203
75.969696,3.626373,0.251527,2.278510,0.007326,-0.681318
75.984192,3.582420,0.246643,2.278510,0.007326,-0.686203
75.998306,3.567768,0.261295,2.278510,0.007326,-0.681318
76.012802,3.567768,0.271063,2.278510,0.007326,-0.686203
76.026535,3.523811,0.280830,2.278510,0.007326,-0.686203
76.040649,3.523811,0.271063,2.278510,0.007326,-0.691087
76.054764,3.523811,0.271063,2.278510,0.007326,-0.695971
76.069260,3.538464,0.280830,2.278510,0.021978,-0.695971
76.082993,3.553116,0.295483,2.278510,0.021978,-0.695971
76.097107,3.523811,0.300367,2.278510,0.007326,-0.691087
76.111221,3.479855,0.315019,2.278892,0.007326,-0.691087
76.124954,3.479855,0.324787,2.278510,0.007326,-0.691087
76.138687,3.479855,0.339439,2.278510,0.007326,-0.695971
76.152802,3.450550,0.349207,2.278510,-0.007328,-0.695971
76.166534,3.435898,0.349207,2.278510,0.007326,-0.700854
76.180649,3.494507,0.354091,2.278510,-0.007328,-0.700854
76.194763,3.509159,0.349207,2.278510,0.007326,-0.700854
76.208878,3.509159,0.363859,2.278510,-0.007328,-0.700854
76.222610,3.479855,0.373627,2.278510,0.036631,-0.705739
76.236725,3.523811,0.373627,2.278510,0.007326,-0.705739
76.251221,3.538464,0.368743,2.278510,0.007326,-0.705739
76.265335,3.538464,0.373627,2.278892,0.007326,-0.700854
76.279449,3.538464,0.368743,2.278510,0.007326,-0.700854
76.293945,3.553116,0.358974,2.278510,0.007326,-0.705739
76.308441,3.611725,0.349207,2.278892,0.007326,-0.705739
76.322937,3.582420,0.368743,2.278892,0.007326,-0.705739
76.337051,3.553116,0.363859,2.278510,0.007326,-0.710623
76.351547,3.597073,0.319902,2.278892,0.021978,-0.705739
76.366043,3.655678,0.300367,2.278510,0.007326,-0.710623
76.380539,3.626373,0.310135,2.278892,0.007326,-0.710623
76.395035,3.582420,0.315019,2.278510,0.007326,-0.710623
76.409531,3.641026,0.285715,2.278892,0.021978,-0.715507
76.424789,3.699635,0.285715,2.278510,0.007326,-0.710623
76.439285,3.699635,0.305251,2.278892,0.007326,-0.710623
76.453400,3.611725,0.319902,2.278892,0.007326,-0.710623
76.467896,3.611725,0.305251,2.278510,0.007326,-0.710623
76.482773,3.655678,0.285715,2.278892,0.021978,-0.710623
76.497269,3.626373,0.290599,2.278892,0.007326,-0.710623
76.511765,3.611725,0.295483,2.278510,0.007326,-0.710623
76.526260,3.611725,0.280830,2.278510,0.007326,-0.715507
76.541138,3.670330,0.280830,2.278892,0.007326,-0.715507
76.555634,3.670330,0.300367,2.278892,0.007326,-0.715507
76.570511,3.670330,0.310135,2.278892,0.007326,-0.710623
76.585007,3.626373,0.305251,2.278892,0.007326,-0.710623
76.599503,3.655678,0.310135,2.278892,0.021978,-0.715507
76.613617,3.597073,0.300367,2.278892,0.007326,-0.715507
76.628113,3.582420,0.290599,2.278892,-0.007328,-0.720390
76.642609,3.626373,0.271063,2.278892,-0.007328,-0.720390
76.657486,3.626373,0.275947,2.278892,0.007326,-0.720390
76.671982,3.611725,0.295483,2.278510,0.007326,-0.720390
76.685715,3.567768,0.315019,2.278892,0.007326,-0.720390
76.700211,3.553116,0.300367,2.278510,-0.007328,-0.720390
76.714706,3.597073,0.280830,2.278892,0.007326,-0.725275
76.729202,3.626373,0.280830,2.278892,0.021978,-0.725275
76.743317,3.582420,0.280830,2.278892,0.007326,-0.725275
76.757813,3.582420,0.285715,2.278892,0.021978,-0.725275
76.772308,3.626373,0.285715,2.278510,0.021978,-0.725275
76.786804,3.597073,0.305251,2.278892,0.021978,-0.725275
76.801300,3.582420,0.300367,2.278892,0.007326,-0.725275
76.815414,3.582420,0.285715,2.278892,0.007326,-0.720390
76.830292,3.611725,0.275947,2.278892,-0.007328,-0.725275
76.842499,3.611725,0.285715,2.278892,-0.007328,-0.725275
76.858902,3.582420,0.290599,2.278892,0.007326,-0.730159
76.873398,3.597073,0.300367,2.278892,0.007326,-0.730159
76.887894,3.626373,0.315019,2.278892,0.007326,-0.730159
76.902008,3.582420,0.324787,2.278892,0.007326,-0.735043
76.916122,3.553116,0.324787,2.278892,0.007326,-0.730159
76.930237,3.582420,0.300367,2.278892,0.021978,-0.725275
76.945114,3.641026,0.295483,2.278892,0.007326,-0.725275
76.959610,3.626373,0.324787,2.278892,0.036631,-0.725275
76.973343,3.538464,0.344323,2.278892,0.021978,-0.725275
76.987839,3.538464,0.319902,2.278892,0.007326,-0.725275
77.002335,3.626373,0.295483,2.278892,0.007326,-0.730159
77.017212,3.655678,0.305251,2.278892,0.021978,-0.730159
77.031708,3.626373,0.310135,2.278892,-0.007328,-0.735043
77.045822,3.611725,0.305251,2.278892,0.007326,-0.730159
77.060699,3.626373,0.290599,2.278892,0.007326,-0.730159
77.075577,3.655678,0.310135,2.278892,0.007326,-0.735043
77.089691,3.611725,0.315019,2.278892,-0.007328,-0.730159
77.104568,3.626373,0.310135,2.278892,-0.007328,-0.735043
77.119446,3.684982,0.305251,2.278892,0.021978,-0.735043
77.134323,3.641026,0.319902,2.278892,0.007326,-0.730159
77.148438,3.597073,0.319902,2.278892,0.007326,-0.730159
77.162933,3.626373,0.285715,2.278892,-0.007328,-0.730159
77.177811,3.728939,0.271063,2.278892,0.007326,-0.735043
77.192688,3.714287,0.285715,2.278892,0.021978,-0.735043
77.207184,3.641026,0.300367,2.278892,0.007326,-0.735043
77.221680,3.641026,0.290599,2.278892,-0.007328,-0.735043
77.236176,3.655678,0.285715,2.278892,0.021978,-0.739926
77.251053,3.655678,0.290599,2.278892,-0.007328,-0.735043
77.265167,3.641026,0.300367,2.278892,0.007326,-0.739926
77.279663,3.611725,0.295483,2.278892,0.007326,-0.739926
77.294540,3.626373,0.280830,2.278892,-0.007328,-0.735043
77.309036,3.626373,0.271063,2.278892,0.021978,-0.739926
77.323532,3.626373,0.266179,2.278892,0.007326,-0.735043
77.338028,3.611725,0.266179,2.278892,-0.007328,-0.735043
77.352524,3.597073,0.275947,2.278892,-0.007328,-0.735043
77.366638,3.567768,0.305251,2.278892,0.007326,-0.735043
77.380753,3.553116,0.305251,2.278892,0.007326,-0.739926
77.394867,3.553116,0.280830,2.278892,-0.007328,-0.739926
77.409363,3.597073,0.275947,2.278892,0.007326,-0.735043
77.423859,3.582420,0.275947,2.278892,0.021978,-0.735043
77.438354,3.567768,0.300367,2.278892,0.007326,-0.730159
77.452469,3.553116,0.300367,2.278892,0.021978,-0.730159
77.466583,3.582420,0.290599,2.278892,0.021978,-0.735043
77.480698,3.567768,0.285715,2.278892,0.007326,-0.735043
77.494812,3.538464,0.300367,2.278892,0.007326,-0.735043
77.508926,3.538464,0.305251,2.278892,0.007326,-0.735043
77.523422,3.553116,0.319902,2.278892,0.021978,-0.735043
77.537918,3.582420,0.324787,2.278892,-0.007328,-0.735043
77.552032,3.538464,0.319902,2.278892,0.007326,-0.735043
77.566528,3.567768,0.315019,2.278892,0.007326,-0.735043
77.581024,3.597073,0.305251,2.278892,0.007326,-0.739926
77.595520,3.611725,0.324787,2.278892,0.021978,-0.739926
77.609634,3.582420,0.339439,2.278892,-0.007328,-0.739926
77.624512,3.626373,0.334555,2.278892,0.007326,-0.739926
77.639008,3.641026,0.329671,2.278892,-0.007328,-0.744811
77.653885,3.670330,0.334555,2.278892,0.021978,-0.739926
77.668381,3.626373,0.329671,2.278892,-0.007328,-0.735043
77.682877,3.626373,0.310135,2.278892,0.007326,-0.735043
77.693939,3.699635,0.300367,2.278892,-0.007328,-0.735043
77.713013,3.670330,0.295483,2.278892,0.007326,-0.739926
77.727127,3.626373,0.300367,2.278892,0.007326,-0.739926
77.741623,3.641026,0.280830,2.278892,0.021978,-0.735043
77.756500,3.699635,0.261295,2.278892,0.007326,-0.735043
77.771759,3.743591,0.266179,2.278892,0.007326,-0.739926
77.786255,3.699635,0.275947,2.278892,-0.007328,-0.739926
77.801514,3.714287,0.266179,2.278892,0.007326,-0.739926
77.816772,3.758244,0.251527,2.278892,0.007326,-0.735043
77.831650,3.772896,0.261295,2.278892,0.021978,-0.735043
77.846146,3.684982,0.266179,2.278892,0.007326,-0.735043
77.861023,3.670330,0.266179,2.278892,0.021978,-0.735043
77.875900,3.699635,0.261295,2.278892,-0.007328,-0.730159
77.890396,3.670330,0.275947,2.278892,0.021978,-0.735043
77.904892,3.641026,0.285715,2.278892,0.007326,-0.735043
77.919769,3.655678,0.266179,2.278892,-0.007328,-0.730159
77.934265,3.684982,0.266179,2.278892,0.007326,-0.735043
77.949142,3.655678,0.271063,2.278892,0.007326,-0.739926
77.963638,3.641026,0.271063,2.278892,0.007326,-0.735043
77.978134,3.641026,0.256411,2.278892,-0.007328,-0.730159
77.993011,3.670330,0.261295,2.278892,0.007326,-0.735043
78.007507,3.626373,0.271063,2.278892,0.007326,-0.735043
78.021240,3.567768,0.290599,2.278892,0.007326,-0.730159
78.035355,3.553116,0.290599,2.278892,0.007326,-0.730159
78.049850,3.567768,0.266179,2.278892,0.007326,-0.725275
78.064346,3.597073,0.261295,2.278892,0.021978,-0.725275
78.078842,3.597073,0.266179,2.278892,0.007326,-0.725275
78.093338,3.611725,0.280830,2.278892,-0.007328,-0.725275
78.107452,3.582420,0.290599,2.278892,-0.007328,-0.720390
78.121948,3.567768,0.310135,2.278892,0.021978,-0.725275
78.136063,3.553116,0.305251,2.278892,0.007326,-0.725275
78.150177,3.553116,0.300367,2.278892,-0.007328,-0.720390
78.164673,3.597073,0.295483,2.278892,-0.007328,-0.720390
78.179169,3.582420,0.305251,2.278892,0.007326,-0.725275
78.193665,3.611725,0.315019,2.278892,0.007326,-0.725275
78.208160,3.597073,0.319902,2.278892,0.021978,-0.725275
78.222656,3.641026,0.324787,2.278892,0.007326,-0.720390
78.237534,3.655678,0.319902,2.278892,0.007326,-0.720390
78.252029,3.626373,0.319902,2.278892,0.021978,-0.720390
78.266525,3.655678,0.300367,2.278892,-0.007328,-0.715507
78.281784,3.699635,0.285715,2.278892,0.007326,-0.720390
78.296280,3.684982,0.290599,2.278892,0.007326,-0.725275
78.310776,3.655678,0.300367,2.278892,0.007326,-0.725275
78.325272,3.641026,0.290599,2.278892,-0.007328,-0.725275
78.340149,3.655678,0.275947,2.278892,0.007326,-0.720390
78.355026,3.684982,0.280830,2.278892,0.007326,-0.720390
78.369522,3.684982,0.280830,2.278892,0.007326,-0.720390
78.384399,3.684982,0.275947,2.278892,0.021978,-0.720390
78.399658,3.699635,0.275947,2.278892,0.007326,-0.715507
78.414154,3.684982,0.280830,2.278892,0.007326,-0.720390
78.429031,3.699635,0.285715,2.278892,0.007326,-0.720390
78.444290,3.728939,0.271063,2.278892,0.007326,-0.715507
78.459549,3.802200,0.261295,2.278892,0.007326,-0.720390
78.474426,3.772896,0.266179,2.278892,0.021978,-0.720390
78.489304,3.728939,0.275947,2.278892,-0.007328,-0.715507
78.504181,3.743591,0.251527,2.278892,0.007326,-0.710623
78.519821,3.802200,0.231991,2.278892,0.007326,-0.710623
78.535080,3.831505,0.236875,2.278892,0.007326,-0.715507
78.550339,3.787548,0.241758,2.278892,0.007326,-0.715507
78.565216,3.758244,0.246643,2.278892,-0.007328,-0.715507
78.579712,3.714287,0.246643,2.278892,0.007326,-0.715507
78.594589,3.655678,0.261295,2.278892,0.007326,-0.715507
78.609085,3.611725,0.261295,2.278892,0.021978,-0.710623
78.623581,3.641026,0.261295,2.278892,0.007326,-0.705739
78.638458,3.699635,0.256411,2.278892,0.007326,-0.705739
78.653336,3.699635,0.261295,2.278892,0.007326,-0.705739
78.668213,3.699635,0.275947,2.278892,0.007326,-0.710623
78.683090,3.714287,0.266179,2.278892,0.007326,-0.715507
78.697968,3.699635,0.275947,2.278892,0.007326,-0.715507
78.712463,3.670330,0.275947,2.278892,0.007326,-0.715507
78.726959,3.655678,0.266179,2.278892,-0.007328,-0.710623
78.741837,3.641026,0.251527,2.278892,0.007326,-0.710623
78.755951,3.626373,0.251527,2.278892,0.007326,-0.705739
78.770828,3.626373,0.256411,2.278892,-0.007328,-0.710623
78.784943,3.597073,0.261295,2.278892,0.007326,-0.715507
78.799438,3.611725,0.261295,2.278892,0.007326,-0.715507
78.814316,3.655678,0.256411,2.278892,0.007326,-0.710623
78.829193,3.684982,0.275947,2.278892,0.007326,-0.710623
78.844070,3.670330,0.285715,2.278892,-0.021980,-0.705739
78.858185,3.641026,0.290599,2.278892,0.007326,-0.710623
78.873062,3.655678,0.285715,2.278892,0.007326,-0.705739
78.887939,3.641026,0.280830,2.278892,0.007326,-0.705739
78.902435,3.655678,0.275947,2.278892,0.007326,-0.705739
78.917313,3.670330,0.266179,2.278892,0.007326,-0.705739
78.932190,3.699635,0.266179,2.278892,0.007326,-0.705739
78.947067,3.714287,0.261295,2.278892,0.007326,-0.700854
78.961945,3.714287,0.261295,2.278892,0.007326,-0.700854
78.977203,3.728939,0.256411,2.278892,0.007326,-0.705739
78.992081,3.728939,0.261295,2.278892,0.007326,-0.700854
79.006577,3.670330,0.271063,2.278892,0.007326,-0.705739
79.021072,3.655678,0.251527,2.278892,0.007326,-0.700854
79.036331,3.714287,0.236875,2.278892,0.007326,-0.695971
79.051208,3.758244,0.236875,2.278892,0.021978,-0.700854
79.066467,3.728939,0.251527,2.278892,0.021978,-0.700854
79.081345,3.728939,0.241758,2.278892,-0.007328,-0.695971
79.096222,3.758244,0.222223,2.278892,0.021978,-0.700854
79.111481,3.758244,0.227107,2.278892,0.021978,-0.700854
79.126358,3.743591,0.222223,2.278892,0.007326,-0.695971
79.141235,3.743591,0.217339,2.278892,0.007326,-0.691087
79.156876,3.758244,0.207571,2.278892,0.007326,-0.695971
79.171753,3.772896,0.212455,2.278892,0.021978,-0.691087
79.186249,3.743591,0.217339,2.278892,0.007326,-0.691087
79.201126,3.728939,0.212455,2.278892,0.007326,-0.691087
79.216385,3.743591,0.207571,2.278892,0.007326,-0.691087
79.231262,3.743591,0.222223,2.278892,-0.007328,-0.691087
79.246140,3.714287,0.231991,2.278892,0.007326,-0.691087
79.260635,3.699635,0.227107,2.278892,0.021978,-0.686203
79.275513,3.684982,0.236875,2.278892,0.021978,-0.691087
79.290390,3.670330,0.246643,2.278892,-0.007328,-0.691087
79.304504,3.626373,0.261295,2.278892,0.021978,-0.691087
79.319382,3.670330,0.266179,2.278892,0.007326,-0.691087
79.334259,3.670330,0.266179,2.278892,0.021978,-0.686203
79.348755,3.655678,0.285715,2.278892,0.007326,-0.686203
79.363251,3.641026,0.290599,2.278892,0.007326,-0.686203
79.378128,3.655678,0.285715,2.278892,0.007326,-0.686203
79.393005,3.655678,0.271063,2.278892,0.007326,-0.681318
79.407501,3.684982,0.275947,2.278892,-0.007328,-0.681318
79.422379,3.699635,0.275947,2.278892,0.007326,-0.681318
79.437256,3.699635,0.266179,2.278892,0.007326,-0.681318
79.452515,3.699635,0.280830,2.278892,0.007326,-0.681318
79.467010,3.699635,0.280830,2.278892,0.007326,-0.681318
79.481506,3.684982,0.285715,2.278892,0.007326,-0.676435
79.496384,3.670330,0.271063,2.278892,0.007326,-0.676435
79.511261,3.714287,0.271063,2.278892,0.021978,-0.676435
79.526138,3.684982,0.271063,2.278892,-0.007328,-0.676435
79.541016,3.699635,0.266179,2.278892,0.021978,-0.676435
79.555893,3.714287,0.261295,2.278892,0.007326,-0.676435
79.570770,3.728939,0.251527,2.278892,0.007326,-0.676435
79.585648,3.743591,0.251527,2.278510,-0.007328,-0.671551
79.600906,3.743591,0.241758,2.278892,0.007326,-0.676435
79.615784,3.758244,0.236875,2.278892,0.007326,-0.671551
79.631042,3.758244,0.231991,2.278892,0.007326,-0.671551
79.645920,3.743591,0.236875,2.278892,0.007326,-0.671551
79.660797,3.728939,0.236875,2.278892,-0.007328,-0.671551
79.675674,3.728939,0.227107,2.278892,0.007326,-0.676435
79.690933,3.772896,0.227107,2.278892,0.007326,-0.671551
79.706192,3.743591,0.236875,2.278892,0.021978,-0.671551
79.720688,3.714287,0.236875,2.278892,0.007326,-0.666667
79.735947,3.728939,0.227107,2.278892,0.007326,-0.666667
79.750824,3.699635,0.227107,2.278892,0.021978,-0.666667
79.765320,3.699635,0.231991,2.278892,0.007326,-0.666667
79.780197,3.684982,0.222223,2.278892,0.007326,-0.671551
79.795074,3.714287,0.222223,2.278892,0.007326,-0.671551
79.809952,3.714287,0.227107,2.278892,0.007326,-0.661782
79.824829,3.684982,0.241758,2.278892,0.007326,-0.661782
79.839325,3.670330,0.241758,2.278892,0.007326,-0.666667
79.854202,3.714287,0.236875,2.278892,0.007326,-0.666667
79.869461,3.743591,0.241758,2.278892,0.007326,-0.666667
79.884338,3.728939,0.251527,2.278892,0.007326,-0.666667
79.899216,3.728939,0.256411,2.278892,-0.007328,-0.666667
79.914474,3.758244,0.261295,2.278892,0.007326,-0.666667
79.928970,3.714287,0.285715,2.278892,0.021978,-0.671551
79.943848,3.684982,0.290599,2.278892,0.007326,-0.666667
79.958344,3.655678,0.290599,2.278892,0.007326,-0.666667
79.973221,3.670330,0.290599,2.278892,0.007326,-0.666667
79.987717,3.641026,0.295483,2.278892,0.007326,-0.661782
80.002213,3.684982,0.295483,2.278892,0.007326,-0.666667
80.017090,3.684982,0.280830,2.278892,0.007326,-0.666667
80.032730,3.728939,0.280830,2.278892,0.007326,-0.666667
80.047226,3.714287,0.285715,2.278892,0.021978,-0.661782
80.061722,3.684982,0.290599,2.278892,-0.007328,-0.656898
80.076599,3.699635,0.271063,2.278510,-0.007328,-0.656898
80.091858,3.743591,0.266179,2.278892,-0.007328,-0.661782
80.106735,3.714287,0.275947,2.278892,0.007326,-0.666667
80.121231,3.699635,0.266179,2.278892,-0.007328,-0.666667
80.136490,3.743591,0.261295,2.278510,0.007326,-0.661782
80.151367,3.743591,0.256411,2.278892,0.007326,-0.661782
80.166245,3.714287,0.256411,2.278892,0.007326,-0.661782
80.181122,3.699635,0.261295,2.278892,-0.007328,-0.661782
80.195999,3.670330,0.251527,2.278510,0.007326,-0.661782
80.210495,3.684982,0.241758,2.278892,0.007326,-0.661782
80.225372,3.714287,0.231991,2.278892,0.007326,-0.661782
80.240250,3.699635,0.236875,2.278510,0.021978,-0.656898
80.255127,3.714287,0.222223,2.278510,-0.007328,-0.652015
80.270004,3.714287,0.222223,2.278892,0.007326,-0.652015
80.284882,3.699635,0.222223,2.278892,0.007326,-0.652015
80.299759,3.714287,0.217339,2.278892,-0.007328,-0.652015
80.315018,3.758244,0.217339,2.278892,0.007326,-0.656898
80.330276,3.758244,0.222223,2.278892,0.007326,-0.656898
80.345154,3.728939,0.231991,2.278892,-0.007328,-0.656898
80.359650,3.699635,0.231991,2.278510,0.007326,-0.661782
80.374527,3.699635,0.231991,2.278892,0.007326,-0.656898
80.389404,3.714287,0.236875,2.278892,0.007326,-0.656898
80.404282,3.684982,0.246643,2.278892,0.007326,-0.652015
80.419159,3.699635,0.256411,2.278510,-0.007328,-0.652015
80.434036,3.714287,0.246643,2.278510,-0.007328,-0.652015
80.448914,3.728939,0.261295,2.278892,0.021978,-0.656898
80.463791,3.699635,0.266179,2.278892,0.021978,-0.656898
80.478668,3.728939,0.266179,2.278510,0.007326,-0.647131
80.493546,3.714287,0.266179,2.278892,0.007326,-0.647131
80.508041,3.684982,0.285715,2.278892,-0.007328,-0.647131
80.522537,3.655678,0.285715,2.278510,-0.007328,-0.652015
80.537033,3.626373,0.275947,2.278892,0.007326,-0.652015
80.551910,3.670330,0.271063,2.278510,0.007326,-0.647131
80.566406,3.641026,0.261295,2.278892,0.007326,-0.647131
80.580902,3.626373,0.271063,2.278510,0.007326,-0.647131
80.595779,3.655678,0.261295,2.278510,0.007326,-0.652015
80.610657,3.670330,0.266179,2.278510,0.021978,-0.652015
80.625153,3.670330,0.275947,2.278892,0.036631,-0.652015
80.639648,3.655678,0.285715,2.278510,-0.007328,-0.647131
80.654526,3.670330,0.285715,2.278892,-0.007328,-0.647131
80.669403,3.714287,0.285715,2.278510,0.007326,-0.642246
80.684280,3.684982,0.305251,2.278510,0.007326,-0.637362
80.699158,3.684982,0.305251,2.278510,-0.007328,-0.637362
80.713654,3.655678,0.305251,2.278510,0.007326,-0.642246
80.728912,3.714287,0.300367,2.278892,0.007326,-0.647131
80.743790,3.714287,0.295483,2.278510,0.007326,-0.642246
80.758667,3.728939,0.300367,2.278510,0.007326,-0.637362
80.773926,3.743591,0.295483,2.278510,-0.007328,-0.637362
80.788803,3.743591,0.295483,2.278892,0.007326,-0.637362
80.803680,3.699635,0.300367,2.278510,0.007326,-0.637362
80.818176,3.670330,0.300367,2.278510,0.007326,-0.637362
80.833054,3.655678,0.280830,2.278510,0.021978,-0.637362
80.847549,3.684982,0.271063,2.278510,0.021978,-0.637362
80.862045,3.670330,0.261295,2.278510,0.007326,-0.637362
80.876923,3.670330,0.241758,2.278892,0.007326,-0.637362
80.891800,3.714287,0.236875,2.278510,-0.007328,-0.632479
80.907059,3.714287,0.231991,2.278510,0.007326,-0.637362
80.921936,3.699635,0.236875,2.278510,0.007326,-0.642246
80.936813,3.714287,0.236875,2.278510,0.007326,-0.637362
80.951691,3.728939,0.236875,2.278510,0.021978,-0.632479
80.966568,3.714287,0.231991,2.278510,-0.007328,-0.637362
80.981064,3.684982,0.231991,2.278510,0.007326,-0.637362
80.995560,3.670330,0.236875,2.278510,0.007326,-0.637362
81.010437,3.655678,0.227107,2.278510,0.007326,-0.632479
81.025314,3.699635,0.241758,2.278510,0.021978,-0.637362
81.039810,3.684982,0.246643,2.278510,0.007326,-0.632479
81.054688,3.655678,0.256411,2.278510,-0.007328,-0.632479
81.069565,3.699635,0.256411,2.278510,0.007326,-0.637362
81.084442,3.684982,0.271063,2.278510,0.007326,-0.637362
81.098938,3.670330,0.280830,2.278510,0.007326,-0.637362
81.113434,3.655678,0.275947,2.278510,0.007326,-0.632479
81.128311,3.684982,0.275947,2.278510,0.021978,-0.632479
81.143188,3.684982,0.280830,2.278510,-0.007328,-0.632479
81.157684,3.641026,0.285715,2.278510,0.007326,-0.627595
81.171799,3.582420,0.275947,2.278510,0.007326,-0.627595
81.184387,3.582420,0.271063,2.278510,0.021978,-0.632479
81.201172,3.641026,0.271063,2.278510,0.021978,-0.632479
81.215286,3.597073,0.285715,2.278510,0.021978,-0.632479
81.229782,3.611725,0.295483,2.278510,0.007326,-0.632479
81.244659,3.626373,0.290599,2.278510,0.007326,-0.637362
81.259155,3.626373,0.305251,2.278510,0.007326,-0.632479
81.273270,3.567768,0.305251,2.278510,0.007326,-0.632479
81.287384,3.567768,0.300367,2.278510,0.007326,-0.632479
81.301880,3.597073,0.290599,2.278510,0.007326,-0.637362
81.316376,3.641026,0.305251,2.278510,0.007326,-0.637362
81.330872,3.626373,0.315019,2.278510,0.007326,-0.632479
81.345749,3.641026,0.319902,2.278510,-0.007328,-0.637362
81.361008,3.714287,0.315019,2.278510,0.007326,-0.637362
81.375504,3.728939,0.315019,2.278510,0.007326,-0.637362
81.390762,3.699635,0.334555,2.278510,-0.007328,-0.637362
81.405258,3.684982,0.329671,2.278510,0.007326,-0.637362
81.420135,3.684982,0.315019,2.278510,0.007326,-0.632479
81.435013,3.699635,0.310135,2.278510,0.007326,-0.637362
81.449509,3.641026,0.310135,2.278510,-0.007328,-0.637362
81.464005,3.670330,0.285715,2.278510,0.007326,-0.637362
81.479263,3.684982,0.271063,2.278510,0.007326,-0.637362
81.493759,3.714287,0.271063,2.278510,-0.007328,-0.642246
81.508636,3.699635,0.261295,2.278510,0.007326,-0.642246
81.523514,3.684982,0.261295,2.278510,0.007326,-0.642246
81.538391,3.714287,0.256411,2.278510,0.021978,-0.637362
81.552887,3.670330,0.251527,2.278510,0.007326,-0.642246
81.567764,3.684982,0.251527,2.278510,0.007326,-0.642246
81.582642,3.684982,0.251527,2.278510,-0.007328,-0.642246
81.597519,3.728939,0.241758,2.278510,-0.007328,-0.647131
81.612396,3.699635,0.246643,2.278510,-0.007328,-0.647131
81.627274,3.684982,0.256411,2.278510,0.021978,-0.652015
81.641769,3.670330,0.256411,2.278510,0.007326,-0.647131
81.656647,3.684982,0.261295,2.278510,0.007326,-0.642246
81.671143,3.655678,0.271063,2.278510,0.007326,-0.642246
81.685638,3.641026,0.266179,2.278510,0.007326,-0.647131
81.700516,3.670330,0.261295,2.278892,-0.007328,-0.652015
81.715012,3.655678,0.256411,2.278510,0.007326,-0.656898
81.729889,3.655678,0.261295,2.278510,0.007326,-0.656898
81.744385,3.626373,0.261295,2.278510,0.007326,-0.656898
81.758499,3.641026,0.261295,2.278510,0.007326,-0.656898
81.773758,3.626373,0.256411,2.278510,0.007326,-0.656898
81.787872,3.611725,0.280830,2.278510,0.021978,-0.652015
81.802368,3.611725,0.300367,2.278510,0.007326,-0.652015
81.816864,3.611725,0.305251,2.278510,-0.007328,-0.656898
81.831360,3.626373,0.290599,2.278510,0.007326,-0.661782
81.845856,3.626373,0.295483,2.278510,-0.007328,-0.661782
81.859970,3.582420,0.300367,2.278510,0.007326,-0.656898
81.874466,3.567768,0.290599,2.278510,-0.007328,-0.661782
81.888962,3.582420,0.300367,2.278892,0.021978,-0.661782
81.903076,3.553116,0.315019,2.278510,-0.007328,-0.661782
81.917191,3.553116,0.319902,2.278510,0.007326,-0.661782
81.931305,3.523811,0.295483,2.278510,0.007326,-0.666667
81.945801,3.553116,0.295483,2.278510,-0.007328,-0.671551
81.959915,3.582420,0.305251,2.278510,0.007326,-0.671551
81.974411,3.582420,0.329671,2.278510,0.007326,-0.671551
81.988525,3.567768,0.334555,2.278510,0.007326,-0.666667
82.003403,3.611725,0.315019,2.278510,0.007326,-0.671551
82.017899,3.655678,0.329671,2.278510,0.021978,-0.671551
82.032394,3.626373,0.334555,2.278510,-0.007328,-0.666667
82.047272,3.611725,0.319902,2.278510,0.007326,-0.671551
82.062149,3.655678,0.305251,2.278510,0.021978,-0.676435
82.076645,3.670330,0.315019,2.278892,0.036631,-0.676435
82.091141,3.655678,0.319902,2.278510,-0.007328,-0.666667
82.105637,3.626373,0.315019,2.278510,0.021978,-0.671551
82.120514,3.670330,0.310135,2.278510,0.007326,-0.666667
82.135391,3.684982,0.305251,2.278510,0.021978,-0.671551
82.149887,3.670330,0.310135,2.278510,0.007326,-0.676435
82.164764,3.670330,0.305251,2.278510,-0.007328,-0.676435
82.179642,3.714287,0.300367,2.278510,0.007326,-0.686203
82.194519,3.714287,0.300367,2.278510,0.007326,-0.686203
82.209396,3.699635,0.305251,2.278892,0.021978,-0.681318
82.223892,3.670330,0.285715,2.278510,-0.007328,-0.681318
82.238388,3.641026,0.261295,2.278510,0.007326,-0.681318
82.253265,3.641026,0.256411,2.278510,0.007326,-0.686203
82.267380,3.597073,0.251527,2.278510,0.021978,-0.686203
82.281494,3.567768,0.266179,2.278510,-0.007328,-0.681318
82.295990,3.553116,0.275947,2.278510,0.021978,-0.681318
82.310104,3.538464,0.290599,2.278510,0.007326,-0.686203
82.324219,3.509159,0.275947,2.278510,0.007326,-0.686203
82.338333,3.523811,0.271063,2.278510,0.007326,-0.686203
82.352829,3.567768,0.275947,2.278892,0.007326,-0.691087
82.366943,3.553116,0.300367,2.278510,0.007326,-0.686203
82.380676,3.523811,0.315019,2.278510,0.007326,-0.691087
82.394409,3.479855,0.315019,2.278510,0.007326,-0.691087
82.408524,3.479855,0.319902,2.278892,0.007326,-0.691087
82.422256,3.465202,0.334555,2.278892,0.036631,-0.691087
82.436371,3.479855,0.344323,2.278510,0.007326,-0.691087
82.450104,3.465202,0.339439,2.278510,0.007326,-0.686203
82.464218,3.509159,0.344323,2.278892,0.021978,-0.691087
82.478714,3.523811,0.358974,2.278510,-0.007328,-0.691087
82.492447,3.509159,0.363859,2.278892,0.007326,-0.695971
82.506180,3.465202,0.358974,2.278510,0.007326,-0.695971
82.520676,3.509159,0.358974,2.278510,0.007326,-0.700854
82.535172,3.582420,0.363859,2.278892,0.007326,-0.700854
82.549286,3.553116,0.378511,2.278892,0.007326,-0.705739
82.563782,3.553116,0.368743,2.278892,0.007326,-0.700854
82.577896,3.567768,0.349207,2.278510,-0.007328,-0.700854
82.592773,3.626373,0.334555,2.278510,0.021978,-0.700854
82.606888,3.626373,0.344323,2.278510,0.007326,-0.705739
82.621384,3.582420,0.354091,2.278510,0.007326,-0.705739
82.636261,3.626373,0.324787,2.278510,0.007326,-0.705739
82.650757,3.684982,0.315019,2.278892,0.007326,-0.705739
82.665253,3.641026,0.324787,2.278892,0.007326,-0.705739
82.679749,3.626373,0.305251,2.278892,0.007326,-0.700854
82.695007,3.684982,0.266179,2.278892,0.007326,-0.705739
82.709885,3.743591,0.266179,2.278892,0.007326,-0.710623
82.724380,3.670330,0.290599,2.278892,-0.007328,-0.710623
82.738876,3.611725,0.280830,2.278510,0.021978,-0.710623
82.753372,3.611725,0.266179,2.278892,0.007326,-0.710623
82.768250,3.655678,0.256411,2.278892,-0.007328,-0.710623
82.782745,3.655678,0.275947,2.278510,0.021978,-0.710623
82.796860,3.597073,0.295483,2.278892,0.007326,-0.715507
82.811356,3.597073,0.290599,2.278892,0.007326,-0.715507
82.826233,3.655678,0.285715,2.278892,0.007326,-0.715507
82.841110,3.626373,0.280830,2.278892,0.021978,-0.710623
82.855225,3.597073,0.256411,2.278510,0.007326,-0.710623
82.869720,3.597073,0.222223,2.278892,0.007326,-0.715507
82.883835,3.567768,0.202686,2.278892,0.021978,-0.715507
82.897568,3.509159,0.192919,2.278892,0.007326,-0.710623
82.910919,3.406593,0.178267,2.278892,0.007326,-0.710623
82.924652,3.406593,0.144079,2.278892,-0.021980,-0.715507
82.938004,3.362640,0.119658,2.278510,-0.007328,-0.715507
82.950974,3.289379,0.090355,2.278892,0.021978,-0.720390
82.963943,3.260075,0.075703,2.278510,0.007326,-0.715507
82.976913,3.216118,0.041514,2.278892,0.007326,-0.715507
82.989120,3.142860,0.017095,2.278892,0.007326,-0.715507
83.000946,3.054947,-0.007326,2.278892,0.007326,-0.715507
83.012772,2.952381,-0.017094,2.278892,0.007326,-0.715507
83.023834,2.820515,-0.051282,2.278892,0.007326,-0.720390
83.034515,2.732601,-0.090354,2.278892,0.007326,-0.720390
83.044434,2.600735,-0.119658,2.278892,-0.007328,-0.720390
83.053970,2.498169,-0.261294,2.278892,0.007326,-0.725275
83.061600,2.161175,-0.363858,2.278892,0.007326,-0.725275
83.068848,1.941393,-0.461538,2.278510,0.007326,-0.720390
83.075714,1.794874,-0.549451,2.278892,0.021978,-0.720390
83.081436,1.560442,-0.588523,2.278510,0.007326,-0.725275
83.085251,1.238096,-0.598290,2.278892,0.007326,-0.725275
83.089066,1.032969,-0.608059,2.278510,-0.007328,-0.720390
83.091736,0.857145,-0.622710,2.278892,0.021978,-0.720390
83.093643,0.622713,-0.593407,2.278892,0.021978,-0.720390
83.094788,0.402931,-0.559218,2.278892,-0.007328,-0.720390
83.094788,0.183151,-0.500610,2.278892,0.021978,-0.720390
83.094406,0.021980,-0.466422,2.278892,0.007326,-0.720390
83.094025,-0.065933,-0.422466,2.278892,0.007326,-0.715507
83.093262,-0.109890,-0.358974,2.278892,0.007326,-0.715507
83.092499,-0.183149,-0.280830,2.278892,-0.007328,-0.715507
83.090973,-0.315018,-0.197803,2.278892,0.021978,-0.720390
83.089447,-0.344322,-0.139194,2.278892,0.007326,-0.720390
83.088684,-0.241758,-0.090354,2.278892,0.007326,-0.720390
83.087540,-0.300365,-0.046398,2.278892,0.007326,-0.730159
83.085632,-0.358974,-0.002442,2.278892,0.007326,-0.725275
83.084869,-0.241758,0.026863,2.278892,0.021978,-0.730159
83.084869,-0.153847,0.080586,2.278892,0.021978,-0.730159
83.084488,-0.095238,0.139194,2.278892,-0.007328,-0.735043
83.084488,-0.080585,0.183151,2.278892,0.021978,-0.735043
83.084488,-0.007326,0.202686,2.278892,0.007326,-0.735043
83.084869,0.051285,0.217339,2.278892,0.021978,-0.735043
83.085251,0.080587,0.217339,2.278892,0.007326,-0.730159
83.086014,0.109892,0.212455,2.278892,0.007326,-0.725275
83.086395,0.124544,0.202686,2.278892,0.007326,-0.725275
83.086777,0.109892,0.192919,2.278892,0.021978,-0.725275
83.087158,0.095240,0.178267,2.278892,0.007326,-0.725275
83.087158,0.065935,0.153847,2.278892,0.021978,-0.725275
83.087540,0.021980,0.134311,2.278892,0.007326,-0.720390
83.087158,0.007328,0.114775,2.278892,0.007326,-0.720390
83.087158,-0.007326,0.095239,2.278892,0.007326,-0.725275
83.086777,-0.036631,0.085470,2.278892,-0.007328,-0.720390
83.086777,-0.065933,0.070819,2.278892,0.007326,-0.720390
83.086395,-0.051283,0.061050,2.278892,0.007326,-0.725275
83.086395,-0.051283,0.056167,2.278892,0.007326,-0.720390
83.086395,-0.021978,0.051283,2.278892,0.007326,-0.720390
83.086395,-0.007326,0.051283,2.278892,0.007326,-0.720390
83.086395,-0.007326,0.061050,2.278892,0.007326,-0.715507
83.086395,0.007328,0.070819,2.278892,0.021978,-0.715507
83.086777,0.007328,0.080586,2.278892,-0.007328,-0.715507
83.086777,0.007328,0.090355,2.278892,-0.007328,-0.720390
83.086777,0.007328,0.095239,2.278892,0.007326,-0.725275
83.086777,0.007328,0.100122,2.278892,-0.021980,-0.720390
83.086777,-0.007326,0.095239,2.278892,0.007326,-0.725275
83.086777,-0.007326,0.090355,2.278892,0.007326,-0.725275
83.086777,0.007328,0.080586,2.278892,0.007326,-0.725275
83.086777,-0.007326,0.070819,2.278892,0.021978,-0.730159
83.086777,-0.007326,0.065935,2.278892,0.007326,-0.725275
83.086777,0.007328,0.056167,2.278892,0.007326,-0.725275
83.086777,-0.007326,0.046398,2.278892,0.007326,-0.725275
83.086777,0.007328,0.046398,2.278892,0.021978,-0.725275
83.086777,-0.007326,0.041514,2.278892,0.007326,-0.720390
83.086777,-0.021978,0.041514,2.278892,0.007326,-0.720390
83.086777,-0.021978,0.041514,2.278892,0.007326,-0.725275
83.086777,-0.021978,0.046398,2.278892,0.007326,-0.725275
83.086777,-0.021978,0.056167,2.278892,0.021978,-0.725275
83.086777,-0.007326,0.070819,2.278892,0.007326,-0.725275
83.086777,-0.007326,0.080586,2.278892,-0.007328,-0.725275
83.086777,-0.007326,0.095239,2.278892,0.007326,-0.730159
83.086777,-0.007326,0.109891,2.278892,-0.007328,-0.730159
83.086777,0.007328,0.114775,2.278892,0.007326,-0.730159
83.086777,-0.007326,0.114775,2.278892,0.021978,-0.730159
83.087158,-0.021978,0.114775,2.278892,0.007326,-0.730159
83.086777,-0.007326,0.105007,2.278892,0.007326,-0.725275
83.086777,-0.007326,0.100122,2.278892,0.007326,-0.725275
83.086777,-0.007326,0.095239,2.278892,-0.007328,-0.720390
83.086777,-0.021978,0.090355,2.278892,-0.007328,-0.725275
83.086777,-0.021978,0.090355,2.278892,0.021978,-0.725275
83.086777,-0.007326,0.085470,2.278892,0.007326,-0.725275
83.086777,0.007328,0.090355,2.278892,0.021978,-0.725275
83.086777,-0.007326,0.095239,2.278892,-0.007328,-0.725275
83.086777,0.007328,0.100122,2.278892,0.007326,-0.725275
83.086777,-0.007326,0.109891,2.278892,-0.007328,-0.725275
83.086777,-0.007326,0.109891,2.278892,0.007326,-0.720390
83.086777,-0.007326,0.114775,2.278892,0.007326,-0.725275
83.086777,0.007328,0.109891,2.278892,-0.007328,-0.725275
83.086777,-0.007326,0.105007,2.278892,0.007326,-0.720390
83.086777,0.007328,0.095239,2.278892,0.007326,-0.720390
83.086777,-0.007326,0.085470,2.278892,0.007326,-0.725275
83.086777,-0.021978,0.075703,2.278892,0.007326,-0.725275
83.086777,-0.021978,0.065935,2.278892,0.007326,-0.725275
83.086777,-0.007326,0.061050,2.278892,0.007326,-0.725275
83.086777,-0.007326,0.056167,2.278892,0.007326,-0.725275
83.086777,-0.021978,0.051283,2.278892,0.007326,-0.725275
83.086777,-0.007326,0.051283,2.278892,0.021978,-0.725275
83.086777,-0.007326,0.051283,2.278892,-0.007328,-0.725275
83.086777,-0.007326,0.051283,2.278892,0.007326,-0.725275
83.086777,-0.007326,0.056167,2.278892,0.007326,-0.725275
83.086777,-0.007326,0.061050,2.278892,0.007326,-0.725275
83.086777,-0.007326,0.065935,2.278892,0.007326,-0.730159
83.086777,0.007328,0.070819,2.278892,0.007326,-0.725275
83.086777,0.007328,0.070819,2.278892,0.007326,-0.725275
83.086777,0.007328,0.075703,2.278892,0.021978,-0.725275
83.086777,0.007328,0.075703,2.278892,0.007326,-0.725275
83.086777,-0.007326,0.075703,2.278892,0.007326,-0.730159
83.086777,-0.007326,0.075703,2.278892,0.007326,-0.725275
83.086777,-0.007326,0.075703,2.278892,0.007326,-0.730159
83.086777,-0.007326,0.075703,2.278892,0.007326,-0.730159
83.086777,-0.007326,0.075703,2.278892,0.021978,-0.730159
83.086777,-0.021978,0.080586,2.278892,0.007326,-0.730159
83.086777,0.007328,0.085470,2.278892,0.007326,-0.730159
83.086777,-0.021978,0.095239,2.278892,0.007326,-0.730159
83.086777,-0.007326,0.100122,2.278892,0.007326,-0.725275
83.086777,-0.007326,0.105007,2.278892,0.007326,-0.720390
83.086777,0.007328,0.109891,2.278892,0.007326,-0.725275
83.086777,-0.007326,0.109891,2.278892,0.007326,-0.725275
83.086777,-0.007326,0.109891,2.278892,-0.007328,-0.725275
83.086777,-0.007326,0.109891,2.278892,0.007326,-0.730159
83.086777,-0.007326,0.105007,2.278892,0.007326,-0.725275
83.086777,0.007328,0.100122,2.278892,0.007326,-0.720390
83.086777,-0.021978,0.095239,2.278892,0.007326,-0.725275
83.086777,0.007328,0.090355,2.278892,-0.007328,-0.720390
83.086777,-0.007326,0.085470,2.278892,0.007326,-0.725275
83.086777,-0.021978,0.085470,2.278892,0.007326,-0.725275
83.086777,-0.021978,0.085470,2.278892,-0.007328,-0.720390
83.086777,0.007328,0.085470,2.278892,0.021978,-0.725275
83.086777,-0.007326,0.085470,2.278892,-0.007328,-0.725275
83.086777,-0.007326,0.085470,2.278892,0.021978,-0.725275
83.086777,-0.021978,0.085470,2.278892,0.021978,-0.725275
83.086777,0.007328,0.085470,2.278892,-0.007328,-0.725275
83.086777,-0.021978,0.085470,2.278892,0.007326,-0.720390
83.086777,-0.021978,0.085470,2.278892,-0.007328,-0.720390
83.086777,-0.007326,0.080586,2.278892,0.007326,-0.720390
83.086777,-0.021978,0.075703,2.278892,-0.007328,-0.720390
83.086777,-0.007326,0.075703,2.278892,-0.007328,-0.720390
83.086777,0.007328,0.070819,2.278892,-0.007328,-0.725275
83.086777,-0.007326,0.065935,2.278892,0.021978,-0.725275
83.086777,-0.021978,0.061050,2.278892,0.007326,-0.725275
83.086777,-0.021978,0.061050,2.278892,0.007326,-0.730159
83.086777,-0.007326,0.061050,2.278892,0.007326,-0.730159
83.086777,-0.021978,0.061050,2.278892,0.021978,-0.725275
83.086777,0.007328,0.065935,2.278892,0.007326,-0.725275
83.086777,-0.007326,0.070819,2.278892,0.007326,-0.725275
83.086777,0.007328,0.070819,2.278892,0.007326,-0.725275
83.086777,-0.007326,0.075703,2.278892,0.007326,-0.725275
83.086777,0.007328,0.080586,2.278892,0.007326,-0.730159
83.086777,-0.007326,0.080586,2.278892,-0.007328,-0.730159
83.086777,-0.007326,0.080586,2.278892,-0.007328,-0.730159
83.086777,-0.021978,0.080586,2.278892,0.007326,-0.730159
83.086777,-0.007326,0.080586,2.278892,-0.007328,-0.725275
83.086777,0.007328,0.080586,2.278892,0.007326,-0.730159
83.086777,-0.007326,0.080586,2.278892,0.007326,-0.725275
83.086777,-0.007326,0.080586,2.278892,0.021978,-0.725275
83.086777,-0.007326,0.085470,2.278892,0.007326,-0.720390
83.086777,0.007328,0.085470,2.278892,0.007326,-0.720390
83.086777,-0.007326,0.090355,2.278892,0.007326,-0.725275
83.086777,-0.007326,0.090355,2.278892,0.007326,-0.725275
83.086777,-0.007326,0.095239,2.278892,-0.007328,-0.720390
83.086777,-0.021978,0.100122,2.278892,0.007326,-0.720390
83.086777,-0.007326,0.100122,2.278892,-0.007328,-0.720390
83.086777,-0.007326,0.100122,2.278892,0.007326,-0.725275
83.086777,-0.007326,0.100122,2.278892,0.007326,-0.720390
83.086777,-0.021978,0.100122,2.278892,-0.007328,-0.720390
83.086777,-0.021978,0.095239,2.278892,0.007326,-0.720390
83.086777,-0.021978,0.095239,2.278892,0.007326,-0.720390
83.086777,-0.021978,0.090355,2.278892,0.007326,-0.720390
83.086777,-0.007326,0.085470,2.278892,0.007326,-0.720390
83.086777,0.007328,0.085470,2.278892,0.007326,-0.720390
83.086777,-0.007326,0.085470,2.278892,0.007326,-0.720390
83.086777,-0.007326,0.080586,2.278892,0.007326,-0.725275
83.086777,-0.007326,0.085470,2.278892,0.007326,-0.725275
83.086777,-0.007326,0.080586,2.278892,0.007326,-0.725275
83.086777,0.007328,0.080586,2.278892,0.007326,-0.720390
83.086777,-0.007326,0.080586,2.278892,0.007326,-0.720390
83.086777,-0.007326,0.085470,2.278892,-0.007328,-0.720390
83.086777,-0.007326,0.080586,2.278892,0.007326,-0.725275
83.086777,-0.007326,0.080586,2.278892,0.007326,-0.725275
83.086777,0.007328,0.080586,2.278892,0.007326,-0.725275
83.086777,-0.021978,0.075703,2.278892,0.007326,-0.730159
83.086777,-0.021978,0.075703,2.278892,0.007326,-0.730159
83.086777,-0.007326,0.070819,2.278892,0.021978,-0.725275
83.086777,-0.007326,0.070819,2.278892,-0.007328,-0.725275
83.086777,-0.021978,0.070819,2.278892,0.007326,-0.730159
83.086777,0.007328,0.070819,2.278892,0.007326,-0.730159
83.086777,-0.021978,0.070819,2.278892,0.007326,-0.730159
83.086777,-0.007326,0.070819,2.278892,0.007326,-0.730159
83.086777,-0.021978,0.070819,2.278892,-0.007328,-0.730159
83.086777,-0.007326,0.075703,2.278892,0.007326,-0.730159
83.086777,-0.007326,0.075703,2.278892,0.007326,-0.725275
83.086777,0.007328,0.075703,2.278892,0.021978,-0.725275
83.086777,-0.007326,0.080586,2.278892,0.007326,-0.725275
83.086777,0.007328,0.080586,2.278892,0.007326,-0.720390
83.086777,-0.021978,0.080586,2.278892,0.007326,-0.720390
83.086777,0.007328,0.080586,2.278892,0.007326,-0.720390
83.086777,0.007328,0.080586,2.278892,0.007326,-0.725275
83.086777,-0.007326,0.085470,2.278892,0.007326,-0.725275
83.086777,-0.021978,0.085470,2.278892,0.007326,-0.720390
83.086777,0.007328,0.085470,2.278892,0.007326,-0.720390
83.086777,-0.021978,0.090355,2.278892,0.007326,-0.720390
83.086777,0.007328,0.090355,2.278892,-0.007328,-0.725275
83.086777,-0.007326,0.090355,2.278892,0.007326,-0.725275
83.086777,-0.021978,0.090355,2.278892,0.021978,-0.720390
83.086777,-0.007326,0.095239,2.278892,0.007326,-0.715507
83.086777,-0.007326,0.095239,2.278892,-0.007328,-0.715507
83.086777,-0.007326,0.095239,2.278892,-0.007328,-0.720390
83.086777,-0.007326,0.095239,2.278892,0.007326,-0.725275
83.086777,-0.007326,0.095239,2.278892,0.007326,-0.725275
83.086777,-0.007326,0.095239,2.278892,0.007326,-0.720390
83.086777,0.007328,0.095239,2.278892,0.007326,-0.720390
83.086777,-0.007326,0.090355,2.278892,0.007326,-0.725275
83.086777,-0.007326,0.090355,2.278892,-0.007328,-0.720390
83.086777,-0.021978,0.085470,2.278892,0.007326,-0.720390
83.086777,-0.007326,0.080586,2.278892,0.007326,-0.725275
83.086777,-0.007326,0.080586,2.278892,0.007326,-0.725275
83.086777,-0.007326,0.080586,2.278892,0.007326,-0.725275
83.086777,-0.007326,0.080586,2.278892,0.007326,-0.730159
83.086777,-0.007326,0.080586,2.278892,0.007326,-0.725275
83.086777,0.007328,0.080586,2.278892,0.007326,-0.730159
83.086777,-0.007326,0.075703,2.278892,0.007326,-0.730159
83.086777,-0.021978,0.075703,2.278892,0.021978,-0.725275
83.086777,-0.007326,0.075703,2.278892,0.007326,-0.730159
83.086777,-0.007326,0.075703,2.278892,0.021978,-0.725275
83.086777,-0.007326,0.075703,2.278892,-0.007328,-0.725275
83.086777,-0.007326,0.070819,2.278892,-0.007328,-0.725275
83.086777,-0.007326,0.075703,2.278892,0.007326,-0.725275
83.086777,-0.007326,0.075703,2.278892,0.007326,-0.725275
83.086777,-0.007326,0.075703,2.278892,-0.007328,-0.725275
83.086777,0.007328,0.075703,2.278892,0.007326,-0.720390
83.086777,-0.007326,0.075703,2.278892,0.007326,-0.720390
83.086777,0.007328,0.075703,2.278892,0.007326,-0.720390
83.086777,-0.007326,0.080586,2.278892,0.007326,-0.720390
83.086777,0.007328,0.080586,2.278892,0.007326,-0.725275
83.086777,-0.036631,0.085470,2.278892,0.007326,-0.725275
83.086777,0.007328,0.085470,2.278892,0.007326,-0.725275
83.086777,-0.007326,0.085470,2.278892,0.021978,-0.725275
83.086777,-0.007326,0.085470,2.278892,0.007326,-0.720390
83.086777,0.007328,0.085470,2.278892,0.021978,-0.715507
83.086777,-0.021978,0.085470,2.278892,0.007326,-0.720390
83.086777,0.007328,0.085470,2.278892,0.007326,-0.720390
83.086777,-0.021978,0.090355,2.278892,0.021978,-0.725275
83.086777,-0.007326,0.090355,2.278892,0.007326,-0.725275
83.086777,-0.007326,0.090355,2.278892,0.021978,-0.725275
83.086777,0.007328,0.090355,2.278892,0.007326,-0.720390
83.086777,-0.007326,0.090355,2.278892,0.007326,-0.720390
83.086777,-0.021978,0.085470,2.278892,0.007326,-0.725275
83.086777,-0.021978,0.085470,2.278892,0.007326,-0.725275
83.086777,0.007328,0.085470,2.278892,0.007326,-0.725275
83.086777,-0.007326,0.090355,2.278892,0.007326,-0.720390
83.086777,-0.007326,0.085470,2.278892,0.007326,-0.725275
83.086777,-0.021978,0.085470,2.278892,0.007326,-0.725275
83.086777,0.007328,0.085470,2.278892,0.007326,-0.725275
83.086777,-0.007326,0.080586,2.278892,0.007326,-0.720390
83.086777,-0.007326,0.080586,2.278892,-0.007328,-0.725275
83.086777,-0.007326,0.080586,2.278892,0.007326,-0.730159
83.086777,-0.007326,0.075703,2.278892,0.007326,-0.725275
83.086777,-0.007326,0.075703,2.278892,0.007326,-0.730159
83.086777,-0.007326,0.075703,2.278892,-0.007328,-0.730159
83.086777,-0.021978,0.075703,2.278892,0.007326,-0.730159
83.086777,-0.007326,0.070819,2.278892,-0.007328,-0.730159
83.086777,0.007328,0.070819,2.278892,-0.007328,-0.725275
83.086777,-0.007326,0.075703,2.278892,0.007326,-0.725275
83.086777,-0.007326,0.075703,2.278892,0.007326,-0.725275
83.086777,-0.007326,0.075703,2.278892,-0.007328,-0.725275
83.086777,0.007328,0.075703,2.278892,0.021978,-0.730159
83.086777,-0.021978,0.080586,2.278892,-0.007328,-0.725275
83.086777,-0.007326,0.075703,2.278892,-0.007328,-0.725275
83.086777,0.007328,0.080586,2.278892,0.007326,-0.730159
83.086777,-0.007326,0.080586,2.278892,0.007326,-0.730159
83.086777,-0.021978,0.080586,2.278892,0.007326,-0.725275
83.086777,0.007328,0.080586,2.278892,0.007326,-0.725275
83.086777,-0.007326,0.085470,2.278892,0.021978,-0.725275
83.086777,-0.007326,0.085470,2.278892,0.007326,-0.720390
83.086777,0.007328,0.090355,2.278892,0.007326,-0.720390
83.086777,-0.007326,0.090355,2.278892,-0.007328,-0.720390
83.086777,-0.021978,0.090355,2.278892,0.021978,-0.725275
83.086777,-0.007326,0.090355,2.278892,0.007326,-0.725275
83.086777,-0.021978,0.090355,2.278892,0.007326,-0.725275
83.086777,0.007328,0.095239,2.278892,0.007326,-0.725275
83.086777,-0.007326,0.095239,2.278892,0.007326,-0.725275
83.086777,-0.007326,0.095239,2.278892,0.007326,-0.720390
83.086777,-0.007326,0.090355,2.278892,0.007326,-0.725275
83.086777,-0.021978,0.090355,2.278892,0.007326,-0.725275
83.086777,-0.007326,0.085470,2.278892,0.007326,-0.725275
83.086777,-0.007326,0.085470,2.278892,0.021978,-0.725275
83.086777,-0.007326,0.085470,2.278892,0.007326,-0.720390
83.086777,-0.007326,0.080586,2.278892,0.007326,-0.720390
83.086777,-0.007326,0.080586,2.278892,0.007326,-0.720390
83.086777,-0.007326,0.080586,2.278892,0.007326,-0.720390
83.086777,-0.021978,0.080586,2.278892,0.007326,-0.720390
83.086777,-0.007326,0.075703,2.278892,0.007326,-0.725275
83.086777,-0.007326,0.075703,2.278892,0.007326,-0.725275
83.086777,-0.007326,0.075703,2.278892,0.007326,-0.730159
83.086777,-0.007326,0.075703,2.278892,0.007326,-0.730159
83.086777,-0.021978,0.075703,2.278892,0.007326,-0.730159
83.086777,-0.007326,0.070819,2.278892,-0.007328,-0.725275
83.086777,-0.007326,0.070819,2.278892,0.007326,-0.725275
83.086777,0.007328,0.075703,2.278892,0.007326,-0.725275
83.086777,-0.021978,0.075703,2.278892,0.007326,-0.725275
83.086777,-0.021978,0.075703,2.278892,0.007326,-0.730159
