½Ç¶Èrad,½ÇËÙ¶Èrad/s,Å¤¾ØNm,I3,I4,I5
556.243713,2.688644,0.246643,2.212133,0.007326,-0.632479
556.254822,2.703297,0.236875,2.212133,0.021978,-0.627595
556.265503,2.703297,0.227107,2.212133,0.007326,-0.622710
556.276611,2.747253,0.222223,2.212133,0.021978,-0.627595
556.287720,2.703297,0.231991,2.212133,0.021978,-0.622710
556.298462,2.717949,0.222223,2.212133,0.007326,-0.627595
556.309204,2.688644,0.231991,2.212133,0.021978,-0.627595
556.320313,2.703297,0.222223,2.212133,0.007326,-0.632479
556.331055,2.688644,0.236875,2.212133,-0.007328,-0.627595
556.341797,2.659344,0.231991,2.212133,0.007326,-0.632479
556.352539,2.688644,0.231991,2.212133,0.021978,-0.632479
556.363220,2.688644,0.231991,2.212133,0.007326,-0.632479
556.374329,2.688644,0.236875,2.212133,-0.007328,-0.627595
556.385376,2.717949,0.227107,2.212133,-0.007328,-0.632479
556.396118,2.732601,0.236875,2.212133,0.007326,-0.632479
556.407227,2.703297,0.241758,2.212133,0.021978,-0.637362
556.417969,2.673996,0.251527,2.212133,-0.007328,-0.637362
556.428284,2.659344,0.246643,2.212133,0.007326,-0.637362
556.439392,2.673996,0.241758,2.212133,0.007326,-0.632479
556.450073,2.688644,0.246643,2.212133,0.007326,-0.637362
556.460815,2.703297,0.246643,2.212133,0.007326,-0.642246
556.471497,2.644691,0.256411,2.212133,0.007326,-0.637362
556.482178,2.673996,0.241758,2.212133,0.021978,-0.642246
556.493286,2.703297,0.246643,2.212133,0.007326,-0.637362
556.504028,2.688644,0.251527,2.212133,-0.007328,-0.642246
556.514771,2.688644,0.251527,2.212133,0.007326,-0.642246
556.525452,2.659344,0.261295,2.212133,0.021978,-0.642246
556.536133,2.644691,0.251527,2.212133,0.007326,-0.637362
556.546875,2.644691,0.261295,2.212133,0.007326,-0.647131
556.557617,2.659344,0.256411,2.212133,0.007326,-0.642246
556.568359,2.703297,0.251527,2.212133,0.007326,-0.642246
556.579102,2.644691,0.275947,2.212133,0.021978,-0.647131
556.589417,2.630039,0.266179,2.212133,0.007326,-0.647131
556.599731,2.600735,0.280830,2.212133,0.021978,-0.647131
556.610474,2.615387,0.256411,2.212133,0.021978,-0.647131
556.621216,2.644691,0.256411,2.212133,-0.007328,-0.642246
556.631897,2.630039,0.271063,2.212133,-0.007328,-0.647131
556.642273,2.615387,0.275947,2.212133,-0.007328,-0.652015
556.652649,2.571430,0.285715,2.212133,0.021978,-0.652015
556.662964,2.556778,0.271063,2.212133,0.007326,-0.652015
556.673279,2.586082,0.266179,2.212133,0.007326,-0.652015
556.683594,2.586082,0.280830,2.212133,0.021978,-0.652015
556.693909,2.586082,0.290599,2.212133,-0.007328,-0.652015
556.704163,2.556778,0.300367,2.212133,0.007326,-0.656898
556.714050,2.512821,0.300367,2.212133,0.007326,-0.656898
556.724731,2.571430,0.285715,2.212133,0.007326,-0.652015
556.735046,2.586082,0.295483,2.212133,0.007326,-0.652015
556.745667,2.600735,0.295483,2.212133,0.007326,-0.652015
556.755615,2.571430,0.315019,2.212133,-0.007328,-0.656898
556.766296,2.586082,0.319902,2.212133,0.007326,-0.661782
556.776611,2.615387,0.305251,2.212133,0.021978,-0.661782
556.787354,2.630039,0.300367,2.212133,0.007326,-0.661782
556.798035,2.703297,0.285715,2.212133,0.021978,-0.666667
556.809143,2.688644,0.310135,2.212133,-0.007328,-0.661782
556.819763,2.630039,0.319902,2.212133,0.007326,-0.666667
556.830383,2.644691,0.310135,2.212133,0.007326,-0.666667
556.840698,2.659344,0.290599,2.212133,0.021978,-0.666667
556.852173,2.717949,0.271063,2.212133,0.021978,-0.666667
556.863281,2.747253,0.285715,2.212133,0.007326,-0.661782
556.874023,2.673996,0.290599,2.212133,-0.007328,-0.666667
556.884399,2.673996,0.290599,2.212133,0.007326,-0.666667
556.894775,2.615387,0.275947,2.212133,0.007326,-0.666667
556.905884,2.673996,0.256411,2.212133,0.021978,-0.666667
556.916565,2.673996,0.266179,2.212133,0.007326,-0.666667
556.927673,2.703297,0.246643,2.212133,0.007326,-0.671551
556.937988,2.673996,0.261295,2.212133,-0.007328,-0.671551
556.948730,2.659344,0.251527,2.212133,-0.007328,-0.671551
556.959839,2.673996,0.246643,2.212133,-0.007328,-0.671551
556.970215,2.644691,0.246643,2.212133,0.007326,-0.676435
556.980957,2.644691,0.246643,2.212133,0.007326,-0.676435
556.991638,2.644691,0.266179,2.212133,0.021978,-0.681318
557.001892,2.600735,0.261295,2.212133,-0.007328,-0.676435
557.012207,2.615387,0.256411,2.212133,0.021978,-0.676435
557.022888,2.600735,0.251527,2.212133,0.007326,-0.676435
557.032776,2.571430,0.256411,2.212133,0.021978,-0.681318
557.043152,2.556778,0.275947,2.212133,0.007326,-0.681318
557.053467,2.512821,0.280830,2.212133,-0.007328,-0.681318
557.063416,2.512821,0.280830,2.212133,0.007326,-0.681318
557.073303,2.483517,0.300367,2.212133,0.007326,-0.686203
557.083252,2.498169,0.285715,2.212133,-0.007328,-0.686203
557.093201,2.498169,0.310135,2.212133,0.021978,-0.691087
557.103088,2.454216,0.324787,2.212133,-0.007328,-0.691087
557.113037,2.483517,0.315019,2.212133,0.021978,-0.691087
557.122986,2.468864,0.324787,2.212133,0.007326,-0.691087
557.132874,2.498169,0.324787,2.212133,0.007326,-0.691087
557.143250,2.542126,0.324787,2.212133,0.007326,-0.691087
557.153503,2.542126,0.344323,2.212133,0.007326,-0.691087
557.163452,2.483517,0.349207,2.212133,0.007326,-0.691087
557.173401,2.498169,0.354091,2.212133,0.007326,-0.695971
557.182922,2.439564,0.354091,2.212133,0.007326,-0.695971
557.193237,2.498169,0.339439,2.212133,0.007326,-0.700854
557.203552,2.512821,0.344323,2.212133,0.021978,-0.700854
557.213440,2.498169,0.349207,2.212133,0.007326,-0.695971
557.223389,2.483517,0.363859,2.212133,0.007326,-0.695971
557.232971,2.454216,0.363859,2.212133,0.007326,-0.705739
557.243286,2.483517,0.339439,2.212133,0.007326,-0.700854
557.253601,2.542126,0.344323,2.212133,0.007326,-0.700854
557.263550,2.542126,0.339439,2.212133,0.007326,-0.700854
557.273865,2.542126,0.358974,2.212133,0.007326,-0.700854
557.283386,2.468864,0.373627,2.212133,0.021978,-0.705739
557.293335,2.468864,0.344323,2.212133,0.007326,-0.705739
557.303650,2.527473,0.339439,2.212133,0.007326,-0.700854
557.313904,2.556778,0.339439,2.212133,0.007326,-0.710623
557.324219,2.571430,0.339439,2.212514,0.021978,-0.710623
557.334167,2.527473,0.354091,2.212133,0.007326,-0.705739
557.344055,2.483517,0.349207,2.212133,0.007326,-0.705739
557.354309,2.512821,0.324787,2.212133,-0.007328,-0.710623
557.364197,2.512821,0.324787,2.212133,0.007326,-0.710623
557.374878,2.556778,0.300367,2.212133,0.007326,-0.710623
557.385193,2.556778,0.319902,2.212133,0.007326,-0.710623
557.394714,2.498169,0.329671,2.212133,0.007326,-0.710623
557.405029,2.527473,0.315019,2.212133,0.021978,-0.710623
557.414978,2.498169,0.315019,2.212133,0.007326,-0.705739
557.425659,2.542126,0.295483,2.212514,0.021978,-0.710623
557.436035,2.600735,0.300367,2.212133,0.007326,-0.715507
557.446289,2.556778,0.319902,2.212133,0.021978,-0.715507
557.456238,2.527473,0.329671,2.212133,0.007326,-0.715507
557.466187,2.498169,0.324787,2.212133,0.007326,-0.715507
557.476501,2.527473,0.305251,2.212133,0.007326,-0.720390
557.487122,2.630039,0.290599,2.212514,0.007326,-0.715507
557.497864,2.644691,0.319902,2.212133,0.007326,-0.720390
557.508179,2.586082,0.339439,2.212133,0.021978,-0.725275
557.518127,2.512821,0.354091,2.212133,0.007326,-0.720390
557.528076,2.483517,0.329671,2.212133,0.007326,-0.720390
557.538391,2.571430,0.310135,2.212133,0.007326,-0.720390
557.549072,2.600735,0.315019,2.212514,0.021978,-0.725275
557.559814,2.630039,0.324787,2.212133,0.007326,-0.725275
557.569763,2.556778,0.344323,2.212133,-0.007328,-0.725275
557.580017,2.527473,0.334555,2.212514,0.007326,-0.730159
557.590332,2.556778,0.324787,2.212133,-0.007328,-0.725275
557.600708,2.586082,0.310135,2.212514,0.007326,-0.730159
557.611450,2.644691,0.310135,2.212514,0.021978,-0.730159
557.622192,2.615387,0.319902,2.212514,0.007326,-0.725275
557.632507,2.586082,0.319902,2.212514,0.021978,-0.725275
557.642761,2.615387,0.315019,2.212514,-0.007328,-0.730159
557.653076,2.600735,0.300367,2.212514,0.021978,-0.730159
557.663818,2.615387,0.285715,2.212514,0.007326,-0.735043
557.674561,2.615387,0.300367,2.212514,0.007326,-0.735043
557.684509,2.542126,0.300367,2.212133,0.007326,-0.735043
557.694824,2.571430,0.290599,2.212514,0.021978,-0.735043
557.704773,2.512821,0.290599,2.212514,0.021978,-0.735043
557.715088,2.571430,0.275947,2.212514,0.021978,-0.739926
557.725403,2.527473,0.295483,2.212514,0.007326,-0.739926
557.735291,2.498169,0.290599,2.212514,0.021978,-0.739926
557.745544,2.512821,0.290599,2.212514,0.021978,-0.739926
557.755066,2.468864,0.305251,2.212514,0.007326,-0.735043
557.764954,2.468864,0.285715,2.212514,0.021978,-0.739926
557.775330,2.527473,0.285715,2.212133,-0.007328,-0.739926
557.785645,2.527473,0.295483,2.212514,0.007326,-0.744811
557.796021,2.556778,0.295483,2.212514,0.021978,-0.749695
557.806335,2.542126,0.315019,2.212514,0.007326,-0.749695
557.815857,2.498169,0.319902,2.212514,0.036631,-0.749695
557.826233,2.527473,0.305251,2.212514,0.007326,-0.744811
557.836487,2.498169,0.310135,2.212514,0.007326,-0.744811
557.846436,2.542126,0.305251,2.212514,0.007326,-0.744811
557.856812,2.527473,0.329671,2.212514,0.007326,-0.749695
557.866760,2.498169,0.334555,2.212514,0.021978,-0.754579
557.877075,2.527473,0.324787,2.212514,0.021978,-0.749695
557.886658,2.483517,0.334555,2.212514,0.021978,-0.749695
557.896973,2.512821,0.324787,2.212514,-0.007328,-0.744811
557.907349,2.542126,0.334555,2.212514,0.021978,-0.754579
557.917297,2.512821,0.339439,2.212514,0.007326,-0.759462
557.927612,2.527473,0.329671,2.212514,0.021978,-0.754579
557.937988,2.571430,0.324787,2.212514,0.007326,-0.754579
557.948730,2.571430,0.329671,2.212514,0.021978,-0.759462
557.959045,2.586082,0.329671,2.212514,-0.007328,-0.754579
557.968933,2.542126,0.344323,2.212514,0.021978,-0.754579
557.979187,2.556778,0.334555,2.212514,0.007326,-0.759462
557.989502,2.542126,0.334555,2.212514,-0.007328,-0.759462
557.999817,2.556778,0.319902,2.212514,0.036631,-0.764347
558.010498,2.630039,0.319902,2.212514,-0.007328,-0.754579
558.020874,2.615387,0.329671,2.212514,0.007326,-0.759462
558.031250,2.600735,0.334555,2.212514,0.007326,-0.759462
558.041626,2.556778,0.344323,2.212514,-0.007328,-0.759462
558.051941,2.556778,0.310135,2.212514,0.007326,-0.764347
558.062683,2.600735,0.305251,2.212514,0.007326,-0.764347
558.073059,2.630039,0.295483,2.212514,0.007326,-0.759462
558.084167,2.659344,0.305251,2.212514,0.007326,-0.764347
558.094055,2.600735,0.315019,2.212514,0.007326,-0.764347
558.104370,2.586082,0.300367,2.212514,0.021978,-0.764347
558.115112,2.615387,0.290599,2.212514,0.007326,-0.759462
558.125854,2.615387,0.285715,2.212514,0.007326,-0.764347
558.136597,2.644691,0.280830,2.212514,0.007326,-0.764347
558.146912,2.615387,0.295483,2.212514,-0.007328,-0.764347
558.156799,2.571430,0.300367,2.212514,0.007326,-0.774115
558.167542,2.615387,0.290599,2.212514,0.007326,-0.774115
558.178223,2.630039,0.285715,2.212514,0.007326,-0.769231
558.189331,2.717949,0.271063,2.212514,0.021978,-0.769231
558.200439,2.703297,0.290599,2.212514,0.021978,-0.774115
558.210754,2.630039,0.305251,2.212514,0.007326,-0.769231
558.221008,2.586082,0.305251,2.212514,-0.007328,-0.774115
558.231323,2.615387,0.280830,2.212514,0.007326,-0.774115
558.242432,2.703297,0.261295,2.212514,0.007326,-0.774115
558.253540,2.747253,0.275947,2.212514,0.007326,-0.774115
558.265015,2.732601,0.290599,2.212514,-0.007328,-0.774115
558.275696,2.688644,0.290599,2.212514,0.007326,-0.778998
558.286011,2.644691,0.280830,2.212514,0.021978,-0.778998
558.296753,2.703297,0.251527,2.212514,0.021978,-0.774115
558.307861,2.703297,0.261295,2.212514,-0.007328,-0.774115
558.318604,2.703297,0.261295,2.212514,0.007326,-0.774115
558.329346,2.688644,0.275947,2.212514,-0.007328,-0.783883
558.339722,2.630039,0.271063,2.212514,0.007326,-0.783883
558.350830,2.659344,0.251527,2.212514,-0.007328,-0.778998
558.361572,2.673996,0.251527,2.212514,0.007326,-0.778998
558.372314,2.703297,0.236875,2.212514,0.007326,-0.778998
558.383057,2.659344,0.251527,2.212514,0.007326,-0.778998
558.393799,2.630039,0.251527,2.212514,0.021978,-0.783883
558.404541,2.644691,0.246643,2.212514,0.021978,-0.783883
558.414856,2.630039,0.246643,2.212514,0.007326,-0.788767
558.425537,2.659344,0.231991,2.212896,0.036631,-0.788767
558.435913,2.644691,0.251527,2.212514,-0.007328,-0.778998
558.446228,2.586082,0.256411,2.212514,0.021978,-0.783883
558.456970,2.600735,0.251527,2.212514,-0.007328,-0.783883
558.467285,2.586082,0.261295,2.212896,0.021978,-0.783883
558.476501,2.600735,0.246643,2.212896,0.007326,-0.783883
558.488708,2.644691,0.261295,2.212514,0.007326,-0.783883
558.499084,2.615387,0.266179,2.212514,0.007326,-0.783883
558.509460,2.615387,0.271063,2.212514,0.021978,-0.783883
558.519714,2.586082,0.275947,2.212896,0.007326,-0.783883
558.530396,2.615387,0.266179,2.212514,0.021978,-0.783883
558.541138,2.630039,0.275947,2.212514,-0.007328,-0.788767
558.551880,2.630039,0.275947,2.212896,0.021978,-0.783883
558.562256,2.630039,0.285715,2.212514,0.007326,-0.783883
558.572632,2.600735,0.295483,2.212514,-0.007328,-0.778998
558.583740,2.630039,0.275947,2.212896,0.021978,-0.788767
558.594421,2.659344,0.280830,2.212514,0.007326,-0.788767
558.605103,2.659344,0.275947,2.212896,0.021978,-0.788767
558.615845,2.717949,0.285715,2.212896,0.007326,-0.783883
558.626587,2.659344,0.300367,2.212896,0.007326,-0.783883
558.637329,2.688644,0.275947,2.212514,0.007326,-0.788767
558.648071,2.673996,0.280830,2.212896,0.007326,-0.793651
558.659180,2.732601,0.261295,2.212514,0.007326,-0.793651
558.670288,2.732601,0.280830,2.212896,0.021978,-0.793651
558.680969,2.688644,0.271063,2.212896,0.021978,-0.788767
558.692078,2.688644,0.266179,2.212896,0.007326,-0.788767
558.703186,2.717949,0.256411,2.212896,0.007326,-0.783883
558.713867,2.747253,0.241758,2.212514,-0.007328,-0.788767
558.725342,2.761906,0.241758,2.212896,0.007326,-0.788767
558.736084,2.717949,0.246643,2.212896,0.007326,-0.788767
558.747192,2.747253,0.236875,2.212896,0.007326,-0.793651
558.757935,2.717949,0.236875,2.212896,0.007326,-0.793651
558.769043,2.747253,0.217339,2.212896,0.021978,-0.793651
558.780151,2.747253,0.227107,2.212896,0.021978,-0.788767
558.791260,2.732601,0.231991,2.212514,-0.007328,-0.788767
558.802002,2.688644,0.241758,2.212896,0.036631,-0.788767
558.812744,2.673996,0.231991,2.212514,-0.021980,-0.783883
558.823853,2.732601,0.207571,2.212896,0.021978,-0.783883
558.834961,2.761906,0.212455,2.212896,0.007326,-0.783883
558.846436,2.776558,0.212455,2.212896,0.007326,-0.778998
558.857178,2.732601,0.236875,2.212896,0.007326,-0.783883
558.867859,2.688644,0.227107,2.212514,-0.007328,-0.788767
558.879333,2.747253,0.217339,2.212896,-0.007328,-0.783883
558.890747,2.820515,0.212455,2.212896,0.021978,-0.783883
558.902222,2.835167,0.222223,2.212896,0.021978,-0.783883
558.913696,2.776558,0.246643,2.212896,0.007326,-0.783883
558.924011,2.717949,0.241758,2.212896,0.021978,-0.783883
558.935120,2.717949,0.241758,2.212896,0.007326,-0.778998
558.945801,2.717949,0.227107,2.212896,0.007326,-0.778998
558.957275,2.776558,0.227107,2.212896,0.007326,-0.783883
558.968018,2.732601,0.236875,2.212896,-0.007328,-0.783883
558.979126,2.732601,0.231991,2.212896,0.007326,-0.783883
558.990234,2.703297,0.231991,2.212896,0.007326,-0.783883
559.001343,2.747253,0.212455,2.212896,0.007326,-0.778998
559.012451,2.791210,0.212455,2.212896,-0.007328,-0.778998
559.023560,2.747253,0.222223,2.212896,0.007326,-0.778998
559.034668,2.732601,0.222223,2.212896,0.007326,-0.783883
559.045410,2.732601,0.222223,2.212896,0.021978,-0.783883
559.056519,2.747253,0.197803,2.212896,0.021978,-0.783883
559.067993,2.805862,0.202686,2.212896,0.021978,-0.778998
559.079102,2.761906,0.207571,2.212896,0.007326,-0.774115
559.089783,2.732601,0.222223,2.212896,0.021978,-0.778998
559.100525,2.703297,0.217339,2.212514,-0.007328,-0.778998
559.111572,2.703297,0.207571,2.212896,0.007326,-0.778998
559.121155,2.717949,0.217339,2.212896,0.021978,-0.783883
559.133362,2.703297,0.212455,2.212896,-0.007328,-0.778998
559.144470,2.688644,0.227107,2.212896,-0.007328,-0.778998
559.154785,2.659344,0.227107,2.212896,0.021978,-0.778998
559.165833,2.703297,0.231991,2.212896,0.007326,-0.778998
559.176514,2.673996,0.227107,2.212896,-0.007328,-0.778998
559.187256,2.703297,0.222223,2.212896,0.007326,-0.778998
559.198364,2.703297,0.227107,2.212896,0.007326,-0.778998
559.209106,2.688644,0.236875,2.212896,0.007326,-0.778998
559.219849,2.673996,0.241758,2.212896,0.007326,-0.774115
559.230591,2.659344,0.241758,2.212896,0.007326,-0.774115
559.241638,2.703297,0.231991,2.212896,0.007326,-0.774115
559.252319,2.717949,0.241758,2.212896,-0.007328,-0.774115
559.263428,2.717949,0.241758,2.212896,0.007326,-0.778998
559.274536,2.717949,0.241758,2.212896,0.021978,-0.778998
559.285645,2.747253,0.236875,2.212896,0.007326,-0.769231
559.296753,2.776558,0.227107,2.212896,0.007326,-0.769231
559.307861,2.776558,0.236875,2.212896,0.007326,-0.774115
559.319336,2.791210,0.227107,2.212896,-0.007328,-0.769231
559.330444,2.776558,0.241758,2.212896,0.021978,-0.769231
559.341553,2.776558,0.222223,2.212896,0.007326,-0.769231
559.353394,2.805862,0.222223,2.212896,0.007326,-0.769231
559.364441,2.820515,0.222223,2.212896,0.007326,-0.769231
559.375488,2.820515,0.231991,2.212896,0.007326,-0.769231
559.386230,2.747253,0.241758,2.212514,-0.007328,-0.769231
559.397339,2.703297,0.227107,2.212896,0.021978,-0.774115
559.408081,2.732601,0.212455,2.212896,0.007326,-0.769231
559.419556,2.747253,0.197803,2.212896,0.007326,-0.764347
559.431030,2.835167,0.197803,2.212896,0.007326,-0.764347
559.442139,2.791210,0.202686,2.212896,-0.007328,-0.764347
559.453613,2.820515,0.197803,2.212896,0.007326,-0.764347
559.464722,2.791210,0.197803,2.212896,0.007326,-0.769231
559.476196,2.820515,0.183151,2.212896,0.007326,-0.769231
559.487305,2.820515,0.197803,2.212896,0.007326,-0.764347
559.498779,2.805862,0.192919,2.212896,0.007326,-0.764347
559.509888,2.791210,0.197803,2.212896,0.021978,-0.769231
559.520996,2.791210,0.188035,2.212896,-0.007328,-0.764347
559.532471,2.835167,0.183151,2.212896,0.007326,-0.759462
559.543945,2.849819,0.183151,2.212896,0.007326,-0.764347
559.555420,2.849819,0.188035,2.212896,0.007326,-0.764347
559.566895,2.805862,0.202686,2.212896,0.007326,-0.764347
559.578003,2.776558,0.197803,2.212514,-0.007328,-0.764347
559.589478,2.820515,0.188035,2.212896,0.007326,-0.764347
559.600891,2.849819,0.197803,2.212896,0.021978,-0.764347
559.612366,2.864471,0.197803,2.212896,0.007326,-0.759462
559.623474,2.805862,0.212455,2.212896,0.007326,-0.764347
559.634949,2.791210,0.212455,2.212896,0.007326,-0.764347
559.646057,2.776558,0.217339,2.212896,0.021978,-0.764347
559.657166,2.776558,0.207571,2.212896,0.007326,-0.759462
559.668274,2.761906,0.217339,2.212896,-0.007328,-0.759462
559.679382,2.732601,0.207571,2.212514,-0.007328,-0.759462
559.690430,2.747253,0.202686,2.212896,0.007326,-0.764347
559.701538,2.776558,0.202686,2.212896,-0.007328,-0.764347
559.712646,2.747253,0.197803,2.212896,0.021978,-0.764347
559.724121,2.776558,0.197803,2.212896,0.007326,-0.754579
559.735229,2.776558,0.197803,2.212896,0.007326,-0.754579
559.746338,2.776558,0.197803,2.212896,0.007326,-0.754579
559.757446,2.776558,0.197803,2.212896,-0.007328,-0.759462
559.768555,2.761906,0.188035,2.212896,0.007326,-0.759462
559.779663,2.761906,0.197803,2.212896,0.007326,-0.764347
559.790771,2.761906,0.188035,2.212896,0.007326,-0.754579
559.802246,2.761906,0.197803,2.212896,0.007326,-0.754579
559.812927,2.747253,0.192919,2.212896,0.007326,-0.759462
559.824036,2.761906,0.197803,2.212896,0.021978,-0.754579
559.835144,2.776558,0.197803,2.212896,-0.007328,-0.754579
559.846252,2.776558,0.202686,2.212896,0.021978,-0.749695
559.857361,2.732601,0.227107,2.212896,0.007326,-0.749695
559.868042,2.717949,0.217339,2.212896,0.007326,-0.749695
559.879150,2.732601,0.222223,2.212896,-0.007328,-0.744811
559.889893,2.717949,0.212455,2.212896,0.007326,-0.749695
559.901367,2.776558,0.212455,2.212514,-0.007328,-0.749695
559.912476,2.747253,0.222223,2.212896,0.021978,-0.749695
559.923584,2.791210,0.222223,2.212896,0.007326,-0.749695
559.934692,2.761906,0.227107,2.212896,0.007326,-0.749695
559.945801,2.761906,0.222223,2.212896,0.021978,-0.749695
559.956909,2.776558,0.222223,2.212896,0.007326,-0.739926
559.968018,2.761906,0.222223,2.212514,-0.007328,-0.739926
559.979126,2.776558,0.212455,2.212896,0.021978,-0.744811
559.990601,2.761906,0.217339,2.212896,0.021978,-0.739926
560.001709,2.791210,0.202686,2.212896,0.007326,-0.735043
560.013184,2.791210,0.217339,2.212896,0.007326,-0.735043
560.024231,2.791210,0.207571,2.212514,-0.007328,-0.735043
560.035339,2.805862,0.207571,2.212514,-0.007328,-0.735043
560.046814,2.791210,0.202686,2.212896,0.007326,-0.739926
560.058289,2.835167,0.202686,2.212896,0.007326,-0.739926
560.069336,2.805862,0.207571,2.212896,0.007326,-0.739926
560.080444,2.791210,0.207571,2.212896,0.021978,-0.735043
560.091553,2.732601,0.212455,2.212896,0.021978,-0.735043
560.102661,2.747253,0.197803,2.212896,0.007326,-0.730159
560.113770,2.776558,0.188035,2.212896,0.007326,-0.730159
560.125244,2.791210,0.188035,2.212896,0.007326,-0.730159
560.136353,2.820515,0.188035,2.212896,0.021978,-0.739926
560.147461,2.805862,0.202686,2.212514,0.007326,-0.735043
560.158936,2.805862,0.188035,2.212514,0.021978,-0.730159
560.170410,2.820515,0.183151,2.212514,-0.007328,-0.730159
560.181519,2.791210,0.173383,2.212896,0.021978,-0.730159
560.192993,2.820515,0.178267,2.212896,0.007326,-0.730159
560.204102,2.791210,0.178267,2.212514,0.007326,-0.730159
560.215576,2.805862,0.178267,2.212514,0.007326,-0.730159
560.226685,2.791210,0.188035,2.212514,0.007326,-0.730159
560.238159,2.820515,0.183151,2.212514,-0.007328,-0.725275
560.249207,2.776558,0.192919,2.212514,0.007326,-0.725275
560.260254,2.761906,0.197803,2.212514,0.007326,-0.725275
560.270996,2.747253,0.197803,2.212514,0.007326,-0.720390
560.282104,2.761906,0.197803,2.212514,0.021978,-0.720390
560.293579,2.776558,0.192919,2.212896,0.007326,-0.720390
560.304688,2.791210,0.197803,2.212514,0.007326,-0.720390
560.316162,2.805862,0.202686,2.212514,-0.007328,-0.720390
560.327271,2.791210,0.217339,2.212514,-0.007328,-0.720390
560.338379,2.761906,0.212455,2.212514,0.021978,-0.715507
560.349854,2.805862,0.212455,2.212514,-0.007328,-0.715507
560.360962,2.776558,0.217339,2.212514,0.007326,-0.715507
560.372070,2.761906,0.222223,2.212514,-0.021980,-0.715507
560.382813,2.717949,0.236875,2.212514,0.007326,-0.715507
560.393921,2.732601,0.217339,2.212514,-0.007328,-0.715507
560.405029,2.761906,0.222223,2.212514,0.007326,-0.710623
560.416138,2.776558,0.212455,2.212514,0.021978,-0.710623
560.427246,2.776558,0.222223,2.212514,0.021978,-0.710623
560.438354,2.747253,0.227107,2.212514,-0.007328,-0.705739
560.448303,2.732601,0.227107,2.212514,-0.007328,-0.705739
560.460510,2.732601,0.222223,2.212514,0.007326,-0.705739
560.471252,2.732601,0.222223,2.212514,-0.007328,-0.700854
560.482727,2.776558,0.212455,2.212514,0.021978,-0.705739
560.493774,2.761906,0.222223,2.212514,0.007326,-0.705739
560.504883,2.776558,0.217339,2.212514,-0.007328,-0.700854
560.515991,2.747253,0.236875,2.212514,-0.021980,-0.705739
560.527100,2.747253,0.222223,2.212514,0.021978,-0.705739
560.537842,2.717949,0.236875,2.212514,0.007326,-0.700854
560.548584,2.703297,0.222223,2.212514,0.007326,-0.695971
560.559692,2.717949,0.227107,2.212514,0.007326,-0.691087
560.570435,2.703297,0.227107,2.212514,-0.007328,-0.695971
560.581543,2.761906,0.217339,2.212514,-0.007328,-0.695971
560.592651,2.747253,0.227107,2.212514,0.007326,-0.695971
560.603760,2.747253,0.222223,2.212514,0.021978,-0.695971
560.614868,2.747253,0.227107,2.212514,0.007326,-0.686203
560.625610,2.747253,0.212455,2.212514,0.007326,-0.686203
560.637085,2.776558,0.212455,2.212514,0.007326,-0.691087
560.648193,2.776558,0.212455,2.212514,-0.007328,-0.691087
560.659302,2.761906,0.207571,2.212514,0.007326,-0.686203
560.670410,2.776558,0.212455,2.212514,-0.007328,-0.686203
560.681885,2.761906,0.207571,2.212514,0.007326,-0.691087
560.692993,2.791210,0.207571,2.212514,0.021978,-0.691087
560.704102,2.791210,0.202686,2.212514,0.007326,-0.686203
560.715576,2.835167,0.202686,2.212514,0.021978,-0.686203
560.726685,2.791210,0.222223,2.212514,0.007326,-0.686203
560.737793,2.761906,0.217339,2.212514,0.007326,-0.681318
560.748901,2.761906,0.217339,2.212514,-0.007328,-0.686203
560.760010,2.776558,0.207571,2.212514,-0.007328,-0.681318
560.771851,2.835167,0.212455,2.212514,0.007326,-0.686203
560.782959,2.835167,0.217339,2.212514,-0.007328,-0.681318
560.794434,2.820515,0.217339,2.212514,-0.007328,-0.686203
560.805542,2.805862,0.217339,2.212514,-0.007328,-0.681318
560.817017,2.805862,0.207571,2.212514,0.007326,-0.676435
560.828125,2.791210,0.207571,2.212514,-0.007328,-0.681318
560.839233,2.776558,0.207571,2.212514,0.021978,-0.686203
560.850342,2.776558,0.202686,2.212514,-0.007328,-0.681318
560.861450,2.761906,0.207571,2.212514,-0.007328,-0.681318
560.872925,2.791210,0.192919,2.212514,0.007326,-0.681318
560.884033,2.776558,0.202686,2.212514,-0.007328,-0.676435
560.893616,2.761906,0.197803,2.212514,0.007326,-0.676435
560.906189,2.732601,0.212455,2.212514,0.007326,-0.681318
560.916931,2.717949,0.202686,2.212514,0.007326,-0.676435
560.927979,2.717949,0.197803,2.212514,0.007326,-0.681318
560.939087,2.747253,0.192919,2.212514,0.007326,-0.676435
560.950195,2.776558,0.197803,2.212514,0.007326,-0.676435
560.961670,2.791210,0.207571,2.212514,0.021978,-0.676435
560.972778,2.791210,0.212455,2.212514,0.021978,-0.671551
560.983887,2.761906,0.217339,2.212514,-0.007328,-0.671551
560.994995,2.761906,0.217339,2.212514,0.007326,-0.671551
561.006104,2.776558,0.227107,2.212514,0.021978,-0.671551
561.017212,2.747253,0.236875,2.212514,0.021978,-0.671551
561.028320,2.732601,0.236875,2.212514,0.007326,-0.671551
561.039063,2.747253,0.236875,2.212514,0.007326,-0.666667
561.050537,2.776558,0.227107,2.212514,0.021978,-0.666667
561.062012,2.805862,0.231991,2.212514,-0.007328,-0.666667
561.073120,2.791210,0.241758,2.212514,0.007326,-0.671551
561.084229,2.761906,0.241758,2.212514,0.007326,-0.666667
561.095337,2.761906,0.241758,2.212514,0.021978,-0.671551
561.106445,2.776558,0.222223,2.212514,0.007326,-0.666667
561.117920,2.820515,0.222223,2.212514,0.007326,-0.666667
561.129395,2.820515,0.227107,2.212514,0.007326,-0.666667
561.140503,2.805862,0.241758,2.212514,0.007326,-0.661782
561.151611,2.747253,0.227107,2.212514,0.036631,-0.666667
561.163086,2.791210,0.212455,2.212514,-0.007328,-0.661782
561.174194,2.791210,0.212455,2.212514,-0.007328,-0.661782
561.185669,2.820515,0.217339,2.212514,0.007326,-0.661782
561.196777,2.761906,0.227107,2.212133,-0.007328,-0.656898
561.207886,2.761906,0.217339,2.212514,0.007326,-0.656898
561.218994,2.747253,0.217339,2.212133,0.007326,-0.661782
561.230103,2.761906,0.212455,2.212133,0.007326,-0.661782
561.241211,2.776558,0.202686,2.212133,0.007326,-0.661782
561.252686,2.791210,0.207571,2.212133,-0.007328,-0.656898
561.263794,2.791210,0.202686,2.212133,0.007326,-0.656898
561.274902,2.776558,0.217339,2.212133,-0.007328,-0.656898
561.286011,2.761906,0.202686,2.212133,0.007326,-0.656898
561.297119,2.776558,0.202686,2.212133,0.007326,-0.656898
561.308228,2.761906,0.197803,2.212133,-0.007328,-0.656898
561.319702,2.791210,0.192919,2.212514,0.021978,-0.656898
561.330444,2.761906,0.197803,2.212514,0.007326,-0.656898
561.341919,2.791210,0.192919,2.212133,0.007326,-0.652015
561.353027,2.761906,0.197803,2.212133,0.021978,-0.652015
561.364136,2.761906,0.197803,2.212133,-0.007328,-0.652015
561.375244,2.776558,0.197803,2.212514,0.007326,-0.652015
561.386353,2.776558,0.197803,2.212133,0.007326,-0.652015
561.397827,2.820515,0.192919,2.212133,0.007326,-0.647131
561.408936,2.820515,0.207571,2.212133,0.007326,-0.652015
561.420410,2.791210,0.207571,2.212133,0.007326,-0.647131
561.431519,2.776558,0.217339,2.212133,0.021978,-0.647131
561.442261,2.747253,0.202686,2.212133,-0.007328,-0.647131
561.453735,2.776558,0.202686,2.212133,0.021978,-0.647131
561.464844,2.791210,0.197803,2.212133,-0.007328,-0.647131
561.476318,2.805862,0.202686,2.212133,0.021978,-0.642246
561.487061,2.732601,0.217339,2.212133,0.007326,-0.637362
561.498169,2.747253,0.212455,2.212133,-0.007328,-0.637362
561.509277,2.732601,0.212455,2.212133,0.007326,-0.642246
561.520386,2.732601,0.197803,2.212133,0.007326,-0.642246
561.531494,2.776558,0.197803,2.212133,0.021978,-0.637362
561.542603,2.776558,0.207571,2.212133,0.007326,-0.637362
561.553711,2.761906,0.212455,2.212133,0.007326,-0.637362
561.564819,2.732601,0.212455,2.212133,0.007326,-0.637362
561.575500,2.747253,0.212455,2.212133,0.007326,-0.632479
561.586609,2.732601,0.217339,2.212133,0.007326,-0.637362
561.597229,2.673996,0.231991,2.212133,0.007326,-0.637362
561.607910,2.688644,0.222223,2.212133,0.021978,-0.637362
561.618652,2.659344,0.231991,2.212133,0.007326,-0.632479
561.629395,2.688644,0.217339,2.212133,0.007326,-0.627595
561.640503,2.688644,0.236875,2.212133,0.007326,-0.627595
561.651184,2.688644,0.241758,2.212133,-0.007328,-0.632479
561.661865,2.673996,0.246643,2.212133,0.007326,-0.632479
561.672607,2.659344,0.261295,2.212133,0.007326,-0.632479
561.683350,2.659344,0.246643,2.212133,0.007326,-0.632479
561.694092,2.688644,0.246643,2.212133,0.021978,-0.632479
561.705200,2.732601,0.241758,2.212133,-0.007328,-0.627595
561.716309,2.717949,0.256411,2.212133,0.007326,-0.627595
561.727051,2.703297,0.266179,2.212133,0.007326,-0.627595
561.738159,2.703297,0.256411,2.212133,0.007326,-0.627595
561.749268,2.732601,0.251527,2.212133,-0.007328,-0.627595
561.760376,2.761906,0.251527,2.212133,0.007326,-0.632479
561.771484,2.761906,0.266179,2.212133,-0.007328,-0.627595
561.782227,2.703297,0.266179,2.212133,0.007326,-0.622710
561.793335,2.732601,0.256411,2.212133,0.007326,-0.627595
561.804443,2.732601,0.251527,2.212133,-0.007328,-0.622710
561.815918,2.791210,0.246643,2.212133,0.021978,-0.622710
561.826660,2.776558,0.251527,2.212133,-0.007328,-0.622710
561.837769,2.761906,0.246643,2.212133,0.007326,-0.622710
561.849243,2.776558,0.246643,2.212133,0.007326,-0.622710
561.860352,2.761906,0.236875,2.212133,0.007326,-0.627595
561.871460,2.776558,0.227107,2.212133,0.021978,-0.622710
561.882568,2.776558,0.231991,2.212133,0.007326,-0.622710
561.893677,2.791210,0.227107,2.212133,-0.007328,-0.622710
561.904785,2.761906,0.236875,2.212133,0.021978,-0.622710
561.915527,2.703297,0.222223,2.212133,0.007326,-0.617826
561.926636,2.747253,0.222223,2.212133,0.007326,-0.617826
561.937744,2.703297,0.222223,2.212133,0.007326,-0.622710
561.948486,2.717949,0.217339,2.212133,-0.007328,-0.617826
561.959595,2.688644,0.231991,2.212133,0.007326,-0.617826
561.970276,2.688644,0.212455,2.212133,0.007326,-0.622710
561.981323,2.717949,0.217339,2.212133,-0.007328,-0.617826
561.992065,2.717949,0.212455,2.212133,0.007326,-0.617826
562.003113,2.732601,0.222223,2.212133,0.007326,-0.612943
562.013855,2.717949,0.222223,2.212133,-0.007328,-0.617826
562.024963,2.732601,0.227107,2.212133,0.007326,-0.617826
562.036011,2.732601,0.227107,2.212133,0.007326,-0.617826
562.046753,2.717949,0.231991,2.212133,0.007326,-0.617826
562.057861,2.732601,0.222223,2.212133,-0.007328,-0.612943
562.068604,2.688644,0.231991,2.212133,0.021978,-0.617826
562.079346,2.703297,0.227107,2.212133,0.007326,-0.612943
562.090088,2.688644,0.236875,2.212133,0.007326,-0.617826
562.101196,2.717949,0.227107,2.212133,-0.007328,-0.617826
562.112244,2.717949,0.227107,2.212133,0.007326,-0.617826
562.122925,2.717949,0.236875,2.212133,-0.007328,-0.617826
562.133606,2.703297,0.231991,2.212133,-0.007328,-0.617826
562.144348,2.673996,0.236875,2.212133,0.021978,-0.617826
562.155334,2.703297,0.212455,2.212133,0.021978,-0.612943
562.166382,2.747253,0.222223,2.212133,0.007326,-0.612943
562.177124,2.703297,0.231991,2.212133,0.021978,-0.617826
562.187805,2.688644,0.241758,2.212133,0.007326,-0.612943
562.198547,2.688644,0.241758,2.212133,0.007326,-0.612943
562.209656,2.688644,0.227107,2.212133,0.007326,-0.617826
562.220398,2.703297,0.236875,2.212133,0.021978,-0.617826
562.231506,2.703297,0.236875,2.212133,0.007326,-0.612943
562.241821,2.659344,0.251527,2.212133,-0.007328,-0.617826
562.252502,2.630039,0.256411,2.212133,0.007326,-0.617826
562.263184,2.644691,0.246643,2.212133,0.007326,-0.612943
562.273560,2.630039,0.256411,2.212133,0.007326,-0.617826
562.284302,2.659344,0.241758,2.212133,0.007326,-0.612943
562.295044,2.659344,0.261295,2.212133,0.007326,-0.612943
562.305725,2.644691,0.266179,2.212133,0.007326,-0.617826
562.316406,2.630039,0.275947,2.212133,0.036631,-0.612943
562.326721,2.615387,0.266179,2.212133,0.021978,-0.612943
562.337402,2.659344,0.251527,2.212133,0.007326,-0.608059
562.348511,2.673996,0.275947,2.212133,0.007326,-0.612943
562.358826,2.630039,0.285715,2.212133,-0.007328,-0.617826
562.369141,2.630039,0.285715,2.212133,0.007326,-0.617826
562.379517,2.600735,0.280830,2.212133,0.021978,-0.617826
562.390625,2.673996,0.256411,2.212133,0.007326,-0.612943
562.401672,2.747253,0.266179,2.212133,0.007326,-0.612943
562.412781,2.717949,0.275947,2.212133,0.007326,-0.612943
562.423523,2.703297,0.290599,2.212133,-0.007328,-0.612943
562.434265,2.659344,0.285715,2.212133,0.021978,-0.617826
562.445374,2.703297,0.271063,2.212133,0.007326,-0.617826
562.456055,2.717949,0.261295,2.212133,0.007326,-0.617826
562.467163,2.732601,0.251527,2.212133,-0.007328,-0.617826
562.478271,2.776558,0.261295,2.212133,0.007326,-0.617826
562.489380,2.732601,0.275947,2.212133,-0.007328,-0.622710
562.500122,2.717949,0.266179,2.212133,0.021978,-0.622710
562.510864,2.673996,0.261295,2.212133,0.007326,-0.622710
562.521545,2.688644,0.246643,2.212133,0.007326,-0.622710
562.532654,2.703297,0.246643,2.212133,0.007326,-0.617826
562.542908,2.659344,0.256411,2.212133,0.021978,-0.622710
562.554016,2.673996,0.236875,2.212133,-0.007328,-0.617826
562.564636,2.673996,0.236875,2.212133,0.007326,-0.622710
562.575745,2.732601,0.222223,2.212133,0.007326,-0.622710
562.586487,2.703297,0.236875,2.212133,0.007326,-0.617826
562.597595,2.703297,0.231991,2.212133,-0.007328,-0.617826
562.608215,2.673996,0.236875,2.212133,-0.007328,-0.617826
562.618896,2.659344,0.236875,2.212133,0.007326,-0.627595
562.630005,2.703297,0.241758,2.212133,0.007326,-0.627595
562.640381,2.644691,0.256411,2.212133,0.021978,-0.627595
562.651062,2.630039,0.246643,2.212133,-0.007328,-0.622710
562.661743,2.659344,0.256411,2.212133,0.007326,-0.627595
562.672119,2.659344,0.251527,2.212133,-0.007328,-0.622710
562.683228,2.703297,0.246643,2.212133,-0.007328,-0.627595
562.694336,2.703297,0.256411,2.212133,0.007326,-0.627595
562.704712,2.659344,0.246643,2.212133,0.007326,-0.627595
562.715820,2.688644,0.266179,2.212133,0.021978,-0.627595
562.726196,2.644691,0.256411,2.212133,0.007326,-0.627595
562.737305,2.673996,0.246643,2.212133,0.007326,-0.627595
562.748047,2.673996,0.251527,2.212133,0.007326,-0.627595
562.758789,2.673996,0.251527,2.212133,0.021978,-0.627595
562.769470,2.673996,0.266179,2.212133,0.007326,-0.627595
562.779785,2.630039,0.251527,2.212133,0.007326,-0.632479
562.790894,2.673996,0.251527,2.212133,0.021978,-0.632479
562.801575,2.688644,0.251527,2.212133,0.007326,-0.637362
562.812622,2.688644,0.256411,2.212133,0.007326,-0.637362
562.823364,2.659344,0.256411,2.212133,0.007326,-0.637362
562.834106,2.659344,0.261295,2.212133,0.007326,-0.637362
562.844482,2.644691,0.261295,2.212133,0.007326,-0.642246
562.855164,2.630039,0.261295,2.212133,-0.007328,-0.637362
562.865906,2.673996,0.251527,2.212133,0.021978,-0.637362
562.876648,2.644691,0.261295,2.212133,0.007326,-0.637362
562.886963,2.630039,0.266179,2.212133,-0.007328,-0.632479
562.897644,2.615387,0.275947,2.212133,0.007326,-0.637362
562.907898,2.586082,0.275947,2.212133,0.007326,-0.642246
562.918274,2.615387,0.261295,2.212133,-0.007328,-0.637362
562.929016,2.630039,0.271063,2.212133,0.007326,-0.642246
562.939758,2.615387,0.280830,2.212133,0.007326,-0.647131
562.949707,2.556778,0.290599,2.212133,0.007326,-0.647131
562.960083,2.527473,0.285715,2.212133,0.007326,-0.642246
562.970398,2.571430,0.280830,2.212133,0.007326,-0.647131
562.980713,2.586082,0.280830,2.212133,0.007326,-0.652015
562.991028,2.586082,0.295483,2.212133,-0.007328,-0.652015
563.001343,2.542126,0.310135,2.212133,0.021978,-0.656898
563.011292,2.512821,0.305251,2.212133,-0.007328,-0.652015
563.021606,2.527473,0.295483,2.212133,0.036631,-0.652015
563.031982,2.556778,0.300367,2.212133,-0.007328,-0.652015
563.042358,2.586082,0.305251,2.212133,0.007326,-0.652015
563.053101,2.600735,0.315019,2.212133,0.007326,-0.656898
563.063416,2.542126,0.324787,2.212133,0.007326,-0.656898
563.073730,2.600735,0.310135,2.212133,0.007326,-0.656898
563.084106,2.615387,0.315019,2.212133,0.007326,-0.652015
563.094849,2.644691,0.295483,2.212133,0.007326,-0.656898
563.105957,2.688644,0.310135,2.212133,0.007326,-0.661782
563.116699,2.673996,0.319902,2.212133,0.007326,-0.661782
563.127075,2.600735,0.319902,2.212133,0.021978,-0.656898
563.137756,2.644691,0.300367,2.212133,0.007326,-0.656898
563.148438,2.688644,0.275947,2.212133,0.021978,-0.661782
563.159912,2.732601,0.275947,2.212133,0.021978,-0.656898
563.170654,2.717949,0.295483,2.212133,0.007326,-0.656898
563.181396,2.673996,0.295483,2.212133,0.007326,-0.661782
563.191772,2.630039,0.290599,2.212133,0.007326,-0.661782
563.202515,2.630039,0.266179,2.212133,0.007326,-0.661782
563.213257,2.688644,0.256411,2.212133,-0.007328,-0.666667
563.224365,2.673996,0.261295,2.212133,-0.007328,-0.666667
563.235107,2.673996,0.266179,2.212133,0.021978,-0.671551
563.245422,2.630039,0.275947,2.212133,0.007326,-0.671551
563.255737,2.630039,0.261295,2.212133,0.021978,-0.671551
563.266479,2.630039,0.251527,2.212133,0.021978,-0.671551
563.277161,2.615387,0.256411,2.212133,0.007326,-0.676435
563.287842,2.644691,0.261295,2.212133,-0.007328,-0.676435
563.298157,2.586082,0.275947,2.212133,0.007326,-0.676435
563.308411,2.586082,0.275947,2.212133,0.021978,-0.676435
563.318359,2.556778,0.266179,2.212133,0.007326,-0.676435
563.328735,2.542126,0.271063,2.212133,0.021978,-0.671551
563.338684,2.512821,0.271063,2.212133,-0.007328,-0.671551
563.348938,2.498169,0.280830,2.212133,0.007326,-0.676435
563.358459,2.468864,0.285715,2.212133,0.021978,-0.676435
563.368347,2.468864,0.290599,2.212133,0.007326,-0.676435
563.378235,2.439564,0.300367,2.212133,0.021978,-0.676435
563.388123,2.483517,0.300367,2.212133,0.021978,-0.686203
563.398010,2.439564,0.334555,2.212133,-0.007328,-0.681318
563.407532,2.424911,0.329671,2.212133,0.007326,-0.681318
563.417419,2.454216,0.329671,2.212133,0.007326,-0.681318
563.427368,2.468864,0.339439,2.212133,0.021978,-0.686203
563.437317,2.498169,0.334555,2.212133,0.007326,-0.686203
563.447632,2.512821,0.349207,2.212133,0.036631,-0.686203
563.456421,2.483517,0.358974,2.212133,-0.007328,-0.686203
563.467896,2.468864,0.358974,2.212133,0.021978,-0.691087
563.477478,2.454216,0.363859,2.212133,0.007326,-0.691087
563.487427,2.454216,0.363859,2.212133,0.021978,-0.691087
563.497375,2.483517,0.344323,2.212133,0.007326,-0.686203
563.507385,2.483517,0.363859,2.212133,0.007326,-0.691087
563.517273,2.483517,0.358974,2.212133,-0.007328,-0.691087
563.527161,2.483517,0.368743,2.212133,0.007326,-0.695971
563.537048,2.439564,0.368743,2.212133,0.007326,-0.695971
563.546936,2.468864,0.349207,2.212133,0.021978,-0.691087
563.556885,2.512821,0.349207,2.212133,0.007326,-0.695971
563.567200,2.527473,0.354091,2.212133,-0.007328,-0.695971
563.577148,2.483517,0.373627,2.212133,-0.007328,-0.695971
563.586731,2.439564,0.378511,2.212133,0.021978,-0.700854
563.596680,2.439564,0.354091,2.212133,0.007326,-0.700854
563.606628,2.483517,0.349207,2.212133,0.021978,-0.700854
563.616943,2.512821,0.349207,2.212133,0.007326,-0.695971
563.626892,2.512821,0.349207,2.212133,0.007326,-0.695971
563.636780,2.468864,0.368743,2.212133,0.007326,-0.700854
563.646301,2.424911,0.363859,2.212133,0.007326,-0.700854
563.656250,2.468864,0.344323,2.212133,0.007326,-0.705739
563.666565,2.468864,0.349207,2.212133,0.007326,-0.705739
563.676514,2.498169,0.324787,2.212133,0.007326,-0.710623
563.686890,2.512821,0.344323,2.212133,-0.007328,-0.710623
563.696838,2.483517,0.354091,2.212133,-0.007328,-0.710623
563.706726,2.483517,0.344323,2.212514,0.021978,-0.710623
563.716614,2.498169,0.344323,2.212133,0.007326,-0.710623
563.726563,2.527473,0.319902,2.212133,0.007326,-0.710623
563.737305,2.556778,0.329671,2.212133,-0.007328,-0.710623
563.747253,2.527473,0.344323,2.212133,0.007326,-0.715507
563.757507,2.512821,0.354091,2.212133,0.021978,-0.720390
563.767395,2.498169,0.344323,2.212133,0.007326,-0.710623
563.777344,2.527473,0.329671,2.212514,0.007326,-0.710623
563.788086,2.586082,0.324787,2.212133,0.007326,-0.715507
563.798828,2.600735,0.334555,2.212133,-0.007328,-0.715507
563.809204,2.615387,0.339439,2.212133,0.007326,-0.720390
563.819580,2.542126,0.349207,2.212133,0.007326,-0.720390
563.829529,2.527473,0.334555,2.212133,-0.007328,-0.720390
563.840210,2.600735,0.315019,2.212133,0.007326,-0.720390
563.850952,2.630039,0.310135,2.212133,0.007326,-0.720390
563.861694,2.644691,0.315019,2.212133,0.007326,-0.720390
563.872009,2.586082,0.339439,2.212514,0.021978,-0.720390
563.881958,2.542126,0.324787,2.212133,0.007326,-0.720390
563.892334,2.571430,0.315019,2.212514,0.021978,-0.720390
563.903076,2.615387,0.300367,2.212514,0.007326,-0.720390
563.913818,2.659344,0.300367,2.212514,0.021978,-0.725275
563.924561,2.615387,0.315019,2.212514,0.007326,-0.725275
563.934509,2.600735,0.315019,2.212133,0.007326,-0.730159
563.945251,2.600735,0.305251,2.212514,0.021978,-0.730159
563.955566,2.600735,0.295483,2.212133,0.007326,-0.730159
563.966309,2.615387,0.280830,2.212514,0.007326,-0.730159
563.976685,2.600735,0.300367,2.212514,0.007326,-0.730159
563.986633,2.542126,0.300367,2.212514,0.007326,-0.730159
563.997009,2.542126,0.290599,2.212514,0.007326,-0.739926
564.006897,2.498169,0.295483,2.212514,0.007326,-0.735043
564.017212,2.542126,0.275947,2.212514,0.021978,-0.735043
564.027527,2.556778,0.290599,2.212514,0.021978,-0.735043
564.037476,2.498169,0.295483,2.212514,0.007326,-0.735043
564.047424,2.498169,0.300367,2.212514,0.021978,-0.735043
564.057373,2.468864,0.310135,2.212514,-0.007328,-0.735043
564.067322,2.468864,0.300367,2.212514,0.007326,-0.735043
564.077271,2.483517,0.295483,2.212514,0.021978,-0.739926
564.087219,2.498169,0.300367,2.212514,0.007326,-0.735043
564.097534,2.512821,0.300367,2.212514,-0.007328,-0.735043
564.107483,2.512821,0.319902,2.212514,-0.007328,-0.739926
564.117371,2.498169,0.329671,2.212514,0.021978,-0.744811
564.127258,2.512821,0.315019,2.212514,0.007326,-0.744811
564.137573,2.498169,0.324787,2.212514,-0.007328,-0.744811
564.147888,2.527473,0.319902,2.212514,0.007326,-0.744811
564.157776,2.527473,0.334555,2.212514,0.007326,-0.749695
564.167664,2.498169,0.344323,2.212514,0.007326,-0.744811
564.177979,2.498169,0.339439,2.212514,-0.007328,-0.744811
564.187927,2.498169,0.344323,2.212514,0.007326,-0.749695
564.198181,2.542126,0.329671,2.212514,0.007326,-0.754579
564.208435,2.556778,0.344323,2.212514,0.007326,-0.749695
564.218323,2.512821,0.344323,2.212514,0.007326,-0.754579
564.228271,2.527473,0.339439,2.212514,0.007326,-0.749695
564.238647,2.527473,0.339439,2.212514,0.007326,-0.749695
564.248962,2.556778,0.329671,2.212514,0.007326,-0.749695
564.258118,2.556778,0.329671,2.212514,0.007326,-0.754579
564.269592,2.542126,0.344323,2.212514,-0.007328,-0.759462
564.279602,2.527473,0.334555,2.212514,0.021978,-0.759462
564.289917,2.527473,0.339439,2.212514,0.007326,-0.759462
564.299866,2.498169,0.329671,2.212514,0.007326,-0.759462
564.310547,2.600735,0.315019,2.212514,0.007326,-0.754579
564.320923,2.600735,0.334555,2.212514,0.021978,-0.759462
564.331299,2.571430,0.329671,2.212514,0.007326,-0.759462
564.341614,2.527473,0.349207,2.212514,0.036631,-0.759462
564.351501,2.498169,0.329671,2.212514,0.007326,-0.754579
564.361816,2.542126,0.305251,2.212514,0.007326,-0.754579
564.372131,2.600735,0.310135,2.212514,0.007326,-0.759462
564.382813,2.600735,0.305251,2.212514,-0.007328,-0.754579
564.393127,2.586082,0.324787,2.212514,0.007326,-0.769231
564.403076,2.527473,0.329671,2.212514,0.021978,-0.769231
564.413391,2.542126,0.305251,2.212514,0.021978,-0.764347
564.423645,2.571430,0.305251,2.212514,-0.007328,-0.759462
564.433960,2.571430,0.300367,2.212514,0.007326,-0.764347
564.444702,2.630039,0.310135,2.212514,0.007326,-0.769231
564.454651,2.556778,0.329671,2.212514,0.021978,-0.769231
564.464966,2.571430,0.310135,2.212514,0.007326,-0.769231
564.475647,2.571430,0.319902,2.212514,0.007326,-0.769231
564.485962,2.615387,0.300367,2.212514,0.007326,-0.769231
564.497070,2.673996,0.305251,2.212514,0.007326,-0.769231
564.507385,2.600735,0.329671,2.212514,0.007326,-0.774115
564.517334,2.571430,0.319902,2.212514,0.007326,-0.774115
564.527283,2.542126,0.319902,2.212514,0.007326,-0.774115
564.537537,2.571430,0.290599,2.212514,0.007326,-0.774115
564.549011,2.717949,0.280830,2.212514,0.021978,-0.774115
564.559692,2.717949,0.305251,2.212514,0.007326,-0.769231
564.570435,2.659344,0.310135,2.212514,0.007326,-0.769231
564.580750,2.615387,0.315019,2.212514,0.021978,-0.774115
564.591003,2.571430,0.290599,2.212514,0.007326,-0.778998
564.601685,2.644691,0.271063,2.212514,0.021978,-0.778998
564.612427,2.644691,0.285715,2.212514,0.007326,-0.774115
564.623169,2.659344,0.280830,2.212514,0.007326,-0.774115
564.633545,2.615387,0.300367,2.212514,0.007326,-0.774115
564.643860,2.571430,0.280830,2.212514,-0.007328,-0.778998
564.654541,2.615387,0.275947,2.212514,0.007326,-0.778998
564.664856,2.600735,0.271063,2.212514,0.007326,-0.783883
564.675903,2.659344,0.261295,2.212514,0.007326,-0.788767
564.685852,2.600735,0.275947,2.212514,0.007326,-0.788767
564.696167,2.586082,0.271063,2.212896,0.007326,-0.788767
564.706909,2.615387,0.271063,2.212514,-0.007328,-0.783883
564.717651,2.630039,0.280830,2.212896,0.007326,-0.788767
564.728027,2.644691,0.271063,2.212896,0.007326,-0.788767
564.738403,2.586082,0.290599,2.212514,0.007326,-0.788767
564.748718,2.542126,0.295483,2.212896,0.007326,-0.788767
564.758972,2.571430,0.285715,2.212896,0.021978,-0.788767
564.768921,2.556778,0.290599,2.212896,0.007326,-0.783883
564.779663,2.600735,0.266179,2.212896,0.007326,-0.788767
564.790039,2.600735,0.295483,2.212896,-0.007328,-0.788767
564.800415,2.571430,0.300367,2.212896,0.021978,-0.793651
564.811157,2.586082,0.290599,2.212896,0.007326,-0.793651
564.821106,2.571430,0.295483,2.212896,0.007326,-0.788767
564.831787,2.600735,0.275947,2.212896,-0.007328,-0.793651
564.842529,2.630039,0.285715,2.212896,0.007326,-0.793651
564.852844,2.630039,0.295483,2.212896,0.021978,-0.798534
564.863464,2.630039,0.290599,2.212896,0.021978,-0.793651
564.873779,2.615387,0.300367,2.212896,-0.007328,-0.788767
564.884460,2.600735,0.285715,2.212896,0.007326,-0.793651
564.895203,2.659344,0.285715,2.212896,0.007326,-0.798534
564.905884,2.659344,0.285715,2.212896,0.021978,-0.798534
564.916626,2.673996,0.285715,2.212896,0.007326,-0.788767
564.927368,2.630039,0.305251,2.212896,0.007326,-0.788767
564.938110,2.659344,0.280830,2.212896,0.007326,-0.793651
564.948853,2.673996,0.280830,2.212896,0.021978,-0.798534
564.959961,2.717949,0.261295,2.212896,0.007326,-0.793651
564.970703,2.717949,0.280830,2.212896,0.007326,-0.793651
564.981445,2.659344,0.285715,2.212896,0.021978,-0.788767
564.992188,2.673996,0.271063,2.212896,-0.007328,-0.788767
565.002930,2.703297,0.266179,2.212896,-0.007328,-0.793651
565.014038,2.717949,0.246643,2.212896,0.007326,-0.803419
565.025146,2.732601,0.251527,2.212896,0.007326,-0.798534
565.035889,2.703297,0.256411,2.212896,0.007326,-0.798534
565.046631,2.688644,0.251527,2.212896,0.007326,-0.793651
565.057373,2.659344,0.246643,2.212896,0.007326,-0.793651
565.068481,2.703297,0.227107,2.212896,0.007326,-0.798534
565.079590,2.732601,0.227107,2.212896,0.007326,-0.798534
565.090332,2.717949,0.231991,2.212896,0.007326,-0.793651
565.101440,2.703297,0.246643,2.212896,0.007326,-0.793651
565.111755,2.644691,0.251527,2.212896,0.021978,-0.793651
565.122864,2.688644,0.227107,2.212896,0.021978,-0.793651
565.133606,2.732601,0.217339,2.212896,0.007326,-0.793651
565.145081,2.776558,0.217339,2.212896,-0.007328,-0.788767
565.156128,2.761906,0.246643,2.212896,0.007326,-0.793651
565.166870,2.703297,0.256411,2.212896,0.007326,-0.793651
565.177612,2.717949,0.236875,2.212896,0.007326,-0.793651
565.189087,2.761906,0.236875,2.212896,0.007326,-0.793651
565.200195,2.776558,0.231991,2.212896,0.021978,-0.793651
565.211304,2.776558,0.256411,2.212896,0.007326,-0.788767
565.222046,2.703297,0.256411,2.212896,0.007326,-0.788767
565.233154,2.732601,0.251527,2.212896,0.007326,-0.788767
565.243896,2.717949,0.246643,2.212896,0.007326,-0.788767
565.255005,2.761906,0.231991,2.212896,0.021978,-0.788767
565.266113,2.732601,0.251527,2.212896,-0.021980,-0.788767
565.277222,2.732601,0.236875,2.212896,-0.007328,-0.793651
565.287964,2.703297,0.246643,2.212896,0.021978,-0.798534
565.298706,2.703297,0.222223,2.212896,-0.007328,-0.788767
565.309814,2.761906,0.217339,2.212896,0.021978,-0.793651
565.321289,2.761906,0.217339,2.212896,0.007326,-0.793651
565.332397,2.747253,0.222223,2.212896,0.007326,-0.788767
565.343140,2.717949,0.217339,2.212896,0.021978,-0.788767
565.353882,2.717949,0.207571,2.212896,0.007326,-0.783883
565.365356,2.761906,0.197803,2.212896,0.007326,-0.788767
565.376099,2.732601,0.217339,2.212896,0.021978,-0.788767
565.387207,2.732601,0.217339,2.212896,0.007326,-0.783883
565.397949,2.673996,0.231991,2.212896,0.021978,-0.783883
565.408691,2.673996,0.222223,2.212896,0.007326,-0.778998
565.419800,2.703297,0.227107,2.212896,-0.007328,-0.778998
565.430542,2.688644,0.236875,2.212896,0.021978,-0.788767
565.441284,2.688644,0.236875,2.212896,0.007326,-0.788767
565.452026,2.659344,0.251527,2.212896,-0.007328,-0.783883
565.462769,2.673996,0.246643,2.212896,0.021978,-0.788767
565.473511,2.644691,0.251527,2.212896,0.007326,-0.783883
565.484253,2.659344,0.251527,2.212896,0.007326,-0.778998
565.494995,2.703297,0.246643,2.212896,0.007326,-0.783883
565.505737,2.673996,0.261295,2.212896,0.007326,-0.783883
565.516479,2.673996,0.251527,2.212896,0.021978,-0.783883
565.527222,2.673996,0.256411,2.212896,0.007326,-0.783883
565.537903,2.644691,0.236875,2.212896,0.007326,-0.778998
565.549011,2.717949,0.236875,2.212896,0.007326,-0.778998
565.559631,2.703297,0.246643,2.212896,-0.007328,-0.778998
565.570679,2.703297,0.241758,2.212896,0.007326,-0.778998
565.581421,2.717949,0.256411,2.212896,0.007326,-0.778998
565.592529,2.717949,0.231991,2.212896,0.021978,-0.778998
565.603638,2.761906,0.246643,2.212896,-0.007328,-0.778998
565.614746,2.732601,0.236875,2.212896,0.007326,-0.778998
565.625854,2.776558,0.251527,2.212896,0.021978,-0.778998
565.636597,2.717949,0.246643,2.212896,0.021978,-0.774115
565.648071,2.761906,0.231991,2.212896,-0.007328,-0.769231
565.659180,2.805862,0.227107,2.212896,-0.007328,-0.774115
565.670654,2.805862,0.236875,2.212896,-0.007328,-0.778998
565.681763,2.761906,0.241758,2.212896,0.021978,-0.778998
565.692505,2.703297,0.251527,2.212896,0.007326,-0.769231
565.703247,2.717949,0.227107,2.212896,0.021978,-0.764347
565.714355,2.732601,0.217339,2.212896,0.007326,-0.769231
565.725830,2.791210,0.197803,2.212896,-0.007328,-0.769231
565.736938,2.791210,0.217339,2.212896,0.007326,-0.778998
565.748047,2.776558,0.207571,2.212896,0.007326,-0.774115
565.759155,2.776558,0.212455,2.212896,0.007326,-0.769231
565.770630,2.776558,0.197803,2.212896,0.021978,-0.769231
565.781738,2.805862,0.197803,2.212896,0.007326,-0.764347
565.793213,2.791210,0.202686,2.212896,0.007326,-0.764347
565.803955,2.776558,0.207571,2.212896,-0.007328,-0.764347
565.815063,2.761906,0.207571,2.212896,0.007326,-0.764347
565.826538,2.791210,0.197803,2.212896,-0.007328,-0.769231
565.838013,2.864471,0.188035,2.212896,0.021978,-0.769231
565.849487,2.835167,0.202686,2.212896,0.007326,-0.769231
565.860596,2.805862,0.202686,2.212896,0.007326,-0.769231
565.871704,2.761906,0.217339,2.212896,-0.007328,-0.769231
565.882813,2.776558,0.192919,2.212896,0.007326,-0.769231
565.894653,2.820515,0.197803,2.212896,0.007326,-0.769231
565.906128,2.849819,0.188035,2.212896,-0.007328,-0.764347
565.917603,2.879124,0.202686,2.212896,0.007326,-0.769231
565.929077,2.835167,0.207571,2.212896,-0.007328,-0.769231
565.940186,2.820515,0.212455,2.212896,0.021978,-0.774115
565.951294,2.776558,0.212455,2.212896,0.007326,-0.764347
565.962769,2.791210,0.217339,2.212896,0.007326,-0.759462
565.973877,2.747253,0.217339,2.212896,0.007326,-0.764347
565.984558,2.732601,0.217339,2.212896,0.021978,-0.764347
565.995239,2.747253,0.202686,2.212896,0.007326,-0.759462
566.006348,2.732601,0.207571,2.212896,0.007326,-0.759462
566.017822,2.776558,0.192919,2.212896,-0.007328,-0.759462
566.028931,2.791210,0.202686,2.212896,0.007326,-0.759462
566.040405,2.791210,0.192919,2.212896,-0.007328,-0.759462
566.051514,2.791210,0.202686,2.212896,0.021978,-0.759462
566.062622,2.761906,0.197803,2.212896,-0.007328,-0.759462
566.073730,2.776558,0.197803,2.212896,0.007326,-0.759462
566.084839,2.761906,0.197803,2.212896,0.007326,-0.764347
566.095947,2.761906,0.197803,2.212896,0.007326,-0.759462
566.107056,2.747253,0.207571,2.212896,-0.007328,-0.754579
566.118164,2.747253,0.202686,2.212896,0.007326,-0.754579
566.129272,2.732601,0.207571,2.212896,0.007326,-0.759462
566.140015,2.717949,0.207571,2.212896,0.007326,-0.754579
566.151123,2.717949,0.207571,2.212896,0.021978,-0.749695
566.161865,2.703297,0.207571,2.212896,-0.007328,-0.749695
566.172974,2.732601,0.202686,2.212896,-0.007328,-0.754579
566.183716,2.732601,0.202686,2.212896,0.021978,-0.759462
566.195190,2.761906,0.202686,2.212896,0.007326,-0.759462
566.206299,2.776558,0.202686,2.212896,0.007326,-0.754579
566.217773,2.776558,0.212455,2.212896,0.007326,-0.749695
566.228882,2.791210,0.212455,2.212896,0.007326,-0.744811
566.239990,2.747253,0.212455,2.212896,0.007326,-0.744811
566.251099,2.791210,0.197803,2.212896,-0.007328,-0.749695
566.262207,2.776558,0.207571,2.212896,0.007326,-0.749695
566.273682,2.776558,0.202686,2.212896,-0.007328,-0.749695
566.284790,2.791210,0.207571,2.212896,0.007326,-0.744811
566.296265,2.805862,0.202686,2.212896,0.007326,-0.749695
566.307373,2.805862,0.197803,2.212896,-0.007328,-0.744811
566.318848,2.835167,0.197803,2.212896,-0.007328,-0.749695
566.330322,2.835167,0.197803,2.212896,0.021978,-0.749695
566.341797,2.835167,0.192919,2.212896,0.007326,-0.739926
566.353271,2.849819,0.192919,2.212896,-0.007328,-0.735043
566.364746,2.879124,0.197803,2.212896,-0.007328,-0.739926
566.376221,2.835167,0.207571,2.212896,0.021978,-0.739926
566.387329,2.805862,0.202686,2.212896,0.007326,-0.735043
566.398438,2.761906,0.202686,2.212896,-0.007328,-0.735043
566.409546,2.791210,0.183151,2.212514,-0.007328,-0.739926
566.421021,2.805862,0.188035,2.212896,0.007326,-0.744811
566.432129,2.820515,0.178267,2.212896,0.007326,-0.735043
566.443970,2.849819,0.192919,2.212896,0.007326,-0.735043
566.455078,2.820515,0.188035,2.212896,-0.007328,-0.735043
566.466553,2.849819,0.183151,2.212896,0.007326,-0.739926
566.478027,2.835167,0.178267,2.212896,0.021978,-0.739926
566.489136,2.820515,0.178267,2.212896,-0.007328,-0.725275
566.500610,2.820515,0.178267,2.212896,0.007326,-0.725275
566.511719,2.776558,0.178267,2.212896,-0.007328,-0.730159
566.522827,2.776558,0.178267,2.212514,-0.007328,-0.730159
566.533936,2.776558,0.183151,2.212896,0.007326,-0.735043
566.545410,2.791210,0.178267,2.212896,0.007326,-0.725275
566.556519,2.776558,0.188035,2.212896,0.007326,-0.725275
566.567627,2.776558,0.183151,2.212514,-0.007328,-0.725275
566.579102,2.791210,0.192919,2.212896,0.007326,-0.725275
566.590210,2.805862,0.183151,2.212896,0.007326,-0.720390
566.601685,2.805862,0.192919,2.212896,-0.007328,-0.720390
566.613159,2.820515,0.192919,2.212896,-0.007328,-0.725275
566.624268,2.835167,0.197803,2.212896,0.007326,-0.725275
566.635742,2.820515,0.207571,2.212896,0.007326,-0.725275
566.647217,2.835167,0.202686,2.212896,0.007326,-0.715507
566.658691,2.835167,0.212455,2.212896,0.007326,-0.715507
566.669800,2.805862,0.217339,2.212514,-0.007328,-0.715507
566.680908,2.776558,0.227107,2.212896,0.007326,-0.720390
566.691650,2.732601,0.227107,2.212514,-0.021980,-0.720390
566.703125,2.761906,0.207571,2.212514,0.007326,-0.720390
566.714233,2.776558,0.217339,2.212896,0.021978,-0.720390
566.725342,2.805862,0.212455,2.212514,-0.007328,-0.705739
566.736450,2.761906,0.227107,2.212896,0.007326,-0.710623
566.747559,2.761906,0.217339,2.212514,0.007326,-0.715507
566.758667,2.747253,0.217339,2.212514,0.007326,-0.710623
566.769775,2.747253,0.212455,2.212514,0.007326,-0.710623
566.781250,2.776558,0.202686,2.212514,0.007326,-0.705739
566.792358,2.805862,0.207571,2.212896,0.021978,-0.700854
566.803467,2.776558,0.207571,2.212514,0.007326,-0.700854
566.814575,2.761906,0.217339,2.212514,-0.007328,-0.700854
566.825684,2.732601,0.212455,2.212514,-0.007328,-0.705739
566.836792,2.732601,0.217339,2.212514,0.007326,-0.705739
566.847534,2.717949,0.222223,2.212514,0.007326,-0.705739
566.859009,2.732601,0.217339,2.212514,0.007326,-0.700854
566.869324,2.703297,0.222223,2.212514,-0.007328,-0.700854
566.880432,2.732601,0.212455,2.212514,0.007326,-0.700854
566.891907,2.761906,0.212455,2.212514,0.007326,-0.695971
566.902954,2.776558,0.217339,2.212514,0.007326,-0.691087
566.914063,2.747253,0.217339,2.212514,0.007326,-0.686203
566.925171,2.747253,0.217339,2.212514,0.021978,-0.691087
566.936279,2.791210,0.202686,2.212514,-0.007328,-0.686203
566.947388,2.791210,0.212455,2.212514,0.007326,-0.691087
566.958496,2.776558,0.202686,2.212514,0.007326,-0.691087
566.969604,2.761906,0.207571,2.212514,0.007326,-0.691087
566.980713,2.747253,0.207571,2.212514,0.007326,-0.686203
566.992188,2.791210,0.207571,2.212514,0.007326,-0.681318
567.003296,2.805862,0.202686,2.212514,-0.007328,-0.681318
567.014771,2.820515,0.202686,2.212514,-0.007328,-0.681318
567.026245,2.805862,0.217339,2.212514,0.021978,-0.686203
567.036987,2.761906,0.222223,2.212514,-0.007328,-0.686203
567.048096,2.761906,0.222223,2.212514,0.007326,-0.686203
567.059204,2.747253,0.207571,2.212514,0.007326,-0.686203
567.070679,2.805862,0.202686,2.212514,0.007326,-0.681318
567.082153,2.820515,0.217339,2.212514,0.007326,-0.686203
567.093628,2.820515,0.212455,2.212514,0.021978,-0.681318
567.104736,2.805862,0.222223,2.212514,0.007326,-0.676435
567.115845,2.791210,0.202686,2.212514,0.007326,-0.676435
567.127319,2.805862,0.207571,2.212514,0.021978,-0.676435
567.138428,2.791210,0.197803,2.212514,0.007326,-0.671551
567.149536,2.776558,0.197803,2.212514,0.007326,-0.671551
567.160583,2.761906,0.202686,2.212514,0.021978,-0.671551
567.171631,2.776558,0.197803,2.212514,0.007326,-0.671551
567.182739,2.761906,0.197803,2.212514,0.007326,-0.671551
567.193848,2.747253,0.197803,2.212514,0.007326,-0.676435
567.204956,2.732601,0.202686,2.212514,0.007326,-0.676435
567.215698,2.703297,0.207571,2.212514,0.007326,-0.676435
567.226807,2.717949,0.197803,2.212514,0.021978,-0.676435
567.237915,2.747253,0.197803,2.212514,0.021978,-0.666667
567.249023,2.776558,0.192919,2.212514,-0.007328,-0.666667
567.260498,2.791210,0.212455,2.212514,-0.007328,-0.671551
567.271240,2.747253,0.222223,2.212514,-0.007328,-0.676435
567.282349,2.761906,0.217339,2.212514,0.007326,-0.676435
567.293762,2.761906,0.227107,2.212514,0.007326,-0.676435
567.304871,2.791210,0.222223,2.212514,0.007326,-0.671551
567.315552,2.732601,0.246643,2.212514,0.007326,-0.671551
567.326660,2.732601,0.241758,2.212514,-0.007328,-0.666667
567.337341,2.688644,0.251527,2.212514,0.007326,-0.666667
567.348389,2.703297,0.236875,2.212514,0.021978,-0.666667
567.359497,2.761906,0.241758,2.212514,0.007326,-0.661782
567.370605,2.732601,0.241758,2.212514,-0.007328,-0.661782
567.381287,2.732601,0.251527,2.212514,0.007326,-0.666667
567.392029,2.717949,0.251527,2.212514,0.007326,-0.666667
567.403503,2.732601,0.246643,2.212514,0.007326,-0.661782
567.414612,2.747253,0.231991,2.212514,0.007326,-0.661782
567.425598,2.761906,0.241758,2.212133,-0.007328,-0.661782
567.436279,2.747253,0.241758,2.212514,0.007326,-0.666667
567.447388,2.717949,0.256411,2.212514,-0.007328,-0.666667
567.458130,2.717949,0.236875,2.212514,0.021978,-0.661782
567.469604,2.761906,0.231991,2.212133,-0.021980,-0.656898
567.480713,2.761906,0.231991,2.212514,0.007326,-0.661782
567.491821,2.776558,0.241758,2.212514,0.007326,-0.661782
567.502930,2.717949,0.246643,2.212133,0.007326,-0.656898
567.513977,2.747253,0.227107,2.212514,0.021978,-0.656898
567.525085,2.776558,0.231991,2.212133,0.007326,-0.652015
567.536133,2.791210,0.222223,2.212514,0.007326,-0.652015
567.547241,2.776558,0.227107,2.212133,-0.007328,-0.652015
567.558350,2.761906,0.227107,2.212133,0.007326,-0.652015
567.569458,2.747253,0.236875,2.212133,0.007326,-0.652015
567.580200,2.703297,0.236875,2.212133,-0.007328,-0.652015
567.590881,2.703297,0.222223,2.212514,0.021978,-0.652015
567.601990,2.717949,0.222223,2.212514,0.007326,-0.647131
567.613098,2.747253,0.217339,2.212133,-0.007328,-0.647131
567.624207,2.761906,0.217339,2.212133,0.021978,-0.647131
567.635315,2.747253,0.222223,2.212133,0.007326,-0.647131
567.646423,2.761906,0.212455,2.212133,0.007326,-0.642246
567.657166,2.732601,0.222223,2.212133,0.021978,-0.647131
567.668274,2.747253,0.212455,2.212133,-0.007328,-0.647131
567.679382,2.732601,0.217339,2.212133,0.007326,-0.647131
567.690491,2.732601,0.207571,2.212133,-0.007328,-0.647131
567.701965,2.791210,0.212455,2.212133,0.007326,-0.647131
567.713074,2.791210,0.227107,2.212133,0.007326,-0.647131
567.724182,2.776558,0.222223,2.212133,0.007326,-0.642246
567.735291,2.732601,0.231991,2.212133,0.021978,-0.642246
567.746399,2.717949,0.217339,2.212133,0.007326,-0.637362
567.757507,2.747253,0.217339,2.212133,-0.007328,-0.637362
567.768188,2.747253,0.212455,2.212133,0.007326,-0.642246
567.779297,2.776558,0.217339,2.212133,0.021978,-0.637362
567.790039,2.688644,0.231991,2.212133,0.007326,-0.632479
567.801147,2.703297,0.227107,2.212133,-0.007328,-0.632479
567.811890,2.688644,0.222223,2.212133,0.007326,-0.632479
567.822571,2.703297,0.207571,2.212133,0.021978,-0.637362
567.834045,2.747253,0.202686,2.212133,-0.007328,-0.632479
567.844727,2.732601,0.217339,2.212133,0.007326,-0.637362
567.855835,2.732601,0.222223,2.212133,-0.007328,-0.632479
567.866577,2.717949,0.222223,2.212133,0.007326,-0.632479
567.877686,2.717949,0.222223,2.212133,0.007326,-0.627595
567.888794,2.717949,0.227107,2.212133,-0.007328,-0.627595
567.899170,2.659344,0.241758,2.212133,0.007326,-0.632479
567.909912,2.659344,0.231991,2.212133,-0.007328,-0.637362
567.920593,2.630039,0.241758,2.212133,0.007326,-0.637362
567.931335,2.688644,0.231991,2.212133,0.021978,-0.627595
567.942444,2.717949,0.246643,2.212133,0.007326,-0.622710
567.953552,2.673996,0.256411,2.212133,-0.007328,-0.622710
567.963867,2.659344,0.261295,2.212133,-0.007328,-0.622710
567.974609,2.644691,0.271063,2.212133,0.007326,-0.627595
567.984924,2.644691,0.251527,2.212133,0.007326,-0.627595
567.996033,2.703297,0.246643,2.212133,0.007326,-0.627595
568.007141,2.732601,0.246643,2.212133,-0.007328,-0.627595
568.018250,2.732601,0.266179,2.212133,0.007326,-0.622710
568.028870,2.703297,0.280830,2.212133,0.021978,-0.627595
568.039551,2.688644,0.266179,2.212133,0.007326,-0.622710
568.050232,2.703297,0.256411,2.212133,0.007326,-0.617826
568.061340,2.717949,0.251527,2.212133,-0.007328,-0.617826
568.072449,2.747253,0.271063,2.212133,0.007326,-0.627595
568.083557,2.703297,0.271063,2.212133,-0.007328,-0.622710
568.094238,2.673996,0.261295,2.212133,0.007326,-0.627595
568.104980,2.688644,0.256411,2.212133,-0.007328,-0.622710
568.116089,2.747253,0.246643,2.212133,0.007326,-0.622710
568.127197,2.732601,0.246643,2.212133,0.007326,-0.617826
568.138245,2.747253,0.241758,2.212133,-0.007328,-0.617826
568.147766,2.761906,0.246643,2.212133,0.007326,-0.622710
568.160339,2.761906,0.241758,2.212133,0.007326,-0.622710
568.171448,2.761906,0.241758,2.212133,0.007326,-0.617826
568.182495,2.747253,0.236875,2.212133,0.021978,-0.622710
568.193237,2.732601,0.236875,2.212133,-0.007328,-0.612943
568.204346,2.761906,0.241758,2.212133,-0.021980,-0.617826
568.215088,2.703297,0.241758,2.212133,0.007326,-0.622710
568.226196,2.747253,0.231991,2.212133,0.007326,-0.612943
568.236938,2.703297,0.241758,2.212133,0.021978,-0.617826
568.248047,2.732601,0.236875,2.212133,0.021978,-0.612943
568.258728,2.673996,0.251527,2.212133,0.007326,-0.608059
568.269470,2.644691,0.231991,2.212133,0.007326,-0.608059
568.280151,2.673996,0.227107,2.212133,0.007326,-0.608059
568.291260,2.703297,0.227107,2.212133,0.021978,-0.608059
568.302368,2.732601,0.227107,2.212133,0.007326,-0.608059
568.313110,2.717949,0.236875,2.212133,0.007326,-0.608059
568.323853,2.703297,0.231991,2.212133,0.007326,-0.612943
568.334961,2.703297,0.241758,2.212133,-0.007328,-0.612943
568.345703,2.688644,0.236875,2.212133,0.021978,-0.617826
568.356812,2.717949,0.231991,2.212133,-0.007328,-0.612943
568.367554,2.688644,0.231991,2.212133,0.021978,-0.612943
568.378601,2.673996,0.231991,2.212133,0.007326,-0.608059
568.388977,2.659344,0.236875,2.212133,0.021978,-0.608059
568.399597,2.673996,0.231991,2.212133,0.007326,-0.603174
568.410339,2.688644,0.231991,2.212133,0.007326,-0.603174
568.421448,2.688644,0.236875,2.212133,0.007326,-0.608059
568.432190,2.703297,0.241758,2.212133,0.007326,-0.603174
568.442932,2.659344,0.246643,2.212133,0.007326,-0.598290
568.453613,2.659344,0.227107,2.212133,-0.007328,-0.603174
568.464722,2.717949,0.227107,2.212133,0.007326,-0.608059
568.475769,2.732601,0.236875,2.212133,-0.007328,-0.608059
568.486450,2.717949,0.246643,2.212133,0.007326,-0.608059
568.497192,2.659344,0.251527,2.212133,0.007326,-0.612943
568.507935,2.688644,0.251527,2.212133,-0.007328,-0.608059
568.518677,2.688644,0.241758,2.212133,0.007326,-0.608059
568.529419,2.688644,0.251527,2.212133,0.021978,-0.608059
568.540161,2.659344,0.251527,2.212133,-0.007328,-0.608059
568.550903,2.615387,0.271063,2.212133,-0.007328,-0.608059
568.561218,2.600735,0.261295,2.212133,0.007326,-0.612943
568.571533,2.615387,0.256411,2.212133,0.036631,-0.608059
568.582275,2.644691,0.251527,2.212133,0.007326,-0.603174
568.593323,2.659344,0.251527,2.212133,0.007326,-0.603174
568.603699,2.644691,0.275947,2.212133,0.007326,-0.608059
568.614380,2.630039,0.271063,2.212133,-0.007328,-0.603174
568.624695,2.600735,0.275947,2.212133,0.021978,-0.608059
568.635010,2.600735,0.266179,2.212133,0.007326,-0.608059
568.645752,2.659344,0.266179,2.212133,0.021978,-0.603174
568.656494,2.659344,0.290599,2.212133,0.021978,-0.608059
568.666870,2.586082,0.295483,2.212133,-0.007328,-0.603174
568.677246,2.586082,0.295483,2.212133,-0.007328,-0.608059
568.687988,2.615387,0.285715,2.212133,0.007326,-0.612943
568.699097,2.688644,0.266179,2.212133,0.007326,-0.612943
568.709839,2.688644,0.290599,2.212133,-0.007328,-0.612943
568.720886,2.703297,0.285715,2.212133,0.007326,-0.612943
568.731201,2.659344,0.300367,2.212133,0.036631,-0.612943
568.741943,2.659344,0.280830,2.212133,-0.007328,-0.603174
568.753052,2.732601,0.275947,2.212133,0.007326,-0.603174
568.764160,2.717949,0.271063,2.212133,0.007326,-0.612943
568.775269,2.776558,0.266179,2.212133,0.007326,-0.608059
568.786377,2.747253,0.280830,2.211751,-0.007328,-0.608059
568.797119,2.703297,0.275947,2.212133,0.007326,-0.608059
568.808228,2.717949,0.266179,2.212133,0.007326,-0.608059
568.819336,2.717949,0.251527,2.212133,0.007326,-0.603174
568.830078,2.732601,0.246643,2.212133,0.007326,-0.608059
568.840820,2.688644,0.256411,2.212133,0.007326,-0.608059
568.851501,2.688644,0.246643,2.212133,0.007326,-0.612943
568.862610,2.673996,0.236875,2.212133,0.007326,-0.612943
568.873291,2.688644,0.231991,2.212133,0.021978,-0.612943
568.884033,2.703297,0.236875,2.212133,0.007326,-0.612943
568.894775,2.673996,0.241758,2.212133,0.007326,-0.612943
568.905518,2.673996,0.231991,2.212133,0.021978,-0.612943
568.916260,2.644691,0.236875,2.212133,0.021978,-0.608059
568.927368,2.673996,0.231991,2.212133,-0.007328,-0.608059
568.938110,2.673996,0.236875,2.212133,0.021978,-0.612943
568.948486,2.644691,0.236875,2.212133,-0.007328,-0.612943
568.959229,2.673996,0.231991,2.212133,0.021978,-0.612943
568.970337,2.673996,0.241758,2.212133,-0.007328,-0.617826
568.981079,2.673996,0.241758,2.212133,0.007326,-0.617826
568.992188,2.717949,0.236875,2.212133,0.021978,-0.622710
569.001404,2.688644,0.241758,2.212133,0.007326,-0.617826
569.013611,2.673996,0.241758,2.212133,0.007326,-0.617826
569.024353,2.659344,0.256411,2.212133,0.007326,-0.622710
569.035034,2.673996,0.241758,2.212133,0.007326,-0.622710
569.045776,2.673996,0.246643,2.212133,0.007326,-0.627595
569.056519,2.688644,0.251527,2.212133,-0.007328,-0.622710
569.067200,2.688644,0.261295,2.212133,0.007326,-0.622710
569.077881,2.644691,0.266179,2.212133,0.007326,-0.622710
569.088623,2.673996,0.251527,2.212133,0.007326,-0.627595
569.099365,2.688644,0.256411,2.212133,0.007326,-0.627595
569.110474,2.688644,0.251527,2.212133,0.007326,-0.627595
569.121216,2.703297,0.261295,2.212133,0.007326,-0.632479
569.131958,2.659344,0.271063,2.212133,0.007326,-0.627595
569.142700,2.644691,0.266179,2.212133,0.021978,-0.627595
569.153442,2.644691,0.271063,2.212133,0.007326,-0.622710
569.164124,2.659344,0.256411,2.212133,-0.007328,-0.627595
569.174805,2.673996,0.261295,2.212133,0.021978,-0.637362
569.185181,2.644691,0.275947,2.212133,-0.007328,-0.632479
569.195923,2.630039,0.271063,2.212133,0.021978,-0.632479
569.206299,2.600735,0.290599,2.212133,0.007326,-0.632479
569.216614,2.586082,0.261295,2.212133,0.021978,-0.632479
569.227356,2.615387,0.266179,2.212133,-0.007328,-0.632479
569.237732,2.600735,0.275947,2.212133,-0.007328,-0.637362
569.248047,2.571430,0.285715,2.212133,0.007326,-0.642246
569.258423,2.542126,0.290599,2.212133,0.036631,-0.642246
569.268372,2.542126,0.275947,2.212133,0.007326,-0.632479
569.278687,2.556778,0.280830,2.212133,0.007326,-0.632479
569.289368,2.586082,0.300367,2.212133,0.007326,-0.637362
569.299255,2.556778,0.300367,2.212133,0.007326,-0.642246
569.309570,2.527473,0.315019,2.212133,0.021978,-0.647131
569.319519,2.512821,0.315019,2.212133,0.021978,-0.642246
569.329834,2.571430,0.300367,2.212133,0.007326,-0.642246
569.340149,2.571430,0.315019,2.212133,-0.007328,-0.642246
569.350891,2.600735,0.310135,2.212133,0.021978,-0.647131
569.361206,2.571430,0.334555,2.212133,0.007326,-0.647131
569.371948,2.586082,0.329671,2.212133,0.007326,-0.647131
569.382263,2.600735,0.319902,2.212133,0.007326,-0.647131
569.392944,2.659344,0.310135,2.212133,0.021978,-0.652015
569.404053,2.688644,0.300367,2.212133,-0.007328,-0.652015
569.414795,2.703297,0.319902,2.212133,0.007326,-0.656898
569.425537,2.630039,0.310135,2.212133,0.007326,-0.656898
569.436646,2.659344,0.295483,2.212133,0.007326,-0.652015
569.446960,2.688644,0.275947,2.212133,-0.007328,-0.652015
569.458801,2.791210,0.256411,2.212133,0.007326,-0.656898
569.469910,2.820515,0.275947,2.212133,0.021978,-0.661782
569.480591,2.732601,0.275947,2.212133,0.021978,-0.656898
569.491333,2.703297,0.280830,2.212133,0.007326,-0.647131
569.502014,2.659344,0.256411,2.212133,0.007326,-0.652015
569.513123,2.717949,0.246643,2.212133,0.007326,-0.656898
569.524231,2.703297,0.246643,2.212133,0.021978,-0.661782
569.534912,2.717949,0.241758,2.212133,0.007326,-0.656898
569.545593,2.659344,0.251527,2.212133,0.007326,-0.661782
569.556274,2.659344,0.241758,2.212133,0.007326,-0.661782
569.567383,2.703297,0.236875,2.212133,-0.007328,-0.661782
569.578125,2.688644,0.236875,2.212133,-0.007328,-0.671551
569.588867,2.673996,0.241758,2.212133,0.007326,-0.671551
569.599609,2.630039,0.256411,2.212133,0.007326,-0.671551
569.609924,2.615387,0.251527,2.212133,0.007326,-0.671551
569.620239,2.615387,0.246643,2.212133,0.007326,-0.666667
569.630981,2.600735,0.246643,2.212133,0.007326,-0.671551
569.641296,2.600735,0.246643,2.212133,0.007326,-0.666667
569.651672,2.542126,0.261295,2.212133,0.007326,-0.671551
569.661621,2.527473,0.261295,2.212133,0.007326,-0.676435
569.671936,2.542126,0.271063,2.212133,0.007326,-0.676435
569.681885,2.498169,0.271063,2.212133,0.007326,-0.676435
569.692200,2.556778,0.271063,2.212133,0.007326,-0.676435
569.702148,2.527473,0.300367,2.212133,0.007326,-0.681318
569.712097,2.483517,0.295483,2.212133,-0.007328,-0.681318
569.722351,2.512821,0.300367,2.212133,-0.007328,-0.681318
569.732666,2.542126,0.310135,2.212133,0.007326,-0.686203
569.742981,2.556778,0.305251,2.212133,0.021978,-0.686203
569.753235,2.571430,0.315019,2.212133,0.007326,-0.681318
569.763611,2.556778,0.324787,2.212133,0.007326,-0.681318
569.773560,2.556778,0.329671,2.212133,0.021978,-0.681318
569.783936,2.542126,0.344323,2.212133,0.007326,-0.681318
569.794250,2.527473,0.324787,2.212133,0.007326,-0.686203
569.804565,2.571430,0.319902,2.212133,0.007326,-0.686203
569.814514,2.556778,0.334555,2.212133,-0.007328,-0.686203
569.824829,2.571430,0.324787,2.212133,0.021978,-0.691087
569.835205,2.527473,0.344323,2.212133,0.021978,-0.691087
569.845459,2.527473,0.324787,2.212133,-0.007328,-0.686203
569.855774,2.586082,0.315019,2.212133,-0.007328,-0.691087
569.866028,2.600735,0.315019,2.212133,0.021978,-0.695971
569.876709,2.615387,0.315019,2.212133,-0.007328,-0.695971
569.886658,2.556778,0.334555,2.212133,0.021978,-0.695971
569.896545,2.527473,0.324787,2.212133,0.007326,-0.695971
569.907227,2.586082,0.310135,2.212133,0.007326,-0.695971
569.917603,2.600735,0.305251,2.212133,0.007326,-0.695971
569.928345,2.615387,0.295483,2.212133,0.007326,-0.695971
569.938721,2.600735,0.315019,2.212133,0.007326,-0.700854
569.948669,2.527473,0.324787,2.212133,0.007326,-0.695971
569.959351,2.556778,0.300367,2.212133,-0.007328,-0.700854
569.969299,2.556778,0.300367,2.212133,0.021978,-0.705739
569.979980,2.615387,0.271063,2.212133,0.007326,-0.700854
569.990723,2.615387,0.295483,2.212133,-0.007328,-0.700854
570.000671,2.556778,0.310135,2.212133,0.021978,-0.710623
570.011047,2.556778,0.295483,2.212133,0.007326,-0.710623
570.021362,2.571430,0.290599,2.212133,0.007326,-0.710623
570.032104,2.615387,0.266179,2.212133,0.007326,-0.710623
570.042847,2.644691,0.275947,2.212133,0.007326,-0.705739
570.053528,2.600735,0.300367,2.212133,0.021978,-0.705739
570.063904,2.586082,0.300367,2.212133,0.007326,-0.710623
570.073853,2.556778,0.295483,2.212133,0.007326,-0.710623
570.084595,2.630039,0.280830,2.212133,0.007326,-0.710623
570.095703,2.703297,0.275947,2.212514,0.007326,-0.710623
570.106445,2.673996,0.300367,2.212514,0.007326,-0.710623
570.117188,2.673996,0.305251,2.212133,-0.007328,-0.710623
570.127563,2.586082,0.315019,2.212514,0.021978,-0.715507
570.137878,2.600735,0.280830,2.212133,-0.007328,-0.715507
570.148926,2.659344,0.275947,2.212133,0.007326,-0.715507
570.160034,2.717949,0.271063,2.212133,0.007326,-0.720390
570.170776,2.703297,0.285715,2.212133,0.007326,-0.720390
570.181152,2.659344,0.300367,2.212514,0.021978,-0.725275
570.191833,2.644691,0.285715,2.212133,0.021978,-0.720390
570.202515,2.644691,0.275947,2.212514,0.007326,-0.720390
570.213623,2.703297,0.256411,2.212133,0.007326,-0.715507
570.224731,2.732601,0.271063,2.212133,0.007326,-0.725275
570.235474,2.703297,0.285715,2.212133,-0.007328,-0.725275
570.246216,2.673996,0.271063,2.212133,0.007326,-0.730159
570.256958,2.673996,0.275947,2.212514,0.007326,-0.725275
570.268066,2.703297,0.246643,2.212133,-0.007328,-0.730159
570.278381,2.673996,0.261295,2.212133,-0.007328,-0.725275
570.288635,2.630039,0.261295,2.212514,0.021978,-0.730159
570.299377,2.630039,0.246643,2.212133,0.007326,-0.730159
570.310059,2.600735,0.256411,2.212514,0.007326,-0.730159
570.320801,2.644691,0.241758,2.212133,0.007326,-0.735043
570.331543,2.644691,0.256411,2.212514,0.007326,-0.735043
570.341858,2.586082,0.256411,2.212514,0.007326,-0.735043
570.352173,2.615387,0.261295,2.212514,0.007326,-0.735043
570.362122,2.556778,0.275947,2.212514,0.007326,-0.735043
570.372437,2.556778,0.256411,2.212514,0.007326,-0.735043
570.383179,2.586082,0.256411,2.212514,0.007326,-0.735043
570.393555,2.600735,0.261295,2.212514,0.007326,-0.739926
570.404297,2.600735,0.261295,2.212514,-0.007328,-0.739926
570.414612,2.571430,0.285715,2.212514,0.007326,-0.744811
570.424561,2.571430,0.275947,2.212133,0.007326,-0.739926
570.435303,2.600735,0.275947,2.212514,0.021978,-0.739926
570.445679,2.586082,0.280830,2.212514,0.007326,-0.739926
570.456421,2.630039,0.275947,2.212514,0.021978,-0.739926
570.466797,2.586082,0.305251,2.212514,0.007326,-0.744811
570.477539,2.571430,0.285715,2.212514,-0.007328,-0.739926
570.487854,2.586082,0.295483,2.212514,0.007326,-0.744811
570.497803,2.571430,0.295483,2.212514,0.007326,-0.744811
570.508545,2.630039,0.285715,2.212514,0.007326,-0.744811
570.518921,2.600735,0.305251,2.212514,0.007326,-0.749695
570.529297,2.586082,0.295483,2.212514,0.007326,-0.749695
570.539978,2.615387,0.295483,2.212514,0.021978,-0.749695
570.550720,2.644691,0.295483,2.212514,0.007326,-0.744811
570.561401,2.673996,0.285715,2.212514,-0.007328,-0.749695
570.572144,2.644691,0.310135,2.212514,0.007326,-0.759462
570.582458,2.600735,0.300367,2.212514,0.021978,-0.759462
570.593140,2.615387,0.300367,2.212514,-0.007328,-0.754579
570.603455,2.586082,0.295483,2.212514,0.021978,-0.754579
570.614136,2.659344,0.271063,2.212514,0.007326,-0.754579
570.625244,2.703297,0.285715,2.212514,0.021978,-0.759462
570.635986,2.673996,0.285715,2.212514,0.007326,-0.754579
570.646362,2.615387,0.315019,2.212514,-0.007328,-0.759462
570.656311,2.571430,0.290599,2.212514,0.021978,-0.759462
570.667053,2.630039,0.261295,2.212514,0.007326,-0.759462
570.678162,2.703297,0.256411,2.212514,0.021978,-0.759462
570.689270,2.703297,0.261295,2.212514,0.007326,-0.759462
570.700012,2.659344,0.285715,2.212514,0.007326,-0.754579
570.710266,2.630039,0.275947,2.212514,0.007326,-0.759462
570.721008,2.659344,0.256411,2.212514,0.021978,-0.764347
570.731689,2.659344,0.251527,2.212514,0.007326,-0.759462
570.742798,2.703297,0.241758,2.212514,0.007326,-0.759462
570.753540,2.703297,0.256411,2.212514,0.007326,-0.759462
570.764282,2.644691,0.266179,2.212514,0.021978,-0.759462
570.775024,2.659344,0.266179,2.212514,0.007326,-0.764347
570.785400,2.630039,0.261295,2.212514,-0.007328,-0.764347
570.796509,2.703297,0.246643,2.212514,0.007326,-0.769231
570.807617,2.688644,0.266179,2.212514,0.007326,-0.769231
570.817993,2.644691,0.275947,2.212514,0.007326,-0.769231
570.828369,2.615387,0.280830,2.212514,0.007326,-0.769231
570.839111,2.615387,0.266179,2.212514,0.007326,-0.774115
570.850220,2.717949,0.241758,2.212514,0.021978,-0.769231
570.861694,2.761906,0.251527,2.212514,0.007326,-0.769231
570.872437,2.732601,0.275947,2.212514,0.007326,-0.769231
570.883179,2.688644,0.280830,2.212514,0.007326,-0.769231
570.893921,2.644691,0.275947,2.212514,0.007326,-0.769231
570.904602,2.673996,0.241758,2.212514,0.007326,-0.774115
570.915710,2.703297,0.246643,2.212514,0.021978,-0.774115
570.926697,2.747253,0.241758,2.212514,0.021978,-0.769231
570.937378,2.703297,0.261295,2.212514,0.007326,-0.769231
570.947693,2.659344,0.261295,2.212514,0.021978,-0.778998
570.958801,2.688644,0.246643,2.212514,-0.007328,-0.774115
570.969482,2.673996,0.241758,2.212514,0.007326,-0.778998
570.980591,2.717949,0.231991,2.212896,0.036631,-0.778998
570.991333,2.717949,0.246643,2.212514,0.007326,-0.774115
571.002075,2.673996,0.241758,2.212514,0.021978,-0.774115
571.012817,2.673996,0.241758,2.212514,0.007326,-0.778998
571.023560,2.659344,0.241758,2.212514,0.021978,-0.778998
571.034302,2.673996,0.236875,2.212514,0.007326,-0.778998
571.045044,2.644691,0.261295,2.212514,0.007326,-0.778998
571.055420,2.615387,0.251527,2.212896,0.021978,-0.778998
571.066101,2.600735,0.246643,2.212514,-0.007328,-0.778998
571.076477,2.615387,0.246643,2.212896,0.007326,-0.778998
571.087524,2.673996,0.236875,2.212514,-0.007328,-0.783883
571.097900,2.630039,0.271063,2.212514,0.007326,-0.788767
571.108643,2.630039,0.256411,2.212896,0.021978,-0.788767
571.118958,2.615387,0.266179,2.212896,0.007326,-0.783883
571.129272,2.586082,0.256411,2.212896,0.007326,-0.783883
571.140381,2.659344,0.251527,2.212896,0.007326,-0.783883
571.150757,2.644691,0.261295,2.212896,0.021978,-0.783883
571.161499,2.644691,0.261295,2.212896,0.007326,-0.778998
571.172241,2.644691,0.275947,2.212896,0.007326,-0.778998
571.182617,2.615387,0.275947,2.212896,0.007326,-0.783883
571.193359,2.659344,0.261295,2.212896,0.007326,-0.778998
571.204102,2.673996,0.266179,2.212514,-0.007328,-0.783883
571.215210,2.673996,0.261295,2.212896,0.007326,-0.788767
571.225952,2.673996,0.285715,2.212896,0.007326,-0.788767
571.236328,2.644691,0.285715,2.212896,0.007326,-0.788767
571.247070,2.659344,0.271063,2.212896,0.007326,-0.788767
571.258179,2.673996,0.266179,2.212896,0.007326,-0.793651
571.269287,2.747253,0.256411,2.212896,0.007326,-0.793651
571.280029,2.717949,0.271063,2.212896,0.007326,-0.788767
571.291138,2.688644,0.271063,2.212896,-0.007328,-0.788767
571.301880,2.703297,0.266179,2.212896,0.021978,-0.793651
571.312988,2.717949,0.251527,2.212896,0.007326,-0.788767
571.324097,2.761906,0.241758,2.212896,0.007326,-0.788767
571.335205,2.747253,0.246643,2.212896,0.007326,-0.788767
571.345947,2.717949,0.256411,2.212896,0.007326,-0.788767
571.357056,2.703297,0.246643,2.212896,0.007326,-0.788767
571.367798,2.673996,0.241758,2.212896,0.007326,-0.793651
571.378906,2.747253,0.217339,2.212896,0.007326,-0.793651
571.390015,2.747253,0.227107,2.212896,0.007326,-0.793651
571.401123,2.747253,0.222223,2.212896,-0.007328,-0.788767
571.411865,2.673996,0.241758,2.212896,0.007326,-0.793651
571.422607,2.688644,0.222223,2.212896,-0.007328,-0.793651
571.433716,2.732601,0.207571,2.212896,0.007326,-0.793651
571.444824,2.776558,0.202686,2.212896,-0.007328,-0.793651
571.455933,2.791210,0.217339,2.212896,-0.007328,-0.793651
571.467041,2.717949,0.236875,2.212896,-0.007328,-0.793651
571.477722,2.703297,0.231991,2.212896,-0.007328,-0.798534
571.488770,2.761906,0.222223,2.212896,0.007326,-0.798534
571.500244,2.791210,0.217339,2.212896,0.021978,-0.793651
571.511353,2.820515,0.231991,2.212896,0.007326,-0.788767
571.522461,2.747253,0.251527,2.212896,0.007326,-0.783883
571.533203,2.703297,0.246643,2.212896,0.007326,-0.783883
571.543884,2.703297,0.241758,2.212896,0.021978,-0.788767
571.554993,2.717949,0.227107,2.212896,0.007326,-0.783883
571.566101,2.761906,0.231991,2.212896,-0.007328,-0.778998
571.577209,2.717949,0.246643,2.212896,0.007326,-0.783883
571.587891,2.717949,0.236875,2.212896,0.021978,-0.788767
571.598633,2.688644,0.241758,2.212896,-0.007328,-0.783883
571.610107,2.747253,0.217339,2.212896,0.036631,-0.788767
571.621216,2.761906,0.227107,2.212896,0.021978,-0.778998
571.632324,2.747253,0.227107,2.212896,0.007326,-0.778998
571.643066,2.732601,0.231991,2.212896,0.007326,-0.783883
571.654175,2.717949,0.236875,2.212896,0.021978,-0.783883
571.665283,2.747253,0.212455,2.212896,0.007326,-0.783883
571.676392,2.776558,0.227107,2.212896,0.007326,-0.788767
571.687134,2.717949,0.222223,2.212896,0.007326,-0.788767
571.698242,2.717949,0.236875,2.212896,0.007326,-0.788767
571.708618,2.644691,0.231991,2.212896,0.007326,-0.793651
571.719360,2.673996,0.217339,2.212896,-0.007328,-0.788767
571.730469,2.659344,0.222223,2.212896,0.021978,-0.793651
571.741211,2.703297,0.212455,2.212896,-0.007328,-0.783883
571.751953,2.717949,0.222223,2.212896,0.007326,-0.783883
571.763000,2.673996,0.227107,2.212896,0.007326,-0.783883
571.773682,2.673996,0.231991,2.212896,0.021978,-0.778998
571.784424,2.673996,0.222223,2.212896,-0.007328,-0.774115
571.795166,2.688644,0.217339,2.212896,0.021978,-0.778998
571.806274,2.703297,0.222223,2.212896,0.007326,-0.778998
571.817017,2.688644,0.231991,2.212896,0.007326,-0.778998
571.827759,2.673996,0.236875,2.212896,0.007326,-0.783883
571.838501,2.644691,0.241758,2.212896,0.007326,-0.783883
571.849243,2.688644,0.231991,2.212896,0.021978,-0.783883
571.860352,2.703297,0.241758,2.212896,0.007326,-0.774115
571.871094,2.673996,0.236875,2.212896,-0.021980,-0.774115
571.881836,2.703297,0.246643,2.212896,0.007326,-0.783883
571.892944,2.688644,0.246643,2.212896,0.007326,-0.783883
571.904053,2.761906,0.236875,2.212896,0.007326,-0.778998
571.915161,2.747253,0.251527,2.212896,0.021978,-0.778998
571.926270,2.761906,0.241758,2.212896,-0.007328,-0.774115
571.937378,2.761906,0.256411,2.212896,0.007326,-0.778998
571.948120,2.747253,0.246643,2.212896,0.007326,-0.778998
571.959595,2.776558,0.236875,2.212896,0.007326,-0.778998
571.971069,2.820515,0.236875,2.212896,-0.007328,-0.778998
571.982544,2.820515,0.241758,2.212896,0.007326,-0.778998
571.993652,2.776558,0.251527,2.212896,0.007326,-0.778998
572.004761,2.761906,0.236875,2.212896,0.021978,-0.774115
572.015503,2.761906,0.222223,2.212896,0.007326,-0.769231
572.026978,2.805862,0.207571,2.212896,-0.007328,-0.764347
572.038452,2.820515,0.207571,2.212896,0.007326,-0.774115
572.049561,2.791210,0.212455,2.212896,0.007326,-0.774115
572.061035,2.805862,0.202686,2.212896,0.007326,-0.774115
572.072144,2.761906,0.202686,2.212896,0.021978,-0.774115
572.083618,2.820515,0.188035,2.212896,0.007326,-0.764347
572.094727,2.805862,0.202686,2.212896,-0.007328,-0.764347
572.105835,2.776558,0.197803,2.212896,0.007326,-0.774115
572.116943,2.776558,0.202686,2.212896,0.021978,-0.769231
572.128418,2.776558,0.192919,2.212896,0.007326,-0.769231
572.139893,2.835167,0.183151,2.212896,0.007326,-0.764347
572.151367,2.835167,0.192919,2.212896,-0.007328,-0.764347
572.162476,2.805862,0.197803,2.212896,0.007326,-0.769231
572.173584,2.776558,0.207571,2.212896,0.007326,-0.764347
572.184692,2.761906,0.202686,2.212896,0.007326,-0.769231
572.196167,2.805862,0.183151,2.212896,0.021978,-0.764347
572.207275,2.820515,0.188035,2.212896,0.007326,-0.759462
572.219116,2.864471,0.188035,2.212896,-0.007328,-0.759462
572.230591,2.864471,0.202686,2.212896,0.007326,-0.769231
572.242065,2.835167,0.202686,2.212896,-0.007328,-0.764347
572.253174,2.820515,0.217339,2.212896,0.007326,-0.769231
572.264282,2.776558,0.207571,2.212896,0.007326,-0.764347
572.275757,2.791210,0.217339,2.212896,0.007326,-0.764347
572.286499,2.732601,0.217339,2.212896,0.007326,-0.764347
572.297607,2.732601,0.212455,2.212896,0.007326,-0.759462
572.308655,2.761906,0.212455,2.212896,0.007326,-0.764347
572.319702,2.791210,0.202686,2.212896,0.007326,-0.764347
572.330811,2.791210,0.207571,2.212896,0.007326,-0.759462
572.341919,2.761906,0.207571,2.212896,-0.007328,-0.759462
572.353394,2.776558,0.207571,2.212896,0.021978,-0.764347
572.364136,2.761906,0.207571,2.212896,0.021978,-0.759462
572.375244,2.776558,0.202686,2.212896,0.007326,-0.749695
572.386719,2.776558,0.207571,2.212896,-0.007328,-0.754579
572.397827,2.747253,0.202686,2.212896,0.007326,-0.759462
572.408569,2.732601,0.207571,2.212896,-0.007328,-0.759462
572.419250,2.703297,0.212455,2.212896,0.007326,-0.759462
572.430359,2.717949,0.202686,2.212896,0.007326,-0.754579
572.441101,2.703297,0.217339,2.212896,0.007326,-0.749695
572.452209,2.688644,0.207571,2.212896,0.021978,-0.744811
572.462891,2.703297,0.217339,2.212896,-0.007328,-0.744811
572.473633,2.673996,0.217339,2.212896,-0.007328,-0.749695
572.484680,2.732601,0.207571,2.212896,0.021978,-0.754579
572.495361,2.703297,0.212455,2.212896,0.007326,-0.754579
572.506836,2.761906,0.202686,2.212896,0.007326,-0.749695
572.517944,2.747253,0.227107,2.212896,-0.007328,-0.749695
572.529053,2.747253,0.222223,2.212896,0.007326,-0.754579
572.539795,2.732601,0.236875,2.212896,0.007326,-0.749695
572.550903,2.747253,0.222223,2.212896,0.007326,-0.749695
572.562012,2.761906,0.227107,2.212896,0.007326,-0.754579
572.573120,2.761906,0.227107,2.212896,-0.021980,-0.749695
572.584229,2.776558,0.231991,2.212896,-0.007328,-0.754579
572.595703,2.761906,0.227107,2.212896,0.007326,-0.754579
572.606812,2.761906,0.227107,2.212896,-0.007328,-0.749695
572.617859,2.791210,0.222223,2.212896,0.007326,-0.744811
572.628967,2.776558,0.222223,2.212896,0.007326,-0.739926
572.640442,2.805862,0.212455,2.212896,-0.007328,-0.739926
572.651550,2.776558,0.222223,2.212896,0.021978,-0.744811
572.663025,2.820515,0.207571,2.212896,0.007326,-0.739926
572.674133,2.805862,0.222223,2.212896,0.021978,-0.735043
572.685608,2.791210,0.212455,2.212896,-0.007328,-0.730159
572.696289,2.747253,0.227107,2.212896,0.007326,-0.735043
572.707336,2.732601,0.212455,2.212896,-0.007328,-0.735043
572.718384,2.776558,0.202686,2.212896,0.007326,-0.735043
572.729492,2.776558,0.192919,2.212896,0.007326,-0.735043
572.740601,2.805862,0.202686,2.212896,0.007326,-0.730159
572.752075,2.791210,0.207571,2.212896,0.007326,-0.735043
572.763184,2.776558,0.207571,2.212896,-0.007328,-0.735043
572.774658,2.820515,0.188035,2.212896,0.021978,-0.735043
572.785767,2.805862,0.188035,2.212896,0.007326,-0.730159
572.797241,2.835167,0.178267,2.212896,0.007326,-0.725275
572.808350,2.776558,0.197803,2.212896,0.007326,-0.725275
572.819458,2.791210,0.188035,2.212896,0.007326,-0.725275
572.830566,2.761906,0.197803,2.212896,0.007326,-0.725275
572.841675,2.747253,0.183151,2.212896,0.021978,-0.725275
572.853149,2.791210,0.192919,2.212896,0.007326,-0.720390
572.864258,2.747253,0.192919,2.212896,0.007326,-0.720390
572.875366,2.761906,0.202686,2.212896,0.021978,-0.725275
572.886108,2.747253,0.202686,2.212514,-0.007328,-0.720390
572.897217,2.776558,0.197803,2.212896,0.021978,-0.725275
572.908691,2.805862,0.202686,2.212896,0.007326,-0.725275
572.920166,2.776558,0.207571,2.212896,0.007326,-0.720390
572.930908,2.776558,0.217339,2.212514,-0.007328,-0.720390
572.942017,2.761906,0.222223,2.212896,0.007326,-0.720390
572.953125,2.732601,0.217339,2.212896,0.021978,-0.720390
572.964233,2.776558,0.217339,2.212896,0.007326,-0.720390
572.975342,2.747253,0.222223,2.212896,0.007326,-0.715507
572.986389,2.732601,0.231991,2.212896,0.007326,-0.715507
572.997009,2.703297,0.236875,2.212514,0.007326,-0.715507
573.008118,2.732601,0.222223,2.212514,-0.007328,-0.710623
573.019226,2.747253,0.227107,2.212514,0.007326,-0.715507
573.030334,2.747253,0.222223,2.212514,-0.007328,-0.715507
573.041443,2.747253,0.231991,2.212514,0.007326,-0.715507
573.052124,2.717949,0.236875,2.212514,0.007326,-0.710623
573.062866,2.703297,0.231991,2.212514,0.007326,-0.710623
573.074341,2.717949,0.227107,2.212896,0.021978,-0.705739
573.085083,2.732601,0.217339,2.212514,0.007326,-0.700854
573.096191,2.747253,0.227107,2.212514,0.007326,-0.700854
573.106873,2.747253,0.222223,2.212514,-0.007328,-0.705739
573.118347,2.776558,0.231991,2.212514,0.007326,-0.710623
573.129456,2.747253,0.231991,2.212896,0.021978,-0.705739
573.140564,2.791210,0.227107,2.212896,0.021978,-0.700854
573.151672,2.747253,0.236875,2.212514,-0.007328,-0.695971
573.162720,2.761906,0.236875,2.212514,-0.007328,-0.695971
573.173401,2.717949,0.246643,2.212514,0.007326,-0.700854
573.184509,2.717949,0.231991,2.212514,0.021978,-0.700854
573.195618,2.747253,0.231991,2.212514,0.007326,-0.695971
573.206726,2.761906,0.227107,2.212514,-0.007328,-0.691087
573.217834,2.761906,0.231991,2.212514,0.007326,-0.700854
573.228943,2.761906,0.222223,2.212514,0.021978,-0.700854
573.240051,2.761906,0.217339,2.212514,0.007326,-0.691087
573.251526,2.791210,0.212455,2.212514,-0.007328,-0.691087
573.262573,2.761906,0.217339,2.212514,-0.007328,-0.695971
573.273682,2.776558,0.202686,2.212514,-0.007328,-0.695971
573.284790,2.761906,0.212455,2.212514,0.007326,-0.695971
573.296265,2.791210,0.197803,2.212514,0.007326,-0.686203
573.307739,2.805862,0.197803,2.212514,-0.007328,-0.686203
573.318848,2.820515,0.192919,2.212514,0.007326,-0.691087
573.329956,2.805862,0.207571,2.212514,-0.007328,-0.691087
573.341064,2.761906,0.212455,2.212514,0.007326,-0.691087
573.352173,2.747253,0.217339,2.212514,0.021978,-0.686203
573.363281,2.747253,0.202686,2.212514,0.007326,-0.681318
573.374756,2.791210,0.202686,2.212514,0.007326,-0.681318
573.385864,2.820515,0.207571,2.212514,-0.007328,-0.681318
573.397339,2.791210,0.222223,2.212514,0.007326,-0.686203
573.408447,2.791210,0.217339,2.212514,0.007326,-0.686203
573.419189,2.747253,0.217339,2.212514,0.007326,-0.681318
573.430664,2.761906,0.197803,2.212514,0.021978,-0.681318
573.441406,2.747253,0.212455,2.212514,0.007326,-0.671551
573.452515,2.747253,0.197803,2.212514,0.007326,-0.671551
573.463623,2.732601,0.207571,2.212514,0.021978,-0.676435
573.474731,2.761906,0.192919,2.212514,0.007326,-0.671551
573.485840,2.776558,0.202686,2.212514,0.007326,-0.671551
573.496948,2.747253,0.197803,2.212514,-0.007328,-0.676435
573.508057,2.761906,0.207571,2.212514,0.021978,-0.681318
573.519165,2.717949,0.217339,2.212514,-0.007328,-0.681318
573.529907,2.688644,0.212455,2.212514,0.021978,-0.681318
573.541016,2.732601,0.202686,2.212514,0.007326,-0.676435
573.552124,2.747253,0.197803,2.212514,0.007326,-0.671551
573.563599,2.805862,0.207571,2.212514,0.007326,-0.671551
573.574707,2.761906,0.222223,2.212514,0.007326,-0.671551
573.585815,2.747253,0.222223,2.212514,-0.007328,-0.666667
573.596924,2.776558,0.222223,2.212514,-0.007328,-0.671551
573.608032,2.761906,0.222223,2.212514,-0.007328,-0.676435
573.619141,2.791210,0.231991,2.212514,0.021978,-0.676435
573.630249,2.732601,0.246643,2.212514,0.007326,-0.671551
573.640991,2.717949,0.241758,2.212514,-0.007328,-0.666667
573.652039,2.717949,0.241758,2.212514,0.021978,-0.671551
573.662720,2.717949,0.231991,2.212514,0.021978,-0.666667
573.674194,2.761906,0.241758,2.212514,-0.007328,-0.661782
573.684937,2.732601,0.236875,2.212514,0.007326,-0.661782
573.696045,2.732601,0.246643,2.212514,-0.007328,-0.666667
573.706787,2.703297,0.246643,2.212514,0.007326,-0.666667
573.717896,2.717949,0.231991,2.212133,-0.007328,-0.666667
573.729370,2.761906,0.236875,2.212514,0.007326,-0.666667
573.740417,2.761906,0.241758,2.212514,0.007326,-0.666667
573.751099,2.732601,0.251527,2.212133,-0.007328,-0.661782
573.761841,2.703297,0.246643,2.212514,0.007326,-0.666667
573.772949,2.747253,0.231991,2.212514,0.021978,-0.661782
573.784058,2.747253,0.236875,2.212514,0.007326,-0.656898
573.795532,2.761906,0.236875,2.212514,0.007326,-0.656898
573.806274,2.747253,0.246643,2.212133,-0.007328,-0.656898
573.817383,2.732601,0.241758,2.212514,0.007326,-0.656898
573.828491,2.761906,0.231991,2.212514,0.007326,-0.661782
573.839600,2.776558,0.236875,2.212514,0.021978,-0.656898
573.851074,2.791210,0.227107,2.212514,0.007326,-0.656898
573.862183,2.776558,0.236875,2.212514,0.007326,-0.652015
573.873291,2.761906,0.231991,2.212133,-0.007328,-0.652015
573.884033,2.732601,0.241758,2.212514,0.021978,-0.656898
573.895142,2.717949,0.222223,2.212133,-0.007328,-0.652015
573.905884,2.732601,0.212455,2.212514,0.007326,-0.652015
573.916992,2.732601,0.212455,2.212514,0.007326,-0.652015
573.928101,2.776558,0.207571,2.212514,0.007326,-0.647131
573.939209,2.747253,0.222223,2.212133,0.007326,-0.647131
573.950684,2.776558,0.212455,2.212133,0.007326,-0.647131
573.961426,2.747253,0.217339,2.212133,0.021978,-0.647131
573.972534,2.747253,0.207571,2.212133,0.007326,-0.642246
573.983643,2.747253,0.212455,2.212133,0.021978,-0.642246
573.994751,2.747253,0.207571,2.212133,-0.007328,-0.642246
574.006226,2.776558,0.197803,2.212133,0.007326,-0.642246
574.017700,2.820515,0.207571,2.212133,0.007326,-0.642246
574.028809,2.791210,0.217339,2.212133,0.007326,-0.642246
574.039917,2.761906,0.222223,2.212133,0.007326,-0.642246
574.050659,2.703297,0.227107,2.212133,0.007326,-0.642246
574.061768,2.747253,0.207571,2.212133,0.007326,-0.637362
574.072876,2.747253,0.212455,2.212133,0.007326,-0.642246
574.083984,2.791210,0.197803,2.212133,0.007326,-0.637362
574.095093,2.761906,0.227107,2.212133,0.007326,-0.637362
574.106201,2.732601,0.222223,2.212133,0.007326,-0.637362
574.116943,2.717949,0.231991,2.212133,0.021978,-0.637362
574.127686,2.703297,0.207571,2.212133,0.007326,-0.632479
574.139160,2.761906,0.202686,2.212133,0.007326,-0.632479
574.150269,2.776558,0.212455,2.212133,0.021978,-0.632479
574.161377,2.747253,0.222223,2.212133,0.021978,-0.632479
574.172424,2.732601,0.222223,2.212133,0.007326,-0.622710
574.183105,2.717949,0.222223,2.212133,0.007326,-0.622710
574.194214,2.747253,0.222223,2.212133,0.021978,-0.627595
574.204590,2.688644,0.236875,2.212133,0.007326,-0.622710
574.215698,2.673996,0.231991,2.212133,0.007326,-0.622710
574.226440,2.673996,0.236875,2.212133,0.007326,-0.627595
574.237183,2.673996,0.231991,2.212133,0.007326,-0.627595
574.248291,2.717949,0.231991,2.212133,0.007326,-0.627595
574.259033,2.688644,0.246643,2.212133,0.007326,-0.622710
574.269775,2.673996,0.251527,2.212133,0.007326,-0.622710
574.280151,2.644691,0.261295,2.212133,0.007326,-0.627595
574.291260,2.644691,0.251527,2.212133,0.007326,-0.622710
574.302002,2.703297,0.241758,2.212133,0.021978,-0.622710
574.313110,2.717949,0.246643,2.212133,0.007326,-0.617826
574.324219,2.732601,0.246643,2.212133,0.007326,-0.617826
574.334961,2.717949,0.266179,2.212133,0.007326,-0.617826
574.346069,2.673996,0.256411,2.212133,0.021978,-0.617826
574.357178,2.732601,0.251527,2.212133,0.007326,-0.617826
574.368286,2.747253,0.246643,2.212133,0.007326,-0.617826
574.379395,2.761906,0.256411,2.212133,0.007326,-0.617826
574.390076,2.717949,0.266179,2.212133,-0.007328,-0.617826
574.400818,2.732601,0.256411,2.212133,0.007326,-0.622710
574.411926,2.717949,0.261295,2.212133,-0.007328,-0.622710
574.423401,2.747253,0.246643,2.212133,0.021978,-0.617826
574.434448,2.761906,0.251527,2.212133,0.007326,-0.612943
574.445557,2.761906,0.241758,2.212133,0.007326,-0.612943
574.456665,2.761906,0.241758,2.212133,-0.007328,-0.612943
574.467773,2.761906,0.236875,2.212133,0.021978,-0.617826
574.478882,2.776558,0.236875,2.212133,0.007326,-0.612943
574.489990,2.747253,0.236875,2.212133,0.007326,-0.617826
574.500732,2.717949,0.236875,2.212133,0.007326,-0.617826
574.511475,2.717949,0.236875,2.212133,0.007326,-0.617826
574.522583,2.673996,0.236875,2.212133,0.007326,-0.612943
574.533325,2.703297,0.212455,2.212133,0.007326,-0.608059
574.544006,2.673996,0.222223,2.212133,0.007326,-0.612943
574.555115,2.717949,0.212455,2.212133,0.007326,-0.612943
574.565796,2.717949,0.231991,2.212133,0.007326,-0.608059
574.576904,2.673996,0.227107,2.212133,0.007326,-0.608059
574.587646,2.703297,0.217339,2.212133,0.021978,-0.612943
574.598755,2.717949,0.212455,2.212133,-0.007328,-0.608059
574.609436,2.717949,0.217339,2.212133,0.007326,-0.608059
574.620544,2.717949,0.227107,2.212133,0.007326,-0.612943
574.631226,2.717949,0.222223,2.212133,0.021978,-0.612943
574.642334,2.732601,0.231991,2.212133,0.021978,-0.608059
574.653076,2.703297,0.236875,2.212133,-0.007328,-0.608059
574.664185,2.717949,0.231991,2.212133,0.007326,-0.608059
574.674927,2.688644,0.241758,2.212133,0.007326,-0.608059
574.685669,2.703297,0.231991,2.212133,0.021978,-0.603174
574.696411,2.688644,0.241758,2.212133,-0.007328,-0.608059
574.707153,2.673996,0.231991,2.212133,-0.007328,-0.608059
574.718262,2.703297,0.231991,2.212133,0.007326,-0.608059
574.728943,2.688644,0.241758,2.212133,0.007326,-0.608059
574.739685,2.688644,0.241758,2.212133,0.007326,-0.608059
574.750793,2.688644,0.246643,2.212133,-0.007328,-0.603174
574.761108,2.659344,0.231991,2.212133,0.007326,-0.608059
574.772217,2.717949,0.231991,2.212133,0.021978,-0.608059
574.783325,2.732601,0.236875,2.212133,0.007326,-0.603174
574.794067,2.717949,0.251527,2.212133,0.007326,-0.603174
574.804810,2.673996,0.251527,2.212133,0.007326,-0.603174
574.815552,2.644691,0.241758,2.212133,0.007326,-0.608059
574.826294,2.703297,0.236875,2.212133,0.021978,-0.608059
574.837036,2.688644,0.251527,2.211751,-0.021980,-0.603174
574.847778,2.659344,0.256411,2.212133,0.007326,-0.608059
574.858154,2.600735,0.271063,2.212133,0.007326,-0.608059
574.868469,2.571430,0.266179,2.212133,0.007326,-0.603174
574.878784,2.600735,0.261295,2.212133,-0.007328,-0.603174
574.889526,2.586082,0.261295,2.212133,0.007326,-0.608059
574.900269,2.630039,0.266179,2.212133,0.007326,-0.608059
574.910583,2.600735,0.280830,2.212133,0.007326,-0.608059
574.920837,2.571430,0.280830,2.212133,0.007326,-0.608059
574.931091,2.571430,0.285715,2.212133,0.021978,-0.608059
574.941406,2.586082,0.280830,2.212133,-0.007328,-0.603174
574.952515,2.630039,0.285715,2.212133,0.007326,-0.603174
574.962830,2.600735,0.305251,2.212133,0.021978,-0.608059
574.972778,2.571430,0.310135,2.212133,0.007326,-0.603174
574.983154,2.556778,0.305251,2.212133,0.007326,-0.603174
574.993530,2.571430,0.295483,2.212133,0.007326,-0.608059
575.004639,2.659344,0.285715,2.212133,0.007326,-0.608059
575.013855,2.659344,0.300367,2.212133,-0.007328,-0.608059
575.026062,2.644691,0.300367,2.212133,0.021978,-0.612943
575.036743,2.659344,0.305251,2.212133,0.007326,-0.603174
575.047119,2.630039,0.305251,2.212133,0.007326,-0.603174
575.058228,2.688644,0.285715,2.212133,0.036631,-0.608059
575.069336,2.717949,0.280830,2.212133,0.007326,-0.608059
575.080444,2.747253,0.275947,2.212133,0.007326,-0.608059
575.091187,2.747253,0.290599,2.212133,0.007326,-0.612943
575.102295,2.703297,0.295483,2.212133,-0.007328,-0.612943
575.113037,2.673996,0.275947,2.212133,0.007326,-0.612943
575.123779,2.688644,0.266179,2.212133,0.007326,-0.612943
575.134888,2.688644,0.251527,2.212133,0.007326,-0.612943
575.145630,2.688644,0.266179,2.212133,0.021978,-0.612943
575.156372,2.659344,0.261295,2.212133,0.007326,-0.608059
575.166748,2.659344,0.251527,2.212133,0.007326,-0.612943
575.177429,2.644691,0.251527,2.212133,0.007326,-0.612943
575.188538,2.688644,0.241758,2.212133,-0.007328,-0.612943
575.199219,2.659344,0.256411,2.212133,0.007326,-0.617826
575.209534,2.659344,0.241758,2.212133,0.007326,-0.617826
575.220215,2.615387,0.251527,2.212133,0.007326,-0.617826
575.230591,2.615387,0.246643,2.212133,0.007326,-0.617826
575.241333,2.630039,0.256411,2.212133,0.007326,-0.617826
575.251648,2.600735,0.266179,2.212133,0.021978,-0.622710
575.261963,2.600735,0.251527,2.212133,-0.007328,-0.612943
575.272644,2.600735,0.261295,2.212133,-0.007328,-0.612943
575.283325,2.615387,0.266179,2.212133,0.021978,-0.622710
575.294067,2.644691,0.256411,2.212133,0.021978,-0.617826
575.304810,2.659344,0.271063,2.212133,-0.007328,-0.617826
575.315186,2.644691,0.266179,2.212133,0.007326,-0.622710
575.325928,2.644691,0.280830,2.212133,-0.007328,-0.627595
575.336243,2.571430,0.285715,2.212133,0.021978,-0.627595
575.346558,2.615387,0.271063,2.212133,0.007326,-0.622710
575.357300,2.630039,0.290599,2.212133,-0.007328,-0.622710
575.367676,2.615387,0.275947,2.212133,0.007326,-0.627595
575.378357,2.630039,0.290599,2.212133,-0.007328,-0.627595
575.388611,2.571430,0.285715,2.212133,0.021978,-0.627595
575.399292,2.630039,0.280830,2.212133,0.007326,-0.627595
575.409668,2.615387,0.290599,2.212133,0.007326,-0.627595
575.420349,2.630039,0.285715,2.212133,0.007326,-0.627595
575.431030,2.630039,0.290599,2.212133,0.021978,-0.627595
575.441345,2.586082,0.295483,2.212133,-0.007328,-0.622710
575.451721,2.586082,0.290599,2.212133,0.007326,-0.627595
575.462036,2.600735,0.295483,2.212133,-0.007328,-0.632479
575.472778,2.615387,0.275947,2.212133,0.021978,-0.637362
575.483521,2.615387,0.285715,2.212133,0.007326,-0.637362
575.493469,2.556778,0.300367,2.212133,0.007326,-0.632479
575.503357,2.556778,0.300367,2.212133,0.007326,-0.637362
575.513672,2.512821,0.310135,2.212133,-0.007328,-0.637362
575.523987,2.542126,0.285715,2.212133,0.021978,-0.642246
575.534363,2.571430,0.290599,2.212133,0.007326,-0.637362
575.544312,2.542126,0.310135,2.212133,0.007326,-0.642246
575.554260,2.527473,0.310135,2.212133,0.007326,-0.642246
575.564148,2.498169,0.319902,2.212133,0.007326,-0.642246
575.574036,2.483517,0.315019,2.212133,-0.007328,-0.637362
575.584412,2.498169,0.310135,2.212133,0.007326,-0.647131
575.594299,2.527473,0.324787,2.212133,0.007326,-0.642246
575.604187,2.483517,0.339439,2.212133,0.007326,-0.642246
575.613708,2.439564,0.339439,2.212133,0.007326,-0.642246
575.623230,2.410259,0.344323,2.212133,0.007326,-0.642246
575.633545,2.454216,0.334555,2.212133,0.007326,-0.642246
575.643799,2.512821,0.349207,2.212133,0.007326,-0.647131
575.653748,2.512821,0.349207,2.212133,0.007326,-0.647131
575.663635,2.512821,0.363859,2.212133,0.021978,-0.647131
575.673523,2.454216,0.368743,2.212133,0.007326,-0.647131
575.683899,2.512821,0.354091,2.212133,0.007326,-0.642246
575.694153,2.542126,0.358974,2.212133,0.007326,-0.652015
575.704468,2.586082,0.339439,2.212133,0.007326,-0.652015
575.715210,2.630039,0.349207,2.212133,0.007326,-0.652015
575.725525,2.571430,0.363859,2.212133,0.007326,-0.652015
575.735474,2.527473,0.354091,2.212133,0.021978,-0.652015
575.746216,2.571430,0.339439,2.212133,0.007326,-0.652015
575.756958,2.615387,0.315019,2.212133,-0.007328,-0.652015
575.767700,2.673996,0.315019,2.212133,0.007326,-0.661782
575.778442,2.673996,0.329671,2.212133,-0.007328,-0.661782
575.788757,2.600735,0.324787,2.212133,0.007326,-0.661782
575.798645,2.571430,0.324787,2.212133,0.007326,-0.661782
575.809326,2.556778,0.305251,2.212133,0.021978,-0.661782
575.819702,2.615387,0.295483,2.212133,0.021978,-0.656898
575.830444,2.600735,0.305251,2.212133,-0.007328,-0.652015
575.841125,2.615387,0.295483,2.212133,0.021978,-0.661782
575.851440,2.586082,0.300367,2.212133,-0.007328,-0.661782
575.861389,2.571430,0.285715,2.212133,0.021978,-0.666667
575.871704,2.571430,0.280830,2.212133,0.007326,-0.666667
575.882080,2.586082,0.290599,2.212133,0.007326,-0.666667
575.892456,2.600735,0.285715,2.212133,0.007326,-0.666667
575.902832,2.571430,0.300367,2.212133,0.021978,-0.666667
575.913147,2.527473,0.305251,2.212133,0.007326,-0.661782
575.923096,2.512821,0.290599,2.212133,-0.007328,-0.666667
575.933472,2.542126,0.295483,2.212133,0.007326,-0.671551
575.943420,2.483517,0.295483,2.212133,0.007326,-0.671551
575.953735,2.512821,0.305251,2.212133,0.007326,-0.676435
575.963318,2.454216,0.324787,2.212133,0.007326,-0.671551
575.972900,2.454216,0.310135,2.212133,0.021978,-0.671551
575.982849,2.454216,0.324787,2.212133,0.007326,-0.671551
575.992798,2.424911,0.329671,2.212133,0.021978,-0.671551
576.002380,2.454216,0.334555,2.212133,-0.007328,-0.671551
576.011902,2.395607,0.354091,2.212133,0.021978,-0.681318
576.021851,2.380955,0.349207,2.212133,0.007326,-0.681318
576.031433,2.424911,0.358974,2.212133,0.021978,-0.681318
576.041382,2.439564,0.354091,2.212133,0.007326,-0.681318
576.051331,2.468864,0.354091,2.212133,0.021978,-0.686203
576.061707,2.468864,0.368743,2.212133,0.007326,-0.681318
576.071228,2.439564,0.378511,2.212133,0.007326,-0.681318
576.080750,2.454216,0.378511,2.212133,0.021978,-0.686203
576.090637,2.424911,0.388279,2.212133,0.007326,-0.681318
576.100159,2.410259,0.378511,2.212133,0.021978,-0.681318
576.110413,2.454216,0.358974,2.212133,0.021978,-0.681318
576.119934,2.439564,0.373627,2.212133,-0.007328,-0.681318
576.129883,2.454216,0.373627,2.212133,-0.007328,-0.691087
576.139465,2.410259,0.383395,2.212133,0.007326,-0.700854
576.148987,2.395607,0.378511,2.212133,0.021978,-0.695971
576.158936,2.439564,0.358974,2.212133,0.007326,-0.691087
576.168884,2.468864,0.358974,2.212133,0.021978,-0.695971
576.179199,2.483517,0.368743,2.212133,-0.007328,-0.695971
576.188782,2.454216,0.388279,2.212133,0.007326,-0.695971
576.198303,2.410259,0.388279,2.212133,0.007326,-0.700854
576.208252,2.410259,0.368743,2.212133,0.021978,-0.695971
576.218201,2.454216,0.363859,2.212133,0.007326,-0.695971
576.228516,2.483517,0.354091,2.212133,0.007326,-0.695971
576.238403,2.527473,0.358974,2.212133,-0.007328,-0.700854
576.248352,2.454216,0.378511,2.212133,0.007326,-0.700854
576.257935,2.439564,0.368743,2.212133,-0.007328,-0.705739
576.267883,2.468864,0.354091,2.212133,0.007326,-0.705739
576.277771,2.454216,0.349207,2.212133,-0.007328,-0.705739
576.288086,2.527473,0.319902,2.212133,0.007326,-0.710623
576.298462,2.527473,0.344323,2.212133,0.007326,-0.710623
576.308044,2.483517,0.354091,2.212133,0.007326,-0.710623
576.317932,2.468864,0.349207,2.212133,0.021978,-0.710623
576.327820,2.454216,0.344323,2.212133,0.007326,-0.705739
576.338135,2.498169,0.319902,2.212514,0.021978,-0.710623
576.348450,2.542126,0.324787,2.212133,-0.007328,-0.710623
576.358398,2.527473,0.349207,2.212133,0.007326,-0.710623
576.367981,2.483517,0.358974,2.212133,0.007326,-0.715507
576.377869,2.454216,0.349207,2.212133,-0.007328,-0.715507
576.388123,2.498169,0.329671,2.212133,0.007326,-0.715507
576.398804,2.586082,0.319902,2.212514,0.021978,-0.720390
576.409180,2.600735,0.339439,2.212133,0.007326,-0.715507
576.419128,2.556778,0.358974,2.212133,0.021978,-0.715507
576.429077,2.468864,0.373627,2.212133,0.007326,-0.710623
576.438965,2.454216,0.339439,2.212133,0.007326,-0.715507
576.449280,2.542126,0.329671,2.212133,0.007326,-0.715507
576.459595,2.571430,0.334555,2.212133,-0.007328,-0.720390
576.470337,2.615387,0.334555,2.212133,0.007326,-0.730159
576.480286,2.556778,0.358974,2.212133,-0.007328,-0.730159
576.490540,2.527473,0.349207,2.212133,0.007326,-0.735043
576.500488,2.512821,0.339439,2.212514,0.007326,-0.730159
576.510864,2.571430,0.334555,2.212514,0.007326,-0.725275
576.521606,2.571430,0.315019,2.212514,0.007326,-0.725275
576.531982,2.586082,0.334555,2.212133,-0.007328,-0.730159
576.541931,2.556778,0.344323,2.212514,0.021978,-0.735043
576.552673,2.542126,0.324787,2.212514,0.007326,-0.730159
576.562988,2.586082,0.319902,2.212514,0.021978,-0.730159
576.573303,2.571430,0.295483,2.212514,0.007326,-0.730159
576.583618,2.600735,0.305251,2.212514,0.007326,-0.725275
576.593567,2.527473,0.324787,2.212514,0.021978,-0.730159
576.603821,2.527473,0.305251,2.212133,0.007326,-0.730159
576.613770,2.498169,0.310135,2.212514,0.007326,-0.735043
576.624146,2.527473,0.300367,2.212514,0.007326,-0.735043
576.634521,2.571430,0.295483,2.212514,-0.007328,-0.735043
576.644409,2.512821,0.319902,2.212514,0.007326,-0.739926
576.654785,2.483517,0.310135,2.212514,0.021978,-0.744811
576.664307,2.454216,0.319902,2.212514,0.007326,-0.739926
576.673889,2.454216,0.315019,2.212514,0.007326,-0.739926
576.684143,2.483517,0.305251,2.212514,0.007326,-0.739926
576.694458,2.512821,0.305251,2.212514,0.007326,-0.739926
576.704407,2.512821,0.310135,2.212514,0.007326,-0.739926
576.714661,2.527473,0.319902,2.212514,0.007326,-0.744811
576.724182,2.483517,0.329671,2.212514,0.007326,-0.744811
576.734436,2.483517,0.315019,2.212514,0.021978,-0.749695
576.744324,2.512821,0.324787,2.212514,0.007326,-0.744811
576.754578,2.498169,0.315019,2.212514,0.021978,-0.749695
576.764832,2.542126,0.324787,2.212514,0.021978,-0.744811
576.774780,2.498169,0.344323,2.212514,-0.007328,-0.744811
576.784729,2.527473,0.329671,2.212514,0.021978,-0.749695
576.794983,2.498169,0.339439,2.212514,0.007326,-0.749695
576.804932,2.512821,0.329671,2.212514,0.007326,-0.749695
576.815308,2.542126,0.329671,2.212514,0.007326,-0.754579
576.825256,2.527473,0.344323,2.212514,0.021978,-0.754579
576.835571,2.498169,0.334555,2.212514,-0.007328,-0.749695
576.845947,2.542126,0.334555,2.212514,0.021978,-0.749695
576.856262,2.571430,0.329671,2.212514,0.021978,-0.749695
576.866943,2.600735,0.319902,2.212514,0.007326,-0.749695
576.876892,2.571430,0.334555,2.212514,0.007326,-0.759462
576.887207,2.542126,0.329671,2.212514,0.021978,-0.759462
576.897583,2.556778,0.329671,2.212514,-0.007328,-0.759462
576.907898,2.556778,0.334555,2.212514,0.021978,-0.759462
576.918579,2.586082,0.300367,2.212514,0.007326,-0.759462
576.928955,2.644691,0.315019,2.212514,0.007326,-0.764347
576.939697,2.615387,0.319902,2.212514,0.007326,-0.759462
576.950012,2.586082,0.334555,2.212514,0.007326,-0.764347
576.959961,2.527473,0.329671,2.212514,0.007326,-0.769231
576.970703,2.571430,0.295483,2.212514,0.007326,-0.764347
576.981079,2.630039,0.300367,2.212514,-0.007328,-0.764347
576.991821,2.659344,0.305251,2.212514,-0.007328,-0.769231
577.002136,2.615387,0.310135,2.212514,0.007326,-0.774115
577.012451,2.586082,0.315019,2.212514,-0.007328,-0.774115
577.023193,2.600735,0.285715,2.212514,0.021978,-0.774115
577.033936,2.615387,0.290599,2.212514,0.007326,-0.769231
577.044678,2.644691,0.290599,2.212514,-0.007328,-0.764347
577.055359,2.644691,0.300367,2.212514,0.021978,-0.769231
577.065674,2.586082,0.305251,2.212514,0.007326,-0.769231
577.075989,2.600735,0.290599,2.212514,0.007326,-0.764347
577.086304,2.600735,0.295483,2.212514,0.007326,-0.769231
577.097412,2.673996,0.271063,2.212514,-0.007328,-0.774115
577.108521,2.717949,0.280830,2.212514,0.007326,-0.778998
577.118896,2.659344,0.305251,2.212514,0.007326,-0.778998
577.129272,2.600735,0.305251,2.212514,0.007326,-0.778998
577.139648,2.586082,0.300367,2.212514,0.007326,-0.778998
577.150757,2.644691,0.261295,2.212514,0.007326,-0.778998
577.161865,2.747253,0.256411,2.212514,0.007326,-0.778998
577.172607,2.732601,0.280830,2.212514,0.007326,-0.778998
577.183716,2.703297,0.290599,2.212514,0.007326,-0.778998
577.194092,2.659344,0.295483,2.212514,0.007326,-0.774115
577.204834,2.644691,0.261295,2.212896,0.007326,-0.774115
577.215942,2.703297,0.256411,2.212514,0.007326,-0.774115
577.226685,2.688644,0.261295,2.212514,-0.007328,-0.778998
577.237427,2.688644,0.266179,2.212896,0.007326,-0.783883
577.247803,2.615387,0.275947,2.212896,0.021978,-0.788767
577.258911,2.644691,0.256411,2.212514,0.007326,-0.783883
577.269226,2.659344,0.261295,2.212514,0.007326,-0.783883
577.280334,2.673996,0.246643,2.212896,0.021978,-0.783883
577.291016,2.673996,0.256411,2.212896,0.007326,-0.783883
577.301392,2.644691,0.256411,2.212514,0.007326,-0.783883
577.312134,2.644691,0.251527,2.212514,-0.007328,-0.788767
577.322876,2.630039,0.251527,2.212896,0.007326,-0.788767
577.333252,2.630039,0.246643,2.212896,0.021978,-0.788767
577.344360,2.659344,0.246643,2.212896,0.021978,-0.783883
577.354675,2.630039,0.261295,2.212514,-0.007328,-0.783883
577.364990,2.600735,0.256411,2.212896,0.007326,-0.783883
577.375366,2.600735,0.261295,2.212896,0.007326,-0.788767
577.386047,2.600735,0.251527,2.212896,0.007326,-0.783883
577.396729,2.673996,0.256411,2.212896,0.007326,-0.788767
577.407471,2.630039,0.266179,2.212896,0.007326,-0.788767
577.417847,2.644691,0.261295,2.212896,0.007326,-0.788767
577.428528,2.615387,0.271063,2.212896,0.021978,-0.788767
577.438782,2.600735,0.266179,2.212896,0.007326,-0.788767
577.449463,2.630039,0.266179,2.212896,0.007326,-0.788767
577.460205,2.630039,0.266179,2.212896,0.021978,-0.788767
577.470947,2.659344,0.271063,2.212896,0.007326,-0.788767
577.481262,2.630039,0.280830,2.212896,0.007326,-0.788767
577.491943,2.630039,0.280830,2.212896,0.007326,-0.793651
577.502625,2.644691,0.271063,2.212896,-0.007328,-0.788767
577.513306,2.659344,0.271063,2.212896,0.021978,-0.788767
577.524414,2.688644,0.275947,2.212896,0.007326,-0.788767
577.535156,2.688644,0.285715,2.212896,0.007326,-0.788767
577.545898,2.644691,0.280830,2.212896,0.007326,-0.793651
577.556641,2.688644,0.271063,2.212896,0.021978,-0.788767
577.567749,2.703297,0.266179,2.212896,0.007326,-0.788767
577.578857,2.761906,0.256411,2.212896,0.007326,-0.788767
577.589600,2.703297,0.275947,2.212896,0.007326,-0.793651
577.600708,2.717949,0.261295,2.212896,0.007326,-0.793651
577.611450,2.732601,0.251527,2.212896,0.021978,-0.788767
577.622559,2.732601,0.246643,2.212896,-0.007328,-0.783883
577.634033,2.761906,0.241758,2.212896,-0.021980,-0.788767
577.644775,2.732601,0.251527,2.212896,0.021978,-0.798534
577.655884,2.732601,0.241758,2.212896,0.007326,-0.793651
577.666626,2.732601,0.241758,2.212896,-0.007328,-0.788767
577.677734,2.732601,0.222223,2.212896,0.021978,-0.798534
577.688843,2.747253,0.222223,2.212896,0.021978,-0.793651
577.699524,2.732601,0.231991,2.212896,0.021978,-0.788767
577.710632,2.732601,0.236875,2.212896,0.021978,-0.788767
577.720947,2.659344,0.241758,2.212896,-0.007328,-0.788767
577.732056,2.688644,0.222223,2.212896,0.007326,-0.788767
577.743103,2.703297,0.217339,2.212896,0.007326,-0.788767
577.754211,2.747253,0.217339,2.212896,-0.007328,-0.783883
577.765320,2.776558,0.236875,2.212896,0.007326,-0.788767
577.776001,2.703297,0.246643,2.212896,0.007326,-0.793651
577.787048,2.717949,0.236875,2.212896,0.007326,-0.793651
577.798523,2.761906,0.222223,2.212896,0.007326,-0.793651
577.809937,2.835167,0.222223,2.212896,0.007326,-0.793651
577.821045,2.820515,0.241758,2.212896,-0.021980,-0.788767
577.831787,2.732601,0.261295,2.212896,0.007326,-0.798534
577.842896,2.717949,0.241758,2.212896,0.021978,-0.798534
577.853638,2.732601,0.236875,2.212896,0.007326,-0.788767
577.865112,2.776558,0.222223,2.212896,0.021978,-0.788767
577.876221,2.776558,0.246643,2.212896,0.007326,-0.788767
577.886963,2.717949,0.236875,2.212896,-0.007328,-0.783883
577.897705,2.717949,0.246643,2.212896,0.007326,-0.788767
577.908813,2.717949,0.222223,2.212896,0.021978,-0.788767
577.919922,2.776558,0.212455,2.212896,0.007326,-0.783883
577.931396,2.761906,0.222223,2.212896,0.007326,-0.783883
577.942505,2.747253,0.222223,2.212896,-0.007328,-0.783883
577.953247,2.732601,0.227107,2.212896,0.021978,-0.788767
577.963928,2.703297,0.217339,2.212896,0.007326,-0.783883
577.975403,2.761906,0.207571,2.212896,0.007326,-0.778998
577.986084,2.747253,0.217339,2.212896,-0.007328,-0.778998
577.997192,2.732601,0.222223,2.212896,0.007326,-0.783883
578.007935,2.703297,0.231991,2.212896,0.007326,-0.788767
578.018677,2.673996,0.227107,2.212896,0.021978,-0.788767
578.029419,2.688644,0.217339,2.212896,-0.007328,-0.783883
578.040161,2.673996,0.222223,2.212896,-0.007328,-0.783883
578.051270,2.717949,0.217339,2.212896,0.007326,-0.788767
578.062012,2.673996,0.231991,2.212896,0.007326,-0.788767
578.072754,2.673996,0.236875,2.212896,0.021978,-0.783883
578.083130,2.673996,0.241758,2.212896,-0.007328,-0.783883
578.094238,2.659344,0.236875,2.212896,0.021978,-0.783883
578.104980,2.703297,0.231991,2.212896,0.021978,-0.783883
578.116089,2.673996,0.246643,2.212896,-0.007328,-0.774115
578.126404,2.673996,0.241758,2.212896,0.007326,-0.783883
578.137085,2.659344,0.246643,2.212896,0.007326,-0.788767
578.147766,2.644691,0.246643,2.212896,0.007326,-0.783883
578.158875,2.717949,0.236875,2.212896,0.021978,-0.783883
578.169617,2.703297,0.256411,2.212896,-0.007328,-0.778998
578.180725,2.717949,0.241758,2.212896,0.021978,-0.783883
578.191345,2.717949,0.251527,2.212896,0.007326,-0.783883
578.202454,2.747253,0.231991,2.212896,0.021978,-0.778998
578.213562,2.761906,0.241758,2.212896,0.007326,-0.774115
578.224670,2.761906,0.236875,2.212896,0.007326,-0.778998
578.236145,2.747253,0.241758,2.212896,0.021978,-0.778998
578.246826,2.747253,0.241758,2.212896,0.007326,-0.778998
578.257935,2.776558,0.231991,2.212896,-0.007328,-0.778998
578.269409,2.791210,0.222223,2.212896,0.021978,-0.783883
578.280884,2.805862,0.227107,2.212896,-0.007328,-0.778998
578.291992,2.791210,0.236875,2.212896,0.007326,-0.783883
578.302673,2.717949,0.246643,2.212896,-0.007328,-0.783883
578.313782,2.717949,0.227107,2.212896,0.021978,-0.788767
578.324890,2.732601,0.217339,2.212896,0.007326,-0.783883
578.335999,2.791210,0.202686,2.212896,0.007326,-0.778998
578.347473,2.791210,0.217339,2.212896,0.007326,-0.778998
578.358582,2.761906,0.212455,2.212896,-0.021980,-0.778998
578.369629,2.761906,0.212455,2.212896,0.007326,-0.783883
578.380737,2.776558,0.202686,2.212896,0.007326,-0.783883
578.392212,2.820515,0.192919,2.212896,0.021978,-0.778998
578.403320,2.805862,0.202686,2.212896,0.007326,-0.774115
578.414429,2.776558,0.207571,2.212896,-0.007328,-0.769231
578.425903,2.791210,0.207571,2.212896,0.007326,-0.778998
578.437012,2.805862,0.197803,2.212896,0.021978,-0.778998
578.448853,2.849819,0.188035,2.212896,-0.007328,-0.774115
578.460327,2.849819,0.192919,2.212896,-0.007328,-0.778998
578.471436,2.835167,0.192919,2.212896,-0.007328,-0.778998
578.482910,2.805862,0.212455,2.212896,0.007326,-0.778998
578.493958,2.820515,0.188035,2.212896,0.007326,-0.774115
578.505432,2.835167,0.192919,2.212896,-0.007328,-0.769231
578.516907,2.849819,0.183151,2.212896,-0.007328,-0.774115
578.528748,2.864471,0.192919,2.212896,0.007326,-0.774115
578.540161,2.849819,0.192919,2.212896,0.007326,-0.774115
578.551270,2.849819,0.202686,2.212896,-0.007328,-0.769231
578.562744,2.805862,0.207571,2.212896,0.021978,-0.778998
578.573853,2.776558,0.202686,2.212896,0.007326,-0.774115
578.584961,2.747253,0.207571,2.212896,-0.007328,-0.769231
578.595703,2.747253,0.202686,2.212896,0.021978,-0.774115
578.606812,2.747253,0.192919,2.212896,-0.007328,-0.774115
578.617920,2.761906,0.202686,2.212896,0.007326,-0.774115
578.629028,2.761906,0.188035,2.212896,0.007326,-0.774115
578.640137,2.761906,0.197803,2.212896,-0.007328,-0.774115
578.651245,2.747253,0.188035,2.212896,0.007326,-0.774115
578.662354,2.747253,0.197803,2.212896,0.007326,-0.778998
578.673462,2.747253,0.192919,2.212896,0.007326,-0.774115
578.684570,2.761906,0.192919,2.212896,0.007326,-0.774115
578.695679,2.732601,0.197803,2.212896,-0.007328,-0.769231
578.706421,2.732601,0.192919,2.212896,0.007326,-0.769231
578.717529,2.732601,0.197803,2.212896,-0.007328,-0.769231
578.728638,2.747253,0.178267,2.212896,0.021978,-0.774115
578.739746,2.776558,0.188035,2.212896,-0.007328,-0.769231
578.751221,2.791210,0.188035,2.212896,0.007326,-0.769231
578.762329,2.791210,0.192919,2.212896,-0.007328,-0.774115
578.773804,2.791210,0.197803,2.212896,0.007326,-0.769231
578.784912,2.805862,0.197803,2.212896,-0.007328,-0.769231
578.796387,2.820515,0.202686,2.212896,0.007326,-0.774115
578.807861,2.849819,0.197803,2.212896,0.007326,-0.769231
578.819336,2.864471,0.207571,2.212896,0.021978,-0.764347
578.830444,2.805862,0.227107,2.212896,0.007326,-0.764347
578.841553,2.776558,0.231991,2.212896,0.007326,-0.759462
578.852661,2.747253,0.227107,2.212896,0.007326,-0.759462
578.864136,2.805862,0.212455,2.212896,-0.007328,-0.759462
578.875244,2.820515,0.217339,2.212896,0.007326,-0.759462
578.886719,2.805862,0.212455,2.212896,0.007326,-0.764347
578.898193,2.820515,0.217339,2.212896,0.007326,-0.759462
578.909302,2.820515,0.207571,2.212896,-0.007328,-0.759462
578.920776,2.835167,0.207571,2.212896,0.007326,-0.759462
578.932251,2.835167,0.202686,2.212896,0.007326,-0.754579
578.943726,2.849819,0.192919,2.212896,0.007326,-0.749695
578.955200,2.835167,0.188035,2.212896,0.021978,-0.749695
578.966675,2.849819,0.173383,2.212896,0.007326,-0.749695
578.978149,2.849819,0.183151,2.212896,0.007326,-0.749695
578.989624,2.820515,0.178267,2.212896,0.007326,-0.744811
579.000732,2.791210,0.197803,2.212896,0.007326,-0.744811
579.011414,2.732601,0.188035,2.212896,0.007326,-0.739926
579.022522,2.747253,0.173383,2.212896,-0.007328,-0.739926
579.033630,2.732601,0.173383,2.212896,0.007326,-0.744811
579.044739,2.776558,0.173383,2.212896,-0.007328,-0.744811
579.056213,2.791210,0.173383,2.212896,0.007326,-0.744811
579.067322,2.805862,0.178267,2.212896,0.007326,-0.744811
579.078796,2.820515,0.173383,2.212896,0.021978,-0.739926
579.089905,2.805862,0.178267,2.212896,0.021978,-0.735043
579.101379,2.805862,0.173383,2.212896,-0.007328,-0.735043
579.112488,2.776558,0.183151,2.212896,-0.007328,-0.735043
579.123535,2.776558,0.178267,2.212896,0.007326,-0.739926
579.135010,2.791210,0.183151,2.212896,0.007326,-0.735043
579.146118,2.776558,0.183151,2.212896,-0.007328,-0.730159
579.157227,2.805862,0.183151,2.212896,0.021978,-0.735043
579.168640,2.791210,0.188035,2.212896,0.007326,-0.725275
579.180115,2.849819,0.188035,2.212896,-0.007328,-0.730159
579.191589,2.835167,0.197803,2.212896,0.021978,-0.735043
579.203003,2.805862,0.197803,2.212896,0.007326,-0.730159
579.214111,2.849819,0.207571,2.212896,-0.007328,-0.725275
579.225220,2.791210,0.212455,2.212896,0.007326,-0.730159
579.236694,2.761906,0.217339,2.212896,-0.007328,-0.725275
579.247742,2.761906,0.217339,2.212896,0.007326,-0.725275
579.258789,2.776558,0.202686,2.212896,0.007326,-0.725275
579.270264,2.791210,0.207571,2.212896,0.007326,-0.725275
579.281372,2.820515,0.202686,2.212896,0.021978,-0.725275
579.292480,2.820515,0.222223,2.212896,-0.021980,-0.720390
579.303955,2.776558,0.212455,2.212896,0.007326,-0.730159
579.315063,2.791210,0.202686,2.212896,0.021978,-0.730159
579.326172,2.791210,0.207571,2.212896,-0.007328,-0.720390
579.337646,2.791210,0.197803,2.212514,-0.007328,-0.725275
579.348755,2.791210,0.207571,2.212896,0.007326,-0.725275
579.359863,2.761906,0.197803,2.212896,0.007326,-0.720390
579.370972,2.776558,0.202686,2.212896,0.007326,-0.715507
579.382080,2.776558,0.197803,2.212896,0.007326,-0.715507
579.393555,2.791210,0.192919,2.212896,0.007326,-0.715507
579.404663,2.776558,0.197803,2.212896,0.007326,-0.715507
579.416504,2.820515,0.188035,2.212896,0.007326,-0.710623
579.427612,2.820515,0.197803,2.212896,0.007326,-0.710623
579.439087,2.820515,0.192919,2.212896,0.007326,-0.705739
579.450195,2.805862,0.212455,2.212514,0.007326,-0.710623
579.461243,2.761906,0.217339,2.212514,-0.007328,-0.710623
579.471924,2.732601,0.212455,2.212896,0.021978,-0.710623
579.482666,2.717949,0.217339,2.212896,0.021978,-0.710623
579.494141,2.761906,0.197803,2.212896,0.021978,-0.700854
579.505249,2.776558,0.202686,2.212896,0.007326,-0.700854
579.516357,2.805862,0.197803,2.212514,0.007326,-0.700854
579.527832,2.805862,0.207571,2.212514,0.007326,-0.705739
579.538940,2.776558,0.202686,2.212514,0.007326,-0.705739
579.550415,2.805862,0.197803,2.212514,0.007326,-0.700854
579.561523,2.805862,0.197803,2.212514,0.007326,-0.695971
579.572998,2.805862,0.192919,2.212514,0.007326,-0.695971
579.584106,2.791210,0.197803,2.212514,-0.007328,-0.695971
579.595581,2.820515,0.192919,2.212514,-0.007328,-0.700854
579.607056,2.849819,0.188035,2.212514,0.007326,-0.705739
579.618530,2.849819,0.183151,2.212514,0.021978,-0.700854
579.630005,2.879124,0.183151,2.212514,0.007326,-0.695971
579.641479,2.835167,0.188035,2.212514,0.007326,-0.691087
579.652954,2.835167,0.192919,2.212514,-0.007328,-0.691087
579.664063,2.820515,0.188035,2.212514,0.007326,-0.691087
579.675903,2.849819,0.183151,2.212514,-0.007328,-0.691087
579.687317,2.864471,0.183151,2.212514,0.007326,-0.691087
579.698425,2.849819,0.188035,2.212514,0.007326,-0.691087
579.709900,2.849819,0.183151,2.212514,-0.007328,-0.686203
579.721375,2.820515,0.188035,2.212514,0.007326,-0.691087
579.732849,2.849819,0.173383,2.212514,0.007326,-0.686203
579.743958,2.805862,0.188035,2.212514,0.007326,-0.681318
579.755432,2.805862,0.173383,2.212514,0.007326,-0.686203
579.766541,2.791210,0.188035,2.212514,0.007326,-0.686203
579.777649,2.805862,0.178267,2.212514,-0.007328,-0.686203
579.789124,2.820515,0.188035,2.212514,0.007326,-0.686203
579.800171,2.776558,0.178267,2.212514,-0.007328,-0.681318
579.811279,2.791210,0.183151,2.212514,0.021978,-0.686203
579.822388,2.761906,0.188035,2.212514,0.007326,-0.681318
579.833496,2.747253,0.188035,2.212514,0.021978,-0.676435
579.844604,2.761906,0.183151,2.212514,-0.007328,-0.671551
579.855713,2.791210,0.188035,2.212514,0.007326,-0.676435
579.867188,2.791210,0.188035,2.212514,0.007326,-0.676435
579.878296,2.791210,0.202686,2.212514,-0.007328,-0.676435
579.889771,2.791210,0.197803,2.212514,0.007326,-0.681318
579.901245,2.791210,0.207571,2.212514,-0.007328,-0.676435
579.912292,2.820515,0.202686,2.212514,0.007326,-0.681318
579.923401,2.776558,0.227107,2.212514,0.007326,-0.676435
579.934448,2.761906,0.227107,2.212514,0.007326,-0.671551
579.945190,2.747253,0.231991,2.212514,-0.007328,-0.671551
579.956299,2.747253,0.227107,2.212514,0.021978,-0.676435
579.967773,2.776558,0.217339,2.212514,0.007326,-0.671551
579.979248,2.805862,0.227107,2.212514,0.021978,-0.671551
579.990356,2.761906,0.231991,2.212514,-0.007328,-0.666667
580.001465,2.776558,0.236875,2.212514,0.021978,-0.666667
580.012573,2.776558,0.231991,2.212514,-0.007328,-0.661782
580.024048,2.805862,0.222223,2.212514,0.007326,-0.666667
580.035156,2.805862,0.227107,2.212514,0.007326,-0.666667
580.046631,2.805862,0.227107,2.212514,0.007326,-0.661782
580.057373,2.761906,0.241758,2.212514,-0.007328,-0.661782
580.068848,2.791210,0.217339,2.212514,0.007326,-0.661782
580.079956,2.791210,0.212455,2.212514,-0.007328,-0.666667
580.091431,2.805862,0.212455,2.212514,0.021978,-0.666667
580.102539,2.805862,0.222223,2.212514,0.007326,-0.661782
580.113647,2.776558,0.227107,2.212514,0.007326,-0.656898
580.125122,2.747253,0.222223,2.212514,0.021978,-0.656898
580.135803,2.747253,0.217339,2.212514,0.007326,-0.656898
580.146912,2.732601,0.207571,2.212514,0.007326,-0.656898
580.158386,2.776558,0.207571,2.212514,0.007326,-0.656898
580.169434,2.776558,0.202686,2.212133,-0.007328,-0.652015
580.180542,2.776558,0.212455,2.212514,0.007326,-0.656898
580.191650,2.776558,0.212455,2.212514,0.007326,-0.656898
580.202759,2.761906,0.202686,2.212133,0.007326,-0.656898
580.213867,2.747253,0.202686,2.212514,0.021978,-0.656898
580.224976,2.747253,0.197803,2.212133,-0.007328,-0.647131
580.236084,2.761906,0.202686,2.212133,0.007326,-0.652015
580.247192,2.747253,0.202686,2.212514,0.007326,-0.652015
580.258301,2.776558,0.192919,2.212133,-0.007328,-0.647131
580.269409,2.761906,0.207571,2.212133,0.007326,-0.652015
580.280518,2.776558,0.202686,2.212133,0.007326,-0.647131
580.291626,2.776558,0.207571,2.212133,-0.007328,-0.647131
580.303101,2.791210,0.192919,2.212133,-0.007328,-0.642246
580.314575,2.835167,0.207571,2.212133,0.007326,-0.647131
580.325684,2.820515,0.212455,2.212133,-0.007328,-0.647131
580.335632,2.791210,0.217339,2.212133,0.021978,-0.647131
580.347778,2.761906,0.217339,2.212514,0.021978,-0.642246
580.358887,2.747253,0.207571,2.212133,0.007326,-0.632479
580.369995,2.776558,0.202686,2.212133,-0.007328,-0.637362
580.381470,2.776558,0.197803,2.212133,0.007326,-0.642246
580.392578,2.791210,0.202686,2.212133,0.007326,-0.642246
580.403687,2.747253,0.217339,2.212133,0.007326,-0.637362
580.414429,2.747253,0.212455,2.212133,0.007326,-0.637362
580.425537,2.732601,0.212455,2.212133,0.021978,-0.637362
580.436646,2.747253,0.197803,2.212133,-0.007328,-0.627595
580.447754,2.776558,0.207571,2.212133,0.021978,-0.632479
580.458862,2.732601,0.212455,2.212133,0.007326,-0.632479
580.469971,2.747253,0.212455,2.212133,0.007326,-0.632479
580.480713,2.732601,0.217339,2.212133,0.007326,-0.632479
580.491821,2.747253,0.207571,2.212133,0.007326,-0.632479
580.502930,2.717949,0.227107,2.212133,0.007326,-0.632479
580.513306,2.673996,0.227107,2.212133,-0.007328,-0.632479
580.524048,2.673996,0.227107,2.212133,0.007326,-0.627595
580.534790,2.659344,0.231991,2.212133,-0.007328,-0.622710
580.545898,2.688644,0.227107,2.212133,0.007326,-0.627595
580.556274,2.673996,0.251527,2.212133,-0.007328,-0.627595
580.567383,2.673996,0.246643,2.212133,0.007326,-0.627595
580.578125,2.659344,0.261295,2.212133,-0.007328,-0.632479
580.588867,2.644691,0.256411,2.212133,0.007326,-0.627595
580.599609,2.688644,0.256411,2.212133,0.007326,-0.627595
580.610718,2.703297,0.251527,2.212133,-0.007328,-0.622710
580.621460,2.717949,0.251527,2.212133,0.007326,-0.622710
580.632568,2.717949,0.266179,2.212133,-0.007328,-0.622710
580.643311,2.688644,0.266179,2.212133,0.021978,-0.627595
580.654785,2.747253,0.251527,2.212133,0.021978,-0.622710
580.665894,2.776558,0.251527,2.212133,-0.007328,-0.617826
580.677002,2.791210,0.251527,2.212133,0.021978,-0.622710
580.687744,2.732601,0.271063,2.212133,-0.007328,-0.617826
580.698853,2.703297,0.266179,2.212133,0.021978,-0.617826
580.709961,2.717949,0.256411,2.212133,0.021978,-0.617826
580.721069,2.747253,0.246643,2.212133,0.007326,-0.608059
580.732544,2.776558,0.241758,2.212133,-0.007328,-0.612943
580.743652,2.776558,0.246643,2.212133,-0.021980,-0.617826
580.754761,2.776558,0.236875,2.212133,0.021978,-0.622710
580.765869,2.747253,0.241758,2.212133,0.021978,-0.617826
580.777344,2.791210,0.231991,2.212133,0.007326,-0.612943
580.788391,2.791210,0.231991,2.212133,-0.007328,-0.612943
580.799133,2.747253,0.227107,2.212133,0.007326,-0.617826
580.810242,2.761906,0.231991,2.212133,-0.007328,-0.617826
580.820923,2.717949,0.236875,2.212133,0.021978,-0.617826
580.832031,2.717949,0.222223,2.212133,0.021978,-0.612943
580.843140,2.717949,0.222223,2.212133,0.007326,-0.608059
580.853882,2.717949,0.217339,2.212133,-0.007328,-0.612943
580.864624,2.688644,0.222223,2.212133,-0.007328,-0.617826
580.875732,2.688644,0.222223,2.212133,0.007326,-0.617826
580.886475,2.717949,0.212455,2.212133,0.021978,-0.617826
580.897583,2.717949,0.212455,2.212133,0.007326,-0.608059
580.908691,2.732601,0.212455,2.212133,0.007326,-0.608059
580.919800,2.732601,0.217339,2.212133,0.007326,-0.608059
580.930542,2.732601,0.222223,2.212133,0.007326,-0.608059
580.941650,2.747253,0.222223,2.212133,-0.007328,-0.608059
580.952759,2.717949,0.231991,2.212133,-0.007328,-0.608059
580.963501,2.717949,0.227107,2.212133,0.021978,-0.612943
580.974609,2.732601,0.231991,2.212133,0.007326,-0.608059
580.985352,2.688644,0.231991,2.212133,0.021978,-0.608059
580.996460,2.688644,0.236875,2.212133,-0.021980,-0.608059
581.007141,2.673996,0.236875,2.212133,0.007326,-0.612943
581.018250,2.717949,0.217339,2.212133,0.021978,-0.608059
581.028931,2.703297,0.231991,2.212133,0.007326,-0.603174
581.039673,2.717949,0.227107,2.212133,0.007326,-0.608059
581.050415,2.688644,0.241758,2.212133,0.007326,-0.603174
581.061157,2.673996,0.227107,2.212133,-0.007328,-0.608059
581.072632,2.732601,0.222223,2.212133,0.007326,-0.608059
581.083740,2.732601,0.227107,2.212133,0.007326,-0.612943
581.094482,2.703297,0.236875,2.212133,0.021978,-0.608059
581.105225,2.717949,0.241758,2.212133,0.021978,-0.608059
581.115967,2.688644,0.236875,2.212133,0.007326,-0.598290
581.127075,2.717949,0.231991,2.212133,0.007326,-0.598290
581.137817,2.703297,0.236875,2.212133,0.007326,-0.598290
581.148560,2.673996,0.246643,2.212133,0.007326,-0.603174
581.159302,2.630039,0.256411,2.212133,0.021978,-0.608059
581.169617,2.600735,0.251527,2.212133,0.021978,-0.603174
581.179932,2.615387,0.246643,2.212133,-0.007328,-0.598290
581.190613,2.630039,0.241758,2.212133,0.007326,-0.608059
581.201660,2.688644,0.246643,2.212133,0.007326,-0.608059
581.212036,2.630039,0.261295,2.212133,0.021978,-0.608059
581.222717,2.630039,0.266179,2.212133,0.007326,-0.603174
581.233032,2.600735,0.271063,2.212133,0.007326,-0.603174
581.243774,2.644691,0.261295,2.212133,0.021978,-0.608059
581.254517,2.673996,0.271063,2.212133,-0.007328,-0.603174
581.265259,2.644691,0.285715,2.212133,-0.007328,-0.608059
581.275574,2.615387,0.290599,2.212133,0.007326,-0.608059
581.285889,2.600735,0.285715,2.212133,0.007326,-0.608059
581.296631,2.600735,0.280830,2.212133,0.007326,-0.608059
581.307739,2.703297,0.266179,2.212133,0.007326,-0.608059
581.318481,2.717949,0.280830,2.212133,0.007326,-0.608059
581.329590,2.703297,0.285715,2.212133,-0.007328,-0.608059
581.340698,2.703297,0.295483,2.212133,0.021978,-0.612943
581.351379,2.659344,0.285715,2.212133,-0.007328,-0.608059
581.362427,2.747253,0.266179,2.212133,0.021978,-0.608059
581.373169,2.732601,0.266179,2.212133,0.007326,-0.608059
581.384644,2.776558,0.256411,2.212133,0.007326,-0.608059
581.395752,2.747253,0.271063,2.212133,0.007326,-0.612943
581.406494,2.717949,0.266179,2.212133,0.021978,-0.608059
581.417603,2.717949,0.261295,2.212133,0.007326,-0.608059
581.428345,2.717949,0.251527,2.212133,0.007326,-0.612943
581.439453,2.717949,0.241758,2.212133,0.021978,-0.608059
581.450134,2.717949,0.256411,2.212133,-0.007328,-0.608059
581.460815,2.673996,0.241758,2.212133,0.007326,-0.608059
581.471924,2.703297,0.236875,2.212133,0.007326,-0.612943
581.483032,2.732601,0.227107,2.212133,0.007326,-0.612943
581.494141,2.747253,0.227107,2.212133,0.007326,-0.612943
581.504883,2.717949,0.231991,2.212133,-0.007328,-0.617826
581.515991,2.703297,0.227107,2.212133,0.007326,-0.617826
581.526306,2.688644,0.231991,2.212133,0.007326,-0.617826
581.537415,2.688644,0.222223,2.212133,0.021978,-0.612943
581.548096,2.673996,0.231991,2.212133,0.007326,-0.612943
581.558838,2.659344,0.236875,2.212133,0.007326,-0.617826
581.569580,2.659344,0.236875,2.212133,0.021978,-0.617826
581.580322,2.673996,0.236875,2.212133,0.021978,-0.622710
581.591064,2.673996,0.236875,2.212133,0.007326,-0.617826
581.602173,2.703297,0.231991,2.212133,-0.007328,-0.622710
581.612915,2.688644,0.246643,2.212133,-0.007328,-0.622710
581.623657,2.688644,0.241758,2.212133,-0.007328,-0.622710
581.634033,2.644691,0.266179,2.212133,0.007326,-0.622710
581.645081,2.644691,0.251527,2.212133,-0.007328,-0.617826
581.655823,2.659344,0.251527,2.212133,0.007326,-0.627595
581.666504,2.659344,0.256411,2.212133,0.007326,-0.627595
581.677246,2.673996,0.256411,2.212133,0.007326,-0.622710
581.687622,2.630039,0.266179,2.212133,-0.007328,-0.622710
581.698364,2.659344,0.251527,2.212133,0.007326,-0.627595
581.709473,2.673996,0.256411,2.212133,0.007326,-0.632479
581.720215,2.673996,0.261295,2.212133,-0.007328,-0.627595
581.730957,2.688644,0.261295,2.212133,0.021978,-0.632479
581.741333,2.659344,0.271063,2.212133,-0.007328,-0.627595
581.752075,2.630039,0.261295,2.212133,0.021978,-0.627595
581.762817,2.630039,0.271063,2.212133,0.007326,-0.627595
581.773560,2.630039,0.261295,2.212133,0.021978,-0.627595
581.784302,2.688644,0.256411,2.212133,0.021978,-0.632479
581.795044,2.644691,0.280830,2.212133,0.007326,-0.627595
581.805359,2.615387,0.271063,2.212133,0.007326,-0.632479
581.815674,2.586082,0.280830,2.212133,0.007326,-0.637362
581.826050,2.600735,0.266179,2.212133,0.021978,-0.637362
581.836792,2.644691,0.261295,2.212133,0.007326,-0.637362
581.847534,2.630039,0.280830,2.212133,0.007326,-0.637362
581.857849,2.600735,0.280830,2.212133,-0.007328,-0.637362
581.868164,2.571430,0.285715,2.212133,0.007326,-0.642246
581.878540,2.571430,0.275947,2.212133,0.007326,-0.642246
581.889221,2.600735,0.271063,2.212133,-0.007328,-0.647131
581.899536,2.586082,0.285715,2.212133,0.007326,-0.647131
581.909912,2.586082,0.290599,2.212133,0.007326,-0.652015
581.919861,2.542126,0.300367,2.212133,0.007326,-0.647131
581.930237,2.527473,0.300367,2.212133,0.021978,-0.647131
581.940552,2.571430,0.285715,2.212133,0.007326,-0.642246
581.951294,2.571430,0.295483,2.212133,0.007326,-0.642246
581.961670,2.615387,0.290599,2.212133,-0.007328,-0.647131
581.972046,2.600735,0.315019,2.212133,0.021978,-0.656898
581.982361,2.571430,0.315019,2.212133,0.007326,-0.652015
581.993042,2.615387,0.305251,2.212133,0.007326,-0.647131
582.003784,2.615387,0.300367,2.212133,-0.007328,-0.652015
582.014526,2.703297,0.285715,2.212133,0.007326,-0.652015
582.025269,2.688644,0.310135,2.212133,0.007326,-0.656898
582.035950,2.630039,0.319902,2.212133,0.021978,-0.656898
582.046265,2.615387,0.310135,2.212133,0.007326,-0.652015
582.057373,2.644691,0.290599,2.212133,0.007326,-0.656898
582.068420,2.703297,0.271063,2.212133,0.007326,-0.661782
582.079102,2.732601,0.290599,2.212133,0.007326,-0.661782
582.089783,2.673996,0.290599,2.212133,0.007326,-0.661782
582.100098,2.644691,0.290599,2.212133,0.021978,-0.666667
582.110779,2.615387,0.285715,2.212133,-0.007328,-0.666667
582.121826,2.659344,0.261295,2.212133,0.007326,-0.666667
582.132568,2.673996,0.271063,2.212133,0.007326,-0.666667
582.143311,2.688644,0.256411,2.212133,0.007326,-0.661782
582.154053,2.673996,0.271063,2.212133,0.021978,-0.661782
582.164429,2.630039,0.261295,2.212133,-0.007328,-0.661782
582.175171,2.659344,0.261295,2.212133,0.021978,-0.661782
582.185852,2.630039,0.256411,2.212133,0.021978,-0.671551
582.196533,2.659344,0.256411,2.212133,0.007326,-0.666667
582.207275,2.644691,0.271063,2.212133,0.007326,-0.671551
582.217590,2.586082,0.271063,2.212133,0.007326,-0.671551
582.227844,2.600735,0.261295,2.212133,0.007326,-0.671551
582.238159,2.586082,0.266179,2.212133,0.007326,-0.671551
582.248474,2.556778,0.256411,2.212133,-0.007328,-0.671551
582.258789,2.571430,0.271063,2.212133,0.007326,-0.676435
582.268738,2.498169,0.285715,2.212133,0.021978,-0.681318
582.278748,2.512821,0.271063,2.212133,0.021978,-0.676435
582.288635,2.468864,0.285715,2.212133,-0.007328,-0.676435
582.298523,2.512821,0.285715,2.212133,0.007326,-0.676435
582.308838,2.527473,0.300367,2.212133,0.007326,-0.676435
582.318420,2.468864,0.315019,2.212133,0.007326,-0.681318
582.328735,2.483517,0.310135,2.212133,0.007326,-0.681318
582.338684,2.498169,0.315019,2.212133,-0.007328,-0.681318
582.348938,2.512821,0.315019,2.212133,0.007326,-0.681318
582.359253,2.556778,0.319902,2.212133,0.007326,-0.681318
582.369202,2.542126,0.339439,2.212133,0.007326,-0.686203
582.379578,2.527473,0.344323,2.212133,0.021978,-0.686203
582.389526,2.527473,0.339439,2.212133,-0.007328,-0.686203
582.399475,2.483517,0.349207,2.212133,0.007326,-0.686203
582.409790,2.542126,0.329671,2.212133,0.007326,-0.691087
582.420166,2.542126,0.329671,2.212133,-0.007328,-0.691087
582.430481,2.542126,0.334555,2.212133,0.007326,-0.691087
582.440369,2.542126,0.349207,2.212133,0.021978,-0.695971
582.450623,2.498169,0.344323,2.212133,0.021978,-0.691087
582.460938,2.527473,0.324787,2.212133,0.021978,-0.691087
582.471191,2.556778,0.329671,2.212133,0.007326,-0.691087
582.481506,2.556778,0.324787,2.212133,-0.007328,-0.695971
582.491394,2.542126,0.339439,2.212133,0.007326,-0.700854
582.501282,2.498169,0.344323,2.212133,0.021978,-0.700854
582.511597,2.498169,0.324787,2.212133,0.007326,-0.700854
582.521912,2.527473,0.324787,2.212133,0.007326,-0.700854
582.532166,2.556778,0.319902,2.212133,0.007326,-0.700854
582.542480,2.571430,0.329671,2.212133,0.021978,-0.705739
582.552429,2.527473,0.349207,2.212133,0.007326,-0.700854
582.562317,2.512821,0.329671,2.212133,0.007326,-0.700854
582.572632,2.512821,0.324787,2.212133,0.007326,-0.705739
582.582947,2.542126,0.319902,2.212133,0.007326,-0.705739
582.593628,2.600735,0.295483,2.212133,-0.007328,-0.705739
582.603577,2.571430,0.324787,2.212133,0.007326,-0.710623
582.613953,2.542126,0.319902,2.212133,0.007326,-0.710623
582.623840,2.527473,0.319902,2.212133,0.007326,-0.710623
582.634155,2.512821,0.305251,2.212133,0.007326,-0.710623
582.644897,2.600735,0.285715,2.212133,-0.007328,-0.710623
582.655640,2.615387,0.305251,2.212133,0.007326,-0.710623
582.665527,2.556778,0.319902,2.212133,0.007326,-0.710623
582.675781,2.542126,0.319902,2.212514,0.021978,-0.710623
582.686157,2.556778,0.310135,2.212133,0.007326,-0.710623
582.696899,2.600735,0.285715,2.212133,0.007326,-0.715507
582.707642,2.644691,0.295483,2.212514,0.007326,-0.715507
582.718018,2.630039,0.310135,2.212133,-0.007328,-0.715507
582.728699,2.600735,0.315019,2.212514,0.007326,-0.715507
582.738647,2.556778,0.319902,2.212133,0.007326,-0.720390
582.749390,2.600735,0.285715,2.212514,0.007326,-0.720390
582.760132,2.659344,0.290599,2.212514,0.021978,-0.720390
582.770874,2.673996,0.295483,2.212133,0.007326,-0.720390
582.781250,2.630039,0.315019,2.212133,0.007326,-0.725275
582.791626,2.571430,0.315019,2.212133,0.007326,-0.725275
582.802368,2.600735,0.290599,2.212514,0.007326,-0.725275
582.812744,2.615387,0.295483,2.212514,0.007326,-0.725275
582.823853,2.659344,0.280830,2.212514,-0.007328,-0.725275
582.834595,2.688644,0.300367,2.212514,0.007326,-0.730159
582.844971,2.644691,0.315019,2.212514,0.007326,-0.730159
582.855713,2.659344,0.295483,2.212514,-0.007328,-0.735043
582.866455,2.659344,0.290599,2.212514,0.021978,-0.735043
582.877197,2.644691,0.266179,2.212514,0.007326,-0.735043
582.888306,2.673996,0.275947,2.212514,0.007326,-0.735043
582.898254,2.586082,0.295483,2.212133,0.007326,-0.735043
582.908630,2.571430,0.271063,2.212514,0.007326,-0.739926
582.918945,2.571430,0.275947,2.212514,0.021978,-0.735043
582.929321,2.571430,0.256411,2.212133,-0.007328,-0.735043
582.940063,2.615387,0.261295,2.212514,0.007326,-0.739926
582.950378,2.571430,0.275947,2.212514,0.021978,-0.739926
582.960327,2.556778,0.266179,2.212514,0.007326,-0.735043
582.970703,2.512821,0.280830,2.212514,0.007326,-0.739926
582.980652,2.512821,0.271063,2.212514,0.007326,-0.739926
582.990967,2.556778,0.261295,2.212514,0.007326,-0.735043
583.001343,2.556778,0.266179,2.212514,0.007326,-0.739926
583.012085,2.571430,0.271063,2.212514,0.007326,-0.739926
583.022034,2.556778,0.290599,2.212514,0.007326,-0.744811
583.032043,2.512821,0.295483,2.212514,0.021978,-0.744811
583.042786,2.556778,0.280830,2.212514,0.007326,-0.744811
583.052734,2.527473,0.295483,2.212514,-0.007328,-0.744811
583.063110,2.556778,0.295483,2.212514,0.007326,-0.749695
583.073120,2.542126,0.315019,2.212514,0.007326,-0.744811
583.083435,2.512821,0.319902,2.212514,0.007326,-0.744811
583.093445,2.527473,0.315019,2.212514,0.007326,-0.749695
583.103699,2.512821,0.319902,2.212514,0.007326,-0.749695
583.114014,2.527473,0.310135,2.212514,0.007326,-0.744811
583.123962,2.542126,0.329671,2.212514,0.007326,-0.749695
583.134216,2.527473,0.334555,2.212514,-0.007328,-0.754579
583.144165,2.542126,0.329671,2.212514,0.021978,-0.754579
583.154480,2.542126,0.324787,2.212514,0.007326,-0.749695
583.164734,2.556778,0.329671,2.212514,0.021978,-0.749695
583.175110,2.586082,0.329671,2.212514,-0.007328,-0.754579
583.185364,2.542126,0.344323,2.212514,0.021978,-0.754579
583.195251,2.512821,0.334555,2.212514,0.007326,-0.754579
583.205566,2.542126,0.339439,2.212514,-0.007328,-0.754579
583.215881,2.542126,0.329671,2.212514,0.007326,-0.754579
583.226501,2.615387,0.315019,2.212514,0.007326,-0.759462
583.236816,2.615387,0.324787,2.212514,0.007326,-0.759462
583.247559,2.615387,0.329671,2.212514,0.021978,-0.759462
583.257507,2.556778,0.349207,2.212514,0.021978,-0.764347
583.267761,2.542126,0.315019,2.212514,-0.007328,-0.764347
583.278442,2.600735,0.300367,2.212514,0.021978,-0.764347
583.289185,2.615387,0.300367,2.212514,0.007326,-0.764347
583.299561,2.659344,0.305251,2.212514,0.021978,-0.764347
583.309937,2.586082,0.324787,2.212514,-0.007328,-0.759462
583.320251,2.556778,0.310135,2.212514,0.021978,-0.764347
583.330933,2.586082,0.290599,2.212514,0.007326,-0.764347
583.341248,2.615387,0.290599,2.212514,-0.007328,-0.769231
583.351929,2.644691,0.285715,2.212514,0.007326,-0.764347
583.362305,2.615387,0.305251,2.212514,0.007326,-0.764347
583.372620,2.556778,0.300367,2.212514,0.021978,-0.769231
583.383301,2.600735,0.285715,2.212514,0.007326,-0.769231
583.393616,2.630039,0.285715,2.212514,0.007326,-0.769231
583.405090,2.717949,0.266179,2.212514,0.007326,-0.769231
583.415771,2.703297,0.290599,2.212514,0.021978,-0.769231
583.426147,2.644691,0.305251,2.212514,0.007326,-0.769231
583.436829,2.600735,0.310135,2.212514,0.007326,-0.774115
583.447083,2.600735,0.285715,2.212514,0.021978,-0.774115
583.458191,2.688644,0.261295,2.212514,0.021978,-0.774115
583.469666,2.747253,0.266179,2.212514,0.007326,-0.774115
583.480347,2.732601,0.285715,2.212514,0.007326,-0.774115
583.489563,2.688644,0.295483,2.212514,0.007326,-0.774115
583.501770,2.659344,0.285715,2.212514,0.021978,-0.774115
583.512512,2.688644,0.261295,2.212514,0.021978,-0.778998
583.523621,2.703297,0.256411,2.212514,0.021978,-0.769231
583.534302,2.703297,0.261295,2.212514,-0.007328,-0.774115
583.544983,2.673996,0.266179,2.212896,0.007326,-0.778998
583.555298,2.644691,0.266179,2.212514,0.007326,-0.783883
583.566040,2.688644,0.246643,2.212896,0.007326,-0.783883
583.577148,2.673996,0.246643,2.212896,0.021978,-0.778998
583.587891,2.673996,0.241758,2.212896,0.007326,-0.774115
583.598267,2.659344,0.246643,2.212896,0.007326,-0.774115
583.608948,2.644691,0.246643,2.212896,0.007326,-0.778998
583.619568,2.630039,0.241758,2.212514,0.021978,-0.778998
583.629883,2.615387,0.246643,2.212896,0.007326,-0.783883
583.640564,2.630039,0.241758,2.212896,-0.007328,-0.778998
583.651306,2.630039,0.251527,2.212896,-0.007328,-0.778998
583.661560,2.586082,0.266179,2.212896,-0.007328,-0.783883
583.671814,2.600735,0.256411,2.212896,0.021978,-0.783883
583.682068,2.556778,0.266179,2.212896,0.007326,-0.783883
583.692444,2.586082,0.251527,2.212896,0.021978,-0.783883
583.703552,2.630039,0.266179,2.212896,0.021978,-0.783883
583.713867,2.586082,0.275947,2.212896,0.007326,-0.778998
583.724243,2.615387,0.271063,2.212896,0.007326,-0.778998
583.734558,2.571430,0.285715,2.212896,-0.007328,-0.783883
583.744873,2.600735,0.275947,2.212896,-0.007328,-0.788767
583.755554,2.630039,0.275947,2.212896,-0.007328,-0.788767
583.766296,2.630039,0.280830,2.212896,0.007326,-0.788767
583.776978,2.644691,0.280830,2.212896,0.021978,-0.788767
583.787292,2.615387,0.290599,2.212896,0.007326,-0.783883
583.797974,2.630039,0.290599,2.212896,0.007326,-0.788767
583.808655,2.673996,0.280830,2.212896,0.036631,-0.788767
583.819397,2.673996,0.280830,2.212896,0.007326,-0.783883
583.830505,2.703297,0.275947,2.212896,0.007326,-0.783883
583.841248,2.673996,0.295483,2.212896,0.007326,-0.793651
583.851929,2.673996,0.275947,2.212896,0.007326,-0.788767
583.862671,2.673996,0.275947,2.212896,0.007326,-0.788767
583.873779,2.717949,0.256411,2.212896,0.021978,-0.788767
583.884888,2.747253,0.271063,2.212896,0.007326,-0.788767
583.895630,2.659344,0.275947,2.212896,0.007326,-0.788767
583.906372,2.688644,0.266179,2.212896,0.007326,-0.788767
583.917053,2.673996,0.261295,2.212896,0.021978,-0.793651
583.928040,2.703297,0.231991,2.212896,0.007326,-0.788767
583.939148,2.747253,0.236875,2.212896,0.007326,-0.788767
583.949890,2.717949,0.246643,2.212896,0.007326,-0.793651
583.960632,2.688644,0.246643,2.212896,0.021978,-0.793651
583.971375,2.688644,0.236875,2.212896,0.007326,-0.798534
583.982422,2.703297,0.222223,2.212896,0.007326,-0.793651
583.993530,2.747253,0.222223,2.212896,0.007326,-0.793651
584.004272,2.703297,0.231991,2.212896,0.007326,-0.793651
584.015015,2.703297,0.241758,2.212896,0.007326,-0.788767
584.025696,2.644691,0.241758,2.212896,0.007326,-0.788767
584.036438,2.688644,0.227107,2.212896,0.021978,-0.788767
584.047913,2.732601,0.217339,2.212896,0.007326,-0.783883
584.059021,2.776558,0.217339,2.212896,-0.007328,-0.783883
584.070129,2.761906,0.241758,2.212896,0.007326,-0.788767
584.080811,2.703297,0.256411,2.212896,0.021978,-0.788767
584.091919,2.717949,0.241758,2.212896,0.007326,-0.788767
584.103394,2.761906,0.231991,2.212896,0.007326,-0.783883
584.114502,2.805862,0.227107,2.212896,0.021978,-0.783883
584.125610,2.805862,0.256411,2.212896,0.007326,-0.788767
584.136719,2.703297,0.261295,2.212896,-0.007328,-0.788767
584.147400,2.703297,0.251527,2.212896,0.007326,-0.788767
584.158081,2.717949,0.246643,2.212896,0.007326,-0.793651
584.169556,2.776558,0.227107,2.212896,0.007326,-0.783883
584.180298,2.717949,0.251527,2.212896,0.007326,-0.788767
584.191040,2.717949,0.236875,2.212896,-0.007328,-0.788767
584.202148,2.717949,0.246643,2.212896,0.007326,-0.788767
584.212891,2.703297,0.222223,2.212896,0.021978,-0.788767
584.224365,2.761906,0.212455,2.212896,0.021978,-0.778998
584.235107,2.747253,0.222223,2.212896,0.007326,-0.778998
584.246216,2.747253,0.222223,2.212896,0.007326,-0.783883
584.256958,2.703297,0.222223,2.212896,-0.007328,-0.783883
584.267639,2.688644,0.217339,2.212896,0.007326,-0.783883
584.278748,2.732601,0.207571,2.212896,0.036631,-0.783883
584.289490,2.717949,0.222223,2.212896,0.021978,-0.774115
584.300598,2.717949,0.227107,2.212896,-0.007328,-0.774115
584.311279,2.659344,0.241758,2.212896,0.021978,-0.778998
584.322021,2.644691,0.231991,2.212896,0.021978,-0.778998
584.332764,2.673996,0.231991,2.212896,0.021978,-0.774115
584.341980,2.659344,0.241758,2.212896,0.007326,-0.778998
584.354553,2.703297,0.236875,2.212896,0.007326,-0.778998
584.364929,2.644691,0.256411,2.212896,0.021978,-0.783883
584.375305,2.644691,0.251527,2.212896,0.007326,-0.778998
584.386047,2.630039,0.251527,2.212896,0.021978,-0.783883
584.396729,2.630039,0.251527,2.212896,0.021978,-0.783883
584.407471,2.673996,0.246643,2.212896,0.007326,-0.783883
584.417847,2.659344,0.261295,2.212896,0.007326,-0.783883
584.428589,2.630039,0.266179,2.212896,0.007326,-0.778998
584.439331,2.644691,0.266179,2.212896,0.007326,-0.778998
584.450012,2.644691,0.266179,2.212896,0.007326,-0.774115
584.461121,2.688644,0.246643,2.212896,-0.007328,-0.769231
584.471802,2.673996,0.261295,2.212896,0.007326,-0.778998
584.482544,2.688644,0.251527,2.212896,0.007326,-0.778998
584.493286,2.673996,0.261295,2.212896,0.007326,-0.778998
584.504395,2.703297,0.246643,2.212896,-0.007328,-0.774115
584.515869,2.761906,0.251527,2.212896,0.021978,-0.778998
584.526550,2.732601,0.251527,2.212896,-0.007328,-0.778998
584.537659,2.732601,0.251527,2.212896,-0.007328,-0.778998
584.548401,2.732601,0.261295,2.212896,0.007326,-0.778998
584.559875,2.747253,0.241758,2.212896,0.007326,-0.774115
584.570984,2.776558,0.236875,2.212896,0.007326,-0.774115
584.582458,2.805862,0.241758,2.212896,-0.007328,-0.774115
584.593140,2.776558,0.251527,2.212896,0.021978,-0.774115
584.603882,2.703297,0.261295,2.212896,-0.007328,-0.778998
584.614990,2.688644,0.241758,2.212896,-0.007328,-0.774115
584.625732,2.717949,0.222223,2.212896,0.021978,-0.769231
584.636841,2.747253,0.212455,2.212896,0.007326,-0.769231
584.648315,2.776558,0.212455,2.212896,-0.007328,-0.769231
584.659424,2.747253,0.222223,2.212896,0.007326,-0.769231
584.670166,2.761906,0.217339,2.212896,-0.007328,-0.769231
584.681213,2.747253,0.217339,2.212896,-0.007328,-0.774115
584.692688,2.776558,0.197803,2.212896,0.007326,-0.769231
584.703735,2.761906,0.207571,2.212896,-0.007328,-0.764347
584.714844,2.761906,0.207571,2.212896,0.007326,-0.764347
584.725586,2.747253,0.217339,2.212896,0.007326,-0.764347
584.736694,2.761906,0.212455,2.212896,0.007326,-0.764347
584.748169,2.776558,0.197803,2.212896,0.007326,-0.764347
584.759216,2.820515,0.207571,2.212896,-0.007328,-0.759462
584.769165,2.776558,0.212455,2.212896,-0.007328,-0.759462
584.781738,2.747253,0.231991,2.212896,0.007326,-0.764347
584.792419,2.703297,0.222223,2.212896,0.007326,-0.764347
584.803528,2.776558,0.212455,2.212896,0.021978,-0.759462
584.815002,2.791210,0.212455,2.212896,0.007326,-0.754579
584.826477,2.835167,0.217339,2.212896,0.007326,-0.759462
584.837585,2.791210,0.241758,2.212896,0.007326,-0.759462
584.848633,2.761906,0.241758,2.212896,0.007326,-0.759462
584.859741,2.747253,0.241758,2.212896,0.007326,-0.754579
584.870483,2.717949,0.241758,2.212896,0.021978,-0.754579
584.881592,2.732601,0.236875,2.212896,0.021978,-0.749695
584.892334,2.688644,0.246643,2.212896,-0.007328,-0.749695
584.903076,2.688644,0.231991,2.212896,0.007326,-0.749695
584.914185,2.717949,0.231991,2.212896,-0.007328,-0.749695
584.925293,2.732601,0.217339,2.212896,0.007326,-0.754579
584.936401,2.747253,0.222223,2.212896,0.007326,-0.754579
584.947144,2.717949,0.231991,2.212896,0.007326,-0.749695
584.958252,2.732601,0.222223,2.212896,0.007326,-0.749695
584.968994,2.688644,0.231991,2.212896,0.007326,-0.754579
584.980103,2.747253,0.212455,2.212896,0.007326,-0.754579
584.991211,2.732601,0.227107,2.212896,0.007326,-0.749695
585.002319,2.717949,0.222223,2.212896,-0.007328,-0.749695
585.013000,2.717949,0.231991,2.212896,0.007326,-0.749695
585.023682,2.688644,0.227107,2.212896,0.007326,-0.749695
585.034424,2.703297,0.222223,2.212896,0.007326,-0.749695
585.045166,2.673996,0.231991,2.212896,0.007326,-0.744811
585.055908,2.659344,0.236875,2.212896,-0.007328,-0.744811
585.066650,2.659344,0.241758,2.212896,0.007326,-0.744811
585.076965,2.615387,0.246643,2.212896,-0.007328,-0.744811
585.087646,2.644691,0.231991,2.212896,0.007326,-0.744811
585.098755,2.688644,0.236875,2.212896,-0.007328,-0.744811
585.109863,2.688644,0.231991,2.212896,0.021978,-0.744811
585.120605,2.703297,0.236875,2.212896,0.007326,-0.739926
585.131348,2.717949,0.251527,2.212896,-0.007328,-0.735043
585.142395,2.703297,0.246643,2.212896,0.007326,-0.739926
585.153137,2.688644,0.251527,2.212896,0.007326,-0.739926
585.164246,2.717949,0.236875,2.212896,0.007326,-0.735043
585.175293,2.732601,0.241758,2.212896,0.007326,-0.735043
585.186035,2.732601,0.246643,2.212896,0.007326,-0.735043
585.197144,2.717949,0.241758,2.212896,0.007326,-0.735043
585.208252,2.732601,0.246643,2.212896,0.007326,-0.735043
585.219360,2.732601,0.231991,2.212896,0.021978,-0.735043
585.230469,2.761906,0.236875,2.212896,0.007326,-0.730159
585.241577,2.747253,0.231991,2.212896,0.021978,-0.725275
585.252686,2.761906,0.231991,2.212896,0.021978,-0.730159
585.263794,2.776558,0.227107,2.212896,0.007326,-0.730159
585.275269,2.805862,0.227107,2.212896,0.021978,-0.730159
585.286011,2.747253,0.236875,2.212896,0.007326,-0.725275
585.297119,2.732601,0.236875,2.212896,0.007326,-0.720390
585.307861,2.703297,0.231991,2.212896,-0.007328,-0.720390
585.318604,2.703297,0.217339,2.212896,0.021978,-0.725275
585.330078,2.761906,0.212455,2.212896,0.021978,-0.725275
585.341187,2.761906,0.217339,2.212896,-0.007328,-0.720390
585.352295,2.761906,0.222223,2.212896,0.007326,-0.720390
585.363037,2.732601,0.236875,2.212514,0.007326,-0.720390
585.374084,2.732601,0.227107,2.212896,0.021978,-0.725275
585.385498,2.761906,0.207571,2.212896,0.021978,-0.720390
585.396606,2.761906,0.207571,2.212896,-0.007328,-0.715507
585.407715,2.805862,0.207571,2.212896,0.007326,-0.715507
585.418823,2.747253,0.231991,2.212514,0.007326,-0.715507
585.429932,2.747253,0.217339,2.212514,-0.007328,-0.720390
585.440613,2.703297,0.222223,2.212896,0.021978,-0.720390
585.451721,2.747253,0.202686,2.212896,0.007326,-0.715507
585.462830,2.732601,0.217339,2.212896,0.007326,-0.710623
585.473511,2.717949,0.217339,2.212514,0.007326,-0.710623
585.484619,2.732601,0.222223,2.212896,0.021978,-0.710623
585.495728,2.717949,0.217339,2.212514,0.007326,-0.710623
585.506836,2.761906,0.212455,2.212896,0.021978,-0.710623
585.517944,2.791210,0.217339,2.212514,0.007326,-0.705739
585.529053,2.761906,0.227107,2.212514,-0.007328,-0.705739
585.540161,2.747253,0.236875,2.212896,-0.007328,-0.710623
585.550903,2.717949,0.241758,2.212514,0.007326,-0.705739
585.562012,2.732601,0.227107,2.212514,0.021978,-0.705739
585.573120,2.776558,0.227107,2.212896,0.007326,-0.700854
585.584595,2.776558,0.231991,2.212896,0.007326,-0.700854
585.595337,2.747253,0.251527,2.212514,0.007326,-0.700854
585.606018,2.688644,0.251527,2.212514,0.021978,-0.705739
585.617126,2.717949,0.227107,2.212514,0.007326,-0.705739
585.628174,2.717949,0.231991,2.212514,0.007326,-0.705739
585.637756,2.747253,0.227107,2.212514,-0.007328,-0.700854
585.650391,2.732601,0.241758,2.212514,0.007326,-0.705739
585.661072,2.673996,0.236875,2.212514,0.007326,-0.700854
585.671753,2.717949,0.236875,2.212514,0.007326,-0.700854
585.682495,2.703297,0.231991,2.212514,-0.007328,-0.700854
585.693604,2.732601,0.227107,2.212514,0.007326,-0.700854
585.704346,2.717949,0.236875,2.212514,-0.007328,-0.695971
585.715454,2.717949,0.236875,2.212514,0.007326,-0.691087
585.726196,2.717949,0.251527,2.212514,-0.007328,-0.691087
585.736877,2.659344,0.246643,2.212514,0.007326,-0.691087
585.747986,2.703297,0.241758,2.212514,-0.007328,-0.691087
585.758728,2.688644,0.246643,2.212514,0.007326,-0.691087
585.769775,2.703297,0.241758,2.212514,0.007326,-0.686203
585.780457,2.717949,0.251527,2.212514,0.007326,-0.686203
585.791138,2.688644,0.236875,2.212514,0.007326,-0.686203
585.802246,2.732601,0.241758,2.212514,0.007326,-0.686203
585.812988,2.732601,0.241758,2.212514,-0.007328,-0.681318
585.824097,2.732601,0.241758,2.212514,0.007326,-0.681318
585.835205,2.732601,0.231991,2.212514,0.007326,-0.686203
585.846313,2.732601,0.227107,2.212514,0.021978,-0.681318
585.857422,2.776558,0.222223,2.212514,0.021978,-0.676435
585.868896,2.747253,0.231991,2.212514,0.007326,-0.681318
585.879944,2.791210,0.217339,2.212514,0.007326,-0.681318
585.890625,2.732601,0.227107,2.212514,-0.007328,-0.681318
585.901733,2.761906,0.207571,2.212514,0.021978,-0.681318
585.913208,2.791210,0.217339,2.212514,0.007326,-0.681318
585.924316,2.791210,0.202686,2.212514,0.007326,-0.676435
585.935791,2.805862,0.222223,2.212514,0.007326,-0.676435
585.946533,2.747253,0.222223,2.212514,-0.007328,-0.676435
585.957642,2.732601,0.227107,2.212514,0.007326,-0.671551
585.968384,2.717949,0.217339,2.212514,0.007326,-0.676435
585.979858,2.776558,0.212455,2.212514,0.007326,-0.671551
585.991333,2.805862,0.212455,2.212514,-0.007328,-0.676435
586.002441,2.805862,0.222223,2.212514,0.021978,-0.671551
586.013550,2.791210,0.222223,2.212514,0.007326,-0.666667
586.024658,2.761906,0.222223,2.212514,0.007326,-0.666667
586.035767,2.761906,0.207571,2.212514,0.007326,-0.666667
586.046875,2.761906,0.222223,2.212514,-0.007328,-0.666667
586.057983,2.747253,0.212455,2.212514,-0.007328,-0.666667
586.068665,2.732601,0.217339,2.212514,0.007326,-0.666667
586.078186,2.732601,0.217339,2.212514,0.007326,-0.666667
586.090820,2.761906,0.212455,2.212514,0.021978,-0.666667
586.101868,2.732601,0.222223,2.212514,-0.007328,-0.671551
586.112549,2.717949,0.217339,2.212514,0.007326,-0.671551
586.123291,2.703297,0.227107,2.212514,0.021978,-0.671551
586.134033,2.673996,0.217339,2.212514,0.021978,-0.666667
586.145142,2.732601,0.212455,2.212514,-0.007328,-0.661782
586.156250,2.732601,0.207571,2.212514,0.021978,-0.656898
586.167358,2.776558,0.217339,2.212514,-0.007328,-0.661782
586.178467,2.732601,0.236875,2.212133,0.007326,-0.656898
586.189209,2.703297,0.236875,2.212514,0.021978,-0.661782
586.199951,2.703297,0.241758,2.212133,-0.007328,-0.656898
586.211060,2.717949,0.231991,2.212514,0.007326,-0.656898
586.222534,2.761906,0.241758,2.212514,0.007326,-0.652015
586.233276,2.717949,0.261295,2.212514,-0.021980,-0.652015
586.244385,2.717949,0.266179,2.212514,0.007326,-0.656898
586.255127,2.688644,0.261295,2.212514,0.007326,-0.656898
586.266235,2.747253,0.251527,2.212514,-0.007328,-0.656898
586.277344,2.732601,0.251527,2.212514,0.007326,-0.656898
586.288452,2.747253,0.261295,2.212514,0.007326,-0.652015
586.299133,2.732601,0.256411,2.212133,-0.007328,-0.652015
586.310242,2.717949,0.261295,2.212514,-0.007328,-0.652015
586.320923,2.732601,0.241758,2.212514,-0.007328,-0.652015
586.332031,2.761906,0.241758,2.212514,0.007326,-0.656898
586.343140,2.747253,0.246643,2.212133,-0.007328,-0.656898
586.354248,2.747253,0.251527,2.212133,-0.007328,-0.656898
586.364990,2.703297,0.261295,2.212514,-0.007328,-0.652015
586.376038,2.717949,0.231991,2.212133,0.007326,-0.647131
586.387146,2.747253,0.241758,2.212133,0.007326,-0.647131
586.398193,2.776558,0.231991,2.212133,0.007326,-0.647131
586.409302,2.747253,0.251527,2.212133,0.007326,-0.647131
586.420044,2.717949,0.241758,2.212133,-0.007328,-0.647131
586.431152,2.717949,0.236875,2.212514,0.007326,-0.647131
586.442627,2.776558,0.231991,2.212133,0.007326,-0.642246
586.453674,2.761906,0.231991,2.212133,0.007326,-0.642246
586.464722,2.776558,0.231991,2.212133,0.007326,-0.642246
586.475403,2.732601,0.241758,2.212133,0.021978,-0.642246
586.486511,2.747253,0.236875,2.212133,0.007326,-0.637362
586.497192,2.703297,0.241758,2.212133,0.007326,-0.642246
586.508301,2.703297,0.222223,2.212133,-0.007328,-0.637362
586.519348,2.703297,0.227107,2.212133,0.007326,-0.632479
586.530396,2.747253,0.217339,2.212133,-0.007328,-0.632479
586.541138,2.747253,0.227107,2.212133,0.007326,-0.637362
586.552246,2.732601,0.217339,2.212133,0.021978,-0.642246
586.563354,2.776558,0.217339,2.212133,0.007326,-0.642246
586.574463,2.747253,0.222223,2.212133,-0.007328,-0.637362
586.585571,2.747253,0.217339,2.212133,0.007326,-0.637362
586.596313,2.732601,0.222223,2.212133,0.007326,-0.632479
586.607788,2.747253,0.207571,2.212133,0.007326,-0.632479
586.619263,2.791210,0.217339,2.212133,0.007326,-0.632479
586.630371,2.791210,0.222223,2.212133,0.007326,-0.632479
586.641113,2.776558,0.227107,2.212133,0.007326,-0.632479
586.652222,2.747253,0.227107,2.212133,0.007326,-0.632479
586.663330,2.717949,0.222223,2.212133,0.007326,-0.632479
586.674438,2.732601,0.212455,2.212133,0.007326,-0.627595
586.685486,2.747253,0.207571,2.212133,-0.007328,-0.627595
586.696228,2.747253,0.217339,2.212133,-0.007328,-0.627595
586.707336,2.703297,0.227107,2.212133,0.021978,-0.632479
586.718018,2.717949,0.222223,2.212133,0.021978,-0.627595
586.729126,2.703297,0.212455,2.212133,-0.007328,-0.627595
586.740234,2.747253,0.202686,2.212133,0.007326,-0.627595
586.751343,2.747253,0.207571,2.212133,-0.007328,-0.627595
586.762451,2.747253,0.217339,2.212133,-0.007328,-0.622710
586.773193,2.732601,0.217339,2.212133,0.007326,-0.627595
586.784302,2.717949,0.222223,2.212133,-0.007328,-0.627595
586.795410,2.717949,0.212455,2.212133,0.007326,-0.627595
586.806152,2.703297,0.231991,2.212133,0.021978,-0.622710
586.816895,2.673996,0.231991,2.212133,0.007326,-0.617826
586.827637,2.673996,0.236875,2.212133,0.007326,-0.617826
586.837952,2.644691,0.241758,2.212133,0.021978,-0.622710
586.849060,2.703297,0.231991,2.212133,-0.007328,-0.617826
586.859802,2.688644,0.251527,2.212133,0.007326,-0.617826
586.870544,2.703297,0.246643,2.212133,0.007326,-0.622710
586.881287,2.644691,0.261295,2.212133,0.007326,-0.617826
586.891907,2.644691,0.256411,2.212133,0.007326,-0.617826
586.903015,2.688644,0.246643,2.212133,0.021978,-0.617826
586.914124,2.717949,0.241758,2.212133,0.007326,-0.617826
586.925232,2.747253,0.251527,2.212133,0.007326,-0.617826
586.935913,2.717949,0.271063,2.212133,0.021978,-0.612943
586.946655,2.673996,0.271063,2.212133,0.007326,-0.612943
586.957764,2.703297,0.261295,2.212133,0.007326,-0.617826
586.968811,2.717949,0.256411,2.212133,-0.007328,-0.617826
586.979553,2.747253,0.256411,2.212133,0.007326,-0.617826
586.990662,2.717949,0.275947,2.212133,0.007326,-0.617826
587.001343,2.673996,0.271063,2.212133,0.021978,-0.612943
587.012085,2.688644,0.261295,2.212133,-0.007328,-0.612943
587.022827,2.688644,0.256411,2.212133,0.007326,-0.612943
587.033936,2.732601,0.246643,2.212133,0.007326,-0.612943
587.045044,2.732601,0.251527,2.212133,0.007326,-0.612943
587.056152,2.747253,0.241758,2.212133,-0.007328,-0.608059
587.067261,2.761906,0.246643,2.212133,0.007326,-0.608059
587.078369,2.732601,0.241758,2.212133,0.007326,-0.612943
587.089111,2.761906,0.236875,2.212133,0.007326,-0.612943
587.100220,2.717949,0.241758,2.212133,-0.007328,-0.612943
587.111328,2.732601,0.236875,2.212133,0.021978,-0.612943
587.122070,2.717949,0.246643,2.212133,0.007326,-0.612943
587.133179,2.717949,0.231991,2.212133,0.021978,-0.608059
587.143860,2.717949,0.236875,2.212133,0.007326,-0.608059
587.154968,2.717949,0.236875,2.212133,0.007326,-0.608059
587.166016,2.703297,0.241758,2.212133,0.007326,-0.608059
587.176331,2.659344,0.246643,2.212133,-0.007328,-0.608059
587.187012,2.673996,0.231991,2.212133,-0.007328,-0.608059
587.197754,2.688644,0.236875,2.212133,-0.007328,-0.608059
587.208862,2.703297,0.227107,2.212133,0.007326,-0.608059
587.219971,2.732601,0.236875,2.212133,0.007326,-0.603174
587.230713,2.703297,0.241758,2.212133,0.007326,-0.603174
587.241821,2.717949,0.241758,2.212133,0.007326,-0.603174
587.252563,2.688644,0.241758,2.212133,0.007326,-0.603174
587.263245,2.703297,0.241758,2.212133,0.021978,-0.608059
587.274353,2.717949,0.231991,2.212133,0.021978,-0.603174
587.285034,2.688644,0.241758,2.212133,0.007326,-0.603174
587.295715,2.688644,0.236875,2.212133,-0.007328,-0.603174
587.306458,2.673996,0.241758,2.212133,0.007326,-0.603174
587.317566,2.659344,0.231991,2.212133,0.021978,-0.603174
587.328247,2.703297,0.227107,2.212133,0.007326,-0.603174
587.339355,2.703297,0.236875,2.212133,0.021978,-0.603174
587.350098,2.673996,0.236875,2.212133,-0.007328,-0.603174
587.360413,2.659344,0.241758,2.212133,0.021978,-0.608059
587.371521,2.688644,0.222223,2.212133,0.007326,-0.603174
587.382568,2.717949,0.227107,2.212133,0.007326,-0.603174
587.393250,2.703297,0.241758,2.212133,-0.007328,-0.603174
587.403625,2.673996,0.251527,2.212133,0.007326,-0.608059
587.414368,2.644691,0.251527,2.212133,-0.007328,-0.608059
587.425049,2.659344,0.231991,2.212133,0.007326,-0.608059
587.436157,2.703297,0.241758,2.212133,-0.007328,-0.608059
587.446838,2.673996,0.246643,2.212133,0.007326,-0.603174
587.457153,2.659344,0.261295,2.212133,-0.007328,-0.608059
587.467468,2.571430,0.275947,2.212133,-0.007328,-0.603174
587.477783,2.586082,0.261295,2.212133,0.007326,-0.608059
587.488525,2.600735,0.256411,2.212133,0.007326,-0.603174
587.499268,2.644691,0.241758,2.212133,0.007326,-0.598290
587.510010,2.673996,0.261295,2.212133,0.007326,-0.603174
587.520325,2.615387,0.280830,2.212133,0.007326,-0.608059
587.530640,2.600735,0.280830,2.212133,0.021978,-0.612943
587.541016,2.586082,0.280830,2.212133,0.007326,-0.608059
587.551758,2.630039,0.266179,2.212133,-0.007328,-0.608059
587.562439,2.630039,0.280830,2.212133,0.007326,-0.608059
587.572754,2.600735,0.305251,2.212133,-0.007328,-0.608059
587.583130,2.571430,0.300367,2.212133,-0.007328,-0.608059
587.593872,2.571430,0.300367,2.212133,0.021978,-0.608059
587.604187,2.600735,0.280830,2.212133,0.021978,-0.603174
587.615295,2.688644,0.280830,2.212133,0.021978,-0.603174
587.625977,2.703297,0.300367,2.212133,0.007326,-0.603174
587.636719,2.688644,0.295483,2.212133,-0.007328,-0.603174
587.647461,2.659344,0.310135,2.212133,0.021978,-0.603174
587.658203,2.659344,0.285715,2.212133,0.007326,-0.608059
587.669312,2.688644,0.280830,2.212133,0.021978,-0.608059
587.680420,2.717949,0.266179,2.212133,-0.007328,-0.608059
587.691528,2.761906,0.275947,2.212133,0.007326,-0.608059
587.702271,2.717949,0.280830,2.211751,0.007326,-0.608059
587.713013,2.688644,0.280830,2.212133,0.007326,-0.608059
587.724121,2.688644,0.266179,2.212133,0.007326,-0.608059
587.734863,2.688644,0.256411,2.212133,0.007326,-0.608059
587.745972,2.703297,0.256411,2.212133,0.007326,-0.608059
587.756714,2.673996,0.266179,2.212133,0.007326,-0.612943
587.767395,2.659344,0.251527,2.212133,-0.007328,-0.612943
587.778076,2.688644,0.246643,2.212133,0.036631,-0.612943
587.788818,2.673996,0.236875,2.212133,0.007326,-0.608059
587.798401,2.703297,0.241758,2.212133,0.007326,-0.612943
587.810547,2.659344,0.246643,2.212133,0.007326,-0.612943
587.820923,2.673996,0.236875,2.212133,0.021978,-0.612943
587.831665,2.644691,0.241758,2.212133,0.007326,-0.612943
587.842407,2.659344,0.236875,2.211751,-0.021980,-0.612943
587.853149,2.644691,0.246643,2.212133,0.021978,-0.617826
587.863525,2.630039,0.241758,2.211751,0.007326,-0.622710
587.874268,2.659344,0.236875,2.212133,0.021978,-0.617826
587.885010,2.659344,0.251527,2.212133,0.007326,-0.617826
587.896118,2.673996,0.246643,2.212133,0.007326,-0.617826
587.906860,2.703297,0.246643,2.212133,0.007326,-0.622710
587.917603,2.673996,0.256411,2.212133,-0.007328,-0.617826
587.928345,2.673996,0.251527,2.212133,-0.007328,-0.622710
587.939087,2.644691,0.266179,2.212133,0.007326,-0.622710
587.949768,2.659344,0.246643,2.212133,-0.007328,-0.627595
587.960449,2.673996,0.251527,2.212133,0.007326,-0.622710
587.971130,2.659344,0.256411,2.211751,-0.021980,-0.627595
587.981812,2.688644,0.261295,2.212133,0.021978,-0.632479
587.992188,2.630039,0.266179,2.212133,-0.007328,-0.627595
588.003296,2.673996,0.251527,2.212133,0.021978,-0.627595
588.014404,2.688644,0.261295,2.212133,0.007326,-0.627595
588.024719,2.673996,0.256411,2.212133,0.007326,-0.622710
588.035828,2.703297,0.266179,2.212133,0.021978,-0.627595
588.046143,2.659344,0.275947,2.212133,-0.007328,-0.627595
588.056885,2.630039,0.271063,2.212133,0.007326,-0.632479
588.067261,2.630039,0.280830,2.212133,0.007326,-0.632479
588.078003,2.644691,0.261295,2.212133,0.007326,-0.632479
588.088745,2.659344,0.266179,2.212133,0.007326,-0.637362
588.099121,2.600735,0.280830,2.212133,0.007326,-0.632479
588.109863,2.615387,0.275947,2.212133,-0.007328,-0.632479
588.120178,2.571430,0.285715,2.212133,0.021978,-0.642246
588.130493,2.600735,0.266179,2.212133,0.007326,-0.642246
588.141235,2.615387,0.271063,2.212133,0.021978,-0.642246
588.151611,2.586082,0.285715,2.212133,0.007326,-0.642246
588.161560,2.556778,0.290599,2.212133,0.007326,-0.637362
588.171875,2.542126,0.295483,2.212133,0.007326,-0.637362
588.182251,2.542126,0.285715,2.212133,-0.007328,-0.637362
588.192566,2.556778,0.290599,2.212133,0.021978,-0.647131
588.202881,2.571430,0.305251,2.212133,0.007326,-0.647131
588.213257,2.527473,0.310135,2.212133,0.007326,-0.637362
588.222839,2.512821,0.319902,2.212133,0.007326,-0.647131
588.233215,2.498169,0.319902,2.212133,0.007326,-0.647131
588.243530,2.571430,0.305251,2.212133,0.021978,-0.647131
588.254272,2.571430,0.315019,2.212133,0.021978,-0.642246
588.264587,2.586082,0.310135,2.212133,0.007326,-0.642246
588.274902,2.586082,0.329671,2.212133,-0.007328,-0.647131
588.285645,2.586082,0.324787,2.212133,0.007326,-0.652015
588.295959,2.615387,0.315019,2.212133,-0.007328,-0.652015
588.306641,2.630039,0.310135,2.212133,0.007326,-0.652015
588.317749,2.673996,0.295483,2.212133,0.007326,-0.656898
588.328125,2.673996,0.319902,2.212133,0.021978,-0.656898
588.338806,2.644691,0.319902,2.212133,0.007326,-0.652015
588.349487,2.630039,0.305251,2.212133,0.007326,-0.652015
588.360229,2.673996,0.285715,2.212133,0.021978,-0.652015
588.371338,2.732601,0.266179,2.212133,0.007326,-0.652015
588.382813,2.776558,0.285715,2.212133,0.007326,-0.656898
588.393494,2.703297,0.285715,2.212133,0.007326,-0.661782
588.404175,2.688644,0.285715,2.212133,0.007326,-0.666667
588.414490,2.644691,0.271063,2.212133,0.007326,-0.666667
588.425537,2.688644,0.251527,2.212133,0.007326,-0.666667
588.436279,2.688644,0.261295,2.212133,0.007326,-0.666667
588.446960,2.688644,0.251527,2.212133,-0.007328,-0.671551
588.457642,2.659344,0.266179,2.212133,0.021978,-0.666667
588.468018,2.644691,0.256411,2.212133,0.021978,-0.671551
588.479126,2.659344,0.246643,2.212133,0.021978,-0.666667
588.489807,2.673996,0.246643,2.212133,0.007326,-0.666667
588.500488,2.659344,0.251527,2.212133,0.007326,-0.666667
588.510803,2.630039,0.271063,2.212133,0.021978,-0.671551
588.521118,2.586082,0.271063,2.212133,0.007326,-0.666667
588.531860,2.600735,0.261295,2.212133,0.007326,-0.671551
588.542175,2.586082,0.261295,2.212133,-0.007328,-0.671551
588.552490,2.556778,0.251527,2.212133,0.007326,-0.676435
588.562805,2.571430,0.271063,2.212133,0.007326,-0.676435
588.572693,2.527473,0.275947,2.212133,0.007326,-0.681318
588.582642,2.542126,0.271063,2.212133,0.007326,-0.681318
588.592957,2.512821,0.285715,2.212133,-0.007328,-0.681318
588.602905,2.527473,0.271063,2.212133,-0.007328,-0.681318
588.613281,2.542126,0.295483,2.212133,0.007326,-0.686203
588.623230,2.498169,0.305251,2.212133,0.007326,-0.686203
588.632019,2.512821,0.300367,2.212133,0.021978,-0.686203
588.643433,2.527473,0.315019,2.212133,0.021978,-0.686203
588.653748,2.527473,0.310135,2.212133,0.007326,-0.681318
588.664063,2.571430,0.315019,2.212133,0.007326,-0.681318
588.674377,2.542126,0.329671,2.212133,0.007326,-0.691087
588.684631,2.542126,0.329671,2.212133,-0.007328,-0.691087
588.694153,2.527473,0.339439,2.212133,-0.007328,-0.695971
588.704529,2.483517,0.339439,2.212133,-0.007328,-0.695971
588.714783,2.542126,0.315019,2.212133,-0.007328,-0.691087
588.725037,2.556778,0.329671,2.212133,0.007326,-0.691087
588.735291,2.556778,0.329671,2.212133,0.007326,-0.695971
588.745178,2.527473,0.339439,2.212133,0.007326,-0.695971
588.755066,2.498169,0.339439,2.212133,-0.007328,-0.695971
588.765381,2.542126,0.324787,2.212133,0.007326,-0.700854
588.775696,2.542126,0.324787,2.212133,0.021978,-0.700854
588.786438,2.586082,0.324787,2.212133,0.021978,-0.695971
588.796326,2.556778,0.344323,2.212133,0.007326,-0.695971
588.806213,2.498169,0.339439,2.212133,-0.007328,-0.700854
588.816528,2.542126,0.324787,2.212133,0.007326,-0.700854
588.826904,2.556778,0.315019,2.212133,0.007326,-0.705739
588.837646,2.586082,0.315019,2.212133,0.007326,-0.705739
588.847961,2.600735,0.324787,2.212514,0.007326,-0.710623
588.858276,2.542126,0.329671,2.212133,0.007326,-0.705739
588.868225,2.527473,0.315019,2.212133,0.007326,-0.705739
588.878540,2.556778,0.315019,2.212133,0.007326,-0.710623
588.888855,2.556778,0.295483,2.212133,0.021978,-0.710623
588.899475,2.630039,0.295483,2.212133,-0.007328,-0.705739
588.909363,2.586082,0.310135,2.212133,-0.007328,-0.710623
588.920105,2.571430,0.310135,2.212133,0.007326,-0.710623
588.929993,2.527473,0.315019,2.212514,0.021978,-0.715507
588.940308,2.556778,0.285715,2.212133,0.007326,-0.715507
588.951050,2.630039,0.280830,2.212514,0.021978,-0.715507
588.961731,2.630039,0.300367,2.212133,0.007326,-0.715507
588.971985,2.586082,0.315019,2.212133,-0.007328,-0.715507
588.982239,2.571430,0.319902,2.212514,0.007326,-0.720390
588.992615,2.586082,0.295483,2.212133,0.021978,-0.720390
589.003723,2.644691,0.280830,2.212133,0.021978,-0.720390
589.014404,2.688644,0.290599,2.212133,0.007326,-0.720390
589.025146,2.688644,0.300367,2.212514,0.021978,-0.725275
589.034363,2.630039,0.315019,2.212133,0.007326,-0.725275
589.046204,2.586082,0.300367,2.212514,0.007326,-0.725275
589.057312,2.659344,0.280830,2.212514,0.021978,-0.725275
589.067993,2.703297,0.275947,2.212514,0.007326,-0.725275
589.078735,2.717949,0.280830,2.212514,0.007326,-0.725275
589.089417,2.673996,0.295483,2.212514,0.007326,-0.725275
589.100098,2.644691,0.285715,2.212133,0.007326,-0.725275
589.110840,2.659344,0.280830,2.212514,0.021978,-0.730159
589.121582,2.673996,0.266179,2.212514,0.007326,-0.730159
589.132690,2.732601,0.266179,2.212514,0.007326,-0.735043
589.143433,2.703297,0.275947,2.212514,0.007326,-0.730159
589.154541,2.688644,0.275947,2.212514,0.007326,-0.730159
589.165222,2.688644,0.261295,2.212514,0.007326,-0.735043
589.175964,2.688644,0.256411,2.212514,0.007326,-0.735043
589.187073,2.703297,0.241758,2.212514,-0.007328,-0.735043
589.197388,2.659344,0.261295,2.212514,-0.007328,-0.735043
589.208130,2.659344,0.246643,2.212514,-0.007328,-0.739926
589.218445,2.644691,0.251527,2.212514,0.007326,-0.739926
589.229187,2.630039,0.241758,2.212514,0.036631,-0.739926
589.240295,2.688644,0.231991,2.212514,-0.007328,-0.739926
589.250610,2.630039,0.251527,2.212514,0.021978,-0.739926
589.261353,2.600735,0.246643,2.212514,0.021978,-0.744811
589.271667,2.586082,0.256411,2.212514,0.007326,-0.744811
589.281616,2.556778,0.256411,2.212514,0.007326,-0.744811
589.292358,2.586082,0.246643,2.212514,0.007326,-0.744811
589.302734,2.615387,0.251527,2.212514,-0.021980,-0.744811
589.313477,2.630039,0.261295,2.212514,0.007326,-0.749695
589.323853,2.600735,0.271063,2.212514,0.007326,-0.749695
589.333801,2.556778,0.285715,2.212514,0.021978,-0.749695
589.344482,2.586082,0.261295,2.212514,0.007326,-0.744811
589.354797,2.600735,0.271063,2.212514,0.036631,-0.744811
589.365540,2.644691,0.266179,2.212514,0.007326,-0.749695
589.376282,2.630039,0.285715,2.212514,0.007326,-0.749695
589.386597,2.615387,0.295483,2.212514,0.007326,-0.749695
589.397339,2.615387,0.280830,2.212514,0.007326,-0.744811
589.407654,2.586082,0.285715,2.212514,0.007326,-0.754579
589.418335,2.630039,0.280830,2.212514,0.007326,-0.754579
589.428711,2.630039,0.290599,2.212514,0.007326,-0.754579
589.439026,2.586082,0.295483,2.212514,0.007326,-0.749695
589.449768,2.615387,0.285715,2.212514,0.007326,-0.749695
589.460510,2.615387,0.290599,2.212514,-0.007328,-0.754579
589.471252,2.659344,0.285715,2.212514,0.021978,-0.759462
589.481995,2.644691,0.290599,2.212514,0.007326,-0.754579
589.492371,2.600735,0.305251,2.212514,0.007326,-0.754579
589.502686,2.600735,0.285715,2.212514,0.007326,-0.759462
589.513062,2.600735,0.290599,2.212514,0.007326,-0.759462
589.524170,2.615387,0.271063,2.212514,0.007326,-0.759462
589.534912,2.673996,0.271063,2.212514,0.007326,-0.759462
589.546021,2.688644,0.280830,2.212514,-0.007328,-0.759462
589.556396,2.673996,0.295483,2.212514,0.021978,-0.759462
589.566711,2.586082,0.295483,2.212514,0.007326,-0.764347
589.577393,2.630039,0.261295,2.212514,0.021978,-0.764347
589.588501,2.673996,0.256411,2.212514,0.021978,-0.764347
589.599548,2.717949,0.256411,2.212514,0.007326,-0.764347
589.609863,2.717949,0.275947,2.212514,-0.007328,-0.759462
589.620178,2.615387,0.285715,2.212514,0.007326,-0.764347
589.630859,2.644691,0.256411,2.212514,0.007326,-0.769231
589.641602,2.688644,0.251527,2.212514,0.007326,-0.769231
589.652710,2.688644,0.241758,2.212514,0.021978,-0.764347
589.663391,2.717949,0.251527,2.212514,-0.007328,-0.759462
589.674133,2.644691,0.266179,2.212514,-0.007328,-0.764347
589.684814,2.644691,0.256411,2.212514,0.021978,-0.769231
589.695496,2.659344,0.261295,2.212514,0.021978,-0.769231
589.706604,2.732601,0.236875,2.212514,-0.007328,-0.764347
589.717346,2.717949,0.261295,2.212514,-0.007328,-0.769231
589.728088,2.644691,0.271063,2.212514,0.007326,-0.769231
589.738464,2.644691,0.275947,2.212514,0.007326,-0.764347
589.749146,2.630039,0.261295,2.212514,0.007326,-0.769231
589.760620,2.703297,0.241758,2.212514,0.021978,-0.769231
589.771729,2.791210,0.241758,2.212514,0.021978,-0.774115
589.782837,2.761906,0.261295,2.212514,0.021978,-0.774115
589.793579,2.732601,0.275947,2.212514,-0.007328,-0.769231
589.804260,2.659344,0.271063,2.212514,0.021978,-0.774115
589.815002,2.673996,0.246643,2.212514,0.007326,-0.774115
589.826111,2.732601,0.241758,2.212514,0.007326,-0.774115
589.837219,2.732601,0.236875,2.212514,0.007326,-0.774115
589.847961,2.717949,0.251527,2.212514,-0.007328,-0.774115
589.858643,2.673996,0.251527,2.212514,0.021978,-0.774115
589.869385,2.673996,0.231991,2.212514,0.007326,-0.774115
589.880493,2.688644,0.231991,2.212896,-0.007328,-0.774115
589.891602,2.732601,0.222223,2.212896,0.021978,-0.774115
589.902283,2.732601,0.236875,2.212514,0.021978,-0.774115
589.913025,2.688644,0.236875,2.212514,-0.007328,-0.778998
589.923767,2.688644,0.231991,2.212514,0.007326,-0.778998
589.934875,2.688644,0.236875,2.212514,0.007326,-0.783883
589.945618,2.703297,0.227107,2.212896,0.007326,-0.778998
589.956360,2.673996,0.251527,2.212896,0.007326,-0.778998
589.966736,2.615387,0.251527,2.212896,0.007326,-0.778998
589.977417,2.644691,0.246643,2.212896,0.007326,-0.774115
589.988159,2.600735,0.251527,2.212514,0.007326,-0.774115
589.998901,2.673996,0.231991,2.212896,0.007326,-0.778998
590.009644,2.673996,0.256411,2.212896,0.007326,-0.778998
590.020325,2.644691,0.251527,2.212514,0.007326,-0.783883
590.031006,2.630039,0.261295,2.212514,-0.007328,-0.783883
590.041321,2.615387,0.256411,2.212896,0.021978,-0.783883
590.052002,2.659344,0.241758,2.212896,0.007326,-0.788767
590.063110,2.688644,0.256411,2.212896,0.021978,-0.783883
590.073853,2.673996,0.251527,2.212896,0.007326,-0.783883
590.084595,2.659344,0.261295,2.212896,0.021978,-0.783883
590.094910,2.644691,0.261295,2.212896,0.007326,-0.783883
590.105957,2.659344,0.251527,2.212896,-0.007328,-0.783883
590.116638,2.703297,0.256411,2.212896,-0.007328,-0.788767
590.127686,2.717949,0.251527,2.212896,0.007326,-0.788767
590.138428,2.717949,0.266179,2.212896,0.007326,-0.788767
590.149170,2.659344,0.271063,2.212896,0.021978,-0.783883
590.159912,2.688644,0.261295,2.212896,0.007326,-0.788767
590.171021,2.688644,0.256411,2.212896,0.007326,-0.788767
590.182129,2.747253,0.246643,2.212896,0.007326,-0.788767
590.192810,2.732601,0.261295,2.212896,-0.007328,-0.788767
590.203491,2.673996,0.261295,2.212896,0.007326,-0.788767
590.214600,2.688644,0.256411,2.212896,0.007326,-0.788767
590.225342,2.703297,0.241758,2.212896,-0.007328,-0.783883
590.236450,2.747253,0.231991,2.212896,0.007326,-0.783883
590.247498,2.761906,0.241758,2.212896,0.007326,-0.783883
590.258545,2.703297,0.246643,2.212896,-0.007328,-0.788767
590.269226,2.688644,0.241758,2.212896,0.007326,-0.788767
590.279907,2.688644,0.236875,2.212896,0.007326,-0.783883
590.291016,2.747253,0.212455,2.212896,0.007326,-0.783883
590.302124,2.717949,0.227107,2.212896,0.021978,-0.788767
590.311707,2.732601,0.227107,2.212896,-0.007328,-0.783883
590.323853,2.659344,0.241758,2.212896,0.007326,-0.788767
590.334167,2.659344,0.217339,2.212896,0.021978,-0.788767
590.345642,2.732601,0.207571,2.212896,0.007326,-0.783883
590.356689,2.747253,0.207571,2.212896,0.021978,-0.783883
590.367798,2.805862,0.217339,2.212896,0.007326,-0.783883
590.378540,2.732601,0.236875,2.212896,0.007326,-0.783883
590.389648,2.703297,0.236875,2.212896,0.021978,-0.783883
590.400757,2.732601,0.227107,2.212896,0.007326,-0.778998
590.412231,2.791210,0.222223,2.212896,0.007326,-0.778998
590.423706,2.820515,0.231991,2.212896,0.007326,-0.783883
590.434387,2.761906,0.256411,2.212896,-0.007328,-0.783883
590.445068,2.703297,0.256411,2.212896,0.007326,-0.783883
590.455811,2.703297,0.246643,2.212896,0.021978,-0.788767
590.466919,2.703297,0.227107,2.212896,-0.007328,-0.783883
590.478394,2.761906,0.231991,2.212896,0.007326,-0.783883
590.489136,2.747253,0.241758,2.212896,0.007326,-0.783883
590.500183,2.732601,0.236875,2.212896,-0.021980,-0.778998
590.510864,2.703297,0.241758,2.212896,0.007326,-0.778998
590.522339,2.761906,0.212455,2.212896,0.021978,-0.778998
590.533447,2.776558,0.222223,2.212896,0.007326,-0.774115
590.544495,2.747253,0.222223,2.212896,0.007326,-0.778998
590.555115,2.747253,0.222223,2.212896,0.021978,-0.774115
590.566223,2.747253,0.222223,2.212896,-0.007328,-0.778998
590.577332,2.776558,0.202686,2.212896,0.036631,-0.778998
590.588806,2.776558,0.217339,2.212896,0.021978,-0.774115
590.599487,2.747253,0.217339,2.212896,0.007326,-0.769231
590.610596,2.717949,0.231991,2.212896,0.007326,-0.774115
590.620911,2.673996,0.227107,2.212896,0.007326,-0.774115
590.631592,2.688644,0.217339,2.212896,0.007326,-0.769231
590.642273,2.659344,0.217339,2.212896,0.007326,-0.774115
590.653381,2.688644,0.212455,2.212896,0.007326,-0.774115
590.664063,2.688644,0.227107,2.212896,0.007326,-0.769231
590.674805,2.673996,0.227107,2.212896,0.007326,-0.769231
590.685547,2.659344,0.236875,2.212896,0.021978,-0.774115
590.696289,2.659344,0.227107,2.212896,0.021978,-0.774115
590.706970,2.673996,0.227107,2.212896,0.007326,-0.769231
590.717651,2.659344,0.231991,2.212896,-0.007328,-0.764347
590.728333,2.673996,0.241758,2.212896,0.007326,-0.764347
590.739014,2.659344,0.241758,2.212896,0.007326,-0.769231
590.749268,2.615387,0.246643,2.212896,0.007326,-0.774115
590.760376,2.673996,0.241758,2.212896,0.007326,-0.769231
590.770752,2.673996,0.251527,2.212896,-0.007328,-0.764347
590.781433,2.644691,0.251527,2.212896,0.007326,-0.769231
590.792175,2.673996,0.256411,2.212896,0.021978,-0.769231
590.803284,2.673996,0.256411,2.212896,0.007326,-0.764347
590.814331,2.717949,0.251527,2.212896,0.007326,-0.764347
590.825073,2.717949,0.261295,2.212896,0.007326,-0.764347
590.836182,2.717949,0.256411,2.212896,0.007326,-0.759462
590.846924,2.732601,0.266179,2.212896,0.007326,-0.764347
590.858032,2.717949,0.261295,2.212896,-0.007328,-0.764347
590.869141,2.776558,0.251527,2.212896,0.021978,-0.764347
590.880554,2.776558,0.256411,2.212896,-0.007328,-0.764347
590.891602,2.776558,0.251527,2.212896,0.007326,-0.759462
590.902710,2.761906,0.266179,2.212896,0.021978,-0.764347
590.913452,2.717949,0.251527,2.212896,0.007326,-0.759462
590.924561,2.732601,0.241758,2.212896,0.007326,-0.759462
590.935669,2.747253,0.227107,2.212896,0.021978,-0.759462
590.946777,2.791210,0.227107,2.212896,-0.021980,-0.754579
590.957825,2.747253,0.236875,2.212896,0.021978,-0.759462
590.969238,2.761906,0.227107,2.212896,0.007326,-0.754579
590.979919,2.747253,0.222223,2.212896,0.007326,-0.759462
590.990967,2.747253,0.207571,2.212896,0.007326,-0.759462
591.002075,2.776558,0.207571,2.212896,0.007326,-0.754579
591.013184,2.732601,0.217339,2.212896,0.021978,-0.754579
591.024292,2.761906,0.212455,2.212896,0.021978,-0.749695
591.035400,2.747253,0.217339,2.212896,-0.007328,-0.754579
591.046875,2.776558,0.197803,2.212896,0.007326,-0.754579
591.058350,2.835167,0.202686,2.212896,0.007326,-0.754579
591.069458,2.791210,0.207571,2.212896,0.007326,-0.754579
591.080200,2.761906,0.222223,2.212896,0.007326,-0.759462
591.090942,2.717949,0.227107,2.212896,0.007326,-0.759462
591.102417,2.747253,0.202686,2.212896,0.021978,-0.754579
591.113892,2.776558,0.207571,2.212896,0.007326,-0.754579
591.125000,2.835167,0.202686,2.212896,0.007326,-0.749695
591.136475,2.820515,0.227107,2.212896,0.007326,-0.754579
591.147583,2.761906,0.231991,2.212896,-0.007328,-0.749695
591.158691,2.761906,0.236875,2.212896,-0.007328,-0.749695
591.169434,2.747253,0.231991,2.212896,0.007326,-0.754579
591.180542,2.747253,0.236875,2.212896,0.021978,-0.749695
591.191650,2.703297,0.241758,2.212896,-0.007328,-0.744811
591.202332,2.673996,0.241758,2.212896,0.007326,-0.744811
591.213013,2.703297,0.231991,2.212896,0.021978,-0.749695
591.224121,2.717949,0.231991,2.212896,0.007326,-0.744811
591.235596,2.761906,0.222223,2.212896,0.007326,-0.739926
591.246338,2.732601,0.236875,2.212896,0.007326,-0.739926
591.257446,2.747253,0.227107,2.212896,0.007326,-0.739926
591.268127,2.717949,0.236875,2.212896,0.021978,-0.739926
591.279175,2.717949,0.222223,2.212896,0.007326,-0.739926
591.289856,2.732601,0.227107,2.212896,-0.007328,-0.739926
591.300964,2.703297,0.231991,2.212896,0.007326,-0.744811
591.311646,2.717949,0.231991,2.212896,-0.007328,-0.744811
591.322388,2.659344,0.236875,2.212896,-0.007328,-0.739926
591.333130,2.659344,0.222223,2.212896,-0.007328,-0.744811
591.343811,2.688644,0.227107,2.212896,0.021978,-0.744811
591.354492,2.659344,0.227107,2.212896,0.007326,-0.735043
591.365234,2.673996,0.227107,2.212896,-0.007328,-0.735043
591.375977,2.673996,0.241758,2.212896,-0.007328,-0.739926
591.386719,2.630039,0.231991,2.212896,0.007326,-0.744811
591.397461,2.688644,0.236875,2.212896,0.007326,-0.739926
591.408142,2.659344,0.227107,2.212896,-0.007328,-0.739926
591.419250,2.732601,0.227107,2.212896,-0.007328,-0.739926
591.429993,2.703297,0.241758,2.212896,-0.007328,-0.735043
591.441101,2.688644,0.246643,2.212896,-0.007328,-0.735043
591.451782,2.688644,0.251527,2.212896,-0.007328,-0.730159
591.462524,2.688644,0.236875,2.212896,0.007326,-0.730159
591.473633,2.732601,0.246643,2.212896,0.007326,-0.725275
591.484375,2.717949,0.246643,2.212896,0.007326,-0.725275
591.495422,2.732601,0.251527,2.212896,0.007326,-0.725275
591.506531,2.717949,0.246643,2.212896,-0.007328,-0.725275
591.517578,2.747253,0.246643,2.212896,-0.007328,-0.725275
591.528687,2.747253,0.241758,2.212896,0.007326,-0.725275
591.539429,2.732601,0.246643,2.212896,0.007326,-0.725275
591.550903,2.761906,0.231991,2.212896,0.007326,-0.725275
591.562012,2.761906,0.241758,2.212896,0.007326,-0.720390
591.573120,2.776558,0.227107,2.212896,-0.007328,-0.720390
591.584229,2.776558,0.241758,2.212896,0.021978,-0.725275
591.595337,2.761906,0.227107,2.212896,-0.007328,-0.715507
591.606079,2.732601,0.236875,2.212896,-0.007328,-0.715507
591.616821,2.688644,0.227107,2.212896,0.021978,-0.715507
591.628235,2.732601,0.217339,2.212896,-0.007328,-0.710623
591.639343,2.776558,0.207571,2.212514,0.007326,-0.715507
591.650452,2.761906,0.212455,2.212896,-0.007328,-0.715507
591.661560,2.761906,0.222223,2.212896,0.007326,-0.710623
591.672607,2.732601,0.222223,2.212896,0.007326,-0.715507
591.683716,2.761906,0.207571,2.212896,0.021978,-0.715507
591.694824,2.791210,0.202686,2.212896,0.007326,-0.715507
591.706299,2.805862,0.197803,2.212896,0.021978,-0.715507
591.717407,2.761906,0.217339,2.212514,-0.007328,-0.710623
591.728088,2.732601,0.217339,2.212514,-0.007328,-0.710623
591.739197,2.703297,0.217339,2.212514,0.007326,-0.710623
591.750244,2.732601,0.212455,2.212514,0.007326,-0.710623
591.761353,2.761906,0.202686,2.212896,0.007326,-0.710623
591.772095,2.732601,0.217339,2.212514,0.007326,-0.710623
591.783203,2.717949,0.212455,2.212514,0.007326,-0.710623
591.793945,2.717949,0.222223,2.212514,0.007326,-0.710623
591.805420,2.732601,0.207571,2.212896,0.007326,-0.710623
591.816528,2.776558,0.212455,2.212514,0.007326,-0.705739
591.827637,2.776558,0.222223,2.212514,0.007326,-0.705739
591.839111,2.761906,0.231991,2.212514,-0.007328,-0.705739
591.849426,2.717949,0.241758,2.212514,-0.007328,-0.705739
591.860535,2.747253,0.227107,2.212514,-0.007328,-0.700854
591.871582,2.747253,0.231991,2.212514,0.007326,-0.700854
591.882690,2.747253,0.231991,2.212514,0.007326,-0.700854
591.893799,2.747253,0.246643,2.212514,0.007326,-0.700854
591.904175,2.673996,0.251527,2.212514,0.007326,-0.695971
591.915283,2.688644,0.241758,2.212514,0.007326,-0.691087
591.926392,2.717949,0.236875,2.212514,-0.007328,-0.691087
591.937134,2.732601,0.231991,2.212514,0.007326,-0.695971
591.948242,2.717949,0.241758,2.212514,-0.007328,-0.695971
591.958557,2.703297,0.246643,2.212514,-0.007328,-0.695971
591.969666,2.673996,0.241758,2.212514,0.007326,-0.695971
591.980286,2.688644,0.236875,2.212514,0.007326,-0.695971
591.991394,2.717949,0.236875,2.212514,0.007326,-0.691087
592.002441,2.732601,0.231991,2.212514,-0.007328,-0.686203
592.013184,2.717949,0.246643,2.212514,0.007326,-0.686203
592.024292,2.732601,0.241758,2.212514,0.007326,-0.686203
592.035400,2.717949,0.251527,2.212514,0.021978,-0.686203
592.046509,2.747253,0.236875,2.212514,0.007326,-0.681318
592.057251,2.703297,0.256411,2.212514,0.007326,-0.681318
592.068298,2.717949,0.246643,2.212514,0.007326,-0.686203
592.078918,2.703297,0.256411,2.212514,0.021978,-0.686203
592.089661,2.659344,0.246643,2.212514,0.007326,-0.681318
592.100769,2.703297,0.236875,2.212514,0.007326,-0.681318
592.111877,2.717949,0.241758,2.212514,0.007326,-0.681318
592.122559,2.717949,0.236875,2.212514,0.007326,-0.681318
592.133667,2.732601,0.236875,2.212514,-0.007328,-0.681318
592.144775,2.732601,0.231991,2.212514,0.007326,-0.681318
592.155884,2.776558,0.227107,2.212514,0.021978,-0.676435
592.166992,2.761906,0.227107,2.212514,-0.007328,-0.676435
592.178101,2.747253,0.222223,2.212514,-0.007328,-0.671551
592.189209,2.732601,0.222223,2.212514,0.007326,-0.671551
592.200317,2.732601,0.217339,2.212514,0.007326,-0.671551
592.211426,2.761906,0.212455,2.212514,0.007326,-0.676435
592.222534,2.747253,0.212455,2.212514,0.007326,-0.676435
592.233643,2.761906,0.212455,2.212514,0.007326,-0.671551
592.244751,2.747253,0.227107,2.212514,0.007326,-0.671551
592.255493,2.717949,0.222223,2.212514,0.007326,-0.671551
592.266602,2.717949,0.227107,2.212514,-0.007328,-0.671551
592.278076,2.761906,0.212455,2.212514,0.007326,-0.676435
592.289124,2.776558,0.217339,2.212514,0.007326,-0.666667
592.300232,2.791210,0.231991,2.212514,-0.007328,-0.661782
592.310913,2.761906,0.231991,2.212514,-0.007328,-0.666667
592.322021,2.717949,0.236875,2.212514,0.007326,-0.666667
592.333130,2.717949,0.217339,2.212514,-0.007328,-0.661782
592.344238,2.761906,0.217339,2.212514,0.007326,-0.661782
592.354980,2.717949,0.217339,2.212514,0.007326,-0.666667
592.366089,2.747253,0.222223,2.212514,0.007326,-0.661782
592.376831,2.717949,0.222223,2.212514,0.007326,-0.661782
592.387939,2.732601,0.212455,2.212514,0.007326,-0.661782
592.399048,2.732601,0.217339,2.212514,0.007326,-0.661782
592.410156,2.703297,0.217339,2.212514,-0.007328,-0.661782
592.420837,2.717949,0.222223,2.212514,0.007326,-0.666667
592.431519,2.673996,0.231991,2.212514,0.007326,-0.666667
592.442261,2.688644,0.217339,2.212514,0.007326,-0.661782
592.453369,2.732601,0.212455,2.212514,0.007326,-0.656898
592.464844,2.761906,0.212455,2.212514,0.007326,-0.656898
592.475586,2.761906,0.231991,2.212514,0.021978,-0.661782
592.486328,2.703297,0.251527,2.212133,0.007326,-0.656898
592.497742,2.717949,0.241758,2.212514,0.021978,-0.656898
592.508484,2.717949,0.246643,2.212514,-0.007328,-0.652015
592.519531,2.761906,0.236875,2.212514,0.007326,-0.652015
592.530640,2.747253,0.266179,2.212133,0.007326,-0.652015
592.541382,2.688644,0.256411,2.212514,0.007326,-0.652015
592.552124,2.688644,0.271063,2.212133,0.007326,-0.652015
592.562866,2.673996,0.256411,2.212514,0.007326,-0.652015
592.573975,2.717949,0.251527,2.212514,-0.007328,-0.652015
592.584717,2.703297,0.256411,2.212133,0.007326,-0.652015
592.595825,2.703297,0.261295,2.212133,0.007326,-0.647131
592.606567,2.688644,0.266179,2.212133,0.007326,-0.647131
592.617310,2.688644,0.256411,2.212514,-0.007328,-0.652015
592.628418,2.717949,0.251527,2.212133,0.007326,-0.652015
592.639160,2.717949,0.251527,2.212133,0.007326,-0.652015
592.650269,2.688644,0.256411,2.212133,-0.007328,-0.647131
592.661011,2.673996,0.266179,2.212133,-0.007328,-0.647131
592.671326,2.659344,0.256411,2.212133,0.007326,-0.647131
592.682434,2.717949,0.246643,2.212133,0.021978,-0.642246
592.693542,2.717949,0.246643,2.212514,0.036631,-0.642246
592.704651,2.747253,0.251527,2.212133,0.007326,-0.642246
592.715393,2.703297,0.261295,2.212133,-0.007328,-0.637362
592.726074,2.703297,0.261295,2.212133,0.007326,-0.637362
592.737183,2.717949,0.251527,2.212133,-0.007328,-0.642246
592.748291,2.747253,0.251527,2.212133,0.036631,-0.642246
592.759399,2.761906,0.241758,2.212133,-0.007328,-0.637362
592.770508,2.747253,0.251527,2.212133,0.007326,-0.637362
592.781250,2.717949,0.251527,2.212133,0.021978,-0.637362
592.791992,2.688644,0.256411,2.212133,0.007326,-0.632479
592.803101,2.688644,0.246643,2.212133,-0.007328,-0.632479
592.813843,2.703297,0.236875,2.212133,0.007326,-0.637362
592.824951,2.717949,0.241758,2.212133,-0.007328,-0.637362
592.836060,2.717949,0.231991,2.212133,0.007326,-0.637362
592.846802,2.732601,0.246643,2.212133,0.007326,-0.637362
592.857910,2.732601,0.227107,2.212133,-0.007328,-0.632479
592.868652,2.717949,0.236875,2.212133,0.021978,-0.632479
592.879761,2.717949,0.231991,2.212133,0.007326,-0.627595
592.890503,2.732601,0.236875,2.212133,-0.007328,-0.627595
592.901611,2.717949,0.227107,2.212133,0.007326,-0.632479
592.912720,2.747253,0.222223,2.212133,0.021978,-0.637362
592.924194,2.791210,0.227107,2.212133,0.021978,-0.632479
592.935303,2.761906,0.236875,2.212133,0.007326,-0.632479
592.946045,2.761906,0.236875,2.212133,0.007326,-0.627595
592.956787,2.673996,0.241758,2.212133,0.007326,-0.632479
592.967896,2.703297,0.227107,2.212133,-0.007328,-0.627595
592.978638,2.732601,0.222223,2.212133,0.007326,-0.632479
592.989746,2.747253,0.217339,2.212133,0.021978,-0.627595
593.000854,2.732601,0.236875,2.212133,-0.007328,-0.627595
593.011230,2.659344,0.246643,2.212133,0.007326,-0.627595
593.021973,2.659344,0.236875,2.212133,0.007326,-0.622710
593.032715,2.688644,0.227107,2.212133,0.007326,-0.622710
593.043823,2.717949,0.207571,2.212133,0.007326,-0.622710
593.054932,2.747253,0.222223,2.212133,-0.007328,-0.622710
593.065674,2.703297,0.227107,2.212133,0.007326,-0.622710
593.076782,2.703297,0.236875,2.212133,0.021978,-0.622710
593.087524,2.688644,0.236875,2.212133,0.007326,-0.622710
593.098267,2.688644,0.227107,2.212133,0.021978,-0.617826
593.109009,2.673996,0.251527,2.212133,0.007326,-0.622710
593.119751,2.659344,0.246643,2.212133,0.007326,-0.617826
593.130493,2.644691,0.251527,2.212133,-0.007328,-0.612943
593.140808,2.644691,0.256411,2.212133,0.021978,-0.622710
593.151855,2.688644,0.246643,2.212133,0.007326,-0.617826
593.162598,2.659344,0.266179,2.212133,0.007326,-0.612943
593.173340,2.659344,0.261295,2.212133,0.007326,-0.612943
593.183655,2.644691,0.275947,2.212133,0.007326,-0.612943
593.194336,2.615387,0.271063,2.212133,0.021978,-0.617826
593.205078,2.659344,0.261295,2.212133,0.007326,-0.612943
593.216187,2.717949,0.256411,2.212133,0.007326,-0.612943
593.227295,2.732601,0.256411,2.212133,0.007326,-0.612943
593.238037,2.732601,0.280830,2.212133,0.021978,-0.612943
593.248779,2.673996,0.280830,2.212133,0.007326,-0.612943
593.259521,2.688644,0.271063,2.212133,0.007326,-0.617826
593.270630,2.732601,0.261295,2.212133,0.007326,-0.617826
593.281738,2.747253,0.261295,2.212133,0.007326,-0.617826
593.292847,2.747253,0.275947,2.212133,-0.007328,-0.612943
593.303589,2.688644,0.271063,2.212133,0.007326,-0.612943
593.314331,2.673996,0.261295,2.212133,-0.007328,-0.612943
593.325439,2.703297,0.256411,2.212133,0.007326,-0.612943
593.333496,2.747253,0.251527,2.212133,0.007326,-0.608059
593.347595,2.747253,0.256411,2.212133,-0.007328,-0.608059
593.358643,2.747253,0.246643,2.212133,0.007326,-0.612943
593.369751,2.747253,0.251527,2.212133,0.007326,-0.608059
593.380859,2.761906,0.246643,2.212133,0.007326,-0.612943
593.391602,2.776558,0.241758,2.212133,0.007326,-0.608059
593.402710,2.732601,0.246643,2.212133,0.007326,-0.603174
593.413452,2.717949,0.241758,2.212133,-0.007328,-0.603174
593.424561,2.703297,0.251527,2.212133,0.007326,-0.608059
593.434875,2.659344,0.236875,2.212133,0.007326,-0.608059
593.445984,2.688644,0.227107,2.212133,0.007326,-0.608059
593.456665,2.673996,0.231991,2.212133,0.007326,-0.608059
593.467773,2.717949,0.227107,2.212133,0.007326,-0.608059
593.478149,2.688644,0.241758,2.212133,0.007326,-0.608059
593.489258,2.688644,0.222223,2.212133,-0.007328,-0.608059
593.500000,2.703297,0.227107,2.212133,0.021978,-0.608059
593.510742,2.688644,0.222223,2.212133,-0.007328,-0.608059
593.521851,2.703297,0.231991,2.212133,0.021978,-0.608059
593.532593,2.688644,0.231991,2.212133,0.007326,-0.608059
593.543701,2.703297,0.231991,2.212133,0.007326,-0.603174
593.554443,2.717949,0.236875,2.212133,0.007326,-0.603174
593.565552,2.703297,0.236875,2.212133,0.021978,-0.603174
593.576233,2.703297,0.231991,2.212133,0.007326,-0.598290
593.587341,2.673996,0.241758,2.212133,0.007326,-0.598290
593.598083,2.688644,0.236875,2.212133,-0.007328,-0.603174
593.608765,2.673996,0.241758,2.212133,-0.007328,-0.603174
593.619873,2.688644,0.236875,2.212133,-0.007328,-0.598290
593.630615,2.732601,0.231991,2.212133,0.007326,-0.603174
593.641724,2.688644,0.241758,2.212133,0.007326,-0.598290
593.652466,2.703297,0.241758,2.212133,0.007326,-0.598290
593.663208,2.673996,0.246643,2.212133,-0.007328,-0.598290
593.673950,2.703297,0.231991,2.212133,0.021978,-0.603174
593.685059,2.717949,0.236875,2.212133,0.021978,-0.603174
593.695801,2.688644,0.246643,2.212133,0.007326,-0.598290
593.706543,2.673996,0.246643,2.212133,0.021978,-0.598290
593.717224,2.644691,0.251527,2.212133,0.021978,-0.603174
593.727905,2.644691,0.236875,2.212133,0.021978,-0.603174
593.738647,2.673996,0.241758,2.212133,0.007326,-0.603174
593.749390,2.659344,0.251527,2.212133,0.007326,-0.603174
593.759766,2.659344,0.261295,2.212133,-0.021980,-0.603174
593.769775,2.571430,0.275947,2.212133,0.007326,-0.608059
593.780518,2.586082,0.261295,2.212133,0.021978,-0.608059
593.790894,2.571430,0.271063,2.212133,0.007326,-0.603174
593.801575,2.615387,0.261295,2.212133,0.007326,-0.603174
593.812256,2.630039,0.275947,2.211751,0.007326,-0.603174
593.822571,2.600735,0.295483,2.212133,0.021978,-0.608059
593.832886,2.571430,0.285715,2.212133,-0.007328,-0.608059
593.843262,2.586082,0.290599,2.212133,0.007326,-0.608059
593.854004,2.630039,0.280830,2.212133,0.007326,-0.608059
593.864685,2.644691,0.290599,2.212133,0.007326,-0.603174
593.875366,2.615387,0.315019,2.212133,0.007326,-0.608059
593.885315,2.600735,0.305251,2.212133,0.007326,-0.603174
593.895996,2.600735,0.310135,2.212133,0.007326,-0.608059
593.906311,2.615387,0.290599,2.212133,0.007326,-0.603174
593.917419,2.688644,0.285715,2.212133,0.007326,-0.603174
593.928101,2.688644,0.305251,2.212133,0.007326,-0.608059
593.939209,2.703297,0.295483,2.212133,0.021978,-0.603174
593.949524,2.659344,0.305251,2.212133,0.007326,-0.603174
593.960571,2.688644,0.280830,2.212133,0.007326,-0.608059
593.971680,2.732601,0.275947,2.212133,0.021978,-0.608059
593.982788,2.747253,0.261295,2.212133,0.007326,-0.612943
593.993896,2.776558,0.266179,2.212133,0.021978,-0.612943
594.005005,2.732601,0.275947,2.212133,0.021978,-0.612943
594.016113,2.717949,0.271063,2.212133,0.021978,-0.608059
594.026855,2.717949,0.256411,2.212133,0.036631,-0.608059
594.037964,2.732601,0.246643,2.212133,0.007326,-0.608059
594.049072,2.732601,0.251527,2.212133,0.007326,-0.608059
594.059448,2.673996,0.256411,2.212133,0.007326,-0.612943
594.070129,2.659344,0.246643,2.212133,-0.007328,-0.608059
594.081238,2.673996,0.241758,2.212133,0.007326,-0.612943
594.091980,2.688644,0.231991,2.212133,0.007326,-0.612943
594.102661,2.688644,0.231991,2.212133,-0.007328,-0.612943
594.113403,2.659344,0.241758,2.212133,0.021978,-0.612943
594.124146,2.659344,0.231991,2.212133,0.021978,-0.617826
594.134888,2.644691,0.236875,2.212133,-0.007328,-0.612943
594.145630,2.673996,0.231991,2.212133,0.007326,-0.612943
594.156372,2.644691,0.241758,2.212133,-0.007328,-0.617826
594.166687,2.630039,0.246643,2.212133,-0.007328,-0.617826
594.177307,2.673996,0.236875,2.212133,0.007326,-0.622710
594.188049,2.644691,0.251527,2.212133,0.021978,-0.627595
594.198792,2.659344,0.246643,2.212133,0.007326,-0.622710
594.209900,2.688644,0.246643,2.212133,0.007326,-0.622710
594.220581,2.673996,0.256411,2.212133,0.021978,-0.622710
594.231323,2.673996,0.251527,2.212133,0.007326,-0.617826
594.241638,2.630039,0.271063,2.212133,0.007326,-0.622710
594.252258,2.630039,0.251527,2.212133,0.007326,-0.622710
594.263000,2.659344,0.256411,2.212133,0.007326,-0.622710
594.273743,2.673996,0.266179,2.212133,0.007326,-0.622710
594.284485,2.673996,0.271063,2.212133,-0.007328,-0.622710
594.295227,2.644691,0.275947,2.212133,-0.007328,-0.627595
594.306274,2.673996,0.256411,2.212133,0.007326,-0.632479
594.316589,2.659344,0.266179,2.212133,0.007326,-0.632479
594.327698,2.673996,0.261295,2.212133,0.007326,-0.627595
594.338013,2.673996,0.266179,2.212133,0.007326,-0.627595
594.348755,2.644691,0.271063,2.212133,0.007326,-0.632479
594.359436,2.630039,0.261295,2.212133,0.021978,-0.632479
594.370117,2.644691,0.271063,2.212133,0.007326,-0.632479
594.380859,2.659344,0.256411,2.212133,-0.007328,-0.632479
594.391541,2.659344,0.261295,2.212133,0.007326,-0.637362
594.401855,2.615387,0.275947,2.212133,0.007326,-0.632479
594.412598,2.615387,0.275947,2.212133,-0.007328,-0.637362
594.422546,2.571430,0.285715,2.212133,0.021978,-0.637362
594.433289,2.600735,0.256411,2.212133,0.021978,-0.637362
594.443604,2.615387,0.266179,2.212133,0.007326,-0.637362
594.454285,2.615387,0.280830,2.212133,0.007326,-0.642246
594.464172,2.571430,0.290599,2.212133,0.007326,-0.642246
594.474487,2.542126,0.295483,2.212133,-0.007328,-0.647131
594.484802,2.527473,0.280830,2.212133,0.021978,-0.647131
594.495056,2.571430,0.280830,2.212133,0.007326,-0.647131
594.505066,2.571430,0.300367,2.212133,0.021978,-0.642246
594.515320,2.542126,0.305251,2.212133,0.007326,-0.642246
594.525269,2.512821,0.315019,2.212133,0.007326,-0.647131
594.535217,2.498169,0.315019,2.212133,0.007326,-0.652015
594.545593,2.542126,0.300367,2.212133,0.007326,-0.647131
594.556335,2.556778,0.315019,2.212133,-0.007328,-0.647131
594.566650,2.586082,0.310135,2.212133,-0.007328,-0.652015
594.577026,2.571430,0.334555,2.212133,0.007326,-0.652015
594.587341,2.556778,0.329671,2.212133,0.007326,-0.652015
594.597656,2.630039,0.315019,2.212133,0.007326,-0.652015
594.608765,2.615387,0.315019,2.212133,0.021978,-0.647131
594.619446,2.659344,0.300367,2.212133,0.007326,-0.647131
594.630127,2.644691,0.319902,2.212133,0.007326,-0.652015
594.640503,2.659344,0.324787,2.212133,0.007326,-0.656898
594.651245,2.630039,0.310135,2.212133,0.007326,-0.656898
594.661987,2.659344,0.295483,2.212133,0.007326,-0.656898
594.673462,2.747253,0.271063,2.212133,0.021978,-0.656898
594.684570,2.747253,0.290599,2.212133,0.007326,-0.661782
594.694946,2.673996,0.295483,2.212133,0.021978,-0.661782
594.705688,2.659344,0.290599,2.212133,0.021978,-0.661782
594.716064,2.615387,0.285715,2.212133,-0.007328,-0.661782
594.727173,2.688644,0.251527,2.212133,0.021978,-0.661782
594.738281,2.688644,0.266179,2.212133,0.021978,-0.666667
594.749023,2.688644,0.251527,2.212133,0.007326,-0.671551
594.759338,2.673996,0.261295,2.212133,0.007326,-0.671551
594.770020,2.659344,0.251527,2.212133,0.007326,-0.671551
594.780762,2.673996,0.246643,2.212133,0.007326,-0.666667
594.791504,2.673996,0.251527,2.212133,-0.007328,-0.671551
594.802246,2.673996,0.246643,2.212133,0.021978,-0.671551
594.812988,2.644691,0.266179,2.212133,-0.007328,-0.676435
594.823669,2.630039,0.261295,2.212133,0.021978,-0.676435
594.833923,2.600735,0.256411,2.212133,0.007326,-0.676435
594.844177,2.615387,0.261295,2.212133,0.007326,-0.676435
594.854858,2.586082,0.256411,2.212133,0.007326,-0.676435
594.864807,2.571430,0.271063,2.212133,0.007326,-0.676435
594.874756,2.527473,0.275947,2.212133,-0.007328,-0.681318
594.885132,2.542126,0.271063,2.212133,0.007326,-0.681318
594.895081,2.527473,0.290599,2.212133,0.021978,-0.681318
594.905457,2.527473,0.280830,2.212133,0.007326,-0.686203
594.915771,2.527473,0.300367,2.212133,-0.007328,-0.686203
594.925354,2.498169,0.315019,2.212133,0.021978,-0.691087
594.935669,2.512821,0.305251,2.212133,0.007326,-0.686203
594.945618,2.498169,0.315019,2.212133,0.007326,-0.686203
594.955933,2.527473,0.315019,2.212133,0.007326,-0.686203
594.966309,2.571430,0.315019,2.212133,0.021978,-0.691087
594.976624,2.571430,0.334555,2.212133,0.007326,-0.695971
594.986511,2.512821,0.334555,2.212133,-0.007328,-0.691087
594.996826,2.512821,0.339439,2.212133,0.007326,-0.691087
595.006775,2.498169,0.339439,2.212133,0.007326,-0.691087
595.017151,2.512821,0.319902,2.212133,0.007326,-0.695971
595.027466,2.542126,0.329671,2.212133,0.007326,-0.695971
595.037781,2.527473,0.329671,2.212133,0.007326,-0.695971
595.047729,2.527473,0.339439,2.212133,0.007326,-0.691087
595.057678,2.468864,0.339439,2.212133,0.007326,-0.700854
595.067627,2.512821,0.319902,2.212133,0.021978,-0.705739
595.078369,2.556778,0.319902,2.212133,0.021978,-0.700854
595.088684,2.571430,0.319902,2.212133,0.007326,-0.700854
595.098572,2.556778,0.349207,2.212133,0.021978,-0.700854
595.108459,2.483517,0.349207,2.212133,0.007326,-0.700854
595.118469,2.498169,0.329671,2.212133,0.007326,-0.700854
595.129150,2.556778,0.319902,2.212133,0.021978,-0.705739
595.139465,2.600735,0.315019,2.212133,-0.007328,-0.705739
595.150146,2.600735,0.319902,2.212133,0.007326,-0.705739
595.160095,2.542126,0.334555,2.212133,0.021978,-0.705739
595.170349,2.527473,0.319902,2.212133,-0.007328,-0.705739
595.180603,2.571430,0.315019,2.212133,-0.007328,-0.710623
595.190979,2.586082,0.295483,2.212133,0.007326,-0.715507
595.201721,2.630039,0.285715,2.212133,0.007326,-0.710623
595.212036,2.586082,0.305251,2.212133,0.007326,-0.710623
595.222412,2.586082,0.300367,2.212133,0.007326,-0.710623
595.232727,2.586082,0.305251,2.212133,0.007326,-0.715507
595.243103,2.586082,0.280830,2.212133,-0.007328,-0.715507
595.254211,2.659344,0.271063,2.212514,0.007326,-0.720390
595.264893,2.644691,0.285715,2.212133,0.007326,-0.720390
595.274841,2.600735,0.295483,2.212133,0.007326,-0.715507
595.285217,2.556778,0.305251,2.212133,-0.007328,-0.720390
595.295471,2.571430,0.285715,2.212514,0.021978,-0.720390
595.306580,2.659344,0.261295,2.212133,0.007326,-0.715507
595.317688,2.703297,0.275947,2.212133,0.021978,-0.715507
595.328003,2.659344,0.300367,2.212133,0.007326,-0.715507
595.338318,2.586082,0.324787,2.212133,-0.007328,-0.725275
595.348267,2.542126,0.300367,2.212514,0.007326,-0.730159
595.359375,2.644691,0.275947,2.212514,0.021978,-0.730159
595.370117,2.659344,0.275947,2.212133,0.021978,-0.730159
595.380859,2.688644,0.280830,2.212133,0.007326,-0.725275
595.391602,2.644691,0.305251,2.212514,0.007326,-0.730159
595.401978,2.615387,0.300367,2.212514,0.007326,-0.730159
595.412659,2.630039,0.295483,2.212514,0.007326,-0.730159
595.423340,2.659344,0.275947,2.212514,-0.007328,-0.735043
595.434814,2.688644,0.271063,2.212514,0.007326,-0.735043
595.445496,2.703297,0.280830,2.212133,-0.007328,-0.739926
595.455811,2.673996,0.285715,2.212514,0.021978,-0.744811
595.466919,2.673996,0.275947,2.212514,0.007326,-0.739926
595.477661,2.673996,0.266179,2.212514,0.007326,-0.735043
595.488342,2.703297,0.256411,2.212514,0.007326,-0.735043
595.499084,2.659344,0.266179,2.212514,0.007326,-0.735043
595.509399,2.630039,0.261295,2.212514,0.007326,-0.735043
595.520081,2.644691,0.256411,2.212514,0.007326,-0.739926
595.530762,2.600735,0.251527,2.212514,-0.007328,-0.739926
595.541504,2.688644,0.246643,2.212514,0.007326,-0.744811
595.552246,2.659344,0.261295,2.212514,0.007326,-0.744811
595.562561,2.615387,0.261295,2.212514,0.007326,-0.744811
595.572876,2.586082,0.266179,2.212514,-0.007328,-0.744811
595.583191,2.556778,0.261295,2.212514,0.021978,-0.749695
595.593506,2.600735,0.251527,2.212514,0.007326,-0.749695
595.604248,2.615387,0.246643,2.212514,0.007326,-0.749695
595.614990,2.615387,0.251527,2.212514,0.007326,-0.749695
595.625305,2.630039,0.261295,2.212514,0.007326,-0.749695
595.635620,2.586082,0.271063,2.212514,-0.007328,-0.749695
595.645874,2.600735,0.266179,2.212514,0.007326,-0.749695
595.656616,2.586082,0.261295,2.212514,0.021978,-0.749695
595.666931,2.615387,0.256411,2.212514,0.007326,-0.744811
595.677673,2.644691,0.275947,2.212514,0.021978,-0.749695
595.687927,2.586082,0.290599,2.212514,0.007326,-0.754579
595.698242,2.600735,0.285715,2.212514,0.007326,-0.754579
595.708618,2.586082,0.285715,2.212514,0.007326,-0.754579
595.719360,2.615387,0.275947,2.212514,0.007326,-0.759462
595.730103,2.630039,0.285715,2.212514,-0.007328,-0.759462
595.740417,2.586082,0.295483,2.212514,0.007326,-0.759462
595.750732,2.615387,0.290599,2.212514,0.021978,-0.759462
595.761475,2.644691,0.280830,2.212514,0.007326,-0.759462
595.772217,2.673996,0.280830,2.212514,-0.007328,-0.759462
595.782959,2.688644,0.285715,2.212514,0.007326,-0.759462
595.793701,2.630039,0.300367,2.212514,0.007326,-0.759462
595.804077,2.615387,0.295483,2.212514,0.021978,-0.764347
595.814758,2.615387,0.295483,2.212514,-0.007328,-0.764347
595.825439,2.630039,0.275947,2.212514,0.007326,-0.764347
595.836548,2.732601,0.271063,2.212514,0.021978,-0.764347
595.846130,2.703297,0.285715,2.212514,0.021978,-0.764347
595.858337,2.673996,0.290599,2.212514,0.007326,-0.764347
595.868652,2.630039,0.295483,2.212514,0.007326,-0.764347
595.879333,2.644691,0.271063,2.212514,-0.007328,-0.764347
595.890015,2.703297,0.256411,2.212514,0.021978,-0.769231
595.901123,2.717949,0.256411,2.212514,0.021978,-0.769231
595.912231,2.717949,0.271063,2.212514,0.007326,-0.764347
595.922546,2.644691,0.275947,2.212514,-0.007328,-0.764347
595.933228,2.644691,0.251527,2.212514,0.007326,-0.764347
595.943970,2.688644,0.241758,2.212514,0.021978,-0.764347
595.955078,2.703297,0.231991,2.212514,0.021978,-0.769231
595.966187,2.717949,0.246643,2.212514,0.007326,-0.769231
595.976563,2.659344,0.266179,2.212514,0.007326,-0.774115
595.987305,2.659344,0.246643,2.212514,0.007326,-0.769231
595.998413,2.673996,0.251527,2.212514,0.007326,-0.769231
596.009521,2.732601,0.227107,2.212514,0.007326,-0.774115
596.020630,2.805862,0.246643,2.212514,0.021978,-0.778998
596.031738,2.717949,0.261295,2.212514,0.021978,-0.774115
596.042053,2.659344,0.275947,2.212514,0.007326,-0.774115
596.052734,2.615387,0.256411,2.212514,0.007326,-0.774115
596.063843,2.703297,0.227107,2.212514,0.021978,-0.774115
596.075317,2.776558,0.227107,2.212514,0.021978,-0.774115
596.086426,2.791210,0.251527,2.212514,0.021978,-0.774115
596.097168,2.747253,0.261295,2.212514,0.007326,-0.774115
596.107910,2.673996,0.261295,2.212514,0.007326,-0.774115
596.119019,2.717949,0.236875,2.212896,0.007326,-0.774115
596.130127,2.747253,0.231991,2.212514,0.007326,-0.774115
596.141235,2.747253,0.236875,2.212514,0.007326,-0.774115
596.152344,2.717949,0.246643,2.212514,0.007326,-0.778998
596.162659,2.688644,0.241758,2.212514,-0.007328,-0.778998
596.173767,2.717949,0.222223,2.212514,0.007326,-0.778998
596.184875,2.703297,0.222223,2.212896,0.021978,-0.783883
596.195923,2.732601,0.217339,2.212514,0.007326,-0.778998
596.206665,2.703297,0.231991,2.212896,0.007326,-0.778998
596.217407,2.688644,0.227107,2.212896,0.007326,-0.778998
596.228149,2.673996,0.227107,2.212896,-0.007328,-0.778998
596.238892,2.688644,0.227107,2.212896,0.007326,-0.778998
596.250000,2.717949,0.212455,2.212514,-0.007328,-0.778998
596.260742,2.703297,0.231991,2.212896,0.007326,-0.778998
596.271484,2.644691,0.227107,2.212896,0.007326,-0.778998
596.282227,2.659344,0.231991,2.212896,0.007326,-0.774115
596.292542,2.630039,0.227107,2.212896,0.007326,-0.778998
596.303650,2.703297,0.217339,2.212896,0.007326,-0.778998
596.314331,2.673996,0.246643,2.212896,0.007326,-0.778998
596.325073,2.659344,0.241758,2.212514,0.021978,-0.778998
596.335449,2.630039,0.256411,2.212514,0.007326,-0.778998
596.346191,2.615387,0.246643,2.212896,0.007326,-0.783883
596.356934,2.644691,0.246643,2.212896,0.021978,-0.783883
596.367676,2.659344,0.251527,2.212896,0.007326,-0.778998
596.378418,2.659344,0.246643,2.212896,0.021978,-0.783883
596.388794,2.644691,0.266179,2.212896,-0.021980,-0.783883
596.399536,2.630039,0.261295,2.212896,0.007326,-0.788767
596.410278,2.644691,0.256411,2.212896,0.007326,-0.788767
596.421021,2.659344,0.261295,2.212896,-0.007328,-0.783883
596.432129,2.703297,0.256411,2.212896,0.007326,-0.788767
596.442871,2.703297,0.275947,2.212896,0.007326,-0.788767
596.453613,2.644691,0.275947,2.212896,0.007326,-0.783883
596.464294,2.673996,0.266179,2.212896,-0.007328,-0.783883
596.475342,2.703297,0.261295,2.212896,0.007326,-0.788767
596.486450,2.761906,0.256411,2.212896,0.007326,-0.788767
596.497559,2.732601,0.271063,2.212896,0.007326,-0.783883
596.508301,2.717949,0.261295,2.212896,-0.007328,-0.783883
596.519409,2.732601,0.251527,2.212896,0.007326,-0.788767
596.530518,2.747253,0.241758,2.212896,0.007326,-0.788767
596.541992,2.805862,0.231991,2.212896,0.007326,-0.783883
596.552734,2.761906,0.246643,2.212896,0.007326,-0.783883
596.563843,2.747253,0.231991,2.212896,0.021978,-0.783883
596.574951,2.747253,0.236875,2.212896,0.007326,-0.783883
596.586060,2.717949,0.222223,2.212896,0.007326,-0.783883
596.597168,2.791210,0.212455,2.212896,0.007326,-0.783883
596.608276,2.747253,0.222223,2.212896,-0.007328,-0.783883
596.619385,2.732601,0.222223,2.212896,0.021978,-0.788767
596.629761,2.688644,0.231991,2.212896,0.007326,-0.788767
596.640869,2.717949,0.207571,2.212896,0.007326,-0.783883
596.651978,2.747253,0.207571,2.212896,0.007326,-0.783883
596.663452,2.761906,0.202686,2.212896,0.007326,-0.788767
596.674561,2.761906,0.222223,2.212896,0.021978,-0.783883
596.685303,2.717949,0.231991,2.212896,0.021978,-0.783883
596.696411,2.717949,0.222223,2.212896,0.007326,-0.778998
596.707520,2.791210,0.212455,2.212896,0.021978,-0.783883
596.719299,2.835167,0.217339,2.212896,0.021978,-0.778998
596.730408,2.820515,0.227107,2.212896,0.007326,-0.778998
596.741150,2.732601,0.251527,2.212896,0.007326,-0.783883
596.752258,2.732601,0.236875,2.212896,0.007326,-0.783883
596.763367,2.717949,0.231991,2.212896,0.021978,-0.783883
596.774475,2.791210,0.207571,2.212896,-0.007328,-0.778998
596.785583,2.776558,0.236875,2.212896,0.007326,-0.778998
596.796692,2.747253,0.236875,2.212896,-0.007328,-0.778998
596.807434,2.717949,0.241758,2.212896,0.007326,-0.778998
596.818542,2.703297,0.227107,2.212896,0.021978,-0.783883
596.830017,2.776558,0.207571,2.212896,0.021978,-0.774115
596.841064,2.761906,0.222223,2.212896,0.007326,-0.774115
596.852112,2.761906,0.222223,2.212896,0.007326,-0.774115
596.862793,2.732601,0.227107,2.212896,0.007326,-0.778998
596.873901,2.732601,0.217339,2.212896,0.021978,-0.778998
596.885010,2.761906,0.212455,2.212896,0.007326,-0.774115
596.895752,2.732601,0.222223,2.212896,-0.007328,-0.774115
596.906860,2.732601,0.222223,2.212896,-0.021980,-0.778998
596.917603,2.703297,0.227107,2.212896,0.007326,-0.778998
596.927979,2.644691,0.222223,2.212896,-0.007328,-0.774115
596.939026,2.673996,0.212455,2.212896,0.021978,-0.774115
596.949707,2.673996,0.222223,2.212896,-0.007328,-0.769231
596.960815,2.717949,0.217339,2.212896,-0.007328,-0.769231
596.971558,2.688644,0.227107,2.212896,0.007326,-0.769231
596.982300,2.673996,0.231991,2.212896,0.007326,-0.769231
596.993042,2.659344,0.231991,2.212896,0.007326,-0.769231
597.003357,2.659344,0.227107,2.212896,0.007326,-0.764347
597.014465,2.644691,0.222223,2.212896,0.021978,-0.769231
597.025146,2.659344,0.236875,2.212896,-0.007328,-0.769231
597.035522,2.659344,0.241758,2.212896,0.036631,-0.769231
597.046265,2.659344,0.246643,2.212896,0.007326,-0.769231
597.057007,2.644691,0.251527,2.212896,0.021978,-0.764347
597.068115,2.703297,0.241758,2.212896,0.007326,-0.764347
597.078857,2.673996,0.256411,2.212896,0.007326,-0.764347
597.089600,2.673996,0.246643,2.212896,0.007326,-0.769231
597.100342,2.688644,0.261295,2.212896,-0.007328,-0.769231
597.111450,2.673996,0.246643,2.212896,0.021978,-0.769231
597.122559,2.761906,0.251527,2.212896,0.021978,-0.764347
597.133667,2.732601,0.256411,2.212896,0.007326,-0.759462
597.144714,2.747253,0.251527,2.212896,-0.007328,-0.759462
597.155457,2.732601,0.261295,2.212896,0.007326,-0.759462
597.166565,2.717949,0.246643,2.212896,0.007326,-0.759462
597.177673,2.761906,0.246643,2.212896,0.021978,-0.764347
597.189148,2.820515,0.241758,2.212896,0.007326,-0.759462
597.200256,2.776558,0.251527,2.212896,-0.007328,-0.759462
597.210938,2.732601,0.261295,2.212896,0.021978,-0.764347
597.222046,2.703297,0.246643,2.212896,0.007326,-0.754579
597.232727,2.717949,0.231991,2.212896,0.007326,-0.759462
597.244202,2.732601,0.222223,2.212896,0.007326,-0.759462
597.255249,2.776558,0.227107,2.212896,0.021978,-0.759462
597.265991,2.717949,0.231991,2.212896,0.007326,-0.759462
597.277100,2.747253,0.217339,2.212896,0.021978,-0.759462
597.288208,2.732601,0.217339,2.212896,0.007326,-0.754579
597.299316,2.776558,0.202686,2.212896,-0.007328,-0.754579
597.310425,2.761906,0.217339,2.212896,0.007326,-0.759462
597.321533,2.747253,0.212455,2.212896,-0.007328,-0.754579
597.332642,2.732601,0.222223,2.212896,0.007326,-0.754579
597.343750,2.747253,0.217339,2.212896,0.007326,-0.754579
597.355225,2.805862,0.202686,2.212896,0.007326,-0.749695
597.366333,2.820515,0.212455,2.212896,-0.007328,-0.744811
597.377441,2.776558,0.217339,2.212896,0.007326,-0.749695
597.388184,2.732601,0.236875,2.212896,0.007326,-0.754579
597.399292,2.688644,0.227107,2.212896,0.007326,-0.754579
597.410400,2.747253,0.217339,2.212896,0.021978,-0.754579
597.421875,2.791210,0.212455,2.212896,0.007326,-0.749695
597.433350,2.835167,0.222223,2.212896,0.021978,-0.749695
597.444092,2.761906,0.241758,2.212896,-0.007328,-0.749695
597.455200,2.747253,0.241758,2.212896,0.007326,-0.749695
597.466309,2.747253,0.236875,2.212896,0.007326,-0.749695
597.477051,2.703297,0.241758,2.212896,0.007326,-0.749695
597.488159,2.717949,0.236875,2.212896,0.021978,-0.749695
597.498901,2.673996,0.246643,2.212896,0.007326,-0.749695
597.509644,2.688644,0.231991,2.212896,-0.007328,-0.744811
597.520752,2.688644,0.231991,2.212896,-0.007328,-0.749695
597.531494,2.703297,0.227107,2.212896,0.007326,-0.749695
597.542908,2.761906,0.227107,2.212896,0.007326,-0.744811
597.553589,2.703297,0.241758,2.212896,-0.007328,-0.739926
597.564331,2.717949,0.227107,2.212896,0.007326,-0.744811
597.575073,2.703297,0.241758,2.212896,0.021978,-0.744811
597.586121,2.717949,0.212455,2.212896,0.007326,-0.739926
597.597229,2.717949,0.227107,2.212896,0.007326,-0.739926
597.607849,2.703297,0.227107,2.212896,0.007326,-0.744811
597.618469,2.688644,0.231991,2.212896,0.007326,-0.739926
597.629211,2.673996,0.236875,2.212514,-0.007328,-0.739926
597.639893,2.688644,0.227107,2.212896,0.007326,-0.739926
597.651001,2.717949,0.236875,2.212896,0.007326,-0.739926
597.661743,2.688644,0.241758,2.212896,0.007326,-0.735043
597.672485,2.673996,0.251527,2.212896,0.007326,-0.735043
597.682861,2.615387,0.256411,2.212896,0.007326,-0.739926
597.693542,2.644691,0.246643,2.212896,0.036631,-0.739926
597.704224,2.659344,0.246643,2.212896,0.007326,-0.730159
597.715332,2.673996,0.241758,2.212896,0.007326,-0.730159
597.726074,2.732601,0.246643,2.212896,-0.007328,-0.730159
597.737183,2.688644,0.256411,2.212896,0.021978,-0.730159
597.747925,2.673996,0.256411,2.212896,-0.007328,-0.730159
597.758667,2.673996,0.256411,2.212896,0.007326,-0.735043
597.769714,2.688644,0.246643,2.212896,0.007326,-0.730159
597.780396,2.717949,0.241758,2.212896,0.007326,-0.730159
597.791504,2.717949,0.251527,2.212896,-0.007328,-0.730159
597.802246,2.717949,0.246643,2.212896,0.036631,-0.730159
597.813293,2.717949,0.246643,2.212896,-0.007328,-0.725275
597.823975,2.717949,0.236875,2.212896,0.007326,-0.725275
597.835083,2.717949,0.246643,2.212896,-0.007328,-0.725275
597.846191,2.717949,0.246643,2.212896,0.007326,-0.725275
597.857300,2.747253,0.241758,2.212896,0.007326,-0.725275
597.868042,2.732601,0.246643,2.212896,0.007326,-0.720390
597.879150,2.747253,0.231991,2.212896,0.007326,-0.720390
597.890259,2.717949,0.251527,2.212896,-0.007328,-0.720390
597.901001,2.717949,0.236875,2.212514,-0.021980,-0.720390
597.911743,2.703297,0.251527,2.212514,0.007326,-0.720390
597.922424,2.673996,0.236875,2.212896,-0.007328,-0.720390
597.933472,2.703297,0.227107,2.212896,0.021978,-0.715507
597.944580,2.732601,0.222223,2.212896,0.007326,-0.715507
597.955688,2.761906,0.227107,2.212896,-0.007328,-0.715507
597.966431,2.717949,0.241758,2.212514,0.007326,-0.715507
597.977173,2.673996,0.241758,2.212514,-0.007328,-0.715507
597.988281,2.703297,0.227107,2.212896,0.007326,-0.715507
597.999390,2.747253,0.212455,2.212896,0.007326,-0.710623
598.010864,2.761906,0.212455,2.212514,0.007326,-0.710623
598.021545,2.747253,0.231991,2.212514,0.007326,-0.710623
598.032166,2.688644,0.236875,2.212514,0.007326,-0.710623
598.043274,2.688644,0.231991,2.212514,0.007326,-0.710623
598.053955,2.703297,0.222223,2.212514,0.007326,-0.710623
598.065430,2.747253,0.212455,2.212896,0.007326,-0.705739
598.076111,2.732601,0.231991,2.212514,0.007326,-0.700854
598.086792,2.732601,0.236875,2.212514,0.007326,-0.705739
598.097534,2.688644,0.241758,2.212514,-0.007328,-0.705739
598.108643,2.703297,0.231991,2.212514,0.007326,-0.705739
598.119751,2.747253,0.227107,2.212514,0.007326,-0.705739
598.130859,2.761906,0.241758,2.212514,0.007326,-0.700854
598.141968,2.732601,0.241758,2.212514,0.007326,-0.695971
598.152710,2.688644,0.256411,2.212514,0.007326,-0.700854
598.163391,2.659344,0.241758,2.212514,0.007326,-0.695971
598.174072,2.703297,0.236875,2.212514,0.007326,-0.695971
598.185120,2.703297,0.241758,2.212514,-0.007328,-0.695971
598.195801,2.732601,0.246643,2.212514,-0.007328,-0.695971
598.206543,2.673996,0.261295,2.212514,0.007326,-0.695971
598.217651,2.688644,0.246643,2.212514,-0.007328,-0.695971
598.227966,2.688644,0.251527,2.212514,0.007326,-0.695971
598.239075,2.688644,0.241758,2.212514,0.021978,-0.695971
598.249756,2.688644,0.251527,2.212514,-0.007328,-0.691087
598.260132,2.644691,0.256411,2.212514,0.007326,-0.691087
598.270813,2.644691,0.256411,2.212514,0.007326,-0.691087
598.281433,2.644691,0.256411,2.212514,0.007326,-0.686203
598.292114,2.659344,0.251527,2.212514,0.021978,-0.686203
598.303223,2.688644,0.251527,2.212514,-0.007328,-0.681318
598.313965,2.703297,0.261295,2.212514,-0.007328,-0.681318
598.324707,2.688644,0.261295,2.212514,0.007326,-0.686203
598.335449,2.673996,0.266179,2.212514,-0.007328,-0.686203
598.346558,2.688644,0.256411,2.212514,0.007326,-0.686203
598.357666,2.732601,0.261295,2.212514,0.007326,-0.681318
598.368408,2.703297,0.271063,2.212514,-0.007328,-0.681318
598.379150,2.688644,0.266179,2.212514,0.021978,-0.681318
598.389832,2.659344,0.275947,2.212514,0.007326,-0.681318
598.400818,2.673996,0.261295,2.212514,0.021978,-0.676435
598.411560,2.688644,0.261295,2.212514,0.007326,-0.671551
598.422180,2.688644,0.256411,2.212514,-0.007328,-0.671551
598.433289,2.717949,0.246643,2.212514,-0.007328,-0.671551
598.444031,2.688644,0.246643,2.212514,0.007326,-0.671551
598.455139,2.717949,0.231991,2.212514,0.021978,-0.666667
598.466248,2.747253,0.236875,2.212514,0.007326,-0.666667
598.477295,2.717949,0.227107,2.212514,-0.007328,-0.666667
598.488037,2.747253,0.227107,2.212514,0.021978,-0.671551
598.499146,2.717949,0.231991,2.212514,0.007326,-0.666667
598.510254,2.747253,0.222223,2.212514,-0.007328,-0.666667
598.521362,2.732601,0.227107,2.212514,0.007326,-0.671551
598.532471,2.791210,0.212455,2.212514,0.007326,-0.666667
598.543579,2.747253,0.231991,2.212514,0.007326,-0.671551
598.554321,2.717949,0.231991,2.212514,-0.007328,-0.671551
598.565430,2.703297,0.241758,2.212514,0.007326,-0.671551
598.576172,2.688644,0.227107,2.212514,0.007326,-0.666667
598.587280,2.747253,0.227107,2.212514,0.007326,-0.661782
598.598755,2.776558,0.231991,2.212514,0.021978,-0.661782
598.609863,2.761906,0.241758,2.212514,0.007326,-0.661782
598.620605,2.761906,0.236875,2.212514,0.007326,-0.661782
598.631714,2.703297,0.241758,2.212514,0.007326,-0.661782
598.642822,2.732601,0.222223,2.212514,0.007326,-0.661782
598.653564,2.703297,0.231991,2.212514,0.007326,-0.661782
598.664612,2.703297,0.222223,2.212514,0.021978,-0.661782
598.675293,2.717949,0.231991,2.212133,0.007326,-0.656898
598.686035,2.703297,0.231991,2.212514,-0.007328,-0.656898
598.697510,2.747253,0.222223,2.212514,0.021978,-0.661782
598.708252,2.732601,0.227107,2.212514,0.007326,-0.661782
598.719360,2.747253,0.227107,2.212514,0.007326,-0.656898
598.730103,2.703297,0.236875,2.212514,0.007326,-0.656898
598.740845,2.673996,0.227107,2.212133,-0.007328,-0.656898
598.751953,2.703297,0.222223,2.212133,0.021978,-0.656898
598.762695,2.717949,0.217339,2.212514,0.007326,-0.656898
598.774170,2.761906,0.222223,2.212133,0.007326,-0.652015
598.784912,2.717949,0.241758,2.212514,-0.007328,-0.652015
598.795654,2.703297,0.241758,2.212133,-0.007328,-0.656898
598.806763,2.703297,0.241758,2.212514,0.007326,-0.656898
598.817871,2.732601,0.236875,2.212514,0.007326,-0.656898
598.828979,2.747253,0.241758,2.212514,-0.007328,-0.652015
598.840088,2.717949,0.261295,2.212133,-0.007328,-0.652015
598.850830,2.703297,0.261295,2.212133,0.007326,-0.652015
598.861206,2.673996,0.266179,2.212133,0.007326,-0.652015
598.872620,2.703297,0.251527,2.212133,-0.007328,-0.647131
598.883362,2.732601,0.246643,2.212133,0.021978,-0.652015
598.894470,2.732601,0.261295,2.212514,0.007326,-0.647131
598.905151,2.703297,0.266179,2.212133,-0.007328,-0.652015
598.915894,2.673996,0.266179,2.212133,0.007326,-0.652015
598.926636,2.688644,0.256411,2.212133,0.007326,-0.652015
598.938110,2.732601,0.246643,2.212514,0.007326,-0.652015
598.948853,2.732601,0.256411,2.212514,0.021978,-0.647131
598.959961,2.732601,0.256411,2.212133,0.007326,-0.642246
598.970703,2.673996,0.266179,2.212133,-0.007328,-0.642246
598.981445,2.717949,0.241758,2.212133,0.007326,-0.642246
598.992554,2.732601,0.246643,2.212133,0.007326,-0.642246
599.003662,2.747253,0.241758,2.212133,-0.007328,-0.637362
599.014771,2.747253,0.256411,2.212133,0.007326,-0.642246
599.025513,2.688644,0.256411,2.212133,0.007326,-0.642246
599.036255,2.688644,0.251527,2.212133,0.007326,-0.642246
599.046997,2.688644,0.251527,2.212133,0.007326,-0.642246
599.058105,2.703297,0.241758,2.212133,0.007326,-0.637362
599.069214,2.732601,0.246643,2.212133,0.007326,-0.637362
599.079956,2.717949,0.241758,2.212133,-0.007328,-0.637362
599.091003,2.732601,0.246643,2.212133,0.021978,-0.637362
599.101685,2.673996,0.246643,2.212133,0.007326,-0.637362
599.112427,2.717949,0.236875,2.212133,-0.007328,-0.632479
599.123535,2.703297,0.231991,2.212133,0.021978,-0.637362
599.134277,2.688644,0.227107,2.212133,0.007326,-0.637362
599.145386,2.717949,0.227107,2.212133,0.021978,-0.637362
599.156128,2.703297,0.227107,2.212133,0.021978,-0.637362
599.167236,2.747253,0.222223,2.212133,-0.007328,-0.632479
599.178345,2.747253,0.231991,2.212133,0.007326,-0.632479
599.189087,2.717949,0.231991,2.212133,0.007326,-0.632479
599.200195,2.717949,0.231991,2.212133,0.021978,-0.627595
599.210938,2.717949,0.227107,2.212133,0.021978,-0.627595
599.222412,2.776558,0.222223,2.212133,0.007326,-0.627595
599.233521,2.761906,0.236875,2.212133,0.007326,-0.627595
599.244629,2.761906,0.236875,2.212133,0.007326,-0.627595
599.255737,2.747253,0.246643,2.212133,0.021978,-0.632479
599.266418,2.717949,0.236875,2.212133,0.007326,-0.627595
599.277466,2.732601,0.231991,2.212133,0.007326,-0.622710
599.288574,2.732601,0.227107,2.212133,0.007326,-0.627595
599.299316,2.776558,0.227107,2.212133,0.007326,-0.622710
599.310425,2.703297,0.241758,2.212133,0.007326,-0.622710
599.321167,2.717949,0.236875,2.212133,-0.007328,-0.622710
599.331909,2.688644,0.241758,2.212133,0.007326,-0.622710
599.343018,2.703297,0.217339,2.212133,0.007326,-0.622710
599.354126,2.747253,0.222223,2.212133,-0.007328,-0.617826
599.365234,2.732601,0.227107,2.212133,0.007326,-0.622710
599.375977,2.703297,0.231991,2.212133,0.007326,-0.622710
599.386719,2.717949,0.227107,2.212133,0.007326,-0.622710
599.397766,2.703297,0.227107,2.212133,0.036631,-0.622710
599.408447,2.688644,0.231991,2.212133,0.021978,-0.612943
599.419189,2.673996,0.246643,2.212133,-0.007328,-0.612943
599.429871,2.644691,0.246643,2.212133,0.007326,-0.617826
599.440125,2.630039,0.246643,2.212133,0.007326,-0.617826
599.450806,2.644691,0.241758,2.212133,-0.007328,-0.612943
599.461548,2.673996,0.246643,2.212133,0.007326,-0.622710
599.472290,2.659344,0.261295,2.212133,0.007326,-0.617826
599.483032,2.659344,0.266179,2.212133,0.007326,-0.617826
599.493408,2.644691,0.275947,2.212133,0.007326,-0.617826
599.504150,2.630039,0.271063,2.212133,0.007326,-0.612943
599.515259,2.673996,0.261295,2.212133,0.007326,-0.612943
599.525940,2.688644,0.261295,2.212133,0.021978,-0.612943
599.537048,2.673996,0.266179,2.212133,-0.007328,-0.608059
599.547302,2.673996,0.280830,2.212133,0.021978,-0.608059
599.558411,2.673996,0.271063,2.212133,-0.021980,-0.608059
599.569031,2.703297,0.261295,2.212133,0.007326,-0.612943
599.580139,2.747253,0.261295,2.212133,-0.007328,-0.612943
599.591248,2.761906,0.271063,2.212133,0.007326,-0.608059
599.602356,2.703297,0.290599,2.212133,-0.007328,-0.612943
599.613037,2.688644,0.266179,2.212133,0.007326,-0.612943
599.624146,2.703297,0.266179,2.212133,0.021978,-0.612943
599.635254,2.761906,0.246643,2.212133,0.007326,-0.603174
599.646362,2.761906,0.256411,2.212133,0.007326,-0.603174
599.657471,2.747253,0.246643,2.212133,0.007326,-0.608059
599.668579,2.761906,0.256411,2.212133,0.007326,-0.612943
599.679626,2.747253,0.246643,2.212133,-0.007328,-0.608059
599.690674,2.747253,0.241758,2.212133,0.007326,-0.608059
599.701782,2.761906,0.236875,2.212133,0.007326,-0.612943
599.712463,2.732601,0.236875,2.212133,-0.007328,-0.608059
599.723572,2.717949,0.236875,2.212133,0.007326,-0.603174
599.734314,2.659344,0.246643,2.212133,0.021978,-0.603174
599.744995,2.703297,0.227107,2.212133,0.007326,-0.603174
599.755737,2.673996,0.231991,2.212133,0.007326,-0.608059
599.766418,2.703297,0.227107,2.212133,-0.007328,-0.603174
599.777527,2.688644,0.231991,2.212133,0.007326,-0.603174
599.788147,2.688644,0.231991,2.212133,-0.007328,-0.608059
599.799255,2.703297,0.217339,2.212133,0.021978,-0.603174
599.809875,2.688644,0.227107,2.212133,0.007326,-0.598290
599.820984,2.717949,0.217339,2.212133,0.007326,-0.598290
599.831726,2.717949,0.227107,2.212133,-0.007328,-0.603174
599.842468,2.688644,0.222223,2.212133,0.021978,-0.603174
599.853577,2.717949,0.231991,2.212133,0.007326,-0.603174
599.864319,2.703297,0.241758,2.212133,-0.007328,-0.603174
599.875427,2.717949,0.231991,2.212133,0.007326,-0.603174
599.886536,2.703297,0.246643,2.212133,0.021978,-0.608059
599.897217,2.703297,0.236875,2.212133,0.007326,-0.598290
599.907959,2.688644,0.241758,2.212133,0.021978,-0.603174
599.918640,2.659344,0.236875,2.212133,0.007326,-0.598290
599.929749,2.688644,0.227107,2.212133,0.007326,-0.598290
599.940796,2.703297,0.236875,2.212133,0.007326,-0.598290
599.951477,2.703297,0.236875,2.212133,0.007326,-0.598290
599.962158,2.673996,0.251527,2.212133,0.007326,-0.598290
599.972900,2.673996,0.231991,2.212133,0.007326,-0.603174
599.983643,2.717949,0.231991,2.212133,0.007326,-0.603174
599.994751,2.732601,0.231991,2.212133,0.007326,-0.603174
600.005493,2.717949,0.246643,2.212133,-0.007328,-0.598290
600.016235,2.688644,0.246643,2.212133,-0.007328,-0.603174
600.026978,2.673996,0.241758,2.212133,-0.007328,-0.608059
600.038086,2.673996,0.236875,2.212133,0.007326,-0.603174
600.048767,2.673996,0.246643,2.212133,0.007326,-0.603174
600.059448,2.673996,0.256411,2.212133,0.007326,-0.603174
600.069763,2.615387,0.261295,2.212133,-0.007328,-0.603174
600.080017,2.571430,0.256411,2.212133,-0.007328,-0.598290
600.090637,2.630039,0.251527,2.212133,0.007326,-0.603174
600.100891,2.615387,0.251527,2.212133,0.007326,-0.603174
600.112000,2.673996,0.256411,2.212133,-0.007328,-0.603174
600.122314,2.630039,0.275947,2.212133,0.021978,-0.603174
600.132629,2.600735,0.275947,2.212133,0.021978,-0.598290
600.142883,2.586082,0.280830,2.212133,0.007326,-0.598290
600.153564,2.600735,0.271063,2.212133,0.007326,-0.598290
600.164246,2.659344,0.275947,2.212133,0.021978,-0.598290
600.174622,2.615387,0.295483,2.212133,-0.007328,-0.603174
600.184937,2.586082,0.305251,2.212133,0.007326,-0.603174
600.195313,2.586082,0.295483,2.212133,0.007326,-0.608059
600.205688,2.586082,0.290599,2.212133,0.021978,-0.608059
600.216797,2.673996,0.280830,2.212133,0.021978,-0.603174
600.227905,2.703297,0.295483,2.212133,0.007326,-0.603174
600.238647,2.673996,0.300367,2.212133,0.007326,-0.608059
600.249329,2.673996,0.300367,2.212133,-0.007328,-0.603174
600.260010,2.659344,0.295483,2.212133,0.021978,-0.608059
600.271118,2.717949,0.275947,2.212133,0.007326,-0.603174
600.282227,2.747253,0.275947,2.212133,0.007326,-0.603174
600.293335,2.761906,0.266179,2.212133,0.007326,-0.608059
600.304443,2.747253,0.280830,2.212133,-0.007328,-0.608059
600.315186,2.717949,0.275947,2.212133,0.007326,-0.608059
600.325928,2.703297,0.266179,2.212133,0.021978,-0.608059
600.337036,2.717949,0.261295,2.212133,0.007326,-0.608059
600.347778,2.717949,0.246643,2.212133,0.007326,-0.603174
600.358826,2.703297,0.261295,2.212133,0.007326,-0.608059
600.368042,2.673996,0.251527,2.212133,0.007326,-0.608059
600.380676,2.703297,0.241758,2.212133,0.021978,-0.612943
600.391418,2.703297,0.227107,2.212133,-0.007328,-0.612943
600.402466,2.747253,0.227107,2.212133,0.007326,-0.608059
600.413208,2.703297,0.241758,2.212133,0.007326,-0.612943
600.423950,2.673996,0.231991,2.212133,-0.007328,-0.612943
600.434692,2.673996,0.236875,2.212133,0.007326,-0.612943
600.445435,2.688644,0.227107,2.212133,0.007326,-0.612943
600.456482,2.703297,0.241758,2.212133,0.007326,-0.612943
600.467163,2.659344,0.236875,2.212133,0.007326,-0.617826
600.477905,2.673996,0.241758,2.212133,0.021978,-0.612943
600.488647,2.659344,0.241758,2.212133,0.007326,-0.612943
600.499390,2.659344,0.241758,2.212133,0.021978,-0.612943
600.510498,2.703297,0.236875,2.212133,0.021978,-0.617826
600.521240,2.688644,0.246643,2.212133,0.007326,-0.617826
600.531982,2.688644,0.246643,2.212133,0.007326,-0.617826
600.542664,2.659344,0.256411,2.212133,-0.007328,-0.617826
600.553345,2.659344,0.246643,2.212133,-0.007328,-0.617826
600.564087,2.688644,0.241758,2.212133,0.007326,-0.622710
600.574829,2.673996,0.246643,2.212133,0.021978,-0.622710
600.586304,2.703297,0.246643,2.212133,0.007326,-0.622710
600.596619,2.644691,0.261295,2.212133,0.021978,-0.627595
600.607300,2.673996,0.251527,2.212133,0.007326,-0.627595
600.618042,2.688644,0.251527,2.212133,0.007326,-0.627595
600.628723,2.688644,0.256411,2.212133,0.007326,-0.632479
600.639465,2.703297,0.256411,2.212133,0.021978,-0.627595
600.650208,2.673996,0.266179,2.212133,0.007326,-0.627595
600.660889,2.644691,0.256411,2.212133,0.007326,-0.632479
600.671265,2.630039,0.261295,2.212133,0.007326,-0.632479
600.682373,2.659344,0.261295,2.212133,-0.007328,-0.632479
600.693115,2.688644,0.251527,2.212133,0.007326,-0.632479
600.703491,2.644691,0.275947,2.212133,0.007326,-0.632479
600.714233,2.630039,0.266179,2.212133,0.021978,-0.637362
600.724609,2.600735,0.280830,2.212133,0.021978,-0.637362
600.735352,2.586082,0.261295,2.212133,0.021978,-0.637362
600.746094,2.659344,0.251527,2.212133,0.007326,-0.637362
600.756470,2.644691,0.271063,2.212133,0.007326,-0.637362
600.767212,2.615387,0.275947,2.212133,0.007326,-0.637362
600.777161,2.571430,0.285715,2.212133,-0.007328,-0.642246
600.787842,2.571430,0.275947,2.212133,0.021978,-0.647131
600.798523,2.586082,0.266179,2.212133,0.021978,-0.647131
600.808838,2.630039,0.280830,2.212133,0.007326,-0.642246
600.819153,2.600735,0.285715,2.212133,0.007326,-0.642246
600.829102,2.556778,0.295483,2.212133,-0.007328,-0.642246
600.839417,2.527473,0.300367,2.212133,0.021978,-0.647131
600.849731,2.556778,0.285715,2.212133,0.007326,-0.647131
600.860107,2.600735,0.295483,2.212133,-0.007328,-0.647131
600.870850,2.615387,0.290599,2.212133,0.021978,-0.652015
600.881226,2.586082,0.310135,2.212133,0.007326,-0.647131
600.891602,2.586082,0.310135,2.212133,0.007326,-0.652015
600.902283,2.630039,0.300367,2.212133,0.021978,-0.652015
600.912964,2.644691,0.290599,2.212133,0.007326,-0.652015
600.924072,2.688644,0.275947,2.212133,0.021978,-0.652015
600.934814,2.703297,0.300367,2.212133,0.007326,-0.656898
600.945496,2.644691,0.315019,2.212133,0.021978,-0.656898
600.955811,2.615387,0.305251,2.212133,0.007326,-0.656898
600.966553,2.644691,0.285715,2.212133,0.007326,-0.656898
600.978027,2.717949,0.261295,2.212133,-0.007328,-0.656898
600.988770,2.761906,0.280830,2.212133,0.007326,-0.656898
600.999878,2.673996,0.285715,2.212133,0.007326,-0.661782
601.010193,2.644691,0.285715,2.212133,0.007326,-0.666667
601.020447,2.615387,0.275947,2.212133,0.007326,-0.666667
601.031555,2.673996,0.251527,2.212133,0.021978,-0.666667
601.042236,2.673996,0.266179,2.212133,0.007326,-0.666667
601.052979,2.703297,0.251527,2.212133,0.007326,-0.661782
601.063660,2.659344,0.266179,2.212133,0.007326,-0.666667
601.074341,2.659344,0.256411,2.212133,0.007326,-0.666667
601.085083,2.673996,0.251527,2.212133,0.021978,-0.666667
601.095825,2.688644,0.246643,2.212133,-0.007328,-0.666667
601.106567,2.673996,0.251527,2.212133,0.007326,-0.666667
601.117310,2.644691,0.266179,2.212133,0.007326,-0.671551
601.127686,2.615387,0.266179,2.212133,0.007326,-0.671551
601.138367,2.630039,0.256411,2.212133,0.007326,-0.671551
601.149048,2.630039,0.251527,2.212133,-0.007328,-0.671551
601.159363,2.615387,0.256411,2.212133,0.007326,-0.676435
601.169678,2.586082,0.275947,2.212133,0.021978,-0.681318
601.179626,2.527473,0.275947,2.212133,0.007326,-0.676435
601.189880,2.542126,0.271063,2.212133,-0.007328,-0.676435
601.199829,2.498169,0.285715,2.212133,0.007326,-0.681318
601.210571,2.542126,0.266179,2.212133,0.021978,-0.686203
601.220154,2.542126,0.290599,2.212133,-0.007328,-0.686203
601.230042,2.483517,0.300367,2.212133,0.007326,-0.686203
601.240295,2.512821,0.290599,2.212133,0.007326,-0.686203
601.250244,2.512821,0.305251,2.212133,0.007326,-0.681318
601.260620,2.542126,0.300367,2.212133,0.007326,-0.686203
601.271301,2.571430,0.310135,2.212133,0.007326,-0.691087
601.281250,2.542126,0.329671,2.212133,0.007326,-0.691087
601.291199,2.527473,0.324787,2.212133,0.007326,-0.695971
601.301575,2.512821,0.339439,2.212133,0.021978,-0.695971
601.311523,2.498169,0.339439,2.212133,0.007326,-0.691087
601.321838,2.556778,0.310135,2.212133,0.007326,-0.695971
601.332092,2.556778,0.324787,2.212133,0.007326,-0.700854
601.342346,2.556778,0.329671,2.212133,0.007326,-0.705739
601.352234,2.527473,0.344323,2.212133,-0.007328,-0.700854
601.362488,2.498169,0.339439,2.212133,0.021978,-0.705739
601.372803,2.542126,0.319902,2.212133,0.007326,-0.695971
601.383118,2.586082,0.319902,2.212133,-0.007328,-0.695971
601.393433,2.586082,0.324787,2.212133,0.021978,-0.700854
601.404175,2.571430,0.339439,2.212133,0.007326,-0.700854
601.414124,2.542126,0.339439,2.212133,0.007326,-0.695971
601.424438,2.556778,0.324787,2.212133,0.007326,-0.700854
601.434814,2.586082,0.310135,2.212133,0.007326,-0.700854
601.445557,2.630039,0.305251,2.212133,0.007326,-0.700854
601.455933,2.615387,0.315019,2.212133,0.007326,-0.700854
601.466309,2.556778,0.324787,2.212133,0.007326,-0.705739
601.476624,2.571430,0.305251,2.212133,0.007326,-0.705739
601.486938,2.571430,0.300367,2.212133,0.007326,-0.710623
601.497681,2.600735,0.275947,2.212133,0.007326,-0.710623
601.508423,2.644691,0.280830,2.212133,0.007326,-0.715507
601.518799,2.586082,0.300367,2.212133,-0.007328,-0.715507
601.529175,2.600735,0.295483,2.212133,0.007326,-0.720390
601.539551,2.586082,0.285715,2.212133,0.007326,-0.720390
601.550293,2.600735,0.261295,2.212514,0.021978,-0.715507
601.561401,2.673996,0.261295,2.212514,0.007326,-0.715507
601.572144,2.673996,0.280830,2.212133,0.007326,-0.710623
601.582092,2.600735,0.295483,2.212133,0.007326,-0.715507
601.592407,2.586082,0.290599,2.212514,0.021978,-0.715507
601.603149,2.600735,0.271063,2.212514,0.007326,-0.720390
601.614624,2.673996,0.256411,2.212514,0.007326,-0.720390
601.625305,2.703297,0.275947,2.212133,0.007326,-0.720390
601.636047,2.703297,0.285715,2.212133,0.007326,-0.725275
601.646057,2.615387,0.305251,2.212133,0.007326,-0.725275
601.656799,2.586082,0.280830,2.212133,0.021978,-0.720390
601.667908,2.673996,0.266179,2.212133,-0.007328,-0.725275
601.678589,2.703297,0.271063,2.212514,0.021978,-0.725275
601.689697,2.703297,0.275947,2.212514,-0.007328,-0.730159
601.700073,2.644691,0.290599,2.212133,0.007326,-0.730159
601.710815,2.659344,0.275947,2.212514,0.007326,-0.730159
601.721924,2.673996,0.271063,2.212514,0.007326,-0.730159
601.732666,2.703297,0.261295,2.212514,-0.021980,-0.730159
601.743774,2.732601,0.266179,2.212514,0.021978,-0.735043
601.754517,2.703297,0.285715,2.212514,-0.007328,-0.735043
601.765259,2.688644,0.271063,2.212514,0.007326,-0.735043
601.776367,2.688644,0.266179,2.212514,0.007326,-0.735043
601.787109,2.688644,0.241758,2.212514,0.021978,-0.739926
601.798218,2.717949,0.246643,2.212514,-0.007328,-0.735043
601.808533,2.659344,0.261295,2.212514,0.007326,-0.739926
601.819214,2.659344,0.246643,2.212514,0.007326,-0.739926
601.829956,2.615387,0.256411,2.212514,0.007326,-0.735043
601.840271,2.630039,0.231991,2.212514,0.007326,-0.735043
601.850952,2.659344,0.241758,2.212514,0.007326,-0.739926
601.861328,2.600735,0.241758,2.212514,0.007326,-0.739926
601.872070,2.615387,0.241758,2.212514,0.007326,-0.739926
601.882385,2.586082,0.256411,2.212514,0.007326,-0.744811
601.892700,2.586082,0.236875,2.212514,0.007326,-0.744811
601.903442,2.630039,0.241758,2.212514,0.007326,-0.749695
601.913818,2.630039,0.241758,2.212514,0.007326,-0.749695
601.924561,2.630039,0.246643,2.212514,0.007326,-0.744811
601.934937,2.615387,0.271063,2.212514,0.007326,-0.749695
601.945313,2.586082,0.261295,2.212514,0.007326,-0.749695
601.956055,2.630039,0.261295,2.212514,0.007326,-0.744811
601.966431,2.615387,0.266179,2.212514,0.007326,-0.749695
601.977173,2.659344,0.261295,2.212514,0.007326,-0.749695
601.987549,2.615387,0.290599,2.212514,0.007326,-0.749695
601.998291,2.586082,0.275947,2.212514,0.021978,-0.754579
602.008667,2.586082,0.285715,2.212514,0.007326,-0.754579
602.019409,2.600735,0.280830,2.212514,0.007326,-0.754579
602.028625,2.644691,0.280830,2.212514,-0.007328,-0.754579
602.040405,2.615387,0.300367,2.212514,0.021978,-0.754579
602.050720,2.600735,0.290599,2.212514,0.007326,-0.754579
602.061401,2.630039,0.290599,2.212514,0.007326,-0.759462
602.072144,2.644691,0.290599,2.212514,0.021978,-0.759462
602.082886,2.673996,0.285715,2.212514,0.007326,-0.759462
602.093567,2.644691,0.300367,2.212514,0.007326,-0.754579
602.103882,2.630039,0.290599,2.212514,-0.007328,-0.759462
602.114624,2.630039,0.290599,2.212514,0.021978,-0.764347
602.125366,2.630039,0.275947,2.212514,0.007326,-0.759462
602.136475,2.688644,0.266179,2.212514,0.007326,-0.759462
602.147217,2.688644,0.280830,2.212514,0.007326,-0.764347
602.157959,2.688644,0.280830,2.212514,0.007326,-0.764347
602.168335,2.630039,0.305251,2.212514,0.007326,-0.764347
602.179077,2.630039,0.275947,2.212514,0.007326,-0.764347
602.189819,2.659344,0.266179,2.212514,0.007326,-0.759462
602.200928,2.703297,0.256411,2.212514,-0.007328,-0.764347
602.211670,2.703297,0.266179,2.212514,0.021978,-0.764347
602.222412,2.673996,0.280830,2.212514,0.007326,-0.759462
602.232788,2.615387,0.266179,2.212514,0.007326,-0.759462
602.243896,2.673996,0.256411,2.212514,0.007326,-0.764347
602.254578,2.688644,0.251527,2.212514,0.007326,-0.769231
602.265686,2.717949,0.251527,2.212514,0.007326,-0.769231
602.276306,2.688644,0.271063,2.212514,0.007326,-0.769231
602.286621,2.644691,0.266179,2.212514,0.007326,-0.769231
602.297363,2.673996,0.256411,2.212514,0.007326,-0.774115
602.308472,2.688644,0.246643,2.212514,0.007326,-0.774115
602.319946,2.791210,0.227107,2.212896,0.021978,-0.774115
602.331055,2.761906,0.256411,2.212514,0.007326,-0.774115
602.341431,2.688644,0.271063,2.212514,0.007326,-0.769231
602.352173,2.659344,0.271063,2.212514,-0.007328,-0.774115
602.362915,2.673996,0.246643,2.212514,0.007326,-0.778998
602.374390,2.776558,0.227107,2.212514,0.021978,-0.774115
602.385864,2.805862,0.246643,2.212514,0.007326,-0.778998
602.396973,2.761906,0.256411,2.212514,0.007326,-0.778998
602.407715,2.732601,0.266179,2.212896,0.007326,-0.778998
602.418823,2.717949,0.236875,2.212514,-0.007328,-0.778998
602.429932,2.761906,0.227107,2.212896,0.007326,-0.778998
602.441040,2.747253,0.227107,2.212896,0.021978,-0.774115
602.452148,2.776558,0.231991,2.212896,0.007326,-0.778998
602.462891,2.673996,0.246643,2.212514,0.007326,-0.778998
602.473572,2.703297,0.227107,2.212896,0.007326,-0.778998
602.484680,2.717949,0.231991,2.212896,0.007326,-0.783883
602.495361,2.717949,0.217339,2.212896,0.007326,-0.778998
602.506470,2.732601,0.231991,2.212896,0.021978,-0.783883
602.517212,2.688644,0.236875,2.212896,-0.007328,-0.783883
602.527893,2.673996,0.231991,2.212896,0.021978,-0.783883
602.538574,2.673996,0.227107,2.212896,0.007326,-0.783883
602.549683,2.673996,0.217339,2.212896,0.007326,-0.788767
602.560425,2.703297,0.217339,2.212896,0.007326,-0.783883
602.571167,2.673996,0.236875,2.212896,0.007326,-0.788767
602.581909,2.659344,0.231991,2.212896,0.007326,-0.788767
602.592285,2.630039,0.236875,2.212896,0.007326,-0.783883
602.603027,2.644691,0.222223,2.212896,0.007326,-0.783883
602.614136,2.673996,0.227107,2.212896,0.036631,-0.783883
602.624451,2.659344,0.236875,2.212896,0.007326,-0.783883
602.635193,2.659344,0.241758,2.212896,0.007326,-0.778998
602.645874,2.615387,0.256411,2.212896,0.007326,-0.783883
602.656616,2.644691,0.246643,2.212896,0.007326,-0.788767
602.667358,2.673996,0.246643,2.212896,0.021978,-0.788767
602.678101,2.659344,0.251527,2.212896,-0.007328,-0.788767
602.688782,2.673996,0.251527,2.212896,-0.007328,-0.788767
602.699524,2.644691,0.266179,2.212896,0.021978,-0.783883
602.709839,2.673996,0.256411,2.212896,0.021978,-0.788767
602.720947,2.688644,0.256411,2.212896,-0.007328,-0.788767
602.731689,2.688644,0.261295,2.212896,0.021978,-0.793651
602.742798,2.732601,0.256411,2.212896,-0.007328,-0.788767
602.753540,2.673996,0.280830,2.212896,0.007326,-0.788767
602.764648,2.703297,0.266179,2.212896,0.021978,-0.793651
602.775391,2.688644,0.266179,2.212896,0.007326,-0.788767
602.786499,2.747253,0.246643,2.212896,-0.007328,-0.788767
602.797607,2.732601,0.266179,2.212896,0.021978,-0.793651
602.808350,2.703297,0.261295,2.212896,0.007326,-0.793651
602.819824,2.717949,0.256411,2.212896,0.007326,-0.788767
602.830566,2.747253,0.246643,2.212896,0.007326,-0.788767
602.841675,2.761906,0.231991,2.212896,0.007326,-0.788767
602.853149,2.791210,0.231991,2.212896,0.021978,-0.788767
602.864258,2.747253,0.241758,2.212896,-0.007328,-0.783883
602.875000,2.732601,0.231991,2.212896,0.007326,-0.788767
602.886108,2.732601,0.231991,2.212896,0.007326,-0.793651
602.897583,2.747253,0.207571,2.212896,-0.007328,-0.788767
602.908264,2.761906,0.212455,2.212896,0.007326,-0.793651
602.919373,2.761906,0.217339,2.212896,0.007326,-0.788767
602.930420,2.717949,0.227107,2.212896,0.007326,-0.793651
602.941162,2.703297,0.217339,2.212896,0.007326,-0.793651
602.952271,2.732601,0.197803,2.212896,-0.007328,-0.793651
602.963379,2.776558,0.197803,2.212896,0.021978,-0.793651
602.974854,2.791210,0.202686,2.212896,0.007326,-0.788767
602.985596,2.761906,0.227107,2.212896,-0.007328,-0.783883
602.996704,2.717949,0.212455,2.212896,0.007326,-0.788767
603.007813,2.761906,0.207571,2.212896,0.007326,-0.788767
603.019287,2.820515,0.202686,2.212896,-0.007328,-0.783883
603.030762,2.835167,0.217339,2.212896,0.007326,-0.783883
603.041870,2.776558,0.241758,2.212896,0.007326,-0.783883
603.052612,2.732601,0.241758,2.212896,-0.007328,-0.783883
603.063354,2.703297,0.241758,2.212896,0.007326,-0.783883
603.074463,2.732601,0.227107,2.212896,0.021978,-0.783883
603.085571,2.761906,0.227107,2.212896,0.007326,-0.774115
603.096313,2.717949,0.241758,2.212896,-0.007328,-0.774115
603.107422,2.717949,0.236875,2.212896,-0.021980,-0.778998
603.118530,2.703297,0.236875,2.212896,0.007326,-0.783883
603.129578,2.747253,0.217339,2.212896,0.007326,-0.778998
603.140686,2.761906,0.217339,2.212896,0.007326,-0.778998
603.151733,2.747253,0.231991,2.212896,0.021978,-0.778998
603.162476,2.747253,0.227107,2.212896,0.007326,-0.774115
603.173584,2.703297,0.227107,2.212896,0.021978,-0.774115
603.184692,2.761906,0.207571,2.212896,0.021978,-0.774115
603.195801,2.776558,0.222223,2.212896,-0.007328,-0.778998
603.206909,2.761906,0.222223,2.212896,0.007326,-0.778998
603.217651,2.717949,0.231991,2.212896,0.007326,-0.778998
603.228394,2.688644,0.236875,2.212896,0.007326,-0.778998
603.239502,2.703297,0.217339,2.212896,0.021978,-0.774115
603.250244,2.703297,0.236875,2.212896,-0.007328,-0.769231
603.261353,2.703297,0.222223,2.212896,-0.007328,-0.769231
603.272095,2.673996,0.241758,2.212896,0.007326,-0.769231
603.282410,2.644691,0.231991,2.212896,0.021978,-0.769231
603.293091,2.659344,0.236875,2.212896,0.007326,-0.769231
603.303833,2.659344,0.236875,2.212896,-0.007328,-0.764347
603.314514,2.673996,0.231991,2.212896,0.021978,-0.769231
603.325256,2.673996,0.241758,2.212896,-0.007328,-0.764347
603.335999,2.630039,0.246643,2.212896,0.007326,-0.764347
603.346741,2.630039,0.246643,2.212896,0.007326,-0.764347
603.356995,2.630039,0.246643,2.212896,-0.007328,-0.769231
603.367676,2.673996,0.236875,2.212896,0.007326,-0.769231
603.378784,2.659344,0.246643,2.212896,0.007326,-0.764347
603.389099,2.659344,0.251527,2.212896,-0.007328,-0.759462
603.400208,2.688644,0.256411,2.212896,-0.007328,-0.759462
603.410889,2.659344,0.256411,2.212896,0.007326,-0.764347
603.421997,2.717949,0.251527,2.212896,0.021978,-0.759462
603.432739,2.717949,0.256411,2.212896,0.007326,-0.759462
603.443481,2.703297,0.256411,2.212896,0.007326,-0.759462
603.454590,2.703297,0.261295,2.212896,0.021978,-0.764347
603.465332,2.703297,0.266179,2.212896,0.007326,-0.764347
603.476440,2.747253,0.251527,2.212896,0.007326,-0.764347
603.487549,2.761906,0.251527,2.212896,0.021978,-0.764347
603.498657,2.747253,0.256411,2.212896,-0.007328,-0.759462
603.509766,2.717949,0.271063,2.212896,-0.007328,-0.759462
603.520081,2.659344,0.275947,2.212896,-0.007328,-0.759462
603.530762,2.659344,0.251527,2.212896,0.007326,-0.759462
603.541870,2.688644,0.241758,2.212896,-0.007328,-0.759462
603.553345,2.747253,0.227107,2.212896,0.007326,-0.754579
603.564026,2.732601,0.246643,2.212896,0.007326,-0.759462
603.575012,2.703297,0.231991,2.212896,-0.007328,-0.759462
603.585693,2.717949,0.236875,2.212896,0.021978,-0.759462
603.596802,2.717949,0.217339,2.212896,0.007326,-0.754579
603.607910,2.761906,0.212455,2.212896,0.021978,-0.754579
603.618652,2.732601,0.217339,2.212896,0.007326,-0.749695
603.629761,2.717949,0.227107,2.212896,-0.007328,-0.749695
603.640503,2.717949,0.231991,2.212896,-0.007328,-0.754579
603.651611,2.732601,0.222223,2.212896,0.007326,-0.754579
603.663086,2.776558,0.212455,2.212896,0.021978,-0.749695
603.674194,2.805862,0.227107,2.212896,-0.021980,-0.749695
603.685303,2.747253,0.231991,2.212896,0.007326,-0.754579
603.695984,2.703297,0.241758,2.212896,-0.007328,-0.754579
603.706665,2.688644,0.236875,2.212896,0.007326,-0.749695
603.718140,2.747253,0.222223,2.212896,0.021978,-0.744811
603.729248,2.791210,0.222223,2.212896,0.021978,-0.744811
603.740723,2.805862,0.231991,2.212896,-0.007328,-0.744811
603.751404,2.747253,0.251527,2.212896,-0.007328,-0.749695
603.762451,2.717949,0.241758,2.212896,0.007326,-0.749695
603.773132,2.703297,0.246643,2.212896,0.007326,-0.749695
603.783813,2.703297,0.231991,2.212896,0.007326,-0.744811
603.794922,2.703297,0.241758,2.212896,-0.007328,-0.739926
603.805664,2.673996,0.246643,2.212896,-0.007328,-0.744811
603.816406,2.673996,0.236875,2.212896,-0.007328,-0.744811
603.827148,2.703297,0.241758,2.212896,0.007326,-0.749695
603.838257,2.703297,0.227107,2.212896,0.021978,-0.749695
603.848999,2.717949,0.236875,2.212896,0.007326,-0.739926
603.859741,2.673996,0.241758,2.212896,0.007326,-0.735043
603.870850,2.703297,0.231991,2.212896,0.007326,-0.739926
603.881592,2.659344,0.231991,2.212896,0.007326,-0.739926
603.892700,2.717949,0.222223,2.212896,0.007326,-0.744811
603.903442,2.717949,0.236875,2.212896,0.007326,-0.744811
603.914185,2.703297,0.236875,2.212896,-0.007328,-0.739926
603.924927,2.688644,0.246643,2.212896,-0.021980,-0.739926
603.935669,2.688644,0.241758,2.212896,0.007326,-0.739926
603.946777,2.703297,0.236875,2.212896,0.007326,-0.739926
603.957886,2.688644,0.241758,2.212896,0.007326,-0.739926
603.968262,2.688644,0.251527,2.212896,0.007326,-0.735043
603.979004,2.659344,0.251527,2.212896,-0.007328,-0.730159
603.989746,2.615387,0.256411,2.212896,0.007326,-0.735043
604.000488,2.644691,0.246643,2.212896,0.021978,-0.735043
604.011230,2.659344,0.246643,2.212514,-0.007328,-0.735043
604.021973,2.688644,0.241758,2.212896,0.007326,-0.735043
604.033081,2.717949,0.251527,2.212896,0.021978,-0.739926
604.043823,2.673996,0.261295,2.212514,-0.007328,-0.735043
604.054565,2.688644,0.251527,2.212896,0.007326,-0.730159
604.065247,2.673996,0.256411,2.212896,-0.007328,-0.730159
604.076355,2.688644,0.241758,2.212896,0.007326,-0.720390
604.087402,2.717949,0.246643,2.212896,0.021978,-0.725275
604.098145,2.717949,0.251527,2.212896,0.007326,-0.720390
604.109253,2.703297,0.246643,2.212896,-0.007328,-0.725275
604.119995,2.717949,0.246643,2.212896,0.007326,-0.725275
604.131104,2.732601,0.231991,2.212896,0.007326,-0.725275
604.142212,2.732601,0.241758,2.212514,0.021978,-0.720390
604.152954,2.717949,0.231991,2.212896,0.007326,-0.720390
604.164429,2.761906,0.236875,2.212896,0.007326,-0.720390
604.175171,2.747253,0.231991,2.212514,-0.007328,-0.715507
604.185120,2.776558,0.231991,2.212896,0.007326,-0.715507
604.197693,2.747253,0.241758,2.212514,0.007326,-0.720390
604.208435,2.732601,0.236875,2.212514,-0.007328,-0.720390
604.219116,2.703297,0.241758,2.212896,0.007326,-0.720390
604.229858,2.688644,0.227107,2.212896,-0.007328,-0.715507
604.241333,2.747253,0.217339,2.212896,0.021978,-0.720390
604.252441,2.761906,0.217339,2.212896,-0.007328,-0.715507
604.263550,2.776558,0.227107,2.212514,-0.007328,-0.710623
604.274658,2.747253,0.236875,2.212514,-0.007328,-0.715507
604.285400,2.717949,0.231991,2.212896,0.021978,-0.715507
604.296509,2.747253,0.212455,2.212514,-0.007328,-0.715507
604.307983,2.776558,0.212455,2.212896,0.021978,-0.715507
604.319092,2.820515,0.202686,2.212896,-0.007328,-0.710623
604.330200,2.747253,0.227107,2.212514,-0.007328,-0.710623
604.340942,2.732601,0.217339,2.212514,0.007326,-0.710623
604.352051,2.717949,0.222223,2.212514,0.021978,-0.710623
604.363159,2.717949,0.202686,2.212514,0.007326,-0.710623
604.374268,2.761906,0.207571,2.212896,0.021978,-0.705739
604.385010,2.732601,0.212455,2.212514,0.007326,-0.700854
604.396118,2.717949,0.222223,2.212514,-0.007328,-0.700854
604.406860,2.717949,0.222223,2.212514,0.007326,-0.705739
604.418335,2.747253,0.212455,2.212514,0.007326,-0.700854
604.429443,2.791210,0.212455,2.212514,0.007326,-0.700854
604.440552,2.747253,0.227107,2.212514,0.007326,-0.700854
604.451660,2.732601,0.236875,2.212514,0.021978,-0.700854
604.462402,2.688644,0.241758,2.212514,0.007326,-0.695971
604.473511,2.732601,0.227107,2.212514,0.007326,-0.695971
604.484619,2.761906,0.231991,2.212514,-0.007328,-0.695971
604.495728,2.761906,0.236875,2.212514,0.021978,-0.695971
604.506470,2.717949,0.251527,2.212514,0.007326,-0.695971
604.517212,2.673996,0.251527,2.212514,0.007326,-0.695971
604.527954,2.703297,0.236875,2.212514,0.007326,-0.691087
604.539063,2.703297,0.236875,2.212514,0.007326,-0.691087
604.549805,2.717949,0.231991,2.212514,-0.007328,-0.691087
604.560913,2.703297,0.246643,2.212514,0.007326,-0.691087
604.571655,2.688644,0.251527,2.212514,0.007326,-0.691087
604.582397,2.688644,0.246643,2.212514,0.007326,-0.691087
604.593506,2.688644,0.246643,2.212514,0.021978,-0.686203
604.604248,2.717949,0.231991,2.212514,0.007326,-0.681318
604.615356,2.732601,0.246643,2.212514,0.007326,-0.681318
604.626099,2.688644,0.241758,2.212514,0.007326,-0.681318
604.636780,2.703297,0.256411,2.212514,0.007326,-0.681318
604.647400,2.644691,0.256411,2.212514,0.007326,-0.681318
604.658142,2.673996,0.251527,2.212514,0.007326,-0.676435
604.668823,2.644691,0.266179,2.212514,0.007326,-0.681318
604.679565,2.659344,0.251527,2.212514,0.007326,-0.681318
604.690308,2.673996,0.266179,2.212514,0.007326,-0.676435
604.701050,2.644691,0.251527,2.212514,0.007326,-0.671551
604.712158,2.703297,0.246643,2.212514,0.007326,-0.666667
604.722900,2.688644,0.246643,2.212514,-0.007328,-0.671551
604.734009,2.703297,0.246643,2.212514,0.007326,-0.671551
604.744751,2.688644,0.246643,2.212514,0.021978,-0.671551
604.755493,2.717949,0.241758,2.212514,-0.007328,-0.666667
604.766968,2.717949,0.236875,2.212514,0.021978,-0.666667
604.777710,2.732601,0.236875,2.212514,0.007326,-0.666667
604.788818,2.732601,0.231991,2.212514,0.007326,-0.666667
604.799927,2.732601,0.236875,2.212514,-0.007328,-0.666667
604.810669,2.717949,0.227107,2.212514,0.021978,-0.671551
604.822083,2.747253,0.227107,2.212514,0.007326,-0.661782
604.833130,2.776558,0.222223,2.212514,-0.007328,-0.661782
604.844238,2.791210,0.222223,2.212514,-0.007328,-0.661782
604.855347,2.732601,0.236875,2.212514,0.021978,-0.666667
604.866028,2.732601,0.231991,2.212514,0.007326,-0.661782
604.876770,2.717949,0.236875,2.212514,0.021978,-0.666667
604.888245,2.761906,0.217339,2.212514,-0.007328,-0.661782
604.899353,2.805862,0.227107,2.212514,0.021978,-0.661782
604.910461,2.776558,0.231991,2.212514,0.007326,-0.661782
604.921936,2.776558,0.231991,2.212514,0.007326,-0.661782
604.932617,2.747253,0.236875,2.212514,0.007326,-0.661782
604.943726,2.747253,0.222223,2.212514,0.021978,-0.661782
604.954834,2.776558,0.222223,2.212133,-0.007328,-0.656898
604.965576,2.732601,0.222223,2.212514,-0.007328,-0.656898
604.976685,2.747253,0.222223,2.212514,0.007326,-0.652015
604.987793,2.717949,0.227107,2.212133,0.007326,-0.656898
604.998901,2.717949,0.217339,2.212133,0.021978,-0.656898
605.009644,2.732601,0.222223,2.212514,-0.007328,-0.652015
605.020691,2.717949,0.217339,2.212514,0.007326,-0.652015
605.031372,2.703297,0.227107,2.212514,0.007326,-0.656898
605.042053,2.659344,0.231991,2.212514,-0.007328,-0.656898
605.053162,2.688644,0.222223,2.212514,-0.007328,-0.656898
605.063904,2.732601,0.222223,2.212514,0.007326,-0.656898
605.075012,2.747253,0.222223,2.212133,0.007326,-0.656898
605.085693,2.717949,0.241758,2.212514,0.007326,-0.656898
605.096375,2.688644,0.256411,2.212514,0.021978,-0.656898
605.107056,2.673996,0.246643,2.212514,0.007326,-0.652015
605.118164,2.703297,0.251527,2.212514,0.007326,-0.652015
605.129272,2.732601,0.241758,2.212133,0.007326,-0.647131
605.139954,2.732601,0.266179,2.212133,-0.007328,-0.647131
605.151062,2.717949,0.261295,2.212133,0.007326,-0.647131
605.161377,2.688644,0.271063,2.212133,0.007326,-0.647131
605.172485,2.688644,0.256411,2.212514,0.007326,-0.647131
605.183594,2.747253,0.251527,2.212133,0.007326,-0.647131
605.194702,2.747253,0.261295,2.212514,0.007326,-0.647131
605.205811,2.717949,0.266179,2.212514,0.007326,-0.647131
605.216492,2.703297,0.271063,2.212133,0.007326,-0.647131
605.227600,2.717949,0.256411,2.212133,0.007326,-0.647131
605.238708,2.732601,0.246643,2.212514,0.007326,-0.647131
605.249817,2.761906,0.251527,2.212133,0.007326,-0.642246
605.260925,2.747253,0.256411,2.212514,0.007326,-0.642246
605.271606,2.717949,0.266179,2.212133,-0.007328,-0.642246
605.282654,2.703297,0.251527,2.212133,0.007326,-0.642246
605.293701,2.776558,0.236875,2.212133,0.007326,-0.642246
605.304810,2.761906,0.241758,2.212133,0.007326,-0.647131
605.315552,2.747253,0.241758,2.212133,-0.007328,-0.642246
605.326660,2.732601,0.251527,2.212133,0.021978,-0.642246
605.337341,2.703297,0.241758,2.212133,0.007326,-0.637362
605.348450,2.717949,0.241758,2.212133,0.021978,-0.632479
605.359558,2.717949,0.236875,2.212133,-0.007328,-0.632479
605.370239,2.732601,0.231991,2.212133,0.021978,-0.637362
605.381287,2.732601,0.241758,2.212133,0.007326,-0.637362
605.392395,2.732601,0.236875,2.212133,0.021978,-0.637362
605.403076,2.703297,0.246643,2.212133,0.007326,-0.632479
605.413818,2.703297,0.227107,2.212133,-0.007328,-0.632479
605.424927,2.717949,0.227107,2.212133,0.007326,-0.632479
605.435669,2.703297,0.227107,2.212133,0.007326,-0.627595
605.446777,2.732601,0.227107,2.212133,0.007326,-0.622710
605.457886,2.703297,0.231991,2.212133,0.007326,-0.627595
605.468994,2.732601,0.217339,2.212133,-0.007328,-0.627595
605.479736,2.732601,0.231991,2.212133,0.007326,-0.627595
605.490845,2.717949,0.231991,2.212133,0.007326,-0.627595
605.501526,2.703297,0.236875,2.212133,0.021978,-0.627595
605.512634,2.703297,0.231991,2.212133,0.007326,-0.627595
605.523682,2.747253,0.227107,2.212133,0.007326,-0.632479
605.534790,2.776558,0.231991,2.212133,0.021978,-0.627595
605.545898,2.747253,0.241758,2.212133,0.007326,-0.622710
605.557007,2.747253,0.231991,2.212133,0.007326,-0.622710
605.567749,2.703297,0.236875,2.212133,-0.007328,-0.622710
605.578857,2.747253,0.222223,2.212133,0.007326,-0.622710
605.589966,2.732601,0.227107,2.212133,0.007326,-0.627595
605.601074,2.747253,0.212455,2.212133,0.007326,-0.622710
605.611755,2.717949,0.236875,2.212133,-0.007328,-0.622710
605.622498,2.703297,0.231991,2.212133,0.007326,-0.622710
605.633240,2.673996,0.227107,2.212133,0.007326,-0.622710
605.644348,2.688644,0.222223,2.212133,0.007326,-0.622710
605.655457,2.717949,0.212455,2.212133,-0.007328,-0.617826
605.666565,2.732601,0.227107,2.212133,0.007326,-0.617826
605.677246,2.732601,0.227107,2.212133,-0.007328,-0.617826
605.688354,2.703297,0.231991,2.212133,-0.007328,-0.617826
605.699097,2.688644,0.222223,2.212133,0.021978,-0.617826
605.709778,2.703297,0.227107,2.212133,0.007326,-0.612943
605.720886,2.673996,0.241758,2.212133,-0.007328,-0.612943
605.731201,2.659344,0.241758,2.212133,0.007326,-0.612943
605.741943,2.659344,0.246643,2.212133,0.021978,-0.612943
605.752625,2.644691,0.246643,2.212133,0.007326,-0.608059
605.763306,2.688644,0.246643,2.212133,0.007326,-0.608059
605.773987,2.644691,0.256411,2.212133,0.021978,-0.608059
605.784607,2.644691,0.261295,2.212133,0.007326,-0.608059
605.794922,2.644691,0.271063,2.212133,0.007326,-0.608059
605.805664,2.644691,0.261295,2.212133,0.007326,-0.608059
605.816772,2.673996,0.256411,2.212133,-0.007328,-0.608059
605.827881,2.732601,0.256411,2.212133,0.007326,-0.612943
605.838989,2.732601,0.266179,2.212133,0.007326,-0.608059
605.849365,2.717949,0.275947,2.212133,-0.007328,-0.608059
605.860474,2.673996,0.275947,2.212133,0.007326,-0.608059
605.871216,2.688644,0.256411,2.212133,0.007326,-0.608059
605.882324,2.717949,0.256411,2.212133,0.007326,-0.603174
605.893433,2.747253,0.256411,2.212133,0.007326,-0.603174
605.904175,2.703297,0.280830,2.212133,0.007326,-0.608059
605.915283,2.688644,0.266179,2.212133,0.021978,-0.612943
605.925964,2.688644,0.266179,2.212133,0.007326,-0.608059
605.937073,2.717949,0.256411,2.212133,0.007326,-0.603174
605.948120,2.732601,0.251527,2.212133,0.007326,-0.608059
605.958862,2.747253,0.256411,2.212133,0.007326,-0.608059
605.969971,2.732601,0.246643,2.212133,-0.007328,-0.608059
605.981079,2.732601,0.251527,2.212133,-0.007328,-0.608059
605.992188,2.747253,0.241758,2.212133,0.021978,-0.608059
606.003296,2.747253,0.236875,2.212133,0.007326,-0.608059
606.014038,2.747253,0.231991,2.212133,-0.007328,-0.608059
606.025146,2.761906,0.236875,2.212133,-0.007328,-0.603174
606.035889,2.717949,0.241758,2.212133,0.007326,-0.608059
606.046997,2.703297,0.231991,2.212133,0.021978,-0.603174
606.057739,2.717949,0.231991,2.212133,0.007326,-0.603174
606.068848,2.688644,0.236875,2.212133,-0.007328,-0.603174
606.079529,2.717949,0.246643,2.212133,0.007326,-0.603174
606.090210,2.659344,0.246643,2.212133,0.007326,-0.603174
606.100952,2.673996,0.236875,2.212133,0.007326,-0.603174
606.112000,2.688644,0.227107,2.212133,0.007326,-0.598290
606.122681,2.717949,0.227107,2.212133,-0.007328,-0.603174
606.134155,2.717949,0.231991,2.212133,0.007326,-0.603174
606.144470,2.703297,0.236875,2.212133,0.007326,-0.598290
606.155579,2.703297,0.236875,2.212133,0.007326,-0.598290
606.166260,2.703297,0.246643,2.212133,-0.007328,-0.603174
606.177307,2.703297,0.241758,2.212133,0.007326,-0.603174
606.187988,2.717949,0.236875,2.212133,0.007326,-0.603174
606.198669,2.688644,0.246643,2.212133,0.021978,-0.603174
606.209778,2.703297,0.236875,2.212133,0.007326,-0.598290
606.220459,2.673996,0.246643,2.212133,0.007326,-0.593407
606.231201,2.703297,0.222223,2.212133,0.007326,-0.603174
606.242310,2.717949,0.236875,2.212133,0.007326,-0.603174
606.253052,2.703297,0.231991,2.212133,0.007326,-0.608059
606.263733,2.673996,0.246643,2.212133,0.007326,-0.603174
606.274414,2.659344,0.241758,2.212133,-0.007328,-0.598290
606.285522,2.703297,0.222223,2.212133,0.021978,-0.598290
606.296265,2.732601,0.236875,2.212133,0.007326,-0.598290
606.307373,2.703297,0.241758,2.212133,0.007326,-0.598290
606.317749,2.673996,0.251527,2.212133,0.021978,-0.598290
606.328491,2.630039,0.241758,2.212133,0.007326,-0.598290
606.339233,2.673996,0.231991,2.212133,0.007326,-0.598290
606.350708,2.717949,0.236875,2.212133,0.007326,-0.603174
606.361084,2.703297,0.241758,2.212133,0.007326,-0.603174
606.371826,2.659344,0.261295,2.212133,0.007326,-0.603174
606.382141,2.600735,0.261295,2.212133,0.007326,-0.598290
606.392456,2.630039,0.256411,2.211751,0.007326,-0.598290
606.403137,2.615387,0.256411,2.212133,0.007326,-0.603174
606.413879,2.673996,0.241758,2.212133,0.007326,-0.603174
606.424622,2.659344,0.266179,2.212133,0.007326,-0.598290
606.435303,2.615387,0.271063,2.212133,0.007326,-0.603174
606.445618,2.615387,0.275947,2.212133,0.007326,-0.603174
606.456299,2.615387,0.266179,2.212133,0.007326,-0.598290
606.467041,2.659344,0.256411,2.212133,0.007326,-0.598290
606.477722,2.659344,0.275947,2.212133,0.007326,-0.598290
606.488037,2.615387,0.295483,2.212133,0.007326,-0.598290
606.498413,2.586082,0.290599,2.212133,0.007326,-0.598290
606.508789,2.571430,0.280830,2.212133,0.007326,-0.603174
606.519897,2.659344,0.261295,2.212133,0.021978,-0.603174
606.531006,2.717949,0.271063,2.212133,0.007326,-0.603174
606.541748,2.703297,0.285715,2.212133,0.007326,-0.603174
606.552856,2.673996,0.295483,2.212133,-0.007328,-0.603174
606.563171,2.644691,0.295483,2.212133,0.007326,-0.608059
606.574219,2.688644,0.280830,2.212133,0.007326,-0.608059
606.584961,2.717949,0.271063,2.212133,0.007326,-0.608059
606.596069,2.732601,0.261295,2.211751,-0.007328,-0.603174
606.607178,2.761906,0.271063,2.212133,-0.007328,-0.608059
606.617859,2.703297,0.280830,2.212133,0.007326,-0.612943
606.628601,2.688644,0.271063,2.212133,0.021978,-0.612943
606.639343,2.673996,0.261295,2.212133,0.007326,-0.612943
606.650391,2.703297,0.251527,2.212133,0.007326,-0.612943
606.661133,2.717949,0.251527,2.212133,0.007326,-0.612943
606.671875,2.659344,0.261295,2.212133,0.007326,-0.612943
606.682983,2.688644,0.241758,2.212133,0.007326,-0.612943
606.693726,2.673996,0.241758,2.212133,0.007326,-0.608059
606.704834,2.732601,0.227107,2.212133,-0.007328,-0.608059
606.715576,2.703297,0.246643,2.212133,0.007326,-0.612943
606.726318,2.673996,0.231991,2.212133,0.007326,-0.612943
606.737061,2.688644,0.236875,2.212133,-0.007328,-0.612943
606.747803,2.688644,0.231991,2.212133,0.021978,-0.617826
606.758911,2.703297,0.236875,2.212133,0.021978,-0.617826
606.769287,2.644691,0.251527,2.212133,0.021978,-0.612943
606.780029,2.644691,0.241758,2.212133,0.007326,-0.612943
606.790771,2.688644,0.246643,2.212133,0.007326,-0.617826
606.801880,2.673996,0.246643,2.212133,-0.007328,-0.622710
606.812622,2.717949,0.236875,2.212133,0.007326,-0.622710
606.823730,2.703297,0.241758,2.212133,0.021978,-0.622710
606.834473,2.703297,0.241758,2.212133,0.007326,-0.617826
606.845215,2.688644,0.256411,2.212133,0.007326,-0.622710
606.855957,2.644691,0.251527,2.212133,-0.007328,-0.622710
606.866699,2.673996,0.241758,2.212133,0.021978,-0.627595
606.877441,2.659344,0.246643,2.212133,0.007326,-0.627595
606.888550,2.703297,0.246643,2.212133,0.007326,-0.627595
606.898926,2.659344,0.256411,2.212133,0.007326,-0.627595
606.910034,2.673996,0.246643,2.212133,0.007326,-0.627595
606.920776,2.688644,0.251527,2.212133,0.007326,-0.627595
606.931519,2.688644,0.246643,2.212133,0.021978,-0.632479
606.942627,2.703297,0.251527,2.212133,0.007326,-0.627595
606.953369,2.688644,0.256411,2.212133,0.007326,-0.627595
606.964111,2.673996,0.256411,2.212133,0.021978,-0.632479
606.974854,2.630039,0.256411,2.212133,0.007326,-0.632479
606.985596,2.644691,0.266179,2.212133,0.007326,-0.632479
606.996277,2.659344,0.251527,2.212133,0.007326,-0.632479
607.006592,2.644691,0.266179,2.212133,0.007326,-0.642246
607.017273,2.644691,0.271063,2.212133,0.007326,-0.642246
607.027954,2.615387,0.271063,2.212133,0.007326,-0.642246
607.038269,2.615387,0.266179,2.212133,-0.007328,-0.642246
607.048950,2.644691,0.256411,2.212133,0.007326,-0.642246
607.059326,2.630039,0.271063,2.212133,0.007326,-0.642246
607.070007,2.615387,0.280830,2.212133,-0.007328,-0.642246
607.080322,2.586082,0.285715,2.212133,0.021978,-0.652015
607.090271,2.542126,0.280830,2.212133,0.007326,-0.652015
607.100586,2.586082,0.275947,2.212133,0.007326,-0.647131
607.111328,2.615387,0.280830,2.212133,0.021978,-0.647131
607.121704,2.586082,0.295483,2.212133,0.007326,-0.647131
607.132019,2.556778,0.300367,2.212133,-0.007328,-0.647131
607.141968,2.527473,0.305251,2.212133,0.007326,-0.652015
607.152283,2.556778,0.295483,2.212133,0.007326,-0.656898
607.162964,2.600735,0.290599,2.212133,0.007326,-0.656898
607.173279,2.615387,0.295483,2.212133,-0.007328,-0.656898
607.183960,2.615387,0.310135,2.212133,0.007326,-0.652015
607.194275,2.586082,0.319902,2.212133,0.007326,-0.656898
607.204956,2.630039,0.305251,2.212133,0.007326,-0.656898
607.215332,2.615387,0.300367,2.212133,0.007326,-0.656898
607.226440,2.659344,0.290599,2.212133,0.007326,-0.656898
607.237183,2.703297,0.300367,2.212133,-0.007328,-0.656898
607.247925,2.688644,0.310135,2.212133,0.007326,-0.661782
607.258667,2.644691,0.305251,2.212133,0.007326,-0.666667
607.269409,2.688644,0.285715,2.212133,0.021978,-0.661782
607.280884,2.732601,0.266179,2.212133,0.007326,-0.661782
607.291992,2.776558,0.271063,2.212133,0.007326,-0.661782
607.302734,2.732601,0.285715,2.212133,-0.007328,-0.661782
607.313477,2.688644,0.275947,2.212133,0.007326,-0.666667
607.324219,2.659344,0.275947,2.212133,0.007326,-0.666667
607.335327,2.688644,0.241758,2.212133,0.021978,-0.671551
607.346069,2.703297,0.251527,2.212133,0.007326,-0.666667
607.357178,2.717949,0.241758,2.212133,0.007326,-0.671551
607.367920,2.688644,0.251527,2.212133,0.021978,-0.671551
607.378662,2.659344,0.251527,2.212133,0.007326,-0.671551
607.388245,2.688644,0.236875,2.212133,0.007326,-0.676435
607.400085,2.673996,0.241758,2.212133,0.007326,-0.676435
607.410828,2.673996,0.236875,2.212133,0.007326,-0.676435
607.421570,2.659344,0.251527,2.212133,-0.007328,-0.676435
607.431885,2.630039,0.256411,2.212133,0.007326,-0.681318
607.442566,2.600735,0.251527,2.212133,0.007326,-0.681318
607.452881,2.600735,0.256411,2.212133,0.007326,-0.676435
607.463257,2.571430,0.241758,2.212133,0.007326,-0.681318
607.473572,2.586082,0.251527,2.212133,0.007326,-0.691087
607.483887,2.556778,0.266179,2.212133,0.007326,-0.686203
607.494263,2.571430,0.256411,2.212133,0.007326,-0.686203
607.504211,2.527473,0.275947,2.212133,0.021978,-0.686203
607.514893,2.542126,0.261295,2.212133,0.007326,-0.686203
607.524841,2.556778,0.285715,2.212133,0.021978,-0.686203
607.535095,2.527473,0.300367,2.212133,-0.007328,-0.691087
607.545349,2.542126,0.285715,2.212133,0.021978,-0.686203
607.555664,2.542126,0.300367,2.212133,0.007326,-0.686203
607.565979,2.571430,0.305251,2.212133,-0.007328,-0.686203
607.576233,2.600735,0.305251,2.212133,0.007326,-0.691087
607.586548,2.571430,0.319902,2.212133,0.007326,-0.700854
607.596924,2.571430,0.319902,2.212133,0.007326,-0.700854
607.607300,2.542126,0.324787,2.212133,0.007326,-0.700854
607.617615,2.542126,0.324787,2.212133,0.007326,-0.700854
607.627869,2.586082,0.300367,2.212133,-0.007328,-0.700854
607.638123,2.556778,0.315019,2.212133,0.007326,-0.700854
607.648438,2.571430,0.315019,2.212133,0.007326,-0.705739
607.658752,2.556778,0.329671,2.212133,0.007326,-0.705739
607.668640,2.512821,0.319902,2.212133,0.007326,-0.705739
607.678894,2.556778,0.305251,2.212133,0.007326,-0.705739
607.689148,2.556778,0.305251,2.212133,0.007326,-0.705739
607.699463,2.586082,0.310135,2.212133,0.007326,-0.705739
607.709839,2.571430,0.329671,2.212133,0.007326,-0.710623
607.719788,2.512821,0.329671,2.212133,0.007326,-0.710623
607.730042,2.542126,0.319902,2.212133,0.021978,-0.705739
607.740356,2.571430,0.310135,2.212133,-0.007328,-0.705739
607.750732,2.600735,0.305251,2.212133,0.007326,-0.705739
607.761414,2.600735,0.315019,2.212133,0.007326,-0.710623
607.771301,2.527473,0.329671,2.212133,0.021978,-0.715507
607.781616,2.542126,0.315019,2.212133,0.007326,-0.715507
607.791931,2.542126,0.310135,2.212133,0.007326,-0.710623
607.802246,2.571430,0.290599,2.212133,0.007326,-0.715507
607.812988,2.630039,0.300367,2.212133,0.007326,-0.715507
607.823303,2.586082,0.310135,2.212133,0.007326,-0.715507
607.833618,2.571430,0.305251,2.212133,0.021978,-0.715507
607.843933,2.571430,0.300367,2.212133,0.007326,-0.720390
607.854187,2.586082,0.280830,2.212133,0.007326,-0.720390
607.865295,2.659344,0.280830,2.212133,0.007326,-0.715507
607.875977,2.644691,0.295483,2.212514,0.021978,-0.720390
607.886292,2.615387,0.310135,2.212133,0.007326,-0.720390
607.896545,2.600735,0.300367,2.212133,0.021978,-0.720390
607.907227,2.630039,0.285715,2.212133,0.007326,-0.720390
607.917969,2.673996,0.271063,2.212133,0.007326,-0.720390
607.929077,2.703297,0.290599,2.212514,0.007326,-0.725275
607.939758,2.688644,0.295483,2.212514,0.007326,-0.725275
607.950500,2.659344,0.300367,2.212514,-0.007328,-0.725275
607.961182,2.630039,0.280830,2.212514,0.007326,-0.730159
607.972290,2.717949,0.266179,2.212514,0.021978,-0.730159
607.983398,2.747253,0.261295,2.212514,-0.007328,-0.730159
607.994507,2.761906,0.266179,2.212514,0.007326,-0.735043
608.005249,2.688644,0.285715,2.212514,-0.007328,-0.730159
608.015991,2.673996,0.266179,2.212514,0.007326,-0.730159
608.026672,2.688644,0.261295,2.212514,0.007326,-0.735043
608.037781,2.717949,0.246643,2.212514,0.021978,-0.735043
608.048889,2.747253,0.251527,2.212514,0.007326,-0.735043
608.059570,2.732601,0.266179,2.212514,0.007326,-0.735043
608.070679,2.703297,0.251527,2.212514,0.021978,-0.735043
608.081787,2.717949,0.251527,2.212514,0.036631,-0.739926
608.092529,2.717949,0.227107,2.212514,0.007326,-0.735043
608.103638,2.732601,0.241758,2.212514,0.007326,-0.735043
608.114014,2.673996,0.246643,2.212514,0.007326,-0.739926
608.124756,2.673996,0.231991,2.212514,0.021978,-0.744811
608.135437,2.630039,0.246643,2.212514,0.007326,-0.744811
608.146118,2.630039,0.227107,2.212514,0.007326,-0.744811
608.156860,2.644691,0.236875,2.212514,0.021978,-0.744811
608.167175,2.615387,0.236875,2.212514,-0.007328,-0.744811
608.177856,2.615387,0.241758,2.212514,0.007326,-0.739926
608.187805,2.586082,0.251527,2.212514,0.007326,-0.744811
608.198486,2.586082,0.236875,2.212514,0.021978,-0.749695
608.209229,2.630039,0.241758,2.212514,0.007326,-0.744811
608.219604,2.644691,0.241758,2.212514,0.007326,-0.744811
608.230347,2.644691,0.246643,2.212514,0.007326,-0.749695
608.241028,2.615387,0.271063,2.212514,0.007326,-0.749695
608.251282,2.600735,0.261295,2.212514,0.007326,-0.754579
608.261597,2.615387,0.261295,2.212514,0.021978,-0.754579
608.272278,2.615387,0.256411,2.212514,0.007326,-0.754579
608.283020,2.673996,0.261295,2.212514,0.021978,-0.754579
608.293640,2.615387,0.280830,2.212514,0.021978,-0.754579
608.303955,2.630039,0.275947,2.212514,0.007326,-0.749695
608.314270,2.586082,0.285715,2.212514,0.007326,-0.754579
608.325012,2.615387,0.271063,2.212514,0.007326,-0.759462
608.335693,2.659344,0.275947,2.212514,0.007326,-0.759462
608.346436,2.630039,0.280830,2.212514,0.007326,-0.764347
608.357178,2.630039,0.280830,2.212514,0.021978,-0.759462
608.367920,2.644691,0.280830,2.212514,-0.007328,-0.759462
608.378662,2.673996,0.275947,2.212514,0.021978,-0.759462
608.389404,2.673996,0.275947,2.212514,-0.007328,-0.764347
608.400146,2.644691,0.285715,2.212514,0.007326,-0.764347
608.410461,2.630039,0.280830,2.212514,0.021978,-0.764347
608.421143,2.630039,0.285715,2.212514,-0.007328,-0.759462
608.431824,2.644691,0.271063,2.212514,0.021978,-0.764347
608.442505,2.717949,0.266179,2.212514,0.007326,-0.769231
608.453613,2.688644,0.275947,2.212514,0.007326,-0.764347
608.464294,2.688644,0.285715,2.212514,0.021978,-0.769231
608.474609,2.615387,0.290599,2.212514,0.021978,-0.769231
608.485352,2.615387,0.266179,2.212514,0.007326,-0.769231
608.496094,2.673996,0.251527,2.212514,0.007326,-0.769231
608.507202,2.703297,0.251527,2.212514,0.021978,-0.769231
608.517944,2.688644,0.261295,2.212896,0.007326,-0.769231
608.528625,2.659344,0.271063,2.212514,0.007326,-0.769231
608.539307,2.644691,0.256411,2.212514,0.007326,-0.774115
608.550049,2.688644,0.246643,2.212514,0.007326,-0.774115
608.560791,2.673996,0.246643,2.212514,0.007326,-0.774115
608.571899,2.703297,0.241758,2.212514,0.007326,-0.774115
608.582642,2.673996,0.266179,2.212514,0.007326,-0.774115
608.593384,2.659344,0.261295,2.212514,0.007326,-0.774115
608.604126,2.673996,0.261295,2.212514,0.021978,-0.774115
608.615234,2.703297,0.241758,2.212514,0.007326,-0.774115
608.626709,2.791210,0.241758,2.212514,-0.007328,-0.774115
608.637451,2.732601,0.271063,2.212514,0.007326,-0.778998
608.647827,2.659344,0.271063,2.212514,0.021978,-0.778998
608.658569,2.644691,0.266179,2.212514,0.021978,-0.778998
608.669678,2.703297,0.231991,2.212514,0.007326,-0.774115
608.681152,2.805862,0.231991,2.212896,0.021978,-0.774115
608.692627,2.805862,0.246643,2.212896,0.007326,-0.778998
608.703369,2.776558,0.256411,2.212514,-0.007328,-0.774115
608.714111,2.717949,0.261295,2.212896,0.021978,-0.778998
608.725220,2.703297,0.241758,2.212896,0.007326,-0.778998
608.736328,2.747253,0.231991,2.212896,0.007326,-0.778998
608.747070,2.732601,0.227107,2.212896,0.021978,-0.783883
608.758179,2.747253,0.231991,2.212896,0.021978,-0.783883
608.769287,2.688644,0.236875,2.212896,0.007326,-0.783883
608.780029,2.717949,0.231991,2.212896,0.021978,-0.783883
608.791138,2.703297,0.227107,2.212896,0.007326,-0.778998
608.802246,2.717949,0.212455,2.212896,0.007326,-0.778998
608.812988,2.732601,0.217339,2.212514,0.007326,-0.783883
608.823730,2.703297,0.227107,2.212896,0.021978,-0.788767
608.834839,2.688644,0.217339,2.212896,0.007326,-0.783883
608.845581,2.717949,0.222223,2.212896,-0.007328,-0.778998
608.856689,2.703297,0.222223,2.212896,-0.007328,-0.778998
608.867798,2.688644,0.236875,2.212896,0.007326,-0.788767
608.878113,2.615387,0.246643,2.212896,0.021978,-0.783883
608.888428,2.644691,0.231991,2.212896,-0.007328,-0.778998
608.899170,2.615387,0.241758,2.212896,0.021978,-0.783883
608.909912,2.659344,0.222223,2.212896,0.007326,-0.788767
608.920654,2.659344,0.241758,2.212896,0.021978,-0.788767
608.931396,2.644691,0.256411,2.212896,0.007326,-0.783883
608.941772,2.630039,0.251527,2.212896,-0.007328,-0.783883
608.952454,2.630039,0.261295,2.212896,0.021978,-0.788767
608.963135,2.644691,0.241758,2.212896,0.021978,-0.788767
608.973816,2.673996,0.246643,2.212896,0.007326,-0.788767
608.984497,2.673996,0.251527,2.212896,0.007326,-0.788767
608.995605,2.659344,0.256411,2.212896,0.007326,-0.788767
609.005981,2.659344,0.271063,2.212896,0.007326,-0.788767
609.016724,2.659344,0.251527,2.212896,0.007326,-0.788767
609.027832,2.688644,0.261295,2.212896,0.021978,-0.793651
609.038574,2.717949,0.251527,2.212896,-0.007328,-0.793651
609.049683,2.732601,0.266179,2.212896,0.007326,-0.793651
609.060425,2.659344,0.271063,2.212896,-0.007328,-0.788767
609.071167,2.703297,0.261295,2.212896,0.021978,-0.788767
609.082275,2.688644,0.261295,2.212896,0.007326,-0.788767
609.093323,2.761906,0.246643,2.212896,0.007326,-0.788767
609.104370,2.747253,0.266179,2.212896,0.021978,-0.788767
609.115112,2.688644,0.266179,2.212896,-0.007328,-0.788767
609.125854,2.703297,0.261295,2.212896,0.007326,-0.788767
609.136963,2.703297,0.246643,2.212896,0.007326,-0.788767
609.148071,2.747253,0.236875,2.212896,0.007326,-0.788767
609.159180,2.776558,0.231991,2.212896,0.021978,-0.788767
609.169922,2.732601,0.241758,2.212896,0.007326,-0.788767
609.181030,2.703297,0.236875,2.212896,0.007326,-0.788767
609.191772,2.688644,0.231991,2.212896,0.007326,-0.793651
609.202881,2.747253,0.207571,2.212896,0.007326,-0.788767
609.213989,2.747253,0.217339,2.212896,0.007326,-0.788767
609.225098,2.761906,0.217339,2.212896,-0.007328,-0.788767
609.235779,2.703297,0.236875,2.212896,0.007326,-0.793651
609.246399,2.688644,0.222223,2.212896,0.007326,-0.798534
609.257874,2.747253,0.202686,2.212896,0.021978,-0.793651
609.268921,2.776558,0.197803,2.212896,0.007326,-0.788767
609.280396,2.820515,0.207571,2.212896,-0.007328,-0.788767
609.291138,2.732601,0.231991,2.212896,0.007326,-0.788767
609.302246,2.717949,0.227107,2.212896,0.021978,-0.788767
609.313293,2.747253,0.222223,2.212896,0.007326,-0.783883
609.324768,2.791210,0.212455,2.212896,0.007326,-0.783883
609.335876,2.820515,0.227107,2.212896,0.021978,-0.783883
609.346985,2.761906,0.241758,2.212896,-0.021980,-0.783883
609.357666,2.717949,0.236875,2.212896,0.021978,-0.788767
609.368774,2.717949,0.236875,2.212896,0.021978,-0.788767
609.379517,2.717949,0.222223,2.212896,0.007326,-0.783883
609.390991,2.761906,0.222223,2.212896,0.021978,-0.783883
609.401733,2.717949,0.231991,2.212896,0.007326,-0.783883
609.412842,2.747253,0.227107,2.212896,0.021978,-0.783883
609.423584,2.717949,0.231991,2.212896,0.007326,-0.783883
609.435059,2.761906,0.207571,2.212896,0.007326,-0.778998
609.446167,2.776558,0.217339,2.212896,0.021978,-0.778998
609.456909,2.732601,0.222223,2.212896,0.007326,-0.778998
609.468018,2.747253,0.222223,2.212896,-0.007328,-0.778998
609.479126,2.717949,0.222223,2.212896,0.007326,-0.783883
609.490234,2.747253,0.202686,2.212896,0.007326,-0.783883
609.501343,2.776558,0.222223,2.212896,0.007326,-0.778998
609.512451,2.717949,0.222223,2.212896,0.007326,-0.778998
609.523193,2.703297,0.236875,2.212896,0.007326,-0.774115
609.533875,2.659344,0.231991,2.212896,-0.007328,-0.774115
609.544922,2.688644,0.217339,2.212896,0.021978,-0.774115
609.555664,2.659344,0.227107,2.212896,0.007326,-0.774115
609.566406,2.673996,0.227107,2.212896,0.007326,-0.769231
609.577148,2.673996,0.241758,2.212896,0.007326,-0.774115
609.587891,2.659344,0.231991,2.212896,-0.007328,-0.774115
609.598633,2.673996,0.241758,2.212896,0.007326,-0.774115
609.609375,2.659344,0.236875,2.212896,0.007326,-0.774115
609.620117,2.673996,0.231991,2.212896,-0.007328,-0.769231
609.630859,2.673996,0.241758,2.212896,0.007326,-0.769231
609.641602,2.644691,0.246643,2.212896,-0.007328,-0.769231
609.651978,2.659344,0.246643,2.212896,0.007326,-0.769231
609.663086,2.644691,0.246643,2.212896,0.007326,-0.769231
609.673828,2.659344,0.236875,2.212896,0.007326,-0.769231
609.684570,2.659344,0.251527,2.212896,-0.007328,-0.769231
609.695313,2.673996,0.246643,2.212896,0.007326,-0.769231
609.705994,2.673996,0.246643,2.212896,0.007326,-0.764347
609.717102,2.688644,0.241758,2.212896,-0.021980,-0.764347
609.728149,2.747253,0.236875,2.212896,0.007326,-0.769231
609.739258,2.732601,0.251527,2.212896,-0.007328,-0.764347
609.750366,2.732601,0.246643,2.212896,0.021978,-0.764347
609.761047,2.703297,0.261295,2.212896,0.007326,-0.764347
609.772095,2.717949,0.251527,2.212896,0.007326,-0.759462
609.783203,2.776558,0.241758,2.212896,0.007326,-0.759462
609.794678,2.791210,0.246643,2.212896,-0.007328,-0.764347
609.805786,2.805862,0.246643,2.212896,0.021978,-0.769231
609.816895,2.747253,0.266179,2.212896,-0.007328,-0.759462
609.827637,2.703297,0.251527,2.212896,0.007326,-0.764347
609.838745,2.717949,0.236875,2.212896,-0.007328,-0.759462
609.849854,2.761906,0.217339,2.212896,0.007326,-0.759462
609.861328,2.791210,0.217339,2.212896,0.021978,-0.759462
609.872070,2.761906,0.227107,2.212896,0.007326,-0.759462
609.883179,2.761906,0.217339,2.212896,0.021978,-0.759462
609.894287,2.747253,0.212455,2.212896,0.007326,-0.754579
609.905396,2.776558,0.202686,2.212896,0.021978,-0.754579
609.916870,2.776558,0.207571,2.212896,0.021978,-0.759462
609.927612,2.747253,0.217339,2.212896,-0.007328,-0.754579
609.938721,2.732601,0.212455,2.212896,0.007326,-0.754579
609.949829,2.747253,0.217339,2.212896,0.021978,-0.754579
609.961243,2.805862,0.202686,2.212896,0.021978,-0.754579
609.972656,2.820515,0.217339,2.212896,0.021978,-0.754579
609.983398,2.805862,0.217339,2.212896,-0.007328,-0.754579
609.994507,2.747253,0.227107,2.212896,0.007326,-0.749695
610.005249,2.703297,0.231991,2.212896,0.007326,-0.749695
610.016724,2.747253,0.202686,2.212896,0.021978,-0.749695
610.027832,2.776558,0.207571,2.212896,-0.007328,-0.744811
610.039307,2.835167,0.202686,2.212896,-0.007328,-0.749695
610.050720,2.820515,0.227107,2.212896,0.007326,-0.749695
610.061401,2.732601,0.231991,2.212896,0.021978,-0.749695
610.072510,2.776558,0.236875,2.212896,0.007326,-0.744811
610.083557,2.732601,0.236875,2.212896,0.007326,-0.744811
610.094238,2.732601,0.236875,2.212896,-0.007328,-0.739926
610.104919,2.703297,0.241758,2.212896,0.007326,-0.739926
610.115601,2.673996,0.241758,2.212896,0.007326,-0.744811
610.126709,2.703297,0.231991,2.212896,0.007326,-0.744811
610.137756,2.688644,0.236875,2.212896,0.007326,-0.744811
610.148804,2.747253,0.222223,2.212896,-0.007328,-0.735043
610.159546,2.717949,0.241758,2.212896,0.021978,-0.739926
610.170654,2.717949,0.227107,2.212896,-0.007328,-0.735043
610.181335,2.717949,0.231991,2.212896,0.007326,-0.739926
610.192383,2.688644,0.222223,2.212896,-0.007328,-0.739926
610.203125,2.717949,0.227107,2.212896,0.021978,-0.739926
