½Ç¶Èrad,½ÇËÙ¶Èrad/s,Å¤¾ØNm,I3,I4,I5
106.810760,-0.021978,0.036631,2.353660,-0.007328,-0.534799
106.811142,-0.007326,0.031747,2.353660,0.007326,-0.539682
106.810760,-0.021978,0.026863,2.353660,0.021978,-0.539682
106.810760,-0.007326,0.021978,2.353660,0.007326,-0.534799
106.810760,-0.007326,0.017095,2.353660,0.007326,-0.539682
106.810760,-0.007326,0.017095,2.353660,0.007326,-0.539682
106.810760,-0.021978,0.017095,2.353660,0.021978,-0.534799
106.810760,-0.007326,0.012211,2.353660,0.007326,-0.539682
106.810760,0.007328,0.012211,2.353660,0.021978,-0.534799
106.811142,0.021980,0.017095,2.353660,0.007326,-0.534799
106.810760,-0.007326,0.017095,2.353660,-0.007328,-0.539682
106.810760,-0.021978,0.017095,2.353660,0.007326,-0.544566
106.810760,-0.007326,0.017095,2.353660,0.007326,-0.544566
106.811142,-0.007326,0.017095,2.353660,0.007326,-0.544566
106.810760,-0.007326,0.021978,2.353660,0.021978,-0.544566
106.810760,-0.021978,0.021978,2.353660,0.007326,-0.539682
106.810760,-0.021978,0.017095,2.353660,0.021978,-0.544566
106.811142,0.007328,0.017095,2.353660,0.007326,-0.544566
106.810760,-0.021978,0.021978,2.353660,0.021978,-0.544566
106.810760,-0.007326,0.021978,2.353660,0.021978,-0.544566
106.811142,0.007328,0.021978,2.353660,0.007326,-0.544566
106.810760,-0.007326,0.026863,2.353660,0.007326,-0.544566
106.810760,-0.021978,0.026863,2.353660,0.021978,-0.544566
106.810760,0.007328,0.031747,2.353660,0.007326,-0.544566
106.810760,-0.007326,0.036631,2.353660,0.007326,-0.549451
106.810760,0.007328,0.036631,2.353660,0.021978,-0.549451
106.810760,-0.021978,0.041514,2.353660,-0.007328,-0.544566
106.810760,-0.007326,0.041514,2.353660,0.007326,-0.549451
106.811142,-0.007326,0.041514,2.353660,0.021978,-0.549451
106.811142,-0.007326,0.041514,2.353660,-0.007328,-0.544566
106.810760,-0.007326,0.041514,2.353660,0.021978,-0.544566
106.811142,0.007328,0.041514,2.353660,-0.007328,-0.539682
106.810760,-0.036631,0.041514,2.353660,0.021978,-0.539682
106.810760,-0.007326,0.041514,2.353660,0.021978,-0.539682
106.810760,-0.007326,0.036631,2.353660,0.007326,-0.539682
106.810760,-0.021978,0.031747,2.353660,-0.007328,-0.539682
106.810760,-0.007326,0.031747,2.353660,0.007326,-0.544566
106.810760,-0.007326,0.031747,2.353660,0.007326,-0.544566
106.811142,0.007328,0.026863,2.353660,0.007326,-0.539682
106.811142,0.007328,0.026863,2.353660,0.007326,-0.544566
106.811142,0.007328,0.021978,2.353660,0.007326,-0.539682
106.810760,-0.007326,0.021978,2.353660,0.007326,-0.539682
106.810760,-0.007326,0.021978,2.353660,0.007326,-0.534799
106.810760,-0.021978,0.017095,2.353660,0.007326,-0.539682
106.811142,0.007328,0.017095,2.353660,0.007326,-0.544566
106.810760,-0.007326,0.017095,2.353660,0.007326,-0.544566
106.810760,-0.007326,0.012211,2.353660,-0.007328,-0.539682
106.810760,-0.007326,0.012211,2.353660,0.007326,-0.539682
106.810760,0.007328,0.012211,2.353660,0.007326,-0.539682
106.810760,-0.021978,0.012211,2.353660,0.007326,-0.544566
106.810760,-0.007326,0.012211,2.353660,0.007326,-0.544566
106.810760,-0.007326,0.017095,2.353660,0.007326,-0.539682
106.810760,0.007328,0.017095,2.353660,0.007326,-0.544566
106.810760,-0.021978,0.021978,2.353660,0.007326,-0.539682
106.810760,-0.007326,0.021978,2.353660,0.007326,-0.544566
106.810760,-0.007326,0.026863,2.353660,0.021978,-0.544566
106.810760,-0.007326,0.031747,2.353660,0.007326,-0.539682
106.810760,-0.007326,0.036631,2.353660,0.007326,-0.544566
106.811142,0.007328,0.065935,2.353660,0.007326,-0.539682
106.811142,0.021980,0.109891,2.353660,0.021978,-0.539682
106.811523,0.051285,0.163614,2.353660,0.007326,-0.539682
106.811523,0.036633,0.227107,2.353660,0.007326,-0.539682
106.812286,0.095240,0.295483,2.353660,0.007326,-0.544566
106.812668,0.109892,0.354091,2.353660,-0.007328,-0.539682
106.813812,0.183151,0.398046,2.353660,0.007326,-0.544566
106.815338,0.300367,0.451771,2.353660,0.007326,-0.544566
106.817245,0.402931,0.510379,2.353660,0.007326,-0.544566
106.819534,0.505497,0.534800,2.353660,0.007326,-0.544566
106.821823,0.564104,0.539683,2.353660,0.007326,-0.544566
106.824493,0.622713,0.515263,2.353660,0.036631,-0.544566
106.827545,0.681320,0.485959,2.353660,-0.007328,-0.539682
106.831360,0.842493,0.485959,2.353660,0.021978,-0.544566
106.835175,0.945057,0.510379,2.353660,0.007326,-0.539682
106.840134,1.062273,0.505495,2.353660,0.007326,-0.539682
106.844711,1.135532,0.495728,2.353660,-0.007328,-0.544566
106.850052,1.223446,0.490843,2.353660,0.021978,-0.544566
106.855774,1.340660,0.481075,2.353660,-0.007328,-0.544566
106.861877,1.443226,0.481075,2.353660,0.007326,-0.544566
106.867599,1.472528,0.481075,2.353660,-0.007328,-0.544566
106.874084,1.545790,0.490843,2.353660,0.007326,-0.544566
106.881332,1.721613,0.461539,2.353660,0.007326,-0.539682
106.888962,1.838829,0.461539,2.353660,-0.007328,-0.539682
106.896973,1.882786,0.500611,2.353660,0.007326,-0.539682
106.904984,1.985350,0.515263,2.353660,0.007326,-0.539682
106.913376,2.073261,0.520147,2.353660,0.007326,-0.539682
106.921768,2.058609,0.534800,2.353660,0.021978,-0.534799
106.930923,2.175827,0.539683,2.353660,0.007326,-0.534799
106.940460,2.336998,0.529915,2.353660,0.007326,-0.539682
106.950760,2.454216,0.539683,2.353660,-0.007328,-0.534799
106.961060,2.527473,0.559219,2.353660,0.007326,-0.534799
106.971359,2.600735,0.564103,2.353660,0.007326,-0.534799
106.982422,2.644691,0.549451,2.353660,0.007326,-0.539682
106.993484,2.747253,0.529915,2.353660,0.007326,-0.534799
107.005310,2.849819,0.525031,2.353660,-0.007328,-0.534799
107.017517,2.952381,0.500611,2.353660,0.007326,-0.534799
107.029343,2.981686,0.490843,2.353660,-0.007328,-0.529915
107.041550,2.996338,0.471307,2.353660,-0.007328,-0.529915
107.053757,3.040295,0.466423,2.353660,-0.007328,-0.529915
107.066727,3.142860,0.442003,2.353660,0.007326,-0.529915
107.080078,3.245422,0.446887,2.353660,0.007326,-0.529915
107.093430,3.304031,0.442003,2.353660,-0.007328,-0.525030
107.106400,3.318684,0.446887,2.353660,0.021978,-0.525030
107.120514,3.391945,0.417583,2.353660,0.007326,-0.525030
107.134247,3.435898,0.412699,2.353660,0.021978,-0.525030
107.147980,3.435898,0.398046,2.353660,-0.007328,-0.520146
107.161713,3.450550,0.358974,2.353660,0.007326,-0.525030
107.175827,3.479855,0.324787,2.353660,0.007326,-0.525030
107.190323,3.523811,0.315019,2.353660,0.007326,-0.525030
107.204437,3.523811,0.300367,2.353660,0.007326,-0.525030
107.216263,3.509159,0.290599,2.353660,0.021978,-0.520146
107.232666,3.494507,0.251527,2.353660,-0.021980,-0.520146
107.246017,3.465202,0.246643,2.353278,0.007326,-0.525030
107.259750,3.450550,0.231991,2.353660,0.007326,-0.520146
107.273483,3.391945,0.217339,2.353660,0.007326,-0.520146
107.286453,3.347988,0.217339,2.353660,0.036631,-0.520146
107.299805,3.304031,0.202686,2.353660,-0.007328,-0.520146
107.313156,3.318684,0.217339,2.353660,0.007326,-0.525030
107.326126,3.304031,0.217339,2.353660,0.007326,-0.525030
107.339478,3.304031,0.217339,2.353278,0.021978,-0.525030
107.352829,3.318684,0.212455,2.353660,-0.007328,-0.525030
107.366562,3.391945,0.222223,2.353660,0.021978,-0.525030
107.380676,3.421246,0.236875,2.353660,0.007326,-0.525030
107.394791,3.509159,0.256411,2.353660,-0.007328,-0.525030
107.408905,3.538464,0.280830,2.353660,0.007326,-0.525030
107.422638,3.465202,0.319902,2.353660,0.021978,-0.525030
107.435989,3.362640,0.339439,2.353660,0.007326,-0.525030
107.449341,3.333336,0.339439,2.353660,0.007326,-0.525030
107.462311,3.318684,0.349207,2.353660,0.007326,-0.525030
107.476044,3.377293,0.334555,2.353660,0.007326,-0.525030
107.490540,3.450550,0.334555,2.353660,-0.007328,-0.525030
107.503891,3.450550,0.354091,2.353660,0.007326,-0.525030
107.517624,3.435898,0.334555,2.353660,0.021978,-0.529915
107.531357,3.435898,0.324787,2.353660,0.007326,-0.529915
107.545471,3.479855,0.319902,2.353660,-0.007328,-0.529915
107.559586,3.465202,0.315019,2.353660,0.007326,-0.529915
107.573318,3.479855,0.285715,2.353660,0.007326,-0.529915
107.587433,3.494507,0.266179,2.353660,0.021978,-0.529915
107.601547,3.509159,0.275947,2.353660,0.007326,-0.529915
107.615280,3.465202,0.261295,2.353660,0.007326,-0.529915
107.629013,3.494507,0.246643,2.353660,0.007326,-0.529915
107.643127,3.465202,0.236875,2.353660,0.007326,-0.529915
107.656860,3.465202,0.236875,2.353660,-0.007328,-0.529915
107.670975,3.450550,0.222223,2.353660,0.021978,-0.529915
107.684708,3.450550,0.222223,2.353660,-0.007328,-0.525030
107.698441,3.435898,0.212455,2.353660,0.021978,-0.534799
107.712173,3.421246,0.212455,2.353660,-0.007328,-0.529915
107.725525,3.421246,0.217339,2.353660,0.007326,-0.534799
107.738876,3.362640,0.236875,2.353660,0.021978,-0.539682
107.752991,3.391945,0.217339,2.353278,0.007326,-0.534799
107.766724,3.391945,0.231991,2.353660,0.007326,-0.539682
107.780075,3.406593,0.241758,2.353660,0.007326,-0.539682
107.793427,3.377293,0.251527,2.353660,0.007326,-0.539682
107.807159,3.362640,0.275947,2.353660,0.007326,-0.539682
107.820129,3.318684,0.280830,2.353660,-0.007328,-0.539682
107.833862,3.347988,0.275947,2.353660,0.021978,-0.544566
107.846832,3.318684,0.290599,2.353660,-0.007328,-0.544566
107.860565,3.333336,0.295483,2.353660,0.007326,-0.549451
107.873535,3.318684,0.305251,2.353660,0.007326,-0.544566
107.887268,3.347988,0.300367,2.353660,0.007326,-0.549451
107.900238,3.333336,0.319902,2.353660,0.021978,-0.549451
107.913589,3.318684,0.319902,2.353660,-0.007328,-0.554335
107.926941,3.304031,0.319902,2.353660,0.007326,-0.554335
107.940292,3.333336,0.324787,2.353660,-0.007328,-0.554335
107.953644,3.318684,0.329671,2.353660,0.007326,-0.559218
107.966995,3.318684,0.334555,2.353660,0.007326,-0.559218
107.979965,3.274727,0.329671,2.353660,0.007326,-0.559218
107.993698,3.333336,0.334555,2.353660,-0.007328,-0.559218
108.007050,3.347988,0.319902,2.353660,-0.007328,-0.559218
108.020401,3.362640,0.329671,2.353660,0.021978,-0.564102
108.034515,3.362640,0.329671,2.353660,0.007326,-0.564102
108.047867,3.377293,0.324787,2.353660,0.007326,-0.568987
108.061218,3.406593,0.319902,2.353660,0.007326,-0.564102
108.074951,3.421246,0.329671,2.353660,0.007326,-0.568987
108.088303,3.406593,0.324787,2.353660,-0.007328,-0.573871
108.102417,3.421246,0.315019,2.353660,0.007326,-0.568987
108.116531,3.479855,0.285715,2.353660,0.007326,-0.573871
108.130646,3.494507,0.285715,2.353660,-0.007328,-0.568987
108.144379,3.479855,0.285715,2.353660,0.007326,-0.568987
108.158112,3.465202,0.295483,2.353660,0.007326,-0.573871
108.172226,3.465202,0.275947,2.353660,-0.007328,-0.578754
108.185959,3.450550,0.271063,2.353660,0.007326,-0.578754
108.199692,3.450550,0.266179,2.353660,0.007326,-0.573871
108.213425,3.435898,0.261295,2.353660,-0.007328,-0.573871
108.227539,3.479855,0.241758,2.353660,0.021978,-0.578754
108.241272,3.465202,0.241758,2.353660,-0.007328,-0.578754
108.255386,3.465202,0.266179,2.353660,-0.007328,-0.578754
108.269119,3.435898,0.261295,2.353660,0.021978,-0.578754
108.282471,3.435898,0.251527,2.353660,-0.007328,-0.583638
108.296585,3.377293,0.246643,2.353660,0.007326,-0.588523
108.309555,3.377293,0.241758,2.353660,-0.007328,-0.588523
108.322906,3.347988,0.251527,2.353660,-0.007328,-0.588523
108.336258,3.333336,0.246643,2.353660,0.007326,-0.588523
108.349609,3.333336,0.246643,2.353660,0.007326,-0.593407
108.362961,3.318684,0.261295,2.353660,0.021978,-0.593407
108.375931,3.289379,0.256411,2.353660,0.007326,-0.593407
108.389282,3.304031,0.271063,2.353660,0.007326,-0.598290
108.402634,3.304031,0.261295,2.353660,0.007326,-0.598290
108.415985,3.347988,0.280830,2.353660,0.007326,-0.603174
108.429337,3.304031,0.285715,2.353660,0.007326,-0.598290
108.442688,3.304031,0.319902,2.353660,0.007326,-0.603174
108.455658,3.274727,0.310135,2.353660,0.007326,-0.603174
108.469009,3.289379,0.319902,2.353660,-0.007328,-0.603174
108.481979,3.289379,0.315019,2.353660,0.007326,-0.603174
108.494949,3.260075,0.354091,2.353660,-0.007328,-0.603174
108.507919,3.260075,0.334555,2.353660,0.007326,-0.612943
108.521271,3.289379,0.344323,2.353660,0.007326,-0.612943
108.534622,3.333336,0.339439,2.353660,0.007326,-0.612943
108.547974,3.289379,0.363859,2.353660,0.021978,-0.612943
108.560944,3.289379,0.354091,2.353660,0.007326,-0.612943
108.574677,3.318684,0.344323,2.353660,0.021978,-0.612943
108.588028,3.347988,0.339439,2.353660,-0.007328,-0.612943
108.601379,3.347988,0.339439,2.353660,0.021978,-0.622710
108.614731,3.333336,0.344323,2.353660,-0.007328,-0.622710
108.628082,3.333336,0.339439,2.353660,0.021978,-0.622710
108.641434,3.377293,0.310135,2.353660,0.007326,-0.617826
108.655167,3.362640,0.324787,2.353660,-0.021980,-0.622710
108.668518,3.362640,0.319902,2.353660,0.007326,-0.627595
108.681870,3.347988,0.319902,2.353660,0.007326,-0.627595
108.695602,3.406593,0.285715,2.353660,0.021978,-0.632479
108.709717,3.450550,0.285715,2.353660,0.007326,-0.632479
108.723068,3.377293,0.300367,2.353660,0.007326,-0.632479
108.736420,3.377293,0.280830,2.353660,0.007326,-0.632479
108.750534,3.450550,0.251527,2.353660,0.007326,-0.632479
108.764267,3.465202,0.266179,2.353660,0.007326,-0.632479
108.778381,3.450550,0.280830,2.353660,0.007326,-0.632479
108.792114,3.421246,0.261295,2.353660,-0.007328,-0.637362
108.805847,3.435898,0.236875,2.353660,0.007326,-0.637362
108.817673,3.421246,0.222223,2.353660,0.007326,-0.637362
108.833313,3.377293,0.192919,2.353660,0.007326,-0.642246
108.846664,3.347988,0.183151,2.353660,0.021978,-0.642246
108.859634,3.304031,0.153847,2.353660,0.007326,-0.637362
108.872604,3.289379,0.129427,2.353660,0.007326,-0.642246
108.885956,3.289379,0.105007,2.354041,0.021978,-0.647131
108.898544,3.216118,0.051283,2.353660,0.007326,-0.642246
108.910370,3.040295,0.002442,2.353660,0.007326,-0.647131
108.921432,2.864471,-0.031746,2.353660,0.021978,-0.647131
108.932495,2.849819,-0.153846,2.353660,0.007326,-0.647131
108.942413,2.615387,-0.275947,2.353660,-0.007328,-0.652015
108.951569,2.410259,-0.398046,2.353660,-0.007328,-0.652015
108.960342,2.293041,-0.476191,2.353660,0.007326,-0.652015
108.968353,2.073261,-0.534799,2.353660,0.007326,-0.652015
108.975220,1.853481,-0.568987,2.353660,0.007326,-0.656898
108.980942,1.619049,-0.559218,2.353660,0.007326,-0.652015
108.985901,1.384617,-0.559218,2.354041,0.007326,-0.656898
108.990097,1.135532,-0.573871,2.354041,0.007326,-0.656898
108.993149,0.945057,-0.539682,2.354041,-0.007328,-0.656898
108.996201,0.827841,-0.505494,2.354041,-0.007328,-0.656898
108.998108,0.578756,-0.466422,2.353660,0.007326,-0.656898
108.998871,0.388281,-0.442002,2.353660,0.007326,-0.656898
108.999634,0.329672,-0.412699,2.354041,0.021978,-0.656898
109.000015,0.124544,-0.315019,2.354041,0.021978,-0.652015
108.999634,-0.007326,-0.285714,2.354041,0.007326,-0.652015
108.999252,-0.051283,-0.256411,2.354041,0.021978,-0.656898
108.999252,-0.036631,-0.202686,2.354041,0.007326,-0.656898
108.998871,-0.051283,-0.153846,2.354041,0.021978,-0.661782
108.999252,-0.007326,-0.105006,2.354041,0.021978,-0.661782
108.999252,-0.007326,-0.056166,2.354041,0.007326,-0.661782
108.999252,-0.007326,-0.012210,2.354041,0.007326,-0.661782
108.999252,0.021980,0.021978,2.354041,0.007326,-0.666667
108.999634,0.036633,0.061050,2.354041,0.007326,-0.666667
109.000015,0.065935,0.095239,2.354041,0.007326,-0.666667
109.000397,0.065935,0.109891,2.354041,0.021978,-0.671551
109.000778,0.080587,0.105007,2.353660,-0.007328,-0.666667
109.001160,0.080587,0.095239,2.354041,0.007326,-0.671551
109.001160,0.065935,0.080586,2.354041,0.021978,-0.671551
109.001923,0.080587,0.065935,2.354041,0.007326,-0.666667
109.001923,0.080587,0.051283,2.354041,0.021978,-0.666667
109.002304,0.065935,0.041514,2.354041,0.007326,-0.666667
109.002304,0.021980,0.026863,2.354041,0.021978,-0.661782
109.002304,0.021980,0.012211,2.354041,0.007326,-0.661782
109.002304,-0.007326,-0.002442,2.354041,0.007326,-0.661782
109.002304,-0.021978,-0.017094,2.354041,0.007326,-0.661782
109.002304,-0.021978,-0.026862,2.354041,0.007326,-0.656898
109.002304,-0.036631,-0.026862,2.354041,-0.007328,-0.656898
109.001923,-0.065933,-0.026862,2.354041,0.007326,-0.661782
109.001541,-0.065933,-0.026862,2.354041,0.007326,-0.661782
109.001160,-0.065933,-0.026862,2.354041,0.021978,-0.656898
109.001160,-0.051283,-0.026862,2.354041,0.007326,-0.652015
109.001541,-0.007326,-0.017094,2.354041,0.007326,-0.652015
109.001541,0.021980,-0.012210,2.354041,0.007326,-0.656898
109.001541,0.007328,-0.002442,2.354041,0.007326,-0.656898
109.001541,0.021980,0.002442,2.354041,0.021978,-0.652015
109.001541,0.021980,0.002442,2.354041,-0.007328,-0.652015
109.001923,0.021980,0.002442,2.354041,-0.007328,-0.652015
109.001923,0.021980,-0.007326,2.354041,0.007326,-0.656898
109.001923,0.021980,-0.012210,2.354041,0.007326,-0.656898
109.001923,-0.007326,-0.017094,2.354041,0.007326,-0.656898
109.001923,-0.007326,-0.026862,2.354041,0.007326,-0.656898
109.001923,-0.007326,-0.031746,2.354041,0.007326,-0.656898
109.001923,-0.007326,-0.041514,2.354041,0.007326,-0.656898
109.001923,-0.021978,-0.041514,2.354041,-0.007328,-0.661782
109.001923,-0.007326,-0.046398,2.354041,0.007326,-0.661782
109.001923,-0.007326,-0.051282,2.354041,0.007326,-0.661782
109.001923,-0.007326,-0.051282,2.354041,0.007326,-0.661782
109.001923,-0.007326,-0.046398,2.354041,0.007326,-0.661782
109.001923,0.007328,-0.046398,2.354041,0.007326,-0.661782
109.001923,-0.007326,-0.041514,2.354041,-0.007328,-0.666667
109.001923,-0.007326,-0.036630,2.354041,0.021978,-0.666667
109.001923,-0.007326,-0.031746,2.354041,-0.007328,-0.666667
109.001923,0.007328,-0.021978,2.354041,0.007326,-0.666667
109.001923,-0.007326,-0.012210,2.354041,-0.007328,-0.661782
109.001923,-0.007326,-0.007326,2.354041,0.007326,-0.666667
109.001923,0.007328,-0.002442,2.354041,0.007326,-0.666667
109.001923,-0.007326,0.002442,2.354041,0.021978,-0.661782
109.002304,-0.007326,0.002442,2.354041,0.007326,-0.661782
109.002304,0.007328,0.002442,2.354041,0.007326,-0.661782
109.001923,-0.007326,0.007326,2.354041,0.007326,-0.661782
109.001923,-0.021978,0.002442,2.354041,0.007326,-0.666667
109.001923,-0.007326,0.002442,2.354041,0.007326,-0.666667
109.001923,-0.007326,0.002442,2.354041,0.021978,-0.666667
109.001923,-0.021978,0.002442,2.354041,0.007326,-0.661782
109.001923,-0.007326,0.002442,2.354041,0.007326,-0.661782
109.001923,-0.007326,0.007326,2.354041,-0.007328,-0.656898
109.001923,-0.007326,0.007326,2.354041,0.021978,-0.656898
109.001923,-0.007326,0.007326,2.354041,0.007326,-0.656898
109.001923,-0.007326,0.002442,2.354041,0.007326,-0.656898
109.001923,-0.021978,0.002442,2.354041,0.007326,-0.656898
109.001923,-0.007326,-0.002442,2.354041,0.007326,-0.656898
109.001923,-0.007326,-0.007326,2.354041,0.007326,-0.661782
109.001923,-0.007326,-0.012210,2.354041,0.007326,-0.656898
109.001923,-0.007326,-0.017094,2.354041,0.007326,-0.656898
109.001923,-0.021978,-0.021978,2.354041,0.007326,-0.656898
109.001923,-0.007326,-0.026862,2.354041,0.007326,-0.661782
109.001923,-0.007326,-0.031746,2.354041,0.007326,-0.656898
109.001923,-0.007326,-0.036630,2.354041,0.007326,-0.656898
109.001923,-0.007326,-0.041514,2.354041,0.007326,-0.661782
109.001923,-0.007326,-0.046398,2.354041,-0.007328,-0.661782
109.001923,-0.021978,-0.046398,2.354041,0.007326,-0.661782
109.001923,-0.007326,-0.046398,2.354041,0.007326,-0.661782
109.001923,-0.007326,-0.041514,2.354041,0.007326,-0.656898
109.001923,-0.007326,-0.041514,2.354041,-0.007328,-0.656898
109.001923,0.007328,-0.041514,2.354041,0.021978,-0.661782
109.001923,0.007328,-0.036630,2.354041,0.007326,-0.656898
109.001923,-0.007326,-0.036630,2.354041,0.021978,-0.656898
109.001923,-0.007326,-0.036630,2.354041,0.007326,-0.656898
109.001923,-0.007326,-0.031746,2.354041,0.007326,-0.661782
109.001923,-0.007326,-0.026862,2.354041,0.021978,-0.661782
109.001923,-0.021978,-0.021978,2.354041,-0.007328,-0.661782
109.001923,-0.021978,-0.021978,2.354041,0.007326,-0.661782
109.001923,0.007328,-0.021978,2.354041,0.007326,-0.661782
109.001923,-0.007326,-0.017094,2.354041,0.007326,-0.661782
109.001923,-0.021978,-0.012210,2.354041,0.021978,-0.661782
109.001923,-0.007326,-0.007326,2.354041,-0.007328,-0.661782
109.001923,-0.007326,-0.002442,2.354041,0.007326,-0.661782
109.001923,0.007328,0.002442,2.354041,0.007326,-0.666667
109.001923,0.007328,0.007326,2.354041,0.007326,-0.666667
109.001923,0.007328,0.007326,2.354041,0.007326,-0.661782
109.001923,-0.007326,0.007326,2.354041,0.007326,-0.661782
109.001923,0.007328,0.007326,2.354041,0.007326,-0.661782
109.001923,-0.007326,0.007326,2.354041,0.007326,-0.661782
109.001923,-0.007326,0.007326,2.354041,0.007326,-0.661782
109.001923,-0.007326,0.002442,2.354041,0.007326,-0.661782
109.001923,-0.021978,0.002442,2.354041,-0.007328,-0.656898
109.001923,-0.021978,-0.002442,2.354041,0.007326,-0.656898
109.001923,-0.007326,-0.007326,2.354041,0.007326,-0.656898
109.001923,-0.007326,-0.007326,2.354041,-0.007328,-0.656898
109.001923,0.007328,-0.012210,2.354041,0.007326,-0.661782
109.001923,-0.007326,-0.012210,2.354041,0.007326,-0.656898
109.001923,-0.007326,-0.012210,2.354041,0.007326,-0.656898
109.001923,-0.007326,-0.012210,2.354041,0.021978,-0.656898
109.001923,-0.007326,-0.012210,2.354041,0.007326,-0.656898
109.001923,-0.007326,-0.017094,2.354041,0.021978,-0.656898
109.001923,-0.007326,-0.017094,2.354041,0.007326,-0.656898
109.001923,-0.007326,-0.017094,2.354041,-0.007328,-0.661782
109.001923,-0.007326,-0.021978,2.354041,0.007326,-0.661782
109.001923,-0.007326,-0.021978,2.354041,0.007326,-0.661782
109.001923,-0.007326,-0.021978,2.354041,0.007326,-0.661782
109.001923,-0.007326,-0.026862,2.354041,0.007326,-0.661782
109.001923,-0.007326,-0.026862,2.354041,0.007326,-0.661782
109.001923,-0.021978,-0.031746,2.354041,-0.007328,-0.661782
109.001923,-0.007326,-0.031746,2.354041,0.007326,-0.661782
109.001923,-0.007326,-0.031746,2.354041,0.007326,-0.661782
109.001923,-0.021978,-0.026862,2.354041,-0.007328,-0.656898
109.001923,-0.021978,-0.026862,2.354041,0.021978,-0.656898
109.001923,-0.007326,-0.026862,2.354041,0.007326,-0.656898
109.001923,0.007328,-0.026862,2.354041,0.007326,-0.661782
109.001923,0.007328,-0.026862,2.354041,0.007326,-0.661782
109.001923,0.007328,-0.026862,2.354041,0.007326,-0.661782
109.001923,-0.007326,-0.026862,2.354041,0.007326,-0.656898
109.001923,-0.007326,-0.021978,2.354041,0.021978,-0.656898
109.001923,0.007328,-0.021978,2.354041,0.007326,-0.656898
109.001923,-0.007326,-0.017094,2.354041,0.007326,-0.656898
109.001923,-0.021978,-0.017094,2.354041,-0.007328,-0.656898
109.001923,-0.021978,-0.017094,2.354041,0.007326,-0.661782
109.001923,-0.007326,-0.017094,2.354041,-0.007328,-0.661782
109.001923,-0.007326,-0.012210,2.354041,0.007326,-0.661782
109.001923,0.007328,-0.012210,2.354041,0.021978,-0.661782
109.001923,-0.007326,-0.007326,2.354041,0.007326,-0.661782
109.001923,-0.007326,-0.002442,2.354041,-0.007328,-0.661782
109.001923,-0.007326,-0.002442,2.354041,0.007326,-0.661782
109.001923,0.007328,-0.002442,2.354041,-0.021980,-0.661782
109.001923,-0.007326,-0.002442,2.354041,0.021978,-0.666667
109.001923,-0.007326,0.002442,2.354041,0.007326,-0.666667
109.001923,-0.007326,-0.002442,2.354041,0.007326,-0.661782
109.001923,-0.007326,-0.002442,2.354041,-0.007328,-0.656898
109.001923,-0.007326,-0.002442,2.354041,0.021978,-0.661782
109.001923,-0.007326,-0.007326,2.354041,0.007326,-0.661782
109.001923,-0.007326,-0.007326,2.354041,0.007326,-0.666667
109.001923,-0.007326,-0.012210,2.354041,0.007326,-0.666667
109.001923,-0.007326,-0.012210,2.354041,0.021978,-0.661782
109.001923,-0.007326,-0.012210,2.354041,0.007326,-0.661782
109.001923,-0.007326,-0.017094,2.354041,0.021978,-0.661782
109.001923,-0.007326,-0.017094,2.354041,-0.007328,-0.661782
109.001923,-0.007326,-0.012210,2.354041,0.007326,-0.661782
109.001923,-0.007326,-0.012210,2.354041,0.007326,-0.661782
109.001923,-0.007326,-0.017094,2.354041,0.021978,-0.661782
109.001923,-0.007326,-0.017094,2.354041,-0.007328,-0.661782
109.001923,-0.021978,-0.017094,2.354041,-0.007328,-0.666667
109.001923,0.007328,-0.017094,2.354041,0.021978,-0.671551
109.001923,-0.007326,-0.017094,2.354041,0.007326,-0.666667
109.001923,-0.021978,-0.017094,2.354041,0.007326,-0.661782
109.001923,-0.007326,-0.021978,2.354041,0.007326,-0.661782
109.001923,-0.021978,-0.021978,2.354041,0.021978,-0.666667
109.001923,0.007328,-0.021978,2.354041,0.007326,-0.661782
109.001923,-0.007326,-0.021978,2.354041,0.021978,-0.661782
109.001923,-0.007326,-0.026862,2.354041,-0.007328,-0.661782
109.001923,0.007328,-0.026862,2.354041,0.007326,-0.666667
109.001923,-0.021978,-0.026862,2.354041,0.021978,-0.661782
109.001923,-0.007326,-0.026862,2.354041,-0.007328,-0.656898
109.001923,-0.007326,-0.026862,2.354041,0.007326,-0.661782
109.001923,-0.021978,-0.021978,2.354041,0.007326,-0.661782
109.001923,-0.007326,-0.021978,2.354041,0.007326,-0.661782
109.001923,-0.007326,-0.021978,2.354041,0.007326,-0.661782
109.001923,-0.021978,-0.021978,2.354041,-0.007328,-0.656898
109.001923,0.007328,-0.017094,2.354041,0.021978,-0.661782
109.001923,-0.007326,-0.017094,2.354041,0.007326,-0.656898
109.001923,-0.007326,-0.017094,2.354041,0.007326,-0.656898
109.001923,-0.007326,-0.012210,2.354041,0.007326,-0.656898
109.001923,-0.021978,-0.012210,2.354041,0.021978,-0.661782
109.001923,-0.007326,-0.012210,2.354041,0.007326,-0.656898
109.001923,-0.007326,-0.012210,2.354041,-0.007328,-0.656898
109.001923,-0.007326,-0.012210,2.354041,0.007326,-0.661782
109.001923,-0.007326,-0.007326,2.354041,0.007326,-0.661782
109.001923,-0.007326,-0.002442,2.354041,0.007326,-0.661782
109.001923,0.007328,-0.002442,2.354041,0.007326,-0.656898
109.001923,-0.021978,-0.002442,2.354041,0.007326,-0.656898
109.001923,-0.007326,0.002442,2.354041,0.021978,-0.656898
109.001923,-0.007326,0.002442,2.354041,0.007326,-0.656898
109.001923,-0.007326,0.007326,2.354041,-0.007328,-0.661782
109.001923,-0.021978,0.002442,2.354041,0.007326,-0.661782
109.001923,-0.007326,0.002442,2.354041,0.007326,-0.661782
109.001923,-0.007326,0.002442,2.354041,0.021978,-0.666667
109.001923,-0.007326,0.002442,2.354041,0.007326,-0.661782
109.001923,0.007328,-0.002442,2.354041,0.021978,-0.661782
109.001923,0.007328,-0.002442,2.354041,-0.007328,-0.661782
109.001923,-0.007326,-0.002442,2.354041,0.007326,-0.666667
109.001923,-0.021978,-0.002442,2.354041,0.021978,-0.666667
109.001923,0.007328,-0.007326,2.354041,0.007326,-0.661782
109.001923,-0.007326,-0.012210,2.354041,0.007326,-0.666667
109.001923,-0.007326,-0.012210,2.354041,-0.007328,-0.661782
109.001923,-0.021978,-0.017094,2.354041,0.007326,-0.666667
109.001923,0.007328,-0.017094,2.354041,0.007326,-0.666667
109.001923,-0.007326,-0.021978,2.354041,0.007326,-0.666667
109.001923,0.007328,-0.021978,2.354041,0.007326,-0.666667
109.001923,-0.007326,-0.021978,2.354041,0.007326,-0.661782
109.001923,-0.007326,-0.017094,2.354041,0.007326,-0.661782
109.001923,-0.007326,-0.017094,2.354041,0.007326,-0.661782
109.001923,-0.007326,-0.021978,2.354041,0.007326,-0.661782
109.001923,-0.007326,-0.017094,2.354041,0.007326,-0.661782
109.001923,-0.021978,-0.017094,2.354041,0.007326,-0.661782
109.001923,-0.007326,-0.017094,2.353660,-0.007328,-0.661782
109.001923,0.007328,-0.017094,2.354041,0.007326,-0.666667
109.001923,-0.007326,-0.017094,2.354041,0.007326,-0.661782
109.001923,0.007328,-0.017094,2.354041,0.007326,-0.661782
109.001923,-0.007326,-0.017094,2.354041,0.007326,-0.661782
109.001923,-0.021978,-0.017094,2.354041,0.007326,-0.661782
109.001923,-0.007326,-0.012210,2.354041,0.007326,-0.656898
109.001923,-0.007326,-0.012210,2.354041,0.007326,-0.656898
109.001923,-0.021978,-0.012210,2.354041,0.007326,-0.661782
109.001923,-0.007326,-0.012210,2.354041,0.007326,-0.661782
109.001923,-0.021978,-0.012210,2.354041,0.007326,-0.661782
109.001923,-0.007326,-0.007326,2.354041,-0.007328,-0.656898
109.001923,-0.007326,-0.007326,2.354041,0.021978,-0.666667
109.001923,-0.007326,-0.002442,2.354041,-0.007328,-0.661782
109.001923,-0.007326,-0.002442,2.354041,0.007326,-0.661782
109.001923,-0.007326,-0.007326,2.354041,0.021978,-0.661782
109.001923,0.007328,-0.007326,2.354041,0.007326,-0.656898
109.001923,-0.007326,-0.002442,2.354041,0.007326,-0.656898
109.001923,-0.007326,0.012211,2.354041,0.007326,-0.656898
109.001923,0.021980,0.031747,2.354041,0.007326,-0.656898
109.001923,0.007328,0.056167,2.354041,0.007326,-0.661782
109.002304,0.021980,0.080586,2.354041,0.007326,-0.661782
109.002304,0.036633,0.109891,2.354041,0.007326,-0.661782
109.003067,0.080587,0.163614,2.354041,0.007326,-0.661782
109.003448,0.080587,0.212455,2.354041,0.007326,-0.661782
109.003830,0.095240,0.275947,2.354041,0.007326,-0.666667
109.004211,0.109892,0.324787,2.354041,0.007326,-0.666667
109.004974,0.153849,0.358974,2.354041,0.007326,-0.661782
109.006119,0.256413,0.388279,2.354041,0.007326,-0.661782
109.008026,0.329672,0.442003,2.354041,0.007326,-0.661782
109.009552,0.358976,0.490843,2.354041,0.007326,-0.661782
109.011459,0.417583,0.510379,2.354041,0.007326,-0.661782
109.013367,0.476192,0.549451,2.354041,0.007326,-0.661782
109.016037,0.608061,0.559219,2.354041,0.007326,-0.666667
109.019470,0.739929,0.568987,2.354041,0.007326,-0.666667
109.022903,0.813189,0.564103,2.354041,0.007326,-0.666667
109.026337,0.842493,0.539683,2.354041,0.007326,-0.661782
109.030151,0.901100,0.520147,2.354041,0.007326,-0.661782
109.034348,0.959709,0.520147,2.354041,0.021978,-0.666667
109.038925,1.062273,0.500611,2.354041,0.007326,-0.666667
109.043503,1.150185,0.490843,2.354041,0.021978,-0.666667
109.048462,1.208794,0.490843,2.354041,0.007326,-0.666667
109.053802,1.311357,0.490843,2.354041,0.007326,-0.661782
109.059525,1.355312,0.500611,2.354041,-0.007328,-0.666667
109.065628,1.413921,0.515263,2.354041,0.007326,-0.666667
109.070969,1.399269,0.515263,2.354041,0.007326,-0.666667
109.077454,1.531137,0.510379,2.354041,0.007326,-0.661782
109.084702,1.663006,0.515263,2.354041,0.007326,-0.661782
109.091568,1.692310,0.534800,2.354041,0.007326,-0.661782
109.098053,1.677658,0.549451,2.354041,0.007326,-0.661782
109.105682,1.809525,0.549451,2.354041,0.007326,-0.661782
109.113693,1.897438,0.583639,2.354041,0.007326,-0.661782
109.121323,1.897438,0.617827,2.354041,0.007326,-0.661782
109.129333,1.970697,0.627595,2.354041,0.021978,-0.666667
109.138107,2.131870,0.627595,2.354041,0.007326,-0.666667
109.146881,2.175827,0.642247,2.354041,0.007326,-0.666667
109.156418,2.234432,0.637363,2.354041,0.007326,-0.666667
109.166336,2.380955,0.647131,2.354041,0.007326,-0.666667
109.175873,2.424911,0.656899,2.354041,0.007326,-0.666667
109.185791,2.439564,0.642247,2.354041,0.007326,-0.666667
109.196472,2.556778,0.632479,2.354041,0.021978,-0.666667
109.207535,2.659344,0.608059,2.354041,0.007326,-0.671551
109.218979,2.776558,0.588523,2.354041,0.007326,-0.671551
109.230042,2.791210,0.588523,2.354041,0.021978,-0.671551
109.241104,2.791210,0.573872,2.354041,0.007326,-0.666667
109.252930,2.835167,0.549451,2.354041,0.007326,-0.671551
109.264374,2.893776,0.529915,2.354041,-0.007328,-0.676435
109.276962,3.010990,0.534800,2.354041,-0.007328,-0.681318
109.289169,3.069599,0.554335,2.354041,0.007326,-0.681318
109.301376,3.040295,0.598291,2.354041,-0.007328,-0.681318
109.313202,2.981686,0.578755,2.354041,0.021978,-0.681318
109.325790,3.054947,0.529915,2.354041,0.007326,-0.681318
109.338760,3.157509,0.500611,2.354041,0.007326,-0.681318
109.351730,3.186813,0.500611,2.354041,0.021978,-0.676435
109.363937,3.113556,0.510379,2.354041,-0.007328,-0.676435
109.376144,3.084251,0.490843,2.354041,0.007326,-0.681318
109.388733,3.113556,0.461539,2.354041,0.007326,-0.681318
109.401321,3.172161,0.422467,2.354041,0.007326,-0.681318
109.413910,3.113556,0.451771,2.354041,-0.007328,-0.686203
109.426117,3.069599,0.446887,2.354041,0.007326,-0.686203
109.437943,3.010990,0.442003,2.354041,0.021978,-0.691087
109.450150,3.040295,0.407815,2.354041,-0.007328,-0.686203
109.462738,3.054947,0.417583,2.354041,0.007326,-0.691087
109.474182,2.981686,0.432235,2.354041,0.007326,-0.691087
109.486008,2.952381,0.442003,2.354041,0.007326,-0.686203
109.497833,2.937729,0.422467,2.354041,0.007326,-0.686203
109.510040,3.010990,0.412699,2.354041,0.007326,-0.686203
109.521866,3.010990,0.442003,2.354041,0.007326,-0.686203
109.534073,2.952381,0.471307,2.354041,-0.007328,-0.686203
109.545135,2.893776,0.476191,2.354041,0.007326,-0.691087
109.556961,2.893776,0.461539,2.354041,0.007326,-0.695971
109.568787,2.937729,0.471307,2.354041,0.007326,-0.695971
109.580612,2.937729,0.476191,2.354041,-0.007328,-0.695971
109.592056,2.879124,0.510379,2.354041,0.007326,-0.700854
109.603500,2.864471,0.500611,2.354041,-0.007328,-0.695971
109.615326,2.908428,0.500611,2.354041,0.007326,-0.700854
109.627151,2.937729,0.490843,2.354041,0.007326,-0.700854
109.638977,2.967033,0.510379,2.354041,0.007326,-0.700854
109.650803,2.981686,0.510379,2.354041,0.007326,-0.700854
109.663010,3.010990,0.495728,2.354041,-0.007328,-0.705739
109.675217,3.054947,0.490843,2.354041,-0.007328,-0.705739
109.688187,3.142860,0.485959,2.354041,0.021978,-0.705739
109.700775,3.113556,0.500611,2.354041,0.007326,-0.705739
109.712982,3.098904,0.500611,2.354041,0.007326,-0.705739
109.725189,3.113556,0.490843,2.354041,0.007326,-0.710623
109.738159,3.142860,0.456656,2.354041,0.007326,-0.710623
109.751129,3.186813,0.471307,2.354041,0.007326,-0.710623
109.763718,3.201466,0.451771,2.354041,0.007326,-0.715507
109.776306,3.172161,0.446887,2.354041,0.007326,-0.715507
109.789276,3.172161,0.427351,2.354041,0.007326,-0.710623
109.802246,3.216118,0.407815,2.354041,0.007326,-0.715507
109.815216,3.245422,0.398046,2.354041,0.007326,-0.715507
109.828186,3.216118,0.393163,2.354041,0.021978,-0.715507
109.840775,3.186813,0.393163,2.354041,0.007326,-0.710623
109.853745,3.216118,0.363859,2.354041,0.021978,-0.705739
109.866714,3.216118,0.358974,2.354041,0.007326,-0.710623
109.879303,3.186813,0.368743,2.354041,0.007326,-0.710623
109.891891,3.157509,0.368743,2.354041,0.007326,-0.710623
109.904099,3.142860,0.368743,2.354041,0.007326,-0.710623
109.917068,3.142860,0.354091,2.354041,0.036631,-0.710623
109.929657,3.142860,0.378511,2.354041,0.007326,-0.710623
109.941864,3.069599,0.388279,2.354041,0.007326,-0.710623
109.954453,3.098904,0.383395,2.354041,0.007326,-0.715507
109.967041,3.128208,0.383395,2.354041,0.007326,-0.715507
109.979630,3.157509,0.388279,2.354041,0.007326,-0.710623
109.992218,3.157509,0.402931,2.354041,0.007326,-0.715507
110.004807,3.128208,0.417583,2.354041,0.007326,-0.715507
110.017014,3.128208,0.412699,2.354041,0.007326,-0.715507
110.029984,3.172161,0.388279,2.354041,0.007326,-0.720390
110.043335,3.216118,0.407815,2.354041,0.007326,-0.715507
110.055923,3.216118,0.407815,2.354041,0.021978,-0.715507
110.068512,3.172161,0.417583,2.354041,0.007326,-0.715507
110.081482,3.230770,0.383395,2.354041,0.007326,-0.715507
110.094833,3.289379,0.378511,2.354041,0.007326,-0.715507
110.108566,3.304031,0.383395,2.354041,0.007326,-0.715507
110.121155,3.274727,0.398046,2.354041,0.021978,-0.715507
110.134506,3.260075,0.383395,2.354041,-0.007328,-0.715507
110.147858,3.318684,0.373627,2.354041,0.007326,-0.715507
110.161209,3.347988,0.363859,2.354041,0.007326,-0.715507
110.173035,3.333336,0.373627,2.354041,-0.007328,-0.715507
110.187912,3.274727,0.363859,2.354041,-0.007328,-0.715507
110.200882,3.260075,0.363859,2.354041,0.007326,-0.720390
110.214233,3.304031,0.344323,2.354041,0.007326,-0.720390
110.227203,3.260075,0.354091,2.354041,0.007326,-0.720390
110.239792,3.245422,0.339439,2.354041,-0.007328,-0.720390
110.252762,3.216118,0.339439,2.354041,0.021978,-0.725275
110.266113,3.260075,0.319902,2.354041,0.007326,-0.725275
110.279465,3.274727,0.329671,2.354041,0.007326,-0.725275
110.292435,3.260075,0.324787,2.354041,-0.007328,-0.725275
110.305405,3.245422,0.329671,2.354041,0.007326,-0.730159
110.318375,3.260075,0.319902,2.354041,0.007326,-0.730159
110.331345,3.230770,0.339439,2.354041,0.007326,-0.730159
110.343933,3.201466,0.334555,2.354041,0.007326,-0.730159
110.356903,3.186813,0.354091,2.354041,-0.007328,-0.730159
110.369492,3.186813,0.344323,2.354041,0.021978,-0.735043
110.382080,3.172161,0.349207,2.354041,0.007326,-0.725275
110.395050,3.172161,0.354091,2.354041,0.007326,-0.725275
110.407639,3.186813,0.358974,2.354041,0.007326,-0.720390
110.420609,3.201466,0.363859,2.354041,0.007326,-0.720390
110.431671,3.186813,0.368743,2.354041,0.007326,-0.720390
110.446548,3.186813,0.373627,2.354041,0.007326,-0.715507
110.459137,3.186813,0.373627,2.354041,0.007326,-0.715507
110.471725,3.201466,0.363859,2.354041,0.007326,-0.715507
110.485077,3.230770,0.373627,2.354041,0.007326,-0.715507
110.498047,3.245422,0.363859,2.354041,0.007326,-0.710623
110.511017,3.260075,0.373627,2.354041,0.007326,-0.710623
110.524368,3.274727,0.358974,2.354041,0.021978,-0.710623
110.537338,3.304031,0.368743,2.354041,-0.007328,-0.705739
110.550690,3.333336,0.354091,2.354041,-0.007328,-0.705739
110.564423,3.362640,0.344323,2.354041,0.007326,-0.705739
110.578156,3.347988,0.339439,2.354041,-0.007328,-0.705739
110.591507,3.347988,0.315019,2.354041,0.007326,-0.705739
110.604477,3.318684,0.256411,2.354041,-0.007328,-0.700854
110.617828,3.274727,0.207571,2.354041,0.007326,-0.705739
110.630417,3.230770,0.173383,2.354041,0.007326,-0.705739
110.643005,3.157509,0.119658,2.354041,0.007326,-0.705739
110.654831,3.040295,0.061050,2.354041,0.007326,-0.705739
110.667038,3.025642,0.002442,2.354041,0.007326,-0.705739
110.678864,3.010990,-0.051282,2.354041,0.007326,-0.705739
110.689926,2.805862,-0.192918,2.354041,0.007326,-0.705739
110.699081,2.498169,-0.315019,2.354041,0.007326,-0.705739
110.707855,2.307693,-0.432235,2.354041,0.007326,-0.700854
110.715866,2.131870,-0.549451,2.354041,0.007326,-0.700854
110.723114,1.912090,-0.642246,2.354041,0.007326,-0.700854
110.728836,1.648354,-0.695971,2.354041,0.007326,-0.700854
110.733795,1.399269,-0.715507,2.354041,0.007326,-0.695971
110.737610,1.106228,-0.735043,2.354041,0.021978,-0.695971
110.739899,0.783884,-0.735043,2.354041,0.007326,-0.695971
110.741043,0.461540,-0.700854,2.354041,0.007326,-0.695971
110.742188,0.358976,-0.661782,2.354041,0.007326,-0.695971
110.742188,0.095240,-0.593407,2.354041,0.007326,-0.695971
110.741425,-0.095238,-0.520146,2.354041,-0.007328,-0.695971
110.740280,-0.153847,-0.451771,2.354041,0.007326,-0.700854
110.739136,-0.285715,-0.358974,2.354041,0.007326,-0.705739
110.737228,-0.402931,-0.280830,2.354041,0.007326,-0.700854
110.735703,-0.388279,-0.202686,2.354041,0.007326,-0.700854
110.733795,-0.402931,-0.109890,2.354041,0.007326,-0.705739
110.732651,-0.358974,-0.051282,2.354041,0.007326,-0.705739
110.731888,-0.271063,-0.002442,2.354041,0.007326,-0.710623
110.731125,-0.241758,0.148963,2.354041,0.007326,-0.710623
110.730362,-0.227106,0.241758,2.354041,0.021978,-0.715507
110.729980,-0.109890,0.290599,2.354041,0.007326,-0.720390
110.730362,-0.007326,0.349207,2.354041,-0.007328,-0.720390
110.730743,0.051285,0.402931,2.354041,0.007326,-0.725275
110.731506,0.124544,0.437119,2.354041,0.007326,-0.725275
110.732269,0.197803,0.422467,2.354041,0.007326,-0.720390
110.734177,0.358976,0.373627,2.354041,0.007326,-0.720390
110.736084,0.417583,0.358974,2.354041,0.007326,-0.720390
110.737991,0.432236,0.315019,2.354041,0.007326,-0.710623
110.739899,0.446888,0.275947,2.354041,-0.007328,-0.710623
110.741425,0.402931,0.212455,2.354041,0.021978,-0.710623
110.742950,0.402931,0.153847,2.354041,0.007326,-0.705739
110.744858,0.402931,0.109891,2.354041,0.021978,-0.700854
110.746384,0.388281,0.075703,2.354041,0.007326,-0.700854
110.747147,0.285717,0.061050,2.354041,0.007326,-0.700854
110.747528,0.153849,0.051283,2.354041,0.007326,-0.695971
110.747910,0.139196,0.017095,2.354041,0.021978,-0.691087
110.748672,0.153849,-0.026862,2.354041,-0.007328,-0.686203
110.749435,0.168499,-0.056166,2.354041,0.007326,-0.686203
110.749435,0.036633,-0.075702,2.354041,0.007326,-0.681318
110.749054,-0.021978,-0.105006,2.354041,0.007326,-0.681318
110.749054,-0.036631,-0.139194,2.354041,-0.007328,-0.676435
110.748672,-0.065933,-0.148962,2.354041,0.007326,-0.681318
110.747910,-0.109890,-0.148962,2.354041,0.007326,-0.681318
110.747528,-0.139194,-0.134310,2.354041,0.007326,-0.681318
110.746002,-0.241758,-0.114774,2.354041,0.007326,-0.686203
110.745239,-0.241758,-0.109890,2.354041,0.021978,-0.681318
110.744858,-0.139194,-0.109890,2.354041,0.007326,-0.681318
110.744858,-0.080585,-0.095238,2.354041,0.007326,-0.686203
110.745239,0.007328,-0.075702,2.354041,0.007326,-0.686203
110.745239,0.007328,-0.046398,2.354041,0.021978,-0.686203
110.744858,-0.051283,-0.012210,2.354041,0.021978,-0.681318
110.744858,-0.021978,0.007326,2.354041,0.007326,-0.686203
110.745239,0.021980,0.021978,2.354041,-0.007328,-0.686203
110.745239,0.007328,0.041514,2.354041,0.021978,-0.691087
110.745621,0.036633,0.056167,2.354041,0.007326,-0.691087
110.745621,0.051285,0.065935,2.354041,-0.007328,-0.691087
110.746002,0.080587,0.075703,2.354041,0.007326,-0.691087
110.746384,0.065935,0.080586,2.354041,0.007326,-0.695971
110.746384,0.007328,0.080586,2.354041,0.007326,-0.695971
110.746002,-0.007326,0.075703,2.354041,-0.007328,-0.695971
110.746002,-0.007326,0.056167,2.354041,0.007326,-0.695971
110.746002,0.007328,0.036631,2.354041,0.007326,-0.700854
110.746384,0.007328,0.021978,2.354041,0.021978,-0.705739
110.746002,-0.021978,0.002442,2.354041,0.007326,-0.705739
110.746002,-0.021978,-0.012210,2.354041,0.007326,-0.710623
110.746002,-0.036631,-0.026862,2.354041,0.007326,-0.715507
110.746002,-0.051283,-0.031746,2.354041,-0.007328,-0.715507
110.745621,-0.051283,-0.036630,2.354041,0.007326,-0.720390
110.745621,-0.051283,-0.041514,2.354041,0.007326,-0.725275
110.745621,-0.021978,-0.036630,2.354041,0.007326,-0.725275
110.745621,-0.007326,-0.031746,2.354041,0.007326,-0.720390
110.745621,0.007328,-0.021978,2.354041,0.007326,-0.720390
110.745621,0.007328,-0.002442,2.354041,0.007326,-0.715507
110.745621,-0.021978,0.017095,2.354041,0.007326,-0.715507
110.745621,-0.007326,0.026863,2.354041,0.007326,-0.710623
110.745621,-0.007326,0.036631,2.354041,0.021978,-0.710623
110.745621,-0.007326,0.046398,2.354041,0.007326,-0.705739
110.745621,0.007328,0.056167,2.354041,0.021978,-0.700854
110.745621,0.007328,0.061050,2.354041,0.007326,-0.695971
110.746002,0.021980,0.061050,2.354041,0.007326,-0.700854
110.746002,0.007328,0.061050,2.354041,0.036631,-0.691087
110.746002,0.007328,0.061050,2.354041,0.007326,-0.686203
110.746002,-0.007326,0.061050,2.354041,0.007326,-0.686203
110.746002,-0.021978,0.051283,2.354041,0.021978,-0.681318
110.746002,-0.007326,0.041514,2.354041,0.007326,-0.681318
110.746002,-0.007326,0.031747,2.354041,-0.007328,-0.676435
110.746002,-0.021978,0.021978,2.354041,0.007326,-0.681318
110.745621,-0.021978,0.012211,2.354041,-0.007328,-0.681318
110.745621,-0.007326,0.002442,2.354041,0.007326,-0.681318
110.745621,-0.021978,-0.002442,2.354041,0.007326,-0.681318
110.746002,0.007328,-0.007326,2.354041,0.007326,-0.676435
110.745621,-0.021978,-0.002442,2.354041,-0.007328,-0.676435
110.745621,-0.007326,0.002442,2.354041,0.007326,-0.686203
110.745621,-0.007326,0.007326,2.354041,0.007326,-0.686203
110.745621,-0.007326,0.007326,2.354041,0.007326,-0.686203
110.745621,-0.007326,0.017095,2.354041,0.007326,-0.686203
110.745621,-0.021978,0.017095,2.354041,0.007326,-0.691087
110.746002,-0.007326,0.021978,2.354041,0.021978,-0.686203
110.746002,0.007328,0.026863,2.354041,0.007326,-0.686203
110.746002,-0.007326,0.026863,2.354041,0.007326,-0.691087
110.746002,-0.007326,0.031747,2.354041,0.007326,-0.691087
110.746002,-0.007326,0.031747,2.354041,0.007326,-0.691087
110.745621,-0.021978,0.031747,2.354041,0.007326,-0.695971
110.746002,-0.007326,0.031747,2.354041,0.007326,-0.691087
110.746002,-0.007326,0.031747,2.354041,0.007326,-0.695971
110.746002,-0.007326,0.031747,2.354041,0.007326,-0.695971
110.745621,-0.021978,0.026863,2.354041,0.007326,-0.695971
110.746002,-0.007326,0.026863,2.354041,-0.007328,-0.695971
110.746002,0.007328,0.021978,2.354041,0.007326,-0.700854
110.746002,-0.007326,0.017095,2.354041,0.021978,-0.705739
110.745621,-0.021978,0.017095,2.354041,0.007326,-0.700854
110.745621,-0.007326,0.017095,2.354041,0.007326,-0.705739
110.745621,-0.007326,0.012211,2.354041,0.007326,-0.705739
110.745621,-0.007326,0.012211,2.354041,-0.007328,-0.705739
110.745621,-0.007326,0.012211,2.354041,0.007326,-0.710623
110.746002,0.007328,0.012211,2.354041,-0.007328,-0.710623
110.745621,-0.007326,0.012211,2.354041,0.007326,-0.715507
110.745621,-0.007326,0.012211,2.354041,0.007326,-0.715507
110.746002,-0.007326,0.012211,2.354041,0.021978,-0.715507
110.746002,-0.007326,0.012211,2.354041,-0.007328,-0.710623
110.746002,-0.007326,0.017095,2.354041,0.007326,-0.710623
110.746002,-0.007326,0.017095,2.354041,0.007326,-0.710623
110.746002,-0.007326,0.017095,2.354041,-0.007328,-0.710623
110.746002,-0.007326,0.017095,2.354041,0.007326,-0.710623
110.745621,-0.007326,0.017095,2.354041,0.007326,-0.705739
110.746002,-0.007326,0.017095,2.354041,0.007326,-0.700854
110.745621,-0.007326,0.017095,2.354041,0.007326,-0.695971
110.745621,-0.007326,0.017095,2.354041,0.007326,-0.695971
110.746002,-0.007326,0.017095,2.354041,0.021978,-0.695971
110.745621,-0.007326,0.017095,2.354041,-0.007328,-0.695971
110.746002,0.007328,0.017095,2.354041,0.007326,-0.691087
110.745621,-0.007326,0.021978,2.354041,0.007326,-0.686203
110.746002,-0.007326,0.021978,2.354041,0.021978,-0.686203
110.745621,-0.021978,0.021978,2.354041,0.007326,-0.686203
110.746002,-0.007326,0.026863,2.354041,0.007326,-0.686203
110.746002,-0.007326,0.021978,2.354041,0.007326,-0.691087
110.745621,-0.021978,0.021978,2.354041,0.007326,-0.686203
110.746002,0.007328,0.026863,2.354041,0.007326,-0.686203
110.746002,0.007328,0.026863,2.354041,-0.007328,-0.686203
110.745621,-0.021978,0.026863,2.354041,0.021978,-0.686203
110.746002,-0.007326,0.031747,2.354041,-0.007328,-0.686203
110.746002,0.007328,0.031747,2.354041,0.021978,-0.686203
110.746002,-0.007326,0.031747,2.354041,0.007326,-0.691087
110.746002,-0.007326,0.031747,2.354041,0.007326,-0.691087
110.745621,-0.021978,0.031747,2.354041,0.007326,-0.695971
110.746002,0.007328,0.031747,2.354041,0.007326,-0.691087
110.745621,-0.007326,0.036631,2.354041,0.007326,-0.691087
110.746002,0.007328,0.031747,2.354041,0.007326,-0.695971
110.746002,-0.007326,0.031747,2.354041,0.007326,-0.695971
110.746002,-0.007326,0.036631,2.354041,0.007326,-0.695971
110.745621,-0.021978,0.036631,2.354041,0.007326,-0.695971
110.745621,-0.021978,0.031747,2.354041,0.007326,-0.700854
110.745621,-0.007326,0.026863,2.354041,-0.007328,-0.700854
110.746002,-0.007326,0.026863,2.354041,0.007326,-0.705739
110.746002,-0.007326,0.026863,2.354041,0.007326,-0.705739
110.745621,-0.007326,0.026863,2.354041,0.007326,-0.700854
110.746002,-0.007326,0.026863,2.354041,0.007326,-0.700854
110.746002,-0.007326,0.026863,2.354041,-0.007328,-0.700854
110.746002,0.007328,0.021978,2.354041,0.007326,-0.700854
110.746002,-0.007326,0.021978,2.354041,0.021978,-0.705739
110.745621,-0.021978,0.021978,2.354041,0.007326,-0.705739
110.745621,-0.021978,0.021978,2.354041,-0.007328,-0.705739
110.746002,-0.007326,0.021978,2.354041,0.007326,-0.710623
110.745621,-0.007326,0.017095,2.354041,0.021978,-0.710623
110.746002,0.007328,0.021978,2.354041,-0.007328,-0.705739
110.746002,-0.007326,0.017095,2.354041,0.007326,-0.710623
110.746002,0.007328,0.017095,2.354041,-0.007328,-0.715507
110.745621,-0.007326,0.017095,2.354041,0.021978,-0.715507
110.745621,-0.021978,0.017095,2.354041,0.021978,-0.710623
110.746002,0.007328,0.017095,2.354041,-0.007328,-0.705739
110.746002,-0.007326,0.017095,2.354041,-0.007328,-0.705739
110.745621,-0.021978,0.017095,2.354041,0.007326,-0.705739
110.746002,-0.007326,0.017095,2.354041,0.007326,-0.710623
110.746002,-0.007326,0.017095,2.354041,0.007326,-0.705739
110.745621,-0.021978,0.017095,2.354041,0.007326,-0.705739
110.746002,-0.007326,0.017095,2.354041,0.021978,-0.700854
110.746002,-0.007326,0.017095,2.354041,-0.007328,-0.691087
110.746002,-0.007326,0.021978,2.354041,0.021978,-0.691087
110.745621,-0.007326,0.021978,2.354041,0.007326,-0.691087
110.746002,-0.007326,0.026863,2.354041,0.007326,-0.691087
110.745621,-0.007326,0.026863,2.354041,0.021978,-0.686203
110.745621,-0.007326,0.026863,2.354041,0.007326,-0.686203
110.745621,-0.007326,0.031747,2.354041,0.007326,-0.686203
110.745621,-0.007326,0.036631,2.354041,-0.007328,-0.691087
110.746002,0.007328,0.036631,2.354041,0.007326,-0.691087
110.746002,-0.007326,0.036631,2.354041,0.007326,-0.691087
110.745621,-0.007326,0.041514,2.354041,-0.007328,-0.686203
110.746002,0.007328,0.041514,2.354041,0.007326,-0.691087
110.745621,-0.007326,0.041514,2.354041,0.021978,-0.691087
110.745621,-0.007326,0.041514,2.354041,0.007326,-0.691087
110.746002,0.007328,0.036631,2.354041,0.007326,-0.695971
110.746002,0.007328,0.036631,2.354041,0.021978,-0.695971
110.746002,0.007328,0.036631,2.354041,0.007326,-0.695971
110.745621,-0.021978,0.031747,2.354041,0.007326,-0.695971
110.745621,-0.007326,0.036631,2.354041,0.007326,-0.700854
110.746002,0.007328,0.031747,2.354041,0.007326,-0.700854
110.746002,-0.007326,0.031747,2.354041,0.007326,-0.700854
110.745621,-0.021978,0.026863,2.354041,0.007326,-0.705739
110.746002,0.007328,0.026863,2.354041,0.007326,-0.700854
110.746002,-0.007326,0.026863,2.354041,-0.007328,-0.705739
110.745621,-0.007326,0.026863,2.354041,0.007326,-0.705739
110.746002,0.007328,0.021978,2.354041,-0.007328,-0.705739
110.746002,-0.007326,0.021978,2.354041,0.007326,-0.710623
110.745621,-0.021978,0.021978,2.354041,-0.007328,-0.705739
110.745621,-0.007326,0.021978,2.354041,0.007326,-0.710623
110.746002,-0.007326,0.017095,2.354041,0.007326,-0.705739
110.746002,-0.007326,0.017095,2.354041,0.007326,-0.700854
110.745621,-0.021978,0.017095,2.354041,0.021978,-0.700854
110.745621,-0.007326,0.012211,2.354041,-0.007328,-0.700854
110.746002,-0.007326,0.012211,2.354041,0.007326,-0.700854
110.745621,-0.007326,0.012211,2.354041,0.007326,-0.700854
110.745621,-0.007326,0.007326,2.354041,0.007326,-0.705739
110.745621,-0.007326,0.002442,2.354041,0.021978,-0.705739
110.745621,-0.007326,0.002442,2.354041,0.021978,-0.705739
110.745621,-0.007326,0.002442,2.354041,0.007326,-0.700854
110.745621,-0.007326,0.002442,2.354041,0.007326,-0.705739
110.745621,-0.007326,0.002442,2.354041,0.007326,-0.705739
110.745621,-0.007326,0.007326,2.354041,0.007326,-0.705739
110.745621,-0.007326,0.007326,2.354041,0.007326,-0.705739
110.745621,-0.021978,0.007326,2.354041,0.007326,-0.700854
110.745621,-0.007326,0.012211,2.354041,0.007326,-0.700854
110.745621,-0.007326,0.017095,2.354041,0.007326,-0.695971
110.745621,-0.007326,0.021978,2.354041,-0.007328,-0.700854
110.745621,-0.021978,0.026863,2.354041,-0.007328,-0.695971
110.746002,0.007328,0.031747,2.354041,0.007326,-0.700854
110.745621,-0.007326,0.041514,2.354041,0.007326,-0.695971
110.746002,0.007328,0.075703,2.354041,0.007326,-0.691087
110.746002,0.036633,0.119658,2.354041,0.007326,-0.691087
110.746002,0.036633,0.163614,2.354041,0.007326,-0.691087
110.746765,0.109892,0.222223,2.354041,0.021978,-0.691087
110.747528,0.153849,0.271063,2.354041,-0.007328,-0.686203
110.748672,0.212456,0.305251,2.354041,0.007326,-0.691087
110.749817,0.285717,0.373627,2.354041,0.007326,-0.691087
110.750961,0.241760,0.442003,2.354041,0.007326,-0.691087
110.752487,0.373629,0.446887,2.354041,0.021978,-0.686203
110.755157,0.505497,0.476191,2.354041,0.021978,-0.686203
110.757828,0.608061,0.520147,2.354041,0.007326,-0.686203
110.760117,0.608061,0.559219,2.354041,0.007326,-0.691087
110.763550,0.739929,0.544567,2.354041,0.007326,-0.691087
110.766983,0.827841,0.564103,2.354041,0.007326,-0.691087
110.771561,0.989014,0.578755,2.354041,-0.007328,-0.695971
110.776520,1.150185,0.583639,2.354041,-0.007328,-0.700854
110.781860,1.282053,0.559219,2.354041,0.007326,-0.700854
110.787582,1.355312,0.539683,2.354041,0.007326,-0.695971
110.792923,1.355312,0.510379,2.354041,0.007326,-0.700854
110.798645,1.384617,0.481075,2.354041,0.007326,-0.700854
110.805130,1.501833,0.451771,2.354041,-0.007328,-0.700854
110.812378,1.677658,0.446887,2.354041,0.021978,-0.700854
110.819626,1.750917,0.476191,2.354041,0.007326,-0.700854
110.826874,1.794874,0.485959,2.354041,0.007326,-0.695971
110.834885,1.912090,0.471307,2.354041,0.007326,-0.695971
110.843277,2.043957,0.481075,2.354041,0.007326,-0.695971
110.852051,2.131870,0.500611,2.354041,-0.007328,-0.695971
110.861206,2.205132,0.510379,2.354041,0.007326,-0.695971
110.870361,2.278389,0.534800,2.354041,0.007326,-0.695971
110.879898,2.293041,0.529915,2.354041,0.021978,-0.691087
110.889435,2.395607,0.500611,2.354041,-0.007328,-0.691087
110.899734,2.498169,0.515263,2.354041,0.007326,-0.695971
110.910416,2.615387,0.529915,2.354041,-0.007328,-0.691087
110.921478,2.659344,0.534800,2.354041,0.007326,-0.691087
110.932159,2.644691,0.544567,2.354041,0.007326,-0.691087
110.942841,2.688644,0.520147,2.354041,0.007326,-0.691087
110.954285,2.805862,0.505495,2.354041,0.007326,-0.691087
110.966492,2.908428,0.490843,2.354041,0.007326,-0.686203
110.978699,3.025642,0.495728,2.354041,-0.007328,-0.691087
110.990906,3.025642,0.490843,2.354041,0.021978,-0.691087
111.003876,3.113556,0.495728,2.354041,0.007326,-0.691087
111.016464,3.186813,0.481075,2.354041,0.007326,-0.691087
111.030197,3.289379,0.500611,2.354041,0.007326,-0.686203
111.043549,3.347988,0.485959,2.354041,0.007326,-0.686203
111.056900,3.333336,0.485959,2.354041,-0.007328,-0.681318
111.070251,3.333336,0.446887,2.354041,0.007326,-0.681318
111.083984,3.377293,0.422467,2.354041,0.021978,-0.676435
111.098099,3.435898,0.398046,2.354041,0.021978,-0.676435
111.111832,3.450550,0.378511,2.354041,0.007326,-0.671551
111.125946,3.479855,0.339439,2.354041,-0.007328,-0.671551
111.140060,3.494507,0.310135,2.354041,0.007326,-0.671551
111.154175,3.523811,0.285715,2.354041,0.021978,-0.671551
111.168671,3.553116,0.271063,2.354041,0.007326,-0.666667
111.182785,3.553116,0.246643,2.354041,0.007326,-0.666667
111.196899,3.523811,0.222223,2.354041,-0.007328,-0.666667
111.211014,3.523811,0.212455,2.354041,0.021978,-0.666667
111.225128,3.509159,0.212455,2.354041,0.007326,-0.661782
111.238861,3.479855,0.202686,2.354041,0.007326,-0.666667
111.252594,3.479855,0.188035,2.354041,-0.007328,-0.666667
111.266708,3.465202,0.188035,2.354041,0.007326,-0.666667
111.280441,3.465202,0.192919,2.354041,0.007326,-0.666667
111.294174,3.450550,0.188035,2.354041,0.007326,-0.666667
111.308289,3.479855,0.188035,2.354041,0.007326,-0.666667
111.322021,3.465202,0.212455,2.354041,0.036631,-0.671551
111.336136,3.494507,0.222223,2.354041,0.007326,-0.661782
111.349869,3.435898,0.236875,2.354041,0.007326,-0.666667
111.363220,3.406593,0.246643,2.354041,0.007326,-0.666667
111.377335,3.391945,0.251527,2.354041,-0.007328,-0.671551
111.390686,3.421246,0.256411,2.354041,0.007326,-0.666667
111.404800,3.421246,0.280830,2.354041,0.021978,-0.671551
111.418533,3.435898,0.271063,2.354041,0.007326,-0.666667
111.432648,3.479855,0.251527,2.354041,0.007326,-0.666667
111.446762,3.523811,0.256411,2.354041,0.007326,-0.666667
111.460495,3.494507,0.280830,2.354041,0.007326,-0.661782
111.474609,3.479855,0.271063,2.354041,0.007326,-0.661782
111.488724,3.509159,0.251527,2.354041,0.007326,-0.656898
111.502838,3.494507,0.261295,2.354041,0.007326,-0.656898
111.516571,3.479855,0.271063,2.354041,0.007326,-0.652015
111.530304,3.479855,0.261295,2.354041,0.007326,-0.652015
111.544800,3.509159,0.231991,2.354041,0.007326,-0.652015
111.558914,3.538464,0.236875,2.354041,0.007326,-0.652015
111.573029,3.523811,0.251527,2.354041,0.007326,-0.647131
111.587143,3.494507,0.256411,2.354041,0.021978,-0.647131
111.601257,3.509159,0.231991,2.354041,0.021978,-0.647131
111.614990,3.479855,0.236875,2.354041,0.007326,-0.642246
111.629105,3.465202,0.251527,2.354041,0.007326,-0.642246
111.642838,3.435898,0.251527,2.354041,0.021978,-0.642246
111.656189,3.435898,0.236875,2.354041,0.007326,-0.642246
111.669922,3.435898,0.241758,2.354041,0.021978,-0.642246
111.684036,3.435898,0.241758,2.354041,0.007326,-0.637362
111.697388,3.377293,0.241758,2.354041,0.007326,-0.637362
111.710739,3.377293,0.256411,2.354041,0.021978,-0.637362
111.724472,3.377293,0.246643,2.354041,0.007326,-0.632479
111.737823,3.391945,0.251527,2.354041,0.007326,-0.627595
111.751556,3.391945,0.256411,2.354041,0.021978,-0.627595
111.765289,3.421246,0.251527,2.354041,0.007326,-0.622710
111.779022,3.421246,0.261295,2.354041,-0.007328,-0.617826
111.792755,3.406593,0.290599,2.354041,0.007326,-0.617826
111.806107,3.391945,0.285715,2.354041,0.007326,-0.617826
111.819839,3.362640,0.300367,2.354041,0.021978,-0.612943
111.833191,3.362640,0.285715,2.354041,0.007326,-0.608059
111.846924,3.391945,0.285715,2.354041,0.007326,-0.608059
111.860275,3.391945,0.295483,2.354041,0.007326,-0.608059
111.874390,3.435898,0.290599,2.354041,0.007326,-0.612943
111.888123,3.450550,0.275947,2.354041,0.007326,-0.608059
111.902237,3.479855,0.280830,2.354041,0.007326,-0.603174
111.916733,3.509159,0.280830,2.354041,0.021978,-0.608059
111.930466,3.494507,0.275947,2.354041,0.007326,-0.603174
111.944580,3.509159,0.261295,2.354041,-0.007328,-0.603174
111.958694,3.523811,0.261295,2.354041,0.007326,-0.603174
111.972809,3.553116,0.275947,2.354041,0.007326,-0.603174
111.986923,3.523811,0.271063,2.354041,0.007326,-0.608059
112.001038,3.523811,0.256411,2.354041,0.007326,-0.608059
112.015533,3.553116,0.236875,2.354041,0.007326,-0.608059
112.030029,3.597073,0.241758,2.354041,0.007326,-0.608059
112.044144,3.567768,0.251527,2.353660,-0.007328,-0.608059
112.058258,3.538464,0.246643,2.353660,0.007326,-0.608059
112.072372,3.523811,0.217339,2.353660,0.007326,-0.608059
112.086487,3.523811,0.217339,2.354041,0.007326,-0.603174
112.100220,3.509159,0.217339,2.354041,0.007326,-0.603174
112.114334,3.494507,0.217339,2.353660,0.007326,-0.608059
112.128448,3.523811,0.202686,2.354041,0.007326,-0.603174
112.142563,3.494507,0.192919,2.353660,0.007326,-0.603174
112.156677,3.509159,0.207571,2.354041,0.021978,-0.603174
112.170410,3.450550,0.212455,2.354041,0.007326,-0.598290
112.184525,3.450550,0.192919,2.354041,0.007326,-0.593407
112.198257,3.465202,0.197803,2.354041,-0.007328,-0.598290
112.212372,3.479855,0.217339,2.353660,-0.007328,-0.598290
112.226105,3.479855,0.207571,2.354041,0.007326,-0.598290
112.240219,3.494507,0.212455,2.354041,0.021978,-0.593407
112.254333,3.509159,0.222223,2.353660,0.007326,-0.593407
112.268066,3.465202,0.251527,2.354041,0.007326,-0.588523
112.281418,3.406593,0.251527,2.353660,0.007326,-0.588523
112.295151,3.377293,0.271063,2.353660,0.007326,-0.588523
112.308502,3.377293,0.271063,2.354041,-0.007328,-0.588523
112.321854,3.362640,0.266179,2.354041,0.007326,-0.588523
112.335587,3.391945,0.280830,2.353660,-0.007328,-0.588523
112.349319,3.391945,0.280830,2.354041,0.007326,-0.588523
112.363052,3.435898,0.271063,2.354041,0.007326,-0.583638
112.376785,3.435898,0.300367,2.353660,-0.007328,-0.583638
112.390518,3.421246,0.305251,2.354041,0.007326,-0.578754
112.403870,3.377293,0.300367,2.353660,0.007326,-0.573871
112.417603,3.406593,0.290599,2.353660,0.007326,-0.573871
112.431335,3.391945,0.256411,2.353660,-0.007328,-0.578754
112.444687,3.377293,0.246643,2.353660,0.021978,-0.583638
112.457657,3.347988,0.227107,2.353660,0.007326,-0.578754
112.471771,3.362640,0.168499,2.353660,0.021978,-0.573871
112.484360,3.245422,0.124542,2.353660,0.007326,-0.573871
112.496185,3.069599,0.100122,2.353660,0.007326,-0.573871
112.507248,2.879124,0.075703,2.353660,0.007326,-0.573871
112.517929,2.732601,0.021978,2.353660,-0.007328,-0.568987
112.528610,2.688644,-0.051282,2.353660,0.007326,-0.573871
112.540054,2.805862,-0.148962,2.353660,-0.007328,-0.573871
112.551498,2.820515,-0.275947,2.353660,0.021978,-0.573871
112.561035,2.556778,-0.378510,2.353660,0.007326,-0.568987
112.569427,2.263737,-0.461538,2.353660,-0.007328,-0.568987
112.577057,2.029305,-0.534799,2.353660,0.007326,-0.573871
112.583923,1.824177,-0.642246,2.353660,-0.007328,-0.573871
112.590027,1.604397,-0.710623,2.353660,0.007326,-0.568987
112.594986,1.399269,-0.695971,2.353660,0.007326,-0.564102
112.598801,1.120880,-0.666667,2.353660,0.007326,-0.564102
112.601471,0.813189,-0.666667,2.353660,0.007326,-0.564102
112.602997,0.520149,-0.637362,2.353660,0.007326,-0.559218
112.603760,0.344324,-0.608059,2.353660,0.021978,-0.559218
112.604523,0.212456,-0.554335,2.353660,0.007326,-0.559218
112.604141,0.065935,-0.510379,2.353660,0.021978,-0.559218
112.603378,-0.095238,-0.437119,2.353660,-0.007328,-0.549451
112.602234,-0.183149,-0.373627,2.353660,0.021978,-0.554335
112.600708,-0.315018,-0.295483,2.353660,0.007326,-0.554335
112.599182,-0.373627,-0.222222,2.353660,-0.007328,-0.554335
112.598038,-0.344322,-0.148962,2.353660,0.007326,-0.559218
112.596512,-0.358974,-0.085470,2.353660,0.007326,-0.559218
112.595749,-0.256411,-0.051282,2.353660,-0.007328,-0.559218
112.595749,-0.080585,-0.012210,2.353660,0.007326,-0.564102
112.596893,0.109892,0.036631,2.353660,0.007326,-0.564102
112.597656,0.139196,0.124542,2.353660,0.021978,-0.568987
112.597656,0.021980,0.222223,2.353660,0.007326,-0.564102
112.596893,-0.080585,0.261295,2.353660,0.021978,-0.568987
112.596893,-0.051283,0.271063,2.353660,0.021978,-0.568987
112.596893,-0.007326,0.290599,2.353660,0.007326,-0.564102
112.597275,0.036633,0.310135,2.353660,0.021978,-0.564102
112.597656,0.051285,0.319902,2.353660,-0.007328,-0.564102
112.598038,0.095240,0.319902,2.353660,-0.007328,-0.559218
112.599182,0.168499,0.305251,2.353660,0.007326,-0.559218
112.600327,0.271065,0.275947,2.353660,0.021978,-0.559218
112.601852,0.300367,0.271063,2.353660,-0.007328,-0.559218
112.602997,0.285717,0.246643,2.353660,0.007326,-0.559218
112.604141,0.300367,0.197803,2.353660,0.021978,-0.564102
112.605286,0.285717,0.178267,2.353660,0.007326,-0.564102
112.605667,0.197803,0.158731,2.353660,0.021978,-0.564102
112.606430,0.153849,0.134311,2.353660,0.007326,-0.559218
112.606812,0.168499,0.090355,2.353660,0.007326,-0.564102
112.607956,0.212456,0.061050,2.353660,0.007326,-0.564102
112.608719,0.183151,0.046398,2.353660,0.007326,-0.564102
112.608719,0.080587,0.036631,2.353660,-0.007328,-0.559218
112.608337,-0.051283,0.017095,2.353660,-0.007328,-0.559218
112.607956,-0.095238,-0.007326,2.353660,0.007326,-0.559218
112.607574,-0.051283,-0.041514,2.353660,0.007326,-0.564102
112.607956,-0.007326,-0.065934,2.353660,-0.007328,-0.559218
112.607574,-0.021978,-0.085470,2.353660,0.021978,-0.564102
112.607574,-0.007326,-0.100122,2.353660,-0.007328,-0.564102
112.607574,-0.007326,-0.114774,2.353660,0.021978,-0.568987
112.607956,0.007328,-0.119658,2.353660,0.021978,-0.564102
112.607956,-0.007326,-0.124542,2.353660,0.007326,-0.564102
112.607956,-0.007326,-0.129426,2.353660,0.007326,-0.564102
112.607956,-0.007326,-0.129426,2.353660,-0.007328,-0.568987
112.607574,-0.021978,-0.134310,2.353660,0.007326,-0.568987
112.607574,-0.036631,-0.134310,2.353660,0.021978,-0.564102
112.607574,-0.036631,-0.139194,2.353660,0.007326,-0.568987
112.607574,-0.021978,-0.134310,2.353660,0.007326,-0.564102
112.607574,-0.021978,-0.129426,2.353660,0.007326,-0.564102
112.607574,-0.007326,-0.119658,2.353660,0.021978,-0.564102
112.607574,0.007328,-0.100122,2.353660,0.007326,-0.564102
112.607574,-0.007326,-0.090354,2.353660,-0.007328,-0.559218
112.607574,-0.007326,-0.075702,2.353660,0.021978,-0.564102
112.607574,0.007328,-0.061050,2.353660,0.021978,-0.564102
112.607574,0.021980,-0.051282,2.353660,-0.007328,-0.559218
112.607574,-0.007326,-0.046398,2.353660,0.007326,-0.559218
112.607574,-0.007326,-0.041514,2.353660,0.021978,-0.559218
112.607574,-0.007326,-0.036630,2.353660,-0.007328,-0.559218
112.607574,-0.007326,-0.031746,2.353660,-0.007328,-0.564102
112.607574,-0.007326,-0.031746,2.353660,-0.007328,-0.564102
112.607574,-0.007326,-0.036630,2.353660,0.007326,-0.564102
112.607956,-0.007326,-0.036630,2.353660,0.007326,-0.564102
112.607574,-0.007326,-0.036630,2.353660,-0.007328,-0.559218
112.607574,-0.021978,-0.041514,2.353660,0.007326,-0.559218
112.607574,-0.007326,-0.046398,2.353660,0.021978,-0.559218
112.607574,-0.007326,-0.041514,2.353660,0.007326,-0.554335
112.607574,-0.007326,-0.046398,2.353660,-0.007328,-0.559218
112.607574,0.007328,-0.046398,2.353660,0.007326,-0.559218
112.607574,-0.007326,-0.046398,2.353660,0.007326,-0.559218
112.607956,0.007328,-0.041514,2.353660,0.021978,-0.564102
112.607574,-0.007326,-0.041514,2.353660,0.007326,-0.559218
112.607574,-0.007326,-0.036630,2.353660,0.007326,-0.559218
112.607574,-0.007326,-0.036630,2.353660,0.007326,-0.559218
112.607574,-0.007326,-0.036630,2.353660,0.021978,-0.564102
112.607574,-0.021978,-0.036630,2.353660,0.007326,-0.564102
112.607574,-0.007326,-0.041514,2.353660,0.007326,-0.564102
112.607956,0.007328,-0.041514,2.353660,0.007326,-0.564102
112.607574,-0.007326,-0.046398,2.353660,0.007326,-0.564102
112.607574,-0.007326,-0.051282,2.353660,-0.007328,-0.568987
112.607574,-0.007326,-0.056166,2.353660,0.007326,-0.568987
112.607574,-0.007326,-0.056166,2.353660,-0.007328,-0.568987
112.607574,-0.007326,-0.061050,2.353660,0.021978,-0.564102
112.607574,-0.007326,-0.061050,2.353660,0.007326,-0.564102
112.607574,-0.007326,-0.065934,2.353660,0.007326,-0.564102
112.607574,-0.021978,-0.070818,2.353660,-0.021980,-0.564102
112.607574,0.007328,-0.070818,2.353660,0.021978,-0.568987
112.607574,-0.007326,-0.065934,2.353660,-0.007328,-0.568987
112.607574,-0.021978,-0.065934,2.353660,-0.007328,-0.568987
112.607574,-0.007326,-0.065934,2.353660,0.007326,-0.568987
112.607574,-0.007326,-0.065934,2.353660,0.021978,-0.568987
112.607574,-0.007326,-0.065934,2.353660,0.007326,-0.564102
112.607574,-0.021978,-0.065934,2.353660,0.007326,-0.564102
112.607574,-0.021978,-0.061050,2.353660,-0.007328,-0.559218
112.607574,-0.007326,-0.061050,2.353660,0.007326,-0.564102
112.607574,-0.007326,-0.056166,2.353660,0.007326,-0.564102
112.607574,-0.007326,-0.056166,2.353660,0.007326,-0.559218
112.607574,-0.007326,-0.051282,2.353660,0.007326,-0.559218
112.607574,-0.007326,-0.046398,2.353660,-0.021980,-0.559218
112.607574,-0.021978,-0.046398,2.353660,0.021978,-0.559218
112.607574,-0.007326,-0.041514,2.353660,0.007326,-0.559218
112.607574,-0.007326,-0.041514,2.353660,0.021978,-0.559218
112.607574,0.007328,-0.036630,2.353660,0.007326,-0.559218
112.607574,-0.007326,-0.041514,2.353660,0.007326,-0.559218
112.607574,-0.007326,-0.036630,2.353660,0.007326,-0.559218
112.607574,-0.007326,-0.036630,2.353660,0.007326,-0.559218
112.607574,-0.021978,-0.036630,2.353660,0.007326,-0.554335
112.607574,-0.007326,-0.036630,2.353660,0.007326,-0.554335
112.607956,0.007328,-0.041514,2.353660,0.007326,-0.554335
112.607574,-0.007326,-0.041514,2.353660,0.007326,-0.559218
112.607574,-0.007326,-0.051282,2.353660,0.021978,-0.559218
112.607574,-0.007326,-0.056166,2.353660,0.007326,-0.559218
112.607574,-0.007326,-0.061050,2.353660,0.007326,-0.559218
112.607574,0.007328,-0.061050,2.353660,-0.007328,-0.564102
112.607574,-0.007326,-0.065934,2.353660,0.021978,-0.564102
112.607574,-0.021978,-0.070818,2.353660,0.007326,-0.559218
112.607574,-0.007326,-0.075702,2.353660,0.007326,-0.564102
112.607574,-0.021978,-0.080586,2.353660,0.007326,-0.559218
112.607574,0.007328,-0.080586,2.353660,-0.007328,-0.564102
112.607574,-0.007326,-0.080586,2.353660,0.007326,-0.559218
112.607574,-0.021978,-0.075702,2.353660,0.007326,-0.564102
112.607574,0.007328,-0.075702,2.353660,0.007326,-0.564102
112.607574,-0.007326,-0.070818,2.353660,0.007326,-0.564102
112.607574,-0.007326,-0.070818,2.353660,-0.007328,-0.564102
112.607574,-0.007326,-0.065934,2.353660,-0.007328,-0.564102
112.607574,-0.007326,-0.061050,2.353660,0.007326,-0.568987
112.607574,-0.021978,-0.056166,2.353660,0.007326,-0.564102
112.607574,-0.021978,-0.056166,2.353660,0.007326,-0.564102
112.607574,0.007328,-0.051282,2.353660,0.007326,-0.564102
112.607574,0.007328,-0.046398,2.353660,0.007326,-0.564102
112.607574,-0.007326,-0.046398,2.353660,0.007326,-0.564102
112.607574,-0.021978,-0.046398,2.353660,0.007326,-0.568987
112.607574,-0.007326,-0.041514,2.353660,0.007326,-0.564102
112.607574,-0.007326,-0.041514,2.353660,0.007326,-0.559218
112.607574,-0.007326,-0.041514,2.353660,0.007326,-0.559218
112.607574,-0.007326,-0.036630,2.353660,0.007326,-0.554335
112.607574,-0.007326,-0.036630,2.353660,0.007326,-0.559218
112.607574,0.007328,-0.036630,2.353660,-0.007328,-0.559218
112.607574,-0.007326,-0.036630,2.353660,0.007326,-0.559218
112.607956,0.007328,-0.036630,2.353660,0.021978,-0.559218
112.607574,-0.007326,-0.031746,2.353660,0.007326,-0.554335
112.607574,-0.007326,-0.031746,2.353660,0.007326,-0.554335
112.607956,0.007328,-0.031746,2.353660,0.007326,-0.559218
112.607574,-0.007326,-0.031746,2.353660,0.007326,-0.564102
112.607574,-0.007326,-0.036630,2.353660,0.007326,-0.559218
112.607574,-0.021978,-0.036630,2.353660,-0.007328,-0.559218
112.607574,-0.021978,-0.041514,2.353660,0.021978,-0.564102
112.607574,-0.007326,-0.046398,2.353660,0.007326,-0.559218
112.607574,-0.007326,-0.051282,2.353660,-0.007328,-0.564102
112.607574,0.007328,-0.056166,2.353660,0.007326,-0.564102
112.607574,-0.007326,-0.061050,2.353660,0.007326,-0.564102
112.607574,-0.007326,-0.065934,2.353660,0.007326,-0.559218
112.607574,-0.007326,-0.075702,2.353660,0.007326,-0.564102
112.607574,-0.021978,-0.080586,2.353660,0.007326,-0.564102
112.607574,-0.036631,-0.080586,2.353660,0.007326,-0.564102
112.607574,-0.007326,-0.085470,2.353660,0.007326,-0.559218
112.607574,-0.021978,-0.085470,2.353660,-0.007328,-0.559218
112.607574,-0.007326,-0.085470,2.353660,0.021978,-0.564102
112.607574,-0.021978,-0.080586,2.353660,-0.007328,-0.559218
112.607574,-0.007326,-0.075702,2.353660,0.021978,-0.564102
112.607574,0.007328,-0.070818,2.353660,0.007326,-0.559218
112.607574,-0.007326,-0.065934,2.353660,0.007326,-0.559218
112.607574,-0.021978,-0.056166,2.353660,0.007326,-0.559218
112.607574,-0.007326,-0.056166,2.353660,0.007326,-0.559218
112.607574,-0.007326,-0.051282,2.353660,0.021978,-0.568987
112.607574,-0.007326,-0.046398,2.353660,0.007326,-0.564102
112.607574,-0.007326,-0.046398,2.353660,-0.007328,-0.559218
112.607574,-0.007326,-0.046398,2.353660,-0.007328,-0.564102
112.607574,-0.007326,-0.041514,2.353660,0.021978,-0.568987
112.607574,-0.007326,-0.041514,2.353660,-0.007328,-0.559218
112.607574,-0.007326,-0.046398,2.353660,0.007326,-0.559218
112.607574,-0.007326,-0.046398,2.353660,0.021978,-0.564102
112.607574,-0.007326,-0.051282,2.353660,0.007326,-0.559218
112.607574,-0.007326,-0.051282,2.353660,-0.007328,-0.559218
112.607574,-0.007326,-0.051282,2.353660,0.007326,-0.564102
112.607574,-0.007326,-0.051282,2.353660,-0.007328,-0.564102
112.607574,0.007328,-0.051282,2.353660,0.007326,-0.564102
112.607574,-0.007326,-0.051282,2.353660,-0.007328,-0.564102
112.607574,-0.007326,-0.051282,2.353660,0.021978,-0.559218
112.607574,0.007328,-0.046398,2.353660,-0.007328,-0.559218
112.607574,-0.007326,-0.046398,2.353660,-0.007328,-0.559218
112.607574,-0.007326,-0.051282,2.353660,0.007326,-0.564102
112.607574,0.007328,-0.051282,2.353660,0.007326,-0.564102
112.607574,-0.007326,-0.051282,2.353660,0.007326,-0.559218
112.607574,-0.007326,-0.046398,2.353660,0.007326,-0.559218
112.607956,0.007328,-0.026862,2.353660,0.021978,-0.559218
112.608337,0.036633,0.007326,2.353660,-0.007328,-0.559218
112.608337,0.080587,0.041514,2.353660,0.007326,-0.564102
112.608719,0.051285,0.090355,2.353660,0.021978,-0.564102
112.609863,0.139196,0.158731,2.353660,0.021978,-0.559218
112.611771,0.315020,0.188035,2.353660,0.007326,-0.559218
112.615204,0.593409,0.222223,2.353660,0.007326,-0.559218
112.617874,0.695972,0.383395,2.353660,0.007326,-0.554335
112.620163,0.608061,0.515263,2.353660,-0.007328,-0.554335
112.621689,0.476192,0.593407,2.353660,0.007326,-0.559218
112.623596,0.461540,0.583639,2.353660,0.007326,-0.554335
112.625885,0.505497,0.559219,2.353660,-0.007328,-0.554335
112.628937,0.652016,0.510379,2.353660,0.007326,-0.554335
112.632751,0.842493,0.471307,2.353660,0.007326,-0.554335
112.637711,0.989014,0.500611,2.353660,-0.007328,-0.559218
112.643051,1.238096,0.520147,2.353660,-0.007328,-0.559218
112.648010,1.238096,0.534800,2.353660,0.021978,-0.564102
112.653351,1.267401,0.539683,2.353660,0.007326,-0.564102
112.658691,1.311357,0.525031,2.353660,0.007326,-0.564102
112.664795,1.413921,0.495728,2.353660,0.021978,-0.564102
112.671661,1.560442,0.461539,2.353660,0.021978,-0.564102
112.678909,1.692310,0.485959,2.353660,0.007326,-0.559218
112.686539,1.794874,0.505495,2.353660,0.007326,-0.554335
112.694168,1.868134,0.505495,2.353660,0.021978,-0.554335
112.702179,1.956045,0.510379,2.353660,-0.007328,-0.554335
112.710571,2.014652,0.520147,2.353660,0.021978,-0.554335
112.719345,2.087914,0.500611,2.353660,0.021978,-0.554335
112.728119,2.161175,0.481075,2.353660,-0.007328,-0.554335
112.737274,2.219780,0.510379,2.353660,0.007326,-0.554335
112.747192,2.336998,0.495728,2.353660,0.021978,-0.549451
112.757492,2.454216,0.500611,2.353660,0.007326,-0.549451
112.768173,2.542126,0.495728,2.353660,0.007326,-0.559218
112.779236,2.673996,0.495728,2.353660,0.007326,-0.554335
112.789917,2.703297,0.505495,2.353660,0.007326,-0.554335
112.800980,2.717949,0.490843,2.353660,0.007326,-0.554335
112.812424,2.805862,0.461539,2.353660,0.007326,-0.554335
112.824631,2.952381,0.446887,2.353660,-0.007328,-0.559218
112.837219,3.040295,0.456656,2.353660,0.007326,-0.554335
112.849426,3.098904,0.485959,2.353660,0.007326,-0.554335
112.862778,3.172161,0.510379,2.353660,-0.007328,-0.554335
112.875748,3.245422,0.525031,2.353660,0.007326,-0.554335
112.889481,3.333336,0.520147,2.353660,-0.007328,-0.549451
112.903214,3.362640,0.525031,2.353660,0.007326,-0.549451
112.916946,3.391945,0.495728,2.353660,-0.007328,-0.549451
112.930679,3.435898,0.471307,2.353660,0.021978,-0.549451
112.944794,3.523811,0.432235,2.353660,0.021978,-0.544566
112.959671,3.597073,0.402931,2.353660,0.007326,-0.539682
112.974167,3.626373,0.373627,2.353660,-0.007328,-0.539682
112.988663,3.626373,0.334555,2.353660,-0.007328,-0.544566
113.003922,3.684982,0.295483,2.353660,0.007326,-0.539682
113.018417,3.670330,0.266179,2.353660,0.007326,-0.539682
113.032913,3.626373,0.246643,2.353660,0.007326,-0.534799
113.047409,3.611725,0.217339,2.353660,0.007326,-0.529915
113.061523,3.597073,0.202686,2.353660,0.007326,-0.529915
113.075638,3.553116,0.202686,2.353660,-0.007328,-0.525030
113.089752,3.509159,0.183151,2.353660,-0.007328,-0.520146
113.103485,3.465202,0.168499,2.353660,0.007326,-0.520146
113.117218,3.421246,0.173383,2.353660,0.007326,-0.520146
113.130569,3.377293,0.168499,2.353660,0.007326,-0.525030
113.143539,3.347988,0.158731,2.353660,0.007326,-0.520146
113.157272,3.347988,0.168499,2.353660,0.021978,-0.525030
113.170624,3.347988,0.153847,2.353660,0.007326,-0.525030
113.183975,3.347988,0.173383,2.353660,-0.007328,-0.520146
113.197327,3.347988,0.178267,2.353660,-0.007328,-0.520146
113.211060,3.362640,0.197803,2.353660,0.007326,-0.525030
113.224411,3.377293,0.207571,2.353660,0.021978,-0.520146
113.238525,3.435898,0.212455,2.353660,0.007326,-0.520146
113.252640,3.479855,0.212455,2.353660,0.007326,-0.515263
113.267136,3.567768,0.231991,2.353660,0.021978,-0.515263
113.281250,3.538464,0.285715,2.353660,0.007326,-0.520146
113.294983,3.465202,0.319902,2.353660,0.007326,-0.520146
113.308334,3.406593,0.329671,2.353660,0.007326,-0.520146
113.321304,3.289379,0.344323,2.353660,0.007326,-0.525030
113.334656,3.318684,0.319902,2.353660,-0.007328,-0.525030
113.348389,3.362640,0.315019,2.353660,0.021978,-0.525030
113.362885,3.479855,0.300367,2.353660,0.021978,-0.525030
113.376617,3.509159,0.305251,2.353660,-0.007328,-0.525030
113.390732,3.494507,0.319902,2.353660,0.007326,-0.529915
113.404465,3.494507,0.310135,2.353660,0.007326,-0.534799
113.418579,3.494507,0.295483,2.353660,0.036631,-0.529915
113.432693,3.494507,0.275947,2.353660,-0.007328,-0.525030
113.446808,3.494507,0.266179,2.353660,0.021978,-0.525030
113.460922,3.509159,0.256411,2.353660,0.007326,-0.529915
113.474655,3.523811,0.251527,2.353660,0.021978,-0.529915
113.488770,3.509159,0.241758,2.353660,0.007326,-0.525030
113.502502,3.435898,0.266179,2.353660,-0.007328,-0.525030
113.515854,3.391945,0.256411,2.353660,0.021978,-0.529915
113.529205,3.362640,0.246643,2.353660,-0.007328,-0.529915
113.542938,3.362640,0.241758,2.353660,0.007326,-0.529915
113.556290,3.362640,0.236875,2.353660,0.007326,-0.529915
113.569641,3.347988,0.251527,2.353660,0.007326,-0.525030
113.582993,3.362640,0.246643,2.353660,-0.007328,-0.525030
113.596725,3.362640,0.251527,2.353660,0.021978,-0.529915
113.609695,3.304031,0.285715,2.353660,0.021978,-0.525030
113.622665,3.230770,0.290599,2.353660,-0.021980,-0.525030
113.635635,3.230770,0.295483,2.353660,-0.007328,-0.525030
113.648987,3.289379,0.280830,2.353660,0.007326,-0.525030
113.662338,3.318684,0.300367,2.353660,0.007326,-0.525030
113.675690,3.333336,0.300367,2.353660,0.007326,-0.525030
113.689423,3.347988,0.319902,2.353660,0.007326,-0.525030
113.703156,3.391945,0.319902,2.353660,0.021978,-0.525030
113.716888,3.406593,0.310135,2.353660,0.007326,-0.525030
113.730621,3.421246,0.329671,2.353660,0.021978,-0.525030
113.744354,3.406593,0.334555,2.353660,0.007326,-0.525030
113.758087,3.450550,0.315019,2.353660,0.007326,-0.520146
113.771820,3.435898,0.315019,2.353660,-0.007328,-0.525030
113.785553,3.465202,0.329671,2.353660,0.007326,-0.525030
113.799286,3.450550,0.310135,2.353660,0.021978,-0.525030
113.813400,3.465202,0.295483,2.353660,0.007326,-0.525030
113.827515,3.494507,0.285715,2.353660,0.007326,-0.520146
113.841248,3.509159,0.280830,2.353660,-0.007328,-0.525030
113.855362,3.494507,0.256411,2.353660,0.007326,-0.525030
113.869476,3.494507,0.246643,2.353660,0.007326,-0.525030
113.881683,3.494507,0.261295,2.353660,-0.007328,-0.529915
113.897324,3.465202,0.251527,2.353660,-0.007328,-0.529915
113.911438,3.494507,0.241758,2.353660,0.007326,-0.534799
113.925552,3.494507,0.241758,2.353660,-0.007328,-0.534799
113.939667,3.509159,0.241758,2.353660,0.021978,-0.534799
113.953400,3.479855,0.231991,2.353660,0.021978,-0.534799
113.967133,3.465202,0.236875,2.353660,0.007326,-0.534799
113.980865,3.435898,0.241758,2.353660,0.021978,-0.544566
113.994598,3.465202,0.241758,2.353660,0.021978,-0.544566
114.008713,3.450550,0.231991,2.353660,0.007326,-0.539682
114.022064,3.406593,0.246643,2.353660,0.007326,-0.544566
114.035797,3.406593,0.236875,2.353660,0.021978,-0.544566
114.049530,3.435898,0.231991,2.353660,0.021978,-0.549451
114.062881,3.450550,0.246643,2.353660,0.007326,-0.549451
114.076614,3.421246,0.261295,2.353660,0.021978,-0.554335
114.090347,3.406593,0.256411,2.353660,-0.007328,-0.554335
114.104080,3.391945,0.266179,2.353660,-0.007328,-0.554335
114.117432,3.406593,0.256411,2.353660,0.007326,-0.559218
114.130783,3.377293,0.266179,2.353660,0.007326,-0.559218
114.144516,3.362640,0.280830,2.353660,0.007326,-0.564102
114.157486,3.333336,0.275947,2.353660,0.007326,-0.564102
114.171600,3.391945,0.280830,2.353660,0.007326,-0.564102
114.184952,3.377293,0.280830,2.353660,0.007326,-0.564102
114.198303,3.347988,0.290599,2.353660,0.007326,-0.568987
114.211655,3.318684,0.295483,2.353660,0.007326,-0.573871
114.225006,3.333336,0.280830,2.353660,0.021978,-0.573871
114.238358,3.347988,0.290599,2.353660,0.007326,-0.568987
114.251709,3.318684,0.290599,2.353660,0.007326,-0.573871
114.264679,3.304031,0.305251,2.353660,0.007326,-0.568987
114.278030,3.304031,0.300367,2.353660,0.007326,-0.568987
114.291382,3.318684,0.300367,2.353660,0.007326,-0.564102
114.304733,3.362640,0.310135,2.353660,0.021978,-0.573871
114.318466,3.333336,0.305251,2.353660,0.007326,-0.568987
114.331818,3.362640,0.324787,2.353660,-0.007328,-0.568987
114.345169,3.362640,0.305251,2.353660,0.021978,-0.573871
114.358902,3.391945,0.315019,2.353660,0.007326,-0.568987
114.372253,3.362640,0.334555,2.353660,0.007326,-0.573871
114.385986,3.377293,0.315019,2.353660,0.021978,-0.578754
114.400101,3.435898,0.300367,2.353660,0.021978,-0.578754
114.413834,3.465202,0.319902,2.353660,-0.007328,-0.578754
114.427567,3.421246,0.310135,2.353660,0.007326,-0.578754
114.440918,3.406593,0.319902,2.353660,0.007326,-0.578754
114.455032,3.435898,0.305251,2.353660,0.007326,-0.578754
114.468765,3.421246,0.295483,2.353660,0.007326,-0.578754
114.482498,3.450550,0.280830,2.353660,-0.007328,-0.578754
114.496231,3.421246,0.295483,2.353660,0.007326,-0.583638
114.510345,3.465202,0.285715,2.353660,-0.007328,-0.583638
114.524078,3.450550,0.266179,2.353660,0.007326,-0.588523
114.538193,3.465202,0.275947,2.353660,0.007326,-0.588523
114.551926,3.450550,0.280830,2.353660,0.007326,-0.588523
114.565659,3.450550,0.256411,2.353660,0.007326,-0.593407
114.579391,3.421246,0.266179,2.353660,0.007326,-0.593407
114.592743,3.406593,0.266179,2.353660,-0.007328,-0.593407
114.606476,3.362640,0.256411,2.353660,0.007326,-0.598290
114.619827,3.347988,0.261295,2.353660,0.021978,-0.603174
114.633179,3.347988,0.246643,2.353660,0.007326,-0.598290
114.646530,3.347988,0.261295,2.353660,0.007326,-0.608059
114.659882,3.318684,0.261295,2.353660,0.007326,-0.612943
114.673233,3.318684,0.256411,2.353660,0.007326,-0.612943
114.686584,3.333336,0.261295,2.353660,0.007326,-0.612943
114.700317,3.347988,0.266179,2.353660,0.007326,-0.617826
114.713287,3.347988,0.285715,2.353660,0.007326,-0.617826
114.726639,3.318684,0.295483,2.353660,0.007326,-0.617826
114.739990,3.304031,0.300367,2.353660,0.007326,-0.622710
114.752960,3.289379,0.295483,2.353660,0.007326,-0.622710
114.766312,3.289379,0.295483,2.353660,-0.007328,-0.622710
114.779282,3.274727,0.305251,2.353660,0.007326,-0.627595
114.792252,3.230770,0.280830,2.353660,0.007326,-0.627595
114.805222,3.260075,0.266179,2.353660,0.007326,-0.627595
114.818192,3.245422,0.212455,2.353660,-0.007328,-0.627595
114.830399,3.128208,0.183151,2.353660,0.007326,-0.632479
114.842224,3.025642,0.134311,2.353660,0.021978,-0.632479
114.854431,3.054947,0.090355,2.353660,0.021978,-0.627595
114.866638,3.040295,0.041514,2.353660,0.007326,-0.632479
114.877701,2.923080,0.002442,2.353660,0.021978,-0.632479
114.888382,2.791210,-0.021978,2.353660,0.021978,-0.627595
114.898682,2.659344,-0.153846,2.353660,0.007326,-0.632479
114.906693,2.351650,-0.290598,2.353660,0.007326,-0.632479
114.913559,2.087914,-0.412699,2.353660,0.007326,-0.632479
114.922333,1.941393,-0.568987,2.353660,0.021978,-0.637362
114.928436,1.663006,-0.622710,2.353660,0.007326,-0.637362
114.932632,1.399269,-0.627595,2.353660,0.007326,-0.637362
114.936829,1.194141,-0.661782,2.353660,0.021978,-0.632479
114.939880,0.974361,-0.686203,2.354041,0.021978,-0.632479
114.942169,0.710625,-0.700854,2.354041,0.007326,-0.627595
114.943314,0.476192,-0.656898,2.353660,0.007326,-0.627595
114.943314,0.256413,-0.593407,2.354041,0.007326,-0.632479
114.942932,0.065935,-0.534799,2.354041,0.007326,-0.632479
114.942169,-0.080585,-0.495727,2.353660,0.007326,-0.627595
114.941406,-0.168499,-0.442002,2.354041,0.007326,-0.632479
114.941025,-0.168499,-0.398046,2.353660,0.007326,-0.632479
114.940262,-0.168499,-0.319902,2.354041,0.021978,-0.637362
114.938736,-0.256411,-0.188034,2.353660,0.021978,-0.637362
114.936829,-0.388279,-0.105006,2.354041,0.007326,-0.637362
114.936066,-0.329670,-0.065934,2.353660,0.007326,-0.637362
114.935303,-0.271063,-0.012210,2.354041,0.007326,-0.647131
114.934540,-0.197802,0.075703,2.354041,0.007326,-0.647131
114.934158,-0.124542,0.134311,2.354041,0.007326,-0.652015
114.934540,-0.021978,0.188035,2.354041,0.007326,-0.652015
114.934921,0.021980,0.241758,2.354041,0.021978,-0.652015
114.935303,0.036633,0.251527,2.354041,0.007326,-0.652015
114.936066,0.139196,0.251527,2.354041,0.007326,-0.656898
114.937210,0.212456,0.231991,2.354041,0.007326,-0.652015
114.938354,0.271065,0.217339,2.354041,-0.007328,-0.652015
114.939499,0.285717,0.212455,2.354041,0.021978,-0.652015
114.940643,0.285717,0.173383,2.354041,0.021978,-0.652015
114.942551,0.373629,0.139194,2.354041,-0.007328,-0.647131
114.943314,0.285717,0.129427,2.354041,0.021978,-0.652015
114.944458,0.256413,0.100122,2.353660,-0.007328,-0.647131
114.945221,0.227108,0.065935,2.353660,-0.007328,-0.647131
114.945602,0.183151,0.061050,2.354041,0.021978,-0.652015
114.945602,0.065935,0.041514,2.353660,0.007326,-0.642246
114.945602,0.036633,0.012211,2.354041,0.007326,-0.642246
114.945602,-0.007326,-0.017094,2.353660,0.021978,-0.642246
114.945221,-0.021978,-0.041514,2.354041,0.007326,-0.642246
114.945221,-0.051283,-0.065934,2.354041,0.007326,-0.642246
114.944839,-0.080585,-0.095238,2.354041,0.007326,-0.637362
114.944458,-0.080585,-0.114774,2.354041,0.007326,-0.637362
114.944077,-0.095238,-0.124542,2.354041,0.007326,-0.632479
114.944077,-0.051283,-0.119658,2.353660,0.007326,-0.632479
114.944077,-0.051283,-0.109890,2.354041,0.007326,-0.627595
114.943695,-0.051283,-0.100122,2.354041,0.007326,-0.632479
114.944077,-0.021978,-0.085470,2.354041,0.007326,-0.632479
114.944077,0.007328,-0.061050,2.354041,0.007326,-0.637362
114.944077,-0.007326,-0.046398,2.354041,0.021978,-0.637362
114.944077,0.007328,-0.031746,2.354041,0.021978,-0.637362
114.944458,0.036633,-0.021978,2.354041,0.007326,-0.637362
114.944458,0.051285,-0.017094,2.354041,0.007326,-0.637362
114.944839,0.051285,-0.012210,2.354041,0.007326,-0.642246
114.945221,0.051285,-0.012210,2.354041,-0.007328,-0.642246
114.945221,0.051285,-0.021978,2.354041,0.007326,-0.642246
114.945221,0.021980,-0.031746,2.354041,0.007326,-0.642246
114.945221,0.007328,-0.041514,2.354041,0.007326,-0.647131
114.945221,-0.007326,-0.056166,2.353660,0.007326,-0.647131
114.944839,-0.021978,-0.070818,2.354041,0.007326,-0.647131
114.944839,-0.036631,-0.080586,2.354041,0.007326,-0.642246
114.944458,-0.065933,-0.090354,2.354041,0.021978,-0.642246
114.944458,-0.065933,-0.085470,2.354041,-0.007328,-0.642246
114.944077,-0.051283,-0.075702,2.354041,0.007326,-0.647131
114.944077,-0.036631,-0.065934,2.354041,0.007326,-0.647131
114.944077,-0.007326,-0.051282,2.354041,0.007326,-0.647131
114.944077,0.007328,-0.031746,2.354041,0.021978,-0.647131
114.944458,0.021980,-0.007326,2.354041,0.007326,-0.642246
114.944458,0.036633,0.007326,2.354041,0.021978,-0.647131
114.944839,0.036633,0.026863,2.354041,-0.007328,-0.647131
114.944839,0.036633,0.036631,2.354041,0.007326,-0.652015
114.945221,0.021980,0.041514,2.354041,0.007326,-0.647131
114.945221,0.007328,0.036631,2.354041,0.007326,-0.642246
114.945221,-0.007326,0.031747,2.354041,0.007326,-0.647131
114.945221,-0.007326,0.017095,2.354041,0.007326,-0.647131
114.944839,-0.007326,0.002442,2.354041,0.021978,-0.647131
114.944839,-0.021978,-0.017094,2.353660,-0.007328,-0.642246
114.944839,-0.021978,-0.026862,2.354041,0.007326,-0.642246
114.944839,-0.021978,-0.036630,2.354041,0.007326,-0.642246
114.944839,-0.021978,-0.041514,2.354041,-0.007328,-0.642246
114.944839,-0.021978,-0.041514,2.354041,0.021978,-0.642246
114.944839,-0.007326,-0.041514,2.354041,-0.007328,-0.642246
114.944839,-0.007326,-0.036630,2.353660,0.007326,-0.637362
114.944839,-0.007326,-0.031746,2.354041,0.007326,-0.642246
114.944839,-0.007326,-0.026862,2.354041,0.021978,-0.642246
114.944839,0.007328,-0.021978,2.354041,0.007326,-0.637362
114.944839,-0.007326,-0.017094,2.353660,-0.007328,-0.637362
114.944839,0.007328,-0.021978,2.353660,0.007326,-0.637362
114.944839,-0.007326,-0.026862,2.354041,0.007326,-0.642246
114.944839,0.007328,-0.036630,2.354041,0.007326,-0.642246
114.944839,-0.021978,-0.041514,2.354041,0.021978,-0.637362
114.944839,-0.007326,-0.051282,2.354041,0.021978,-0.637362
114.944839,-0.007326,-0.056166,2.354041,-0.007328,-0.637362
114.944839,-0.021978,-0.070818,2.354041,0.021978,-0.637362
114.944839,-0.021978,-0.075702,2.354041,0.007326,-0.637362
114.944458,-0.021978,-0.075702,2.354041,0.007326,-0.637362
114.944839,-0.007326,-0.070818,2.353660,-0.007328,-0.637362
114.944458,-0.007326,-0.065934,2.354041,0.007326,-0.637362
114.944839,-0.007326,-0.061050,2.354041,0.007326,-0.642246
114.944839,-0.021978,-0.051282,2.354041,0.021978,-0.642246
114.944839,0.007328,-0.041514,2.354041,0.007326,-0.647131
114.944839,0.007328,-0.031746,2.354041,0.007326,-0.647131
114.944839,0.007328,-0.021978,2.354041,0.007326,-0.647131
114.944839,0.007328,-0.017094,2.353660,0.007326,-0.647131
114.944839,-0.007326,-0.012210,2.354041,0.021978,-0.647131
114.944839,-0.007326,-0.017094,2.354041,0.007326,-0.642246
114.944839,-0.007326,-0.021978,2.354041,0.007326,-0.642246
114.944839,-0.007326,-0.021978,2.354041,0.007326,-0.647131
114.944839,-0.021978,-0.026862,2.354041,0.007326,-0.642246
114.944839,-0.021978,-0.031746,2.354041,0.021978,-0.642246
114.944839,-0.021978,-0.031746,2.354041,0.007326,-0.637362
114.944839,-0.021978,-0.031746,2.354041,0.021978,-0.642246
114.944839,-0.007326,-0.026862,2.354041,-0.007328,-0.637362
114.944839,0.007328,-0.021978,2.354041,0.007326,-0.642246
114.944839,-0.007326,-0.017094,2.354041,0.007326,-0.637362
114.944839,-0.007326,-0.012210,2.354041,0.007326,-0.637362
114.944839,0.007328,-0.002442,2.354041,0.007326,-0.642246
114.944839,0.007328,0.002442,2.354041,0.007326,-0.642246
114.944839,-0.007326,-0.002442,2.354041,0.021978,-0.647131
114.944839,-0.007326,-0.002442,2.354041,0.007326,-0.642246
114.944839,0.007328,-0.007326,2.354041,0.007326,-0.642246
114.944839,-0.021978,-0.017094,2.354041,0.007326,-0.642246
114.944839,-0.021978,-0.021978,2.354041,0.007326,-0.642246
114.944839,-0.007326,-0.026862,2.354041,0.007326,-0.642246
114.944839,-0.021978,-0.031746,2.354041,0.007326,-0.642246
114.944839,-0.021978,-0.036630,2.354041,0.007326,-0.642246
114.944839,-0.007326,-0.041514,2.354041,0.021978,-0.647131
114.944839,-0.007326,-0.041514,2.354041,-0.007328,-0.642246
114.944839,-0.021978,-0.041514,2.354041,0.007326,-0.647131
114.944839,-0.007326,-0.041514,2.354041,0.021978,-0.647131
114.944839,-0.007326,-0.036630,2.353660,-0.007328,-0.647131
114.944839,-0.007326,-0.036630,2.354041,0.021978,-0.647131
114.944839,-0.007326,-0.036630,2.354041,0.007326,-0.642246
114.944839,-0.021978,-0.031746,2.354041,0.007326,-0.642246
114.944839,-0.007326,-0.031746,2.354041,-0.007328,-0.642246
114.944839,-0.007326,-0.031746,2.354041,-0.007328,-0.642246
114.944839,-0.007326,-0.036630,2.354041,0.007326,-0.642246
114.944839,-0.021978,-0.041514,2.354041,0.007326,-0.642246
114.944839,-0.021978,-0.046398,2.354041,0.007326,-0.637362
114.944839,-0.007326,-0.051282,2.354041,-0.007328,-0.642246
114.944839,-0.007326,-0.051282,2.354041,-0.007328,-0.647131
114.944839,-0.007326,-0.051282,2.354041,0.021978,-0.642246
114.944839,-0.007326,-0.046398,2.354041,-0.007328,-0.637362
114.944839,-0.021978,-0.046398,2.354041,0.007326,-0.637362
114.944839,-0.021978,-0.041514,2.354041,0.021978,-0.637362
114.944839,0.007328,-0.036630,2.354041,0.007326,-0.637362
114.944839,0.007328,-0.031746,2.354041,0.007326,-0.637362
114.944839,-0.007326,-0.026862,2.354041,0.007326,-0.642246
114.944839,-0.007326,-0.021978,2.354041,0.007326,-0.642246
114.944839,-0.007326,-0.021978,2.354041,0.007326,-0.642246
114.944839,0.007328,-0.021978,2.354041,-0.007328,-0.642246
114.944839,0.007328,-0.017094,2.354041,0.007326,-0.642246
114.944839,-0.007326,-0.017094,2.354041,0.007326,-0.642246
114.944839,0.007328,-0.021978,2.354041,0.007326,-0.642246
114.944839,-0.007326,-0.026862,2.354041,0.021978,-0.642246
114.944839,-0.007326,-0.031746,2.354041,-0.007328,-0.642246
114.944839,-0.007326,-0.031746,2.354041,0.021978,-0.642246
114.944839,-0.007326,-0.026862,2.354041,0.007326,-0.642246
114.944839,-0.021978,-0.026862,2.354041,0.007326,-0.642246
114.944839,-0.021978,-0.026862,2.354041,0.021978,-0.637362
114.944839,-0.007326,-0.026862,2.354041,0.007326,-0.642246
114.944839,0.007328,-0.021978,2.354041,0.007326,-0.642246
114.944839,-0.021978,-0.017094,2.354041,0.007326,-0.637362
114.944839,0.007328,-0.017094,2.354041,0.007326,-0.637362
114.944839,-0.021978,-0.021978,2.354041,0.007326,-0.642246
114.944839,0.007328,-0.021978,2.354041,0.007326,-0.647131
114.944839,-0.007326,-0.026862,2.354041,0.021978,-0.647131
114.944839,-0.021978,-0.031746,2.354041,0.021978,-0.647131
114.944839,-0.021978,-0.031746,2.354041,0.007326,-0.642246
114.944839,-0.007326,-0.036630,2.354041,0.007326,-0.642246
114.944839,0.007328,-0.036630,2.354041,0.007326,-0.642246
114.944839,-0.021978,-0.041514,2.354041,0.007326,-0.647131
114.944839,-0.007326,-0.041514,2.354041,0.007326,-0.647131
114.944839,-0.007326,-0.036630,2.354041,0.007326,-0.647131
114.944839,0.007328,-0.036630,2.354041,0.007326,-0.647131
114.944839,-0.007326,-0.036630,2.354041,0.007326,-0.642246
114.944839,-0.007326,-0.036630,2.354041,0.021978,-0.642246
114.944839,-0.021978,-0.036630,2.354041,0.007326,-0.642246
114.944839,-0.007326,-0.031746,2.354041,0.021978,-0.642246
114.944839,-0.007326,-0.031746,2.354041,0.007326,-0.642246
114.944839,-0.007326,-0.031746,2.354041,0.007326,-0.642246
114.944839,-0.007326,-0.036630,2.354041,0.007326,-0.642246
114.944839,-0.021978,-0.036630,2.354041,0.007326,-0.642246
114.944839,-0.007326,-0.036630,2.354041,0.007326,-0.642246
114.944839,-0.007326,-0.041514,2.354041,0.021978,-0.642246
114.944839,-0.021978,-0.041514,2.354041,0.007326,-0.637362
114.944839,-0.007326,-0.041514,2.354041,0.007326,-0.637362
114.944839,-0.007326,-0.041514,2.354041,0.007326,-0.637362
114.944839,-0.007326,-0.036630,2.354041,0.007326,-0.637362
114.944839,-0.007326,-0.031746,2.354041,0.007326,-0.637362
114.944839,0.007328,-0.012210,2.354041,0.007326,-0.632479
114.944839,0.007328,0.017095,2.354041,0.007326,-0.632479
114.944839,-0.007326,0.041514,2.354041,0.007326,-0.632479
114.945221,0.021980,0.070819,2.354041,0.021978,-0.637362
114.945221,0.036633,0.124542,2.354041,0.007326,-0.632479
114.945602,0.051285,0.178267,2.354041,-0.007328,-0.632479
114.945602,0.036633,0.227107,2.354041,0.007326,-0.632479
114.946365,0.095240,0.300367,2.353660,-0.021980,-0.637362
114.946747,0.124544,0.368743,2.354041,0.021978,-0.642246
114.947891,0.183151,0.422467,2.353660,0.007326,-0.637362
114.949417,0.315020,0.476191,2.354041,0.007326,-0.637362
114.950943,0.329672,0.520147,2.354041,0.007326,-0.642246
114.952850,0.417583,0.529915,2.353660,0.007326,-0.642246
114.954758,0.461540,0.549451,2.354041,0.007326,-0.642246
114.957428,0.534800,0.544567,2.354041,0.007326,-0.642246
114.960861,0.710625,0.529915,2.354041,0.007326,-0.642246
114.964676,0.827841,0.529915,2.354041,0.021978,-0.647131
114.968872,0.915752,0.529915,2.354041,0.021978,-0.642246
114.973450,1.062273,0.559219,2.354041,-0.007328,-0.642246
114.978409,1.164837,0.578755,2.354041,0.007326,-0.642246
114.983368,1.223446,0.568987,2.354041,-0.007328,-0.647131
114.989090,1.311357,0.578755,2.354041,0.007326,-0.652015
114.995575,1.516485,0.568987,2.354041,0.007326,-0.652015
115.002823,1.619049,0.568987,2.354041,0.007326,-0.647131
115.009689,1.663006,0.564103,2.353660,-0.007328,-0.642246
115.017319,1.794874,0.559219,2.354041,0.021978,-0.647131
115.026093,1.985350,0.534800,2.354041,0.007326,-0.642246
115.034485,2.102566,0.525031,2.354041,0.007326,-0.642246
115.043259,2.131870,0.568987,2.354041,0.007326,-0.642246
115.052414,2.219780,0.568987,2.354041,-0.007328,-0.642246
115.061951,2.278389,0.559219,2.354041,0.021978,-0.642246
115.071106,2.307693,0.549451,2.354041,0.007326,-0.642246
115.081787,2.483517,0.515263,2.353660,-0.007328,-0.647131
115.092850,2.615387,0.525031,2.354041,0.007326,-0.652015
115.103912,2.703297,0.505495,2.354041,0.007326,-0.652015
115.114975,2.732601,0.529915,2.354041,-0.007328,-0.652015
115.126038,2.761906,0.510379,2.354041,0.007326,-0.647131
115.137863,2.835167,0.490843,2.354041,0.021978,-0.647131
115.149689,2.923080,0.481075,2.354041,0.007326,-0.647131
115.163040,3.098904,0.495728,2.354041,-0.007328,-0.647131
115.175629,3.172161,0.549451,2.354041,-0.007328,-0.647131
115.188980,3.230770,0.559219,2.354041,0.007326,-0.652015
115.202332,3.289379,0.544567,2.354041,0.007326,-0.652015
115.216064,3.362640,0.505495,2.354041,0.007326,-0.652015
115.229797,3.391945,0.515263,2.354041,0.021978,-0.656898
115.243530,3.435898,0.481075,2.354041,0.007326,-0.652015
115.257645,3.465202,0.437119,2.353660,0.007326,-0.652015
115.272141,3.538464,0.393163,2.354041,0.007326,-0.656898
115.286255,3.567768,0.378511,2.354041,0.007326,-0.656898
115.300369,3.567768,0.363859,2.354041,0.007326,-0.661782
115.314865,3.523811,0.319902,2.354041,0.007326,-0.666667
115.328979,3.538464,0.256411,2.354041,-0.007328,-0.666667
115.343475,3.582420,0.212455,2.354041,0.021978,-0.666667
115.357971,3.597073,0.197803,2.354041,0.007326,-0.666667
115.372086,3.582420,0.197803,2.354041,0.007326,-0.666667
115.386200,3.553116,0.188035,2.354041,0.007326,-0.671551
115.400314,3.553116,0.158731,2.354041,-0.007328,-0.676435
115.414047,3.494507,0.153847,2.354041,0.007326,-0.676435
115.428162,3.450550,0.158731,2.354041,-0.007328,-0.681318
115.441513,3.421246,0.158731,2.354041,0.007326,-0.681318
115.454865,3.391945,0.163614,2.354041,0.021978,-0.681318
115.468216,3.333336,0.188035,2.354041,0.007326,-0.676435
115.481949,3.362640,0.188035,2.354041,0.007326,-0.681318
115.495300,3.347988,0.207571,2.354041,0.007326,-0.681318
115.509033,3.377293,0.217339,2.354041,0.007326,-0.681318
115.521622,3.318684,0.251527,2.354041,0.007326,-0.686203
115.534973,3.289379,0.275947,2.354041,0.007326,-0.686203
115.547943,3.274727,0.275947,2.354041,-0.007328,-0.681318
115.557861,3.333336,0.280830,2.354041,0.007326,-0.686203
115.575790,3.377293,0.305251,2.354041,0.007326,-0.686203
115.588760,3.347988,0.339439,2.354041,0.007326,-0.686203
115.601730,3.260075,0.334555,2.354041,0.021978,-0.686203
115.615463,3.347988,0.324787,2.354041,0.007326,-0.686203
115.629196,3.406593,0.319902,2.354041,0.021978,-0.691087
115.642929,3.450550,0.329671,2.354041,0.007326,-0.691087
115.656281,3.377293,0.339439,2.354041,0.007326,-0.691087
115.670013,3.391945,0.334555,2.354041,0.007326,-0.691087
115.684128,3.450550,0.305251,2.354041,0.007326,-0.691087
115.697861,3.450550,0.310135,2.354041,0.021978,-0.691087
115.711594,3.435898,0.310135,2.354041,0.007326,-0.686203
115.725708,3.450550,0.290599,2.354041,0.021978,-0.691087
115.739822,3.494507,0.256411,2.354041,0.007326,-0.691087
115.753555,3.509159,0.271063,2.354041,0.021978,-0.691087
115.767288,3.450550,0.295483,2.354041,0.007326,-0.691087
115.781021,3.435898,0.271063,2.354041,0.007326,-0.695971
115.795135,3.494507,0.241758,2.354041,0.007326,-0.695971
115.809631,3.523811,0.251527,2.354041,0.007326,-0.695971
115.823364,3.523811,0.266179,2.354041,0.021978,-0.695971
115.837097,3.406593,0.256411,2.354041,0.007326,-0.695971
115.850830,3.435898,0.251527,2.354041,0.007326,-0.700854
115.864563,3.435898,0.241758,2.354041,0.021978,-0.705739
115.878296,3.435898,0.246643,2.354041,0.007326,-0.705739
115.891647,3.406593,0.251527,2.354041,0.021978,-0.705739
115.905380,3.391945,0.246643,2.354041,0.007326,-0.705739
115.919113,3.421246,0.231991,2.354041,0.007326,-0.705739
115.932846,3.406593,0.251527,2.354041,0.007326,-0.710623
115.946198,3.406593,0.251527,2.354041,0.007326,-0.710623
115.959930,3.391945,0.241758,2.354041,0.007326,-0.710623
115.973282,3.377293,0.246643,2.354041,0.007326,-0.710623
115.987015,3.391945,0.251527,2.354041,0.007326,-0.710623
116.000748,3.377293,0.256411,2.354041,0.007326,-0.710623
116.014099,3.377293,0.266179,2.354041,0.007326,-0.715507
116.027832,3.406593,0.246643,2.354041,0.007326,-0.715507
116.041183,3.406593,0.266179,2.354041,0.021978,-0.710623
116.054916,3.406593,0.271063,2.354041,0.021978,-0.710623
116.068268,3.377293,0.271063,2.354041,0.007326,-0.715507
116.082001,3.377293,0.275947,2.354041,0.007326,-0.715507
116.095734,3.406593,0.271063,2.354041,0.007326,-0.715507
116.109467,3.391945,0.271063,2.354041,0.007326,-0.715507
116.122818,3.377293,0.285715,2.354041,0.007326,-0.710623
116.136551,3.377293,0.271063,2.354041,0.021978,-0.710623
116.149902,3.406593,0.280830,2.354041,0.007326,-0.715507
116.163635,3.421246,0.290599,2.354041,0.007326,-0.715507
116.176987,3.362640,0.290599,2.354041,0.021978,-0.715507
116.190720,3.377293,0.290599,2.354041,0.021978,-0.710623
116.204453,3.435898,0.280830,2.354041,0.007326,-0.710623
116.218185,3.435898,0.285715,2.354041,0.007326,-0.715507
116.231918,3.406593,0.295483,2.354041,0.007326,-0.715507
116.245651,3.406593,0.295483,2.354041,0.007326,-0.720390
116.259384,3.450550,0.275947,2.354041,0.007326,-0.715507
116.273499,3.479855,0.285715,2.354041,0.021978,-0.715507
116.286850,3.421246,0.290599,2.354041,0.007326,-0.715507
116.300583,3.406593,0.280830,2.354041,-0.007328,-0.710623
116.314316,3.435898,0.266179,2.354041,0.007326,-0.715507
116.328430,3.450550,0.285715,2.354041,0.021978,-0.720390
116.342163,3.421246,0.280830,2.354041,0.007326,-0.720390
116.355515,3.391945,0.280830,2.354041,0.007326,-0.715507
116.369629,3.435898,0.266179,2.354041,0.021978,-0.715507
116.383362,3.465202,0.246643,2.354041,-0.007328,-0.715507
116.397476,3.479855,0.246643,2.354041,0.007326,-0.720390
116.411209,3.465202,0.266179,2.354041,0.021978,-0.720390
116.424942,3.450550,0.261295,2.354041,0.007326,-0.720390
116.439438,3.509159,0.241758,2.354041,0.007326,-0.720390
116.453552,3.538464,0.246643,2.354041,0.021978,-0.720390
116.467285,3.465202,0.266179,2.354041,0.007326,-0.720390
116.481018,3.450550,0.261295,2.354041,0.007326,-0.720390
116.495132,3.479855,0.231991,2.354041,0.007326,-0.720390
116.508865,3.465202,0.256411,2.354041,0.007326,-0.720390
116.522598,3.421246,0.266179,2.354041,0.007326,-0.720390
116.536331,3.450550,0.256411,2.354041,0.021978,-0.720390
116.550446,3.465202,0.241758,2.354041,0.007326,-0.720390
116.564178,3.494507,0.256411,2.354041,0.007326,-0.715507
116.577911,3.450550,0.256411,2.354041,0.007326,-0.715507
116.591644,3.435898,0.251527,2.354041,0.007326,-0.715507
116.605377,3.450550,0.251527,2.354041,0.007326,-0.720390
116.619492,3.450550,0.261295,2.354041,0.007326,-0.715507
116.631317,3.421246,0.256411,2.354041,-0.007328,-0.715507
116.646576,3.377293,0.271063,2.354041,0.007326,-0.715507
116.659927,3.362640,0.256411,2.354041,0.007326,-0.715507
116.673279,3.347988,0.261295,2.354041,0.007326,-0.710623
116.687012,3.391945,0.261295,2.354041,0.021978,-0.710623
116.700745,3.377293,0.256411,2.354041,0.007326,-0.710623
116.714096,3.377293,0.275947,2.354041,0.007326,-0.710623
116.727448,3.347988,0.266179,2.354041,-0.007328,-0.710623
116.740799,3.347988,0.275947,2.354041,0.007326,-0.710623
116.754150,3.333336,0.285715,2.354041,0.007326,-0.705739
116.767502,3.333336,0.275947,2.354041,0.007326,-0.705739
116.780853,3.318684,0.280830,2.354041,0.007326,-0.705739
116.794205,3.347988,0.280830,2.354041,0.021978,-0.705739
116.807556,3.333336,0.290599,2.354041,0.021978,-0.700854
116.820908,3.347988,0.300367,2.354041,0.007326,-0.700854
116.834641,3.362640,0.285715,2.354041,-0.007328,-0.700854
116.847992,3.377293,0.295483,2.354041,0.007326,-0.700854
116.861725,3.391945,0.290599,2.354041,0.007326,-0.705739
116.875458,3.391945,0.305251,2.354041,0.007326,-0.700854
116.888809,3.362640,0.300367,2.354041,0.007326,-0.700854
116.902542,3.406593,0.275947,2.354041,0.007326,-0.705739
116.916275,3.435898,0.280830,2.354041,0.007326,-0.705739
116.929245,3.347988,0.246643,2.354041,0.007326,-0.705739
116.942215,3.245422,0.202686,2.354041,0.007326,-0.700854
116.954803,3.172161,0.163614,2.354041,0.007326,-0.705739
116.967010,3.142860,0.109891,2.354041,0.007326,-0.705739
116.979599,3.113556,0.051283,2.354041,0.007326,-0.705739
116.991806,3.069599,0.002442,2.354041,0.021978,-0.705739
117.003632,3.040295,-0.036630,2.354041,-0.007328,-0.705739
117.014694,2.908428,-0.163614,2.354041,-0.007328,-0.705739
117.024231,2.586082,-0.300366,2.354041,0.007326,-0.710623
117.032623,2.322346,-0.417583,2.354041,0.007326,-0.710623
117.041397,2.219780,-0.534799,2.354041,0.021978,-0.705739
117.049026,2.073261,-0.612943,2.354041,-0.007328,-0.700854
117.055511,1.809525,-0.637362,2.354041,0.007326,-0.705739
117.060852,1.575092,-0.642246,2.354041,-0.007328,-0.705739
117.065430,1.326010,-0.681318,2.354041,0.007326,-0.705739
117.068481,1.047621,-0.700854,2.354041,0.021978,-0.705739
117.070389,0.725277,-0.676435,2.354041,0.007326,-0.705739
117.071915,0.549452,-0.632479,2.354041,0.007326,-0.700854
117.072678,0.285717,-0.583638,2.354041,0.007326,-0.700854
117.072678,0.124544,-0.529915,2.354041,0.007326,-0.700854
117.071915,-0.036631,-0.471307,2.354041,0.021978,-0.700854
117.071152,-0.124542,-0.437119,2.354041,-0.007328,-0.705739
117.070007,-0.241758,-0.363858,2.354041,0.007326,-0.705739
117.068863,-0.315018,-0.295483,2.354041,0.007326,-0.705739
117.067719,-0.271063,-0.217339,2.354041,0.007326,-0.705739
117.066193,-0.300365,-0.124542,2.354041,0.007326,-0.710623
117.064667,-0.373627,-0.065934,2.354041,0.007326,-0.710623
117.064667,-0.197802,-0.031746,2.354041,0.007326,-0.715507
117.065430,0.007328,0.007326,2.354041,-0.007328,-0.715507
117.064667,-0.065933,0.090355,2.354041,0.007326,-0.715507
117.064285,-0.080585,0.158731,2.354041,0.007326,-0.715507
117.064667,-0.021978,0.197803,2.354041,0.021978,-0.715507
117.065430,0.065935,0.231991,2.354041,0.021978,-0.715507
117.065811,0.139196,0.271063,2.354041,0.021978,-0.715507
117.066574,0.153849,0.295483,2.354041,0.007326,-0.710623
117.067719,0.197803,0.290599,2.354041,-0.007328,-0.705739
117.069244,0.271065,0.251527,2.354041,-0.007328,-0.705739
117.070770,0.388281,0.227107,2.354041,0.007326,-0.700854
117.072296,0.344324,0.212455,2.354041,-0.007328,-0.700854
117.073441,0.344324,0.173383,2.354041,0.007326,-0.700854
117.074585,0.256413,0.153847,2.354041,0.021978,-0.700854
117.074585,0.109892,0.129427,2.354041,0.007326,-0.695971
117.073822,-0.021978,0.095239,2.354041,-0.007328,-0.691087
117.073822,-0.051283,0.051283,2.354041,-0.007328,-0.695971
117.074203,0.021980,0.002442,2.354041,0.007326,-0.695971
117.074203,0.021980,-0.026862,2.354041,0.007326,-0.695971
117.073822,-0.051283,-0.056166,2.354041,0.007326,-0.695971
117.073441,-0.065933,-0.095238,2.354041,0.007326,-0.691087
117.073059,-0.080585,-0.124542,2.354041,0.007326,-0.686203
117.072678,-0.124542,-0.134310,2.354041,-0.007328,-0.686203
117.071915,-0.139194,-0.139194,2.354041,0.007326,-0.686203
117.071533,-0.139194,-0.129426,2.354041,0.007326,-0.681318
117.070770,-0.183149,-0.105006,2.354041,0.007326,-0.681318
117.069626,-0.212454,-0.080586,2.354041,0.007326,-0.686203
117.069244,-0.183149,-0.070818,2.354041,0.007326,-0.686203
117.069244,-0.080585,-0.056166,2.354041,0.007326,-0.686203
117.069626,0.036633,-0.041514,2.354041,0.021978,-0.686203
117.070007,0.036633,0.002442,2.354041,0.007326,-0.681318
117.069626,-0.007326,0.026863,2.354041,-0.007328,-0.686203
117.069626,-0.036631,0.051283,2.354041,0.007326,-0.691087
117.069626,0.007328,0.061050,2.354041,0.007326,-0.691087
117.070007,0.036633,0.075703,2.354041,0.021978,-0.691087
117.070007,0.007328,0.085470,2.354041,0.007326,-0.691087
117.070389,0.036633,0.090355,2.354041,0.007326,-0.695971
117.070770,0.065935,0.085470,2.354041,0.021978,-0.695971
117.070770,0.065935,0.080586,2.354041,0.007326,-0.695971
117.071152,0.051285,0.075703,2.354041,0.007326,-0.695971
117.071533,0.051285,0.070819,2.354041,-0.007328,-0.695971
117.071152,0.021980,0.061050,2.354041,0.007326,-0.705739
117.071152,-0.021978,0.051283,2.354041,0.007326,-0.705739
117.071152,-0.036631,0.036631,2.354041,0.021978,-0.710623
117.071152,-0.036631,0.026863,2.354041,0.007326,-0.710623
117.070770,-0.051283,0.012211,2.354041,0.007326,-0.710623
117.070770,-0.021978,0.002442,2.354041,0.007326,-0.715507
117.070770,-0.036631,-0.002442,2.354041,0.021978,-0.715507
117.070770,-0.036631,-0.007326,2.354041,-0.007328,-0.715507
117.070389,-0.036631,-0.007326,2.354041,0.007326,-0.715507
117.070389,-0.051283,-0.007326,2.354041,0.007326,-0.720390
117.070389,-0.051283,-0.007326,2.354041,0.021978,-0.725275
117.070389,-0.007326,-0.007326,2.354041,0.007326,-0.715507
117.070389,-0.007326,-0.002442,2.354041,0.007326,-0.710623
117.070389,0.007328,0.007326,2.354041,-0.007328,-0.710623
117.070389,-0.007326,0.017095,2.354041,0.021978,-0.715507
117.070389,-0.007326,0.021978,2.354041,0.007326,-0.710623
117.070389,0.007328,0.026863,2.354041,-0.007328,-0.705739
117.070389,-0.007326,0.036631,2.354041,0.007326,-0.705739
117.070389,-0.021978,0.046398,2.354041,0.007326,-0.705739
117.070389,-0.007326,0.051283,2.354041,0.021978,-0.700854
117.070389,-0.007326,0.056167,2.354041,-0.007328,-0.695971
117.070389,0.007328,0.061050,2.354041,0.007326,-0.695971
117.070389,0.007328,0.061050,2.354041,0.007326,-0.691087
117.070770,0.021980,0.061050,2.354041,0.007326,-0.691087
117.070770,0.036633,0.061050,2.354041,-0.007328,-0.691087
117.070770,0.036633,0.056167,2.354041,0.007326,-0.691087
117.070770,-0.007326,0.056167,2.354041,0.021978,-0.691087
117.070770,-0.036631,0.051283,2.354041,-0.007328,-0.691087
117.070770,-0.021978,0.046398,2.354041,0.007326,-0.691087
117.070770,-0.021978,0.041514,2.354041,0.021978,-0.691087
117.070770,-0.007326,0.036631,2.354041,0.007326,-0.686203
117.070770,-0.007326,0.031747,2.354041,-0.007328,-0.686203
117.070770,-0.007326,0.026863,2.354041,0.007326,-0.691087
117.070770,0.007328,0.026863,2.354041,0.007326,-0.691087
117.070770,-0.007326,0.021978,2.354041,0.007326,-0.691087
117.070389,-0.007326,0.021978,2.354041,0.021978,-0.695971
117.070770,-0.007326,0.026863,2.354041,-0.007328,-0.691087
117.070770,0.007328,0.026863,2.354041,0.021978,-0.695971
117.070770,-0.007326,0.026863,2.354041,0.007326,-0.691087
117.070770,0.007328,0.031747,2.354041,0.007326,-0.695971
117.070770,-0.021978,0.031747,2.354041,-0.007328,-0.695971
117.070770,-0.021978,0.036631,2.354041,0.007326,-0.700854
117.070770,0.007328,0.036631,2.354041,-0.007328,-0.700854
117.070770,-0.007326,0.041514,2.354041,-0.007328,-0.700854
117.070770,-0.007326,0.041514,2.354041,-0.007328,-0.700854
117.070770,-0.007326,0.041514,2.354041,0.007326,-0.700854
117.070770,-0.007326,0.041514,2.354041,-0.007328,-0.700854
117.070770,-0.007326,0.041514,2.354041,0.007326,-0.700854
117.070770,-0.021978,0.041514,2.354041,0.007326,-0.700854
117.070770,-0.021978,0.041514,2.354041,0.007326,-0.700854
117.070770,-0.007326,0.041514,2.354041,0.007326,-0.705739
117.070770,-0.007326,0.036631,2.354041,0.007326,-0.700854
117.070770,-0.007326,0.036631,2.354041,-0.007328,-0.705739
117.070770,-0.021978,0.036631,2.354041,0.007326,-0.715507
117.070770,-0.021978,0.031747,2.354041,0.007326,-0.715507
117.070770,-0.007326,0.031747,2.354041,-0.007328,-0.715507
117.070770,-0.007326,0.031747,2.354041,0.021978,-0.715507
117.070770,-0.007326,0.031747,2.354041,-0.007328,-0.710623
117.070770,-0.021978,0.026863,2.354041,0.021978,-0.715507
117.070770,0.007328,0.026863,2.354041,0.007326,-0.715507
117.070770,-0.021978,0.031747,2.354041,0.007326,-0.710623
117.070770,-0.007326,0.031747,2.354041,0.007326,-0.705739
117.070770,0.007328,0.031747,2.354041,-0.007328,-0.705739
117.070770,0.007328,0.031747,2.354041,-0.007328,-0.705739
117.070770,-0.007326,0.031747,2.354041,0.007326,-0.705739
117.070770,-0.007326,0.031747,2.354041,0.007326,-0.705739
117.070770,-0.007326,0.036631,2.354041,0.007326,-0.700854
117.070770,-0.021978,0.036631,2.354041,0.007326,-0.700854
117.070770,-0.007326,0.031747,2.354041,0.007326,-0.695971
117.070770,-0.007326,0.031747,2.354041,0.007326,-0.695971
117.070770,0.007328,0.036631,2.354041,0.007326,-0.691087
117.070770,-0.007326,0.036631,2.354041,0.007326,-0.691087
117.070770,-0.007326,0.036631,2.354041,0.007326,-0.691087
117.070770,-0.021978,0.036631,2.354041,0.007326,-0.686203
117.070770,-0.007326,0.036631,2.354041,0.021978,-0.691087
117.070770,-0.007326,0.036631,2.354041,-0.007328,-0.686203
117.070770,-0.021978,0.036631,2.354041,0.007326,-0.691087
117.070770,-0.007326,0.041514,2.354041,0.021978,-0.691087
117.070770,-0.007326,0.041514,2.354041,0.007326,-0.686203
117.070770,-0.007326,0.041514,2.354041,0.007326,-0.691087
117.070770,-0.021978,0.041514,2.354041,0.007326,-0.691087
117.070770,-0.007326,0.041514,2.354041,-0.007328,-0.695971
117.070770,-0.007326,0.041514,2.354041,0.007326,-0.700854
117.070770,-0.007326,0.041514,2.354041,0.021978,-0.700854
117.070770,-0.007326,0.041514,2.354041,0.021978,-0.700854
117.070770,0.007328,0.041514,2.354041,-0.007328,-0.691087
117.070770,0.007328,0.041514,2.354041,0.007326,-0.700854
117.070770,-0.007326,0.041514,2.354041,0.007326,-0.700854
117.070770,-0.007326,0.041514,2.354041,0.007326,-0.695971
117.070770,-0.021978,0.036631,2.354041,0.007326,-0.700854
117.070770,0.007328,0.036631,2.354041,0.007326,-0.700854
117.070770,-0.021978,0.036631,2.354041,-0.007328,-0.705739
117.070770,-0.007326,0.036631,2.354041,0.007326,-0.705739
117.070770,-0.007326,0.036631,2.354041,0.007326,-0.700854
117.070770,-0.007326,0.036631,2.354041,0.007326,-0.705739
117.070770,0.007328,0.036631,2.354041,0.007326,-0.705739
117.070770,-0.007326,0.031747,2.354041,0.007326,-0.705739
117.070770,-0.007326,0.031747,2.354041,0.021978,-0.705739
117.070770,-0.007326,0.031747,2.354041,0.007326,-0.705739
117.070770,-0.007326,0.031747,2.354041,0.007326,-0.705739
117.070770,-0.007326,0.031747,2.354041,0.007326,-0.705739
117.070770,-0.007326,0.031747,2.354041,0.007326,-0.705739
117.070389,0.007328,0.031747,2.354041,0.007326,-0.700854
117.070770,-0.021978,0.031747,2.354041,-0.007328,-0.705739
117.070770,0.007328,0.031747,2.354041,0.007326,-0.705739
117.070770,-0.007326,0.026863,2.354041,0.007326,-0.705739
117.070770,-0.021978,0.026863,2.354041,0.007326,-0.705739
117.070389,-0.007326,0.031747,2.354041,-0.007328,-0.705739
117.070770,0.007328,0.026863,2.354041,0.007326,-0.705739
117.070770,-0.007326,0.026863,2.354041,0.007326,-0.705739
117.070770,0.007328,0.031747,2.354041,0.021978,-0.705739
117.070770,-0.007326,0.031747,2.354041,0.007326,-0.700854
117.070770,-0.007326,0.031747,2.354041,0.007326,-0.700854
117.070770,-0.007326,0.031747,2.354041,-0.007328,-0.700854
117.070770,-0.007326,0.031747,2.354041,-0.007328,-0.695971
117.070770,0.007328,0.031747,2.354041,0.007326,-0.700854
117.070770,-0.021978,0.031747,2.354041,0.007326,-0.695971
117.070770,-0.007326,0.036631,2.354041,0.007326,-0.695971
117.070770,-0.007326,0.036631,2.354041,0.007326,-0.691087
117.070770,-0.021978,0.036631,2.354041,-0.007328,-0.691087
117.070770,-0.007326,0.041514,2.354041,0.007326,-0.695971
117.070770,-0.007326,0.041514,2.354041,0.007326,-0.691087
117.070770,-0.021978,0.041514,2.354041,0.007326,-0.691087
117.070770,-0.007326,0.046398,2.354041,0.007326,-0.695971
117.070770,-0.021978,0.046398,2.354041,-0.007328,-0.695971
117.070770,-0.007326,0.046398,2.354041,0.007326,-0.695971
117.070770,-0.021978,0.046398,2.354041,0.007326,-0.695971
117.070770,-0.007326,0.046398,2.354041,0.007326,-0.691087
117.070770,-0.007326,0.046398,2.354041,0.007326,-0.695971
117.070770,0.007328,0.046398,2.354041,-0.007328,-0.695971
117.070770,-0.007326,0.046398,2.354041,0.007326,-0.695971
117.070770,-0.007326,0.051283,2.354041,-0.007328,-0.695971
117.070770,-0.007326,0.051283,2.354041,0.007326,-0.700854
117.070770,-0.007326,0.046398,2.354041,0.021978,-0.700854
117.070770,-0.007326,0.046398,2.354041,0.007326,-0.700854
117.070770,0.007328,0.046398,2.354041,0.007326,-0.700854
117.070770,-0.007326,0.046398,2.354041,0.021978,-0.700854
117.070770,-0.007326,0.041514,2.354041,0.007326,-0.705739
117.070770,-0.007326,0.046398,2.354041,-0.007328,-0.700854
117.070770,0.021980,0.075703,2.354041,0.007326,-0.705739
117.071152,0.051285,0.105007,2.354041,0.007326,-0.705739
117.071915,0.124544,0.139194,2.354041,0.021978,-0.700854
117.073441,0.241760,0.222223,2.354041,0.007326,-0.700854
117.074585,0.271065,0.324787,2.354041,0.007326,-0.700854
117.075348,0.212456,0.407815,2.354041,0.007326,-0.700854
117.076874,0.285717,0.442003,2.354041,-0.007328,-0.700854
117.079163,0.417583,0.510379,2.354041,0.007326,-0.705739
117.081833,0.593409,0.559219,2.354041,0.007326,-0.700854
117.084885,0.681320,0.593407,2.354041,0.007326,-0.700854
117.088318,0.754581,0.608059,2.354041,0.007326,-0.700854
117.092133,0.857145,0.578755,2.354041,0.021978,-0.705739
117.095947,0.930405,0.559219,2.354041,0.007326,-0.700854
117.100525,1.018316,0.544567,2.354041,0.007326,-0.700854
117.105484,1.150185,0.559219,2.354041,-0.007328,-0.700854
117.111588,1.326010,0.534800,2.354041,0.007326,-0.705739
117.117691,1.443226,0.505495,2.354041,0.007326,-0.705739
117.124557,1.589745,0.520147,2.354041,-0.007328,-0.705739
117.131424,1.648354,0.534800,2.354041,0.021978,-0.705739
117.138290,1.692310,0.510379,2.354041,0.007326,-0.695971
117.145920,1.794874,0.476191,2.354041,0.007326,-0.695971
117.153549,1.853481,0.481075,2.354041,0.007326,-0.691087
117.161179,1.897438,0.476191,2.354041,0.007326,-0.691087
117.169571,2.000000,0.461539,2.354041,0.007326,-0.691087
117.178726,2.117218,0.485959,2.354041,0.007326,-0.691087
117.187881,2.190479,0.500611,2.354041,0.007326,-0.691087
117.195511,2.234432,0.510379,2.354041,0.007326,-0.686203
117.206192,2.263737,0.525031,2.354041,0.007326,-0.681318
117.215347,2.293041,0.534800,2.354041,0.007326,-0.681318
117.224884,2.366302,0.520147,2.354041,0.007326,-0.681318
117.235184,2.439564,0.495728,2.354041,-0.007328,-0.681318
117.245865,2.556778,0.505495,2.354041,0.021978,-0.681318
117.256927,2.673996,0.495728,2.354041,0.007326,-0.681318
117.267609,2.703297,0.510379,2.354041,0.021978,-0.681318
117.279053,2.761906,0.505495,2.354041,-0.007328,-0.681318
117.290497,2.820515,0.500611,2.354041,0.021978,-0.686203
117.302704,2.908428,0.471307,2.354041,0.007326,-0.686203
117.314911,3.010990,0.485959,2.354041,0.007326,-0.681318
117.327499,3.069599,0.505495,2.354041,-0.007328,-0.686203
117.340469,3.157509,0.529915,2.354041,0.021978,-0.686203
117.353439,3.230770,0.539683,2.354041,0.021978,-0.681318
117.367172,3.304031,0.515263,2.354041,0.007326,-0.681318
117.380524,3.333336,0.500611,2.354041,0.007326,-0.681318
117.394257,3.391945,0.485959,2.354041,0.021978,-0.686203
117.408371,3.406593,0.446887,2.354041,0.007326,-0.676435
117.422485,3.479855,0.407815,2.354041,0.007326,-0.676435
117.436981,3.553116,0.378511,2.354041,0.021978,-0.681318
117.451477,3.611725,0.363859,2.354041,0.007326,-0.681318
117.465973,3.641026,0.339439,2.354041,-0.007328,-0.676435
117.480469,3.626373,0.310135,2.354041,0.007326,-0.681318
117.494965,3.626373,0.271063,2.354041,-0.007328,-0.676435
117.509460,3.641026,0.231991,2.354041,0.007326,-0.676435
117.523956,3.611725,0.192919,2.354041,0.007326,-0.676435
117.538452,3.611725,0.173383,2.354041,-0.007328,-0.676435
117.552567,3.553116,0.168499,2.354041,0.007326,-0.676435
117.566299,3.479855,0.168499,2.354041,0.007326,-0.676435
117.580414,3.465202,0.144079,2.354041,0.007326,-0.671551
117.594147,3.479855,0.124542,2.354041,0.007326,-0.671551
117.608261,3.494507,0.134311,2.354041,0.007326,-0.671551
117.621994,3.494507,0.148963,2.354041,0.007326,-0.666667
117.635727,3.435898,0.163614,2.354041,-0.021980,-0.666667
117.649460,3.406593,0.173383,2.354041,0.007326,-0.666667
117.662811,3.377293,0.188035,2.354041,0.007326,-0.671551
117.676544,3.421246,0.183151,2.354041,0.007326,-0.661782
117.690659,3.465202,0.207571,2.354041,0.007326,-0.661782
117.704773,3.479855,0.227107,2.354041,-0.007328,-0.661782
117.718887,3.494507,0.236875,2.354041,0.007326,-0.661782
117.732239,3.465202,0.261295,2.354041,0.007326,-0.661782
117.745590,3.362640,0.295483,2.354041,0.007326,-0.656898
117.758942,3.318684,0.290599,2.354041,0.007326,-0.652015
117.772293,3.333336,0.295483,2.354041,0.021978,-0.652015
117.786026,3.391945,0.285715,2.354041,0.021978,-0.652015
117.799759,3.406593,0.295483,2.354041,0.007326,-0.647131
117.813492,3.421246,0.315019,2.354041,0.007326,-0.647131
117.827225,3.435898,0.305251,2.354041,-0.007328,-0.647131
117.841339,3.479855,0.300367,2.354041,0.007326,-0.642246
117.855072,3.465202,0.319902,2.354041,0.007326,-0.642246
117.868805,3.435898,0.319902,2.354041,0.007326,-0.637362
117.882538,3.421246,0.295483,2.354041,0.007326,-0.637362
117.896271,3.479855,0.290599,2.354041,-0.007328,-0.637362
117.910385,3.450550,0.285715,2.354041,-0.007328,-0.632479
117.924118,3.450550,0.275947,2.354041,0.021978,-0.637362
117.937851,3.465202,0.261295,2.354041,-0.007328,-0.632479
117.951584,3.465202,0.266179,2.354041,-0.007328,-0.627595
117.966080,3.465202,0.261295,2.354041,0.007326,-0.627595
117.977905,3.435898,0.251527,2.354041,0.007326,-0.627595
117.993546,3.421246,0.251527,2.354041,0.007326,-0.622710
118.006897,3.435898,0.246643,2.354041,0.007326,-0.627595
118.021011,3.435898,0.231991,2.354041,0.021978,-0.622710
118.034363,3.450550,0.246643,2.354041,-0.007328,-0.612943
118.048477,3.450550,0.256411,2.354041,0.021978,-0.617826
118.062210,3.465202,0.246643,2.354041,0.007326,-0.617826
118.075943,3.465202,0.261295,2.354041,0.007326,-0.617826
118.090057,3.421246,0.275947,2.354041,0.007326,-0.612943
118.103409,3.406593,0.271063,2.354041,-0.007328,-0.612943
118.117142,3.406593,0.266179,2.354041,0.007326,-0.612943
118.130875,3.421246,0.280830,2.354041,0.007326,-0.612943
118.144608,3.421246,0.266179,2.354041,0.007326,-0.612943
118.158340,3.435898,0.266179,2.354041,-0.007328,-0.612943
118.172455,3.465202,0.266179,2.354041,0.021978,-0.612943
118.186569,3.479855,0.266179,2.354041,-0.007328,-0.608059
118.200302,3.479855,0.246643,2.354041,0.007326,-0.608059
118.214417,3.494507,0.261295,2.354041,0.007326,-0.608059
118.228531,3.509159,0.266179,2.354041,0.021978,-0.608059
118.242645,3.509159,0.251527,2.354041,-0.007328,-0.603174
118.256378,3.523811,0.241758,2.354041,0.021978,-0.603174
118.270874,3.509159,0.246643,2.354041,-0.007328,-0.608059
118.284988,3.509159,0.256411,2.354041,0.021978,-0.603174
118.299103,3.509159,0.241758,2.354041,0.007326,-0.603174
118.313217,3.553116,0.231991,2.354041,0.021978,-0.598290
118.327713,3.553116,0.231991,2.353660,-0.007328,-0.598290
118.341446,3.538464,0.246643,2.354041,0.007326,-0.603174
118.355560,3.494507,0.236875,2.354041,0.007326,-0.603174
118.369293,3.494507,0.231991,2.354041,0.007326,-0.598290
118.383408,3.479855,0.217339,2.353660,0.007326,-0.593407
118.397522,3.465202,0.231991,2.354041,0.007326,-0.598290
118.411255,3.494507,0.222223,2.354041,0.021978,-0.593407
118.425369,3.479855,0.212455,2.354041,0.007326,-0.588523
118.438721,3.435898,0.231991,2.353660,0.007326,-0.583638
118.452072,3.391945,0.241758,2.353660,0.007326,-0.583638
118.466187,3.391945,0.222223,2.354041,0.007326,-0.583638
118.479919,3.435898,0.222223,2.354041,0.036631,-0.578754
118.494034,3.465202,0.231991,2.353660,0.021978,-0.578754
118.507767,3.465202,0.231991,2.353660,0.007326,-0.578754
118.521500,3.435898,0.236875,2.354041,-0.007328,-0.578754
118.535614,3.465202,0.256411,2.354041,0.021978,-0.573871
118.548965,3.435898,0.275947,2.354041,0.007326,-0.573871
118.562698,3.406593,0.275947,2.353660,0.007326,-0.573871
118.576050,3.362640,0.290599,2.353660,0.021978,-0.573871
118.589783,3.377293,0.271063,2.353660,0.007326,-0.568987
118.603516,3.421246,0.280830,2.353660,0.007326,-0.573871
118.617249,3.435898,0.300367,2.354041,0.007326,-0.573871
118.630981,3.421246,0.300367,2.353660,0.007326,-0.573871
118.644714,3.435898,0.290599,2.353660,0.021978,-0.573871
118.658829,3.465202,0.300367,2.353660,0.021978,-0.573871
118.672562,3.465202,0.295483,2.353660,0.007326,-0.573871
118.686295,3.435898,0.295483,2.353660,-0.007328,-0.568987
118.700409,3.479855,0.285715,2.353660,0.021978,-0.568987
118.714523,3.494507,0.295483,2.353660,0.007326,-0.568987
118.728256,3.494507,0.300367,2.353660,0.007326,-0.568987
118.742371,3.479855,0.285715,2.353660,0.007326,-0.568987
118.756485,3.479855,0.285715,2.353660,0.007326,-0.564102
118.770218,3.479855,0.275947,2.353660,0.007326,-0.564102
118.783951,3.479855,0.251527,2.353660,0.007326,-0.564102
118.798447,3.509159,0.246643,2.353660,0.007326,-0.564102
118.812561,3.523811,0.261295,2.353660,0.007326,-0.564102
118.826675,3.509159,0.256411,2.353660,0.021978,-0.564102
118.840027,3.494507,0.241758,2.353660,-0.007328,-0.559218
118.854141,3.494507,0.231991,2.353660,0.021978,-0.559218
118.867874,3.479855,0.236875,2.353660,0.007326,-0.554335
118.882370,3.494507,0.222223,2.353660,0.007326,-0.554335
118.895721,3.479855,0.217339,2.353660,-0.007328,-0.554335
118.909836,3.465202,0.217339,2.353660,0.007326,-0.559218
118.923569,3.465202,0.222223,2.353660,-0.007328,-0.559218
118.938065,3.509159,0.222223,2.353660,0.021978,-0.554335
118.952179,3.523811,0.222223,2.353660,0.021978,-0.554335
118.966293,3.479855,0.227107,2.353660,-0.007328,-0.549451
118.979645,3.406593,0.207571,2.354041,0.021978,-0.549451
118.992996,3.347988,0.178267,2.353660,0.007326,-0.544566
119.005966,3.289379,0.173383,2.353660,0.007326,-0.544566
119.018555,3.216118,0.139194,2.353660,0.007326,-0.544566
119.030380,3.084251,0.100122,2.353660,-0.007328,-0.544566
119.041443,2.908428,0.065935,2.353660,0.007326,-0.544566
119.053268,2.923080,0.007326,2.353660,0.007326,-0.544566
119.065857,3.010990,-0.119658,2.353660,0.007326,-0.544566
119.076538,2.864471,-0.251526,2.353660,0.021978,-0.544566
119.086075,2.630039,-0.344322,2.353660,0.007326,-0.544566
119.095230,2.439564,-0.442002,2.353660,0.007326,-0.544566
119.103241,2.190479,-0.544566,2.353660,-0.007328,-0.539682
119.110107,1.926743,-0.612943,2.353660,0.007326,-0.539682
119.116211,1.721613,-0.637362,2.353660,0.007326,-0.539682
119.120789,1.399269,-0.671551,2.353660,0.007326,-0.534799
119.124222,1.076925,-0.700854,2.353660,0.021978,-0.534799
119.126511,0.813189,-0.686203,2.353660,0.007326,-0.529915
119.128418,0.637363,-0.652015,2.353660,0.007326,-0.529915
119.129562,0.388281,-0.622710,2.353660,0.007326,-0.525030
119.129944,0.256413,-0.564102,2.353660,0.021978,-0.525030
119.129944,0.095240,-0.471307,2.353660,0.007326,-0.520146
119.129181,-0.036631,-0.412699,2.353660,-0.007328,-0.520146
119.128418,-0.139194,-0.349206,2.353660,0.007326,-0.525030
119.127274,-0.212454,-0.251526,2.353660,0.007326,-0.525030
119.126129,-0.315018,-0.173382,2.353660,0.007326,-0.529915
119.125366,-0.241758,-0.114774,2.353660,-0.007328,-0.525030
119.124603,-0.197802,-0.061050,2.353660,0.007326,-0.525030
119.124222,-0.139194,-0.002442,2.353660,-0.007328,-0.529915
119.124985,0.007328,0.036631,2.353660,0.007326,-0.534799
119.125366,0.080587,0.095239,2.353660,0.021978,-0.534799
119.124985,0.007328,0.163614,2.353660,0.007326,-0.539682
119.124985,-0.021978,0.207571,2.353660,0.021978,-0.539682
119.125366,0.007328,0.227107,2.353660,0.007326,-0.544566
119.125748,0.036633,0.231991,2.353660,-0.007328,-0.544566
119.126129,0.095240,0.227107,2.353660,0.007326,-0.544566
119.127274,0.183151,0.227107,2.353660,0.007326,-0.539682
119.127655,0.168499,0.231991,2.353660,0.007326,-0.534799
119.128418,0.153849,0.217339,2.353660,-0.007328,-0.534799
119.129562,0.212456,0.173383,2.353660,-0.007328,-0.534799
119.131088,0.300367,0.144079,2.353660,0.007326,-0.539682
119.131851,0.271065,0.139194,2.353660,0.007326,-0.534799
119.132233,0.183151,0.119658,2.353660,0.007326,-0.534799
119.132996,0.139196,0.085470,2.353660,0.007326,-0.539682
119.133759,0.139196,0.056167,2.353660,0.007326,-0.539682
119.134140,0.168499,0.041514,2.353660,0.007326,-0.539682
119.134140,0.080587,0.031747,2.353660,0.007326,-0.539682
119.134140,-0.021978,0.017095,2.353660,0.007326,-0.539682
119.133759,-0.021978,-0.007326,2.353660,0.021978,-0.539682
119.134140,-0.007326,-0.026862,2.353660,0.007326,-0.534799
119.133759,-0.007326,-0.046398,2.353660,-0.007328,-0.529915
119.133759,-0.021978,-0.056166,2.353660,0.007326,-0.534799
119.133759,-0.007326,-0.061050,2.353660,0.007326,-0.534799
119.133759,-0.007326,-0.065934,2.353660,0.021978,-0.539682
119.133759,-0.007326,-0.070818,2.353660,0.021978,-0.539682
119.134140,-0.007326,-0.065934,2.353660,-0.007328,-0.534799
119.133759,-0.021978,-0.065934,2.353660,-0.007328,-0.539682
119.133759,-0.007326,-0.061050,2.353660,0.007326,-0.539682
119.133759,-0.007326,-0.056166,2.353660,0.007326,-0.539682
119.134140,-0.007326,-0.051282,2.353660,0.007326,-0.539682
119.134140,0.007328,-0.046398,2.353660,0.007326,-0.539682
119.134140,-0.007326,-0.041514,2.353660,0.021978,-0.544566
119.133759,-0.007326,-0.036630,2.353660,0.007326,-0.539682
119.134140,-0.007326,-0.031746,2.353660,0.007326,-0.539682
119.134140,-0.007326,-0.031746,2.353660,-0.007328,-0.539682
119.133759,0.007328,-0.026862,2.353660,0.007326,-0.544566
119.134140,-0.007326,-0.026862,2.353660,0.007326,-0.544566
119.133759,-0.007326,-0.026862,2.353660,-0.007328,-0.544566
119.134140,0.007328,-0.021978,2.353660,0.021978,-0.539682
119.134140,0.007328,-0.021978,2.353660,-0.007328,-0.539682
119.133759,-0.007326,-0.017094,2.353660,0.007326,-0.539682
119.134140,-0.007326,-0.017094,2.353660,0.007326,-0.539682
119.134140,0.007328,-0.012210,2.353660,0.021978,-0.539682
119.134140,-0.007326,-0.007326,2.353660,0.007326,-0.539682
119.134140,0.007328,-0.007326,2.353660,0.007326,-0.539682
119.134140,-0.021978,0.002442,2.353660,-0.007328,-0.534799
119.133759,-0.021978,0.002442,2.353660,0.007326,-0.534799
119.133759,-0.021978,0.007326,2.353660,0.007326,-0.529915
119.133759,-0.021978,0.012211,2.353660,0.021978,-0.534799
119.133759,0.007328,0.012211,2.353660,0.007326,-0.529915
119.134140,-0.007326,0.017095,2.353660,0.007326,-0.529915
119.134140,0.007328,0.017095,2.353660,0.007326,-0.529915
119.134140,0.007328,0.021978,2.353660,0.007326,-0.529915
119.134140,0.007328,0.021978,2.353660,0.007326,-0.525030
119.134140,-0.007326,0.021978,2.353660,0.007326,-0.525030
119.134140,-0.021978,0.017095,2.353660,-0.007328,-0.525030
119.134140,-0.007326,0.007326,2.353660,0.007326,-0.529915
119.134140,-0.007326,0.002442,2.353660,-0.021980,-0.529915
119.134140,-0.007326,-0.012210,2.353660,0.021978,-0.534799
119.134140,-0.007326,-0.017094,2.353660,0.007326,-0.534799
119.134140,-0.007326,-0.026862,2.353660,0.007326,-0.534799
119.134140,-0.007326,-0.026862,2.353660,0.021978,-0.539682
119.134140,0.007328,-0.031746,2.353660,-0.007328,-0.539682
119.134140,0.007328,-0.031746,2.353660,0.007326,-0.539682
119.134140,-0.007326,-0.031746,2.353660,0.007326,-0.534799
119.134140,-0.007326,-0.031746,2.353660,0.007326,-0.539682
119.134140,-0.007326,-0.026862,2.353660,0.007326,-0.539682
119.134140,-0.007326,-0.021978,2.353660,-0.007328,-0.539682
119.134140,-0.007326,-0.017094,2.353660,0.007326,-0.544566
119.134140,-0.007326,-0.012210,2.353660,0.021978,-0.544566
119.134140,0.007328,-0.007326,2.353660,0.007326,-0.544566
119.134140,-0.007326,-0.002442,2.353660,0.007326,-0.544566
119.134140,-0.007326,-0.002442,2.353660,0.007326,-0.544566
119.134140,-0.007326,0.002442,2.353660,0.007326,-0.549451
119.134140,-0.007326,0.002442,2.353660,0.007326,-0.549451
119.134140,0.007328,0.002442,2.353660,0.007326,-0.544566
119.134140,-0.021978,0.007326,2.353660,0.021978,-0.544566
119.134140,-0.007326,0.007326,2.353660,-0.007328,-0.539682
119.134140,-0.021978,0.007326,2.353660,0.007326,-0.544566
119.134140,-0.007326,0.012211,2.353660,-0.007328,-0.544566
119.134140,-0.007326,0.007326,2.353660,0.007326,-0.539682
119.134140,-0.007326,0.012211,2.353660,0.007326,-0.539682
119.134140,-0.007326,0.012211,2.353660,0.007326,-0.539682
119.134140,-0.021978,0.012211,2.353660,0.007326,-0.544566
119.134140,0.007328,0.012211,2.353660,0.007326,-0.539682
119.134140,0.007328,0.012211,2.353660,0.021978,-0.539682
119.134140,0.007328,0.012211,2.353660,0.007326,-0.539682
119.134140,-0.007326,0.012211,2.353660,0.007326,-0.539682
119.134140,-0.007326,0.007326,2.353660,-0.007328,-0.534799
119.134140,-0.021978,0.002442,2.353660,0.007326,-0.534799
119.134140,-0.007326,-0.002442,2.353660,0.007326,-0.534799
119.134140,-0.007326,-0.002442,2.353660,0.007326,-0.534799
119.134140,-0.007326,-0.007326,2.353660,0.007326,-0.534799
119.134140,-0.007326,-0.012210,2.353660,0.021978,-0.539682
119.134140,0.007328,-0.017094,2.353660,0.007326,-0.534799
119.134140,-0.007326,-0.021978,2.353660,0.007326,-0.534799
119.134140,-0.021978,-0.021978,2.353660,0.007326,-0.534799
119.134140,-0.021978,-0.021978,2.353660,-0.007328,-0.529915
119.134140,0.021980,-0.021978,2.353660,0.007326,-0.534799
119.134140,-0.021978,-0.021978,2.353660,0.007326,-0.534799
119.133759,-0.021978,-0.017094,2.353660,0.021978,-0.534799
119.134140,0.007328,-0.017094,2.353660,-0.007328,-0.534799
119.134140,-0.007326,-0.012210,2.353660,0.007326,-0.534799
119.133759,-0.021978,-0.012210,2.353660,-0.007328,-0.534799
119.134140,-0.007326,-0.012210,2.353660,0.007326,-0.539682
119.134140,-0.007326,-0.007326,2.353660,0.007326,-0.539682
119.134140,-0.007326,-0.007326,2.353660,0.007326,-0.539682
119.134140,-0.007326,-0.007326,2.353660,0.007326,-0.534799
119.133759,-0.007326,-0.002442,2.353660,-0.007328,-0.534799
119.134140,-0.021978,-0.002442,2.353660,0.021978,-0.539682
119.134140,0.007328,-0.002442,2.353660,0.007326,-0.539682
119.134140,-0.007326,0.002442,2.353660,0.007326,-0.539682
119.134140,-0.021978,0.002442,2.353660,0.007326,-0.539682
119.134140,-0.021978,0.002442,2.353660,0.007326,-0.544566
119.134140,-0.021978,0.007326,2.353660,0.007326,-0.544566
119.134140,0.007328,0.012211,2.353660,0.007326,-0.544566
119.134140,-0.021978,0.017095,2.353660,0.007326,-0.539682
119.134140,0.007328,0.017095,2.353660,0.007326,-0.539682
119.134140,0.021980,0.017095,2.353660,0.007326,-0.544566
119.134140,-0.007326,0.017095,2.353660,0.007326,-0.539682
119.134140,-0.007326,0.017095,2.353660,0.021978,-0.539682
119.134140,-0.007326,0.017095,2.353660,0.007326,-0.539682
119.134140,0.007328,0.012211,2.353660,0.007326,-0.539682
119.134140,-0.007326,0.012211,2.353660,0.021978,-0.539682
119.133759,-0.007326,0.007326,2.353660,0.007326,-0.539682
119.134140,0.007328,0.002442,2.353660,0.021978,-0.534799
119.134140,-0.021978,-0.002442,2.353660,0.007326,-0.529915
119.134140,-0.007326,-0.007326,2.353660,0.007326,-0.534799
119.134140,-0.021978,-0.012210,2.353660,-0.007328,-0.539682
119.134140,-0.021978,-0.012210,2.353660,0.007326,-0.539682
119.134140,0.007328,-0.012210,2.353660,0.007326,-0.534799
119.134140,-0.021978,-0.017094,2.353660,0.021978,-0.534799
119.134140,-0.007326,-0.017094,2.353660,0.007326,-0.529915
119.133759,-0.007326,-0.017094,2.353660,0.007326,-0.534799
119.134140,0.007328,-0.017094,2.353660,0.007326,-0.534799
119.134140,-0.021978,-0.017094,2.353660,0.007326,-0.534799
119.134140,0.021980,-0.017094,2.353660,0.021978,-0.529915
119.134140,-0.007326,-0.017094,2.353660,-0.007328,-0.534799
119.134140,-0.007326,-0.017094,2.353660,0.007326,-0.539682
119.134140,-0.007326,-0.017094,2.353660,0.021978,-0.539682
119.134140,-0.007326,-0.017094,2.353660,0.007326,-0.534799
119.134140,-0.007326,-0.017094,2.353660,0.007326,-0.534799
119.134140,-0.036631,-0.012210,2.353660,0.021978,-0.534799
119.134140,-0.007326,-0.012210,2.353660,-0.007328,-0.539682
119.134140,-0.021978,-0.007326,2.353660,0.021978,-0.539682
119.134140,-0.007326,-0.002442,2.353660,-0.007328,-0.534799
119.134140,-0.007326,0.002442,2.353660,0.007326,-0.534799
119.134140,-0.007326,0.002442,2.353660,0.007326,-0.539682
119.134140,-0.021978,0.007326,2.353660,0.007326,-0.534799
119.134140,-0.021978,0.007326,2.353660,0.007326,-0.534799
119.134140,-0.007326,0.012211,2.353660,0.021978,-0.539682
119.134140,-0.021978,0.012211,2.353660,-0.007328,-0.534799
119.134140,0.007328,0.017095,2.353660,0.007326,-0.534799
119.134140,-0.007326,0.017095,2.353660,-0.007328,-0.534799
119.134140,-0.007326,0.017095,2.353660,0.021978,-0.534799
119.134140,-0.007326,0.017095,2.353660,-0.007328,-0.534799
119.134140,-0.007326,0.017095,2.353660,-0.007328,-0.539682
119.134140,-0.007326,0.012211,2.353660,-0.007328,-0.539682
119.134140,-0.007326,0.012211,2.353660,0.007326,-0.539682
119.134140,-0.007326,0.007326,2.353660,0.021978,-0.544566
119.134140,-0.007326,0.002442,2.353660,0.021978,-0.539682
119.134140,-0.021978,-0.002442,2.353660,-0.007328,-0.534799
119.134140,-0.007326,-0.007326,2.353660,-0.007328,-0.539682
119.134140,-0.007326,-0.012210,2.353660,0.007326,-0.539682
119.134140,0.007328,-0.012210,2.353660,0.007326,-0.539682
119.134140,-0.007326,-0.012210,2.353660,0.007326,-0.534799
119.134140,0.007328,-0.012210,2.353660,0.007326,-0.534799
119.134140,-0.021978,-0.012210,2.353660,0.021978,-0.539682
119.134140,0.007328,-0.012210,2.353660,0.007326,-0.539682
119.134140,-0.007326,-0.012210,2.353660,-0.007328,-0.534799
119.134140,-0.007326,-0.017094,2.353660,0.007326,-0.539682
119.133759,-0.007326,-0.017094,2.353660,0.007326,-0.539682
119.134140,-0.007326,-0.017094,2.353660,0.007326,-0.534799
119.134140,-0.021978,-0.017094,2.353660,0.007326,-0.534799
119.134140,-0.007326,-0.012210,2.353660,-0.007328,-0.534799
119.134140,0.007328,-0.012210,2.353660,0.007326,-0.539682
119.134140,-0.007326,-0.007326,2.353660,0.007326,-0.539682
119.134140,-0.007326,-0.007326,2.353660,0.007326,-0.534799
119.134140,-0.007326,-0.002442,2.353660,-0.007328,-0.534799
119.134140,-0.007326,-0.002442,2.353660,-0.007328,-0.539682
119.134140,-0.007326,0.002442,2.353660,0.007326,-0.544566
119.133759,-0.007326,0.002442,2.353660,0.007326,-0.544566
119.134140,-0.007326,0.007326,2.353660,-0.007328,-0.539682
119.134140,-0.007326,0.007326,2.353660,0.007326,-0.539682
119.134140,-0.007326,0.007326,2.353660,0.021978,-0.539682
119.134140,-0.007326,0.007326,2.353660,-0.007328,-0.534799
119.134140,0.007328,0.007326,2.353660,0.007326,-0.539682
119.134140,-0.007326,0.007326,2.353660,0.007326,-0.539682
119.134140,-0.007326,0.012211,2.353660,-0.007328,-0.539682
119.134140,-0.021978,0.012211,2.353660,0.007326,-0.534799
119.134140,0.007328,0.012211,2.353660,0.007326,-0.539682
119.134140,-0.021978,0.007326,2.353660,0.007326,-0.539682
119.134140,0.007328,0.007326,2.353660,0.021978,-0.544566
119.133759,-0.021978,0.007326,2.353660,0.007326,-0.534799
119.134140,0.007328,0.007326,2.353660,-0.007328,-0.534799
119.134140,0.007328,0.026863,2.353660,-0.007328,-0.534799
119.134140,0.021980,0.056167,2.353660,0.021978,-0.539682
119.134521,0.021980,0.090355,2.353660,0.021978,-0.534799
119.134521,0.036633,0.134311,2.353660,0.007326,-0.529915
119.134903,0.080587,0.202686,2.353660,0.021978,-0.534799
119.135666,0.095240,0.271063,2.353660,0.021978,-0.539682
119.136047,0.109892,0.329671,2.353660,-0.007328,-0.534799
119.137573,0.241760,0.407815,2.353660,0.021978,-0.534799
119.139481,0.402931,0.481075,2.353660,0.021978,-0.539682
119.141769,0.476192,0.534800,2.353660,0.007326,-0.534799
119.143677,0.490845,0.583639,2.353660,0.007326,-0.539682
119.145966,0.505497,0.588523,2.353660,0.007326,-0.539682
119.148636,0.578756,0.559219,2.353660,0.007326,-0.539682
119.152069,0.739929,0.525031,2.353660,0.021978,-0.539682
119.156265,0.915752,0.549451,2.353660,0.007326,-0.534799
119.161987,1.150185,0.573872,2.353660,0.007326,-0.534799
119.166946,1.238096,0.612944,2.353660,0.007326,-0.539682
119.171524,1.194141,0.637363,2.353660,0.007326,-0.544566
119.177246,1.238096,0.647131,2.353660,0.007326,-0.544566
119.183731,1.457878,0.617827,2.353660,0.007326,-0.539682
119.190598,1.633701,0.608059,2.353660,0.007326,-0.534799
119.197845,1.721613,0.647131,2.353660,0.007326,-0.534799
119.205856,1.868134,0.656899,2.353660,-0.007328,-0.534799
119.214249,2.014652,0.637363,2.353660,0.007326,-0.534799
119.223022,2.102566,0.627595,2.353660,0.007326,-0.534799
119.232178,2.219780,0.617827,2.353660,0.007326,-0.534799
119.242096,2.351650,0.603175,2.353660,-0.007328,-0.529915
119.252014,2.395607,0.598291,2.353660,0.007326,-0.529915
119.261932,2.483517,0.598291,2.353660,-0.007328,-0.529915
119.272995,2.630039,0.564103,2.353660,0.007326,-0.534799
119.284439,2.761906,0.539683,2.353660,0.021978,-0.534799
119.296265,2.849819,0.529915,2.353660,0.007326,-0.534799
119.308090,2.893776,0.529915,2.353660,0.007326,-0.529915
119.319916,2.908428,0.500611,2.353660,0.007326,-0.529915
119.332123,3.010990,0.476191,2.353660,-0.007328,-0.525030
119.345093,3.128208,0.461539,2.353660,-0.007328,-0.525030
119.358444,3.245422,0.481075,2.353660,-0.007328,-0.525030
119.372177,3.333336,0.485959,2.353660,0.007326,-0.529915
119.386292,3.421246,0.485959,2.353660,0.007326,-0.525030
119.400406,3.465202,0.471307,2.353660,0.007326,-0.525030
119.414139,3.479855,0.456656,2.353660,0.007326,-0.520146
119.428253,3.479855,0.422467,2.353660,-0.007328,-0.525030
119.441986,3.494507,0.388279,2.353660,0.007326,-0.525030
119.456482,3.509159,0.349207,2.353660,-0.007328,-0.520146
119.470596,3.553116,0.329671,2.353660,-0.007328,-0.525030
119.485092,3.611725,0.305251,2.353660,-0.007328,-0.525030
119.499969,3.611725,0.280830,2.353660,0.007326,-0.525030
119.514465,3.611725,0.241758,2.353660,0.021978,-0.520146
119.528961,3.611725,0.212455,2.353660,0.007326,-0.520146
119.543076,3.597073,0.183151,2.353660,0.007326,-0.520146
119.557571,3.567768,0.163614,2.353660,0.007326,-0.525030
119.571686,3.582420,0.168499,2.353660,0.007326,-0.520146
119.585419,3.494507,0.163614,2.353660,0.021978,-0.515263
119.599152,3.465202,0.158731,2.353660,0.007326,-0.515263
119.612503,3.362640,0.168499,2.353660,0.007326,-0.515263
119.625473,3.318684,0.168499,2.353660,0.007326,-0.515263
119.638824,3.333336,0.144079,2.353660,0.007326,-0.510379
119.652557,3.391945,0.144079,2.353660,0.007326,-0.510379
119.666672,3.435898,0.153847,2.353660,0.007326,-0.515263
119.680405,3.406593,0.188035,2.353660,-0.007328,-0.515263
119.694138,3.435898,0.207571,2.353660,0.007326,-0.520146
119.707870,3.435898,0.212455,2.353660,0.021978,-0.515263
119.721985,3.465202,0.222223,2.353660,0.007326,-0.515263
119.735718,3.435898,0.261295,2.353660,-0.007328,-0.515263
119.749069,3.406593,0.285715,2.353660,0.007326,-0.515263
119.762039,3.333336,0.324787,2.353660,0.007326,-0.520146
119.775009,3.260075,0.334555,2.353660,-0.007328,-0.515263
119.787979,3.216118,0.339439,2.353660,0.007326,-0.520146
119.801331,3.274727,0.319902,2.353660,0.021978,-0.520146
119.815063,3.347988,0.315019,2.353660,0.007326,-0.515263
119.828796,3.406593,0.344323,2.353660,0.007326,-0.520146
119.842148,3.377293,0.344323,2.353660,0.007326,-0.520146
119.855499,3.362640,0.349207,2.353660,0.021978,-0.520146
119.869232,3.391945,0.329671,2.353660,-0.007328,-0.515263
119.882965,3.406593,0.329671,2.353660,0.007326,-0.515263
119.896317,3.347988,0.344323,2.353278,0.007326,-0.515263
119.909668,3.362640,0.319902,2.353660,0.007326,-0.520146
119.923782,3.406593,0.300367,2.353660,0.007326,-0.520146
119.937515,3.465202,0.305251,2.353660,0.007326,-0.515263
119.951630,3.450550,0.290599,2.353660,-0.007328,-0.520146
119.965363,3.479855,0.285715,2.353660,-0.007328,-0.525030
119.979477,3.494507,0.280830,2.353660,0.007326,-0.520146
119.993210,3.479855,0.285715,2.353660,0.021978,-0.515263
120.007324,3.479855,0.266179,2.353660,0.007326,-0.515263
120.021439,3.494507,0.271063,2.353660,0.007326,-0.520146
120.035172,3.450550,0.271063,2.353278,0.007326,-0.520146
120.048904,3.435898,0.266179,2.353660,0.007326,-0.520146
120.062637,3.435898,0.261295,2.353660,0.007326,-0.520146
120.075989,3.362640,0.275947,2.353660,0.007326,-0.520146
120.089722,3.406593,0.256411,2.353660,0.021978,-0.520146
120.103455,3.406593,0.241758,2.353660,0.007326,-0.520146
120.117569,3.435898,0.256411,2.353660,0.007326,-0.525030
120.131302,3.435898,0.256411,2.353660,0.007326,-0.525030
120.145035,3.450550,0.251527,2.353278,0.007326,-0.525030
120.158768,3.465202,0.256411,2.353660,0.007326,-0.525030
120.172501,3.406593,0.275947,2.353660,0.021978,-0.525030
120.186234,3.406593,0.266179,2.353660,-0.007328,-0.525030
120.199966,3.421246,0.271063,2.353278,-0.007328,-0.529915
120.213699,3.435898,0.261295,2.353660,0.007326,-0.534799
120.227432,3.465202,0.251527,2.353660,-0.007328,-0.534799
120.241165,3.450550,0.261295,2.353278,-0.007328,-0.534799
120.254898,3.421246,0.280830,2.353278,-0.007328,-0.534799
120.268631,3.435898,0.256411,2.353660,0.007326,-0.534799
120.282745,3.435898,0.261295,2.353660,0.021978,-0.539682
120.296478,3.450550,0.271063,2.353660,0.021978,-0.534799
120.309830,3.406593,0.256411,2.353660,-0.007328,-0.534799
120.323944,3.435898,0.251527,2.353660,0.007326,-0.544566
120.337677,3.435898,0.266179,2.353278,0.007326,-0.544566
120.351791,3.450550,0.256411,2.353660,0.007326,-0.549451
120.365524,3.435898,0.256411,2.353660,0.007326,-0.549451
120.379257,3.421246,0.266179,2.353660,0.021978,-0.549451
120.392609,3.421246,0.256411,2.353660,0.007326,-0.544566
120.406342,3.435898,0.251527,2.353660,-0.007328,-0.544566
120.420074,3.391945,0.271063,2.353660,-0.007328,-0.554335
120.433426,3.377293,0.271063,2.353278,0.007326,-0.554335
120.447159,3.391945,0.251527,2.353660,0.021978,-0.554335
120.460892,3.421246,0.261295,2.353660,0.007326,-0.559218
120.474243,3.391945,0.261295,2.353660,0.021978,-0.559218
120.487595,3.347988,0.280830,2.353660,0.007326,-0.554335
120.501328,3.347988,0.275947,2.353660,0.007326,-0.559218
120.514297,3.347988,0.275947,2.353660,0.021978,-0.564102
120.528030,3.347988,0.285715,2.353660,0.007326,-0.564102
120.541000,3.289379,0.290599,2.353660,0.021978,-0.568987
120.554352,3.304031,0.290599,2.353660,0.007326,-0.568987
120.567703,3.318684,0.290599,2.353660,0.021978,-0.573871
120.581055,3.333336,0.290599,2.353660,0.007326,-0.568987
120.594406,3.318684,0.300367,2.353660,0.007326,-0.573871
120.607758,3.333336,0.300367,2.353660,0.007326,-0.573871
120.621490,3.377293,0.305251,2.353660,0.007326,-0.578754
120.635223,3.435898,0.295483,2.353660,0.007326,-0.578754
120.648956,3.406593,0.310135,2.353660,0.007326,-0.578754
120.662308,3.377293,0.319902,2.353660,0.007326,-0.578754
120.676041,3.377293,0.300367,2.353660,0.007326,-0.583638
120.690155,3.450550,0.295483,2.353660,0.007326,-0.583638
120.703888,3.450550,0.319902,2.353660,0.007326,-0.583638
120.717239,3.450550,0.310135,2.353660,-0.007328,-0.583638
120.731354,3.406593,0.300367,2.353660,-0.007328,-0.588523
120.745087,3.465202,0.300367,2.353660,0.007326,-0.588523
120.759201,3.450550,0.285715,2.353660,0.007326,-0.593407
120.772934,3.435898,0.275947,2.353660,0.007326,-0.593407
120.787048,3.450550,0.271063,2.353660,0.007326,-0.593407
120.801163,3.494507,0.275947,2.353660,0.007326,-0.598290
120.814896,3.494507,0.271063,2.353660,0.007326,-0.598290
120.828629,3.450550,0.275947,2.353660,-0.007328,-0.598290
120.842361,3.465202,0.271063,2.353660,0.007326,-0.598290
120.856094,3.465202,0.251527,2.353660,0.007326,-0.598290
120.870209,3.435898,0.246643,2.353660,0.021978,-0.603174
120.883179,3.377293,0.266179,2.353660,-0.021980,-0.603174
120.896912,3.347988,0.246643,2.353660,0.007326,-0.608059
120.909882,3.318684,0.261295,2.353660,0.021978,-0.612943
120.923233,3.304031,0.251527,2.353660,-0.007328,-0.608059
120.936203,3.274727,0.271063,2.353660,-0.007328,-0.612943
120.949554,3.289379,0.261295,2.353660,0.007326,-0.612943
120.962906,3.304031,0.266179,2.353660,0.007326,-0.612943
120.974731,3.318684,0.266179,2.353660,-0.007328,-0.617826
120.989609,3.289379,0.280830,2.353660,0.021978,-0.617826
121.002579,3.274727,0.295483,2.353660,0.007326,-0.622710
121.015549,3.245422,0.310135,2.353660,0.021978,-0.622710
121.028519,3.274727,0.300367,2.353660,0.007326,-0.622710
121.041489,3.245422,0.315019,2.353660,0.021978,-0.627595
121.054459,3.274727,0.324787,2.353660,0.021978,-0.627595
121.067429,3.230770,0.339439,2.353660,0.007326,-0.632479
121.080399,3.260075,0.319902,2.353660,0.021978,-0.632479
121.093750,3.289379,0.329671,2.353660,0.007326,-0.632479
121.107101,3.304031,0.349207,2.353660,-0.007328,-0.632479
121.120071,3.274727,0.358974,2.353660,0.007326,-0.642246
121.133423,3.289379,0.349207,2.353660,0.021978,-0.647131
121.147156,3.333336,0.334555,2.353660,0.007326,-0.642246
121.160507,3.377293,0.344323,2.353660,0.007326,-0.642246
121.173859,3.362640,0.354091,2.353660,0.021978,-0.642246
121.187210,3.333336,0.349207,2.353660,0.007326,-0.642246
121.200943,3.362640,0.334555,2.354041,0.007326,-0.647131
121.214676,3.406593,0.310135,2.353660,0.007326,-0.647131
121.228409,3.391945,0.329671,2.353660,0.007326,-0.652015
121.241760,3.362640,0.329671,2.353660,0.007326,-0.656898
121.255493,3.377293,0.300367,2.353660,0.007326,-0.656898
121.269226,3.435898,0.290599,2.353660,0.021978,-0.656898
121.282959,3.450550,0.295483,2.353660,-0.007328,-0.656898
121.296692,3.421246,0.290599,2.353660,0.007326,-0.656898
121.310425,3.391945,0.285715,2.353660,0.007326,-0.661782
121.324539,3.465202,0.266179,2.353660,0.021978,-0.661782
121.338654,3.509159,0.256411,2.353660,0.007326,-0.656898
121.352005,3.465202,0.275947,2.353660,0.007326,-0.661782
121.365738,3.421246,0.275947,2.354041,0.007326,-0.661782
121.379471,3.421246,0.256411,2.354041,0.007326,-0.666667
121.393204,3.450550,0.251527,2.353660,0.021978,-0.666667
121.406937,3.421246,0.280830,2.354041,0.007326,-0.671551
121.420670,3.406593,0.275947,2.353660,0.021978,-0.671551
121.434402,3.391945,0.261295,2.354041,0.007326,-0.671551
121.448135,3.450550,0.271063,2.353660,0.021978,-0.671551
121.462250,3.450550,0.275947,2.354041,0.021978,-0.671551
121.475983,3.450550,0.271063,2.354041,0.007326,-0.676435
121.489716,3.450550,0.266179,2.353660,0.007326,-0.676435
121.503067,3.421246,0.231991,2.354041,0.007326,-0.681318
121.516418,3.333336,0.212455,2.354041,-0.007328,-0.681318
121.529770,3.289379,0.192919,2.354041,0.007326,-0.686203
121.542358,3.260075,0.134311,2.354041,0.021978,-0.686203
121.554947,3.157509,0.085470,2.353660,0.021978,-0.691087
121.566772,3.084251,0.051283,2.354041,-0.007328,-0.686203
121.579742,3.113556,-0.002442,2.354041,0.007326,-0.691087
121.591568,3.054947,-0.114774,2.354041,-0.007328,-0.691087
121.601486,2.805862,-0.231990,2.353660,-0.007328,-0.695971
121.611023,2.556778,-0.339438,2.354041,0.007326,-0.700854
121.619797,2.351650,-0.490843,2.354041,0.021978,-0.700854
121.627808,2.146523,-0.583638,2.354041,0.021978,-0.700854
121.634674,1.926743,-0.608059,2.354041,0.007326,-0.700854
121.641159,1.706961,-0.647131,2.354041,0.007326,-0.700854
121.645737,1.413921,-0.700854,2.354041,0.021978,-0.695971
121.649551,1.150185,-0.700854,2.354041,0.021978,-0.695971
121.652222,0.871796,-0.686203,2.354041,0.007326,-0.695971
121.653748,0.622713,-0.666667,2.354041,-0.007328,-0.695971
121.654510,0.373629,-0.608059,2.354041,0.007326,-0.695971
121.654892,0.212456,-0.529915,2.354041,0.007326,-0.691087
121.654510,0.051285,-0.485958,2.354041,0.007326,-0.691087
121.653366,-0.109890,-0.442002,2.354041,0.007326,-0.695971
121.651840,-0.271063,-0.383394,2.354041,0.007326,-0.695971
121.650696,-0.315018,-0.305250,2.354041,-0.007328,-0.695971
121.649170,-0.344322,-0.227106,2.354041,0.021978,-0.695971
121.647263,-0.358974,-0.129426,2.354041,-0.007328,-0.695971
121.646118,-0.388279,-0.061050,2.354041,0.007326,-0.700854
121.644974,-0.271063,-0.012210,2.354041,0.007326,-0.700854
121.644211,-0.300365,0.036631,2.354041,0.007326,-0.710623
121.643448,-0.212454,0.080586,2.354041,0.007326,-0.710623
121.643829,-0.065933,0.114775,2.354041,0.007326,-0.710623
121.643829,0.021980,0.183151,2.354041,0.007326,-0.710623
121.644211,0.021980,0.236875,2.354041,0.007326,-0.710623
121.644974,0.095240,0.251527,2.354041,0.007326,-0.710623
121.646118,0.212456,0.246643,2.354041,0.007326,-0.710623
121.647263,0.256413,0.236875,2.354041,-0.007328,-0.705739
121.648407,0.271065,0.246643,2.354041,-0.007328,-0.705739
121.649170,0.197803,0.231991,2.354041,0.007326,-0.705739
121.650314,0.241760,0.168499,2.354041,0.007326,-0.705739
121.651840,0.329672,0.129427,2.354041,0.007326,-0.700854
121.652603,0.271065,0.119658,2.354041,0.007326,-0.700854
121.653366,0.183151,0.085470,2.354041,0.007326,-0.700854
121.654129,0.153849,0.046398,2.354041,0.007326,-0.700854
121.654510,0.153849,0.021978,2.354041,0.007326,-0.705739
121.654129,0.036633,-0.002442,2.354041,0.007326,-0.705739
121.654129,-0.036631,-0.026862,2.354041,0.007326,-0.700854
121.654129,-0.036631,-0.056166,2.354041,0.021978,-0.700854
121.653748,-0.051283,-0.075702,2.354041,0.021978,-0.695971
121.653748,-0.065933,-0.090354,2.354041,0.007326,-0.691087
121.652985,-0.080585,-0.095238,2.354041,0.007326,-0.691087
121.652603,-0.124542,-0.090354,2.354041,0.007326,-0.691087
121.651840,-0.183149,-0.080586,2.354041,0.007326,-0.691087
121.651459,-0.153847,-0.075702,2.354041,-0.007328,-0.695971
121.651077,-0.095238,-0.065934,2.354041,0.021978,-0.695971
121.651077,-0.065933,-0.056166,2.354041,0.007326,-0.695971
121.650696,-0.036631,-0.046398,2.354041,0.021978,-0.695971
121.651077,-0.007326,-0.031746,2.354041,0.007326,-0.700854
121.651077,-0.007326,-0.012210,2.354041,-0.007328,-0.700854
121.651077,0.021980,0.002442,2.354041,0.007326,-0.705739
121.651459,0.036633,0.012211,2.354041,-0.007328,-0.700854
121.651459,0.036633,0.021978,2.354041,0.007326,-0.705739
121.651459,0.021980,0.026863,2.354041,0.007326,-0.705739
121.651840,0.036633,0.021978,2.354041,0.007326,-0.700854
121.651840,0.007328,0.021978,2.354041,0.021978,-0.705739
121.651840,-0.007326,0.017095,2.354041,0.007326,-0.705739
121.651840,-0.007326,0.002442,2.354041,0.007326,-0.705739
121.651459,-0.021978,-0.007326,2.354041,0.007326,-0.705739
121.651459,-0.036631,-0.017094,2.354041,0.007326,-0.710623
121.651459,-0.021978,-0.021978,2.354041,0.021978,-0.710623
121.651459,-0.021978,-0.026862,2.354041,-0.007328,-0.705739
121.651459,-0.021978,-0.026862,2.354041,0.007326,-0.705739
121.651459,-0.021978,-0.021978,2.354041,0.007326,-0.710623
121.651077,-0.021978,-0.007326,2.354041,0.007326,-0.705739
121.651077,-0.007326,0.007326,2.354041,0.007326,-0.705739
121.651459,0.007328,0.017095,2.354041,0.007326,-0.705739
121.651459,-0.007326,0.026863,2.354041,0.007326,-0.705739
121.651459,-0.007326,0.036631,2.354041,0.007326,-0.700854
121.651459,0.007328,0.046398,2.354041,0.007326,-0.705739
121.651459,0.007328,0.056167,2.354041,0.007326,-0.705739
121.651459,0.007328,0.061050,2.354041,0.007326,-0.705739
121.651459,0.007328,0.061050,2.354041,0.007326,-0.705739
121.651459,-0.007326,0.056167,2.354041,0.007326,-0.705739
121.651459,-0.007326,0.051283,2.354041,-0.007328,-0.700854
121.651459,-0.007326,0.041514,2.354041,0.007326,-0.705739
121.651459,0.007328,0.031747,2.354041,0.007326,-0.700854
121.651459,-0.036631,0.021978,2.354041,0.007326,-0.700854
121.651459,-0.021978,0.012211,2.354041,0.007326,-0.700854
121.651459,-0.021978,0.002442,2.354041,0.007326,-0.700854
121.651077,-0.021978,-0.002442,2.354041,0.007326,-0.700854
121.651077,-0.007326,-0.002442,2.354041,0.007326,-0.700854
121.651459,-0.007326,-0.002442,2.354041,0.007326,-0.700854
121.651459,-0.007326,-0.002442,2.354041,-0.007328,-0.700854
121.651459,-0.007326,0.002442,2.354041,0.007326,-0.705739
121.651459,-0.007326,0.002442,2.354041,0.007326,-0.705739
121.651459,0.007328,0.002442,2.354041,0.007326,-0.705739
121.651459,0.007328,0.002442,2.354041,0.007326,-0.705739
121.651459,0.007328,-0.002442,2.354041,0.007326,-0.705739
121.651459,0.007328,-0.007326,2.354041,0.007326,-0.705739
121.651459,-0.007326,-0.017094,2.354041,0.007326,-0.700854
121.651459,-0.007326,-0.021978,2.354041,0.007326,-0.700854
121.651459,-0.007326,-0.026862,2.354041,0.007326,-0.700854
121.651459,-0.007326,-0.031746,2.354041,0.021978,-0.700854
121.651459,-0.007326,-0.031746,2.354041,-0.007328,-0.705739
121.651459,-0.007326,-0.031746,2.354041,-0.007328,-0.700854
121.651459,-0.021978,-0.026862,2.354041,0.007326,-0.705739
121.651459,0.007328,-0.021978,2.354041,-0.007328,-0.705739
121.651459,-0.007326,-0.012210,2.354041,0.007326,-0.710623
121.651459,0.007328,0.002442,2.354041,0.007326,-0.705739
121.651459,0.007328,0.012211,2.354041,0.021978,-0.705739
121.651459,0.007328,0.021978,2.354041,0.007326,-0.705739
121.651459,0.007328,0.026863,2.354041,0.007326,-0.705739
121.651459,0.007328,0.031747,2.354041,0.007326,-0.705739
121.651459,-0.007326,0.036631,2.354041,0.007326,-0.710623
121.651459,0.007328,0.036631,2.354041,0.007326,-0.710623
121.651459,-0.021978,0.036631,2.354041,-0.007328,-0.705739
121.651459,-0.007326,0.031747,2.354041,0.007326,-0.705739
121.651459,0.007328,0.031747,2.354041,0.007326,-0.705739
121.651459,-0.007326,0.026863,2.354041,0.007326,-0.705739
121.651459,-0.021978,0.026863,2.354041,0.021978,-0.705739
121.651459,-0.007326,0.026863,2.354041,0.007326,-0.700854
121.651459,-0.007326,0.021978,2.354041,0.021978,-0.705739
121.651459,-0.007326,0.021978,2.354041,-0.007328,-0.705739
121.651459,-0.007326,0.026863,2.354041,0.007326,-0.700854
121.651459,0.007328,0.026863,2.354041,-0.007328,-0.695971
121.651459,-0.007326,0.026863,2.354041,0.007326,-0.705739
121.651459,-0.007326,0.026863,2.354041,0.007326,-0.705739
121.651459,-0.007326,0.026863,2.354041,0.007326,-0.700854
121.651459,-0.007326,0.021978,2.354041,0.007326,-0.700854
121.651459,0.007328,0.017095,2.354041,0.007326,-0.695971
121.651459,-0.021978,0.012211,2.354041,0.007326,-0.695971
121.651459,-0.007326,0.007326,2.354041,0.007326,-0.691087
121.651459,0.007328,-0.002442,2.354041,0.007326,-0.695971
121.651459,-0.007326,-0.007326,2.354041,0.021978,-0.695971
121.651459,-0.007326,-0.007326,2.354041,0.021978,-0.695971
121.651459,-0.021978,-0.012210,2.354041,0.007326,-0.695971
121.651459,-0.007326,-0.012210,2.354041,0.007326,-0.700854
121.651459,-0.007326,-0.012210,2.354041,-0.007328,-0.700854
121.651459,-0.021978,-0.007326,2.354041,0.007326,-0.705739
121.651459,-0.007326,-0.002442,2.354041,0.007326,-0.705739
121.651459,-0.021978,-0.002442,2.354041,0.007326,-0.705739
121.651459,-0.007326,0.002442,2.354041,0.007326,-0.705739
121.651459,-0.007326,0.002442,2.354041,0.021978,-0.705739
121.651459,-0.007326,-0.002442,2.354041,0.007326,-0.705739
121.651459,0.007328,-0.002442,2.354041,0.007326,-0.705739
121.651459,-0.007326,-0.007326,2.354041,0.007326,-0.705739
121.651459,-0.007326,-0.007326,2.354041,0.007326,-0.700854
121.651459,0.007328,-0.007326,2.354041,0.007326,-0.705739
121.651459,-0.007326,-0.007326,2.354041,0.007326,-0.705739
121.651459,-0.007326,-0.007326,2.354041,0.007326,-0.705739
121.651459,-0.021978,-0.002442,2.354041,0.021978,-0.700854
121.651459,-0.007326,0.002442,2.354041,0.007326,-0.700854
121.651459,0.007328,0.002442,2.354041,0.007326,-0.705739
121.651459,-0.007326,0.007326,2.354041,0.021978,-0.705739
121.651459,-0.007326,0.012211,2.354041,0.021978,-0.705739
121.651459,-0.007326,0.017095,2.354041,-0.007328,-0.700854
121.651459,-0.007326,0.021978,2.354041,0.007326,-0.705739
121.651459,0.007328,0.021978,2.354041,0.007326,-0.705739
121.651459,-0.021978,0.021978,2.354041,0.007326,-0.705739
121.651459,-0.007326,0.026863,2.354041,0.007326,-0.705739
121.651459,-0.007326,0.021978,2.354041,0.007326,-0.705739
121.651459,-0.007326,0.021978,2.354041,0.007326,-0.700854
121.651459,-0.007326,0.021978,2.354041,0.007326,-0.700854
121.651459,-0.007326,0.021978,2.354041,-0.007328,-0.705739
121.651459,0.007328,0.017095,2.354041,0.021978,-0.705739
121.651459,-0.007326,0.017095,2.354041,-0.007328,-0.700854
121.651459,-0.007326,0.017095,2.354041,0.021978,-0.700854
121.651459,-0.007326,0.017095,2.354041,0.007326,-0.700854
121.651459,-0.007326,0.026863,2.354041,0.007326,-0.700854
121.651459,0.007328,0.051283,2.354041,0.021978,-0.700854
121.651459,0.021980,0.085470,2.354041,0.007326,-0.700854
121.651840,0.036633,0.129427,2.354041,0.007326,-0.700854
121.652222,0.065935,0.192919,2.354041,0.007326,-0.700854
121.652985,0.139196,0.251527,2.354041,0.007326,-0.705739
121.653748,0.168499,0.300367,2.354041,0.007326,-0.700854
121.654892,0.241760,0.358974,2.354041,0.007326,-0.700854
121.656036,0.271065,0.446887,2.354041,0.021978,-0.700854
121.657944,0.329672,0.490843,2.354041,0.007326,-0.695971
121.659851,0.432236,0.505495,2.354041,0.021978,-0.700854
121.662521,0.534800,0.495728,2.354041,0.007326,-0.700854
121.665192,0.593409,0.505495,2.354041,0.007326,-0.700854
121.668243,0.695972,0.505495,2.354041,0.007326,-0.705739
121.672440,0.842493,0.495728,2.354041,0.007326,-0.705739
121.676254,0.959709,0.534800,2.354041,0.007326,-0.705739
121.680450,1.003664,0.539683,2.354041,0.007326,-0.705739
121.685028,1.047621,0.525031,2.354041,0.007326,-0.700854
121.690369,1.164837,0.525031,2.354041,0.021978,-0.700854
121.696091,1.355312,0.515263,2.354041,-0.007328,-0.700854
121.702194,1.457878,0.510379,2.354041,0.007326,-0.705739
121.707916,1.443226,0.525031,2.354041,0.021978,-0.700854
121.714401,1.531137,0.539683,2.354041,0.007326,-0.700854
121.721649,1.692310,0.515263,2.354041,0.007326,-0.700854
121.729279,1.824177,0.520147,2.354041,0.007326,-0.700854
121.736908,1.853481,0.573872,2.354041,0.007326,-0.700854
121.744919,1.926743,0.578755,2.354041,0.007326,-0.700854
121.753693,2.058609,0.564103,2.354041,0.007326,-0.700854
121.762466,2.131870,0.573872,2.354041,0.007326,-0.700854
121.772003,2.234432,0.608059,2.354041,0.007326,-0.700854
121.781921,2.380955,0.603175,2.354041,0.007326,-0.700854
121.791840,2.439564,0.612944,2.354041,-0.007328,-0.695971
121.802139,2.483517,0.627595,2.354041,0.007326,-0.700854
121.812820,2.615387,0.598291,2.354041,0.007326,-0.700854
121.823883,2.703297,0.588523,2.354041,0.007326,-0.700854
121.835709,2.820515,0.539683,2.354041,0.007326,-0.700854
121.847916,2.937729,0.534800,2.354041,0.007326,-0.705739
121.860123,3.010990,0.515263,2.354041,0.021978,-0.705739
121.871948,2.996338,0.505495,2.354041,-0.007328,-0.705739
121.884537,3.054947,0.481075,2.354041,0.007326,-0.705739
121.898270,3.216118,0.461539,2.354041,0.007326,-0.705739
121.911621,3.304031,0.466423,2.354041,0.007326,-0.705739
121.925354,3.347988,0.481075,2.354041,0.007326,-0.705739
121.938705,3.362640,0.485959,2.354041,-0.007328,-0.705739
121.952820,3.421246,0.451771,2.354041,0.021978,-0.710623
121.966934,3.494507,0.407815,2.354041,-0.007328,-0.710623
121.981430,3.553116,0.388279,2.354041,-0.007328,-0.715507
121.995544,3.553116,0.363859,2.354041,0.007326,-0.720390
122.010040,3.582420,0.339439,2.354041,0.007326,-0.720390
122.025299,3.641026,0.305251,2.354041,0.021978,-0.715507
122.039413,3.641026,0.305251,2.354041,-0.007328,-0.715507
122.053909,3.597073,0.290599,2.354041,-0.007328,-0.720390
122.068405,3.597073,0.241758,2.354041,0.007326,-0.720390
122.082901,3.670330,0.197803,2.354041,0.007326,-0.720390
122.097778,3.699635,0.183151,2.354041,0.007326,-0.725275
122.112274,3.626373,0.183151,2.354041,0.007326,-0.725275
122.126389,3.567768,0.168499,2.354041,0.007326,-0.725275
122.140503,3.538464,0.168499,2.354041,0.007326,-0.725275
122.154617,3.523811,0.153847,2.354041,0.007326,-0.720390
122.168350,3.479855,0.153847,2.354041,0.007326,-0.720390
122.182083,3.435898,0.163614,2.354041,0.007326,-0.720390
122.195435,3.421246,0.163614,2.354041,0.021978,-0.720390
122.209167,3.391945,0.168499,2.354041,0.007326,-0.720390
122.222137,3.347988,0.197803,2.354041,-0.007328,-0.720390
122.235489,3.318684,0.202686,2.354041,0.007326,-0.720390
122.248840,3.304031,0.222223,2.354041,0.007326,-0.720390
122.261810,3.289379,0.227107,2.354041,0.007326,-0.720390
122.274780,3.245422,0.271063,2.354041,0.007326,-0.725275
122.287750,3.230770,0.271063,2.354041,0.021978,-0.720390
122.300339,3.216118,0.285715,2.354041,0.007326,-0.720390
122.314072,3.260075,0.285715,2.354041,0.021978,-0.725275
122.327042,3.245422,0.315019,2.354041,0.021978,-0.725275
122.339630,3.230770,0.319902,2.354041,-0.007328,-0.725275
122.352600,3.216118,0.329671,2.354041,0.021978,-0.725275
122.365952,3.289379,0.319902,2.354041,0.007326,-0.720390
122.379303,3.318684,0.339439,2.354041,0.007326,-0.725275
122.392654,3.333336,0.339439,2.354041,0.007326,-0.730159
122.406006,3.318684,0.349207,2.354041,0.007326,-0.730159
122.419739,3.333336,0.334555,2.354041,-0.007328,-0.725275
122.433090,3.362640,0.334555,2.354041,0.007326,-0.730159
122.446823,3.406593,0.344323,2.354041,0.007326,-0.725275
122.460175,3.391945,0.339439,2.354041,0.007326,-0.725275
122.473907,3.406593,0.334555,2.354041,-0.007328,-0.725275
122.488022,3.435898,0.324787,2.354041,0.007326,-0.725275
122.501755,3.435898,0.319902,2.354041,0.007326,-0.725275
122.515488,3.421246,0.310135,2.354041,0.007326,-0.725275
122.529602,3.465202,0.310135,2.354041,0.021978,-0.730159
122.543716,3.479855,0.290599,2.354041,0.007326,-0.730159
122.557449,3.509159,0.280830,2.354041,0.021978,-0.730159
122.571564,3.479855,0.280830,2.354041,0.007326,-0.725275
122.585297,3.465202,0.280830,2.354041,-0.007328,-0.725275
122.599411,3.494507,0.246643,2.354041,0.007326,-0.725275
122.613525,3.509159,0.236875,2.354041,0.007326,-0.725275
122.627258,3.479855,0.251527,2.354041,0.007326,-0.720390
122.640991,3.421246,0.256411,2.354041,-0.007328,-0.720390
122.654724,3.465202,0.222223,2.354041,0.021978,-0.720390
122.668839,3.494507,0.212455,2.354041,-0.007328,-0.720390
122.682953,3.479855,0.231991,2.354041,0.007326,-0.720390
122.696686,3.450550,0.236875,2.354041,0.007326,-0.715507
122.710800,3.494507,0.212455,2.354041,0.007326,-0.710623
122.724915,3.509159,0.217339,2.354041,0.007326,-0.710623
122.738647,3.494507,0.256411,2.354041,0.021978,-0.710623
122.751999,3.406593,0.256411,2.354041,0.007326,-0.715507
122.765732,3.377293,0.251527,2.354041,0.007326,-0.715507
122.779083,3.391945,0.241758,2.354041,0.007326,-0.715507
122.792435,3.362640,0.256411,2.354041,0.021978,-0.710623
122.806168,3.347988,0.275947,2.354041,0.007326,-0.710623
122.819519,3.347988,0.271063,2.354041,0.007326,-0.715507
122.833252,3.377293,0.261295,2.354041,0.007326,-0.715507
122.846603,3.391945,0.280830,2.354041,-0.007328,-0.715507
122.859955,3.377293,0.285715,2.354041,0.007326,-0.715507
122.873306,3.333336,0.295483,2.354041,0.007326,-0.710623
122.887039,3.406593,0.285715,2.354041,-0.007328,-0.710623
122.900772,3.391945,0.290599,2.354041,0.007326,-0.715507
122.914505,3.377293,0.305251,2.354041,0.007326,-0.710623
122.927475,3.333336,0.300367,2.354041,-0.007328,-0.710623
122.941208,3.362640,0.295483,2.354041,-0.007328,-0.710623
122.954559,3.377293,0.300367,2.354041,0.007326,-0.710623
122.968292,3.377293,0.290599,2.354041,-0.007328,-0.710623
122.981644,3.377293,0.300367,2.354041,-0.007328,-0.710623
122.995377,3.347988,0.290599,2.354041,0.007326,-0.710623
123.008728,3.362640,0.290599,2.354041,0.021978,-0.705739
123.022079,3.347988,0.295483,2.354041,0.007326,-0.705739
123.035431,3.347988,0.290599,2.354041,0.007326,-0.700854
123.048782,3.347988,0.295483,2.354041,0.007326,-0.700854
123.062515,3.347988,0.280830,2.354041,0.021978,-0.700854
123.075867,3.362640,0.280830,2.354041,0.007326,-0.700854
123.089600,3.347988,0.285715,2.354041,0.007326,-0.700854
123.102951,3.377293,0.280830,2.354041,0.021978,-0.705739
123.116684,3.406593,0.275947,2.354041,0.007326,-0.700854
123.130417,3.421246,0.275947,2.354041,0.007326,-0.700854
123.144150,3.421246,0.266179,2.354041,0.007326,-0.700854
123.157501,3.421246,0.290599,2.354041,0.007326,-0.705739
123.171234,3.391945,0.271063,2.354041,-0.007328,-0.700854
123.184967,3.406593,0.231991,2.354041,0.021978,-0.705739
123.198318,3.362640,0.227107,2.354041,0.021978,-0.700854
123.211288,3.318684,0.217339,2.354041,0.007326,-0.695971
123.223877,3.186813,0.158731,2.354041,0.021978,-0.695971
123.235703,3.069599,0.105007,2.354041,0.007326,-0.691087
123.247528,2.981686,0.061050,2.354041,-0.007328,-0.695971
123.259354,3.010990,0.007326,2.354041,0.007326,-0.695971
123.270798,2.923080,-0.119658,2.354041,0.007326,-0.691087
123.281097,2.703297,-0.227106,2.354041,-0.007328,-0.691087
123.289871,2.424911,-0.344322,2.354041,-0.007328,-0.691087
123.298264,2.234432,-0.500610,2.354041,0.021978,-0.691087
123.305511,2.029305,-0.588523,2.354041,0.007326,-0.686203
123.312378,1.838829,-0.617826,2.354041,0.007326,-0.686203
123.318100,1.604397,-0.652015,2.354041,0.021978,-0.686203
123.322678,1.340660,-0.695971,2.354041,0.007326,-0.686203
123.325729,1.032969,-0.671551,2.354041,-0.007328,-0.686203
123.328400,0.798536,-0.666667,2.354041,0.021978,-0.686203
123.329544,0.549452,-0.647131,2.354041,0.007326,-0.681318
123.330307,0.358976,-0.598290,2.354041,0.021978,-0.681318
123.329926,0.109892,-0.520146,2.354041,0.021978,-0.686203
123.329544,-0.036631,-0.456655,2.354041,0.007326,-0.686203
123.328781,-0.124542,-0.422466,2.354041,-0.007328,-0.686203
123.328018,-0.197802,-0.344322,2.354041,0.007326,-0.691087
123.326492,-0.300365,-0.251526,2.354041,0.007326,-0.691087
123.324966,-0.300365,-0.197803,2.354041,0.007326,-0.691087
123.323822,-0.300365,-0.124542,2.354041,0.007326,-0.695971
123.322678,-0.315018,-0.056166,2.354041,0.007326,-0.700854
123.321915,-0.285715,-0.002442,2.354041,0.021978,-0.705739
123.321915,-0.080585,0.026863,2.354041,0.007326,-0.705739
123.321915,-0.051283,0.105007,2.354041,0.007326,-0.705739
123.321915,-0.065933,0.173383,2.354041,0.007326,-0.715507
123.321915,0.007328,0.217339,2.354041,0.021978,-0.710623
123.322296,0.036633,0.246643,2.354041,0.021978,-0.710623
123.323059,0.095240,0.280830,2.354041,0.007326,-0.705739
123.323441,0.109892,0.290599,2.354041,-0.007328,-0.700854
123.324585,0.183151,0.280830,2.354041,0.007326,-0.700854
123.326111,0.285717,0.256411,2.354041,0.007326,-0.695971
123.328018,0.373629,0.246643,2.354041,0.007326,-0.700854
123.329163,0.344324,0.227107,2.354041,-0.007328,-0.700854
123.330688,0.344324,0.192919,2.354041,-0.007328,-0.695971
123.331070,0.241760,0.173383,2.354041,0.021978,-0.700854
123.331451,0.109892,0.148963,2.354041,-0.007328,-0.691087
123.331070,0.007328,0.119658,2.354041,0.007326,-0.691087
123.330688,-0.036631,0.085470,2.354041,-0.007328,-0.691087
123.331070,-0.007326,0.041514,2.354041,0.007326,-0.686203
123.331451,0.036633,0.007326,2.354041,0.007326,-0.686203
123.331070,-0.007326,-0.017094,2.354041,0.007326,-0.681318
123.330688,-0.065933,-0.041514,2.354041,-0.007328,-0.681318
123.330307,-0.080585,-0.061050,2.354041,-0.007328,-0.681318
123.329926,-0.109890,-0.080586,2.354041,0.007326,-0.681318
123.329544,-0.124542,-0.090354,2.354041,0.021978,-0.676435
123.329163,-0.124542,-0.095238,2.354041,0.021978,-0.671551
123.328781,-0.080585,-0.085470,2.354041,-0.007328,-0.666667
123.329163,-0.007326,-0.075702,2.354041,0.021978,-0.666667
123.329163,0.036633,-0.056166,2.354041,0.007326,-0.671551
123.328781,-0.036631,-0.021978,2.354041,0.007326,-0.666667
123.328781,-0.051283,0.012211,2.354041,0.007326,-0.666667
123.328400,-0.036631,0.031747,2.354041,0.021978,-0.671551
123.328781,0.007328,0.051283,2.354041,0.007326,-0.671551
123.329163,0.036633,0.075703,2.354041,0.007326,-0.671551
123.329544,0.080587,0.090355,2.354041,0.007326,-0.671551
123.329926,0.080587,0.105007,2.354041,0.007326,-0.676435
123.330307,0.095240,0.109891,2.354041,0.007326,-0.676435
123.330688,0.065935,0.109891,2.354041,0.007326,-0.681318
123.330307,0.007328,0.100122,2.354041,-0.007328,-0.686203
123.330307,-0.036631,0.080586,2.354041,-0.007328,-0.686203
123.330688,0.007328,0.056167,2.354041,0.007326,-0.686203
123.330688,0.051285,0.026863,2.354041,0.021978,-0.686203
123.330688,0.007328,0.002442,2.354041,-0.007328,-0.686203
123.330688,-0.021978,-0.017094,2.354041,0.007326,-0.691087
123.330688,-0.021978,-0.036630,2.354041,0.007326,-0.695971
123.330307,-0.051283,-0.046398,2.354041,0.007326,-0.700854
123.329926,-0.065933,-0.056166,2.354041,0.007326,-0.700854
123.329544,-0.065933,-0.061050,2.354041,0.021978,-0.700854
123.329544,-0.065933,-0.061050,2.354041,0.021978,-0.705739
123.329544,-0.051283,-0.061050,2.354041,0.021978,-0.705739
123.329544,0.007328,-0.051282,2.354041,-0.007328,-0.700854
123.329926,0.021980,-0.036630,2.354041,0.007326,-0.710623
123.329926,-0.007326,-0.007326,2.354041,0.021978,-0.710623
123.329544,-0.036631,0.012211,2.354041,0.007326,-0.710623
123.329544,-0.007326,0.031747,2.354041,0.007326,-0.705739
123.329544,-0.007326,0.046398,2.354041,0.007326,-0.700854
123.329926,0.007328,0.061050,2.354041,0.021978,-0.705739
123.329926,0.007328,0.075703,2.354041,0.007326,-0.700854
123.329926,0.021980,0.085470,2.354041,0.007326,-0.700854
123.330307,0.007328,0.090355,2.354041,-0.007328,-0.700854
123.330307,0.007328,0.090355,2.354041,0.007326,-0.695971
123.330307,-0.007326,0.085470,2.354041,0.007326,-0.691087
123.329926,-0.007326,0.075703,2.354041,0.021978,-0.686203
123.330307,-0.007326,0.065935,2.354041,0.007326,-0.686203
123.329926,-0.021978,0.051283,2.354041,-0.007328,-0.686203
123.330307,-0.007326,0.041514,2.354041,0.007326,-0.686203
123.329926,-0.021978,0.026863,2.354041,0.021978,-0.681318
123.329926,-0.007326,0.017095,2.354041,0.007326,-0.671551
123.329926,-0.007326,0.007326,2.354041,0.007326,-0.671551
123.329926,-0.007326,-0.002442,2.354041,0.007326,-0.676435
123.329926,-0.007326,-0.007326,2.354041,-0.007328,-0.676435
123.329926,-0.021978,-0.002442,2.354041,0.007326,-0.676435
123.329926,-0.021978,-0.002442,2.354041,0.007326,-0.671551
123.329926,0.007328,0.002442,2.354041,0.007326,-0.676435
123.329926,0.007328,0.007326,2.354041,0.007326,-0.676435
123.329926,-0.007326,0.012211,2.354041,-0.007328,-0.676435
123.329926,-0.007326,0.017095,2.354041,0.021978,-0.676435
123.329926,0.007328,0.021978,2.354041,0.007326,-0.676435
123.329926,-0.007326,0.026863,2.354041,0.007326,-0.676435
123.329926,-0.007326,0.031747,2.354041,0.007326,-0.676435
123.329926,-0.007326,0.031747,2.354041,0.021978,-0.676435
123.329926,-0.021978,0.031747,2.354041,0.021978,-0.681318
123.329926,0.007328,0.031747,2.354041,0.007326,-0.681318
123.329926,-0.007326,0.031747,2.354041,0.007326,-0.676435
123.329926,-0.021978,0.031747,2.354041,0.021978,-0.681318
123.329926,-0.021978,0.031747,2.354041,-0.007328,-0.676435
123.329926,0.007328,0.031747,2.354041,0.021978,-0.681318
123.329926,-0.021978,0.031747,2.354041,-0.007328,-0.681318
123.329926,-0.007326,0.026863,2.354041,0.007326,-0.686203
123.329926,-0.007326,0.026863,2.354041,0.007326,-0.691087
123.329926,-0.007326,0.026863,2.354041,-0.007328,-0.691087
123.329926,-0.021978,0.021978,2.354041,0.021978,-0.695971
123.329926,-0.007326,0.021978,2.354041,0.007326,-0.695971
123.329926,-0.007326,0.017095,2.354041,0.007326,-0.695971
123.329926,-0.007326,0.012211,2.354041,0.021978,-0.695971
123.329926,-0.007326,0.012211,2.354041,0.007326,-0.695971
123.329926,-0.021978,0.012211,2.354041,0.021978,-0.695971
123.329926,0.007328,0.012211,2.354041,0.021978,-0.695971
123.329926,-0.021978,0.012211,2.354041,0.007326,-0.695971
123.329926,-0.007326,0.017095,2.354041,0.007326,-0.700854
123.329926,-0.007326,0.017095,2.354041,0.007326,-0.700854
123.329926,-0.007326,0.021978,2.354041,-0.007328,-0.700854
123.329926,-0.021978,0.021978,2.354041,0.021978,-0.705739
123.329926,-0.007326,0.021978,2.354041,0.007326,-0.700854
123.329926,-0.007326,0.021978,2.354041,0.007326,-0.695971
123.329926,-0.007326,0.021978,2.354041,0.021978,-0.695971
123.329926,-0.007326,0.021978,2.354041,0.007326,-0.695971
123.329926,-0.021978,0.021978,2.354041,0.007326,-0.695971
123.329926,-0.007326,0.021978,2.354041,0.007326,-0.691087
123.329926,-0.021978,0.026863,2.354041,0.007326,-0.691087
123.329926,-0.007326,0.021978,2.354041,0.007326,-0.686203
123.329926,-0.007326,0.021978,2.354041,0.007326,-0.691087
123.329926,-0.007326,0.021978,2.354041,0.007326,-0.686203
123.330307,-0.007326,0.021978,2.354041,-0.007328,-0.681318
123.329926,-0.007326,0.021978,2.354041,0.007326,-0.681318
123.330307,0.007328,0.021978,2.354041,0.007326,-0.681318
123.329926,0.007328,0.021978,2.354041,0.007326,-0.676435
123.329926,-0.007326,0.021978,2.354041,0.007326,-0.676435
123.329926,-0.007326,0.021978,2.354041,-0.007328,-0.676435
123.329926,-0.007326,0.021978,2.354041,0.007326,-0.676435
123.329926,-0.007326,0.026863,2.354041,0.021978,-0.676435
123.329926,0.021980,0.026863,2.354041,0.007326,-0.676435
123.329926,-0.007326,0.026863,2.354041,0.007326,-0.676435
123.329926,-0.007326,0.026863,2.354041,0.007326,-0.676435
123.329926,-0.007326,0.026863,2.354041,0.021978,-0.681318
123.329926,-0.007326,0.026863,2.354041,0.007326,-0.676435
123.329926,-0.007326,0.026863,2.354041,0.007326,-0.681318
123.329926,-0.007326,0.036631,2.354041,0.007326,-0.676435
123.330307,0.021980,0.065935,2.354041,0.007326,-0.681318
123.330688,0.051285,0.109891,2.354041,0.007326,-0.686203
123.331070,0.065935,0.158731,2.354041,-0.007328,-0.686203
123.331451,0.095240,0.241758,2.354041,0.007326,-0.681318
123.332214,0.168499,0.310135,2.354041,-0.007328,-0.681318
123.333740,0.241760,0.358974,2.354041,0.021978,-0.686203
123.335266,0.300367,0.442003,2.354041,0.007326,-0.681318
123.336792,0.344324,0.510379,2.354041,0.007326,-0.686203
123.339081,0.490845,0.549451,2.354041,0.007326,-0.686203
123.341370,0.534800,0.578755,2.354041,0.021978,-0.686203
123.344421,0.637363,0.568987,2.354041,-0.007328,-0.686203
123.348236,0.783884,0.534800,2.354041,0.021978,-0.691087
123.351669,0.871796,0.534800,2.354041,0.007326,-0.686203
123.355865,0.930405,0.534800,2.354041,0.007326,-0.686203
123.360443,1.076925,0.549451,2.354041,0.007326,-0.686203
123.365784,1.208794,0.559219,2.354041,0.007326,-0.691087
123.371506,1.296705,0.539683,2.354041,0.007326,-0.695971
123.377609,1.413921,0.549451,2.354041,0.007326,-0.695971
123.384094,1.516485,0.564103,2.354041,0.021978,-0.695971
123.390198,1.560442,0.559219,2.354041,-0.007328,-0.691087
123.397446,1.648354,0.529915,2.354041,0.007326,-0.691087
123.405457,1.882786,0.505495,2.354041,0.021978,-0.691087
123.414230,2.029305,0.520147,2.354041,0.007326,-0.691087
123.422623,2.087914,0.529915,2.354041,0.021978,-0.691087
123.431778,2.190479,0.544567,2.354041,-0.007328,-0.686203
123.440933,2.219780,0.564103,2.354041,0.007326,-0.681318
123.450470,2.263737,0.529915,2.354041,0.007326,-0.676435
123.460007,2.395607,0.515263,2.354041,0.021978,-0.676435
123.470688,2.498169,0.525031,2.354041,-0.007328,-0.671551
123.481369,2.586082,0.525031,2.354041,0.007326,-0.671551
123.492050,2.630039,0.534800,2.354041,0.007326,-0.671551
123.502350,2.615387,0.539683,2.354041,0.007326,-0.666667
123.513412,2.688644,0.510379,2.354041,0.007326,-0.661782
123.524857,2.791210,0.481075,2.354041,0.007326,-0.656898
123.537064,2.893776,0.471307,2.354041,-0.007328,-0.656898
123.549652,3.010990,0.505495,2.354041,0.021978,-0.656898
123.562622,3.128208,0.529915,2.354041,0.007326,-0.656898
123.575211,3.201466,0.559219,2.354041,-0.007328,-0.652015
123.588562,3.260075,0.529915,2.354041,0.007326,-0.652015
123.601913,3.304031,0.525031,2.354041,0.007326,-0.652015
123.615646,3.347988,0.495728,2.354041,0.007326,-0.656898
123.628998,3.377293,0.481075,2.354041,-0.007328,-0.656898
123.643112,3.435898,0.446887,2.354041,0.007326,-0.652015
123.657608,3.509159,0.412699,2.354041,0.007326,-0.656898
123.671341,3.523811,0.388279,2.354041,0.007326,-0.652015
123.685455,3.494507,0.373627,2.354041,-0.007328,-0.652015
123.699570,3.509159,0.339439,2.354041,0.007326,-0.652015
123.713684,3.523811,0.300367,2.354041,0.007326,-0.656898
123.728180,3.567768,0.256411,2.354041,-0.007328,-0.656898
123.742294,3.553116,0.236875,2.354041,0.007326,-0.656898
123.756790,3.553116,0.231991,2.354041,0.007326,-0.656898
123.770905,3.538464,0.217339,2.354041,0.007326,-0.652015
123.784637,3.538464,0.202686,2.354041,0.007326,-0.652015
123.798752,3.479855,0.183151,2.354041,0.007326,-0.652015
123.812485,3.465202,0.178267,2.354041,-0.007328,-0.652015
123.825836,3.406593,0.178267,2.354041,0.007326,-0.652015
123.839188,3.391945,0.173383,2.354041,0.007326,-0.656898
123.853302,3.377293,0.173383,2.354041,0.007326,-0.652015
123.867035,3.421246,0.168499,2.354041,0.021978,-0.652015
123.881149,3.479855,0.163614,2.354041,-0.007328,-0.647131
123.895264,3.479855,0.197803,2.354041,0.007326,-0.647131
123.909378,3.509159,0.212455,2.354041,0.007326,-0.647131
123.923111,3.509159,0.227107,2.354041,0.021978,-0.647131
123.937225,3.479855,0.241758,2.354041,-0.007328,-0.647131
123.950577,3.421246,0.275947,2.354041,0.007326,-0.647131
123.964310,3.362640,0.290599,2.354041,0.007326,-0.647131
123.977280,3.347988,0.290599,2.354041,-0.007328,-0.642246
123.991013,3.391945,0.271063,2.354041,0.007326,-0.642246
124.005508,3.465202,0.246643,2.354041,0.007326,-0.642246
124.019623,3.523811,0.251527,2.354041,0.007326,-0.637362
124.033356,3.509159,0.275947,2.354041,0.021978,-0.632479
124.047470,3.509159,0.295483,2.354041,0.021978,-0.627595
124.061584,3.494507,0.275947,2.354041,0.021978,-0.622710
124.071503,3.494507,0.271063,2.354041,0.007326,-0.627595
124.089432,3.465202,0.271063,2.354041,0.007326,-0.627595
124.103546,3.465202,0.266179,2.354041,0.007326,-0.622710
124.117661,3.523811,0.241758,2.354041,0.007326,-0.617826
124.131775,3.523811,0.241758,2.354041,0.007326,-0.612943
124.145508,3.509159,0.256411,2.354041,0.007326,-0.612943
124.159622,3.479855,0.271063,2.354041,0.007326,-0.612943
124.173737,3.523811,0.246643,2.354041,0.021978,-0.612943
124.187851,3.465202,0.241758,2.354041,0.007326,-0.608059
124.201584,3.450550,0.256411,2.354041,0.021978,-0.603174
124.214554,3.406593,0.246643,2.354041,0.007326,-0.603174
124.228668,3.435898,0.236875,2.353660,0.007326,-0.603174
124.242401,3.435898,0.246643,2.354041,0.007326,-0.603174
124.255753,3.435898,0.256411,2.354041,-0.007328,-0.603174
124.269867,3.421246,0.251527,2.353660,0.007326,-0.598290
124.283600,3.421246,0.266179,2.353660,0.007326,-0.598290
124.296951,3.406593,0.261295,2.354041,0.007326,-0.593407
124.310684,3.377293,0.266179,2.354041,0.007326,-0.593407
124.324417,3.377293,0.280830,2.353660,-0.007328,-0.593407
124.337769,3.377293,0.290599,2.354041,0.021978,-0.598290
124.351501,3.377293,0.285715,2.353660,-0.007328,-0.593407
124.364853,3.347988,0.295483,2.354041,0.021978,-0.588523
124.378204,3.377293,0.280830,2.354041,0.007326,-0.588523
124.391937,3.362640,0.285715,2.354041,0.007326,-0.588523
124.405670,3.391945,0.275947,2.354041,0.007326,-0.588523
124.419403,3.435898,0.266179,2.354041,0.021978,-0.588523
124.433136,3.435898,0.271063,2.353660,0.007326,-0.583638
124.446869,3.450550,0.266179,2.354041,0.021978,-0.583638
124.461365,3.494507,0.246643,2.353660,0.007326,-0.583638
124.475098,3.494507,0.251527,2.354041,0.021978,-0.583638
124.489212,3.509159,0.256411,2.354041,-0.007328,-0.578754
124.502945,3.479855,0.256411,2.353660,-0.007328,-0.578754
124.517441,3.538464,0.241758,2.354041,0.021978,-0.583638
124.531555,3.553116,0.227107,2.353660,0.007326,-0.578754
124.545670,3.538464,0.241758,2.353660,0.007326,-0.578754
124.559784,3.523811,0.246643,2.354041,0.007326,-0.578754
124.574280,3.523811,0.241758,2.353660,0.007326,-0.573871
124.588394,3.553116,0.222223,2.354041,0.007326,-0.573871
124.602890,3.567768,0.227107,2.353660,-0.007328,-0.578754
124.617004,3.567768,0.231991,2.353660,0.007326,-0.578754
124.631119,3.553116,0.246643,2.353660,0.007326,-0.578754
124.645615,3.538464,0.241758,2.353660,0.021978,-0.578754
124.659729,3.509159,0.227107,2.353660,0.007326,-0.573871
124.673080,3.509159,0.227107,2.353660,0.007326,-0.573871
124.687195,3.494507,0.231991,2.353660,0.007326,-0.573871
124.701691,3.494507,0.227107,2.353660,0.007326,-0.573871
124.715042,3.494507,0.217339,2.353660,0.007326,-0.568987
124.729156,3.450550,0.236875,2.353660,-0.007328,-0.568987
124.742889,3.421246,0.236875,2.353660,-0.007328,-0.573871
124.756241,3.406593,0.173383,2.353660,0.007326,-0.573871
124.769211,3.289379,0.144079,2.353660,0.007326,-0.573871
124.781036,3.142860,0.134311,2.353660,0.007326,-0.573871
124.792862,2.996338,0.095239,2.353660,0.007326,-0.573871
124.804688,2.981686,0.017095,2.353660,-0.007328,-0.568987
124.816895,2.981686,-0.041514,2.353660,0.007326,-0.568987
124.828720,3.040295,-0.105006,2.353660,0.007326,-0.568987
124.839401,2.805862,-0.251526,2.353660,0.007326,-0.568987
124.848175,2.498169,-0.388278,2.353660,0.007326,-0.564102
124.856186,2.219780,-0.481074,2.353660,0.007326,-0.564102
124.864197,2.073261,-0.578754,2.353660,0.007326,-0.564102
124.871445,1.882786,-0.661782,2.353660,0.007326,-0.559218
124.876785,1.619049,-0.671551,2.353660,-0.007328,-0.564102
124.881363,1.340660,-0.647131,2.353660,0.007326,-0.564102
124.884796,1.076925,-0.681318,2.353660,0.007326,-0.564102
124.886703,0.754581,-0.666667,2.353660,0.007326,-0.559218
124.888229,0.534800,-0.622710,2.353660,0.021978,-0.559218
124.889374,0.388281,-0.588523,2.353660,0.007326,-0.559218
124.890137,0.271065,-0.525030,2.353660,-0.007328,-0.559218
124.889755,0.051285,-0.437119,2.353660,0.007326,-0.554335
124.888992,-0.065933,-0.378510,2.353660,0.021978,-0.554335
124.888992,-0.080585,-0.324786,2.353660,0.007326,-0.554335
124.888611,-0.109890,-0.256411,2.353660,-0.007328,-0.554335
124.887848,-0.109890,-0.183150,2.353660,0.007326,-0.554335
124.887466,-0.124542,-0.109890,2.353660,0.007326,-0.559218
124.886703,-0.139194,-0.056166,2.353660,0.007326,-0.559218
124.886703,-0.095238,-0.007326,2.353660,0.021978,-0.559218
124.887085,0.007328,0.036631,2.353660,0.021978,-0.559218
124.887848,0.109892,0.065935,2.353660,0.007326,-0.564102
124.888992,0.197803,0.085470,2.353660,-0.007328,-0.568987
124.890518,0.315020,0.109891,2.353660,0.007326,-0.568987
124.890900,0.256413,0.168499,2.353660,0.007326,-0.573871
124.891281,0.109892,0.188035,2.353660,-0.007328,-0.573871
124.891663,0.080587,0.178267,2.353660,0.007326,-0.573871
124.892044,0.109892,0.144079,2.353660,0.007326,-0.573871
124.893188,0.212456,0.114775,2.353660,0.007326,-0.568987
124.894333,0.212456,0.114775,2.353660,0.007326,-0.568987
124.894333,0.109892,0.124542,2.353660,0.007326,-0.564102
124.893951,0.021980,0.119658,2.353660,0.007326,-0.564102
124.893951,-0.036631,0.095239,2.353660,0.007326,-0.564102
124.893951,-0.036631,0.065935,2.353660,-0.021980,-0.564102
124.893570,-0.036631,0.036631,2.353660,0.007326,-0.568987
124.893570,-0.007326,0.012211,2.353660,0.007326,-0.568987
124.893570,-0.021978,-0.007326,2.353660,-0.007328,-0.564102
124.893570,-0.036631,-0.026862,2.353660,0.007326,-0.564102
124.893570,-0.036631,-0.041514,2.353660,-0.007328,-0.564102
124.893570,-0.007326,-0.051282,2.353660,0.021978,-0.564102
124.893570,-0.007326,-0.061050,2.353660,0.007326,-0.559218
124.893570,-0.021978,-0.065934,2.353660,0.007326,-0.559218
124.893570,-0.007326,-0.065934,2.353660,0.007326,-0.559218
124.893570,-0.007326,-0.061050,2.353660,0.007326,-0.559218
124.893570,-0.007326,-0.056166,2.353660,0.021978,-0.564102
124.893570,0.007328,-0.051282,2.353660,0.021978,-0.559218
124.893570,-0.021978,-0.041514,2.353660,-0.007328,-0.554335
124.893570,0.007328,-0.036630,2.353660,0.007326,-0.554335
124.893570,-0.007326,-0.026862,2.353660,0.007326,-0.559218
124.893570,-0.007326,-0.017094,2.353660,0.021978,-0.564102
124.893570,0.007328,-0.012210,2.353660,0.007326,-0.564102
124.893570,0.007328,-0.007326,2.353660,0.007326,-0.559218
124.893570,-0.007326,-0.002442,2.353660,0.007326,-0.559218
124.893570,0.007328,0.002442,2.353660,0.007326,-0.559218
124.893570,-0.007326,0.002442,2.353660,0.007326,-0.559218
124.893570,-0.007326,0.002442,2.353660,0.007326,-0.559218
124.893570,-0.007326,0.002442,2.353660,0.007326,-0.554335
124.893570,-0.007326,0.002442,2.353660,0.021978,-0.559218
124.893570,-0.007326,0.002442,2.353660,0.021978,-0.559218
124.893570,0.007328,0.007326,2.353660,0.007326,-0.564102
124.893570,-0.007326,0.007326,2.353660,0.007326,-0.564102
124.893570,-0.021978,0.007326,2.353660,0.007326,-0.564102
124.893570,-0.007326,0.007326,2.353660,-0.007328,-0.564102
124.893570,0.007328,0.007326,2.353660,0.021978,-0.564102
124.893570,-0.007326,0.007326,2.353660,0.007326,-0.564102
124.893570,-0.007326,0.007326,2.353660,-0.007328,-0.564102
124.893570,-0.021978,0.002442,2.353660,0.007326,-0.568987
124.893570,-0.007326,0.002442,2.353660,0.007326,-0.568987
124.893570,-0.007326,0.002442,2.353660,-0.007328,-0.568987
124.893570,-0.007326,0.002442,2.353660,0.021978,-0.568987
124.893570,-0.007326,-0.002442,2.353660,0.021978,-0.564102
124.893570,-0.007326,-0.002442,2.353660,0.007326,-0.564102
124.893570,-0.021978,-0.007326,2.353660,-0.007328,-0.564102
124.893570,-0.007326,-0.007326,2.353660,0.007326,-0.568987
124.893570,-0.021978,-0.007326,2.353660,0.007326,-0.568987
124.893570,-0.021978,-0.012210,2.353660,-0.007328,-0.564102
124.893570,-0.007326,-0.012210,2.353660,0.021978,-0.568987
124.893570,-0.007326,-0.012210,2.353660,0.021978,-0.564102
124.893570,-0.021978,-0.017094,2.353660,0.007326,-0.564102
124.893570,-0.007326,-0.017094,2.353660,0.007326,-0.564102
124.893570,-0.007326,-0.021978,2.353660,0.007326,-0.564102
124.893570,-0.021978,-0.021978,2.353660,0.021978,-0.564102
124.893570,-0.021978,-0.021978,2.353660,0.021978,-0.568987
124.893570,-0.007326,-0.026862,2.353660,0.007326,-0.564102
124.893570,-0.007326,-0.026862,2.353660,0.007326,-0.564102
124.893570,0.007328,-0.031746,2.353660,0.007326,-0.564102
124.893570,-0.021978,-0.031746,2.353660,0.007326,-0.564102
124.893570,0.007328,-0.031746,2.353660,0.021978,-0.564102
124.893570,-0.007326,-0.031746,2.353660,0.021978,-0.559218
124.893570,0.007328,-0.036630,2.353660,0.007326,-0.559218
124.893570,-0.007326,-0.031746,2.353660,0.007326,-0.564102
124.893570,-0.007326,-0.031746,2.353660,0.007326,-0.559218
124.893570,-0.007326,-0.026862,2.353660,0.007326,-0.564102
124.893570,-0.007326,-0.026862,2.353660,0.007326,-0.564102
124.893570,-0.007326,-0.021978,2.353660,0.007326,-0.559218
124.893570,-0.007326,-0.017094,2.353660,0.007326,-0.559218
124.893570,-0.007326,-0.007326,2.353660,0.021978,-0.559218
124.893570,-0.007326,-0.002442,2.353660,-0.007328,-0.559218
124.893570,-0.007326,0.002442,2.353660,0.007326,-0.559218
124.893570,-0.007326,0.012211,2.353660,0.007326,-0.564102
124.893570,-0.007326,0.012211,2.353660,0.021978,-0.564102
124.893570,-0.007326,0.017095,2.353660,0.021978,-0.559218
124.893570,-0.007326,0.021978,2.353660,0.007326,-0.559218
124.893570,-0.007326,0.026863,2.353660,0.007326,-0.559218
124.893570,0.007328,0.031747,2.353660,0.021978,-0.564102
124.893570,0.007328,0.031747,2.353660,0.007326,-0.564102
124.893570,-0.007326,0.031747,2.353660,-0.007328,-0.564102
124.893570,-0.007326,0.031747,2.353660,0.021978,-0.568987
124.893570,-0.007326,0.031747,2.353660,-0.007328,-0.564102
124.893570,-0.007326,0.026863,2.353660,0.021978,-0.564102
124.893570,-0.007326,0.026863,2.353660,0.007326,-0.564102
124.893570,-0.007326,0.021978,2.353660,0.007326,-0.564102
124.893570,0.007328,0.017095,2.353660,0.021978,-0.564102
124.893570,-0.021978,0.012211,2.353660,0.007326,-0.564102
124.893570,-0.007326,0.007326,2.353660,0.007326,-0.564102
124.893570,-0.007326,-0.002442,2.353660,0.021978,-0.568987
124.893570,-0.021978,-0.007326,2.353660,0.007326,-0.564102
124.893570,-0.007326,-0.012210,2.353660,0.007326,-0.564102
124.893570,-0.007326,-0.021978,2.353660,-0.007328,-0.564102
124.893570,-0.007326,-0.026862,2.353660,-0.007328,-0.564102
124.893570,-0.007326,-0.031746,2.353660,0.007326,-0.564102
124.893570,-0.007326,-0.036630,2.353660,0.007326,-0.568987
124.893570,-0.021978,-0.046398,2.353660,0.021978,-0.568987
124.893570,-0.021978,-0.051282,2.353660,-0.007328,-0.564102
124.893570,-0.007326,-0.051282,2.353660,-0.007328,-0.564102
124.893570,-0.007326,-0.056166,2.353660,0.007326,-0.564102
124.893570,-0.021978,-0.061050,2.353660,0.007326,-0.564102
124.893570,0.007328,-0.061050,2.353660,-0.007328,-0.568987
124.893570,-0.021978,-0.061050,2.353660,0.007326,-0.568987
124.893570,-0.007326,-0.056166,2.353660,0.007326,-0.568987
124.893570,-0.007326,-0.056166,2.353660,0.021978,-0.564102
124.893570,0.007328,-0.051282,2.353660,0.007326,-0.559218
124.893570,-0.007326,-0.046398,2.353660,-0.007328,-0.559218
124.893570,0.007328,-0.041514,2.353660,0.007326,-0.564102
124.893570,-0.007326,-0.036630,2.353660,0.007326,-0.564102
124.893570,-0.007326,-0.031746,2.353660,-0.007328,-0.564102
124.893570,0.007328,-0.021978,2.353660,0.007326,-0.564102
124.893570,-0.007326,-0.012210,2.353660,0.021978,-0.564102
124.893570,0.007328,-0.002442,2.353660,0.007326,-0.564102
124.893570,0.007328,0.007326,2.353660,0.021978,-0.559218
124.893570,0.007328,0.026863,2.353660,0.007326,-0.559218
124.893570,-0.007326,0.056167,2.353660,-0.007328,-0.559218
124.893951,0.007328,0.095239,2.353660,0.007326,-0.559218
124.893951,0.007328,0.139194,2.353660,0.007326,-0.564102
124.894333,0.036633,0.212455,2.353660,-0.007328,-0.564102
124.894714,0.095240,0.285715,2.353660,0.021978,-0.564102
124.895859,0.153849,0.344323,2.353660,-0.007328,-0.559218
124.897003,0.241760,0.417583,2.353660,0.007326,-0.564102
124.899673,0.446888,0.495728,2.353660,0.021978,-0.559218
124.901962,0.534800,0.544567,2.353660,-0.007328,-0.559218
124.904251,0.520149,0.588523,2.353660,0.021978,-0.564102
124.906540,0.593409,0.583639,2.353660,-0.007328,-0.559218
124.909973,0.710625,0.544567,2.353660,-0.007328,-0.564102
124.913788,0.842493,0.525031,2.353660,0.021978,-0.568987
124.918747,1.047621,0.520147,2.353660,0.021978,-0.559218
124.924088,1.223446,0.544567,2.353660,0.007326,-0.559218
124.929428,1.296705,0.559219,2.353660,0.007326,-0.564102
124.934387,1.282053,0.564103,2.353660,0.007326,-0.559218
124.940491,1.369965,0.564103,2.353660,0.007326,-0.559218
124.947357,1.545790,0.529915,2.353660,-0.007328,-0.554335
124.952316,1.648354,0.515263,2.353660,0.007326,-0.559218
124.961472,1.750917,0.539683,2.353660,0.007326,-0.559218
124.969482,1.897438,0.525031,2.353660,0.007326,-0.559218
124.978256,2.043957,0.500611,2.353660,0.007326,-0.559218
124.987030,2.087914,0.515263,2.353660,0.007326,-0.559218
124.995804,2.146523,0.520147,2.353660,0.021978,-0.559218
125.004959,2.263737,0.520147,2.353660,0.007326,-0.559218
125.014496,2.278389,0.520147,2.353660,0.007326,-0.554335
125.024033,2.366302,0.510379,2.353660,0.007326,-0.554335
125.034714,2.512821,0.505495,2.353660,-0.007328,-0.554335
125.045395,2.630039,0.495728,2.353660,0.007326,-0.554335
125.056458,2.688644,0.505495,2.353660,0.007326,-0.554335
125.067520,2.732601,0.500611,2.353660,-0.007328,-0.549451
125.078964,2.791210,0.500611,2.353660,0.007326,-0.549451
125.090790,2.864471,0.490843,2.353660,0.007326,-0.554335
125.102997,2.967033,0.471307,2.353660,0.007326,-0.549451
125.115585,3.054947,0.471307,2.353660,0.007326,-0.549451
125.128174,3.113556,0.481075,2.353660,0.007326,-0.544566
125.141144,3.186813,0.485959,2.353660,0.007326,-0.544566
125.154495,3.274727,0.500611,2.353660,0.007326,-0.544566
125.164413,3.362640,0.495728,2.353660,0.007326,-0.544566
125.182343,3.391945,0.481075,2.353660,0.007326,-0.544566
125.196075,3.435898,0.466423,2.353660,0.021978,-0.544566
125.210190,3.479855,0.432235,2.353660,0.007326,-0.544566
125.224686,3.567768,0.398046,2.353660,0.021978,-0.539682
125.239182,3.611725,0.358974,2.353660,0.021978,-0.539682
125.253677,3.641026,0.324787,2.353660,-0.007328,-0.539682
125.268173,3.611725,0.295483,2.353660,0.007326,-0.539682
125.282669,3.611725,0.275947,2.353660,0.007326,-0.544566
125.297165,3.611725,0.246643,2.353660,0.007326,-0.539682
125.311661,3.582420,0.231991,2.353660,-0.007328,-0.539682
125.325775,3.582420,0.207571,2.353660,0.021978,-0.539682
125.339890,3.509159,0.173383,2.353660,0.021978,-0.539682
125.353622,3.450550,0.173383,2.353660,0.021978,-0.539682
125.366592,3.362640,0.173383,2.353660,0.021978,-0.534799
125.379944,3.333336,0.144079,2.353660,0.021978,-0.529915
125.393677,3.362640,0.129427,2.353660,0.021978,-0.529915
125.407791,3.450550,0.124542,2.353660,0.007326,-0.529915
125.421524,3.479855,0.134311,2.353660,0.007326,-0.529915
125.435257,3.435898,0.163614,2.353660,-0.007328,-0.525030
125.448990,3.377293,0.178267,2.353660,0.007326,-0.529915
125.461960,3.304031,0.207571,2.353660,0.007326,-0.525030
125.474930,3.289379,0.207571,2.353660,-0.007328,-0.525030
125.488281,3.289379,0.227107,2.353660,0.007326,-0.525030
125.501251,3.318684,0.241758,2.353660,0.007326,-0.525030
125.515366,3.391945,0.241758,2.353660,0.007326,-0.520146
125.529861,3.494507,0.261295,2.353660,0.007326,-0.520146
125.543594,3.494507,0.329671,2.353660,0.007326,-0.520146
125.556946,3.391945,0.354091,2.353660,-0.007328,-0.520146
125.570297,3.333336,0.368743,2.353660,-0.021980,-0.520146
125.583649,3.333336,0.373627,2.353660,0.007326,-0.525030
125.597000,3.318684,0.373627,2.353660,0.007326,-0.520146
125.610733,3.362640,0.363859,2.353660,0.007326,-0.520146
125.624466,3.465202,0.354091,2.353660,0.007326,-0.515263
125.638962,3.523811,0.349207,2.353660,0.021978,-0.520146
125.653076,3.509159,0.349207,2.353660,0.021978,-0.520146
125.667191,3.538464,0.349207,2.353660,-0.007328,-0.520146
125.681686,3.523811,0.334555,2.353660,0.007326,-0.525030
125.695801,3.553116,0.305251,2.353660,0.007326,-0.525030
125.709915,3.567768,0.275947,2.353660,0.007326,-0.520146
125.724411,3.567768,0.271063,2.353660,0.007326,-0.520146
125.738525,3.553116,0.261295,2.353660,0.007326,-0.525030
125.752640,3.567768,0.266179,2.353660,0.007326,-0.525030
125.766754,3.523811,0.251527,2.353660,0.021978,-0.525030
125.780487,3.479855,0.236875,2.353660,-0.007328,-0.520146
125.794601,3.479855,0.222223,2.353660,0.007326,-0.525030
125.808334,3.465202,0.217339,2.353660,0.007326,-0.525030
125.822067,3.479855,0.207571,2.353660,-0.007328,-0.529915
125.836182,3.465202,0.197803,2.353660,0.007326,-0.529915
125.850296,3.494507,0.217339,2.353660,-0.007328,-0.525030
125.864029,3.465202,0.227107,2.353660,-0.007328,-0.529915
125.877762,3.435898,0.222223,2.353660,0.007326,-0.529915
125.891113,3.377293,0.231991,2.353660,-0.007328,-0.534799
125.904465,3.347988,0.227107,2.353278,-0.007328,-0.529915
125.917816,3.333336,0.222223,2.353660,0.007326,-0.534799
125.931549,3.391945,0.236875,2.353660,-0.007328,-0.529915
125.944901,3.362640,0.236875,2.353660,0.021978,-0.529915
125.958633,3.377293,0.256411,2.353660,0.007326,-0.529915
125.971985,3.377293,0.236875,2.353660,-0.007328,-0.529915
125.986099,3.391945,0.256411,2.353660,-0.007328,-0.529915
125.999069,3.362640,0.280830,2.353660,0.021978,-0.529915
126.012421,3.362640,0.271063,2.353278,-0.007328,-0.525030
126.026154,3.362640,0.271063,2.353660,0.007326,-0.529915
126.039886,3.391945,0.275947,2.353660,-0.007328,-0.529915
126.053238,3.391945,0.280830,2.353660,0.021978,-0.529915
126.066971,3.362640,0.305251,2.353660,0.007326,-0.525030
126.080322,3.347988,0.295483,2.353660,0.021978,-0.525030
126.093674,3.362640,0.290599,2.353660,0.007326,-0.525030
126.107407,3.391945,0.280830,2.353660,0.007326,-0.525030
126.120758,3.377293,0.285715,2.353660,0.007326,-0.525030
126.134491,3.391945,0.300367,2.353660,0.007326,-0.520146
126.147842,3.406593,0.285715,2.353660,0.021978,-0.520146
126.161957,3.421246,0.285715,2.353660,0.007326,-0.525030
126.175308,3.377293,0.310135,2.353660,-0.007328,-0.520146
126.188278,3.333336,0.300367,2.353660,0.021978,-0.520146
126.202011,3.318684,0.300367,2.353660,0.007326,-0.520146
126.215744,3.406593,0.290599,2.353660,0.007326,-0.520146
126.229095,3.406593,0.290599,2.353660,0.021978,-0.525030
126.243210,3.421246,0.305251,2.353660,-0.007328,-0.525030
126.256943,3.421246,0.300367,2.353660,0.007326,-0.525030
126.270676,3.435898,0.300367,2.353660,0.007326,-0.529915
126.284409,3.435898,0.305251,2.353660,-0.007328,-0.534799
126.298141,3.421246,0.315019,2.353660,-0.007328,-0.539682
126.311874,3.421246,0.305251,2.353660,0.021978,-0.539682
126.325607,3.450550,0.300367,2.353660,0.021978,-0.534799
126.339340,3.421246,0.295483,2.353660,0.007326,-0.539682
126.353073,3.435898,0.290599,2.353660,0.007326,-0.539682
126.366425,3.406593,0.285715,2.353660,0.007326,-0.544566
126.380157,3.435898,0.280830,2.353660,0.007326,-0.549451
126.394653,3.465202,0.261295,2.353660,0.007326,-0.549451
126.408386,3.479855,0.261295,2.353660,0.007326,-0.549451
126.422119,3.479855,0.261295,2.353660,0.007326,-0.549451
126.436234,3.494507,0.256411,2.353660,0.007326,-0.549451
126.450348,3.509159,0.251527,2.353660,0.021978,-0.549451
126.463699,3.421246,0.261295,2.353660,0.007326,-0.549451
126.477814,3.435898,0.261295,2.353660,0.021978,-0.554335
126.491547,3.465202,0.246643,2.353660,0.007326,-0.554335
126.505661,3.494507,0.236875,2.353660,-0.007328,-0.554335
126.519775,3.479855,0.241758,2.353660,0.007326,-0.559218
126.533890,3.479855,0.231991,2.353660,0.007326,-0.568987
126.547241,3.421246,0.183151,2.353660,-0.007328,-0.568987
126.560211,3.333336,0.168499,2.353660,0.007326,-0.568987
126.573181,3.245422,0.139194,2.353660,0.007326,-0.573871
126.585388,3.128208,0.114775,2.353660,0.007326,-0.573871
126.597214,3.054947,0.051283,2.353660,0.007326,-0.573871
126.609802,3.113556,-0.007326,2.353660,0.007326,-0.573871
126.622772,3.128208,-0.061050,2.353660,-0.007328,-0.573871
126.633835,3.010990,-0.188034,2.353660,0.007326,-0.573871
126.643372,2.644691,-0.324786,2.353660,-0.007328,-0.568987
126.652527,2.395607,-0.446886,2.353660,0.007326,-0.568987
126.660919,2.234432,-0.534799,2.353660,0.007326,-0.568987
126.667786,1.970697,-0.627595,2.353660,-0.007328,-0.568987
126.674271,1.765570,-0.695971,2.353660,0.021978,-0.564102
126.679611,1.516485,-0.700854,2.353660,-0.007328,-0.564102
126.683044,1.194141,-0.686203,2.353660,0.021978,-0.568987
126.684952,0.783884,-0.686203,2.353660,0.007326,-0.559218
126.686478,0.490845,-0.681318,2.353660,0.007326,-0.559218
126.686859,0.300367,-0.627595,2.353660,0.007326,-0.559218
126.686478,0.095240,-0.583638,2.353660,-0.007328,-0.559218
126.685715,-0.109890,-0.505494,2.353660,-0.007328,-0.554335
126.684570,-0.197802,-0.417583,2.353660,0.007326,-0.559218
126.683044,-0.300365,-0.349206,2.353660,0.021978,-0.564102
126.680756,-0.476191,-0.251526,2.353660,0.007326,-0.564102
126.678848,-0.490843,-0.183150,2.353660,-0.007328,-0.559218
126.676941,-0.461538,-0.095238,2.353660,0.021978,-0.568987
126.676178,-0.358974,-0.036630,2.353660,-0.007328,-0.573871
126.675415,-0.241758,0.075703,2.353660,0.007326,-0.578754
126.674271,-0.256411,0.236875,2.353660,-0.007328,-0.588523
126.673889,-0.212454,0.319902,2.353660,0.021978,-0.593407
126.673889,-0.095238,0.363859,2.353660,0.007326,-0.598290
126.674652,0.051285,0.422467,2.353660,0.007326,-0.598290
126.675034,0.095240,0.461539,2.353660,0.007326,-0.593407
126.675797,0.153849,0.451771,2.353660,0.007326,-0.598290
126.678085,0.373629,0.412699,2.353660,0.007326,-0.598290
126.679993,0.446888,0.388279,2.353660,0.021978,-0.598290
126.682281,0.476192,0.334555,2.353660,0.007326,-0.598290
126.683426,0.373629,0.300367,2.353660,-0.007328,-0.598290
126.684952,0.388281,0.227107,2.353660,0.007326,-0.593407
126.686478,0.358976,0.178267,2.353660,-0.007328,-0.593407
126.687241,0.315020,0.124542,2.353660,0.021978,-0.593407
126.689148,0.344324,0.061050,2.353660,0.007326,-0.588523
126.690292,0.344324,0.036631,2.353660,0.007326,-0.583638
126.691055,0.256413,0.026863,2.353660,0.007326,-0.583638
126.691818,0.212456,-0.002442,2.353660,-0.007328,-0.583638
126.692200,0.139196,-0.031746,2.353660,0.007326,-0.583638
126.692200,0.065935,-0.051282,2.353660,0.021978,-0.578754
126.692200,0.007328,-0.080586,2.353660,0.007326,-0.573871
126.692200,-0.007326,-0.105006,2.353660,-0.007328,-0.573871
126.691818,-0.036631,-0.109890,2.353660,-0.007328,-0.573871
126.691437,-0.065933,-0.109890,2.353660,0.021978,-0.573871
126.691055,-0.080585,-0.100122,2.353660,-0.007328,-0.568987
126.690674,-0.109890,-0.085470,2.353660,0.021978,-0.573871
126.689911,-0.139194,-0.070818,2.353660,0.007326,-0.573871
126.689148,-0.168499,-0.061050,2.353660,0.007326,-0.578754
126.689148,-0.095238,-0.056166,2.353660,0.007326,-0.578754
126.689148,-0.036631,-0.051282,2.353660,0.007326,-0.573871
126.689148,-0.007326,-0.041514,2.353660,0.007326,-0.573871
126.689148,-0.007326,-0.012210,2.353660,0.007326,-0.573871
126.689148,-0.007326,0.002442,2.353660,0.007326,-0.573871
126.689529,-0.007326,0.017095,2.353660,0.007326,-0.573871
126.689148,0.007328,0.021978,2.353660,0.007326,-0.573871
126.689148,-0.007326,0.026863,2.353660,0.007326,-0.578754
126.689529,0.007328,0.031747,2.353660,-0.007328,-0.578754
126.689148,-0.021978,0.031747,2.353660,0.007326,-0.578754
126.689529,0.007328,0.031747,2.353660,0.007326,-0.583638
126.689529,0.007328,0.031747,2.353660,0.007326,-0.578754
126.689529,0.021980,0.031747,2.353660,0.021978,-0.578754
126.689529,-0.007326,0.026863,2.353660,-0.007328,-0.583638
126.689529,-0.021978,0.021978,2.353660,0.007326,-0.578754
126.689529,-0.007326,0.021978,2.353660,0.007326,-0.583638
126.689529,-0.021978,0.017095,2.353660,-0.007328,-0.578754
126.689529,-0.021978,0.017095,2.353660,0.021978,-0.583638
126.689529,-0.007326,0.012211,2.353660,0.007326,-0.578754
126.689529,-0.007326,0.017095,2.353660,0.007326,-0.578754
126.689529,-0.007326,0.021978,2.353660,0.007326,-0.583638
126.689529,-0.007326,0.031747,2.353660,0.007326,-0.583638
126.689529,0.007328,0.041514,2.353660,0.007326,-0.583638
126.689529,0.007328,0.051283,2.353660,0.007326,-0.578754
126.689529,-0.007326,0.061050,2.353660,0.021978,-0.583638
126.689148,-0.007326,0.070819,2.353660,0.021978,-0.583638
126.689529,-0.007326,0.080586,2.353660,-0.007328,-0.583638
126.689529,0.007328,0.090355,2.353660,0.021978,-0.583638
126.689529,0.007328,0.095239,2.353660,0.007326,-0.583638
126.689529,0.007328,0.100122,2.353660,0.007326,-0.588523
126.689529,0.021980,0.100122,2.353660,0.007326,-0.583638
126.689529,-0.021978,0.095239,2.353660,-0.007328,-0.583638
126.689529,-0.007326,0.085470,2.353660,0.021978,-0.588523
126.689529,-0.007326,0.075703,2.353660,0.021978,-0.588523
126.689529,-0.021978,0.061050,2.353660,0.007326,-0.583638
126.689529,-0.021978,0.051283,2.353660,0.021978,-0.578754
126.689529,-0.007326,0.036631,2.353660,0.007326,-0.578754
126.689529,-0.007326,0.031747,2.353660,-0.007328,-0.578754
126.689529,-0.007326,0.021978,2.353660,0.021978,-0.583638
126.689529,-0.021978,0.012211,2.353660,0.021978,-0.578754
126.689529,-0.007326,0.002442,2.353660,-0.007328,-0.573871
126.689529,-0.007326,0.002442,2.353660,0.007326,-0.578754
126.689529,-0.007326,-0.002442,2.353660,0.007326,-0.583638
126.689148,-0.021978,-0.007326,2.353660,0.007326,-0.588523
126.689529,-0.036631,-0.007326,2.353660,-0.007328,-0.583638
126.689529,-0.007326,-0.007326,2.353660,0.007326,-0.583638
126.689529,-0.021978,-0.002442,2.353660,0.007326,-0.578754
126.689529,0.007328,-0.002442,2.353660,0.007326,-0.578754
126.689148,0.007328,0.002442,2.353660,-0.007328,-0.573871
126.689148,-0.007326,0.007326,2.353660,0.021978,-0.578754
126.689529,-0.007326,0.012211,2.353660,0.021978,-0.578754
126.689529,-0.007326,0.012211,2.353660,0.007326,-0.573871
126.689529,-0.007326,0.017095,2.353660,0.007326,-0.573871
126.689529,-0.007326,0.017095,2.353660,0.007326,-0.578754
126.689529,0.007328,0.021978,2.353660,0.007326,-0.578754
126.689529,-0.007326,0.026863,2.353660,0.021978,-0.578754
126.689529,-0.007326,0.026863,2.353660,0.007326,-0.573871
126.689529,-0.007326,0.031747,2.353660,0.007326,-0.573871
126.689529,-0.021978,0.036631,2.353660,0.007326,-0.573871
126.689529,0.007328,0.036631,2.353660,0.007326,-0.573871
126.689529,-0.007326,0.041514,2.353660,0.007326,-0.578754
126.689529,-0.007326,0.046398,2.353660,0.021978,-0.573871
126.689529,0.007328,0.046398,2.353660,0.021978,-0.573871
126.689529,-0.007326,0.051283,2.353660,0.007326,-0.573871
126.689529,-0.021978,0.056167,2.353660,0.007326,-0.578754
126.689529,0.007328,0.061050,2.353660,0.007326,-0.578754
126.689529,0.007328,0.061050,2.353660,0.007326,-0.583638
126.689529,-0.007326,0.061050,2.353660,0.007326,-0.578754
126.689529,-0.021978,0.065935,2.353660,-0.007328,-0.578754
126.689529,-0.007326,0.065935,2.353660,0.007326,-0.583638
126.689529,-0.007326,0.061050,2.353660,0.021978,-0.588523
126.689529,-0.007326,0.061050,2.353660,0.007326,-0.583638
126.689529,-0.007326,0.061050,2.353660,0.007326,-0.583638
126.689529,-0.007326,0.056167,2.353660,-0.007328,-0.583638
126.689529,-0.007326,0.046398,2.353660,0.007326,-0.588523
126.689529,-0.007326,0.041514,2.353660,0.007326,-0.588523
126.689529,-0.007326,0.036631,2.353660,0.007326,-0.583638
126.689529,-0.007326,0.031747,2.353660,0.007326,-0.588523
126.689529,0.007328,0.026863,2.353660,0.007326,-0.583638
126.689529,-0.021978,0.021978,2.353660,0.007326,-0.583638
126.689529,-0.021978,0.017095,2.353660,0.007326,-0.588523
126.689529,-0.007326,0.012211,2.353660,0.007326,-0.588523
126.689529,-0.021978,0.007326,2.353660,0.007326,-0.588523
126.689148,-0.007326,0.007326,2.353660,-0.007328,-0.583638
126.689529,-0.021978,0.002442,2.353660,-0.007328,-0.578754
126.689529,-0.007326,0.007326,2.353660,0.007326,-0.578754
126.689529,-0.021978,0.012211,2.353660,-0.021980,-0.578754
126.689529,-0.007326,0.017095,2.353660,0.007326,-0.583638
126.689529,-0.007326,0.021978,2.353660,-0.007328,-0.583638
126.689529,-0.007326,0.026863,2.353660,-0.007328,-0.583638
126.689148,-0.007326,0.031747,2.353660,0.007326,-0.583638
126.689529,-0.021978,0.036631,2.353660,-0.007328,-0.578754
126.689529,0.007328,0.036631,2.353660,-0.007328,-0.578754
126.689529,-0.007326,0.036631,2.353660,0.007326,-0.578754
126.689529,-0.007326,0.041514,2.353660,0.007326,-0.578754
126.689529,-0.007326,0.041514,2.353660,-0.007328,-0.573871
126.689529,-0.007326,0.041514,2.353660,0.021978,-0.573871
126.689529,-0.007326,0.041514,2.353660,-0.007328,-0.568987
126.689529,-0.007326,0.041514,2.353660,0.021978,-0.573871
126.689529,-0.007326,0.041514,2.353660,0.007326,-0.573871
126.689529,-0.021978,0.041514,2.353660,0.007326,-0.573871
126.689529,-0.007326,0.041514,2.353660,-0.007328,-0.578754
126.689529,-0.007326,0.041514,2.353660,0.007326,-0.573871
126.689529,-0.007326,0.036631,2.353660,0.007326,-0.578754
126.689529,-0.021978,0.036631,2.353660,0.007326,-0.578754
126.689529,-0.021978,0.036631,2.353660,0.007326,-0.573871
126.689529,0.007328,0.036631,2.353660,0.007326,-0.573871
126.689529,-0.007326,0.036631,2.353660,-0.007328,-0.573871
126.689529,-0.007326,0.041514,2.353660,0.007326,-0.578754
126.689529,0.007328,0.036631,2.353660,-0.007328,-0.578754
126.689529,-0.007326,0.036631,2.353660,0.021978,-0.578754
126.689529,0.007328,0.036631,2.353660,-0.007328,-0.578754
126.689529,-0.007326,0.031747,2.353660,0.021978,-0.583638
126.689529,-0.007326,0.031747,2.353660,0.007326,-0.583638
126.689529,-0.007326,0.056167,2.353660,0.007326,-0.583638
126.689529,0.021980,0.100122,2.353660,0.021978,-0.588523
126.689911,0.065935,0.144079,2.353660,-0.007328,-0.583638
126.690674,0.109892,0.188035,2.353660,0.021978,-0.588523
126.692200,0.227108,0.241758,2.353660,-0.007328,-0.583638
126.692581,0.212456,0.315019,2.353660,0.007326,-0.588523
126.693344,0.197803,0.378511,2.353660,-0.007328,-0.588523
126.694870,0.241760,0.451771,2.353660,0.021978,-0.593407
126.697159,0.461540,0.490843,2.353660,0.007326,-0.588523
126.699829,0.578756,0.564103,2.353660,-0.007328,-0.588523
126.702499,0.608061,0.612944,2.353660,0.007326,-0.588523
126.705170,0.652016,0.598291,2.353660,0.007326,-0.588523
126.708603,0.739929,0.573872,2.353660,0.007326,-0.588523
126.712418,0.827841,0.544567,2.353660,0.007326,-0.583638
126.716995,1.003664,0.554335,2.353660,0.021978,-0.588523
126.722717,1.208794,0.559219,2.353660,0.007326,-0.588523
126.728058,1.311357,0.568987,2.353660,0.021978,-0.588523
126.733017,1.282053,0.593407,2.353660,0.007326,-0.583638
126.738739,1.340660,0.603175,2.353660,-0.007328,-0.583638
126.745224,1.487181,0.564103,2.353660,-0.007328,-0.583638
126.752090,1.604397,0.549451,2.353660,0.007326,-0.583638
126.758957,1.677658,0.578755,2.353660,0.007326,-0.578754
126.766586,1.809525,0.578755,2.353660,0.007326,-0.573871
126.774597,1.912090,0.564103,2.353660,0.021978,-0.578754
126.782990,2.014652,0.549451,2.353660,0.021978,-0.578754
126.791763,2.087914,0.568987,2.353660,0.021978,-0.578754
126.800537,2.146523,0.568987,2.353660,0.007326,-0.578754
126.809311,2.190479,0.554335,2.353660,0.007326,-0.583638
126.818848,2.263737,0.568987,2.353660,0.007326,-0.583638
126.828766,2.366302,0.554335,2.353660,0.007326,-0.583638
126.839066,2.527473,0.525031,2.353660,-0.007328,-0.578754
126.849365,2.556778,0.539683,2.353660,0.007326,-0.583638
126.860428,2.644691,0.529915,2.353660,-0.007328,-0.583638
126.871490,2.703297,0.534800,2.353660,-0.007328,-0.583638
126.882935,2.776558,0.500611,2.353660,0.007326,-0.588523
126.894760,2.879124,0.490843,2.353660,-0.007328,-0.588523
126.907349,2.996338,0.466423,2.353660,0.007326,-0.588523
126.919937,3.113556,0.481075,2.353660,0.007326,-0.593407
126.932526,3.142860,0.510379,2.353660,0.007326,-0.593407
126.945877,3.230770,0.525031,2.353660,0.007326,-0.593407
126.959229,3.304031,0.505495,2.353660,0.021978,-0.593407
126.973724,3.435898,0.481075,2.353660,-0.007328,-0.593407
126.987457,3.450550,0.500611,2.353660,0.007326,-0.598290
127.001572,3.494507,0.485959,2.353660,0.007326,-0.598290
127.016068,3.494507,0.442003,2.353660,0.007326,-0.598290
127.030182,3.582420,0.407815,2.353660,0.007326,-0.603174
127.044678,3.597073,0.368743,2.353660,0.007326,-0.608059
127.059174,3.611725,0.344323,2.353660,0.007326,-0.608059
127.074051,3.641026,0.315019,2.353660,0.007326,-0.612943
127.088547,3.670330,0.285715,2.353660,0.007326,-0.617826
127.103424,3.641026,0.266179,2.353660,0.021978,-0.617826
127.117538,3.626373,0.241758,2.353660,0.021978,-0.617826
127.132034,3.597073,0.197803,2.353660,0.007326,-0.617826
127.145767,3.538464,0.168499,2.353660,0.007326,-0.617826
127.159500,3.494507,0.163614,2.353660,0.007326,-0.622710
127.173233,3.406593,0.153847,2.353660,-0.007328,-0.622710
127.186966,3.406593,0.134311,2.353660,0.021978,-0.627595
127.200317,3.391945,0.139194,2.353660,-0.007328,-0.627595
127.213669,3.347988,0.144079,2.353660,0.007326,-0.627595
127.227020,3.304031,0.158731,2.353660,0.007326,-0.632479
127.240372,3.318684,0.183151,2.353660,0.021978,-0.632479
127.253342,3.274727,0.192919,2.353660,-0.007328,-0.627595
127.266312,3.260075,0.222223,2.353660,0.021978,-0.632479
127.278900,3.201466,0.256411,2.353660,0.007326,-0.632479
127.291489,3.172161,0.280830,2.353660,0.007326,-0.632479
127.304459,3.142860,0.290599,2.353660,0.007326,-0.632479
127.316666,3.186813,0.305251,2.353660,0.021978,-0.637362
127.329636,3.172161,0.329671,2.353660,0.007326,-0.632479
127.342606,3.186813,0.363859,2.353660,0.007326,-0.632479
127.354813,3.142860,0.368743,2.353660,0.007326,-0.637362
127.367783,3.201466,0.383395,2.353660,-0.007328,-0.642246
127.380753,3.216118,0.378511,2.354041,0.021978,-0.647131
127.393723,3.230770,0.402931,2.353660,0.021978,-0.642246
127.406693,3.216118,0.407815,2.353660,0.007326,-0.652015
127.419662,3.230770,0.402931,2.353660,0.007326,-0.647131
127.433014,3.289379,0.388279,2.353660,0.021978,-0.647131
127.446747,3.333336,0.393163,2.353660,0.021978,-0.647131
127.460098,3.333336,0.388279,2.353660,0.007326,-0.647131
127.473068,3.318684,0.393163,2.353660,0.021978,-0.652015
127.486801,3.362640,0.363859,2.353660,0.007326,-0.647131
127.500534,3.406593,0.349207,2.353660,0.021978,-0.652015
127.514267,3.391945,0.354091,2.354041,0.007326,-0.652015
127.527618,3.377293,0.339439,2.354041,0.007326,-0.652015
127.541351,3.391945,0.310135,2.354041,0.007326,-0.652015
127.555466,3.465202,0.310135,2.354041,0.021978,-0.652015
127.569199,3.450550,0.310135,2.353660,0.007326,-0.656898
127.582932,3.406593,0.300367,2.353660,0.021978,-0.656898
127.596664,3.435898,0.280830,2.353660,-0.007328,-0.656898
127.610397,3.465202,0.266179,2.353660,-0.007328,-0.661782
127.624130,3.465202,0.261295,2.353660,-0.007328,-0.661782
127.637863,3.421246,0.285715,2.354041,0.021978,-0.666667
127.651596,3.406593,0.271063,2.353660,0.007326,-0.661782
127.665329,3.435898,0.251527,2.353660,0.021978,-0.666667
127.679443,3.479855,0.261295,2.353660,0.021978,-0.666667
127.692795,3.406593,0.280830,2.353660,0.007326,-0.666667
127.706528,3.406593,0.271063,2.354041,-0.007328,-0.666667
127.720261,3.421246,0.261295,2.353660,0.007326,-0.666667
127.734375,3.465202,0.271063,2.354041,0.007326,-0.671551
127.748489,3.450550,0.271063,2.354041,0.007326,-0.676435
127.762222,3.465202,0.271063,2.354041,0.021978,-0.671551
127.775955,3.421246,0.266179,2.354041,0.007326,-0.671551
127.789688,3.450550,0.261295,2.354041,0.021978,-0.676435
127.803040,3.421246,0.261295,2.354041,0.007326,-0.676435
127.817154,3.406593,0.280830,2.354041,0.007326,-0.676435
127.830505,3.406593,0.261295,2.354041,0.007326,-0.676435
127.844238,3.377293,0.231991,2.354041,0.007326,-0.681318
127.857208,3.333336,0.192919,2.354041,0.007326,-0.686203
127.870560,3.274727,0.178267,2.354041,0.007326,-0.686203
127.883148,3.274727,0.134311,2.354041,0.007326,-0.686203
127.895737,3.201466,0.070819,2.354041,0.007326,-0.691087
127.908325,3.128208,0.017095,2.354041,0.021978,-0.686203
127.920532,3.098904,-0.017094,2.354041,0.007326,-0.691087
127.931976,2.937729,-0.134310,2.354041,0.007326,-0.691087
127.941513,2.659344,-0.261294,2.354041,0.007326,-0.695971
127.950287,2.410259,-0.378510,2.354041,0.021978,-0.695971
127.959442,2.322346,-0.510379,2.354041,0.021978,-0.695971
127.966690,2.087914,-0.598290,2.354041,0.007326,-0.691087
127.972794,1.721613,-0.632479,2.354041,-0.007328,-0.691087
127.978134,1.501833,-0.671551,2.354041,0.007326,-0.695971
127.982712,1.296705,-0.735043,2.354041,0.021978,-0.695971
127.985382,0.945057,-0.720390,2.354041,0.007326,-0.691087
127.987671,0.695972,-0.710623,2.354041,0.007326,-0.686203
127.988815,0.505497,-0.661782,2.354041,0.007326,-0.686203
127.988815,0.285717,-0.622710,2.354041,0.007326,-0.686203
127.988434,0.007328,-0.534799,2.354041,0.007326,-0.686203
127.987671,-0.124542,-0.461538,2.354041,0.007326,-0.681318
127.986145,-0.227106,-0.393163,2.354041,0.007326,-0.686203
127.985001,-0.271063,-0.324786,2.354041,0.007326,-0.691087
127.983475,-0.358974,-0.222222,2.354041,0.007326,-0.691087
127.981567,-0.432234,-0.134310,2.354041,0.007326,-0.695971
127.980423,-0.373627,-0.080586,2.354041,0.021978,-0.695971
127.978897,-0.358974,-0.017094,2.354041,0.007326,-0.700854
127.978134,-0.256411,0.046398,2.354041,0.021978,-0.700854
127.978516,-0.109890,0.109891,2.354041,0.021978,-0.695971
127.978516,-0.021978,0.192919,2.354041,0.021978,-0.700854
127.978897,0.051285,0.256411,2.354041,0.007326,-0.700854
127.980042,0.139196,0.300367,2.354041,0.021978,-0.705739
127.981186,0.197803,0.324787,2.354041,0.021978,-0.705739
127.982712,0.329672,0.315019,2.354041,0.007326,-0.705739
127.984238,0.373629,0.324787,2.354041,0.021978,-0.700854
127.985382,0.300367,0.315019,2.354041,0.007326,-0.700854
127.987289,0.373629,0.241758,2.354041,0.007326,-0.695971
127.989197,0.432236,0.192919,2.354041,0.007326,-0.700854
127.991104,0.432236,0.148963,2.354041,0.007326,-0.700854
127.991867,0.344324,0.119658,2.354041,0.007326,-0.700854
127.992630,0.241760,0.080586,2.354041,0.007326,-0.700854
127.993774,0.271065,0.031747,2.354041,-0.007328,-0.705739
127.994919,0.256413,-0.007326,2.354041,0.021978,-0.700854
127.994537,0.065935,-0.026862,2.354041,0.021978,-0.695971
127.994156,-0.007326,-0.065934,2.354041,0.021978,-0.691087
127.994156,-0.036631,-0.109890,2.354041,0.007326,-0.686203
127.993393,-0.095238,-0.134310,2.354041,0.007326,-0.686203
127.993011,-0.153847,-0.144078,2.354041,-0.007328,-0.686203
127.991867,-0.212454,-0.139194,2.354041,0.021978,-0.691087
127.990723,-0.271063,-0.119658,2.354041,0.007326,-0.686203
127.989578,-0.285715,-0.119658,2.354041,0.007326,-0.691087
127.988815,-0.197802,-0.109890,2.354041,0.007326,-0.691087
127.988052,-0.212454,-0.075702,2.354041,0.021978,-0.691087
127.986526,-0.300365,-0.046398,2.354041,0.007326,-0.691087
127.985764,-0.256411,-0.041514,2.354041,-0.007328,-0.691087
127.985764,-0.109890,-0.026862,2.354041,0.007326,-0.695971
127.985764,-0.065933,0.002442,2.354041,0.007326,-0.695971
127.985764,-0.021978,0.026863,2.354041,-0.007328,-0.695971
127.985764,0.021980,0.046398,2.354041,0.021978,-0.700854
127.986145,0.036633,0.070819,2.354041,0.007326,-0.700854
127.986526,0.065935,0.085470,2.354041,0.007326,-0.700854
127.986908,0.109892,0.100122,2.354041,0.007326,-0.695971
127.987671,0.095240,0.105007,2.354041,0.007326,-0.695971
127.988052,0.109892,0.105007,2.354041,0.021978,-0.700854
127.988434,0.095240,0.085470,2.354041,0.007326,-0.705739
127.988815,0.095240,0.065935,2.354041,0.021978,-0.705739
127.989197,0.095240,0.051283,2.354041,-0.007328,-0.700854
127.989578,0.095240,0.036631,2.354041,0.021978,-0.705739
127.989578,0.036633,0.021978,2.354041,0.007326,-0.700854
127.989578,0.007328,0.007326,2.354041,-0.007328,-0.700854
127.989578,0.007328,-0.012210,2.354041,0.021978,-0.700854
127.989578,-0.007326,-0.021978,2.354041,0.007326,-0.700854
127.989197,-0.036631,-0.021978,2.354041,0.007326,-0.695971
127.988815,-0.065933,-0.017094,2.354041,0.007326,-0.695971
127.988815,-0.080585,-0.012210,2.354041,-0.007328,-0.695971
127.988052,-0.080585,0.002442,2.354041,0.007326,-0.691087
127.988052,-0.095238,0.012211,2.354041,0.007326,-0.691087
127.987671,-0.095238,0.017095,2.354041,0.007326,-0.691087
127.987289,-0.080585,0.031747,2.354041,0.007326,-0.695971
127.987289,-0.021978,0.046398,2.354041,0.021978,-0.695971
127.987671,-0.036631,0.061050,2.354041,0.007326,-0.695971
127.987671,-0.007326,0.075703,2.354041,0.007326,-0.695971
127.987671,0.007328,0.085470,2.354041,0.007326,-0.695971
127.987671,0.007328,0.090355,2.354041,0.021978,-0.691087
127.987671,0.021980,0.090355,2.354041,0.007326,-0.686203
127.988052,0.021980,0.085470,2.354041,0.021978,-0.691087
127.988052,0.021980,0.080586,2.354041,0.021978,-0.691087
127.988052,0.007328,0.075703,2.354041,0.007326,-0.691087
127.988052,-0.021978,0.065935,2.354041,0.007326,-0.686203
127.988052,-0.021978,0.051283,2.354041,-0.007328,-0.686203
127.987671,-0.021978,0.046398,2.354041,0.007326,-0.695971
127.987671,-0.021978,0.036631,2.354041,0.007326,-0.695971
127.987671,-0.036631,0.026863,2.354041,0.007326,-0.691087
127.987671,-0.007326,0.021978,2.354041,0.021978,-0.686203
127.987671,-0.021978,0.017095,2.354041,-0.007328,-0.686203
127.987671,-0.021978,0.012211,2.354041,-0.007328,-0.691087
127.987671,-0.007326,0.007326,2.354041,0.007326,-0.695971
127.987671,-0.021978,0.007326,2.354041,-0.007328,-0.695971
127.987671,-0.021978,0.007326,2.354041,0.007326,-0.695971
127.987671,-0.007326,0.007326,2.354041,-0.007328,-0.695971
127.987671,-0.007326,0.007326,2.354041,0.021978,-0.695971
127.987671,-0.021978,0.012211,2.354041,0.021978,-0.695971
127.987671,-0.021978,0.012211,2.354041,-0.007328,-0.695971
127.987671,-0.007326,0.012211,2.354041,0.007326,-0.695971
127.987671,-0.007326,0.012211,2.354041,0.007326,-0.695971
127.987671,-0.007326,0.017095,2.354041,0.007326,-0.695971
127.987671,-0.007326,0.021978,2.354041,0.007326,-0.700854
127.987671,-0.007326,0.021978,2.354041,0.021978,-0.700854
127.987671,-0.007326,0.026863,2.354041,-0.007328,-0.695971
127.987671,0.007328,0.026863,2.354041,-0.007328,-0.700854
127.987671,-0.007326,0.031747,2.354041,0.007326,-0.700854
127.987671,-0.007326,0.036631,2.354041,0.007326,-0.695971
127.987671,0.007328,0.041514,2.354041,0.021978,-0.695971
127.987671,0.007328,0.046398,2.354041,0.007326,-0.695971
127.987671,-0.007326,0.051283,2.354041,-0.007328,-0.700854
127.987671,-0.007326,0.056167,2.354041,0.007326,-0.700854
127.987671,-0.007326,0.061050,2.354041,0.021978,-0.700854
127.987671,-0.007326,0.061050,2.354041,0.007326,-0.695971
127.987671,0.007328,0.065935,2.354041,-0.007328,-0.695971
127.987671,-0.007326,0.065935,2.354041,0.007326,-0.695971
127.987671,-0.007326,0.061050,2.354041,0.007326,-0.695971
127.987671,-0.007326,0.061050,2.354041,0.021978,-0.700854
127.987671,-0.021978,0.061050,2.354041,0.021978,-0.695971
127.987671,-0.021978,0.056167,2.354041,0.007326,-0.691087
127.987671,-0.007326,0.051283,2.354041,0.007326,-0.691087
127.987671,-0.007326,0.046398,2.354041,0.007326,-0.691087
127.987671,-0.007326,0.046398,2.354041,0.007326,-0.691087
127.987671,0.007328,0.046398,2.354041,0.007326,-0.695971
127.987671,-0.007326,0.041514,2.354041,0.007326,-0.695971
127.987671,-0.007326,0.036631,2.354041,0.021978,-0.695971
127.987671,-0.021978,0.036631,2.354041,-0.007328,-0.695971
127.987671,-0.007326,0.036631,2.354041,-0.007328,-0.695971
127.987671,-0.007326,0.031747,2.354041,0.007326,-0.695971
127.987671,0.007328,0.031747,2.354041,-0.007328,-0.700854
127.987671,-0.021978,0.031747,2.354041,0.007326,-0.695971
127.987671,-0.007326,0.031747,2.354041,0.007326,-0.695971
127.987671,-0.007326,0.026863,2.354041,0.007326,-0.695971
127.987671,0.007328,0.021978,2.354041,0.021978,-0.700854
127.987671,-0.021978,0.026863,2.354041,0.007326,-0.695971
127.987671,-0.007326,0.021978,2.354041,0.007326,-0.695971
127.987671,-0.007326,0.021978,2.354041,0.007326,-0.700854
127.987671,-0.007326,0.021978,2.354041,-0.007328,-0.700854
127.987671,-0.007326,0.021978,2.354041,0.007326,-0.700854
127.987671,-0.007326,0.021978,2.354041,0.007326,-0.700854
127.987671,-0.021978,0.021978,2.354041,0.007326,-0.700854
127.987671,-0.007326,0.021978,2.354041,0.021978,-0.700854
127.987671,-0.007326,0.026863,2.354041,0.007326,-0.700854
127.987671,-0.007326,0.026863,2.354041,0.021978,-0.700854
127.987671,-0.036631,0.031747,2.354041,0.021978,-0.695971
127.987671,-0.007326,0.031747,2.354041,-0.007328,-0.695971
127.987671,-0.021978,0.041514,2.354041,0.021978,-0.705739
127.987671,-0.007326,0.065935,2.354041,0.021978,-0.700854
127.988052,0.021980,0.100122,2.354041,0.007326,-0.700854
127.988052,0.036633,0.144079,2.354041,0.007326,-0.695971
127.988815,0.080587,0.231991,2.354041,0.007326,-0.691087
127.989960,0.227108,0.315019,2.354041,0.007326,-0.691087
127.991104,0.241760,0.417583,2.354041,0.021978,-0.695971
127.991486,0.212456,0.490843,2.354041,-0.007328,-0.691087
127.992630,0.212456,0.495728,2.354041,0.021978,-0.695971
127.994537,0.344324,0.476191,2.354041,-0.007328,-0.691087
127.997208,0.476192,0.485959,2.354041,0.007326,-0.691087
128.000259,0.622713,0.549451,2.354041,0.007326,-0.695971
128.003311,0.769232,0.612944,2.354041,-0.007328,-0.695971
128.007126,0.886448,0.637363,2.354041,0.007326,-0.695971
128.011322,0.901100,0.681319,2.354041,0.021978,-0.695971
128.015900,1.032969,0.715508,2.354041,-0.007328,-0.691087
128.021240,1.208794,0.720391,2.354041,0.007326,-0.691087
128.027344,1.384617,0.710623,2.354041,0.007326,-0.695971
128.033829,1.575092,0.744811,2.354041,0.007326,-0.691087
128.041458,1.721613,0.759463,2.354041,0.021978,-0.695971
128.049088,1.838829,0.749695,2.354041,0.007326,-0.695971
128.057098,1.941393,0.710623,2.354041,-0.007328,-0.695971
128.066635,2.175827,0.686203,2.354041,0.007326,-0.700854
128.076172,2.307693,0.686203,2.354041,0.007326,-0.695971
128.086090,2.351650,0.661783,2.354041,0.007326,-0.700854
128.094864,2.483517,0.647131,2.354041,0.007326,-0.700854
128.107071,2.586082,0.617827,2.354041,0.007326,-0.700854
128.118515,2.747253,0.549451,2.354041,0.007326,-0.705739
128.130341,2.849819,0.534800,2.354041,0.007326,-0.705739
128.142166,2.923080,0.515263,2.354041,0.007326,-0.700854
128.153992,2.937729,0.515263,2.354041,0.007326,-0.705739
128.166199,3.010990,0.476191,2.354041,0.007326,-0.705739
128.179169,3.128208,0.471307,2.354041,0.007326,-0.700854
128.192902,3.274727,0.481075,2.354041,0.021978,-0.705739
128.206253,3.318684,0.510379,2.354041,0.007326,-0.705739
128.219223,3.274727,0.505495,2.354041,0.007326,-0.700854
128.232956,3.347988,0.466423,2.354041,0.007326,-0.705739
128.247070,3.450550,0.427351,2.354041,0.007326,-0.705739
128.261566,3.523811,0.407815,2.354041,0.007326,-0.705739
128.275299,3.494507,0.388279,2.354041,0.007326,-0.705739
128.289413,3.479855,0.368743,2.354041,0.007326,-0.705739
128.303909,3.538464,0.324787,2.354041,0.007326,-0.705739
128.318024,3.567768,0.324787,2.354041,-0.007328,-0.700854
128.332138,3.538464,0.310135,2.354041,-0.007328,-0.705739
128.346252,3.479855,0.261295,2.354041,0.007326,-0.710623
128.360748,3.567768,0.222223,2.354041,0.007326,-0.710623
128.375244,3.582420,0.222223,2.354041,0.007326,-0.715507
128.389359,3.567768,0.222223,2.354041,0.007326,-0.715507
128.403091,3.479855,0.202686,2.354041,0.007326,-0.715507
128.417206,3.494507,0.183151,2.354041,0.007326,-0.710623
128.430939,3.465202,0.188035,2.354041,-0.007328,-0.710623
128.444672,3.435898,0.202686,2.354041,0.007326,-0.710623
128.458023,3.406593,0.197803,2.354041,0.007326,-0.710623
128.471756,3.391945,0.212455,2.354041,0.007326,-0.710623
128.485107,3.377293,0.212455,2.354041,-0.007328,-0.705739
128.498840,3.362640,0.236875,2.354041,-0.007328,-0.710623
128.512192,3.347988,0.256411,2.354041,0.007326,-0.715507
128.525543,3.347988,0.256411,2.354041,0.007326,-0.710623
128.538895,3.347988,0.271063,2.354041,0.007326,-0.715507
128.551865,3.304031,0.290599,2.354041,0.007326,-0.715507
128.565216,3.274727,0.315019,2.354041,0.007326,-0.715507
128.578186,3.260075,0.310135,2.354041,0.021978,-0.715507
128.591537,3.304031,0.305251,2.354041,0.007326,-0.715507
128.604889,3.304031,0.310135,2.354041,0.007326,-0.715507
128.618240,3.318684,0.315019,2.354041,-0.007328,-0.720390
128.631592,3.289379,0.324787,2.354041,0.007326,-0.720390
128.644943,3.347988,0.310135,2.354041,0.007326,-0.720390
128.658295,3.362640,0.310135,2.354041,0.007326,-0.720390
128.672028,3.377293,0.300367,2.354041,0.007326,-0.720390
128.685379,3.377293,0.315019,2.354041,-0.007328,-0.720390
128.699112,3.362640,0.300367,2.354041,0.007326,-0.720390
128.712463,3.391945,0.285715,2.354041,0.007326,-0.720390
128.726196,3.406593,0.290599,2.354041,0.021978,-0.720390
128.739929,3.377293,0.295483,2.354041,-0.007328,-0.715507
128.753281,3.377293,0.280830,2.354041,-0.007328,-0.715507
128.767014,3.391945,0.280830,2.354041,0.007326,-0.720390
128.780746,3.435898,0.285715,2.354041,0.021978,-0.720390
128.794098,3.377293,0.285715,2.354041,0.007326,-0.720390
128.807449,3.377293,0.285715,2.354041,0.007326,-0.715507
128.821182,3.377293,0.261295,2.354041,-0.007328,-0.715507
128.834915,3.391945,0.271063,2.354041,0.007326,-0.720390
128.848267,3.377293,0.290599,2.354041,0.007326,-0.715507
128.861618,3.333336,0.290599,2.354041,0.007326,-0.720390
128.874969,3.333336,0.280830,2.354041,0.007326,-0.720390
128.888702,3.391945,0.261295,2.354041,-0.007328,-0.720390
128.902817,3.406593,0.275947,2.354041,0.007326,-0.720390
128.915787,3.347988,0.305251,2.354041,-0.007328,-0.720390
128.929138,3.347988,0.285715,2.354041,0.021978,-0.720390
128.943253,3.406593,0.271063,2.354041,0.007326,-0.715507
128.956985,3.450550,0.280830,2.354041,0.007326,-0.715507
128.970718,3.435898,0.290599,2.354041,0.021978,-0.710623
128.984451,3.406593,0.305251,2.354041,0.007326,-0.710623
128.998184,3.435898,0.300367,2.354041,0.007326,-0.710623
129.012299,3.494507,0.290599,2.354041,0.021978,-0.710623
129.026031,3.435898,0.310135,2.354041,0.007326,-0.710623
129.039383,3.421246,0.305251,2.354041,0.007326,-0.715507
129.053116,3.406593,0.285715,2.354041,-0.007328,-0.710623
129.067230,3.421246,0.285715,2.354041,-0.007328,-0.715507
129.080582,3.421246,0.300367,2.354041,0.007326,-0.715507
129.094315,3.421246,0.295483,2.354041,0.007326,-0.705739
129.108047,3.421246,0.280830,2.354041,-0.007328,-0.705739
129.122162,3.465202,0.271063,2.354041,0.007326,-0.705739
129.135895,3.450550,0.266179,2.354041,0.007326,-0.705739
129.149628,3.435898,0.266179,2.354041,0.007326,-0.705739
129.163742,3.435898,0.266179,2.354041,-0.007328,-0.700854
129.177475,3.450550,0.251527,2.354041,0.007326,-0.695971
129.191208,3.435898,0.251527,2.354041,0.007326,-0.700854
129.204559,3.406593,0.271063,2.354041,0.007326,-0.695971
129.217911,3.347988,0.236875,2.354041,0.007326,-0.700854
129.231262,3.318684,0.202686,2.354041,0.021978,-0.695971
129.244232,3.260075,0.148963,2.354041,-0.007328,-0.691087
129.256439,3.172161,0.124542,2.354041,0.007326,-0.691087
129.269028,3.113556,0.090355,2.354041,0.007326,-0.691087
129.280853,3.054947,0.051283,2.354041,0.007326,-0.691087
129.293060,3.025642,0.017095,2.354041,0.007326,-0.695971
129.304886,2.996338,-0.012210,2.354041,0.007326,-0.691087
129.315567,2.849819,-0.153846,2.354041,0.007326,-0.695971
129.324722,2.483517,-0.315019,2.354041,-0.007328,-0.695971
129.332352,2.175827,-0.451771,2.354041,0.021978,-0.695971
129.339981,2.043957,-0.583638,2.354041,0.007326,-0.695971
129.346848,1.868134,-0.691087,2.354041,0.007326,-0.691087
129.352570,1.604397,-0.715507,2.354041,0.007326,-0.691087
129.356766,1.311357,-0.710623,2.354041,-0.007328,-0.691087
129.359818,1.003664,-0.749695,2.354041,0.021978,-0.695971
129.362106,0.710625,-0.739926,2.354041,-0.007328,-0.695971
129.363632,0.534800,-0.715507,2.354041,-0.007328,-0.695971
129.363632,0.271065,-0.622710,2.354041,0.007326,-0.695971
129.363251,0.036633,-0.539682,2.354041,0.007326,-0.691087
129.362488,-0.095238,-0.481074,2.354041,0.021978,-0.691087
129.362106,-0.153847,-0.402930,2.354041,0.007326,-0.686203
129.360962,-0.197802,-0.334555,2.354041,0.007326,-0.691087
129.359055,-0.358974,-0.236875,2.354041,0.007326,-0.695971
129.357529,-0.388279,-0.168498,2.354041,-0.007328,-0.695971
129.356384,-0.344322,-0.105006,2.354041,0.021978,-0.705739
129.354858,-0.344322,-0.041514,2.354041,0.007326,-0.705739
129.353714,-0.344322,0.031747,2.354041,0.007326,-0.705739
129.352570,-0.256411,0.134311,2.354041,-0.007328,-0.705739
129.351807,-0.256411,0.212455,2.354041,0.021978,-0.715507
129.351425,-0.153847,0.261295,2.354041,0.007326,-0.715507
129.351807,-0.051283,0.290599,2.354041,0.021978,-0.720390
129.351807,0.021980,0.324787,2.354041,0.007326,-0.720390
129.352570,0.065935,0.339439,2.354041,-0.007328,-0.715507
129.353333,0.124544,0.334555,2.354041,0.007326,-0.715507
129.354095,0.183151,0.315019,2.354041,-0.007328,-0.715507
129.356003,0.315020,0.285715,2.354041,0.007326,-0.710623
129.356766,0.271065,0.275947,2.354041,0.007326,-0.705739
129.358292,0.329672,0.227107,2.354041,0.007326,-0.700854
129.359436,0.315020,0.188035,2.354041,-0.007328,-0.695971
129.360580,0.256413,0.173383,2.354041,0.007326,-0.695971
129.360962,0.197803,0.139194,2.354041,0.007326,-0.691087
129.361725,0.183151,0.105007,2.354041,0.007326,-0.686203
129.363251,0.256413,0.075703,2.354041,0.007326,-0.686203
129.363632,0.183151,0.070819,2.354041,-0.007328,-0.691087
129.363632,0.065935,0.065935,2.354041,0.007326,-0.691087
129.363632,0.007328,0.046398,2.354041,0.007326,-0.691087
129.363251,-0.007326,0.026863,2.354041,0.007326,-0.686203
129.363251,-0.021978,0.007326,2.354041,0.021978,-0.686203
129.363251,-0.051283,-0.012210,2.354041,0.007326,-0.681318
129.362869,-0.036631,-0.026862,2.354041,0.007326,-0.681318
129.362869,-0.036631,-0.036630,2.354041,0.007326,-0.681318
129.362488,-0.036631,-0.041514,2.354041,0.021978,-0.681318
129.362869,-0.021978,-0.036630,2.354041,0.007326,-0.676435
129.362869,-0.007326,-0.031746,2.354041,0.007326,-0.676435
129.362488,-0.021978,-0.021978,2.354041,0.007326,-0.676435
129.362488,-0.021978,-0.007326,2.354041,0.007326,-0.676435
129.362869,0.007328,0.007326,2.354041,-0.007328,-0.681318
129.362869,0.007328,0.021978,2.354041,0.007326,-0.686203
129.362869,0.007328,0.031747,2.354041,0.007326,-0.686203
129.362869,-0.007326,0.041514,2.354041,-0.007328,-0.691087
129.362869,0.007328,0.051283,2.354041,0.021978,-0.691087
129.363251,0.007328,0.051283,2.354041,0.007326,-0.691087
129.363251,-0.007326,0.051283,2.354041,-0.007328,-0.691087
129.363251,-0.007326,0.046398,2.354041,0.007326,-0.695971
129.363251,-0.007326,0.036631,2.354041,0.007326,-0.695971
129.363251,-0.007326,0.026863,2.354041,0.007326,-0.695971
129.363251,-0.007326,0.012211,2.354041,-0.007328,-0.700854
129.362869,-0.007326,-0.002442,2.354041,0.007326,-0.700854
129.362869,-0.021978,-0.012210,2.354041,0.007326,-0.700854
129.362869,-0.021978,-0.017094,2.354041,-0.007328,-0.695971
129.362869,-0.051283,-0.017094,2.354041,0.007326,-0.700854
129.362869,-0.021978,-0.017094,2.354041,0.007326,-0.700854
129.362869,-0.021978,-0.012210,2.354041,0.007326,-0.705739
129.362869,-0.007326,0.002442,2.354041,0.007326,-0.710623
129.362869,-0.007326,0.017095,2.354041,-0.007328,-0.710623
129.362869,-0.007326,0.026863,2.354041,0.021978,-0.710623
129.362869,0.007328,0.036631,2.354041,0.007326,-0.710623
129.362869,0.007328,0.046398,2.354041,0.007326,-0.710623
129.362869,0.007328,0.051283,2.354041,0.021978,-0.710623
129.362869,0.007328,0.056167,2.354041,-0.007328,-0.710623
129.363251,-0.007326,0.056167,2.354041,0.021978,-0.710623
129.363251,-0.007326,0.056167,2.354041,0.021978,-0.710623
129.363251,-0.007326,0.056167,2.354041,0.007326,-0.700854
129.362869,-0.021978,0.046398,2.354041,-0.007328,-0.695971
129.362869,-0.007326,0.041514,2.354041,-0.007328,-0.695971
129.362869,-0.021978,0.036631,2.354041,0.021978,-0.695971
129.362869,-0.007326,0.031747,2.354041,0.007326,-0.691087
129.362869,-0.021978,0.021978,2.354041,0.007326,-0.691087
129.362869,-0.021978,0.021978,2.354041,-0.007328,-0.686203
129.362869,-0.021978,0.021978,2.354041,0.007326,-0.691087
129.362869,-0.007326,0.026863,2.354041,0.007326,-0.686203
129.362869,-0.007326,0.031747,2.354041,0.007326,-0.686203
129.362869,-0.007326,0.036631,2.354041,0.021978,-0.686203
129.362869,0.007328,0.041514,2.354041,-0.007328,-0.686203
129.363251,-0.007326,0.046398,2.354041,0.007326,-0.686203
129.362869,0.007328,0.046398,2.354041,0.007326,-0.681318
129.362869,-0.007326,0.051283,2.354041,0.007326,-0.686203
129.362869,-0.021978,0.046398,2.354041,0.007326,-0.681318
129.363251,0.007328,0.046398,2.354041,0.007326,-0.681318
129.363251,-0.007326,0.036631,2.354041,0.007326,-0.681318
129.362869,-0.007326,0.031747,2.354041,0.007326,-0.686203
129.362869,-0.007326,0.026863,2.354041,0.007326,-0.686203
129.362869,-0.007326,0.021978,2.354041,0.007326,-0.686203
129.362869,0.007328,0.017095,2.354041,0.007326,-0.686203
129.362869,-0.021978,0.012211,2.354041,0.007326,-0.686203
129.362869,-0.007326,0.012211,2.354041,0.007326,-0.686203
129.362869,-0.007326,0.017095,2.354041,0.007326,-0.691087
129.362869,-0.007326,0.021978,2.354041,0.007326,-0.691087
129.362869,-0.021978,0.021978,2.354041,0.007326,-0.691087
129.362869,-0.007326,0.026863,2.354041,-0.007328,-0.695971
129.362869,-0.007326,0.026863,2.354041,0.007326,-0.700854
129.362869,-0.007326,0.031747,2.354041,0.021978,-0.700854
129.362869,-0.021978,0.036631,2.354041,0.007326,-0.700854
129.362869,0.007328,0.036631,2.354041,0.007326,-0.695971
129.362869,-0.007326,0.036631,2.354041,0.007326,-0.700854
129.362869,-0.007326,0.036631,2.354041,0.007326,-0.700854
129.362869,0.007328,0.031747,2.354041,-0.007328,-0.700854
129.362869,-0.007326,0.026863,2.354041,0.021978,-0.700854
129.362869,-0.007326,0.021978,2.354041,0.021978,-0.700854
129.362869,-0.007326,0.017095,2.354041,-0.007328,-0.695971
129.362869,-0.036631,0.017095,2.354041,0.007326,-0.700854
129.362869,-0.021978,0.017095,2.354041,0.007326,-0.705739
129.362869,-0.021978,0.017095,2.354041,-0.007328,-0.700854
129.362869,0.007328,0.021978,2.354041,0.007326,-0.705739
129.362869,-0.007326,0.026863,2.354041,0.021978,-0.700854
129.362869,-0.007326,0.031747,2.354041,0.007326,-0.700854
129.362869,0.007328,0.031747,2.354041,0.007326,-0.700854
129.362869,-0.007326,0.036631,2.354041,0.007326,-0.705739
129.362869,0.007328,0.036631,2.354041,-0.007328,-0.700854
129.362869,-0.007326,0.041514,2.354041,0.007326,-0.700854
129.362869,-0.007326,0.041514,2.354041,0.007326,-0.700854
129.362869,-0.007326,0.041514,2.354041,0.007326,-0.695971
129.362869,-0.007326,0.036631,2.354041,0.007326,-0.695971
129.362869,-0.007326,0.036631,2.354041,0.007326,-0.695971
129.362869,-0.007326,0.031747,2.354041,0.021978,-0.695971
129.362869,-0.021978,0.031747,2.354041,0.007326,-0.691087
129.363251,0.007328,0.026863,2.354041,0.007326,-0.686203
129.362869,-0.007326,0.026863,2.354041,0.007326,-0.686203
129.362869,-0.021978,0.026863,2.354041,0.007326,-0.681318
129.362869,-0.007326,0.031747,2.354041,0.007326,-0.681318
129.362869,-0.007326,0.031747,2.354041,0.007326,-0.681318
129.362869,-0.007326,0.036631,2.354041,0.036631,-0.686203
129.363251,-0.007326,0.036631,2.354041,0.021978,-0.681318
129.362869,-0.021978,0.036631,2.354041,-0.007328,-0.681318
129.362869,-0.007326,0.036631,2.354041,0.007326,-0.686203
129.362869,-0.007326,0.041514,2.354041,0.021978,-0.691087
129.362869,-0.021978,0.041514,2.354041,0.007326,-0.691087
129.362869,-0.007326,0.036631,2.354041,0.007326,-0.691087
129.362869,-0.007326,0.036631,2.354041,0.007326,-0.691087
129.362869,-0.007326,0.031747,2.354041,0.021978,-0.691087
129.362869,-0.007326,0.031747,2.354041,0.021978,-0.691087
129.362869,0.007328,0.026863,2.354041,0.007326,-0.691087
129.362869,-0.021978,0.021978,2.354041,0.021978,-0.691087
129.362869,-0.007326,0.026863,2.354041,0.007326,-0.691087
129.362869,-0.021978,0.026863,2.354041,0.021978,-0.691087
129.362869,-0.021978,0.026863,2.354041,0.007326,-0.691087
129.362869,-0.021978,0.026863,2.354041,0.007326,-0.691087
129.362869,0.007328,0.031747,2.354041,0.007326,-0.695971
129.362869,-0.007326,0.031747,2.354041,-0.007328,-0.700854
129.362869,0.007328,0.031747,2.354041,0.007326,-0.695971
129.362869,-0.007326,0.036631,2.354041,0.007326,-0.695971
129.362869,-0.007326,0.036631,2.354041,0.007326,-0.695971
129.362869,-0.007326,0.036631,2.354041,-0.007328,-0.695971
129.362869,-0.007326,0.036631,2.354041,0.007326,-0.700854
129.362869,-0.021978,0.031747,2.354041,0.007326,-0.705739
129.362869,-0.007326,0.031747,2.354041,0.007326,-0.700854
129.362869,-0.007326,0.031747,2.354041,0.007326,-0.700854
129.362869,-0.007326,0.026863,2.354041,0.007326,-0.705739
129.362869,-0.007326,0.026863,2.354041,0.007326,-0.700854
129.362869,0.007328,0.026863,2.354041,-0.007328,-0.700854
129.362869,-0.007326,0.026863,2.354041,0.021978,-0.705739
129.362869,-0.007326,0.026863,2.354041,0.007326,-0.700854
129.362869,0.007328,0.026863,2.354041,0.021978,-0.705739
129.362869,-0.021978,0.026863,2.354041,-0.007328,-0.700854
129.362869,-0.007326,0.031747,2.354041,0.021978,-0.700854
129.362869,-0.007326,0.031747,2.354041,0.007326,-0.700854
129.362869,0.007328,0.031747,2.354041,-0.007328,-0.705739
129.362869,-0.007326,0.031747,2.354041,0.007326,-0.700854
129.363251,0.007328,0.031747,2.354041,0.021978,-0.700854
129.363251,-0.021978,0.031747,2.354041,0.007326,-0.695971
129.362869,-0.007326,0.031747,2.354041,0.007326,-0.695971
129.362869,-0.021978,0.026863,2.354041,0.007326,-0.695971
129.362869,-0.007326,0.026863,2.354041,-0.007328,-0.691087
129.362869,0.007328,0.026863,2.354041,-0.007328,-0.691087
129.362869,-0.007326,0.026863,2.354041,0.021978,-0.695971
129.362869,-0.021978,0.026863,2.354041,0.007326,-0.691087
129.362869,-0.021978,0.026863,2.354041,0.007326,-0.691087
129.362869,-0.007326,0.026863,2.354041,0.007326,-0.686203
129.362869,-0.021978,0.031747,2.354041,0.007326,-0.686203
129.363251,0.007328,0.070819,2.354041,0.007326,-0.686203
129.363251,0.051285,0.148963,2.354041,0.007326,-0.686203
129.363632,0.065935,0.217339,2.354041,0.007326,-0.686203
129.364395,0.124544,0.295483,2.354041,0.007326,-0.686203
129.365921,0.271065,0.354091,2.354041,0.007326,-0.686203
129.368210,0.402931,0.432235,2.354041,0.007326,-0.686203
129.369736,0.388281,0.495728,2.354041,0.007326,-0.686203
129.371643,0.446888,0.520147,2.354041,0.007326,-0.686203
129.373550,0.490845,0.500611,2.354041,0.021978,-0.686203
129.376221,0.608061,0.481075,2.354041,-0.007328,-0.686203
129.379654,0.710625,0.500611,2.354041,0.007326,-0.686203
129.383469,0.842493,0.525031,2.354041,-0.007328,-0.691087
129.387665,0.959709,0.529915,2.354041,0.007326,-0.691087
129.392242,1.047621,0.529915,2.354041,0.007326,-0.695971
129.397202,1.150185,0.539683,2.354041,-0.007328,-0.695971
129.402542,1.223446,0.564103,2.354041,-0.007328,-0.695971
129.407501,1.282053,0.554335,2.354041,0.007326,-0.695971
129.413223,1.326010,0.529915,2.354041,0.007326,-0.695971
129.420090,1.531137,0.515263,2.354041,-0.007328,-0.695971
129.426956,1.663006,0.525031,2.354041,0.007326,-0.695971
129.433823,1.706961,0.539683,2.354041,-0.007328,-0.700854
129.441452,1.794874,0.539683,2.354041,0.007326,-0.700854
129.449844,1.912090,0.529915,2.354041,0.021978,-0.695971
129.458237,2.029305,0.520147,2.354041,0.007326,-0.691087
129.466629,2.087914,0.515263,2.354041,0.007326,-0.691087
129.475784,2.175827,0.510379,2.354041,0.007326,-0.691087
129.484940,2.263737,0.500611,2.354041,0.007326,-0.691087
129.494095,2.278389,0.510379,2.354041,0.007326,-0.691087
129.504013,2.366302,0.495728,2.354041,-0.007328,-0.695971
129.514313,2.498169,0.485959,2.354041,0.021978,-0.695971
129.524994,2.571430,0.466423,2.354041,0.007326,-0.691087
129.535675,2.644691,0.471307,2.354041,-0.007328,-0.691087
129.546738,2.673996,0.485959,2.354041,0.021978,-0.691087
129.558182,2.791210,0.485959,2.354041,0.007326,-0.686203
129.570007,2.864471,0.495728,2.354041,-0.007328,-0.681318
129.582596,3.025642,0.520147,2.354041,0.007326,-0.681318
129.595184,3.128208,0.564103,2.354041,0.021978,-0.681318
129.608154,3.142860,0.578755,2.354041,-0.007328,-0.676435
129.620743,3.186813,0.564103,2.354041,0.007326,-0.676435
129.634476,3.304031,0.544567,2.354041,0.021978,-0.676435
129.648972,3.479855,0.525031,2.354041,0.007326,-0.671551
129.663086,3.494507,0.515263,2.354041,0.007326,-0.676435
129.677200,3.494507,0.505495,2.354041,0.021978,-0.676435
129.691315,3.523811,0.456656,2.354041,0.007326,-0.671551
129.705811,3.597073,0.412699,2.354041,-0.007328,-0.671551
129.720688,3.684982,0.378511,2.354041,0.007326,-0.671551
129.735565,3.670330,0.349207,2.354041,0.021978,-0.666667
129.750061,3.655678,0.315019,2.354041,-0.007328,-0.661782
129.764175,3.582420,0.271063,2.354041,0.007326,-0.666667
129.778671,3.567768,0.236875,2.354041,0.007326,-0.666667
129.792404,3.523811,0.217339,2.354041,0.007326,-0.661782
129.806519,3.509159,0.207571,2.354041,0.007326,-0.661782
129.820251,3.450550,0.183151,2.354041,0.007326,-0.666667
129.833603,3.391945,0.178267,2.354041,0.007326,-0.666667
129.846573,3.333336,0.168499,2.354041,0.007326,-0.661782
129.859924,3.304031,0.158731,2.354041,-0.007328,-0.661782
129.873276,3.333336,0.148963,2.354041,0.021978,-0.661782
129.887009,3.347988,0.148963,2.354041,0.007326,-0.666667
129.900360,3.362640,0.158731,2.354041,0.021978,-0.666667
129.914093,3.391945,0.178267,2.354041,-0.007328,-0.661782
129.927444,3.377293,0.192919,2.354041,0.021978,-0.666667
129.941177,3.362640,0.222223,2.354041,0.007326,-0.661782
129.954910,3.406593,0.231991,2.354041,0.007326,-0.666667
129.967880,3.347988,0.275947,2.354041,0.007326,-0.666667
129.980850,3.245422,0.290599,2.354041,0.007326,-0.661782
129.993439,3.230770,0.315019,2.354041,0.007326,-0.666667
130.006790,3.289379,0.305251,2.354041,0.007326,-0.656898
130.020142,3.304031,0.319902,2.354041,0.007326,-0.656898
130.033875,3.377293,0.334555,2.354041,0.021978,-0.661782
130.047607,3.391945,0.329671,2.354041,0.007326,-0.656898
130.061340,3.406593,0.349207,2.354041,0.021978,-0.652015
130.075073,3.435898,0.358974,2.354041,0.007326,-0.647131
130.089188,3.435898,0.339439,2.354041,0.021978,-0.647131
130.102921,3.465202,0.324787,2.354041,-0.007328,-0.642246
130.117035,3.523811,0.319902,2.354041,0.007326,-0.647131
130.131531,3.523811,0.310135,2.354041,0.021978,-0.647131
130.145645,3.553116,0.290599,2.354041,-0.007328,-0.642246
130.160141,3.567768,0.266179,2.354041,0.007326,-0.647131
130.174637,3.567768,0.261295,2.354041,0.007326,-0.642246
130.188751,3.567768,0.261295,2.354041,0.007326,-0.642246
130.200958,3.523811,0.266179,2.354041,-0.007328,-0.637362
130.217361,3.538464,0.236875,2.354041,0.021978,-0.637362
130.231094,3.538464,0.217339,2.354041,0.007326,-0.637362
130.245209,3.538464,0.222223,2.354041,0.007326,-0.637362
130.259323,3.523811,0.236875,2.354041,-0.007328,-0.632479
130.273438,3.494507,0.217339,2.354041,0.021978,-0.632479
130.287170,3.465202,0.202686,2.354041,0.007326,-0.627595
130.300903,3.479855,0.222223,2.354041,0.007326,-0.622710
130.314636,3.450550,0.231991,2.354041,0.007326,-0.617826
130.328369,3.406593,0.227107,2.354041,0.007326,-0.622710
130.342102,3.391945,0.227107,2.354041,0.007326,-0.622710
130.355453,3.377293,0.236875,2.354041,0.007326,-0.617826
130.368805,3.347988,0.231991,2.354041,0.021978,-0.617826
130.382156,3.347988,0.256411,2.354041,0.021978,-0.608059
130.395889,3.347988,0.236875,2.354041,0.007326,-0.608059
130.409622,3.391945,0.246643,2.354041,-0.007328,-0.617826
130.423355,3.391945,0.261295,2.354041,0.007326,-0.617826
130.436707,3.377293,0.271063,2.353660,0.007326,-0.612943
130.450439,3.406593,0.275947,2.354041,0.007326,-0.612943
130.464172,3.406593,0.290599,2.354041,-0.007328,-0.603174
130.477524,3.406593,0.285715,2.354041,0.021978,-0.608059
130.491257,3.362640,0.305251,2.354041,0.021978,-0.608059
130.504990,3.406593,0.285715,2.354041,0.021978,-0.603174
130.518341,3.421246,0.285715,2.354041,0.007326,-0.603174
130.532455,3.435898,0.305251,2.354041,0.007326,-0.603174
130.546188,3.421246,0.300367,2.354041,0.007326,-0.603174
130.559921,3.435898,0.290599,2.354041,0.021978,-0.603174
130.573654,3.450550,0.285715,2.353660,0.007326,-0.603174
130.587769,3.479855,0.275947,2.354041,0.007326,-0.603174
130.601883,3.509159,0.266179,2.354041,0.007326,-0.598290
130.615997,3.509159,0.261295,2.353660,0.007326,-0.598290
130.630112,3.523811,0.266179,2.354041,-0.007328,-0.593407
130.644226,3.494507,0.285715,2.354041,0.007326,-0.598290
130.657959,3.494507,0.271063,2.354041,0.007326,-0.593407
130.671692,3.465202,0.271063,2.354041,0.007326,-0.593407
130.685425,3.450550,0.246643,2.354041,0.007326,-0.593407
130.699158,3.421246,0.197803,2.354041,0.007326,-0.588523
130.712509,3.377293,0.168499,2.354041,0.007326,-0.593407
130.725098,3.289379,0.148963,2.353660,0.007326,-0.588523
130.735779,3.142860,0.090355,2.354041,-0.007328,-0.588523
130.749130,2.996338,0.046398,2.353660,0.007326,-0.593407
130.760956,2.981686,-0.007326,2.353660,-0.007328,-0.593407
130.773544,3.069599,-0.109890,2.354041,0.021978,-0.593407
130.784607,2.937729,-0.261294,2.353660,0.007326,-0.593407
130.794144,2.644691,-0.388278,2.353660,0.007326,-0.588523
130.803299,2.424911,-0.495727,2.353660,-0.007328,-0.588523
130.811691,2.219780,-0.632479,2.353660,0.021978,-0.588523
130.818558,1.941393,-0.695971,2.353660,0.021978,-0.593407
130.824280,1.692310,-0.715507,2.353660,-0.007328,-0.588523
130.829620,1.472528,-0.730159,2.353660,0.007326,-0.588523
130.833054,1.135532,-0.754579,2.353660,0.021978,-0.583638
130.835724,0.857145,-0.735043,2.353660,0.021978,-0.583638
130.837250,0.608061,-0.691087,2.353660,0.021978,-0.583638
130.837631,0.300367,-0.627595,2.353660,0.007326,-0.588523
130.837250,0.036633,-0.568987,2.353660,0.007326,-0.588523
130.836487,-0.065933,-0.495727,2.353660,0.007326,-0.583638
130.836105,-0.124542,-0.407814,2.353660,0.007326,-0.583638
130.835342,-0.168499,-0.339438,2.354041,0.007326,-0.583638
130.834198,-0.183149,-0.251526,2.353660,-0.007328,-0.583638
130.833817,-0.212454,-0.153846,2.353660,0.007326,-0.583638
130.832672,-0.212454,-0.090354,2.353660,0.007326,-0.583638
130.832672,-0.139194,-0.036630,2.353660,0.007326,-0.583638
130.832291,-0.080585,0.046398,2.353660,-0.007328,-0.583638
130.832291,-0.065933,0.163614,2.354041,0.007326,-0.588523
130.832291,-0.036631,0.236875,2.353660,0.007326,-0.593407
130.832672,0.021980,0.290599,2.353660,0.007326,-0.598290
130.833435,0.095240,0.329671,2.353660,0.007326,-0.598290
130.834198,0.197803,0.349207,2.354041,0.007326,-0.598290
130.836105,0.344324,0.344323,2.353660,0.021978,-0.598290
130.838394,0.446888,0.363859,2.353660,0.007326,-0.593407
130.840302,0.461540,0.334555,2.353660,-0.007328,-0.593407
130.841827,0.446888,0.295483,2.353660,0.021978,-0.593407
130.843735,0.461540,0.231991,2.353660,-0.007328,-0.593407
130.845642,0.461540,0.188035,2.354041,0.021978,-0.588523
130.847168,0.417583,0.129427,2.353660,0.007326,-0.588523
130.848694,0.373629,0.090355,2.353660,0.021978,-0.583638
130.849457,0.271065,0.061050,2.353660,0.007326,-0.583638
130.850220,0.212456,0.021978,2.353660,0.007326,-0.588523
130.850983,0.212456,-0.031746,2.353660,0.007326,-0.583638
130.851746,0.197803,-0.080586,2.353660,0.007326,-0.583638
130.851746,0.095240,-0.124542,2.353660,0.007326,-0.583638
130.851746,-0.007326,-0.183150,2.353660,0.007326,-0.578754
130.851364,-0.036631,-0.227106,2.353660,-0.007328,-0.583638
130.850983,-0.065933,-0.251526,2.353660,0.007326,-0.583638
130.850601,-0.109890,-0.266178,2.353660,-0.021980,-0.578754
130.849838,-0.153847,-0.266178,2.353660,0.007326,-0.578754
130.848312,-0.256411,-0.246642,2.353660,0.007326,-0.578754
130.846405,-0.373627,-0.217339,2.353660,0.007326,-0.578754
130.844879,-0.402931,-0.212454,2.353660,0.007326,-0.578754
130.842972,-0.446886,-0.188034,2.353660,0.007326,-0.573871
130.841827,-0.358974,-0.173382,2.353660,0.007326,-0.578754
130.841064,-0.300365,-0.139194,2.353660,-0.007328,-0.583638
130.840302,-0.271063,-0.090354,2.353660,-0.007328,-0.583638
130.838776,-0.285715,-0.061050,2.354041,0.021978,-0.583638
130.838776,-0.183149,-0.046398,2.353660,-0.007328,-0.583638
130.839157,-0.051283,-0.021978,2.353660,-0.007328,-0.583638
130.839157,-0.007326,0.021978,2.353660,-0.007328,-0.583638
130.838394,-0.080585,0.075703,2.353660,0.021978,-0.583638
130.838394,-0.065933,0.114775,2.353660,0.007326,-0.583638
130.838394,-0.007326,0.144079,2.353660,0.021978,-0.583638
130.839157,0.065935,0.163614,2.354041,0.007326,-0.578754
130.839920,0.124544,0.183151,2.353660,0.007326,-0.578754
130.840302,0.168499,0.207571,2.353660,0.021978,-0.578754
130.841064,0.153849,0.212455,2.353660,0.007326,-0.578754
130.842209,0.197803,0.192919,2.353660,0.021978,-0.578754
130.843735,0.285717,0.163614,2.353660,0.007326,-0.578754
130.844879,0.300367,0.163614,2.353660,-0.007328,-0.578754
130.845261,0.197803,0.158731,2.354041,0.021978,-0.578754
130.845261,0.095240,0.124542,2.353660,0.007326,-0.573871
130.845261,0.007328,0.095239,2.353660,0.021978,-0.583638
130.844498,-0.065933,0.070819,2.353660,0.007326,-0.583638
130.844116,-0.124542,0.036631,2.353660,0.007326,-0.578754
130.844498,-0.007326,-0.007326,2.353660,0.007326,-0.583638
130.844498,0.036633,-0.031746,2.353660,-0.007328,-0.583638
130.844498,-0.021978,-0.041514,2.353660,0.007326,-0.588523
130.844116,-0.065933,-0.056166,2.353660,0.007326,-0.588523
130.843735,-0.065933,-0.065934,2.353660,0.007326,-0.583638
130.843353,-0.109890,-0.075702,2.353660,0.007326,-0.583638
130.842972,-0.109890,-0.080586,2.353660,0.007326,-0.583638
130.842972,-0.065933,-0.080586,2.353660,0.021978,-0.583638
130.842972,-0.021978,-0.080586,2.354041,0.007326,-0.583638
130.842972,0.021980,-0.065934,2.353660,0.007326,-0.583638
130.842972,0.007328,-0.046398,2.353660,0.007326,-0.588523
130.842972,0.021980,-0.026862,2.353660,0.007326,-0.583638
130.842972,-0.007326,-0.002442,2.353660,-0.007328,-0.583638
130.842972,-0.007326,0.012211,2.353660,0.007326,-0.588523
130.842972,-0.007326,0.026863,2.353660,-0.007328,-0.588523
130.842972,-0.007326,0.031747,2.353660,0.007326,-0.588523
130.843353,-0.007326,0.036631,2.353660,0.007326,-0.588523
130.843353,0.007328,0.041514,2.353660,0.007326,-0.578754
130.843353,0.021980,0.046398,2.353660,0.007326,-0.578754
130.843353,-0.007326,0.041514,2.353660,-0.007328,-0.578754
130.843353,-0.007326,0.041514,2.353660,0.007326,-0.578754
130.843353,-0.007326,0.036631,2.353660,0.007326,-0.573871
130.843353,-0.007326,0.031747,2.353660,0.007326,-0.573871
130.843353,-0.007326,0.021978,2.353660,0.007326,-0.578754
130.843353,-0.021978,0.012211,2.353660,0.007326,-0.573871
130.843353,-0.007326,0.002442,2.353660,0.021978,-0.573871
130.843353,-0.021978,-0.007326,2.353660,0.007326,-0.573871
130.843353,-0.007326,-0.012210,2.353660,0.007326,-0.573871
130.843353,-0.021978,-0.012210,2.353660,-0.007328,-0.573871
130.843353,-0.021978,-0.017094,2.353660,0.007326,-0.573871
130.843353,-0.021978,-0.012210,2.353660,0.007326,-0.573871
130.843353,-0.007326,-0.012210,2.354041,0.021978,-0.573871
130.843353,-0.007326,-0.007326,2.353660,0.007326,-0.573871
130.843353,0.007328,-0.007326,2.353660,0.007326,-0.568987
130.843353,-0.007326,-0.002442,2.353660,0.007326,-0.573871
130.843353,-0.021978,0.002442,2.353660,-0.007328,-0.573871
130.843353,-0.007326,0.007326,2.353660,0.007326,-0.573871
130.843353,0.007328,0.012211,2.353660,-0.007328,-0.573871
130.843353,0.007328,0.012211,2.353660,0.007326,-0.578754
130.843353,-0.007326,0.012211,2.353660,0.007326,-0.578754
130.843353,-0.007326,0.017095,2.353660,0.021978,-0.578754
130.843353,-0.007326,0.017095,2.353660,0.007326,-0.583638
130.843353,-0.007326,0.017095,2.353660,0.007326,-0.583638
130.843353,-0.007326,0.012211,2.353660,0.007326,-0.583638
130.843353,-0.021978,0.012211,2.353660,0.007326,-0.578754
130.843353,-0.007326,0.007326,2.353660,-0.007328,-0.583638
130.843353,-0.007326,0.002442,2.353660,0.021978,-0.588523
130.843353,-0.007326,-0.002442,2.353660,0.007326,-0.588523
130.843353,-0.007326,-0.007326,2.353660,0.007326,-0.588523
130.843353,-0.021978,-0.012210,2.353660,-0.007328,-0.583638
130.843353,-0.007326,-0.017094,2.353660,-0.007328,-0.588523
130.843353,-0.007326,-0.021978,2.353660,0.007326,-0.588523
130.843353,-0.007326,-0.026862,2.353660,0.007326,-0.583638
130.843353,-0.007326,-0.031746,2.353660,0.007326,-0.583638
130.843353,-0.007326,-0.031746,2.353660,0.007326,-0.583638
130.842972,-0.021978,-0.031746,2.353660,0.021978,-0.588523
130.843353,0.007328,-0.031746,2.353660,0.007326,-0.583638
130.842972,0.007328,-0.026862,2.353660,0.007326,-0.583638
130.843353,-0.021978,-0.026862,2.353660,0.021978,-0.583638
130.843353,-0.007326,-0.021978,2.353660,0.007326,-0.583638
130.843353,-0.007326,-0.017094,2.353660,0.007326,-0.583638
130.843353,-0.007326,-0.012210,2.353660,-0.007328,-0.588523
130.843353,-0.021978,-0.007326,2.353660,0.007326,-0.583638
130.843353,-0.007326,-0.002442,2.353660,0.021978,-0.583638
130.843353,-0.007326,0.002442,2.353660,0.021978,-0.578754
130.843353,0.007328,0.002442,2.353660,0.007326,-0.573871
130.843353,0.007328,0.007326,2.353660,0.007326,-0.573871
130.843353,0.007328,0.007326,2.353660,0.007326,-0.573871
130.843353,-0.007326,0.007326,2.353660,0.021978,-0.573871
130.843353,-0.007326,0.007326,2.353660,-0.007328,-0.573871
130.843353,-0.021978,0.007326,2.353660,0.021978,-0.578754
130.843353,-0.007326,0.012211,2.353660,0.021978,-0.578754
130.843353,-0.007326,0.012211,2.353660,0.007326,-0.578754
130.843353,-0.007326,0.012211,2.353660,0.007326,-0.578754
130.843353,-0.007326,0.012211,2.353660,0.007326,-0.573871
130.843353,-0.007326,0.017095,2.353660,0.007326,-0.573871
130.843353,-0.021978,0.017095,2.353660,-0.007328,-0.583638
130.843353,-0.007326,0.017095,2.353660,0.021978,-0.578754
130.843353,-0.007326,0.017095,2.353660,0.021978,-0.573871
130.843353,-0.007326,0.017095,2.354041,0.021978,-0.573871
130.843353,-0.007326,0.012211,2.353660,-0.007328,-0.573871
130.843353,-0.007326,0.012211,2.353660,0.007326,-0.578754
130.843353,0.007328,0.007326,2.353660,0.007326,-0.578754
130.843353,-0.007326,0.007326,2.353660,0.007326,-0.578754
130.843353,-0.007326,0.002442,2.353660,0.007326,-0.578754
130.843353,-0.007326,-0.002442,2.353660,0.007326,-0.578754
130.843353,-0.007326,-0.007326,2.353660,0.007326,-0.578754
130.843353,-0.007326,-0.012210,2.353660,0.007326,-0.578754
130.843353,-0.007326,-0.012210,2.353660,0.007326,-0.578754
130.843353,-0.007326,-0.017094,2.353660,0.007326,-0.583638
130.843353,-0.021978,-0.021978,2.353660,0.021978,-0.583638
130.843353,-0.007326,-0.021978,2.353660,0.007326,-0.578754
130.843353,-0.021978,-0.021978,2.353660,0.007326,-0.578754
130.843353,-0.007326,-0.021978,2.353660,-0.007328,-0.578754
130.842972,-0.021978,-0.021978,2.353660,0.007326,-0.583638
130.843353,-0.007326,-0.017094,2.353660,0.007326,-0.578754
130.842972,0.007328,-0.017094,2.353660,0.007326,-0.578754
130.843353,-0.007326,-0.012210,2.353660,0.007326,-0.583638
130.843353,-0.007326,-0.007326,2.353660,0.007326,-0.583638
130.843353,-0.007326,-0.002442,2.353660,0.007326,-0.578754
130.843353,0.007328,-0.002442,2.353660,-0.007328,-0.578754
130.843353,-0.007326,-0.002442,2.353660,0.007326,-0.583638
130.843353,-0.007326,0.002442,2.353660,0.007326,-0.583638
130.843353,-0.021978,0.002442,2.354041,0.007326,-0.583638
130.843353,-0.007326,0.002442,2.353660,-0.007328,-0.578754
130.843353,-0.007326,-0.002442,2.353660,0.007326,-0.583638
130.843353,-0.007326,-0.002442,2.353660,0.007326,-0.583638
130.843353,-0.021978,-0.002442,2.353660,0.007326,-0.583638
130.843353,-0.007326,-0.002442,2.353660,0.007326,-0.578754
130.843353,-0.007326,-0.002442,2.353660,0.007326,-0.578754
130.843353,-0.007326,-0.007326,2.353660,0.021978,-0.578754
130.843353,-0.007326,-0.002442,2.353660,-0.007328,-0.573871
130.843353,-0.007326,-0.002442,2.353660,0.021978,-0.573871
130.843353,-0.007326,-0.002442,2.353660,-0.007328,-0.573871
130.843353,-0.007326,-0.002442,2.353660,-0.007328,-0.578754
130.843353,-0.021978,-0.002442,2.353660,0.007326,-0.578754
130.843353,-0.007326,-0.002442,2.353660,0.007326,-0.578754
130.843353,-0.007326,-0.002442,2.353660,-0.007328,-0.578754
130.843353,-0.007326,0.002442,2.353660,0.021978,-0.578754
130.843353,-0.021978,0.002442,2.353660,0.007326,-0.578754
130.843353,-0.007326,-0.002442,2.353660,0.007326,-0.573871
130.843353,-0.007326,0.002442,2.353660,0.007326,-0.573871
130.843353,-0.007326,0.002442,2.353660,0.007326,-0.578754
130.843353,-0.007326,-0.002442,2.353660,0.007326,-0.573871
130.843353,-0.007326,0.002442,2.353660,0.007326,-0.573871
130.843353,-0.007326,0.002442,2.353660,0.007326,-0.573871
130.843353,-0.007326,-0.002442,2.354041,0.007326,-0.578754
130.843353,-0.007326,0.002442,2.353660,-0.007328,-0.578754
130.843353,-0.007326,-0.002442,2.353660,0.007326,-0.583638
130.843353,-0.007326,-0.002442,2.353660,-0.007328,-0.583638
130.843353,-0.007326,-0.002442,2.353660,0.021978,-0.583638
130.843353,-0.021978,-0.007326,2.353660,0.007326,-0.578754
130.843353,-0.007326,-0.007326,2.353660,0.007326,-0.583638
130.843353,0.007328,-0.007326,2.353660,-0.007328,-0.578754
130.843353,-0.007326,-0.007326,2.353660,0.007326,-0.583638
130.843353,-0.021978,-0.007326,2.353660,0.007326,-0.583638
130.842972,-0.021978,-0.007326,2.353660,0.007326,-0.578754
130.843353,-0.007326,-0.007326,2.353660,0.021978,-0.578754
130.843353,0.007328,-0.002442,2.353660,0.021978,-0.578754
130.843353,-0.007326,-0.002442,2.354041,0.007326,-0.573871
130.843353,-0.007326,-0.002442,2.353660,-0.007328,-0.578754
130.843353,-0.007326,-0.002442,2.353660,0.007326,-0.578754
130.843353,-0.007326,-0.007326,2.354041,0.007326,-0.578754
130.843353,0.007328,-0.007326,2.353660,0.007326,-0.578754
130.843353,-0.007326,-0.007326,2.353660,-0.007328,-0.583638
130.843353,-0.007326,-0.007326,2.353660,0.007326,-0.588523
130.843353,-0.007326,-0.007326,2.353660,0.007326,-0.583638
130.843353,-0.007326,-0.007326,2.354041,0.021978,-0.583638
130.843353,-0.007326,-0.007326,2.353660,-0.007328,-0.578754
130.843353,-0.007326,-0.007326,2.354041,0.007326,-0.578754
130.843353,0.007328,-0.012210,2.353660,0.007326,-0.573871
130.843353,-0.007326,-0.012210,2.353660,-0.007328,-0.578754
130.843353,0.007328,-0.012210,2.353660,0.007326,-0.578754
130.843353,-0.007326,-0.012210,2.353660,0.007326,-0.578754
130.843353,-0.007326,-0.007326,2.353660,-0.007328,-0.578754
130.843353,-0.007326,-0.007326,2.353660,0.007326,-0.578754
130.843353,-0.021978,-0.007326,2.353660,-0.007328,-0.578754
130.843353,-0.007326,-0.007326,2.353660,0.021978,-0.578754
130.843353,-0.021978,-0.007326,2.353660,0.007326,-0.578754
130.843353,0.007328,-0.002442,2.353660,-0.007328,-0.578754
130.843353,0.007328,-0.002442,2.353660,-0.007328,-0.578754
130.843353,-0.007326,-0.007326,2.353660,0.007326,-0.578754
130.843353,-0.007326,-0.002442,2.353660,0.007326,-0.578754
130.843353,-0.007326,-0.002442,2.353660,0.021978,-0.578754
130.843353,-0.007326,-0.002442,2.353660,0.007326,-0.578754
130.843353,-0.007326,0.002442,2.353660,-0.007328,-0.578754
130.843353,0.007328,0.002442,2.354041,0.007326,-0.583638
130.843353,-0.007326,0.002442,2.353660,0.007326,-0.578754
130.843353,0.007328,0.002442,2.354041,0.021978,-0.578754
130.843353,-0.007326,0.002442,2.353660,0.007326,-0.578754
130.843353,-0.007326,0.002442,2.353660,0.007326,-0.578754
130.843353,-0.007326,0.002442,2.353660,0.007326,-0.578754
130.843353,-0.007326,0.007326,2.353660,0.007326,-0.578754
130.843353,0.007328,0.002442,2.353660,-0.007328,-0.578754
130.843353,-0.021978,0.002442,2.353660,-0.007328,-0.583638
130.843353,-0.007326,0.002442,2.353660,0.021978,-0.588523
130.843353,-0.007326,0.002442,2.353660,0.007326,-0.578754
130.843353,-0.007326,0.002442,2.353660,0.021978,-0.578754
130.843353,-0.007326,-0.002442,2.353660,-0.007328,-0.583638
130.843353,-0.021978,-0.002442,2.354041,0.036631,-0.583638
130.843353,-0.007326,-0.002442,2.353660,0.007326,-0.578754
130.843353,-0.007326,-0.002442,2.353660,-0.007328,-0.583638
130.843353,-0.007326,-0.007326,2.353660,-0.007328,-0.583638
130.843353,-0.007326,-0.007326,2.353660,0.007326,-0.578754
130.843353,-0.007326,-0.007326,2.353660,-0.007328,-0.578754
130.843353,-0.007326,-0.007326,2.353660,0.007326,-0.583638
130.843353,-0.007326,-0.012210,2.353660,-0.007328,-0.583638
130.843353,-0.007326,-0.012210,2.353660,0.007326,-0.583638
130.843353,-0.007326,-0.012210,2.353660,-0.007328,-0.583638
130.843353,-0.007326,-0.012210,2.353660,0.021978,-0.588523
130.843353,-0.007326,-0.017094,2.353660,0.007326,-0.583638
130.843353,-0.007326,-0.012210,2.353660,0.007326,-0.583638
130.843353,-0.007326,-0.012210,2.353660,0.021978,-0.583638
130.843353,-0.021978,-0.012210,2.353660,0.007326,-0.583638
130.843353,-0.021978,-0.012210,2.353660,-0.007328,-0.583638
130.843353,0.007328,-0.007326,2.353660,0.007326,-0.583638
130.843353,-0.007326,-0.007326,2.353660,0.007326,-0.583638
130.843353,-0.007326,-0.007326,2.353660,0.021978,-0.583638
130.843353,-0.021978,-0.002442,2.353660,0.007326,-0.578754
130.843353,-0.007326,-0.002442,2.353660,0.021978,-0.578754
130.843353,-0.007326,-0.002442,2.353660,0.021978,-0.578754
130.843353,-0.021978,-0.002442,2.353660,0.007326,-0.578754
130.843353,-0.007326,0.002442,2.353660,0.007326,-0.578754
130.843353,-0.007326,0.002442,2.353660,-0.007328,-0.583638
130.843353,-0.021978,0.002442,2.353660,0.021978,-0.583638
130.843353,0.007328,0.002442,2.353660,0.021978,-0.583638
130.843353,-0.007326,0.002442,2.353660,0.007326,-0.583638
130.843353,-0.007326,0.002442,2.353660,0.007326,-0.578754
130.843353,-0.007326,0.002442,2.353660,0.021978,-0.578754
130.843353,-0.007326,0.002442,2.353660,-0.007328,-0.578754
130.843353,-0.007326,0.002442,2.353660,0.007326,-0.578754
130.843353,0.007328,0.002442,2.353660,0.007326,-0.578754
130.842972,-0.021978,0.002442,2.353660,0.007326,-0.578754
130.843353,0.007328,-0.002442,2.353660,0.007326,-0.578754
130.843353,0.007328,-0.002442,2.353660,-0.007328,-0.578754
130.843353,-0.007326,-0.002442,2.353660,0.021978,-0.588523
130.843353,0.007328,-0.002442,2.354041,0.021978,-0.583638
130.843353,-0.007326,-0.002442,2.353660,-0.007328,-0.583638
130.843353,-0.007326,-0.002442,2.353660,0.007326,-0.583638
130.843353,-0.007326,-0.007326,2.353660,0.007326,-0.583638
130.843353,-0.007326,-0.007326,2.354041,0.021978,-0.583638
130.843353,-0.007326,-0.007326,2.353660,0.007326,-0.578754
130.843353,-0.007326,-0.007326,2.353660,0.007326,-0.583638
130.843353,-0.007326,-0.007326,2.353660,0.007326,-0.583638
130.843353,-0.007326,-0.007326,2.353660,0.007326,-0.583638
130.843353,-0.007326,-0.007326,2.353660,-0.007328,-0.578754
130.843353,-0.007326,-0.012210,2.353660,0.007326,-0.583638
130.843353,-0.007326,-0.012210,2.353660,0.007326,-0.583638
130.843353,-0.007326,-0.012210,2.353660,0.007326,-0.583638
130.843353,0.007328,-0.012210,2.353660,0.007326,-0.583638
130.843353,-0.007326,-0.012210,2.353660,0.007326,-0.583638
130.843353,-0.007326,-0.007326,2.353660,-0.007328,-0.578754
130.843353,-0.007326,-0.007326,2.353660,0.007326,-0.583638
130.843353,-0.021978,-0.007326,2.353660,0.021978,-0.583638
130.843353,0.007328,-0.007326,2.353660,-0.007328,-0.578754
130.843353,-0.007326,-0.007326,2.353660,0.007326,-0.583638
130.843353,0.007328,-0.002442,2.353660,0.007326,-0.583638
130.843353,-0.007326,-0.002442,2.353660,0.021978,-0.578754
130.843353,0.007328,-0.002442,2.353660,0.007326,-0.573871
130.843353,-0.007326,-0.002442,2.353660,0.007326,-0.583638
130.843353,-0.007326,-0.002442,2.353660,0.007326,-0.583638
130.843353,-0.007326,-0.002442,2.353660,0.007326,-0.583638
130.843353,-0.007326,-0.002442,2.353660,0.007326,-0.583638
130.843353,-0.007326,-0.002442,2.353660,0.007326,-0.583638
130.843353,-0.007326,-0.002442,2.353660,0.007326,-0.583638
130.843353,-0.021978,-0.002442,2.353660,0.007326,-0.583638
130.843353,-0.007326,0.002442,2.353660,0.021978,-0.583638
130.843353,-0.021978,0.002442,2.354041,0.007326,-0.578754
130.843353,-0.007326,-0.002442,2.353660,-0.007328,-0.578754
130.843353,-0.007326,-0.002442,2.353660,0.007326,-0.588523
130.843353,-0.007326,-0.002442,2.353660,0.007326,-0.583638
130.843353,-0.007326,-0.002442,2.353660,0.007326,-0.583638
130.843353,0.007328,-0.002442,2.353660,-0.007328,-0.583638
130.843353,-0.007326,-0.007326,2.353660,0.021978,-0.583638
130.843353,-0.007326,-0.007326,2.353660,-0.007328,-0.583638
130.843353,-0.021978,-0.007326,2.353660,0.021978,-0.583638
130.843353,-0.021978,-0.007326,2.353660,0.007326,-0.583638
130.843353,-0.007326,-0.007326,2.353660,-0.007328,-0.583638
130.843353,0.007328,-0.007326,2.353660,-0.007328,-0.583638
130.843353,-0.007326,-0.007326,2.353660,0.007326,-0.583638
130.843353,-0.007326,-0.007326,2.353660,0.007326,-0.578754
130.843353,-0.007326,-0.007326,2.353660,0.007326,-0.578754
130.843353,0.007328,-0.007326,2.353660,0.007326,-0.578754
130.843353,-0.007326,-0.007326,2.353660,-0.021980,-0.578754
130.843353,-0.007326,-0.007326,2.353660,0.021978,-0.583638
130.843353,-0.007326,-0.007326,2.353660,0.007326,-0.583638
130.843353,-0.007326,-0.007326,2.353660,0.007326,-0.578754
130.843353,0.007328,-0.007326,2.353660,0.007326,-0.578754
130.843353,0.007328,-0.002442,2.353660,0.007326,-0.578754
130.843353,-0.007326,-0.002442,2.353660,-0.007328,-0.583638
130.843353,-0.021978,-0.002442,2.353660,0.021978,-0.578754
130.843353,-0.007326,-0.002442,2.353660,0.007326,-0.578754
130.843353,-0.021978,0.002442,2.353660,0.007326,-0.583638
130.843353,-0.021978,-0.002442,2.353660,0.007326,-0.583638
130.843353,-0.007326,-0.002442,2.353660,0.021978,-0.583638
130.843353,-0.007326,-0.002442,2.353660,0.007326,-0.583638
130.843353,-0.007326,0.002442,2.353660,-0.007328,-0.583638
130.843353,0.007328,0.002442,2.353660,0.021978,-0.588523
130.843353,-0.007326,-0.002442,2.354041,0.021978,-0.583638
130.843353,-0.007326,0.002442,2.354041,0.021978,-0.583638
130.843353,-0.021978,0.002442,2.353660,-0.007328,-0.578754
130.843353,-0.021978,0.002442,2.353660,0.007326,-0.583638
130.843353,-0.007326,-0.002442,2.353660,0.007326,-0.588523
130.843353,-0.007326,-0.002442,2.353660,0.007326,-0.583638
130.843353,0.007328,-0.002442,2.353660,0.021978,-0.583638
130.843353,-0.007326,-0.007326,2.353660,0.007326,-0.583638
130.843353,0.007328,-0.007326,2.353660,0.007326,-0.578754
130.843353,-0.007326,-0.007326,2.353660,0.007326,-0.578754
130.843353,-0.007326,-0.007326,2.354041,0.007326,-0.578754
130.843353,-0.007326,-0.007326,2.353660,-0.007328,-0.578754
130.843353,-0.007326,-0.007326,2.353660,0.007326,-0.583638
130.843353,-0.021978,-0.007326,2.353660,0.007326,-0.583638
130.843353,-0.007326,-0.012210,2.353660,-0.007328,-0.583638
130.843353,0.007328,-0.012210,2.353660,-0.007328,-0.583638
130.843353,-0.021978,-0.012210,2.353660,-0.007328,-0.583638
130.843353,-0.021978,-0.012210,2.353660,0.007326,-0.588523
130.843353,-0.007326,-0.007326,2.353660,-0.007328,-0.583638
130.843353,-0.007326,-0.012210,2.353660,0.007326,-0.578754
130.843353,-0.007326,-0.007326,2.353660,0.007326,-0.578754
130.843353,0.007328,-0.007326,2.353660,0.007326,-0.583638
130.843353,-0.007326,-0.007326,2.353660,0.007326,-0.583638
130.843353,-0.021978,-0.007326,2.353660,0.007326,-0.583638
130.843353,0.007328,-0.007326,2.353660,0.007326,-0.583638
130.843353,-0.007326,-0.002442,2.353660,0.007326,-0.583638
130.843353,-0.007326,-0.002442,2.353660,-0.007328,-0.583638
130.843353,-0.007326,-0.002442,2.353660,0.007326,-0.583638
130.843353,-0.007326,-0.002442,2.353660,0.021978,-0.583638
130.843353,0.007328,-0.002442,2.353660,0.007326,-0.578754
130.843353,-0.007326,-0.002442,2.353660,0.007326,-0.578754
130.843353,-0.007326,-0.002442,2.354041,0.007326,-0.578754
130.843353,-0.007326,0.002442,2.353660,0.007326,-0.578754
130.843353,-0.007326,0.002442,2.353660,0.007326,-0.583638
130.843353,-0.007326,0.002442,2.353660,0.007326,-0.578754
130.843353,-0.007326,0.002442,2.353660,0.007326,-0.583638
130.843353,-0.021978,0.002442,2.353660,0.007326,-0.583638
130.843353,-0.007326,-0.002442,2.353660,0.007326,-0.583638
130.843353,-0.007326,0.002442,2.353660,-0.007328,-0.583638
130.843353,-0.021978,-0.002442,2.353660,0.021978,-0.583638
130.843353,0.007328,-0.002442,2.353660,0.007326,-0.583638
130.843353,-0.007326,-0.002442,2.353660,0.021978,-0.583638
130.843353,-0.007326,-0.002442,2.353660,0.007326,-0.583638
130.843353,-0.007326,-0.002442,2.354041,0.021978,-0.588523
130.843353,-0.007326,-0.002442,2.353660,0.007326,-0.583638
130.843353,-0.007326,-0.007326,2.353660,0.021978,-0.588523
130.843353,0.007328,-0.007326,2.353660,0.021978,-0.583638
130.843353,-0.007326,-0.007326,2.353660,-0.007328,-0.583638
130.843353,-0.007326,-0.007326,2.353660,0.007326,-0.583638
130.843353,-0.021978,-0.007326,2.353660,0.007326,-0.588523
130.843353,-0.007326,-0.007326,2.353660,0.021978,-0.588523
130.843353,-0.007326,-0.012210,2.353660,0.007326,-0.583638
130.843353,-0.007326,-0.012210,2.353660,0.007326,-0.583638
130.843353,-0.007326,-0.012210,2.353660,-0.007328,-0.583638
130.843353,-0.007326,-0.007326,2.353660,0.021978,-0.588523
130.843353,-0.007326,-0.012210,2.353660,0.007326,-0.588523
130.843353,-0.007326,-0.012210,2.353660,0.007326,-0.588523
130.843353,-0.021978,-0.012210,2.353660,-0.021980,-0.588523
130.843353,-0.007326,-0.007326,2.353660,0.007326,-0.588523
130.843353,-0.007326,-0.007326,2.353660,0.021978,-0.588523
130.843353,-0.007326,-0.007326,2.353660,0.007326,-0.578754
130.843353,-0.007326,-0.007326,2.353660,0.007326,-0.583638
130.843353,-0.007326,-0.007326,2.353660,0.007326,-0.583638
130.843353,0.007328,-0.007326,2.353660,0.021978,-0.578754
130.843353,-0.021978,-0.007326,2.353660,-0.007328,-0.578754
130.843353,0.007328,-0.002442,2.353660,0.007326,-0.583638
130.843353,-0.021978,-0.002442,2.353660,0.007326,-0.583638
130.843353,-0.007326,-0.002442,2.354041,-0.007328,-0.583638
130.843353,-0.007326,-0.002442,2.353660,0.007326,-0.588523
130.843353,-0.007326,-0.002442,2.353660,-0.007328,-0.593407
130.843353,-0.021978,0.002442,2.354041,0.021978,-0.588523
130.843353,-0.007326,0.002442,2.353660,0.007326,-0.588523
130.843353,-0.007326,0.002442,2.353660,0.007326,-0.588523
130.843353,0.007328,0.002442,2.353660,0.007326,-0.588523
130.843353,0.007328,-0.002442,2.353660,0.007326,-0.583638
130.843353,-0.007326,-0.002442,2.353660,0.007326,-0.583638
130.843353,-0.007326,-0.002442,2.353660,-0.007328,-0.588523
130.843353,0.007328,-0.002442,2.353660,0.007326,-0.588523
130.843353,-0.007326,-0.002442,2.353660,-0.007328,-0.588523
130.843353,-0.021978,-0.002442,2.354041,0.036631,-0.588523
130.843353,-0.007326,-0.002442,2.353660,-0.007328,-0.583638
130.843353,0.007328,-0.002442,2.353660,0.021978,-0.583638
130.843353,-0.021978,-0.007326,2.353660,0.007326,-0.583638
130.843353,0.007328,-0.007326,2.353660,0.007326,-0.583638
130.843353,-0.007326,-0.007326,2.353660,0.007326,-0.588523
130.843353,-0.007326,-0.007326,2.353660,0.007326,-0.588523
130.843353,0.007328,-0.002442,2.353660,0.007326,-0.588523
130.843353,-0.007326,-0.002442,2.353660,0.007326,-0.588523
130.843353,-0.007326,-0.002442,2.353660,0.007326,-0.588523
130.843353,-0.007326,-0.002442,2.353660,0.021978,-0.588523
130.843353,0.007328,-0.007326,2.353660,-0.007328,-0.583638
130.843353,-0.007326,-0.002442,2.353660,0.007326,-0.583638
130.843353,-0.021978,-0.007326,2.353660,0.021978,-0.583638
130.843353,0.007328,-0.007326,2.353660,0.007326,-0.583638
130.843353,-0.007326,-0.007326,2.353660,0.007326,-0.583638
130.843353,-0.007326,-0.007326,2.353660,-0.007328,-0.588523
130.843353,-0.007326,-0.002442,2.353660,0.007326,-0.588523
130.843353,-0.007326,-0.007326,2.353660,0.007326,-0.588523
130.843353,-0.007326,-0.002442,2.353660,0.007326,-0.588523
130.843353,-0.007326,-0.002442,2.353660,0.007326,-0.588523
130.843353,-0.007326,-0.002442,2.353660,0.007326,-0.588523
130.843353,-0.007326,-0.007326,2.353660,0.007326,-0.583638
130.843353,0.007328,-0.002442,2.353660,-0.007328,-0.583638
130.843353,-0.007326,-0.002442,2.354041,0.007326,-0.588523
130.843353,-0.021978,-0.002442,2.353660,0.021978,-0.588523
130.843353,-0.007326,-0.002442,2.353660,-0.007328,-0.583638
130.843353,-0.021978,-0.002442,2.353660,0.021978,-0.583638
130.843353,-0.007326,-0.002442,2.353660,-0.007328,-0.583638
130.843353,-0.007326,-0.002442,2.353660,0.007326,-0.588523
130.843353,0.007328,-0.002442,2.353660,0.007326,-0.588523
130.843353,-0.007326,-0.002442,2.353660,0.007326,-0.588523
130.843353,-0.007326,-0.002442,2.353660,0.007326,-0.583638
130.843353,-0.007326,-0.002442,2.353660,-0.007328,-0.583638
130.843353,-0.007326,-0.002442,2.353660,0.007326,-0.588523
130.843353,-0.007326,-0.002442,2.353660,-0.007328,-0.588523
130.843353,0.007328,-0.007326,2.353660,0.021978,-0.593407
130.843353,-0.007326,-0.002442,2.354041,0.021978,-0.588523
130.843353,-0.007326,-0.002442,2.353660,0.007326,-0.583638
130.843353,-0.021978,-0.002442,2.353660,0.007326,-0.583638
130.843353,-0.007326,-0.002442,2.353660,0.007326,-0.588523
130.843353,-0.021978,-0.002442,2.353660,0.007326,-0.583638
130.843353,-0.007326,-0.002442,2.353660,0.007326,-0.583638
130.843353,-0.007326,-0.007326,2.353660,0.021978,-0.583638
130.843353,-0.021978,-0.007326,2.353660,-0.007328,-0.588523
130.843353,-0.007326,-0.007326,2.354041,0.021978,-0.588523
130.843353,-0.007326,-0.007326,2.353660,0.021978,-0.583638
130.843353,-0.007326,-0.007326,2.353660,0.007326,-0.583638
130.843353,-0.007326,-0.007326,2.353660,0.007326,-0.578754
130.843353,-0.007326,-0.007326,2.353660,0.007326,-0.588523
130.843353,-0.007326,-0.007326,2.353660,-0.007328,-0.588523
130.843353,-0.007326,-0.002442,2.353660,0.007326,-0.588523
130.843353,-0.007326,-0.002442,2.354041,0.007326,-0.588523
130.843353,-0.007326,-0.007326,2.353660,-0.007328,-0.588523
130.843353,-0.007326,-0.002442,2.353660,0.007326,-0.588523
130.843353,-0.007326,-0.002442,2.353660,-0.007328,-0.583638
130.843353,-0.021978,-0.002442,2.353660,0.021978,-0.588523
130.843353,-0.007326,-0.002442,2.353660,0.007326,-0.588523
130.843353,0.007328,-0.007326,2.353660,0.007326,-0.583638
130.843353,-0.021978,-0.002442,2.353660,0.007326,-0.583638
130.843353,-0.021978,-0.002442,2.353660,0.007326,-0.583638
130.843353,0.007328,-0.007326,2.353660,0.007326,-0.588523
130.843353,-0.007326,-0.002442,2.353660,0.007326,-0.583638
130.843353,-0.007326,-0.002442,2.353660,-0.007328,-0.583638
130.843353,-0.007326,-0.007326,2.353660,0.007326,-0.588523
130.843353,-0.007326,-0.002442,2.354041,0.021978,-0.588523
130.843353,-0.007326,-0.007326,2.353660,0.007326,-0.583638
130.843353,-0.007326,-0.002442,2.354041,0.021978,-0.588523
130.843353,-0.007326,-0.007326,2.353660,0.021978,-0.583638
130.843353,-0.007326,-0.007326,2.353660,-0.007328,-0.583638
130.843353,-0.007326,-0.007326,2.353660,0.021978,-0.588523
130.843353,-0.007326,-0.002442,2.353660,0.021978,-0.588523
130.843353,-0.007326,-0.002442,2.353660,0.007326,-0.583638
130.843353,-0.007326,-0.007326,2.353660,0.007326,-0.583638
130.843353,-0.021978,-0.007326,2.354041,0.021978,-0.583638
130.843353,-0.007326,-0.002442,2.353660,0.007326,-0.583638
130.843353,-0.007326,-0.002442,2.353660,-0.007328,-0.583638
130.843353,-0.007326,-0.002442,2.353660,0.007326,-0.583638
130.843353,-0.007326,-0.002442,2.353660,-0.007328,-0.583638
130.843353,-0.007326,-0.002442,2.353660,0.007326,-0.588523
130.843353,-0.007326,-0.002442,2.353660,0.007326,-0.588523
130.843353,-0.021978,-0.002442,2.353660,0.007326,-0.588523
130.843353,-0.007326,-0.007326,2.353660,0.007326,-0.588523
130.843353,-0.021978,-0.007326,2.353660,-0.007328,-0.583638
130.843353,-0.021978,-0.002442,2.353660,0.021978,-0.588523
130.843353,-0.007326,-0.007326,2.353660,0.021978,-0.588523
130.843353,-0.007326,-0.007326,2.353660,0.007326,-0.583638
130.843353,-0.007326,-0.002442,2.353660,0.007326,-0.583638
130.843353,-0.007326,-0.002442,2.353660,0.007326,-0.588523
130.843353,-0.007326,-0.007326,2.353660,0.021978,-0.588523
130.843353,-0.021978,-0.002442,2.353660,0.007326,-0.583638
130.843353,-0.007326,-0.002442,2.353660,0.021978,-0.588523
130.843353,-0.007326,-0.007326,2.353660,0.021978,-0.588523
130.843353,-0.007326,-0.007326,2.354041,0.007326,-0.583638
130.843353,-0.007326,-0.007326,2.354041,0.021978,-0.588523
130.843353,-0.007326,-0.002442,2.353660,0.007326,-0.583638
130.843353,-0.007326,-0.002442,2.353660,-0.007328,-0.583638
130.843353,-0.007326,-0.002442,2.353660,0.007326,-0.588523
130.843353,-0.007326,-0.002442,2.353660,0.021978,-0.588523
130.843353,-0.007326,-0.007326,2.353660,0.007326,-0.583638
130.843353,-0.007326,-0.007326,2.353660,-0.007328,-0.583638
130.843353,-0.007326,-0.002442,2.353660,0.007326,-0.583638
130.843353,-0.007326,-0.002442,2.353660,0.007326,-0.583638
130.843353,-0.007326,-0.002442,2.353660,0.007326,-0.583638
130.843353,-0.021978,-0.002442,2.353660,0.021978,-0.583638
130.843353,0.007328,-0.002442,2.354041,0.021978,-0.583638
130.843353,-0.007326,-0.002442,2.353660,-0.007328,-0.583638
130.843353,-0.007326,-0.007326,2.353660,0.021978,-0.583638
130.843353,-0.021978,-0.007326,2.353660,0.007326,-0.583638
130.843353,-0.007326,-0.002442,2.353660,-0.007328,-0.583638
130.843353,0.007328,-0.002442,2.354041,0.007326,-0.588523
130.843353,-0.007326,-0.002442,2.353660,0.007326,-0.583638
130.843353,0.007328,-0.002442,2.353660,-0.007328,-0.583638
130.843353,-0.007326,-0.002442,2.353660,0.007326,-0.593407
130.843353,-0.007326,-0.002442,2.353660,0.021978,-0.593407
130.843353,0.007328,-0.002442,2.353660,0.007326,-0.588523
130.843353,-0.007326,-0.002442,2.353660,-0.007328,-0.583638
130.843353,-0.007326,-0.002442,2.353660,0.007326,-0.588523
130.843353,-0.007326,-0.002442,2.353660,-0.007328,-0.583638
130.843353,0.007328,-0.002442,2.353660,0.021978,-0.588523
130.843353,-0.007326,-0.002442,2.353660,0.007326,-0.583638
130.843353,-0.007326,-0.002442,2.353660,0.007326,-0.583638
130.843353,-0.007326,-0.002442,2.353660,-0.007328,-0.583638
130.843353,-0.007326,-0.002442,2.354041,0.021978,-0.588523
130.843353,-0.007326,-0.007326,2.353660,-0.007328,-0.583638
130.843353,-0.007326,-0.007326,2.353660,-0.007328,-0.583638
130.843353,-0.007326,-0.002442,2.353660,0.007326,-0.583638
130.843353,-0.007326,-0.002442,2.353660,0.007326,-0.583638
130.843353,-0.007326,-0.007326,2.353660,0.007326,-0.583638
130.842972,-0.021978,-0.002442,2.354041,0.007326,-0.583638
130.843353,0.007328,-0.002442,2.353660,0.007326,-0.583638
130.843353,0.007328,-0.002442,2.353660,0.021978,-0.588523
130.843353,-0.021978,-0.002442,2.353660,0.007326,-0.588523
130.843353,-0.007326,-0.007326,2.353660,0.007326,-0.583638
130.843353,-0.021978,-0.002442,2.353660,0.021978,-0.588523
130.843353,-0.007326,-0.002442,2.353660,0.036631,-0.583638
130.843353,-0.007326,-0.002442,2.353660,0.021978,-0.583638
130.843353,-0.007326,-0.002442,2.353660,0.007326,-0.583638
130.843353,-0.007326,-0.002442,2.353660,0.021978,-0.583638
130.843353,-0.007326,-0.002442,2.353660,0.007326,-0.588523
130.843353,-0.007326,-0.007326,2.353660,0.007326,-0.583638
130.843353,-0.007326,-0.007326,2.353660,0.007326,-0.588523
130.843353,0.007328,-0.002442,2.353660,0.007326,-0.588523
130.843353,0.007328,-0.002442,2.353660,0.007326,-0.583638
130.843353,-0.007326,-0.002442,2.353660,0.021978,-0.588523
130.843353,-0.007326,-0.002442,2.353660,0.007326,-0.588523
130.843353,-0.007326,-0.002442,2.353660,0.007326,-0.583638
130.843353,0.007328,-0.002442,2.353660,0.007326,-0.583638
130.843353,0.007328,0.002442,2.353660,0.021978,-0.588523
130.843353,-0.007326,0.002442,2.353660,0.007326,-0.588523
130.843353,0.007328,0.002442,2.353660,-0.007328,-0.583638
130.843353,-0.021978,0.002442,2.354041,0.021978,-0.588523
130.843353,-0.021978,-0.002442,2.353660,0.007326,-0.583638
130.843353,-0.007326,-0.002442,2.353660,0.021978,-0.583638
130.843353,-0.007326,-0.002442,2.353660,0.007326,-0.583638
130.843353,-0.007326,-0.002442,2.353660,0.007326,-0.583638
130.843353,-0.007326,-0.002442,2.353660,0.007326,-0.583638
130.842972,-0.021978,-0.002442,2.353660,-0.007328,-0.583638
130.843353,-0.007326,-0.007326,2.354041,0.007326,-0.583638
130.843353,0.007328,-0.007326,2.353660,-0.007328,-0.588523
130.843353,-0.007326,-0.002442,2.353660,0.007326,-0.588523
130.843353,-0.007326,-0.002442,2.353660,0.007326,-0.588523
130.843353,-0.007326,-0.007326,2.353660,0.007326,-0.583638
130.843353,-0.007326,-0.002442,2.353660,0.007326,-0.583638
130.843353,-0.007326,-0.007326,2.353660,-0.007328,-0.588523
130.843353,-0.007326,-0.007326,2.353660,0.007326,-0.588523
130.843353,0.007328,-0.007326,2.354041,0.007326,-0.583638
130.843353,0.007328,-0.007326,2.353660,0.007326,-0.583638
130.843353,-0.007326,-0.007326,2.353660,0.007326,-0.588523
130.843353,-0.007326,-0.007326,2.354041,0.021978,-0.588523
130.843353,-0.007326,-0.002442,2.353660,0.007326,-0.588523
130.843353,-0.007326,-0.002442,2.353660,0.007326,-0.588523
130.843353,0.007328,-0.002442,2.353660,0.007326,-0.588523
130.843353,-0.007326,-0.002442,2.353660,0.007326,-0.583638
130.843353,-0.007326,-0.002442,2.353660,0.007326,-0.588523
130.843353,-0.007326,-0.002442,2.354041,0.007326,-0.583638
130.843353,-0.007326,-0.007326,2.353660,0.007326,-0.583638
130.843353,-0.007326,-0.007326,2.353660,0.007326,-0.583638
130.843353,-0.007326,-0.007326,2.353660,0.007326,-0.588523
130.843353,-0.007326,-0.002442,2.353660,0.007326,-0.583638
130.843353,-0.007326,-0.002442,2.353660,0.007326,-0.588523
130.843353,-0.007326,-0.002442,2.353660,0.021978,-0.588523
130.843353,-0.007326,-0.002442,2.353660,0.007326,-0.583638
130.843353,-0.007326,0.002442,2.353660,0.007326,-0.588523
130.843353,-0.007326,0.002442,2.353660,0.021978,-0.588523
130.843353,-0.021978,0.002442,2.353660,0.007326,-0.588523
130.843353,-0.021978,0.002442,2.353660,0.007326,-0.588523
130.843353,-0.021978,-0.002442,2.353660,0.007326,-0.588523
130.843353,-0.021978,-0.002442,2.353660,0.007326,-0.588523
130.843353,-0.007326,-0.002442,2.353660,-0.007328,-0.588523
130.843353,-0.021978,-0.002442,2.353660,0.021978,-0.588523
130.843353,0.007328,-0.002442,2.353660,0.007326,-0.588523
130.843353,-0.021978,-0.002442,2.353660,0.007326,-0.588523
130.843353,-0.007326,-0.002442,2.354041,0.021978,-0.588523
130.843353,0.007328,-0.002442,2.353660,0.007326,-0.588523
130.843353,-0.021978,-0.007326,2.353660,-0.007328,-0.588523
130.843353,-0.007326,-0.007326,2.353660,0.007326,-0.593407
130.843353,-0.007326,-0.007326,2.353660,0.007326,-0.588523
130.843353,-0.007326,-0.002442,2.353660,0.021978,-0.588523
130.843353,-0.007326,-0.002442,2.353660,0.007326,-0.588523
130.843353,-0.007326,-0.002442,2.353660,-0.007328,-0.593407
130.843353,0.007328,-0.002442,2.353660,0.007326,-0.588523
130.843353,-0.007326,-0.002442,2.353660,0.007326,-0.593407
130.843353,-0.007326,-0.002442,2.353660,0.007326,-0.593407
130.843353,-0.007326,-0.002442,2.353660,0.007326,-0.588523
130.843353,0.007328,-0.002442,2.353660,0.007326,-0.588523
130.843353,-0.036631,-0.002442,2.353660,0.007326,-0.593407
130.843353,-0.007326,-0.007326,2.354041,0.021978,-0.593407
130.843353,-0.021978,-0.002442,2.353660,0.007326,-0.588523
130.843353,-0.007326,-0.007326,2.353660,0.007326,-0.588523
130.843353,-0.007326,-0.002442,2.353660,0.007326,-0.588523
130.843353,-0.021978,-0.007326,2.353660,0.007326,-0.588523
130.843353,-0.007326,-0.002442,2.353660,0.007326,-0.588523
130.843353,-0.007326,-0.002442,2.353660,-0.007328,-0.583638
130.843353,-0.007326,-0.002442,2.353660,-0.007328,-0.588523
130.843353,-0.007326,-0.007326,2.353660,0.021978,-0.588523
130.843353,0.007328,-0.007326,2.353660,0.007326,-0.583638
130.843353,-0.007326,-0.002442,2.353660,0.021978,-0.588523
130.843353,-0.007326,-0.007326,2.353660,0.007326,-0.588523
130.843353,-0.007326,-0.007326,2.353660,-0.007328,-0.588523
130.843353,0.007328,-0.002442,2.353660,0.007326,-0.593407
130.843353,-0.007326,-0.007326,2.353660,-0.007328,-0.588523
130.843353,-0.021978,-0.007326,2.353660,0.021978,-0.588523
130.843353,0.007328,-0.007326,2.353660,0.007326,-0.588523
130.843353,-0.007326,-0.007326,2.353660,0.007326,-0.588523
130.843353,-0.007326,-0.002442,2.353660,-0.007328,-0.593407
130.843353,-0.007326,-0.007326,2.353660,0.007326,-0.593407
130.843353,-0.007326,-0.007326,2.353660,0.007326,-0.593407
130.843353,-0.007326,-0.002442,2.353660,0.007326,-0.593407
130.843353,0.007328,-0.002442,2.353660,0.007326,-0.588523
130.843353,-0.021978,-0.002442,2.353660,0.007326,-0.588523
130.843353,-0.007326,-0.002442,2.353660,0.021978,-0.593407
130.843353,-0.007326,-0.002442,2.354041,0.021978,-0.593407
130.843353,-0.021978,-0.007326,2.354041,0.007326,-0.593407
130.843353,-0.021978,-0.002442,2.353660,0.007326,-0.593407
130.843353,0.007328,0.012211,2.353660,0.007326,-0.593407
130.843353,0.007328,0.036631,2.353660,-0.007328,-0.593407
130.843353,0.007328,0.061050,2.354041,0.007326,-0.593407
130.843735,0.007328,0.095239,2.353660,-0.007328,-0.588523
130.844116,0.051285,0.144079,2.353660,0.007326,-0.593407
130.844879,0.153849,0.192919,2.353660,0.007326,-0.593407
130.846024,0.212456,0.227107,2.354041,0.007326,-0.593407
130.848312,0.417583,0.285715,2.354041,0.007326,-0.593407
130.850601,0.476192,0.383395,2.353660,0.007326,-0.593407
130.852509,0.505497,0.466423,2.353660,0.007326,-0.593407
130.854034,0.432236,0.520147,2.354041,0.007326,-0.593407
130.856323,0.490845,0.534800,2.353660,0.007326,-0.593407
130.858612,0.578756,0.529915,2.353660,0.007326,-0.588523
130.862427,0.739929,0.515263,2.353660,-0.007328,-0.588523
130.865860,0.842493,0.525031,2.353660,0.007326,-0.588523
130.870056,0.901100,0.500611,2.353660,0.021978,-0.583638
130.874252,0.989014,0.476191,2.353660,0.007326,-0.583638
130.878448,1.062273,0.451771,2.353660,0.007326,-0.588523
130.883789,1.164837,0.446887,2.353660,0.007326,-0.588523
130.889511,1.311357,0.422467,2.353660,-0.007328,-0.583638
130.895233,1.399269,0.427351,2.353660,0.021978,-0.583638
130.901337,1.472528,0.466423,2.353660,0.021978,-0.583638
130.907822,1.560442,0.476191,2.353660,-0.007328,-0.583638
130.915070,1.677658,0.456656,2.353660,-0.007328,-0.583638
130.922318,1.750917,0.476191,2.353660,0.007326,-0.583638
130.929565,1.765570,0.515263,2.353660,0.007326,-0.583638
130.937195,1.809525,0.510379,2.353660,0.021978,-0.578754
130.945206,1.926743,0.485959,2.353660,0.007326,-0.578754
130.953217,1.985350,0.515263,2.353660,0.007326,-0.578754
130.961990,2.087914,0.515263,2.353660,0.007326,-0.578754
130.971146,2.249084,0.485959,2.353660,0.007326,-0.578754
130.980682,2.307693,0.500611,2.353660,-0.007328,-0.573871
130.990982,2.410259,0.500611,2.354041,0.021978,-0.573871
131.000900,2.483517,0.505495,2.353660,0.021978,-0.573871
131.011200,2.498169,0.485959,2.353660,-0.007328,-0.573871
131.021881,2.571430,0.471307,2.353660,0.021978,-0.573871
131.032944,2.717949,0.446887,2.353660,0.007326,-0.573871
131.044769,2.820515,0.422467,2.353660,0.007326,-0.578754
131.056595,2.908428,0.417583,2.353660,-0.007328,-0.573871
131.067657,2.893776,0.432235,2.353660,-0.007328,-0.573871
131.080246,2.967033,0.407815,2.353660,0.007326,-0.568987
131.092453,3.025642,0.402931,2.353660,0.007326,-0.568987
131.105042,3.069599,0.398046,2.353660,0.007326,-0.568987
131.117249,3.098904,0.407815,2.353660,0.007326,-0.568987
131.129837,3.113556,0.407815,2.353660,0.007326,-0.568987
131.142426,3.142860,0.402931,2.353660,0.007326,-0.573871
131.155777,3.201466,0.383395,2.353660,-0.007328,-0.568987
131.168747,3.245422,0.378511,2.353660,0.007326,-0.568987
131.182098,3.274727,0.383395,2.353660,0.021978,-0.568987
131.195450,3.304031,0.373627,2.353660,0.021978,-0.568987
131.209183,3.347988,0.358974,2.353660,-0.007328,-0.564102
131.222916,3.406593,0.344323,2.353660,0.021978,-0.564102
131.236267,3.391945,0.339439,2.353660,-0.007328,-0.564102
131.250000,3.391945,0.358974,2.353660,0.021978,-0.564102
131.263733,3.406593,0.319902,2.353660,0.021978,-0.559218
131.277847,3.465202,0.315019,2.353660,0.007326,-0.559218
131.291580,3.450550,0.319902,2.353660,0.021978,-0.559218
131.305313,3.465202,0.310135,2.353660,0.007326,-0.559218
131.319427,3.494507,0.285715,2.353660,0.007326,-0.564102
131.333923,3.523811,0.275947,2.353660,0.007326,-0.564102
131.348038,3.538464,0.280830,2.353660,0.007326,-0.564102
131.362152,3.523811,0.285715,2.353660,0.007326,-0.559218
131.376266,3.494507,0.275947,2.353660,0.007326,-0.559218
131.389999,3.494507,0.251527,2.353660,0.021978,-0.559218
131.404114,3.479855,0.251527,2.353660,0.007326,-0.554335
131.417847,3.479855,0.241758,2.353660,-0.007328,-0.554335
131.431961,3.465202,0.227107,2.353660,0.021978,-0.559218
131.446075,3.479855,0.212455,2.353660,0.007326,-0.554335
131.459808,3.479855,0.227107,2.353660,0.007326,-0.549451
131.473923,3.479855,0.231991,2.353660,0.007326,-0.554335
131.487274,3.450550,0.212455,2.353660,0.007326,-0.549451
131.501770,3.494507,0.212455,2.353660,0.007326,-0.554335
131.515503,3.479855,0.231991,2.353660,0.007326,-0.559218
131.529617,3.465202,0.227107,2.353660,0.021978,-0.554335
131.542969,3.421246,0.236875,2.353660,-0.007328,-0.549451
131.556702,3.421246,0.246643,2.353660,-0.007328,-0.554335
131.570435,3.421246,0.231991,2.353660,0.007326,-0.549451
131.582260,3.406593,0.246643,2.353660,0.007326,-0.549451
131.597519,3.362640,0.261295,2.353660,0.007326,-0.549451
131.610870,3.362640,0.256411,2.353660,0.007326,-0.549451
131.624603,3.377293,0.246643,2.353660,0.021978,-0.549451
131.638336,3.435898,0.256411,2.353660,-0.007328,-0.544566
131.652069,3.435898,0.251527,2.353660,0.007326,-0.544566
131.665802,3.421246,0.261295,2.353660,0.007326,-0.544566
131.679535,3.450550,0.261295,2.353660,0.021978,-0.544566
131.693268,3.421246,0.275947,2.353660,0.007326,-0.544566
131.706619,3.391945,0.285715,2.353660,-0.007328,-0.544566
131.719971,3.347988,0.285715,2.353660,0.021978,-0.549451
131.733704,3.377293,0.271063,2.353660,0.007326,-0.544566
131.747437,3.406593,0.285715,2.353660,0.007326,-0.539682
131.760788,3.391945,0.275947,2.353660,-0.007328,-0.534799
131.774139,3.377293,0.295483,2.353660,0.007326,-0.539682
131.788254,3.391945,0.290599,2.353660,0.007326,-0.539682
131.801987,3.435898,0.275947,2.353660,0.007326,-0.539682
131.815720,3.435898,0.285715,2.353660,0.007326,-0.534799
131.829071,3.406593,0.305251,2.353660,-0.007328,-0.534799
131.843185,3.421246,0.280830,2.353660,0.007326,-0.534799
131.856537,3.421246,0.285715,2.353660,0.021978,-0.534799
131.870651,3.450550,0.310135,2.353660,0.007326,-0.529915
131.884003,3.406593,0.300367,2.353660,0.007326,-0.534799
131.897736,3.377293,0.295483,2.353660,-0.007328,-0.534799
131.911850,3.435898,0.290599,2.353660,0.007326,-0.534799
131.925583,3.435898,0.280830,2.353660,0.007326,-0.534799
131.939316,3.450550,0.271063,2.353660,-0.007328,-0.534799
131.953430,3.479855,0.285715,2.353660,0.021978,-0.534799
131.967545,3.479855,0.280830,2.353660,0.007326,-0.529915
131.981277,3.479855,0.271063,2.353660,-0.007328,-0.529915
131.995392,3.479855,0.271063,2.353660,0.007326,-0.534799
132.009125,3.435898,0.290599,2.353660,0.007326,-0.534799
132.022858,3.421246,0.261295,2.353660,0.007326,-0.534799
132.036591,3.421246,0.261295,2.353660,-0.007328,-0.534799
132.049942,3.421246,0.266179,2.353660,0.007326,-0.534799
132.063675,3.406593,0.261295,2.353660,-0.007328,-0.529915
132.077408,3.421246,0.246643,2.353660,0.007326,-0.534799
132.091522,3.450550,0.251527,2.353660,0.021978,-0.534799
132.105255,3.479855,0.251527,2.353660,-0.007328,-0.529915
132.119370,3.450550,0.236875,2.353660,-0.007328,-0.525030
132.133102,3.465202,0.256411,2.353660,-0.007328,-0.529915
132.146835,3.435898,0.266179,2.353660,0.007326,-0.534799
132.160187,3.406593,0.217339,2.353660,0.007326,-0.539682
132.173157,3.289379,0.188035,2.353660,-0.007328,-0.534799
132.186127,3.230770,0.168499,2.353660,0.007326,-0.539682
132.198334,3.142860,0.139194,2.353660,0.007326,-0.539682
132.210159,3.010990,0.085470,2.353660,0.007326,-0.539682
132.221985,2.981686,0.041514,2.353660,-0.007328,-0.534799
132.234573,3.084251,-0.007326,2.353660,0.021978,-0.539682
132.247162,3.113556,-0.065934,2.353660,0.007326,-0.534799
132.258987,2.996338,-0.109890,2.353660,0.007326,-0.534799
132.269669,2.805862,-0.139194,2.353660,0.021978,-0.534799
132.279205,2.615387,-0.207570,2.353660,0.007326,-0.534799
132.287979,2.336998,-0.329670,2.353660,-0.007328,-0.534799
132.295609,2.087914,-0.432235,2.353660,0.021978,-0.534799
132.303238,1.970697,-0.505494,2.353660,0.007326,-0.534799
132.310104,1.824177,-0.549451,2.353660,0.007326,-0.534799
132.315063,1.531137,-0.544566,2.353660,0.007326,-0.534799
132.319641,1.252748,-0.549451,2.353660,-0.007328,-0.529915
132.321930,1.091578,-0.539682,2.353660,0.021978,-0.529915
132.325745,0.842493,-0.564102,2.353660,0.007326,-0.529915
132.327652,0.637363,-0.529915,2.353660,0.007326,-0.529915
132.329178,0.446888,-0.471307,2.353660,0.021978,-0.529915
132.329559,0.271065,-0.398046,2.353660,0.007326,-0.525030
132.328796,0.007328,-0.354091,2.353660,-0.007328,-0.525030
132.328415,-0.051283,-0.315019,2.353660,0.021978,-0.529915
132.328415,-0.036631,-0.271062,2.353660,0.007326,-0.529915
132.328033,-0.080585,-0.227106,2.353660,0.007326,-0.529915
132.327652,-0.109890,-0.178267,2.353660,0.007326,-0.529915
132.327271,-0.080585,-0.134310,2.353660,0.007326,-0.534799
132.327652,-0.021978,-0.100122,2.353660,0.007326,-0.529915
132.327652,-0.007326,-0.051282,2.353660,0.007326,-0.534799
132.327271,-0.036631,0.012211,2.353660,-0.007328,-0.539682
132.327271,-0.051283,0.061050,2.353660,0.007326,-0.544566
132.327271,-0.021978,0.090355,2.353660,0.021978,-0.539682
132.327271,0.021980,0.114775,2.353660,0.007326,-0.544566
132.327652,0.051285,0.129427,2.353660,0.007326,-0.544566
132.328415,0.124544,0.139194,2.353660,-0.007328,-0.544566
132.329178,0.139196,0.148963,2.353660,0.021978,-0.544566
132.329559,0.124544,0.153847,2.353660,0.007326,-0.539682
132.329559,0.051285,0.148963,2.353660,0.007326,-0.539682
132.329178,-0.007326,0.129427,2.353660,0.007326,-0.544566
132.329178,-0.051283,0.100122,2.353660,0.007326,-0.539682
132.329178,-0.036631,0.065935,2.353660,0.007326,-0.539682
132.329178,0.007328,0.036631,2.353660,0.021978,-0.539682
132.328796,-0.036631,0.007326,2.353660,0.021978,-0.534799
132.328796,-0.051283,-0.012210,2.353660,0.007326,-0.534799
132.328796,-0.036631,-0.031746,2.353660,0.021978,-0.529915
132.328415,-0.065933,-0.041514,2.353660,0.007326,-0.529915
132.328415,-0.021978,-0.051282,2.353660,0.007326,-0.529915
132.328415,-0.007326,-0.056166,2.353660,0.007326,-0.534799
132.328415,-0.007326,-0.051282,2.353660,0.007326,-0.534799
132.328415,-0.007326,-0.046398,2.353660,0.007326,-0.534799
132.328415,0.007328,-0.036630,2.353660,-0.007328,-0.534799
132.328415,-0.007326,-0.021978,2.353660,0.007326,-0.539682
132.328796,0.021980,-0.007326,2.353660,-0.007328,-0.539682
132.328796,-0.007326,0.002442,2.353660,0.021978,-0.539682
132.328415,-0.021978,0.012211,2.353660,0.007326,-0.534799
132.328796,0.007328,0.021978,2.353660,-0.007328,-0.539682
132.328796,-0.007326,0.026863,2.353660,0.007326,-0.539682
132.328796,0.007328,0.026863,2.353660,-0.007328,-0.539682
132.328796,0.021980,0.026863,2.353660,0.007326,-0.544566
132.328796,0.007328,0.026863,2.353660,0.007326,-0.544566
132.328796,-0.021978,0.021978,2.353660,0.007326,-0.539682
132.328796,-0.007326,0.021978,2.353660,0.007326,-0.539682
132.328796,-0.007326,0.012211,2.353660,0.007326,-0.534799
132.328415,-0.021978,0.007326,2.353660,0.007326,-0.539682
132.328796,-0.007326,-0.002442,2.353660,0.007326,-0.534799
132.328796,-0.007326,-0.007326,2.353660,0.007326,-0.534799
132.328796,-0.021978,-0.012210,2.353660,0.007326,-0.539682
132.328796,-0.007326,-0.017094,2.353660,0.007326,-0.539682
132.328796,-0.007326,-0.017094,2.353660,0.007326,-0.539682
132.328796,-0.007326,-0.017094,2.353660,0.007326,-0.539682
132.328796,0.007328,-0.017094,2.353660,0.021978,-0.539682
132.328796,0.007328,-0.017094,2.353660,0.007326,-0.539682
132.328796,-0.007326,-0.012210,2.353660,0.007326,-0.534799
132.328415,-0.021978,-0.012210,2.353660,0.007326,-0.539682
132.328796,-0.007326,-0.012210,2.353660,0.021978,-0.539682
132.328796,0.021980,-0.002442,2.353660,0.007326,-0.539682
132.328796,-0.007326,0.002442,2.353660,0.021978,-0.534799
132.328796,-0.007326,0.007326,2.353660,-0.007328,-0.534799
132.328796,-0.021978,0.012211,2.353660,0.007326,-0.534799
132.328415,-0.036631,0.021978,2.353660,0.007326,-0.534799
132.328415,-0.021978,0.026863,2.353660,-0.007328,-0.534799
132.328415,-0.021978,0.031747,2.353660,0.007326,-0.534799
132.328415,-0.021978,0.036631,2.353660,-0.007328,-0.534799
132.328796,0.007328,0.041514,2.353660,0.007326,-0.534799
132.328796,0.007328,0.046398,2.353660,0.007326,-0.534799
132.328796,0.021980,0.051283,2.353660,0.007326,-0.539682
132.328796,0.021980,0.051283,2.353660,0.007326,-0.539682
132.328796,-0.021978,0.051283,2.353660,0.007326,-0.539682
132.328796,-0.007326,0.046398,2.353660,0.007326,-0.534799
132.328796,-0.021978,0.036631,2.353660,0.007326,-0.534799
132.328796,-0.007326,0.026863,2.353660,0.007326,-0.539682
132.328796,-0.021978,0.012211,2.353660,0.021978,-0.539682
132.328796,-0.021978,-0.002442,2.353660,0.007326,-0.539682
132.328796,-0.021978,-0.012210,2.353660,0.007326,-0.544566
132.328415,-0.021978,-0.021978,2.353660,0.007326,-0.544566
132.328796,-0.007326,-0.026862,2.353660,0.007326,-0.544566
132.328796,-0.021978,-0.031746,2.353660,-0.007328,-0.544566
132.328796,0.007328,-0.031746,2.353660,0.007326,-0.544566
132.328796,-0.007326,-0.036630,2.353660,-0.007328,-0.544566
132.328796,-0.021978,-0.031746,2.353660,0.007326,-0.544566
132.328415,-0.007326,-0.031746,2.353660,0.007326,-0.544566
132.328796,-0.021978,-0.031746,2.353660,0.007326,-0.539682
132.328415,-0.036631,-0.026862,2.353660,0.021978,-0.539682
132.328415,-0.007326,-0.021978,2.353660,0.007326,-0.539682
132.328796,-0.007326,-0.017094,2.353660,-0.007328,-0.539682
132.328796,-0.007326,-0.012210,2.353660,0.021978,-0.539682
132.328796,0.007328,-0.007326,2.353660,0.007326,-0.539682
132.328796,-0.007326,-0.002442,2.353660,0.021978,-0.539682
132.328796,-0.021978,0.002442,2.353660,-0.007328,-0.529915
132.328796,-0.007326,0.007326,2.353660,0.007326,-0.534799
132.328796,-0.007326,0.012211,2.353660,0.007326,-0.539682
132.328796,-0.007326,0.017095,2.353660,0.021978,-0.539682
132.328796,-0.007326,0.021978,2.353660,0.021978,-0.539682
132.328796,0.007328,0.021978,2.353660,0.007326,-0.534799
132.328415,-0.021978,0.026863,2.353660,0.021978,-0.534799
132.328796,-0.007326,0.031747,2.353660,-0.007328,-0.534799
132.328796,-0.007326,0.031747,2.353660,-0.007328,-0.534799
132.328796,-0.007326,0.031747,2.353660,0.007326,-0.539682
132.328796,0.007328,0.036631,2.353660,0.007326,-0.534799
132.328796,-0.007326,0.036631,2.353660,0.007326,-0.534799
132.328796,0.007328,0.036631,2.353660,-0.007328,-0.534799
132.328796,-0.007326,0.036631,2.353660,0.007326,-0.539682
132.328796,-0.021978,0.036631,2.353660,0.007326,-0.534799
132.328796,-0.007326,0.026863,2.353660,-0.021980,-0.534799
132.328796,-0.007326,0.021978,2.353660,0.021978,-0.539682
132.328796,-0.021978,0.012211,2.353660,0.007326,-0.539682
132.328796,-0.021978,0.007326,2.353660,-0.007328,-0.534799
132.328796,-0.021978,0.002442,2.353660,-0.007328,-0.539682
132.328796,-0.007326,-0.002442,2.353660,0.007326,-0.544566
132.328796,-0.021978,-0.007326,2.353660,0.007326,-0.544566
132.328796,-0.007326,-0.007326,2.353660,-0.007328,-0.539682
132.328796,0.007328,-0.007326,2.353660,0.021978,-0.539682
132.328796,-0.021978,-0.007326,2.353660,0.007326,-0.539682
132.328796,-0.007326,-0.002442,2.353660,0.007326,-0.539682
132.328796,-0.021978,-0.002442,2.353660,0.007326,-0.539682
132.328796,-0.007326,0.002442,2.353660,-0.007328,-0.539682
132.328796,-0.007326,0.002442,2.353660,0.007326,-0.539682
132.328796,-0.007326,0.007326,2.353660,-0.007328,-0.539682
132.328796,0.007328,0.012211,2.353660,0.007326,-0.539682
132.328796,-0.007326,0.012211,2.353660,0.007326,-0.534799
132.328796,-0.007326,0.017095,2.353660,0.007326,-0.539682
132.328796,-0.007326,0.017095,2.353660,0.007326,-0.544566
132.328796,0.007328,0.021978,2.353660,0.007326,-0.544566
132.328796,-0.021978,0.021978,2.353660,0.007326,-0.539682
132.328796,0.007328,0.026863,2.353660,0.021978,-0.539682
132.328796,-0.007326,0.026863,2.353660,-0.007328,-0.539682
132.328796,-0.007326,0.026863,2.353660,0.007326,-0.544566
132.328796,-0.007326,0.026863,2.353660,0.007326,-0.539682
132.328796,-0.007326,0.031747,2.353660,0.007326,-0.539682
132.328796,-0.021978,0.031747,2.353660,0.007326,-0.539682
132.328796,-0.007326,0.031747,2.353660,0.021978,-0.539682
132.328796,-0.007326,0.031747,2.353660,-0.007328,-0.539682
132.328796,0.007328,0.031747,2.353660,0.007326,-0.539682
132.328796,0.007328,0.026863,2.353660,0.021978,-0.539682
132.328796,-0.007326,0.026863,2.353660,0.007326,-0.534799
132.328796,-0.021978,0.026863,2.353660,0.021978,-0.539682
132.328796,-0.007326,0.021978,2.353660,-0.021980,-0.534799
132.328796,0.007328,0.021978,2.353660,0.021978,-0.539682
132.328796,0.007328,0.017095,2.353660,0.007326,-0.539682
132.328796,-0.007326,0.012211,2.353660,0.007326,-0.534799
132.328796,-0.007326,0.012211,2.353660,0.007326,-0.529915
132.328796,-0.007326,0.007326,2.353660,0.007326,-0.534799
132.328796,0.007328,0.007326,2.353660,0.021978,-0.539682
132.328796,-0.021978,0.007326,2.353660,0.021978,-0.534799
132.328796,-0.007326,0.007326,2.353660,0.007326,-0.534799
132.328796,0.007328,0.002442,2.353660,0.007326,-0.534799
132.328796,-0.007326,0.007326,2.353660,-0.007328,-0.534799
132.328796,-0.007326,0.007326,2.353660,0.007326,-0.539682
132.328796,-0.036631,0.007326,2.353660,0.007326,-0.534799
132.328796,-0.007326,0.007326,2.353660,0.007326,-0.534799
132.328796,0.007328,0.012211,2.353660,0.021978,-0.539682
132.328796,-0.007326,0.012211,2.353660,0.021978,-0.539682
132.328796,-0.007326,0.012211,2.353660,0.021978,-0.539682
132.328796,-0.007326,0.017095,2.353660,0.007326,-0.534799
132.328796,0.007328,0.017095,2.353660,0.007326,-0.534799
132.328796,-0.007326,0.017095,2.353660,0.007326,-0.534799
132.328796,-0.007326,0.021978,2.353660,0.021978,-0.534799
132.328796,0.007328,0.021978,2.353660,0.007326,-0.534799
132.328796,0.007328,0.026863,2.353660,-0.007328,-0.534799
132.328796,-0.007326,0.026863,2.353660,0.007326,-0.539682
132.328796,-0.021978,0.031747,2.353660,0.007326,-0.539682
132.328796,-0.007326,0.046398,2.353660,-0.007328,-0.534799
132.329178,-0.007326,0.075703,2.353660,0.007326,-0.539682
132.329178,0.021980,0.109891,2.353660,-0.007328,-0.539682
132.329178,0.021980,0.144079,2.353660,0.021978,-0.539682
132.329559,0.021980,0.192919,2.353660,0.007326,-0.539682
132.329559,0.051285,0.236875,2.353660,0.007326,-0.534799
132.329941,0.051285,0.275947,2.353660,0.007326,-0.539682
132.330322,0.095240,0.319902,2.353660,0.007326,-0.539682
132.331848,0.212456,0.358974,2.353660,-0.007328,-0.539682
132.332993,0.285717,0.398046,2.353660,0.007326,-0.544566
132.334137,0.315020,0.446887,2.353660,0.007326,-0.544566
132.336044,0.329672,0.466423,2.353660,0.007326,-0.549451
132.337570,0.388281,0.495728,2.353660,0.007326,-0.549451
132.339859,0.446888,0.500611,2.353660,0.007326,-0.544566
132.342529,0.578756,0.505495,2.353660,-0.007328,-0.539682
132.345963,0.739929,0.505495,2.353660,-0.007328,-0.539682
132.349396,0.827841,0.525031,2.353660,0.021978,-0.544566
132.353210,0.886448,0.515263,2.353660,0.007326,-0.544566
132.357407,0.959709,0.539683,2.353660,-0.007328,-0.539682
132.361603,1.003664,0.534800,2.353660,-0.007328,-0.539682
132.366180,1.062273,0.515263,2.353660,-0.007328,-0.544566
132.371140,1.179489,0.500611,2.353660,0.021978,-0.539682
132.377243,1.369965,0.476191,2.353660,0.007326,-0.534799
132.383347,1.472528,0.466423,2.353660,0.007326,-0.539682
132.389069,1.457878,0.481075,2.353660,0.007326,-0.544566
132.394791,1.443226,0.495728,2.353660,0.007326,-0.539682
132.401276,1.545790,0.461539,2.353660,0.007326,-0.534799
132.408524,1.648354,0.437119,2.353660,0.007326,-0.539682
132.415390,1.721613,0.451771,2.353660,0.007326,-0.534799
132.423019,1.809525,0.446887,2.353660,0.007326,-0.534799
132.431412,1.912090,0.437119,2.353660,-0.007328,-0.534799
132.438660,1.912090,0.442003,2.353660,0.007326,-0.539682
132.446289,1.912090,0.442003,2.353660,-0.007328,-0.539682
132.453918,1.897438,0.417583,2.353660,-0.007328,-0.539682
132.461929,1.956045,0.378511,2.353660,-0.007328,-0.534799
132.470703,2.043957,0.388279,2.353660,0.021978,-0.534799
132.479858,2.190479,0.393163,2.353660,-0.007328,-0.534799
132.489395,2.322346,0.393163,2.353660,0.007326,-0.534799
132.498932,2.351650,0.432235,2.353660,0.021978,-0.539682
132.508087,2.278389,0.442003,2.353660,-0.007328,-0.539682
132.517624,2.351650,0.427351,2.353660,-0.007328,-0.544566
132.527542,2.410259,0.427351,2.353660,0.007326,-0.539682
132.537842,2.512821,0.407815,2.353660,0.007326,-0.539682
132.548904,2.644691,0.422467,2.353660,0.007326,-0.539682
132.559967,2.703297,0.417583,2.353660,0.007326,-0.539682
132.571411,2.747253,0.437119,2.353660,-0.007328,-0.539682
132.582474,2.776558,0.451771,2.353660,0.021978,-0.544566
132.593536,2.820515,0.451771,2.353660,0.007326,-0.544566
132.605362,2.864471,0.427351,2.353660,-0.007328,-0.544566
132.617188,2.923080,0.437119,2.353660,0.007326,-0.549451
132.629776,2.996338,0.437119,2.353660,0.007326,-0.549451
132.641983,3.040295,0.437119,2.353660,-0.007328,-0.549451
132.654190,3.069599,0.422467,2.353660,-0.007328,-0.549451
132.666779,3.128208,0.417583,2.353660,0.007326,-0.549451
132.679749,3.186813,0.402931,2.353660,0.007326,-0.544566
132.692719,3.216118,0.402931,2.353660,-0.007328,-0.549451
132.705688,3.245422,0.388279,2.353660,0.007326,-0.544566
132.719421,3.304031,0.383395,2.353660,0.007326,-0.549451
132.732391,3.318684,0.368743,2.353660,0.007326,-0.549451
132.745743,3.304031,0.373627,2.353660,0.021978,-0.549451
132.759476,3.362640,0.368743,2.353660,0.021978,-0.549451
132.773590,3.421246,0.349207,2.353660,0.007326,-0.549451
132.787704,3.494507,0.339439,2.353660,-0.007328,-0.554335
132.801819,3.479855,0.329671,2.353660,-0.007328,-0.554335
132.815552,3.479855,0.319902,2.353660,-0.007328,-0.554335
132.829285,3.465202,0.300367,2.353660,0.007326,-0.549451
132.843399,3.465202,0.295483,2.353660,0.007326,-0.549451
132.857513,3.494507,0.275947,2.353660,0.007326,-0.554335
132.871246,3.479855,0.261295,2.353660,-0.007328,-0.559218
132.885361,3.479855,0.246643,2.353660,0.021978,-0.559218
132.899475,3.494507,0.246643,2.353660,0.007326,-0.554335
132.913208,3.479855,0.231991,2.353660,-0.007328,-0.554335
132.926941,3.450550,0.222223,2.353660,-0.007328,-0.554335
132.940674,3.435898,0.231991,2.353660,-0.007328,-0.559218
132.954407,3.406593,0.236875,2.353660,0.021978,-0.559218
132.967758,3.406593,0.222223,2.353660,0.007326,-0.559218
132.981110,3.362640,0.236875,2.353660,-0.007328,-0.559218
132.994843,3.391945,0.231991,2.353660,-0.007328,-0.564102
133.008194,3.362640,0.251527,2.353660,0.021978,-0.568987
133.021545,3.362640,0.251527,2.353660,-0.007328,-0.564102
133.034897,3.333336,0.261295,2.353660,0.021978,-0.568987
133.048248,3.333336,0.280830,2.353660,-0.007328,-0.568987
133.061218,3.274727,0.280830,2.353660,0.007326,-0.568987
133.074570,3.274727,0.300367,2.353660,0.021978,-0.568987
133.087540,3.289379,0.310135,2.353660,0.007326,-0.573871
133.100510,3.260075,0.324787,2.353660,-0.007328,-0.578754
133.113480,3.245422,0.324787,2.353660,0.007326,-0.583638
133.126831,3.289379,0.334555,2.353660,0.007326,-0.583638
133.140182,3.318684,0.324787,2.353660,0.021978,-0.583638
133.153534,3.318684,0.344323,2.353660,0.007326,-0.583638
133.166885,3.347988,0.339439,2.353660,-0.007328,-0.583638
133.180618,3.362640,0.344323,2.353660,0.007326,-0.588523
133.194351,3.406593,0.339439,2.353660,0.007326,-0.593407
133.208084,3.406593,0.344323,2.353660,0.007326,-0.588523
133.221436,3.406593,0.344323,2.353660,0.007326,-0.588523
133.235168,3.421246,0.334555,2.353660,0.007326,-0.588523
133.249664,3.509159,0.295483,2.353660,0.007326,-0.593407
133.263779,3.523811,0.300367,2.353660,0.007326,-0.593407
133.277893,3.494507,0.310135,2.353660,0.007326,-0.593407
133.291245,3.465202,0.319902,2.353660,0.007326,-0.588523
133.305359,3.450550,0.290599,2.353660,0.007326,-0.593407
133.319092,3.450550,0.275947,2.353660,0.007326,-0.598290
133.333206,3.465202,0.271063,2.353660,0.007326,-0.598290
133.346939,3.450550,0.261295,2.353660,0.007326,-0.598290
133.361053,3.479855,0.241758,2.353660,0.007326,-0.598290
133.374786,3.465202,0.246643,2.353660,0.007326,-0.598290
133.388519,3.479855,0.266179,2.353660,0.007326,-0.603174
133.402252,3.435898,0.256411,2.353660,0.021978,-0.603174
133.415985,3.435898,0.246643,2.353660,-0.007328,-0.603174
133.429337,3.377293,0.241758,2.353660,0.021978,-0.608059
133.442688,3.347988,0.241758,2.353660,0.007326,-0.608059
133.456039,3.304031,0.246643,2.353660,-0.007328,-0.608059
133.469009,3.304031,0.241758,2.353660,0.021978,-0.608059
133.482361,3.289379,0.251527,2.353660,0.007326,-0.612943
133.495331,3.289379,0.256411,2.353660,0.007326,-0.612943
133.508682,3.260075,0.266179,2.353660,0.007326,-0.612943
133.521652,3.260075,0.271063,2.353660,0.021978,-0.617826
133.535004,3.289379,0.280830,2.353660,-0.007328,-0.612943
133.547974,3.318684,0.280830,2.353660,0.007326,-0.617826
133.561325,3.274727,0.310135,2.353660,0.021978,-0.617826
133.574295,3.274727,0.319902,2.353660,0.007326,-0.617826
133.587265,3.230770,0.324787,2.353660,0.007326,-0.622710
133.600235,3.274727,0.324787,2.353660,-0.007328,-0.622710
133.613586,3.245422,0.344323,2.353660,0.021978,-0.627595
133.626175,3.245422,0.358974,2.353660,0.007326,-0.622710
133.639145,3.230770,0.349207,2.353660,-0.007328,-0.627595
133.652496,3.274727,0.339439,2.353660,0.007326,-0.632479
133.664322,3.304031,0.354091,2.353660,0.021978,-0.632479
133.679199,3.289379,0.368743,2.353660,0.007326,-0.632479
133.692169,3.274727,0.368743,2.353660,0.007326,-0.632479
133.705521,3.289379,0.349207,2.353660,0.021978,-0.632479
133.718872,3.347988,0.349207,2.353660,0.007326,-0.632479
133.732605,3.377293,0.358974,2.353660,0.007326,-0.637362
133.745575,3.333336,0.354091,2.353660,0.007326,-0.637362
133.758926,3.318684,0.354091,2.353660,0.021978,-0.642246
133.772659,3.333336,0.310135,2.353660,0.007326,-0.642246
133.786392,3.377293,0.324787,2.353660,-0.007328,-0.647131
133.799744,3.377293,0.334555,2.353660,0.021978,-0.652015
133.813095,3.333336,0.319902,2.353660,0.021978,-0.647131
133.826447,3.377293,0.295483,2.353660,0.007326,-0.642246
133.840561,3.435898,0.290599,2.354041,0.007326,-0.647131
133.853912,3.377293,0.295483,2.353660,0.007326,-0.647131
133.867264,3.362640,0.300367,2.354041,0.021978,-0.652015
133.880997,3.391945,0.261295,2.353660,0.007326,-0.652015
133.895111,3.465202,0.256411,2.353660,0.007326,-0.652015
133.908844,3.450550,0.280830,2.354041,0.021978,-0.656898
133.922195,3.362640,0.295483,2.353660,0.007326,-0.652015
133.935165,3.333336,0.280830,2.354041,0.007326,-0.652015
133.949280,3.362640,0.271063,2.354041,0.007326,-0.652015
133.963013,3.421246,0.266179,2.354041,0.021978,-0.656898
133.976364,3.391945,0.285715,2.353660,0.007326,-0.656898
133.989716,3.377293,0.285715,2.354041,0.007326,-0.656898
134.003448,3.377293,0.271063,2.354041,0.007326,-0.656898
134.017181,3.435898,0.290599,2.354041,0.036631,-0.661782
134.030914,3.421246,0.295483,2.353660,0.007326,-0.661782
134.044647,3.421246,0.290599,2.354041,0.007326,-0.661782
134.057999,3.391945,0.285715,2.354041,-0.007328,-0.666667
134.071732,3.406593,0.285715,2.354041,0.007326,-0.666667
134.085464,3.362640,0.300367,2.354041,0.007326,-0.666667
134.098816,3.347988,0.300367,2.354041,0.007326,-0.671551
134.112549,3.377293,0.280830,2.354041,0.007326,-0.666667
134.125900,3.406593,0.295483,2.354041,0.007326,-0.671551
134.139252,3.391945,0.290599,2.354041,0.007326,-0.676435
134.152603,3.333336,0.305251,2.354041,0.007326,-0.676435
134.165955,3.318684,0.290599,2.354041,0.007326,-0.676435
134.179306,3.304031,0.256411,2.354041,0.007326,-0.676435
134.192657,3.318684,0.236875,2.354041,0.021978,-0.676435
134.206009,3.318684,0.236875,2.354041,-0.007328,-0.681318
134.218597,3.260075,0.188035,2.354041,0.007326,-0.686203
134.231186,3.142860,0.124542,2.354041,0.021978,-0.686203
134.243774,3.113556,0.075703,2.354041,0.007326,-0.686203
134.255981,3.098904,0.046398,2.354041,0.007326,-0.686203
134.267426,2.981686,-0.002442,2.354041,-0.007328,-0.686203
134.278488,2.835167,-0.036630,2.354041,0.007326,-0.691087
134.288788,2.688644,-0.105006,2.354041,0.007326,-0.691087
134.298706,2.542126,-0.261294,2.354041,0.007326,-0.691087
134.306717,2.234432,-0.383394,2.354041,0.007326,-0.686203
134.314346,2.058609,-0.476191,2.354041,-0.007328,-0.686203
134.321594,1.912090,-0.539682,2.354041,0.007326,-0.691087
134.327316,1.619049,-0.588523,2.354041,-0.007328,-0.691087
134.331512,1.296705,-0.612943,2.354041,0.021978,-0.691087
134.335327,1.076925,-0.617826,2.354041,0.007326,-0.686203
134.337997,0.886448,-0.647131,2.354041,0.021978,-0.686203
134.339142,0.549452,-0.617826,2.354041,0.007326,-0.686203
134.340286,0.417583,-0.578754,2.354041,0.007326,-0.686203
134.341049,0.241760,-0.515263,2.354041,0.021978,-0.681318
134.340668,0.065935,-0.466422,2.354041,0.007326,-0.681318
134.340286,-0.065933,-0.432235,2.354041,0.021978,-0.686203
134.339523,-0.124542,-0.363858,2.354041,0.007326,-0.681318
134.338379,-0.227106,-0.280830,2.354041,0.021978,-0.681318
134.336472,-0.344322,-0.188034,2.354041,-0.007328,-0.676435
134.335327,-0.344322,-0.119658,2.354041,0.007326,-0.681318
134.334946,-0.241758,-0.065934,2.354041,0.007326,-0.686203
134.333801,-0.241758,0.007326,2.354041,-0.007328,-0.691087
134.333038,-0.197802,0.100122,2.354041,0.007326,-0.695971
134.333038,-0.080585,0.178267,2.354041,0.007326,-0.705739
134.333420,-0.021978,0.236875,2.354041,0.021978,-0.700854
134.333420,-0.007326,0.266179,2.354041,0.021978,-0.700854
134.333801,0.051285,0.271063,2.354041,0.007326,-0.700854
134.334564,0.095240,0.271063,2.354041,-0.007328,-0.700854
134.335709,0.197803,0.266179,2.354041,0.007326,-0.700854
134.336853,0.256413,0.241758,2.354041,0.007326,-0.700854
134.337997,0.300367,0.241758,2.354041,0.021978,-0.695971
134.338760,0.212456,0.222223,2.354041,0.007326,-0.691087
134.339523,0.241760,0.168499,2.354041,0.021978,-0.695971
134.341049,0.271065,0.124542,2.354041,0.007326,-0.695971
134.341812,0.212456,0.114775,2.354041,0.007326,-0.695971
134.341812,0.109892,0.105007,2.354041,0.007326,-0.691087
134.342194,0.065935,0.080586,2.354041,0.007326,-0.695971
134.342194,0.021980,0.051283,2.354041,0.007326,-0.695971
134.342194,0.036633,0.026863,2.354041,0.021978,-0.695971
134.342575,0.036633,0.002442,2.354041,0.021978,-0.691087
134.342194,-0.007326,-0.012210,2.354041,0.007326,-0.691087
134.341812,-0.065933,-0.026862,2.354041,0.007326,-0.691087
134.341431,-0.080585,-0.041514,2.354041,0.007326,-0.691087
134.341049,-0.095238,-0.051282,2.354041,0.007326,-0.691087
134.341049,-0.080585,-0.061050,2.354041,0.007326,-0.686203
134.341049,-0.021978,-0.065934,2.354041,0.007326,-0.686203
134.341049,-0.007326,-0.056166,2.354041,0.007326,-0.691087
134.341049,-0.021978,-0.046398,2.354041,0.021978,-0.691087
134.341049,-0.007326,-0.036630,2.354041,0.021978,-0.691087
134.341049,0.007328,-0.017094,2.354041,0.007326,-0.691087
134.341049,0.007328,-0.002442,2.354041,0.007326,-0.691087
134.341431,0.007328,0.012211,2.354041,0.007326,-0.691087
134.341431,0.021980,0.021978,2.354041,0.007326,-0.695971
134.341431,0.007328,0.031747,2.354041,0.007326,-0.695971
134.341812,0.021980,0.031747,2.354041,0.007326,-0.695971
134.341431,-0.007326,0.031747,2.354041,0.007326,-0.695971
134.341431,0.007328,0.026863,2.354041,0.007326,-0.700854
134.341812,0.021980,0.012211,2.354041,0.007326,-0.700854
134.341812,0.021980,0.002442,2.354041,0.021978,-0.700854
134.341812,-0.021978,-0.007326,2.354041,0.007326,-0.695971
134.341812,-0.036631,-0.017094,2.354041,0.007326,-0.695971
134.341431,-0.036631,-0.021978,2.354041,-0.007328,-0.691087
134.341431,-0.065933,-0.021978,2.354041,-0.007328,-0.695971
134.341049,-0.036631,-0.026862,2.354041,0.021978,-0.695971
134.341431,-0.021978,-0.021978,2.354041,0.007326,-0.691087
134.341431,0.007328,-0.007326,2.354041,0.007326,-0.695971
134.341431,-0.007326,0.007326,2.354041,0.007326,-0.695971
134.341049,-0.007326,0.021978,2.354041,0.021978,-0.700854
134.341431,0.007328,0.031747,2.354041,0.007326,-0.695971
134.341431,0.007328,0.046398,2.354041,0.007326,-0.695971
134.341431,0.007328,0.056167,2.354041,0.007326,-0.695971
134.341431,0.007328,0.061050,2.354041,0.007326,-0.695971
134.341812,0.021980,0.070819,2.354041,-0.007328,-0.695971
134.341812,0.021980,0.070819,2.354041,0.021978,-0.695971
134.341812,-0.007326,0.065935,2.354041,0.021978,-0.691087
134.341812,-0.007326,0.061050,2.354041,-0.007328,-0.686203
134.341431,-0.007326,0.056167,2.354041,0.007326,-0.686203
134.341431,-0.007326,0.046398,2.354041,0.007326,-0.691087
134.341431,-0.021978,0.036631,2.354041,0.007326,-0.686203
134.341431,-0.021978,0.026863,2.354041,0.007326,-0.691087
134.341431,-0.021978,0.021978,2.354041,0.021978,-0.691087
134.341431,-0.036631,0.017095,2.354041,-0.007328,-0.691087
134.341431,-0.007326,0.012211,2.354041,-0.007328,-0.686203
134.341431,-0.007326,0.007326,2.354041,0.007326,-0.691087
134.341431,-0.007326,0.012211,2.354041,0.007326,-0.686203
134.341431,0.007328,0.012211,2.354041,0.007326,-0.691087
134.341431,-0.007326,0.017095,2.354041,-0.007328,-0.691087
134.341431,0.007328,0.017095,2.354041,0.007326,-0.691087
134.341431,-0.007326,0.012211,2.354041,0.007326,-0.691087
134.341431,-0.007326,0.012211,2.354041,-0.007328,-0.691087
134.341431,-0.007326,0.007326,2.354041,-0.007328,-0.691087
134.341431,-0.021978,0.002442,2.354041,0.007326,-0.691087
134.341431,-0.007326,-0.002442,2.354041,0.007326,-0.691087
134.341431,-0.007326,-0.007326,2.354041,0.007326,-0.691087
134.341431,0.007328,-0.012210,2.354041,-0.007328,-0.691087
134.341431,0.007328,-0.017094,2.354041,0.007326,-0.691087
134.341431,-0.021978,-0.017094,2.354041,-0.007328,-0.686203
134.341431,-0.007326,-0.012210,2.354041,0.007326,-0.691087
134.341431,-0.007326,-0.007326,2.354041,0.007326,-0.691087
134.341431,-0.021978,-0.002442,2.354041,-0.007328,-0.695971
134.341431,-0.007326,0.007326,2.354041,-0.007328,-0.695971
134.341431,-0.007326,0.012211,2.354041,0.007326,-0.700854
134.341431,0.007328,0.021978,2.354041,0.021978,-0.700854
134.341431,-0.007326,0.026863,2.354041,0.007326,-0.695971
134.341431,-0.007326,0.031747,2.354041,0.007326,-0.695971
134.341431,-0.007326,0.031747,2.354041,0.007326,-0.695971
134.341812,0.007328,0.036631,2.354041,-0.007328,-0.695971
134.341431,-0.007326,0.041514,2.354041,-0.007328,-0.691087
134.341431,-0.007326,0.036631,2.354041,0.007326,-0.695971
134.341431,-0.007326,0.041514,2.354041,0.007326,-0.691087
134.341431,-0.007326,0.036631,2.354041,0.007326,-0.691087
134.341431,-0.007326,0.036631,2.354041,0.007326,-0.691087
134.341431,-0.021978,0.036631,2.354041,0.007326,-0.691087
134.341431,-0.007326,0.031747,2.354041,-0.007328,-0.691087
134.341431,-0.021978,0.031747,2.354041,0.021978,-0.691087
134.341431,-0.021978,0.031747,2.354041,0.021978,-0.691087
134.341431,0.007328,0.031747,2.354041,0.007326,-0.686203
134.341431,-0.007326,0.031747,2.354041,0.007326,-0.686203
134.341431,-0.021978,0.031747,2.354041,0.021978,-0.686203
134.341431,-0.007326,0.031747,2.354041,0.007326,-0.686203
134.341431,-0.007326,0.026863,2.354041,0.021978,-0.686203
134.341431,-0.021978,0.026863,2.354041,0.007326,-0.686203
134.341431,-0.021978,0.026863,2.354041,0.007326,-0.686203
134.341431,-0.007326,0.021978,2.354041,0.007326,-0.686203
134.341431,-0.007326,0.017095,2.354041,0.007326,-0.686203
134.341431,-0.007326,0.017095,2.354041,-0.007328,-0.686203
134.341431,-0.007326,0.012211,2.354041,0.007326,-0.686203
134.341431,-0.007326,0.012211,2.354041,0.007326,-0.686203
134.341431,-0.021978,0.012211,2.354041,0.007326,-0.686203
134.341431,0.007328,0.007326,2.354041,0.007326,-0.686203
134.341431,-0.007326,0.007326,2.354041,0.007326,-0.686203
134.341431,-0.007326,0.007326,2.354041,0.007326,-0.686203
134.341431,-0.021978,0.012211,2.354041,-0.007328,-0.686203
134.341431,-0.007326,0.012211,2.354041,0.021978,-0.695971
134.341431,-0.021978,0.012211,2.354041,0.007326,-0.691087
134.341431,0.007328,0.012211,2.354041,0.007326,-0.691087
134.341431,-0.007326,0.012211,2.354041,0.007326,-0.691087
134.341431,0.007328,0.012211,2.354041,0.007326,-0.691087
134.341431,-0.021978,0.012211,2.354041,-0.007328,-0.691087
134.341431,0.007328,0.007326,2.354041,0.007326,-0.691087
134.341431,-0.007326,0.007326,2.354041,0.007326,-0.691087
134.341431,-0.021978,0.007326,2.354041,0.007326,-0.691087
134.341431,-0.007326,0.007326,2.354041,0.007326,-0.695971
134.341431,-0.007326,0.007326,2.354041,0.007326,-0.695971
134.341431,-0.007326,0.012211,2.354041,0.007326,-0.695971
134.341431,-0.007326,0.012211,2.354041,0.007326,-0.695971
134.341431,-0.007326,0.021978,2.354041,0.007326,-0.691087
134.341431,0.021980,0.041514,2.354041,-0.007328,-0.691087
134.341812,0.021980,0.070819,2.354041,0.021978,-0.691087
134.341812,0.021980,0.109891,2.354041,0.007326,-0.691087
134.342194,0.051285,0.178267,2.354041,0.021978,-0.686203
134.342957,0.153849,0.241758,2.354041,0.007326,-0.686203
134.344101,0.212456,0.300367,2.354041,0.007326,-0.686203
134.345245,0.256413,0.398046,2.354041,0.007326,-0.686203
134.346390,0.271065,0.481075,2.354041,0.007326,-0.691087
134.348679,0.417583,0.495728,2.354041,0.007326,-0.691087
134.350967,0.520149,0.534800,2.354041,0.007326,-0.686203
134.353638,0.593409,0.568987,2.354041,0.007326,-0.691087
134.356689,0.637363,0.564103,2.354041,0.007326,-0.691087
134.359741,0.710625,0.539683,2.354041,0.007326,-0.691087
134.363556,0.857145,0.525031,2.354041,0.021978,-0.686203
134.367752,0.974361,0.520147,2.354041,0.007326,-0.686203
134.372330,1.076925,0.515263,2.354041,0.007326,-0.686203
134.376907,1.091578,0.520147,2.354041,0.007326,-0.686203
134.381866,1.194141,0.534800,2.354041,0.007326,-0.691087
134.387589,1.340660,0.525031,2.354041,0.007326,-0.691087
134.394073,1.487181,0.500611,2.354041,-0.007328,-0.686203
134.400558,1.589745,0.529915,2.354041,0.007326,-0.691087
134.408188,1.736265,0.617827,2.354041,0.007326,-0.691087
134.415817,1.868134,0.661783,2.354041,0.021978,-0.691087
134.423065,1.970697,0.681319,2.354041,0.021978,-0.691087
134.432983,2.043957,0.725275,2.354041,-0.007328,-0.686203
134.442139,2.205132,0.720391,2.354041,0.007326,-0.691087
134.452057,2.380955,0.700855,2.354041,0.007326,-0.686203
134.462357,2.512821,0.705739,2.354041,-0.007328,-0.691087
134.473419,2.673996,0.705739,2.354041,0.021978,-0.695971
134.484863,2.761906,0.691088,2.354041,-0.007328,-0.691087
134.496307,2.791210,0.666667,2.354041,0.007326,-0.695971
134.508514,2.908428,0.612944,2.354041,0.007326,-0.700854
134.521103,3.054947,0.554335,2.354041,0.007326,-0.700854
134.534073,3.172161,0.500611,2.354041,0.007326,-0.695971
134.547043,3.230770,0.485959,2.354041,-0.007328,-0.695971
134.560013,3.260075,0.451771,2.354041,0.007326,-0.695971
134.573746,3.304031,0.422467,2.354041,0.007326,-0.695971
134.587860,3.435898,0.368743,2.354041,0.007326,-0.700854
134.601593,3.465202,0.373627,2.354041,-0.007328,-0.700854
134.615326,3.450550,0.388279,2.354041,0.007326,-0.700854
134.629440,3.421246,0.349207,2.354041,0.007326,-0.695971
134.643555,3.538464,0.300367,2.354041,0.007326,-0.695971
134.658432,3.582420,0.295483,2.354041,0.007326,-0.695971
134.672546,3.567768,0.315019,2.354041,0.007326,-0.695971
134.685898,3.465202,0.295483,2.354041,-0.007328,-0.700854
134.700012,3.450550,0.266179,2.354041,0.007326,-0.700854
134.713364,3.450550,0.256411,2.354041,0.021978,-0.700854
134.727478,3.465202,0.256411,2.354041,0.007326,-0.700854
134.741211,3.450550,0.241758,2.354041,0.007326,-0.695971
134.754944,3.435898,0.241758,2.354041,0.007326,-0.700854
134.768677,3.435898,0.236875,2.354041,0.007326,-0.700854
134.782410,3.406593,0.231991,2.354041,0.007326,-0.705739
134.795761,3.377293,0.241758,2.354041,-0.007328,-0.700854
134.809113,3.347988,0.236875,2.354041,0.007326,-0.700854
134.822464,3.377293,0.236875,2.354041,0.007326,-0.695971
134.835815,3.318684,0.261295,2.354041,0.007326,-0.700854
134.848785,3.289379,0.261295,2.354041,0.021978,-0.700854
134.862137,3.260075,0.275947,2.354041,0.007326,-0.700854
134.875107,3.289379,0.261295,2.354041,0.007326,-0.700854
134.888458,3.289379,0.290599,2.354041,0.007326,-0.700854
134.901047,3.274727,0.295483,2.354041,0.007326,-0.705739
134.914398,3.260075,0.319902,2.354041,-0.007328,-0.705739
134.927368,3.260075,0.305251,2.354041,0.021978,-0.710623
134.940720,3.289379,0.315019,2.354041,0.007326,-0.705739
134.953690,3.289379,0.315019,2.354041,-0.007328,-0.710623
134.967041,3.260075,0.334555,2.354041,0.007326,-0.715507
134.979630,3.260075,0.319902,2.354041,0.007326,-0.710623
134.992981,3.260075,0.319902,2.354041,0.007326,-0.710623
135.006332,3.289379,0.305251,2.354041,0.007326,-0.710623
135.019302,3.274727,0.339439,2.354041,0.007326,-0.715507
135.032272,3.274727,0.319902,2.354041,0.021978,-0.715507
135.045242,3.274727,0.324787,2.354041,0.007326,-0.710623
135.058594,3.304031,0.315019,2.354041,0.021978,-0.710623
135.071945,3.289379,0.339439,2.354041,0.007326,-0.710623
135.084915,3.260075,0.329671,2.354041,-0.007328,-0.710623
135.097885,3.274727,0.329671,2.354041,-0.007328,-0.710623
135.111237,3.289379,0.324787,2.354041,0.007326,-0.715507
135.124207,3.260075,0.354091,2.354041,0.007326,-0.710623
135.136795,3.216118,0.349207,2.354041,-0.007328,-0.710623
135.149765,3.216118,0.354091,2.354041,0.007326,-0.715507
135.163116,3.260075,0.329671,2.354041,0.007326,-0.715507
135.174561,3.260075,0.358974,2.354041,0.007326,-0.715507
135.189438,3.260075,0.358974,2.354041,0.007326,-0.715507
135.202026,3.201466,0.368743,2.354041,0.021978,-0.715507
135.214996,3.245422,0.344323,2.354041,-0.007328,-0.710623
135.228348,3.289379,0.344323,2.354041,0.007326,-0.715507
135.241699,3.318684,0.349207,2.354041,0.021978,-0.715507
135.254669,3.304031,0.373627,2.354041,-0.007328,-0.710623
135.268021,3.304031,0.358974,2.354041,0.007326,-0.710623
135.281754,3.333336,0.358974,2.354041,0.007326,-0.710623
135.295105,3.377293,0.354091,2.354041,0.007326,-0.705739
135.308456,3.362640,0.368743,2.354041,0.007326,-0.705739
135.321808,3.333336,0.358974,2.354041,0.007326,-0.705739
135.335159,3.347988,0.349207,2.354041,-0.007328,-0.705739
135.348892,3.362640,0.354091,2.354041,0.021978,-0.710623
135.362244,3.347988,0.354091,2.354041,0.007326,-0.705739
135.375595,3.347988,0.344323,2.354041,0.007326,-0.700854
135.388947,3.347988,0.324787,2.354041,0.007326,-0.700854
135.402679,3.406593,0.305251,2.354041,0.021978,-0.700854
135.416412,3.406593,0.324787,2.354041,-0.007328,-0.695971
135.425949,3.362640,0.319902,2.354041,0.007326,-0.700854
135.443497,3.377293,0.300367,2.354041,0.007326,-0.700854
135.457230,3.391945,0.295483,2.354041,0.007326,-0.695971
135.470963,3.391945,0.290599,2.354041,0.007326,-0.695971
135.483932,3.333336,0.300367,2.354041,0.007326,-0.695971
135.497284,3.333336,0.290599,2.354041,0.007326,-0.695971
135.510635,3.318684,0.280830,2.354041,-0.007328,-0.691087
135.523605,3.318684,0.271063,2.354041,0.007326,-0.691087
135.537338,3.347988,0.271063,2.354041,0.007326,-0.691087
135.550690,3.333336,0.275947,2.354041,0.007326,-0.686203
135.564041,3.333336,0.280830,2.354041,-0.007328,-0.691087
135.577393,3.304031,0.280830,2.354041,0.007326,-0.691087
135.589981,3.274727,0.285715,2.354041,0.007326,-0.691087
135.603333,3.260075,0.300367,2.354041,0.007326,-0.691087
135.616302,3.245422,0.295483,2.354041,-0.007328,-0.686203
135.629272,3.245422,0.285715,2.354041,-0.007328,-0.691087
135.642242,3.260075,0.280830,2.354041,0.007326,-0.695971
135.655212,3.230770,0.285715,2.354041,0.007326,-0.695971
135.668182,3.230770,0.256411,2.354041,0.007326,-0.695971
135.680771,3.157509,0.192919,2.354041,0.007326,-0.695971
135.692978,3.084251,0.153847,2.354041,0.007326,-0.695971
135.704803,3.010990,0.105007,2.354041,0.007326,-0.695971
135.716629,2.967033,0.041514,2.354041,0.007326,-0.695971
135.727692,2.879124,-0.002442,2.354041,0.007326,-0.695971
135.738754,2.805862,-0.046398,2.354041,0.007326,-0.700854
135.749435,2.717949,-0.134310,2.354041,0.007326,-0.700854
135.758209,2.439564,-0.285714,2.354041,-0.007328,-0.700854
135.766220,2.175827,-0.407814,2.354041,0.007326,-0.705739
135.773468,1.970697,-0.500610,2.354041,0.007326,-0.705739
135.780334,1.809525,-0.603174,2.354041,0.007326,-0.705739
135.786057,1.589745,-0.656898,2.354041,0.021978,-0.700854
135.790634,1.326010,-0.656898,2.354041,0.007326,-0.700854
135.794067,1.047621,-0.627595,2.354041,0.007326,-0.700854
135.795975,0.739929,-0.647131,2.354041,-0.007328,-0.700854
135.797119,0.446888,-0.622710,2.354041,0.021978,-0.695971
135.797501,0.285717,-0.578754,2.354041,0.007326,-0.691087
135.797501,0.124544,-0.539682,2.354041,0.007326,-0.691087
135.796738,-0.065933,-0.476191,2.354041,0.007326,-0.691087
135.795212,-0.241758,-0.402930,2.354041,0.021978,-0.695971
135.794067,-0.315018,-0.344322,2.354041,0.007326,-0.691087
135.791779,-0.402931,-0.266178,2.354041,0.021978,-0.691087
135.789871,-0.476191,-0.197803,2.354041,0.007326,-0.686203
135.788345,-0.402931,-0.124542,2.354041,0.021978,-0.691087
135.787201,-0.388279,-0.065934,2.354041,0.007326,-0.691087
135.786438,-0.256411,-0.012210,2.354041,0.007326,-0.691087
135.785675,-0.256411,0.100122,2.354041,-0.007328,-0.691087
135.784531,-0.271063,0.212455,2.354041,0.007326,-0.691087
135.784149,-0.168499,0.266179,2.354041,0.007326,-0.691087
135.784531,-0.036631,0.310135,2.354041,0.021978,-0.695971
135.784531,0.021980,0.373627,2.354041,-0.007328,-0.691087
135.785294,0.065935,0.402931,2.354041,0.007326,-0.695971
135.786438,0.183151,0.398046,2.354041,0.007326,-0.695971
135.787964,0.315020,0.363859,2.354041,0.007326,-0.695971
135.789871,0.388281,0.354091,2.354041,0.007326,-0.691087
135.791779,0.432236,0.305251,2.354041,-0.007328,-0.691087
135.792923,0.388281,0.271063,2.354041,0.007326,-0.686203
135.794067,0.285717,0.227107,2.354041,0.007326,-0.681318
135.795212,0.271065,0.158731,2.354041,0.007326,-0.681318
135.796356,0.300367,0.124542,2.354041,0.007326,-0.676435
135.796738,0.197803,0.100122,2.354041,0.007326,-0.676435
135.797119,0.139196,0.065935,2.354041,0.021978,-0.676435
135.798264,0.212456,0.031747,2.354041,0.007326,-0.676435
135.799026,0.183151,0.002442,2.354041,-0.007328,-0.676435
135.799026,0.080587,-0.012210,2.354041,0.021978,-0.681318
135.798645,-0.007326,-0.031746,2.354041,0.007326,-0.676435
135.798645,-0.036631,-0.051282,2.354041,0.021978,-0.676435
135.798645,-0.021978,-0.065934,2.354041,-0.007328,-0.671551
135.798264,-0.051283,-0.070818,2.354041,0.007326,-0.676435
135.798264,-0.036631,-0.070818,2.354041,0.007326,-0.676435
135.798264,-0.021978,-0.065934,2.354041,0.007326,-0.676435
135.798264,0.007328,-0.061050,2.354041,0.007326,-0.676435
135.798264,-0.021978,-0.046398,2.354041,-0.007328,-0.676435
135.798264,-0.036631,-0.031746,2.354041,-0.007328,-0.681318
135.798264,-0.021978,-0.017094,2.354041,0.021978,-0.681318
135.798264,0.007328,-0.002442,2.354041,0.007326,-0.686203
135.798264,0.021980,0.007326,2.354041,-0.007328,-0.686203
135.798645,0.036633,0.017095,2.354041,0.007326,-0.686203
135.798645,0.036633,0.021978,2.354041,0.007326,-0.686203
135.799026,0.051285,0.026863,2.354041,0.007326,-0.681318
135.799026,0.021980,0.026863,2.354041,0.007326,-0.681318
135.799026,-0.021978,0.021978,2.354041,0.007326,-0.681318
135.799026,-0.007326,0.017095,2.354041,0.007326,-0.686203
135.799026,0.007328,-0.002442,2.354041,0.007326,-0.681318
135.799026,-0.007326,-0.017094,2.354041,0.007326,-0.686203
135.799026,-0.007326,-0.026862,2.354041,0.021978,-0.686203
135.799026,-0.021978,-0.036630,2.354041,0.007326,-0.691087
135.799026,-0.021978,-0.041514,2.354041,0.007326,-0.691087
135.798645,-0.021978,-0.046398,2.354041,0.007326,-0.695971
135.798645,-0.036631,-0.051282,2.354041,0.007326,-0.695971
135.798645,-0.021978,-0.046398,2.354041,0.021978,-0.691087
135.798645,-0.021978,-0.046398,2.354041,-0.007328,-0.691087
135.798645,-0.007326,-0.046398,2.354041,0.007326,-0.695971
135.798645,-0.007326,-0.031746,2.354041,0.007326,-0.695971
135.798645,-0.007326,-0.012210,2.354041,0.007326,-0.695971
135.798645,-0.021978,0.002442,2.354041,-0.007328,-0.700854
135.798645,-0.007326,0.017095,2.354041,0.036631,-0.705739
135.798645,-0.007326,0.026863,2.354041,-0.007328,-0.695971
135.798645,-0.007326,0.036631,2.354041,0.007326,-0.695971
135.798645,-0.007326,0.046398,2.354041,0.007326,-0.695971
135.798645,0.007328,0.051283,2.354041,0.007326,-0.695971
135.799026,0.021980,0.051283,2.354041,0.007326,-0.686203
135.799026,0.007328,0.056167,2.354041,-0.007328,-0.681318
135.799026,-0.007326,0.056167,2.354041,0.007326,-0.681318
135.799026,0.007328,0.051283,2.354041,0.007326,-0.681318
135.799026,-0.007326,0.046398,2.354041,0.007326,-0.676435
135.799026,-0.007326,0.041514,2.354041,0.007326,-0.671551
135.798645,-0.036631,0.031747,2.354041,-0.007328,-0.671551
135.798645,-0.007326,0.026863,2.354041,0.007326,-0.671551
135.798645,0.007328,0.017095,2.354041,0.007326,-0.671551
135.798645,-0.021978,0.012211,2.354041,-0.007328,-0.671551
135.798645,-0.021978,0.012211,2.354041,0.007326,-0.676435
135.798645,-0.007326,0.012211,2.354041,0.007326,-0.671551
135.798645,-0.007326,0.012211,2.354041,0.007326,-0.671551
135.799026,0.007328,0.012211,2.354041,0.021978,-0.671551
135.798645,-0.007326,0.012211,2.354041,-0.007328,-0.671551
135.799026,-0.007326,0.017095,2.354041,0.007326,-0.676435
135.799026,0.007328,0.012211,2.354041,0.021978,-0.671551
135.799026,-0.007326,0.017095,2.354041,0.007326,-0.671551
135.799026,-0.007326,0.012211,2.354041,0.007326,-0.676435
135.799026,-0.007326,0.012211,2.354041,-0.007328,-0.681318
135.799026,-0.007326,0.007326,2.354041,0.007326,-0.681318
135.799026,-0.021978,0.007326,2.354041,0.021978,-0.681318
135.799026,-0.021978,0.002442,2.354041,0.007326,-0.676435
135.798645,-0.007326,-0.002442,2.354041,0.007326,-0.681318
135.799026,-0.007326,-0.002442,2.354041,-0.007328,-0.681318
135.798645,-0.021978,-0.002442,2.354041,0.021978,-0.686203
135.798645,-0.007326,-0.002442,2.354041,0.007326,-0.686203
135.799026,-0.007326,-0.002442,2.354041,-0.007328,-0.681318
135.799026,-0.007326,-0.002442,2.354041,0.021978,-0.686203
135.799026,-0.007326,0.002442,2.354041,0.021978,-0.681318
135.799026,-0.007326,0.002442,2.354041,0.021978,-0.681318
135.798645,-0.021978,0.002442,2.354041,0.007326,-0.681318
135.799026,-0.021978,0.007326,2.354041,0.007326,-0.681318
135.798645,-0.021978,0.012211,2.354041,0.007326,-0.686203
135.798645,-0.007326,0.012211,2.354041,-0.007328,-0.681318
135.798645,0.007328,0.012211,2.354041,0.007326,-0.686203
135.798645,-0.007326,0.012211,2.354041,-0.007328,-0.686203
135.798645,-0.007326,0.012211,2.354041,0.007326,-0.691087
135.799026,0.007328,0.017095,2.354041,0.007326,-0.691087
135.798645,-0.007326,0.017095,2.354041,0.007326,-0.691087
135.798645,-0.007326,0.017095,2.354041,0.007326,-0.691087
135.798645,-0.007326,0.012211,2.354041,0.007326,-0.691087
135.798645,-0.007326,0.017095,2.354041,0.007326,-0.691087
135.799026,-0.007326,0.012211,2.354041,0.007326,-0.691087
135.798645,-0.007326,0.012211,2.354041,0.021978,-0.691087
135.798645,-0.007326,0.017095,2.354041,0.021978,-0.691087
135.798645,-0.007326,0.017095,2.354041,0.007326,-0.691087
135.799026,-0.007326,0.017095,2.354041,0.007326,-0.686203
135.798645,-0.021978,0.017095,2.354041,0.021978,-0.686203
135.798645,-0.007326,0.017095,2.354041,0.007326,-0.686203
135.799026,0.007328,0.017095,2.354041,0.007326,-0.681318
135.799026,0.007328,0.017095,2.354041,0.007326,-0.676435
135.799026,-0.007326,0.017095,2.354041,0.007326,-0.676435
135.799026,0.007328,0.017095,2.354041,0.021978,-0.671551
135.799026,0.007328,0.012211,2.354041,0.007326,-0.671551
135.799026,-0.007326,0.012211,2.354041,0.007326,-0.676435
135.799026,0.007328,0.012211,2.354041,0.007326,-0.676435
135.799026,-0.007326,0.012211,2.354041,0.007326,-0.676435
135.799026,-0.007326,0.007326,2.354041,0.007326,-0.671551
135.799026,-0.007326,0.007326,2.354041,0.007326,-0.676435
135.798645,-0.007326,0.007326,2.354041,0.021978,-0.676435
135.799026,-0.007326,0.007326,2.354041,0.007326,-0.676435
135.799026,-0.007326,0.007326,2.354041,0.007326,-0.676435
135.799026,0.007328,0.012211,2.354041,0.007326,-0.676435
135.799026,-0.007326,0.012211,2.354041,0.007326,-0.676435
135.799026,-0.007326,0.012211,2.354041,0.007326,-0.676435
135.799026,0.007328,0.017095,2.354041,0.007326,-0.676435
135.799026,-0.007326,0.012211,2.354041,0.007326,-0.676435
135.798645,-0.021978,0.012211,2.354041,0.021978,-0.681318
135.799026,-0.007326,0.007326,2.354041,0.007326,-0.676435
135.799026,-0.021978,0.007326,2.354041,0.007326,-0.676435
135.799026,0.007328,0.007326,2.354041,0.007326,-0.686203
135.798645,-0.021978,0.007326,2.354041,0.007326,-0.686203
135.798645,-0.007326,0.007326,2.354041,0.007326,-0.686203
135.798645,-0.007326,0.012211,2.354041,0.007326,-0.686203
135.798645,-0.007326,0.012211,2.354041,-0.007328,-0.686203
135.799026,-0.007326,0.007326,2.354041,0.007326,-0.686203
135.798645,0.007328,0.007326,2.354041,0.007326,-0.686203
135.798645,-0.007326,0.012211,2.354041,0.007326,-0.691087
135.799026,0.007328,0.012211,2.354041,0.007326,-0.686203
135.798645,-0.021978,0.017095,2.354041,0.007326,-0.686203
135.799026,-0.007326,0.017095,2.354041,0.007326,-0.686203
135.799026,-0.007326,0.017095,2.354041,0.007326,-0.686203
135.799026,-0.007326,0.017095,2.354041,0.007326,-0.686203
135.798645,-0.007326,0.017095,2.354041,0.007326,-0.691087
135.798645,-0.007326,0.012211,2.354041,0.007326,-0.691087
135.799026,-0.007326,0.012211,2.354041,0.007326,-0.695971
135.799026,-0.007326,0.012211,2.354041,0.007326,-0.695971
135.799026,-0.007326,0.012211,2.354041,0.007326,-0.695971
135.798645,-0.021978,0.012211,2.354041,0.021978,-0.695971
135.798645,-0.007326,0.012211,2.354041,0.007326,-0.691087
135.799026,0.007328,0.012211,2.354041,0.007326,-0.691087
135.799026,0.007328,0.007326,2.354041,-0.007328,-0.691087
135.799026,-0.007326,0.012211,2.354041,0.007326,-0.691087
135.799026,-0.007326,0.007326,2.354041,0.007326,-0.691087
135.799026,-0.007326,0.007326,2.354041,-0.007328,-0.686203
135.798645,-0.007326,0.012211,2.354041,0.007326,-0.686203
135.799026,0.007328,0.026863,2.354041,0.007326,-0.681318
135.799026,-0.007326,0.051283,2.354041,0.007326,-0.681318
135.799026,0.007328,0.080586,2.354041,0.007326,-0.681318
135.799408,0.021980,0.119658,2.354041,0.007326,-0.676435
135.799408,0.051285,0.178267,2.354041,0.007326,-0.681318
135.800171,0.124544,0.241758,2.354041,0.007326,-0.676435
135.800934,0.109892,0.295483,2.354041,-0.007328,-0.676435
135.801697,0.197803,0.368743,2.354041,0.021978,-0.676435
135.803986,0.388281,0.432235,2.354041,0.007326,-0.676435
135.806274,0.461540,0.485959,2.354041,0.007326,-0.676435
135.808563,0.534800,0.500611,2.354041,0.007326,-0.676435
135.810852,0.578756,0.510379,2.354041,0.007326,-0.671551
135.813141,0.593409,0.510379,2.354041,0.021978,-0.671551
135.816193,0.695972,0.490843,2.354041,-0.007328,-0.671551
135.820007,0.842493,0.520147,2.354041,0.007326,-0.676435
135.824585,0.989014,0.534800,2.354041,-0.021980,-0.676435
135.829163,1.062273,0.529915,2.354041,0.007326,-0.676435
135.834122,1.164837,0.534800,2.354041,0.007326,-0.681318
135.839462,1.282053,0.564103,2.354041,-0.021980,-0.681318
135.845184,1.340660,0.573872,2.354041,0.007326,-0.686203
135.850906,1.399269,0.559219,2.354041,0.007326,-0.681318
135.858154,1.589745,0.559219,2.354041,0.007326,-0.681318
135.865784,1.794874,0.583639,2.354041,-0.007328,-0.681318
135.873413,1.838829,0.612944,2.354041,0.007326,-0.686203
135.880661,1.853481,0.617827,2.354041,0.021978,-0.681318
135.889435,2.014652,0.622711,2.354041,0.007326,-0.676435
135.898972,2.219780,0.622711,2.354041,0.007326,-0.676435
135.908508,2.322346,0.622711,2.354041,0.007326,-0.676435
135.919189,2.483517,0.617827,2.354041,0.007326,-0.676435
135.929871,2.615387,0.637363,2.354041,0.007326,-0.681318
135.940552,2.659344,0.627595,2.354041,0.007326,-0.681318
135.951614,2.703297,0.603175,2.354041,0.007326,-0.681318
135.963058,2.791210,0.573872,2.354041,-0.007328,-0.681318
135.975266,2.952381,0.520147,2.354041,0.007326,-0.676435
135.988235,3.084251,0.495728,2.354041,0.021978,-0.676435
136.001205,3.172161,0.476191,2.354041,-0.007328,-0.676435
136.013794,3.201466,0.481075,2.354041,0.007326,-0.676435
136.027527,3.260075,0.446887,2.354041,0.007326,-0.676435
136.040878,3.347988,0.437119,2.354041,-0.007328,-0.671551
136.054230,3.377293,0.422467,2.354041,0.007326,-0.666667
136.067963,3.391945,0.422467,2.354041,0.007326,-0.671551
136.081696,3.406593,0.417583,2.354041,-0.007328,-0.666667
136.095428,3.450550,0.378511,2.354041,0.007326,-0.666667
136.109924,3.494507,0.334555,2.354041,0.007326,-0.661782
136.124039,3.523811,0.319902,2.354041,0.021978,-0.661782
136.138153,3.567768,0.305251,2.354041,-0.007328,-0.661782
136.152649,3.567768,0.280830,2.354041,0.007326,-0.661782
136.166763,3.567768,0.266179,2.354041,0.007326,-0.661782
136.180878,3.523811,0.241758,2.354041,0.007326,-0.656898
136.194611,3.494507,0.236875,2.354041,0.007326,-0.652015
136.208725,3.479855,0.227107,2.354041,0.007326,-0.652015
136.222458,3.465202,0.212455,2.354041,0.007326,-0.652015
136.236191,3.450550,0.202686,2.354041,0.007326,-0.652015
136.249924,3.421246,0.207571,2.354041,-0.007328,-0.652015
136.263275,3.406593,0.192919,2.354041,-0.007328,-0.652015
136.276627,3.377293,0.202686,2.354041,0.007326,-0.652015
136.290359,3.377293,0.202686,2.354041,0.007326,-0.652015
136.304092,3.377293,0.207571,2.354041,0.007326,-0.652015
136.317444,3.391945,0.217339,2.354041,0.007326,-0.652015
136.331177,3.406593,0.222223,2.354041,0.007326,-0.652015
136.345291,3.435898,0.241758,2.354041,0.021978,-0.656898
136.358643,3.377293,0.280830,2.354041,0.007326,-0.652015
136.371994,3.333336,0.290599,2.354041,0.007326,-0.652015
136.385345,3.347988,0.275947,2.354041,0.007326,-0.656898
136.398315,3.304031,0.261295,2.354041,-0.007328,-0.656898
136.411667,3.333336,0.251527,2.354041,0.021978,-0.652015
136.425400,3.377293,0.231991,2.354041,-0.007328,-0.652015
136.438370,3.274727,0.168499,2.354041,0.007326,-0.652015
136.450958,3.230770,0.139194,2.354041,0.007326,-0.647131
136.462784,3.069599,0.109891,2.354041,0.007326,-0.647131
136.474228,2.923080,0.046398,2.354041,0.007326,-0.647131
136.485291,2.820515,-0.007326,2.354041,0.007326,-0.647131
136.496735,2.864471,-0.095238,2.354041,0.007326,-0.647131
136.508179,2.849819,-0.217339,2.354041,0.007326,-0.652015
136.518097,2.644691,-0.358974,2.354041,0.007326,-0.652015
136.526871,2.410259,-0.446886,2.354041,-0.007328,-0.647131
136.535645,2.234432,-0.510379,2.354041,0.021978,-0.642246
136.543274,2.073261,-0.608059,2.354041,0.007326,-0.642246
136.549759,1.809525,-0.642246,2.354041,-0.007328,-0.632479
136.554718,1.487181,-0.637362,2.354041,0.007326,-0.637362
136.558914,1.238096,-0.632479,2.354041,0.007326,-0.632479
136.561966,0.930405,-0.647131,2.354041,0.007326,-0.632479
136.563873,0.695972,-0.617826,2.354041,0.007326,-0.627595
136.565399,0.505497,-0.578754,2.354041,0.021978,-0.627595
136.566544,0.358976,-0.554335,2.354041,0.007326,-0.627595
136.566162,0.109892,-0.481074,2.354041,0.007326,-0.632479
136.565781,-0.007326,-0.437119,2.354041,0.007326,-0.632479
136.565781,-0.036631,-0.378510,2.354041,0.007326,-0.632479
136.565399,-0.065933,-0.324786,2.354041,0.007326,-0.632479
136.565018,-0.080585,-0.256411,2.354041,0.021978,-0.632479
136.564636,-0.065933,-0.173382,2.354041,0.007326,-0.632479
136.564636,-0.021978,-0.119658,2.354041,0.007326,-0.637362
136.565018,0.036633,-0.056166,2.354041,-0.007328,-0.637362
136.565399,0.021980,0.012211,2.354041,0.007326,-0.647131
136.565018,-0.007326,0.075703,2.354041,-0.007328,-0.647131
136.565399,0.036633,0.105007,2.354041,-0.007328,-0.647131
136.566162,0.095240,0.124542,2.354041,0.021978,-0.647131
136.566544,0.124544,0.144079,2.354041,-0.007328,-0.647131
136.567307,0.124544,0.153847,2.354041,0.007326,-0.647131
136.568069,0.168499,0.148963,2.354041,0.007326,-0.647131
136.569214,0.227108,0.119658,2.354041,0.007326,-0.647131
136.570358,0.271065,0.100122,2.354041,0.007326,-0.642246
136.570740,0.197803,0.100122,2.354041,0.021978,-0.642246
136.570740,0.080587,0.085470,2.354041,0.007326,-0.637362
136.570358,-0.051283,0.065935,2.354041,0.007326,-0.637362
136.570358,-0.021978,0.021978,2.354041,0.007326,-0.637362
136.570740,0.021980,-0.017094,2.354041,0.007326,-0.637362
136.570358,-0.021978,-0.041514,2.354041,0.007326,-0.637362
136.570358,-0.021978,-0.065934,2.354041,-0.007328,-0.637362
136.569977,-0.051283,-0.090354,2.354041,0.021978,-0.632479
136.569595,-0.065933,-0.109890,2.354041,0.007326,-0.627595
136.569595,-0.080585,-0.124542,2.354041,0.021978,-0.627595
136.569214,-0.065933,-0.129426,2.354041,0.007326,-0.622710
136.568832,-0.065933,-0.129426,2.354041,0.021978,-0.627595
136.569214,-0.007326,-0.124542,2.354041,0.007326,-0.622710
136.569214,0.007328,-0.109890,2.354041,0.007326,-0.622710
136.569214,0.007328,-0.090354,2.354041,0.007326,-0.622710
136.569214,-0.007326,-0.065934,2.354041,0.021978,-0.627595
136.569214,-0.021978,-0.046398,2.354041,0.007326,-0.627595
136.569214,-0.007326,-0.036630,2.354041,0.007326,-0.627595
136.569214,0.007328,-0.026862,2.354041,0.007326,-0.622710
136.569595,0.007328,-0.017094,2.354041,0.007326,-0.622710
136.569595,0.021980,-0.012210,2.354041,0.007326,-0.627595
136.569977,0.051285,-0.012210,2.354041,0.007326,-0.627595
136.569595,0.007328,-0.012210,2.354041,0.007326,-0.622710
136.569595,-0.007326,-0.017094,2.354041,0.007326,-0.622710
136.569595,-0.021978,-0.026862,2.354041,0.007326,-0.617826
136.569595,0.007328,-0.036630,2.354041,-0.007328,-0.617826
136.569595,-0.007326,-0.051282,2.354041,0.007326,-0.622710
136.569595,0.021980,-0.061050,2.354041,0.007326,-0.622710
136.569595,0.007328,-0.065934,2.354041,0.007326,-0.627595
136.569977,0.007328,-0.075702,2.354041,0.007326,-0.627595
136.569595,-0.021978,-0.080586,2.354041,0.007326,-0.627595
136.569595,-0.021978,-0.085470,2.354041,0.021978,-0.627595
136.569595,-0.021978,-0.085470,2.354041,0.021978,-0.627595
136.569214,-0.021978,-0.085470,2.354041,0.007326,-0.627595
136.569595,-0.007326,-0.085470,2.354041,0.007326,-0.632479
136.569595,0.007328,-0.075702,2.354041,0.007326,-0.637362
136.569595,-0.007326,-0.065934,2.354041,0.021978,-0.637362
136.569595,0.007328,-0.051282,2.354041,0.021978,-0.637362
136.569595,-0.007326,-0.046398,2.354041,0.007326,-0.637362
136.569595,0.007328,-0.036630,2.354041,0.007326,-0.642246
136.569595,-0.007326,-0.021978,2.354041,-0.007328,-0.642246
136.569595,-0.007326,-0.017094,2.354041,-0.007328,-0.642246
136.569595,-0.007326,-0.012210,2.354041,0.007326,-0.647131
136.569595,-0.007326,-0.007326,2.354041,0.007326,-0.647131
136.569595,0.007328,-0.007326,2.354041,0.007326,-0.647131
136.569595,-0.007326,-0.012210,2.354041,0.007326,-0.647131
136.569595,-0.021978,-0.017094,2.354041,0.007326,-0.642246
136.569595,-0.007326,-0.021978,2.354041,0.007326,-0.642246
136.569595,-0.007326,-0.026862,2.354041,0.007326,-0.642246
136.569595,-0.007326,-0.036630,2.354041,0.007326,-0.637362
136.569595,-0.007326,-0.041514,2.354041,0.021978,-0.637362
136.569595,-0.007326,-0.051282,2.354041,0.007326,-0.637362
136.569595,-0.007326,-0.061050,2.354041,0.007326,-0.632479
136.569595,-0.007326,-0.070818,2.354041,0.021978,-0.632479
136.569595,-0.007326,-0.075702,2.354041,0.007326,-0.627595
136.569595,-0.007326,-0.080586,2.354041,0.007326,-0.627595
136.569595,-0.021978,-0.085470,2.354041,0.007326,-0.627595
136.569595,-0.021978,-0.085470,2.354041,0.007326,-0.622710
136.569595,-0.007326,-0.090354,2.354041,-0.007328,-0.617826
136.569595,-0.007326,-0.085470,2.354041,0.007326,-0.622710
136.569595,0.007328,-0.085470,2.354041,0.007326,-0.622710
136.569595,0.007328,-0.080586,2.354041,0.007326,-0.622710
136.569595,-0.007326,-0.075702,2.354041,0.021978,-0.617826
136.569595,0.007328,-0.065934,2.354041,-0.007328,-0.617826
136.569595,-0.007326,-0.061050,2.354041,0.021978,-0.617826
136.569595,-0.007326,-0.056166,2.354041,0.007326,-0.622710
136.569595,-0.007326,-0.051282,2.354041,0.007326,-0.622710
136.569595,-0.007326,-0.051282,2.354041,0.021978,-0.622710
136.569595,0.007328,-0.046398,2.354041,-0.007328,-0.622710
136.569595,-0.007326,-0.046398,2.354041,0.007326,-0.622710
136.569595,0.007328,-0.041514,2.354041,0.007326,-0.622710
136.569595,0.007328,-0.036630,2.354041,0.007326,-0.627595
136.569595,-0.021978,-0.036630,2.354041,-0.007328,-0.622710
136.569595,-0.007326,-0.036630,2.354041,-0.007328,-0.627595
136.569595,-0.007326,-0.036630,2.354041,0.021978,-0.627595
136.569595,-0.007326,-0.036630,2.354041,0.007326,-0.632479
136.569595,-0.007326,-0.036630,2.354041,0.007326,-0.632479
136.569595,-0.007326,-0.036630,2.354041,0.007326,-0.632479
136.569595,0.007328,-0.041514,2.354041,-0.007328,-0.637362
136.569595,-0.007326,-0.041514,2.354041,0.007326,-0.637362
136.569595,-0.021978,-0.041514,2.354041,0.007326,-0.632479
136.569595,-0.007326,-0.046398,2.354041,-0.007328,-0.632479
136.569595,-0.007326,-0.046398,2.354041,-0.007328,-0.642246
136.569595,-0.007326,-0.051282,2.354041,0.007326,-0.637362
136.569595,-0.007326,-0.051282,2.354041,0.007326,-0.642246
136.569595,-0.021978,-0.056166,2.354041,0.007326,-0.642246
136.569595,0.007328,-0.056166,2.354041,0.007326,-0.637362
136.569595,-0.007326,-0.061050,2.354041,0.007326,-0.637362
136.569595,-0.007326,-0.065934,2.354041,0.021978,-0.637362
136.569595,-0.021978,-0.070818,2.354041,0.007326,-0.637362
136.569595,-0.007326,-0.070818,2.354041,0.007326,-0.637362
136.569595,-0.007326,-0.075702,2.354041,-0.007328,-0.637362
136.569595,0.007328,-0.075702,2.354041,0.007326,-0.637362
136.569595,-0.007326,-0.075702,2.354041,0.007326,-0.637362
136.569595,-0.007326,-0.075702,2.354041,0.021978,-0.632479
136.569595,-0.007326,-0.075702,2.354041,0.007326,-0.637362
136.569595,-0.007326,-0.075702,2.354041,0.007326,-0.632479
136.569595,-0.021978,-0.075702,2.354041,0.007326,-0.637362
136.569595,-0.007326,-0.070818,2.354041,0.021978,-0.632479
136.569595,-0.007326,-0.065934,2.354041,-0.007328,-0.632479
136.569595,0.007328,-0.056166,2.354041,0.007326,-0.627595
136.569595,0.021980,-0.017094,2.354041,0.007326,-0.627595
136.569977,0.051285,0.031747,2.354041,0.021978,-0.622710
136.570740,0.095240,0.100122,2.354041,0.007326,-0.622710
136.571121,0.124544,0.192919,2.354041,0.007326,-0.617826
136.572647,0.256413,0.295483,2.354041,-0.007328,-0.622710
136.574936,0.417583,0.417583,2.354041,0.007326,-0.622710
136.576843,0.432236,0.525031,2.354041,0.007326,-0.617826
136.578369,0.402931,0.598291,2.354041,0.021978,-0.617826
136.579514,0.358976,0.622711,2.354041,0.007326,-0.622710
136.582184,0.476192,0.593407,2.354041,0.007326,-0.622710
136.585617,0.695972,0.588523,2.354041,-0.007328,-0.622710
136.589813,0.915752,0.642247,2.354041,0.007326,-0.627595
136.594391,1.076925,0.661783,2.354041,-0.007328,-0.622710
136.599350,1.135532,0.695971,2.354041,-0.007328,-0.622710
136.604309,1.194141,0.715508,2.354041,-0.007328,-0.622710
136.610413,1.355312,0.686203,2.354041,0.007326,-0.627595
136.617279,1.560442,0.632479,2.354041,0.007326,-0.627595
136.624527,1.765570,0.622711,2.354041,-0.007328,-0.627595
136.632156,1.824177,0.656899,2.354041,-0.007328,-0.627595
136.640167,1.912090,0.632479,2.354041,0.021978,-0.632479
136.648560,2.014652,0.583639,2.354041,0.007326,-0.627595
136.657715,2.146523,0.583639,2.354041,0.007326,-0.627595
136.667633,2.322346,0.554335,2.354041,0.021978,-0.627595
136.677933,2.498169,0.525031,2.354041,-0.007328,-0.622710
136.688232,2.542126,0.515263,2.354041,0.007326,-0.622710
136.698914,2.571430,0.515263,2.354041,0.021978,-0.617826
136.709213,2.644691,0.505495,2.354041,0.007326,-0.617826
136.720657,2.703297,0.485959,2.354041,-0.007328,-0.617826
136.732101,2.835167,0.466423,2.354041,0.007326,-0.617826
136.740875,2.908428,0.461539,2.354041,-0.007328,-0.617826
136.756516,2.981686,0.471307,2.354041,0.007326,-0.612943
136.768341,2.996338,0.505495,2.354041,0.007326,-0.612943
136.780930,3.084251,0.510379,2.354041,0.007326,-0.608059
136.794281,3.216118,0.510379,2.354041,0.007326,-0.608059
136.807632,3.289379,0.515263,2.354041,0.007326,-0.608059
136.821365,3.347988,0.520147,2.354041,0.007326,-0.612943
136.834717,3.362640,0.490843,2.354041,0.007326,-0.612943
136.848450,3.421246,0.466423,2.354041,0.007326,-0.608059
136.862564,3.494507,0.422467,2.354041,0.007326,-0.603174
136.877441,3.567768,0.383395,2.354041,0.007326,-0.603174
136.891556,3.597073,0.349207,2.354041,0.007326,-0.603174
136.906433,3.611725,0.319902,2.354041,0.007326,-0.598290
136.920929,3.626373,0.290599,2.354041,0.007326,-0.603174
136.935425,3.626373,0.275947,2.354041,0.007326,-0.603174
136.949921,3.597073,0.261295,2.354041,0.007326,-0.603174
136.964035,3.553116,0.231991,2.354041,0.021978,-0.598290
136.978149,3.538464,0.212455,2.353660,-0.007328,-0.598290
136.992264,3.523811,0.188035,2.354041,0.007326,-0.598290
137.005997,3.509159,0.178267,2.353660,-0.007328,-0.598290
137.020111,3.465202,0.178267,2.353660,-0.007328,-0.598290
137.033844,3.421246,0.173383,2.354041,0.007326,-0.598290
137.047195,3.391945,0.168499,2.353660,0.007326,-0.593407
137.060547,3.391945,0.163614,2.354041,0.021978,-0.593407
137.074661,3.406593,0.134311,2.353660,-0.007328,-0.588523
137.088394,3.435898,0.134311,2.353660,0.007326,-0.588523
137.102127,3.465202,0.139194,2.353660,0.007326,-0.593407
137.115479,3.377293,0.105007,2.353660,0.007326,-0.593407
137.128448,3.274727,0.100122,2.353660,0.007326,-0.593407
137.140274,3.142860,0.080586,2.353660,-0.007328,-0.593407
137.152863,3.084251,0.056167,2.353660,-0.007328,-0.598290
137.164688,3.054947,0.026863,2.353660,0.007326,-0.598290
137.176514,2.981686,-0.017094,2.353660,-0.007328,-0.598290
137.188339,2.952381,-0.046398,2.353660,0.007326,-0.598290
137.199402,2.820515,-0.173382,2.353660,0.007326,-0.593407
137.208557,2.527473,-0.275947,2.353660,0.007326,-0.598290
137.216949,2.263737,-0.363858,2.353660,0.021978,-0.598290
137.225342,2.161175,-0.481074,2.354041,0.021978,-0.593407
137.232971,2.000000,-0.549451,2.353660,0.007326,-0.593407
137.238693,1.736265,-0.568987,2.353660,-0.007328,-0.593407
137.244415,1.516485,-0.583638,2.353660,0.021978,-0.593407
137.249374,1.340660,-0.632479,2.353660,-0.007328,-0.593407
137.252045,0.974361,-0.608059,2.353660,-0.007328,-0.588523
137.254333,0.739929,-0.588523,2.353660,-0.007328,-0.588523
137.256241,0.564104,-0.554335,2.353660,-0.007328,-0.583638
137.257385,0.358976,-0.505494,2.354041,0.021978,-0.583638
137.257767,0.183151,-0.442002,2.354041,0.007326,-0.583638
137.257385,0.036633,-0.383394,2.353660,0.007326,-0.578754
137.256622,-0.065933,-0.349206,2.353660,-0.007328,-0.583638
137.255859,-0.153847,-0.305250,2.353660,0.007326,-0.583638
137.254715,-0.227106,-0.222222,2.353660,0.007326,-0.583638
137.253571,-0.271063,-0.153846,2.353660,0.007326,-0.578754
137.253189,-0.212454,-0.105006,2.353660,-0.007328,-0.583638
137.252808,-0.139194,-0.061050,2.353660,0.021978,-0.588523
137.252808,-0.036631,-0.007326,2.353660,0.007326,-0.588523
137.253189,-0.007326,0.051283,2.353660,0.021978,-0.588523
137.252426,-0.095238,0.119658,2.353660,0.021978,-0.588523
137.252045,-0.109890,0.173383,2.353660,-0.007328,-0.588523
137.251663,-0.109890,0.207571,2.353660,0.007326,-0.598290
137.251663,-0.021978,0.227107,2.353660,0.007326,-0.598290
137.252426,0.065935,0.241758,2.353660,0.007326,-0.593407
137.253189,0.139196,0.251527,2.353660,0.007326,-0.593407
137.254333,0.227108,0.256411,2.354041,0.021978,-0.588523
137.255096,0.241760,0.266179,2.353660,0.007326,-0.593407
137.255859,0.183151,0.261295,2.354041,0.007326,-0.593407
137.256622,0.183151,0.217339,2.354041,0.007326,-0.588523
137.257767,0.256413,0.168499,2.353660,0.007326,-0.588523
137.258530,0.227108,0.153847,2.353660,0.007326,-0.588523
137.258530,0.095240,0.144079,2.353660,-0.007328,-0.583638
137.258148,-0.021978,0.124542,2.353660,0.007326,-0.588523
137.257767,-0.080585,0.085470,2.354041,0.021978,-0.583638
137.258148,-0.007326,0.036631,2.353660,0.007326,-0.583638
137.258530,0.036633,0.007326,2.353660,0.007326,-0.583638
137.258148,-0.007326,-0.012210,2.353660,0.007326,-0.583638
137.258148,-0.036631,-0.031746,2.354041,0.021978,-0.578754
137.258148,-0.036631,-0.046398,2.353660,-0.007328,-0.573871
137.257767,-0.036631,-0.056166,2.353660,0.007326,-0.583638
137.257385,-0.065933,-0.061050,2.353660,0.007326,-0.583638
137.257004,-0.065933,-0.061050,2.353660,0.007326,-0.583638
137.257004,-0.051283,-0.065934,2.353660,0.007326,-0.583638
137.257004,0.007328,-0.056166,2.353660,-0.007328,-0.578754
137.257385,0.007328,-0.046398,2.354041,0.007326,-0.583638
137.257385,0.007328,-0.026862,2.354041,0.007326,-0.583638
137.257385,0.021980,-0.007326,2.353660,-0.007328,-0.583638
137.257385,0.021980,0.007326,2.353660,0.007326,-0.583638
137.257767,0.007328,0.021978,2.353660,0.007326,-0.583638
137.257767,0.007328,0.036631,2.353660,0.021978,-0.583638
137.257767,-0.021978,0.046398,2.353660,0.007326,-0.578754
137.257767,0.021980,0.046398,2.353660,0.007326,-0.578754
137.257767,0.007328,0.051283,2.353660,0.007326,-0.578754
137.257767,-0.007326,0.056167,2.353660,0.007326,-0.583638
137.257767,-0.007326,0.056167,2.353660,0.021978,-0.588523
137.257767,0.007328,0.056167,2.353660,0.021978,-0.588523
137.257767,-0.007326,0.056167,2.353660,0.007326,-0.583638
137.257767,-0.007326,0.051283,2.354041,0.007326,-0.583638
137.257767,-0.007326,0.051283,2.353660,-0.007328,-0.583638
137.257767,-0.007326,0.046398,2.353660,0.007326,-0.588523
137.257767,0.007328,0.041514,2.353660,0.007326,-0.583638
137.257767,0.007328,0.036631,2.353660,0.021978,-0.588523
137.257767,-0.036631,0.036631,2.353660,0.007326,-0.583638
137.257767,0.007328,0.031747,2.353660,0.007326,-0.583638
137.257767,-0.007326,0.026863,2.354041,0.021978,-0.588523
137.257767,-0.007326,0.021978,2.354041,0.021978,-0.588523
137.257767,0.007328,0.021978,2.353660,0.007326,-0.588523
137.257767,-0.007326,0.017095,2.354041,0.007326,-0.593407
137.257767,-0.021978,0.017095,2.353660,0.021978,-0.593407
137.257767,-0.021978,0.012211,2.353660,0.007326,-0.588523
137.257767,-0.007326,0.012211,2.353660,0.007326,-0.588523
137.257767,0.007328,0.012211,2.353660,0.021978,-0.588523
137.257767,-0.007326,0.012211,2.353660,0.007326,-0.588523
137.257767,0.007328,0.017095,2.353660,-0.007328,-0.583638
137.257767,0.007328,0.017095,2.353660,-0.007328,-0.588523
137.257767,-0.007326,0.021978,2.353660,0.007326,-0.588523
137.257767,-0.007326,0.021978,2.353660,-0.007328,-0.583638
137.257767,-0.007326,0.021978,2.354041,0.007326,-0.583638
137.257767,-0.007326,0.021978,2.353660,0.007326,-0.588523
137.257767,-0.007326,0.021978,2.353660,0.007326,-0.588523
137.257767,-0.007326,0.017095,2.354041,0.007326,-0.583638
137.257767,-0.021978,0.017095,2.353660,-0.007328,-0.583638
137.257767,-0.007326,0.012211,2.353660,0.007326,-0.583638
137.257767,-0.007326,0.012211,2.353660,0.007326,-0.583638
137.257767,-0.021978,0.007326,2.353660,-0.007328,-0.583638
137.257767,-0.007326,0.007326,2.353660,0.007326,-0.583638
137.257767,-0.007326,0.007326,2.354041,0.021978,-0.578754
137.257767,0.007328,0.007326,2.353660,0.007326,-0.583638
137.257767,0.007328,0.007326,2.353660,0.007326,-0.578754
137.257767,-0.007326,0.007326,2.353660,0.007326,-0.573871
137.257767,-0.007326,0.012211,2.354041,0.021978,-0.573871
137.257767,-0.007326,0.012211,2.353660,0.007326,-0.573871
137.257767,0.007328,0.017095,2.353660,0.007326,-0.578754
137.257767,-0.007326,0.021978,2.353660,0.007326,-0.578754
137.257767,0.007328,0.021978,2.353660,0.007326,-0.578754
137.257767,-0.007326,0.026863,2.353660,-0.007328,-0.583638
137.257767,-0.007326,0.031747,2.353660,0.007326,-0.583638
137.257767,-0.007326,0.031747,2.354041,0.021978,-0.583638
137.257767,-0.007326,0.036631,2.353660,0.007326,-0.578754
137.257767,-0.007326,0.041514,2.354041,0.007326,-0.583638
137.257767,0.007328,0.041514,2.353660,-0.007328,-0.578754
137.257767,0.007328,0.041514,2.353660,0.007326,-0.583638
137.257767,-0.007326,0.046398,2.354041,0.007326,-0.583638
137.257767,-0.007326,0.046398,2.353660,0.021978,-0.588523
137.257767,-0.007326,0.046398,2.353660,0.007326,-0.588523
137.257767,-0.007326,0.041514,2.353660,0.007326,-0.588523
137.257767,-0.007326,0.041514,2.353660,0.007326,-0.588523
137.257767,-0.007326,0.036631,2.354041,0.021978,-0.583638
137.257767,-0.007326,0.036631,2.353660,-0.007328,-0.583638
137.257767,-0.007326,0.031747,2.353660,-0.007328,-0.583638
137.257767,-0.007326,0.026863,2.353660,0.007326,-0.588523
137.257767,-0.007326,0.021978,2.353660,0.007326,-0.588523
137.257767,-0.007326,0.017095,2.353660,0.007326,-0.583638
137.257767,-0.021978,0.007326,2.353660,0.007326,-0.588523
137.257767,-0.007326,0.002442,2.353660,0.007326,-0.588523
137.257767,-0.021978,0.002442,2.353660,-0.007328,-0.588523
137.257767,-0.007326,0.031747,2.353660,-0.007328,-0.593407
137.257767,0.021980,0.075703,2.353660,0.007326,-0.588523
137.258148,0.036633,0.114775,2.353660,0.007326,-0.588523
137.258530,0.080587,0.207571,2.353660,0.007326,-0.588523
137.259674,0.212456,0.290599,2.353660,0.007326,-0.588523
137.262344,0.417583,0.349207,2.353660,0.021978,-0.583638
137.264633,0.534800,0.442003,2.353660,-0.007328,-0.583638
137.266922,0.520149,0.510379,2.354041,0.021978,-0.588523
137.268066,0.417583,0.559219,2.353660,-0.007328,-0.583638
137.269974,0.417583,0.549451,2.353660,0.007326,-0.583638
137.271881,0.490845,0.549451,2.353660,0.007326,-0.583638
137.275696,0.754581,0.578755,2.354041,0.021978,-0.583638
137.279892,0.915752,0.622711,2.353660,0.007326,-0.578754
137.284470,1.018316,0.656899,2.353660,-0.007328,-0.583638
137.289429,1.135532,0.705739,2.353660,0.007326,-0.583638
137.295151,1.326010,0.710623,2.353660,0.007326,-0.578754
137.301636,1.457878,0.695971,2.353660,0.007326,-0.573871
137.308502,1.589745,0.691088,2.353660,0.007326,-0.573871
137.316132,1.780222,0.705739,2.354041,0.021978,-0.573871
137.324142,1.941393,0.715508,2.353660,0.007326,-0.568987
137.332916,2.058609,0.700855,2.353660,-0.007328,-0.568987
137.341690,2.131870,0.710623,2.353660,0.021978,-0.573871
137.351227,2.205132,0.671551,2.353660,0.007326,-0.573871
137.360764,2.366302,0.612944,2.353660,0.007326,-0.573871
137.371063,2.468864,0.588523,2.353660,0.007326,-0.573871
137.382126,2.659344,0.588523,2.354041,0.021978,-0.568987
137.393951,2.791210,0.593407,2.353660,-0.007328,-0.568987
137.405014,2.849819,0.578755,2.353660,0.007326,-0.573871
137.416840,2.864471,0.564103,2.353660,-0.007328,-0.573871
137.428665,2.923080,0.525031,2.353660,0.007326,-0.568987
137.441254,3.010990,0.490843,2.353660,-0.007328,-0.568987
137.453842,3.128208,0.485959,2.353660,0.007326,-0.568987
137.467194,3.245422,0.481075,2.353660,0.007326,-0.568987
137.480927,3.347988,0.495728,2.353660,0.007326,-0.568987
137.495041,3.435898,0.490843,2.353660,0.021978,-0.568987
137.508774,3.465202,0.471307,2.353660,0.007326,-0.568987
137.522888,3.494507,0.446887,2.353660,0.007326,-0.564102
137.537003,3.465202,0.422467,2.353660,-0.007328,-0.564102
137.551117,3.538464,0.373627,2.353660,0.007326,-0.568987
137.565994,3.582420,0.334555,2.353660,0.007326,-0.568987
137.580490,3.626373,0.305251,2.353660,0.007326,-0.568987
137.594986,3.641026,0.271063,2.353660,0.007326,-0.564102
137.609863,3.641026,0.246643,2.353660,0.007326,-0.564102
137.624359,3.626373,0.222223,2.353660,0.007326,-0.568987
137.638474,3.597073,0.207571,2.353660,-0.007328,-0.559218
137.652588,3.611725,0.197803,2.353660,0.007326,-0.564102
137.666702,3.523811,0.192919,2.353660,0.021978,-0.564102
137.680817,3.479855,0.163614,2.353660,-0.007328,-0.559218
137.694168,3.421246,0.168499,2.353660,0.021978,-0.564102
137.707520,3.391945,0.168499,2.353660,0.007326,-0.559218
137.720490,3.318684,0.163614,2.353660,0.021978,-0.559218
137.733841,3.289379,0.173383,2.353660,-0.007328,-0.554335
137.746811,3.289379,0.148963,2.353660,0.007326,-0.554335
137.760925,3.391945,0.148963,2.353660,0.007326,-0.554335
137.775040,3.465202,0.148963,2.353660,-0.007328,-0.554335
137.789154,3.538464,0.153847,2.353660,0.007326,-0.554335
137.803268,3.509159,0.134311,2.353660,0.021978,-0.554335
137.816620,3.421246,0.134311,2.353660,0.007326,-0.554335
137.829208,3.260075,0.124542,2.353660,0.007326,-0.554335
137.841415,3.142860,0.109891,2.353660,0.007326,-0.554335
137.853622,3.040295,0.085470,2.353660,0.007326,-0.549451
137.865448,3.025642,0.061050,2.353660,0.021978,-0.554335
137.877655,3.010990,0.046398,2.353660,-0.007328,-0.544566
137.889481,2.967033,-0.002442,2.353660,0.007326,-0.549451
137.900543,2.849819,-0.085470,2.353660,-0.007328,-0.549451
137.910843,2.673996,-0.163614,2.353660,-0.007328,-0.549451
137.919617,2.424911,-0.266178,2.353660,-0.007328,-0.554335
137.927628,2.175827,-0.393163,2.353660,-0.007328,-0.549451
137.935257,2.000000,-0.485958,2.353660,0.007326,-0.554335
137.942123,1.853481,-0.525030,2.353660,0.007326,-0.549451
137.948608,1.692310,-0.559218,2.353660,0.021978,-0.549451
137.953186,1.399269,-0.583638,2.353660,0.007326,-0.539682
137.957382,1.194141,-0.564102,2.353660,0.021978,-0.539682
137.960434,0.974361,-0.529915,2.353660,0.007326,-0.539682
137.962723,0.695972,-0.505494,2.353660,-0.007328,-0.534799
137.963867,0.461540,-0.466422,2.353660,0.021978,-0.534799
137.965012,0.344324,-0.422466,2.353660,-0.007328,-0.529915
137.965012,0.124544,-0.383394,2.353660,0.007326,-0.534799
137.964249,-0.021978,-0.368742,2.353660,0.021978,-0.534799
137.963867,-0.095238,-0.334555,2.353660,0.007326,-0.529915
137.963486,-0.080585,-0.300366,2.353660,-0.007328,-0.529915
137.962723,-0.124542,-0.227106,2.353660,0.007326,-0.534799
137.961578,-0.241758,-0.148962,2.353660,-0.007328,-0.534799
137.960434,-0.300365,-0.090354,2.353660,0.021978,-0.539682
137.960052,-0.197802,-0.065934,2.353660,0.007326,-0.539682
137.960052,-0.051283,-0.041514,2.353660,0.007326,-0.539682
137.960815,0.065935,0.007326,2.353660,0.021978,-0.544566
137.960815,0.007328,0.090355,2.353660,0.021978,-0.539682
137.960434,-0.051283,0.139194,2.353660,0.007326,-0.539682
137.960434,-0.021978,0.158731,2.353660,0.007326,-0.539682
137.960815,0.007328,0.178267,2.353660,0.007326,-0.544566
137.961197,0.051285,0.192919,2.353660,0.021978,-0.544566
137.961578,0.095240,0.202686,2.353660,0.021978,-0.539682
137.962341,0.153849,0.197803,2.353660,-0.007328,-0.534799
137.963104,0.153849,0.192919,2.353660,0.021978,-0.539682
137.964249,0.197803,0.178267,2.353660,0.021978,-0.539682
137.965012,0.227108,0.173383,2.353660,0.007326,-0.539682
137.965393,0.139196,0.163614,2.353660,-0.007328,-0.544566
137.965012,0.021980,0.139194,2.353660,0.007326,-0.549451
137.965012,-0.021978,0.105007,2.353660,0.021978,-0.549451
137.964630,-0.036631,0.070819,2.353660,-0.007328,-0.539682
137.964630,-0.021978,0.046398,2.353660,0.021978,-0.544566
137.964630,-0.007326,0.021978,2.353660,-0.007328,-0.544566
137.964630,-0.036631,0.002442,2.353660,-0.007328,-0.544566
137.964630,-0.036631,-0.017094,2.353660,0.007326,-0.539682
137.964630,-0.021978,-0.031746,2.353660,0.007326,-0.539682
137.964630,-0.021978,-0.041514,2.353660,0.021978,-0.539682
137.964249,-0.021978,-0.051282,2.353660,0.007326,-0.544566
137.964249,-0.021978,-0.051282,2.353660,0.021978,-0.544566
137.964249,-0.021978,-0.051282,2.353660,0.007326,-0.539682
137.964249,0.007328,-0.056166,2.353660,0.021978,-0.544566
137.964249,-0.007326,-0.051282,2.353660,0.007326,-0.544566
137.964249,-0.007326,-0.051282,2.353660,0.007326,-0.549451
137.964249,-0.007326,-0.046398,2.353660,0.007326,-0.549451
137.964249,-0.007326,-0.041514,2.353660,-0.007328,-0.549451
137.964249,-0.021978,-0.036630,2.353660,0.007326,-0.549451
137.964249,-0.007326,-0.031746,2.353660,0.007326,-0.554335
137.964249,-0.007326,-0.031746,2.353660,0.007326,-0.554335
137.964249,-0.021978,-0.026862,2.353660,0.007326,-0.554335
137.964249,0.007328,-0.026862,2.353660,0.007326,-0.554335
137.964249,0.007328,-0.021978,2.353660,0.007326,-0.554335
137.964249,-0.007326,-0.021978,2.353660,0.007326,-0.554335
137.964249,0.007328,-0.021978,2.353660,0.007326,-0.554335
137.964249,-0.007326,-0.017094,2.353660,-0.007328,-0.554335
137.964249,-0.007326,-0.017094,2.353660,0.021978,-0.554335
137.964249,-0.007326,-0.012210,2.353660,0.007326,-0.549451
137.964249,-0.021978,-0.007326,2.353660,0.021978,-0.544566
137.964249,0.007328,-0.002442,2.353660,0.007326,-0.544566
137.964249,0.007328,0.002442,2.353660,0.021978,-0.544566
137.964249,-0.007326,0.012211,2.353660,0.007326,-0.544566
137.964249,-0.007326,0.017095,2.353660,0.007326,-0.539682
137.964630,-0.007326,0.021978,2.353660,0.007326,-0.539682
137.964630,-0.007326,0.026863,2.353660,0.021978,-0.544566
137.964249,-0.007326,0.026863,2.353660,-0.007328,-0.539682
137.964630,0.007328,0.031747,2.353660,0.021978,-0.539682
137.964630,-0.021978,0.036631,2.353660,-0.007328,-0.539682
137.964249,-0.021978,0.041514,2.353660,0.007326,-0.539682
137.964249,-0.007326,0.046398,2.353660,0.021978,-0.539682
137.964249,-0.007326,0.051283,2.353660,-0.007328,-0.539682
137.964249,-0.007326,0.051283,2.353660,0.007326,-0.539682
137.964249,0.007328,0.061050,2.353660,0.007326,-0.544566
137.964630,0.007328,0.061050,2.353660,0.007326,-0.544566
137.964630,0.036633,0.061050,2.353660,0.007326,-0.544566
137.964630,-0.007326,0.065935,2.353660,0.007326,-0.544566
137.964630,0.007328,0.061050,2.353660,0.021978,-0.544566
137.964630,-0.007326,0.056167,2.353660,0.007326,-0.539682
137.964630,-0.007326,0.051283,2.353660,-0.007328,-0.544566
137.964630,-0.007326,0.041514,2.353660,0.007326,-0.544566
137.964630,-0.021978,0.026863,2.353660,-0.007328,-0.544566
137.964630,-0.021978,0.012211,2.353660,0.007326,-0.544566
137.964630,-0.007326,-0.002442,2.353660,0.021978,-0.549451
137.964630,-0.007326,-0.012210,2.353660,0.007326,-0.544566
137.964249,-0.021978,-0.021978,2.353660,0.021978,-0.549451
137.964249,0.007328,-0.026862,2.353660,-0.007328,-0.544566
137.964630,0.021980,-0.031746,2.353660,0.021978,-0.549451
137.964249,-0.007326,-0.031746,2.353660,0.007326,-0.549451
137.964630,-0.007326,-0.036630,2.353660,0.021978,-0.549451
137.964249,-0.021978,-0.036630,2.353660,0.021978,-0.549451
137.964249,-0.007326,-0.036630,2.353660,-0.007328,-0.544566
137.964249,-0.007326,-0.036630,2.353660,0.007326,-0.549451
137.964249,0.007328,-0.031746,2.353660,-0.007328,-0.549451
137.964249,0.007328,-0.031746,2.353660,-0.007328,-0.549451
137.964249,-0.007326,-0.021978,2.353660,0.021978,-0.549451
137.964249,-0.007326,-0.017094,2.353660,0.007326,-0.544566
137.964249,-0.021978,-0.012210,2.353660,0.007326,-0.544566
137.964630,-0.007326,-0.002442,2.353660,0.007326,-0.549451
137.964630,0.007328,0.012211,2.353660,0.007326,-0.549451
137.964630,-0.007326,0.017095,2.353660,0.007326,-0.544566
137.964630,-0.007326,0.026863,2.353660,0.007326,-0.549451
137.964630,-0.021978,0.031747,2.353660,0.007326,-0.544566
137.964249,-0.036631,0.041514,2.353660,0.007326,-0.544566
137.964249,-0.021978,0.046398,2.353660,0.007326,-0.544566
137.964249,-0.007326,0.051283,2.353660,0.007326,-0.544566
137.964249,-0.007326,0.061050,2.353660,0.007326,-0.549451
137.964249,0.007328,0.065935,2.353660,-0.021980,-0.539682
137.964630,0.036633,0.095239,2.353660,0.021978,-0.544566
137.965012,0.051285,0.139194,2.353660,0.007326,-0.539682
137.965393,0.065935,0.163614,2.353660,0.007326,-0.539682
137.965393,0.036633,0.227107,2.353660,-0.007328,-0.544566
137.966156,0.124544,0.280830,2.353660,0.007326,-0.544566
137.967300,0.227108,0.315019,2.353660,0.021978,-0.539682
137.968826,0.256413,0.363859,2.353660,-0.007328,-0.539682
137.969971,0.315020,0.456656,2.353660,0.007326,-0.544566
137.971878,0.388281,0.505495,2.353660,0.007326,-0.544566
137.974167,0.461540,0.544567,2.353660,-0.007328,-0.539682
137.976837,0.578756,0.554335,2.353660,0.007326,-0.539682
137.979889,0.681320,0.559219,2.353660,0.007326,-0.539682
137.983322,0.813189,0.539683,2.353660,-0.007328,-0.539682
137.987518,0.915752,0.559219,2.353660,0.007326,-0.544566
137.992096,1.032969,0.617827,2.353660,0.021978,-0.539682
137.997437,1.208794,0.661783,2.353660,0.007326,-0.544566
138.003159,1.369965,0.666667,2.353660,0.007326,-0.549451
138.009644,1.531137,0.671551,2.353660,0.007326,-0.549451
138.016891,1.677658,0.720391,2.353660,0.021978,-0.549451
138.024139,1.765570,0.744811,2.353660,-0.007328,-0.539682
138.032150,1.853481,0.730160,2.353660,-0.007328,-0.549451
138.040543,2.014652,0.749695,2.353660,0.007326,-0.549451
138.047028,2.146523,0.754580,2.353660,-0.007328,-0.549451
138.059616,2.307693,0.715508,2.353660,0.021978,-0.549451
138.069916,2.483517,0.681319,2.353660,0.007326,-0.544566
138.080597,2.600735,0.647131,2.353660,-0.007328,-0.544566
138.091660,2.688644,0.617827,2.353660,0.007326,-0.544566
138.102722,2.717949,0.578755,2.353660,0.007326,-0.539682
138.114166,2.791210,0.559219,2.353660,-0.007328,-0.544566
138.126373,2.967033,0.515263,2.353660,0.007326,-0.544566
138.139343,3.069599,0.500611,2.353660,0.007326,-0.544566
138.151932,3.142860,0.520147,2.353660,0.007326,-0.544566
138.164902,3.186813,0.539683,2.353660,0.036631,-0.544566
138.178253,3.274727,0.529915,2.353660,0.007326,-0.539682
138.191986,3.362640,0.505495,2.353660,-0.007328,-0.534799
138.206100,3.421246,0.500611,2.353660,0.021978,-0.539682
138.219833,3.450550,0.466423,2.353660,0.007326,-0.534799
138.234329,3.523811,0.427351,2.353660,-0.007328,-0.539682
138.248444,3.567768,0.383395,2.353660,0.021978,-0.539682
138.262939,3.611725,0.358974,2.353660,0.021978,-0.534799
138.277435,3.611725,0.334555,2.353660,0.007326,-0.534799
138.291931,3.597073,0.319902,2.353660,0.007326,-0.539682
138.306427,3.582420,0.271063,2.353660,0.021978,-0.539682
138.320541,3.553116,0.231991,2.353660,-0.007328,-0.534799
138.334656,3.582420,0.202686,2.353660,0.007326,-0.534799
138.348770,3.538464,0.188035,2.353660,0.007326,-0.534799
138.362885,3.538464,0.188035,2.353660,0.007326,-0.534799
138.376999,3.509159,0.178267,2.353660,0.007326,-0.529915
138.390732,3.465202,0.163614,2.353660,0.007326,-0.534799
138.404465,3.421246,0.163614,2.353660,-0.007328,-0.529915
138.417816,3.406593,0.163614,2.353660,0.007326,-0.529915
138.431168,3.362640,0.153847,2.353660,0.021978,-0.529915
138.445282,3.421246,0.153847,2.353660,-0.007328,-0.525030
138.459015,3.435898,0.139194,2.353660,0.007326,-0.525030
138.473129,3.465202,0.148963,2.353660,0.007326,-0.525030
138.486862,3.479855,0.153847,2.353660,-0.007328,-0.525030
138.500595,3.435898,0.148963,2.353660,0.007326,-0.525030
138.513947,3.333336,0.134311,2.353660,0.007326,-0.525030
138.526535,3.216118,0.153847,2.353660,-0.007328,-0.525030
138.538742,3.128208,0.119658,2.353660,0.021978,-0.525030
138.550186,3.010990,0.075703,2.353660,0.007326,-0.520146
138.560486,2.967033,0.046398,2.353660,0.007326,-0.520146
138.573837,2.952381,0.017095,2.353660,-0.007328,-0.525030
138.585281,2.893776,-0.017094,2.353660,0.021978,-0.529915
138.596344,2.791210,-0.051282,2.353660,0.007326,-0.525030
138.606262,2.630039,-0.090354,2.353660,0.007326,-0.525030
138.615799,2.454216,-0.188034,2.353660,0.021978,-0.525030
138.623428,2.190479,-0.295483,2.353660,0.021978,-0.529915
138.631058,2.000000,-0.383394,2.353660,0.007326,-0.525030
138.638687,1.941393,-0.446886,2.353660,0.007326,-0.525030
138.645172,1.780222,-0.466422,2.353660,0.007326,-0.529915
138.650131,1.457878,-0.461538,2.353660,-0.007328,-0.529915
138.654709,1.267401,-0.471307,2.353660,0.021978,-0.525030
138.658524,1.076925,-0.456655,2.353660,0.007326,-0.525030
138.661575,0.886448,-0.466422,2.353660,-0.007328,-0.525030
138.663483,0.681320,-0.427350,2.353278,-0.007328,-0.529915
138.665009,0.490845,-0.383394,2.353660,0.007326,-0.529915
138.665390,0.212456,-0.354091,2.353660,0.021978,-0.534799
138.664627,0.036633,-0.358974,2.353660,0.021978,-0.529915
138.664627,-0.021978,-0.344322,2.353660,0.007326,-0.534799
138.664627,-0.021978,-0.315019,2.353660,0.021978,-0.534799
138.663483,-0.153847,-0.271062,2.353660,0.007326,-0.534799
138.662720,-0.197802,-0.227106,2.353660,0.021978,-0.534799
138.661957,-0.212454,-0.168498,2.353660,0.021978,-0.539682
138.661194,-0.212454,-0.124542,2.353278,-0.007328,-0.539682
138.660812,-0.153847,-0.095238,2.353660,0.007326,-0.544566
138.660812,-0.036631,-0.061050,2.353660,0.007326,-0.544566
138.660812,-0.021978,-0.002442,2.353660,0.021978,-0.549451
138.660431,-0.051283,0.056167,2.353660,0.007326,-0.544566
138.660812,-0.007326,0.114775,2.353660,0.021978,-0.544566
138.660812,0.021980,0.173383,2.353660,0.021978,-0.544566
138.661194,0.021980,0.192919,2.353660,-0.007328,-0.539682
138.661575,0.051285,0.192919,2.353660,0.021978,-0.544566
138.661957,0.124544,0.183151,2.353660,0.021978,-0.539682
138.663101,0.168499,0.163614,2.353660,0.021978,-0.539682
138.664246,0.227108,0.158731,2.353660,-0.007328,-0.534799
138.664627,0.183151,0.163614,2.353660,0.021978,-0.539682
138.664627,0.080587,0.153847,2.353660,-0.007328,-0.534799
138.664627,0.007328,0.119658,2.353660,0.021978,-0.539682
138.664246,-0.021978,0.085470,2.353660,0.007326,-0.534799
138.664246,-0.007326,0.056167,2.353660,0.007326,-0.534799
138.664246,-0.007326,0.026863,2.353660,0.007326,-0.529915
138.664246,-0.036631,0.002442,2.353660,-0.007328,-0.529915
138.664246,-0.021978,-0.021978,2.353660,0.007326,-0.525030
138.663864,-0.051283,-0.041514,2.353660,0.007326,-0.525030
138.663864,-0.021978,-0.051282,2.353660,0.007326,-0.525030
138.663864,-0.007326,-0.061050,2.353660,0.007326,-0.520146
138.663864,-0.021978,-0.065934,2.353660,0.007326,-0.525030
138.663864,-0.007326,-0.061050,2.353660,0.007326,-0.525030
138.663864,-0.007326,-0.056166,2.353660,0.007326,-0.525030
138.664246,-0.007326,-0.051282,2.353660,0.007326,-0.525030
138.663864,-0.007326,-0.041514,2.353660,-0.007328,-0.525030
138.663864,-0.007326,-0.031746,2.353660,0.007326,-0.529915
138.663864,-0.007326,-0.026862,2.353660,0.007326,-0.534799
138.664246,0.007328,-0.017094,2.353660,0.007326,-0.529915
138.664246,-0.007326,-0.012210,2.353660,0.007326,-0.534799
138.664246,-0.007326,-0.002442,2.353660,0.007326,-0.539682
138.664246,0.007328,-0.002442,2.353660,0.007326,-0.534799
138.664246,-0.007326,-0.002442,2.353660,0.007326,-0.529915
138.664246,-0.007326,-0.002442,2.353660,-0.007328,-0.534799
138.664246,-0.007326,-0.002442,2.353660,-0.007328,-0.534799
138.664246,0.007328,-0.007326,2.353660,0.007326,-0.544566
138.664246,0.007328,-0.007326,2.353660,0.021978,-0.544566
138.664246,-0.021978,-0.007326,2.353660,0.007326,-0.539682
138.664246,-0.007326,-0.007326,2.353660,0.007326,-0.539682
138.664246,-0.007326,-0.002442,2.353660,0.007326,-0.544566
138.664246,-0.007326,-0.002442,2.353660,0.021978,-0.544566
138.664246,-0.007326,-0.002442,2.353660,0.021978,-0.539682
138.664246,-0.007326,-0.002442,2.353660,-0.007328,-0.544566
138.664246,-0.007326,-0.002442,2.353660,0.007326,-0.549451
138.664246,0.021980,0.002442,2.353660,0.021978,-0.549451
138.664246,-0.007326,0.007326,2.353660,-0.007328,-0.544566
138.664246,-0.021978,0.012211,2.353660,-0.007328,-0.544566
138.663864,-0.021978,0.012211,2.353660,0.021978,-0.544566
138.663864,-0.007326,0.021978,2.353660,0.007326,-0.539682
138.663864,-0.036631,0.021978,2.353660,0.007326,-0.539682
138.663864,-0.007326,0.026863,2.353660,-0.007328,-0.534799
138.663864,-0.007326,0.031747,2.353660,-0.007328,-0.539682
138.663864,0.007328,0.041514,2.353660,0.021978,-0.539682
138.664246,0.021980,0.041514,2.353660,0.007326,-0.539682
138.664246,0.007328,0.051283,2.353660,0.007326,-0.539682
138.664246,-0.007326,0.051283,2.353660,0.007326,-0.544566
138.664246,-0.007326,0.051283,2.353660,0.007326,-0.539682
138.664246,-0.021978,0.046398,2.353660,0.007326,-0.534799
138.664246,-0.021978,0.041514,2.353660,0.007326,-0.534799
138.664246,-0.007326,0.031747,2.353660,0.007326,-0.534799
138.664246,-0.007326,0.017095,2.353660,0.007326,-0.525030
138.664246,-0.007326,0.002442,2.353660,0.007326,-0.529915
138.664246,-0.007326,-0.012210,2.353660,0.007326,-0.525030
138.664246,-0.021978,-0.021978,2.353660,0.007326,-0.525030
138.664246,0.007328,-0.021978,2.353660,0.021978,-0.529915
138.664246,-0.021978,-0.026862,2.353278,-0.007328,-0.525030
138.663864,0.007328,-0.026862,2.353660,0.007326,-0.529915
138.664246,0.007328,-0.026862,2.353660,0.007326,-0.529915
138.664246,-0.007326,-0.021978,2.353660,-0.007328,-0.525030
138.664246,-0.007326,-0.017094,2.353660,0.007326,-0.529915
138.664246,-0.007326,-0.012210,2.353660,0.007326,-0.529915
138.664246,0.007328,-0.007326,2.353660,0.007326,-0.534799
138.664246,-0.007326,-0.002442,2.353660,-0.007328,-0.539682
138.664246,-0.007326,0.002442,2.353660,0.007326,-0.539682
138.664246,-0.021978,0.007326,2.353660,0.007326,-0.539682
138.664246,-0.021978,0.007326,2.353660,0.007326,-0.539682
138.664246,-0.021978,0.007326,2.353660,0.021978,-0.534799
138.664246,-0.007326,0.007326,2.353660,0.021978,-0.534799
138.664246,-0.007326,0.007326,2.353660,0.021978,-0.534799
138.664246,-0.007326,0.007326,2.353660,0.021978,-0.534799
138.664246,-0.007326,0.007326,2.353660,0.007326,-0.534799
138.664246,-0.007326,0.012211,2.353660,0.021978,-0.534799
138.664246,0.007328,0.017095,2.353660,0.007326,-0.539682
138.664246,-0.021978,0.017095,2.353660,0.021978,-0.534799
138.664246,-0.007326,0.021978,2.353660,0.021978,-0.534799
138.663864,-0.007326,0.026863,2.353660,-0.007328,-0.534799
138.664246,-0.007326,0.031747,2.353660,-0.007328,-0.539682
138.664246,0.007328,0.036631,2.353660,0.007326,-0.539682
138.664246,-0.007326,0.036631,2.353660,0.021978,-0.539682
138.664246,0.021980,0.080586,2.353660,-0.007328,-0.534799
138.664627,0.051285,0.139194,2.353660,0.007326,-0.539682
138.664627,0.065935,0.197803,2.353660,0.007326,-0.534799
138.665009,0.051285,0.261295,2.353660,0.007326,-0.534799
138.665771,0.095240,0.334555,2.353660,0.007326,-0.539682
138.666916,0.183151,0.398046,2.353660,0.007326,-0.539682
138.668060,0.285717,0.437119,2.353660,0.021978,-0.544566
138.669586,0.315020,0.490843,2.353660,0.007326,-0.539682
138.671112,0.344324,0.485959,2.353660,-0.007328,-0.539682
138.673019,0.388281,0.490843,2.353660,0.007326,-0.544566
138.674545,0.402931,0.520147,2.353660,0.021978,-0.544566
138.677597,0.637363,0.549451,2.353660,-0.007328,-0.539682
138.681793,0.842493,0.578755,2.353660,0.007326,-0.539682
138.685989,0.945057,0.627595,2.353660,0.007326,-0.544566
138.690567,1.091578,0.715508,2.353660,-0.007328,-0.539682
138.695908,1.194141,0.774116,2.353660,0.021978,-0.539682
138.701630,1.326010,0.778999,2.353660,0.007326,-0.539682
138.708115,1.501833,0.774116,2.353660,0.021978,-0.534799
138.716125,1.780222,0.798535,2.353660,-0.007328,-0.534799
138.724899,2.000000,0.842491,2.353660,0.021978,-0.534799
138.733292,2.073261,0.866911,2.353660,0.007326,-0.534799
138.742447,2.190479,0.871796,2.353660,0.007326,-0.534799
138.752365,2.380955,0.832724,2.353660,0.007326,-0.539682
138.763428,2.542126,0.774116,2.353660,-0.007328,-0.534799
138.775253,2.776558,0.720391,2.353660,0.007326,-0.539682
138.787079,2.923080,0.705739,2.353660,-0.007328,-0.534799
138.799667,3.025642,0.661783,2.353660,0.007326,-0.534799
138.812256,3.069599,0.617827,2.353660,0.007326,-0.534799
138.824844,3.157509,0.549451,2.353660,0.007326,-0.534799
138.838196,3.260075,0.510379,2.353660,0.007326,-0.539682
138.852310,3.362640,0.481075,2.353660,0.021978,-0.539682
138.866425,3.450550,0.466423,2.353660,0.007326,-0.534799
138.880157,3.494507,0.451771,2.353660,-0.007328,-0.534799
138.894272,3.494507,0.432235,2.353660,0.021978,-0.534799
138.908386,3.509159,0.407815,2.353660,-0.007328,-0.529915
138.922119,3.465202,0.368743,2.353660,-0.007328,-0.534799
138.936234,3.479855,0.315019,2.353660,0.007326,-0.534799
138.950729,3.538464,0.280830,2.353660,0.007326,-0.534799
138.964844,3.567768,0.261295,2.353660,0.007326,-0.534799
138.979340,3.597073,0.236875,2.353660,0.007326,-0.534799
138.993454,3.567768,0.212455,2.353660,0.007326,-0.539682
139.007568,3.553116,0.192919,2.353660,-0.007328,-0.539682
139.019775,3.509159,0.197803,2.353660,0.007326,-0.544566
139.035797,3.465202,0.197803,2.353660,-0.007328,-0.544566
139.049149,3.465202,0.188035,2.353660,0.021978,-0.549451
139.062881,3.465202,0.178267,2.353660,0.007326,-0.544566
139.076614,3.435898,0.183151,2.353660,0.007326,-0.549451
139.090347,3.406593,0.173383,2.353660,0.007326,-0.559218
139.103699,3.377293,0.192919,2.353660,0.021978,-0.559218
139.117050,3.377293,0.192919,2.353660,0.021978,-0.559218
139.130783,3.377293,0.192919,2.353660,0.021978,-0.559218
139.144516,3.406593,0.202686,2.353660,0.021978,-0.559218
139.157867,3.406593,0.202686,2.353660,0.021978,-0.559218
139.171982,3.421246,0.202686,2.353660,0.007326,-0.559218
139.185715,3.450550,0.222223,2.353660,-0.007328,-0.559218
139.200211,3.523811,0.236875,2.353660,0.021978,-0.568987
139.214325,3.509159,0.266179,2.353660,0.007326,-0.568987
139.227676,3.435898,0.300367,2.353660,0.007326,-0.568987
139.241028,3.362640,0.315019,2.353660,0.021978,-0.568987
139.253998,3.333336,0.315019,2.353660,0.007326,-0.568987
139.267349,3.304031,0.324787,2.353660,0.007326,-0.573871
139.280701,3.333336,0.324787,2.353660,-0.007328,-0.573871
139.294434,3.347988,0.310135,2.353660,0.007326,-0.578754
139.308167,3.406593,0.319902,2.353660,0.007326,-0.578754
139.321518,3.362640,0.324787,2.353660,0.021978,-0.578754
139.334869,3.347988,0.339439,2.353660,-0.007328,-0.578754
139.347839,3.347988,0.305251,2.353660,0.007326,-0.578754
139.361572,3.333336,0.300367,2.353660,-0.007328,-0.578754
139.374542,3.304031,0.285715,2.353660,0.021978,-0.578754
139.387512,3.274727,0.275947,2.353660,0.007326,-0.578754
139.400482,3.230770,0.222223,2.353660,0.007326,-0.578754
139.413071,3.157509,0.188035,2.353660,0.021978,-0.578754
139.425278,3.069599,0.148963,2.353660,-0.007328,-0.573871
139.437485,3.054947,0.100122,2.353660,0.007326,-0.578754
139.449310,3.010990,0.046398,2.353660,0.007326,-0.583638
139.460754,2.952381,0.007326,2.353660,0.021978,-0.583638
139.472198,2.879124,-0.031746,2.353660,0.007326,-0.578754
139.482880,2.732601,-0.148962,2.353660,-0.007328,-0.573871
139.492035,2.483517,-0.261294,2.353660,0.007326,-0.583638
139.500809,2.263737,-0.373627,2.353660,0.007326,-0.583638
139.508820,2.161175,-0.461538,2.353660,0.007326,-0.583638
139.516068,1.970697,-0.515263,2.353660,0.021978,-0.583638
139.522934,1.780222,-0.534799,2.353660,-0.007328,-0.583638
139.529037,1.619049,-0.539682,2.353660,0.021978,-0.588523
139.533997,1.384617,-0.529915,2.353660,0.007326,-0.588523
139.537430,1.106228,-0.520146,2.353660,0.007326,-0.583638
139.540100,0.842493,-0.481074,2.353660,-0.007328,-0.583638
139.542389,0.695972,-0.461538,2.353660,0.007326,-0.588523
139.544296,0.549452,-0.417583,2.353660,0.007326,-0.588523
139.544678,0.285717,-0.363858,2.353660,0.007326,-0.588523
139.544678,0.139196,-0.329670,2.353660,0.007326,-0.593407
139.544678,0.021980,-0.315019,2.353660,0.007326,-0.593407
139.543915,-0.095238,-0.271062,2.353660,0.021978,-0.598290
139.543152,-0.183149,-0.212454,2.353660,0.007326,-0.593407
139.542007,-0.168499,-0.168498,2.353660,0.007326,-0.603174
139.542007,-0.139194,-0.129426,2.353660,0.007326,-0.603174
139.541626,-0.065933,-0.090354,2.353660,0.021978,-0.603174
139.542007,-0.007326,-0.041514,2.353660,0.007326,-0.608059
139.541626,-0.051283,0.026863,2.353660,0.007326,-0.608059
139.540863,-0.109890,0.100122,2.353660,0.007326,-0.612943
139.540863,-0.065933,0.158731,2.353660,-0.007328,-0.612943
139.541245,0.036633,0.202686,2.353660,0.007326,-0.617826
139.542007,0.095240,0.231991,2.353660,0.021978,-0.617826
139.542389,0.109892,0.246643,2.353660,0.007326,-0.617826
139.543152,0.153849,0.256411,2.353660,0.021978,-0.617826
139.543915,0.168499,0.256411,2.353660,0.021978,-0.617826
139.544296,0.153849,0.231991,2.353660,0.007326,-0.612943
139.545441,0.197803,0.188035,2.353660,0.007326,-0.612943
139.546585,0.256413,0.158731,2.353660,0.007326,-0.612943
139.546967,0.139196,0.148963,2.353660,0.007326,-0.612943
139.546967,0.065935,0.124542,2.353660,0.007326,-0.603174
139.546585,-0.021978,0.090355,2.353660,0.007326,-0.598290
139.546585,-0.036631,0.061050,2.353660,0.021978,-0.598290
139.546585,-0.007326,0.017095,2.353660,0.007326,-0.593407
139.546585,-0.007326,-0.012210,2.353660,0.007326,-0.598290
139.546585,-0.036631,-0.036630,2.353660,0.007326,-0.598290
139.546585,-0.036631,-0.051282,2.353660,0.021978,-0.593407
139.546204,-0.051283,-0.065934,2.353660,0.007326,-0.588523
139.545822,-0.065933,-0.070818,2.353660,0.007326,-0.588523
139.545822,-0.065933,-0.075702,2.353660,-0.007328,-0.583638
139.545441,-0.065933,-0.070818,2.353660,0.007326,-0.588523
139.545441,-0.021978,-0.070818,2.353660,0.007326,-0.588523
139.545822,0.021980,-0.056166,2.353660,-0.007328,-0.583638
139.545441,-0.036631,-0.036630,2.353660,0.021978,-0.588523
139.545441,-0.036631,-0.017094,2.353660,0.007326,-0.583638
139.545441,-0.007326,-0.007326,2.353660,0.021978,-0.583638
139.545822,0.036633,0.012211,2.353660,0.007326,-0.583638
139.545822,0.036633,0.021978,2.353660,-0.007328,-0.588523
139.546204,0.051285,0.026863,2.353660,0.021978,-0.593407
139.546204,0.021980,0.031747,2.353660,0.007326,-0.593407
139.546204,0.021980,0.036631,2.353660,0.007326,-0.593407
139.546204,-0.007326,0.036631,2.353660,0.007326,-0.593407
139.546204,-0.021978,0.031747,2.353660,0.007326,-0.593407
139.546204,-0.007326,0.026863,2.353660,0.007326,-0.593407
139.546204,-0.021978,0.021978,2.353660,0.007326,-0.598290
139.546204,-0.021978,0.012211,2.353660,0.007326,-0.603174
139.546204,-0.007326,0.002442,2.353660,0.007326,-0.598290
139.546204,-0.021978,-0.002442,2.353660,0.007326,-0.603174
139.546204,-0.007326,-0.002442,2.353660,0.007326,-0.603174
139.546204,-0.007326,-0.007326,2.353660,0.007326,-0.603174
139.546204,-0.007326,-0.002442,2.353660,0.021978,-0.608059
139.546204,0.007328,0.007326,2.353660,0.007326,-0.608059
139.546204,-0.007326,0.012211,2.353660,0.007326,-0.608059
139.546204,-0.007326,0.021978,2.353660,0.007326,-0.608059
139.546204,-0.007326,0.031747,2.353660,-0.007328,-0.608059
139.546204,-0.021978,0.036631,2.353660,0.007326,-0.612943
139.546204,-0.007326,0.041514,2.353660,0.007326,-0.612943
139.546204,-0.007326,0.051283,2.353660,0.007326,-0.612943
139.546204,0.007328,0.056167,2.353660,0.007326,-0.608059
139.546204,0.007328,0.061050,2.353660,0.007326,-0.612943
139.546585,0.007328,0.065935,2.353660,-0.007328,-0.608059
139.546204,-0.007326,0.065935,2.353660,0.007326,-0.608059
139.546585,0.007328,0.065935,2.353660,0.007326,-0.603174
139.546204,-0.007326,0.061050,2.353660,0.007326,-0.608059
139.546585,-0.007326,0.051283,2.353660,0.007326,-0.608059
139.546585,0.007328,0.041514,2.353660,0.007326,-0.603174
139.546204,-0.007326,0.031747,2.353660,0.007326,-0.603174
139.546204,-0.021978,0.021978,2.353660,0.007326,-0.598290
139.546204,-0.007326,0.012211,2.353660,-0.007328,-0.598290
139.546204,-0.021978,0.002442,2.353660,0.007326,-0.603174
139.546204,-0.007326,-0.002442,2.353660,0.007326,-0.603174
139.546204,-0.007326,-0.007326,2.353660,0.007326,-0.598290
139.546204,-0.007326,-0.007326,2.353660,0.007326,-0.598290
139.546204,0.007328,-0.007326,2.353660,0.007326,-0.598290
139.546204,-0.007326,-0.002442,2.353660,-0.007328,-0.593407
139.546204,-0.007326,-0.002442,2.353660,0.007326,-0.593407
139.546204,0.007328,0.002442,2.353660,0.021978,-0.598290
139.546204,-0.021978,0.007326,2.353660,-0.007328,-0.593407
139.546204,-0.007326,0.007326,2.353660,0.021978,-0.593407
139.546204,-0.007326,0.007326,2.353660,-0.007328,-0.593407
139.546204,0.007328,0.012211,2.353660,0.007326,-0.598290
139.546204,-0.021978,0.012211,2.353660,0.007326,-0.588523
139.546204,0.007328,0.007326,2.353660,0.021978,-0.588523
139.546204,0.007328,0.012211,2.353660,0.021978,-0.588523
139.546204,-0.021978,0.012211,2.353660,0.007326,-0.583638
139.546204,0.007328,0.012211,2.353660,-0.007328,-0.588523
139.546204,-0.007326,0.012211,2.353660,0.007326,-0.588523
139.546204,-0.007326,0.012211,2.353660,0.007326,-0.593407
139.546204,-0.007326,0.017095,2.353660,-0.007328,-0.593407
139.546204,-0.007326,0.017095,2.353660,0.007326,-0.598290
139.546204,-0.007326,0.021978,2.353660,0.007326,-0.598290
139.546204,-0.007326,0.026863,2.353660,-0.007328,-0.593407
139.546204,-0.021978,0.026863,2.353660,0.007326,-0.598290
139.546204,-0.007326,0.031747,2.353660,-0.007328,-0.598290
139.546204,-0.007326,0.036631,2.353660,0.007326,-0.603174
139.546204,0.007328,0.051283,2.353660,-0.007328,-0.603174
139.546585,0.021980,0.105007,2.353660,0.021978,-0.608059
139.546967,0.065935,0.178267,2.353660,0.021978,-0.603174
139.547348,0.080587,0.251527,2.353660,0.007326,-0.598290
139.548874,0.227108,0.349207,2.353660,0.007326,-0.603174
139.550781,0.388281,0.427351,2.353660,0.007326,-0.603174
139.552689,0.446888,0.510379,2.353660,0.007326,-0.608059
139.554977,0.490845,0.549451,2.353660,0.007326,-0.608059
139.556885,0.505497,0.564103,2.353660,0.021978,-0.612943
139.560318,0.652016,0.539683,2.353660,0.007326,-0.608059
139.563751,0.813189,0.549451,2.353660,0.007326,-0.608059
139.568329,0.945057,0.612944,2.353660,0.007326,-0.612943
139.573669,1.194141,0.652016,2.353660,0.007326,-0.612943
139.579391,1.355312,0.666667,2.353660,0.007326,-0.612943
139.585114,1.399269,0.730160,2.353660,0.007326,-0.608059
139.591599,1.487181,0.769232,2.353660,0.021978,-0.608059
139.598465,1.648354,0.749695,2.353660,0.007326,-0.608059
139.606476,1.853481,0.715508,2.353660,0.007326,-0.608059
139.614868,2.000000,0.754580,2.353660,0.007326,-0.603174
139.624405,2.190479,0.754580,2.353660,0.021978,-0.603174
139.634323,2.351650,0.715508,2.353660,0.007326,-0.598290
139.644241,2.468864,0.700855,2.353660,0.007326,-0.598290
139.655304,2.600735,0.676435,2.353660,0.007326,-0.603174
139.666367,2.717949,0.647131,2.353660,0.007326,-0.603174
139.677811,2.791210,0.622711,2.353660,0.007326,-0.598290
139.689636,2.864471,0.573872,2.353660,-0.007328,-0.593407
139.701843,2.981686,0.534800,2.353660,0.007326,-0.598290
139.714050,3.025642,0.490843,2.353660,0.021978,-0.598290
139.726257,3.040295,0.485959,2.353660,0.007326,-0.598290
139.738846,3.098904,0.481075,2.353660,0.007326,-0.603174
139.751816,3.186813,0.481075,2.353660,0.021978,-0.603174
139.765167,3.230770,0.476191,2.353660,0.021978,-0.598290
139.778519,3.230770,0.471307,2.353660,-0.007328,-0.598290
139.791107,3.230770,0.461539,2.353660,0.021978,-0.598290
139.804077,3.274727,0.427351,2.353660,0.007326,-0.603174
139.817810,3.318684,0.393163,2.353660,-0.007328,-0.608059
139.831543,3.391945,0.368743,2.353660,0.021978,-0.612943
139.845276,3.391945,0.349207,2.353660,0.007326,-0.608059
139.858627,3.406593,0.358974,2.353660,-0.007328,-0.608059
139.872360,3.391945,0.339439,2.353660,0.007326,-0.612943
139.885712,3.391945,0.324787,2.353660,-0.007328,-0.612943
139.899445,3.391945,0.315019,2.353660,0.021978,-0.622710
139.912415,3.347988,0.305251,2.353660,0.021978,-0.617826
139.926147,3.362640,0.290599,2.353660,0.007326,-0.612943
139.939499,3.362640,0.280830,2.353660,0.007326,-0.617826
139.953613,3.421246,0.275947,2.353660,0.021978,-0.622710
139.966965,3.391945,0.290599,2.353660,-0.007328,-0.627595
139.980316,3.362640,0.271063,2.353660,0.007326,-0.632479
139.994049,3.391945,0.261295,2.353660,-0.007328,-0.637362
140.007782,3.435898,0.271063,2.353660,0.007326,-0.637362
140.021515,3.406593,0.285715,2.353660,-0.007328,-0.637362
140.033340,3.377293,0.285715,2.353660,0.007326,-0.642246
140.048218,3.362640,0.295483,2.353660,0.007326,-0.647131
140.062332,3.406593,0.280830,2.353660,0.007326,-0.647131
140.075684,3.391945,0.310135,2.353660,0.007326,-0.647131
140.089035,3.333336,0.319902,2.353660,0.007326,-0.647131
140.102386,3.362640,0.295483,2.353660,0.021978,-0.647131
140.116501,3.421246,0.290599,2.353660,0.021978,-0.652015
140.130234,3.421246,0.295483,2.353660,0.007326,-0.652015
140.143585,3.391945,0.295483,2.353660,0.007326,-0.652015
140.157318,3.406593,0.285715,2.353660,0.007326,-0.652015
140.171814,3.494507,0.261295,2.353660,0.007326,-0.656898
140.185928,3.494507,0.256411,2.353660,-0.007328,-0.656898
140.199280,3.465202,0.275947,2.353660,0.007326,-0.661782
140.213013,3.406593,0.271063,2.353660,-0.007328,-0.656898
140.226746,3.421246,0.251527,2.353660,0.007326,-0.661782
140.240479,3.450550,0.241758,2.353660,0.007326,-0.661782
140.254211,3.406593,0.271063,2.353660,-0.007328,-0.656898
140.267563,3.377293,0.266179,2.354041,0.021978,-0.656898
140.281296,3.362640,0.256411,2.353660,0.007326,-0.656898
140.295029,3.406593,0.261295,2.353660,0.007326,-0.656898
140.308762,3.421246,0.266179,2.353660,-0.007328,-0.656898
140.322495,3.406593,0.271063,2.354041,0.036631,-0.666667
140.336227,3.391945,0.256411,2.354041,0.007326,-0.661782
140.349579,3.406593,0.236875,2.353660,0.007326,-0.661782
140.362549,3.318684,0.241758,2.354041,0.007326,-0.661782
140.375900,3.318684,0.227107,2.353660,-0.007328,-0.661782
140.388870,3.289379,0.212455,2.354041,0.007326,-0.666667
140.401840,3.216118,0.158731,2.354041,-0.007328,-0.666667
140.414047,3.128208,0.119658,2.354041,0.021978,-0.671551
140.426254,3.098904,0.085470,2.353660,0.007326,-0.666667
140.438461,3.084251,0.031747,2.354041,0.007326,-0.666667
140.450668,3.025642,-0.007326,2.354041,0.021978,-0.666667
140.461731,2.908428,-0.031746,2.354041,-0.007328,-0.666667
140.472794,2.776558,-0.109890,2.353660,-0.007328,-0.671551
140.482712,2.600735,-0.231990,2.354041,0.007326,-0.676435
140.491104,2.322346,-0.339438,2.354041,0.021978,-0.671551
140.499496,2.190479,-0.437119,2.353660,-0.007328,-0.671551
140.507126,2.029305,-0.505494,2.354041,0.021978,-0.676435
140.513229,1.721613,-0.529915,2.354041,0.007326,-0.676435
140.518951,1.516485,-0.554335,2.354041,0.021978,-0.676435
140.524292,1.399269,-0.573871,2.354041,-0.007328,-0.671551
140.527344,1.076925,-0.544566,2.354041,0.007326,-0.666667
140.530014,0.813189,-0.539682,2.354041,0.007326,-0.671551
140.531921,0.593409,-0.505494,2.354041,0.007326,-0.676435
140.532684,0.373629,-0.466422,2.354041,0.021978,-0.676435
140.533447,0.227108,-0.432235,2.354041,0.007326,-0.676435
140.533066,0.051285,-0.363858,2.354041,0.007326,-0.671551
140.532303,-0.080585,-0.324786,2.354041,0.007326,-0.671551
140.531158,-0.212454,-0.285714,2.354041,0.007326,-0.676435
140.529633,-0.344322,-0.236875,2.354041,0.021978,-0.681318
140.528488,-0.271063,-0.197803,2.354041,0.007326,-0.676435
140.527725,-0.256411,-0.124542,2.354041,0.007326,-0.676435
140.526199,-0.344322,-0.056166,2.354041,-0.007328,-0.681318
140.524673,-0.344322,-0.002442,2.354041,0.007326,-0.686203
140.524673,-0.197802,0.041514,2.354041,0.007326,-0.691087
140.524292,-0.139194,0.090355,2.354041,0.007326,-0.686203
140.523911,-0.139194,0.139194,2.354041,-0.007328,-0.691087
140.523911,-0.080585,0.163614,2.354041,-0.007328,-0.695971
140.523911,0.007328,0.197803,2.354041,0.021978,-0.695971
140.524292,0.051285,0.222223,2.354041,0.007326,-0.691087
140.524673,0.080587,0.231991,2.354041,0.007326,-0.691087
140.525818,0.124544,0.222223,2.354041,0.007326,-0.691087
140.526581,0.183151,0.217339,2.354041,0.007326,-0.686203
140.526962,0.139196,0.207571,2.354041,0.021978,-0.686203
140.527344,0.095240,0.178267,2.354041,0.007326,-0.681318
140.527725,0.124544,0.144079,2.354041,0.007326,-0.681318
140.528107,0.124544,0.114775,2.354041,0.007326,-0.681318
140.528488,0.095240,0.095239,2.354041,0.007326,-0.681318
140.528488,0.036633,0.075703,2.354041,0.021978,-0.676435
140.528488,-0.021978,0.056167,2.354041,0.007326,-0.671551
140.528488,-0.021978,0.036631,2.354041,0.007326,-0.671551
140.528107,-0.036631,0.017095,2.354041,0.007326,-0.671551
140.527725,-0.080585,0.007326,2.354041,0.007326,-0.671551
140.527344,-0.095238,0.007326,2.354041,0.007326,-0.671551
140.526962,-0.139194,0.007326,2.354041,0.007326,-0.671551
140.526581,-0.095238,0.012211,2.354041,0.007326,-0.671551
140.526581,-0.065933,0.017095,2.354041,0.007326,-0.671551
140.526199,-0.065933,0.031747,2.354041,0.007326,-0.671551
140.526199,-0.036631,0.036631,2.354041,-0.007328,-0.671551
140.526199,0.007328,0.051283,2.354041,0.007326,-0.676435
140.526581,0.007328,0.065935,2.354041,-0.007328,-0.676435
140.526581,0.021980,0.070819,2.354041,0.021978,-0.681318
140.526962,0.021980,0.075703,2.354041,0.007326,-0.676435
140.526962,0.036633,0.085470,2.354041,0.007326,-0.676435
140.527344,0.036633,0.085470,2.354041,0.007326,-0.676435
140.527344,0.021980,0.080586,2.354041,0.007326,-0.676435
140.527344,-0.007326,0.075703,2.354041,0.021978,-0.676435
140.527344,-0.007326,0.061050,2.354041,-0.007328,-0.676435
140.527344,-0.007326,0.051283,2.354041,0.007326,-0.686203
140.526962,-0.021978,0.046398,2.354041,0.007326,-0.686203
140.526962,-0.036631,0.036631,2.354041,-0.007328,-0.686203
140.526962,-0.007326,0.031747,2.354041,-0.007328,-0.691087
140.526962,0.007328,0.026863,2.354041,0.021978,-0.691087
140.526962,-0.021978,0.031747,2.354041,0.007326,-0.686203
140.526962,-0.021978,0.036631,2.354041,0.007326,-0.681318
140.526962,-0.021978,0.046398,2.354041,-0.007328,-0.676435
140.526962,-0.007326,0.056167,2.354041,0.007326,-0.681318
140.526962,-0.007326,0.065935,2.354041,0.007326,-0.681318
140.526962,-0.007326,0.075703,2.354041,-0.007328,-0.681318
140.526962,0.007328,0.090355,2.354041,-0.007328,-0.686203
140.526962,0.007328,0.100122,2.354041,0.007326,-0.691087
140.526962,-0.007326,0.105007,2.354041,0.007326,-0.686203
140.526962,-0.007326,0.109891,2.354041,0.021978,-0.686203
140.526962,0.007328,0.109891,2.354041,0.007326,-0.681318
140.526962,-0.021978,0.105007,2.354041,0.021978,-0.676435
140.526962,-0.007326,0.100122,2.354041,0.021978,-0.671551
140.526962,-0.007326,0.095239,2.354041,-0.007328,-0.666667
140.526962,0.007328,0.090355,2.354041,0.007326,-0.676435
140.526962,-0.021978,0.080586,2.354041,0.007326,-0.681318
140.526962,-0.021978,0.080586,2.354041,0.007326,-0.676435
140.526962,-0.021978,0.080586,2.354041,0.021978,-0.676435
140.526962,-0.007326,0.080586,2.354041,0.007326,-0.666667
140.526962,-0.007326,0.075703,2.354041,0.007326,-0.671551
140.526962,-0.007326,0.080586,2.354041,-0.007328,-0.676435
140.526962,-0.007326,0.080586,2.354041,0.007326,-0.676435
140.526962,0.007328,0.080586,2.354041,0.007326,-0.676435
140.526962,-0.007326,0.080586,2.354041,0.007326,-0.676435
140.526962,-0.007326,0.075703,2.354041,0.007326,-0.671551
140.526962,-0.007326,0.070819,2.354041,-0.007328,-0.676435
140.526962,-0.007326,0.065935,2.354041,0.007326,-0.676435
140.526962,-0.007326,0.056167,2.354041,0.021978,-0.681318
140.526962,-0.007326,0.046398,2.354041,0.007326,-0.676435
140.526962,-0.007326,0.041514,2.354041,0.007326,-0.676435
140.526962,-0.021978,0.031747,2.354041,-0.007328,-0.671551
140.526962,-0.007326,0.026863,2.354041,0.021978,-0.676435
140.526962,0.007328,0.026863,2.354041,-0.007328,-0.671551
140.526962,0.007328,0.026863,2.354041,0.007326,-0.676435
140.526962,-0.007326,0.031747,2.354041,0.021978,-0.681318
140.526962,-0.007326,0.031747,2.354041,0.021978,-0.681318
140.526962,-0.007326,0.036631,2.354041,0.007326,-0.676435
140.526962,-0.007326,0.041514,2.354041,-0.007328,-0.676435
140.526962,-0.007326,0.046398,2.354041,0.021978,-0.681318
140.526962,-0.007326,0.051283,2.354041,0.007326,-0.676435
140.526962,-0.007326,0.061050,2.354041,0.007326,-0.681318
140.526962,-0.007326,0.061050,2.354041,0.007326,-0.681318
140.526962,-0.007326,0.065935,2.354041,-0.007328,-0.681318
140.526962,-0.007326,0.065935,2.354041,0.007326,-0.686203
140.526962,0.007328,0.065935,2.354041,0.021978,-0.681318
140.526962,0.007328,0.070819,2.354041,0.007326,-0.676435
140.526962,0.007328,0.075703,2.354041,0.021978,-0.681318
140.526962,-0.007326,0.080586,2.354041,-0.007328,-0.676435
140.526962,-0.021978,0.085470,2.354041,0.007326,-0.681318
140.526962,-0.007326,0.095239,2.354041,0.007326,-0.681318
140.526962,-0.007326,0.100122,2.354041,0.007326,-0.681318
140.526962,-0.007326,0.105007,2.354041,0.021978,-0.681318
140.526962,-0.007326,0.124542,2.354041,0.007326,-0.676435
140.526962,0.021980,0.173383,2.354041,-0.007328,-0.676435
140.527344,0.036633,0.217339,2.354041,0.007326,-0.681318
140.527725,0.065935,0.261295,2.354041,0.021978,-0.681318
140.528488,0.109892,0.324787,2.354041,0.007326,-0.676435
140.529633,0.227108,0.373627,2.354041,0.007326,-0.671551
140.530777,0.256413,0.437119,2.354041,-0.007328,-0.671551
140.531540,0.227108,0.471307,2.354041,0.007326,-0.676435
140.533066,0.300367,0.456656,2.354041,0.007326,-0.676435
140.534973,0.417583,0.456656,2.354041,0.007326,-0.676435
140.536880,0.461540,0.485959,2.354041,0.007326,-0.676435
140.539932,0.622713,0.554335,2.354041,0.007326,-0.676435
140.543747,0.783884,0.612944,2.354041,0.021978,-0.676435
140.547562,0.871796,0.637363,2.354041,0.021978,-0.671551
140.551376,0.945057,0.695971,2.354041,0.021978,-0.671551
140.556335,1.091578,0.749695,2.354041,-0.007328,-0.671551
140.562057,1.296705,0.774116,2.354041,0.007326,-0.676435
140.568542,1.487181,0.778999,2.354041,0.007326,-0.681318
140.576553,1.750917,0.837607,2.354041,0.007326,-0.681318
140.584183,1.882786,0.891332,2.354041,0.007326,-0.681318
140.592575,1.970697,0.881563,2.354041,0.007326,-0.686203
140.601349,2.102566,0.847376,2.354041,0.007326,-0.686203
140.611649,2.351650,0.827839,2.354041,-0.007328,-0.681318
140.622330,2.542126,0.798535,2.354041,0.007326,-0.686203
140.633774,2.703297,0.749695,2.354041,0.007326,-0.686203
140.645218,2.820515,0.739927,2.354041,-0.007328,-0.686203
140.657425,2.952381,0.691088,2.354041,0.007326,-0.686203
140.670013,3.025642,0.637363,2.354041,0.021978,-0.691087
140.682602,3.128208,0.544567,2.354041,-0.007328,-0.686203
140.696335,3.260075,0.515263,2.354041,0.007326,-0.691087
140.710068,3.377293,0.500611,2.354041,0.007326,-0.691087
140.723419,3.377293,0.481075,2.354041,0.007326,-0.691087
140.737534,3.421246,0.451771,2.354041,0.007326,-0.691087
140.751648,3.523811,0.412699,2.354041,-0.007328,-0.686203
140.766144,3.597073,0.388279,2.354041,0.007326,-0.691087
140.780258,3.538464,0.363859,2.354041,-0.007328,-0.691087
140.794373,3.553116,0.324787,2.354041,-0.007328,-0.691087
140.808868,3.553116,0.300367,2.354041,0.021978,-0.691087
140.823364,3.597073,0.285715,2.354041,0.021978,-0.686203
140.837479,3.538464,0.280830,2.354041,0.007326,-0.681318
140.851593,3.523811,0.251527,2.354041,-0.007328,-0.686203
140.865707,3.538464,0.212455,2.354041,0.007326,-0.691087
140.880203,3.582420,0.207571,2.354041,0.007326,-0.695971
140.894318,3.553116,0.227107,2.354041,0.007326,-0.695971
140.908051,3.450550,0.222223,2.354041,0.007326,-0.695971
140.922165,3.494507,0.188035,2.354041,0.007326,-0.691087
140.936279,3.553116,0.188035,2.354041,0.007326,-0.695971
140.950394,3.523811,0.212455,2.354041,0.007326,-0.691087
140.964127,3.465202,0.217339,2.354041,0.007326,-0.695971
140.977859,3.450550,0.197803,2.354041,0.007326,-0.695971
140.991974,3.450550,0.207571,2.354041,0.007326,-0.695971
141.005325,3.435898,0.222223,2.354041,0.007326,-0.695971
141.019058,3.391945,0.222223,2.354041,0.007326,-0.695971
141.032410,3.377293,0.212455,2.354041,0.007326,-0.695971
141.045761,3.347988,0.183151,2.354041,0.021978,-0.695971
141.059113,3.304031,0.183151,2.354041,0.021978,-0.691087
141.072083,3.274727,0.139194,2.354041,0.007326,-0.695971
141.084671,3.201466,0.105007,2.354041,0.021978,-0.705739
141.096878,3.084251,0.070819,2.354041,0.007326,-0.700854
141.108704,3.040295,0.036631,2.354041,0.007326,-0.705739
141.120911,3.010990,-0.021978,2.354041,-0.007328,-0.705739
141.132736,2.952381,-0.124542,2.354041,0.007326,-0.710623
141.143036,2.761906,-0.192918,2.354041,0.007326,-0.715507
141.152573,2.542126,-0.319902,2.354041,0.007326,-0.715507
141.161346,2.351650,-0.427350,2.354041,0.021978,-0.710623
141.169357,2.117218,-0.500610,2.354041,0.007326,-0.710623
141.176987,2.000000,-0.544566,2.354041,0.007326,-0.710623
141.183472,1.794874,-0.568987,2.354041,0.007326,-0.710623
141.188431,1.457878,-0.544566,2.354041,0.007326,-0.715507
141.192627,1.208794,-0.534799,2.354041,0.007326,-0.710623
141.195297,1.091578,-0.525030,2.354041,0.007326,-0.710623
141.199112,0.798536,-0.495727,2.354041,-0.007328,-0.710623
141.201401,0.652016,-0.437119,2.354041,0.007326,-0.710623
141.202545,0.461540,-0.383394,2.354041,-0.007328,-0.705739
141.203308,0.300367,-0.354091,2.354041,0.007326,-0.710623
141.202927,0.080587,-0.310134,2.354041,0.007326,-0.710623
141.202927,-0.007326,-0.266178,2.354041,0.021978,-0.710623
141.202927,0.007328,-0.217339,2.354041,0.021978,-0.705739
141.202164,-0.080585,-0.168498,2.354041,0.007326,-0.705739
141.201782,-0.095238,-0.119658,2.354041,0.007326,-0.710623
141.201401,-0.095238,-0.070818,2.354041,0.007326,-0.710623
141.200638,-0.139194,-0.031746,2.354041,0.007326,-0.715507
141.200256,-0.109890,0.007326,2.354041,0.021978,-0.715507
141.200638,-0.051283,0.046398,2.354041,0.007326,-0.715507
141.200638,0.021980,0.105007,2.354041,0.007326,-0.710623
141.201401,0.051285,0.158731,2.354041,0.021978,-0.710623
141.201782,0.095240,0.192919,2.354041,0.007326,-0.710623
141.202545,0.168499,0.217339,2.354041,0.021978,-0.715507
141.203690,0.197803,0.217339,2.354041,0.007326,-0.710623
141.203690,0.124544,0.207571,2.354041,0.007326,-0.710623
141.204071,0.080587,0.178267,2.354041,0.021978,-0.710623
141.204834,0.109892,0.148963,2.354041,0.007326,-0.705739
141.205215,0.109892,0.124542,2.354041,-0.007328,-0.705739
141.205597,0.109892,0.100122,2.354041,-0.007328,-0.710623
141.205978,0.095240,0.080586,2.354041,0.007326,-0.715507
141.205978,0.036633,0.070819,2.354041,0.007326,-0.710623
141.205978,-0.007326,0.056167,2.354041,0.007326,-0.705739
141.205978,-0.007326,0.036631,2.354041,-0.007328,-0.705739
141.205978,-0.007326,0.021978,2.354041,0.007326,-0.705739
141.205597,-0.036631,0.017095,2.354041,0.007326,-0.705739
141.205597,-0.021978,0.012211,2.354041,0.007326,-0.700854
141.205215,-0.036631,0.017095,2.354041,0.021978,-0.705739
141.205215,-0.051283,0.017095,2.354041,0.007326,-0.695971
141.204834,-0.065933,0.017095,2.354041,0.007326,-0.700854
141.204834,-0.080585,0.021978,2.354041,0.007326,-0.705739
141.204453,-0.080585,0.031747,2.354041,0.007326,-0.705739
141.204071,-0.065933,0.031747,2.354041,0.021978,-0.710623
141.204071,-0.051283,0.036631,2.354041,0.007326,-0.710623
141.204071,-0.036631,0.036631,2.354041,0.007326,-0.705739
141.203690,-0.021978,0.041514,2.354041,0.007326,-0.705739
141.203690,0.007328,0.041514,2.354041,0.021978,-0.710623
141.203690,-0.007326,0.041514,2.354041,0.007326,-0.710623
141.204071,-0.007326,0.041514,2.354041,0.021978,-0.710623
141.203690,-0.007326,0.041514,2.354041,0.007326,-0.705739
141.204071,-0.007326,0.036631,2.354041,0.021978,-0.705739
141.203690,-0.021978,0.036631,2.354041,0.007326,-0.700854
141.204071,0.007328,0.036631,2.354041,-0.007328,-0.705739
141.204071,-0.021978,0.036631,2.354041,0.021978,-0.710623
141.204071,-0.021978,0.036631,2.354041,0.007326,-0.710623
141.204071,0.007328,0.031747,2.354041,0.007326,-0.710623
141.203690,0.007328,0.031747,2.354041,0.007326,-0.715507
141.203690,-0.021978,0.031747,2.354041,0.021978,-0.710623
141.204071,-0.007326,0.031747,2.354041,0.007326,-0.710623
141.204071,0.007328,0.036631,2.354041,0.007326,-0.710623
141.204071,-0.007326,0.036631,2.354041,0.007326,-0.715507
141.204071,-0.007326,0.041514,2.354041,0.007326,-0.715507
141.204071,0.007328,0.041514,2.354041,0.007326,-0.715507
141.204071,-0.007326,0.046398,2.354041,0.007326,-0.715507
141.204071,-0.007326,0.046398,2.354041,0.007326,-0.720390
141.204071,0.007328,0.046398,2.354041,0.007326,-0.720390
141.204071,-0.021978,0.046398,2.354041,-0.007328,-0.720390
141.203690,-0.007326,0.046398,2.354041,0.021978,-0.720390
141.203690,-0.007326,0.046398,2.354041,0.007326,-0.715507
141.204071,0.007328,0.051283,2.354041,0.021978,-0.720390
141.204071,-0.007326,0.051283,2.354041,0.007326,-0.715507
141.204071,-0.007326,0.051283,2.354041,0.021978,-0.715507
141.204071,-0.007326,0.056167,2.354041,-0.007328,-0.710623
141.204071,-0.007326,0.061050,2.354041,0.007326,-0.710623
141.204071,0.007328,0.061050,2.354041,0.007326,-0.710623
141.204071,-0.007326,0.065935,2.354041,0.007326,-0.710623
141.204071,-0.021978,0.065935,2.354041,0.007326,-0.705739
141.204071,-0.007326,0.065935,2.354041,0.007326,-0.705739
141.204071,-0.021978,0.065935,2.354041,0.021978,-0.705739
141.204071,-0.007326,0.065935,2.354041,0.007326,-0.700854
141.204071,-0.007326,0.065935,2.354041,0.021978,-0.700854
141.204071,-0.021978,0.061050,2.354041,0.007326,-0.700854
141.204071,-0.021978,0.061050,2.354041,0.007326,-0.705739
141.204071,-0.007326,0.056167,2.354041,0.007326,-0.700854
141.204071,-0.007326,0.056167,2.354041,0.007326,-0.705739
141.203690,-0.007326,0.056167,2.354041,0.007326,-0.705739
141.204071,-0.007326,0.051283,2.354041,0.007326,-0.705739
141.203690,-0.007326,0.051283,2.354041,0.007326,-0.705739
141.204071,-0.021978,0.051283,2.354041,0.021978,-0.710623
141.204071,-0.007326,0.046398,2.354041,0.007326,-0.705739
141.204071,-0.007326,0.046398,2.354041,0.007326,-0.710623
141.203690,-0.021978,0.046398,2.354041,0.007326,-0.715507
141.203690,-0.021978,0.046398,2.354041,0.007326,-0.715507
141.204071,0.007328,0.046398,2.354041,0.007326,-0.710623
141.204071,-0.007326,0.046398,2.354041,0.007326,-0.710623
141.204071,0.007328,0.046398,2.354041,0.007326,-0.715507
141.204071,-0.007326,0.046398,2.354041,0.007326,-0.715507
141.204071,-0.007326,0.041514,2.354041,0.007326,-0.715507
141.204071,-0.007326,0.046398,2.354041,0.021978,-0.710623
141.204071,-0.007326,0.046398,2.354041,0.007326,-0.710623
141.204071,0.007328,0.046398,2.354041,0.021978,-0.710623
141.203690,-0.007326,0.041514,2.354041,0.007326,-0.710623
141.204071,0.007328,0.041514,2.354041,0.007326,-0.710623
141.203690,-0.021978,0.041514,2.354041,0.007326,-0.715507
141.203690,-0.007326,0.041514,2.354041,-0.007328,-0.720390
141.204071,-0.007326,0.041514,2.354041,0.021978,-0.720390
141.204071,-0.021978,0.041514,2.354041,-0.007328,-0.715507
141.204071,-0.007326,0.041514,2.354041,0.007326,-0.720390
141.203690,-0.007326,0.041514,2.354041,0.021978,-0.720390
141.204071,-0.007326,0.041514,2.354041,-0.007328,-0.715507
141.204071,-0.021978,0.041514,2.354041,0.007326,-0.720390
141.204071,0.007328,0.041514,2.354041,0.007326,-0.720390
141.204071,-0.021978,0.041514,2.354041,-0.007328,-0.715507
141.204071,0.007328,0.041514,2.354041,0.007326,-0.720390
141.204071,-0.007326,0.046398,2.354041,0.021978,-0.720390
141.204071,-0.021978,0.041514,2.354041,0.007326,-0.710623
141.204071,-0.007326,0.046398,2.354041,0.007326,-0.710623
141.204071,-0.007326,0.046398,2.354041,0.007326,-0.710623
141.204071,-0.007326,0.046398,2.354041,0.021978,-0.715507
141.204071,0.007328,0.046398,2.354041,0.021978,-0.715507
141.203690,-0.021978,0.051283,2.354041,-0.007328,-0.710623
141.204071,0.007328,0.051283,2.354041,0.007326,-0.710623
141.204071,-0.007326,0.056167,2.354041,0.007326,-0.715507
141.204071,-0.007326,0.056167,2.354041,-0.007328,-0.710623
141.203690,-0.007326,0.056167,2.354041,-0.007328,-0.715507
141.204071,-0.007326,0.061050,2.354041,-0.007328,-0.715507
141.204071,-0.021978,0.061050,2.354041,0.007326,-0.710623
141.204071,-0.007326,0.061050,2.354041,0.007326,-0.710623
141.204071,-0.007326,0.065935,2.354041,0.007326,-0.705739
141.204071,-0.007326,0.090355,2.354041,0.007326,-0.710623
141.204071,0.007328,0.124542,2.354041,0.007326,-0.705739
141.204453,0.021980,0.153847,2.354041,0.021978,-0.705739
141.204453,0.007328,0.197803,2.354041,0.007326,-0.710623
141.204834,0.080587,0.246643,2.354041,0.007326,-0.710623
141.205597,0.139196,0.285715,2.354041,0.007326,-0.705739
141.206741,0.212456,0.324787,2.354041,-0.007328,-0.710623
141.207886,0.285717,0.417583,2.354041,0.007326,-0.715507
141.209412,0.344324,0.485959,2.354041,0.021978,-0.715507
141.211700,0.446888,0.520147,2.354041,0.007326,-0.710623
141.213989,0.490845,0.539683,2.354041,0.007326,-0.710623
141.216660,0.608061,0.539683,2.354041,0.007326,-0.710623
141.219711,0.725277,0.534800,2.354041,0.007326,-0.715507
141.223145,0.827841,0.539683,2.354041,-0.007328,-0.710623
141.226196,0.974361,0.593407,2.354041,0.007326,-0.715507
141.233063,1.164837,0.642247,2.354041,0.007326,-0.715507
141.238403,1.252748,0.666667,2.354041,0.007326,-0.710623
141.243744,1.311357,0.691088,2.354041,0.021978,-0.715507
141.250229,1.516485,0.720391,2.354041,0.007326,-0.715507
141.258240,1.750917,0.735044,2.354041,0.007326,-0.715507
141.265869,1.882786,0.749695,2.354041,0.021978,-0.715507
141.274261,1.985350,0.774116,2.354041,0.007326,-0.715507
141.283798,2.190479,0.759463,2.354041,0.007326,-0.715507
141.293335,2.351650,0.749695,2.354041,-0.007328,-0.715507
141.303253,2.410259,0.739927,2.354041,0.007326,-0.720390
141.314316,2.615387,0.705739,2.354041,0.007326,-0.720390
141.325378,2.717949,0.681319,2.354041,0.007326,-0.720390
141.337204,2.864471,0.637363,2.354041,0.007326,-0.720390
141.349030,2.937729,0.617827,2.354041,0.021978,-0.715507
141.361618,3.010990,0.573872,2.354041,0.007326,-0.715507
141.374207,3.113556,0.520147,2.354041,0.007326,-0.715507
141.387177,3.172161,0.485959,2.354041,0.007326,-0.720390
141.400528,3.274727,0.466423,2.354041,0.007326,-0.715507
141.414261,3.318684,0.476191,2.354041,-0.007328,-0.715507
141.427994,3.391945,0.461539,2.354041,0.021978,-0.715507
141.442108,3.435898,0.422467,2.354041,0.007326,-0.715507
141.455841,3.509159,0.393163,2.354041,0.007326,-0.715507
141.470337,3.553116,0.383395,2.354041,0.007326,-0.715507
141.484451,3.494507,0.358974,2.354041,0.007326,-0.715507
141.498947,3.567768,0.300367,2.354041,0.007326,-0.710623
141.513443,3.626373,0.256411,2.354041,0.007326,-0.710623
141.528320,3.670330,0.246643,2.354041,0.021978,-0.705739
141.542435,3.597073,0.236875,2.354041,0.007326,-0.700854
141.557312,3.626373,0.217339,2.354041,0.007326,-0.700854
141.572189,3.699635,0.207571,2.354041,-0.007328,-0.705739
141.586685,3.655678,0.217339,2.354041,0.007326,-0.705739
141.600800,3.567768,0.217339,2.354041,0.007326,-0.705739
141.614914,3.523811,0.197803,2.354041,0.007326,-0.700854
141.629028,3.538464,0.168499,2.354041,0.021978,-0.700854
141.643143,3.509159,0.178267,2.354041,0.007326,-0.695971
141.656876,3.479855,0.188035,2.354041,0.021978,-0.695971
141.670609,3.435898,0.168499,2.354041,0.007326,-0.695971
141.684341,3.450550,0.168499,2.354041,0.007326,-0.695971
141.698074,3.435898,0.192919,2.354041,-0.007328,-0.691087
141.711807,3.421246,0.197803,2.354041,0.007326,-0.695971
141.725540,3.391945,0.197803,2.354041,0.007326,-0.695971
141.738892,3.406593,0.207571,2.354041,0.007326,-0.695971
141.752625,3.391945,0.217339,2.354041,0.007326,-0.695971
141.765976,3.333336,0.251527,2.354041,0.007326,-0.700854
141.778946,3.304031,0.261295,2.354041,-0.007328,-0.695971
141.792297,3.318684,0.271063,2.354041,0.007326,-0.700854
141.805649,3.318684,0.275947,2.354041,-0.007328,-0.700854
141.818619,3.318684,0.290599,2.354041,0.007326,-0.705739
141.831970,3.304031,0.305251,2.354041,-0.007328,-0.705739
141.845322,3.318684,0.310135,2.354041,0.007326,-0.710623
141.858673,3.333336,0.315019,2.354041,0.007326,-0.710623
141.872025,3.304031,0.315019,2.354041,0.007326,-0.705739
141.885376,3.304031,0.329671,2.354041,0.007326,-0.705739
141.898346,3.318684,0.324787,2.354041,0.007326,-0.700854
141.912079,3.333336,0.319902,2.354041,0.021978,-0.695971
141.925430,3.362640,0.319902,2.354041,0.007326,-0.695971
141.939163,3.362640,0.305251,2.354041,0.007326,-0.700854
141.952515,3.362640,0.324787,2.354041,0.007326,-0.700854
141.967010,3.406593,0.300367,2.354041,0.007326,-0.695971
141.979980,3.421246,0.285715,2.354041,0.007326,-0.700854
141.993713,3.421246,0.280830,2.354041,0.007326,-0.700854
142.007446,3.421246,0.261295,2.354041,0.007326,-0.700854
142.020798,3.362640,0.192919,2.354041,0.007326,-0.695971
142.033768,3.274727,0.153847,2.354041,0.007326,-0.695971
142.045975,3.142860,0.119658,2.354041,0.007326,-0.695971
142.058182,3.069599,0.065935,2.354041,-0.007328,-0.695971
142.070007,3.040295,-0.002442,2.354041,0.021978,-0.700854
142.082214,3.010990,-0.075702,2.354041,-0.007328,-0.695971
142.093658,2.923080,-0.158731,2.354041,0.007326,-0.695971
142.103577,2.673996,-0.319902,2.354041,0.007326,-0.695971
142.111588,2.293041,-0.451771,2.354041,-0.007328,-0.691087
142.119980,2.146523,-0.578754,2.354041,0.007326,-0.695971
142.127609,2.014652,-0.656898,2.354041,0.007326,-0.695971
142.134094,1.750917,-0.691087,2.354041,-0.007328,-0.691087
142.139053,1.472528,-0.700854,2.354041,0.007326,-0.691087
142.143250,1.238096,-0.691087,2.354041,0.007326,-0.686203
142.146683,0.974361,-0.691087,2.354041,0.007326,-0.681318
142.147827,0.695972,-0.661782,2.354041,-0.007328,-0.681318
142.149353,0.432236,-0.608059,2.354041,0.007326,-0.681318
142.149734,0.256413,-0.539682,2.354041,0.007326,-0.676435
142.149353,0.007328,-0.481074,2.354041,-0.007328,-0.671551
142.148590,-0.080585,-0.432235,2.354041,-0.007328,-0.676435
142.148209,-0.124542,-0.358974,2.354041,0.021978,-0.681318
142.147064,-0.183149,-0.271062,2.354041,0.007326,-0.681318
142.145920,-0.300365,-0.173382,2.354041,0.007326,-0.681318
142.144394,-0.329670,-0.105006,2.354041,-0.007328,-0.681318
142.143631,-0.241758,-0.061050,2.354041,0.007326,-0.691087
142.144012,-0.036631,-0.007326,2.354041,0.007326,-0.695971
142.144012,-0.021978,0.100122,2.354041,0.007326,-0.695971
142.143631,-0.065933,0.217339,2.354041,0.007326,-0.700854
142.144012,-0.021978,0.271063,2.354041,-0.007328,-0.700854
142.144394,0.065935,0.305251,2.354041,0.007326,-0.710623
142.145157,0.153849,0.334555,2.354041,0.021978,-0.710623
142.146301,0.183151,0.358974,2.354041,0.007326,-0.705739
142.147446,0.241760,0.354091,2.354041,-0.007328,-0.705739
142.149353,0.388281,0.310135,2.354041,0.007326,-0.710623
142.151260,0.432236,0.285715,2.354041,0.007326,-0.710623
142.152786,0.432236,0.251527,2.354041,0.007326,-0.710623
142.154694,0.417583,0.217339,2.354041,0.007326,-0.710623
142.155838,0.329672,0.163614,2.354041,0.007326,-0.705739
142.156982,0.344324,0.114775,2.354041,0.021978,-0.705739
142.157745,0.227108,0.090355,2.354041,0.007326,-0.700854
142.158127,0.109892,0.061050,2.354041,0.021978,-0.700854
142.158127,0.080587,0.017095,2.354041,0.007326,-0.691087
142.159271,0.153849,-0.036630,2.354041,0.021978,-0.691087
142.160034,0.197803,-0.090354,2.354041,0.007326,-0.686203
142.160034,0.109892,-0.109890,2.354041,0.007326,-0.686203
142.160034,-0.007326,-0.134310,2.354041,0.007326,-0.681318
142.159653,-0.036631,-0.173382,2.354041,0.007326,-0.681318
142.159271,-0.036631,-0.192918,2.354041,0.007326,-0.676435
142.159271,-0.065933,-0.192918,2.354041,0.007326,-0.676435
142.158890,-0.109890,-0.183150,2.354041,0.007326,-0.676435
142.158127,-0.183149,-0.163614,2.354041,0.007326,-0.676435
142.156982,-0.212454,-0.139194,2.354041,-0.007328,-0.681318
142.155838,-0.227106,-0.129426,2.354041,0.007326,-0.676435
142.155457,-0.153847,-0.129426,2.354041,0.007326,-0.671551
142.155457,-0.109890,-0.109890,2.354041,0.021978,-0.671551
142.155075,-0.109890,-0.080586,2.354041,0.007326,-0.671551
142.154694,-0.095238,-0.056166,2.354041,0.021978,-0.666667
142.153549,-0.168499,-0.036630,2.354041,-0.007328,-0.666667
142.152786,-0.212454,-0.017094,2.354041,0.007326,-0.676435
142.152405,-0.124542,-0.021978,2.354041,0.007326,-0.676435
142.152786,-0.036631,-0.012210,2.354041,0.021978,-0.681318
142.152786,-0.007326,0.007326,2.354041,0.007326,-0.676435
142.152786,-0.007326,0.021978,2.354041,0.007326,-0.676435
142.152786,-0.007326,0.031747,2.354041,0.021978,-0.681318
142.152786,-0.007326,0.036631,2.354041,0.007326,-0.676435
142.152786,0.007328,0.041514,2.354041,0.007326,-0.676435
142.152786,-0.007326,0.046398,2.354041,0.021978,-0.681318
142.152786,-0.007326,0.051283,2.354041,0.007326,-0.681318
142.152786,0.007328,0.056167,2.354041,0.021978,-0.686203
142.152786,-0.007326,0.056167,2.354041,0.007326,-0.681318
142.152786,-0.007326,0.061050,2.354041,0.007326,-0.686203
142.152786,-0.007326,0.056167,2.354041,-0.007328,-0.695971
142.152786,-0.007326,0.056167,2.354041,0.007326,-0.700854
142.152786,-0.007326,0.056167,2.354041,0.007326,-0.705739
142.152786,0.007328,0.051283,2.354041,0.007326,-0.705739
142.152786,-0.021978,0.046398,2.354041,-0.007328,-0.700854
142.152786,0.007328,0.046398,2.354041,-0.007328,-0.705739
142.152786,-0.007326,0.041514,2.354041,0.007326,-0.710623
142.152786,-0.007326,0.036631,2.354041,0.007326,-0.705739
142.152786,-0.007326,0.031747,2.354041,0.007326,-0.710623
142.152786,-0.007326,0.031747,2.354041,0.021978,-0.710623
142.152786,-0.007326,0.031747,2.354041,-0.007328,-0.705739
142.152786,-0.007326,0.031747,2.354041,0.007326,-0.705739
142.152786,-0.007326,0.031747,2.354041,0.007326,-0.705739
142.152786,-0.021978,0.031747,2.354041,0.007326,-0.705739
142.152786,0.007328,0.031747,2.354041,0.007326,-0.700854
142.152786,-0.021978,0.031747,2.354041,0.007326,-0.700854
142.152786,0.007328,0.031747,2.354041,0.007326,-0.695971
142.152786,-0.007326,0.026863,2.354041,0.007326,-0.691087
142.152786,0.007328,0.026863,2.354041,0.007326,-0.691087
142.152786,0.007328,0.021978,2.354041,0.007326,-0.686203
142.152786,-0.007326,0.017095,2.354041,0.007326,-0.681318
142.152786,-0.007326,0.012211,2.354041,0.007326,-0.681318
142.152786,-0.021978,0.007326,2.354041,0.007326,-0.681318
142.152786,-0.021978,-0.002442,2.354041,0.007326,-0.681318
142.152786,-0.021978,-0.002442,2.354041,0.021978,-0.676435
142.152786,-0.007326,-0.007326,2.354041,-0.007328,-0.676435
142.152786,-0.021978,-0.007326,2.354041,0.007326,-0.676435
142.152786,-0.021978,-0.007326,2.354041,0.007326,-0.671551
142.152786,-0.021978,-0.002442,2.354041,0.007326,-0.671551
142.152786,-0.007326,0.002442,2.354041,-0.007328,-0.671551
142.152786,-0.007326,0.012211,2.354041,0.007326,-0.676435
142.152786,0.007328,0.017095,2.354041,0.007326,-0.676435
142.152786,-0.007326,0.021978,2.354041,0.007326,-0.676435
142.152786,0.007328,0.031747,2.354041,0.007326,-0.676435
142.152786,-0.007326,0.031747,2.354041,0.021978,-0.681318
142.152786,-0.007326,0.036631,2.354041,0.007326,-0.676435
142.152786,0.007328,0.041514,2.354041,0.007326,-0.676435
142.152786,-0.007326,0.041514,2.354041,-0.007328,-0.676435
142.152786,-0.021978,0.041514,2.354041,0.007326,-0.681318
142.152786,-0.021978,0.036631,2.354041,0.007326,-0.686203
142.152786,-0.021978,0.036631,2.354041,0.007326,-0.681318
142.152786,-0.007326,0.036631,2.354041,0.007326,-0.681318
142.152786,-0.007326,0.031747,2.354041,0.007326,-0.686203
142.152786,-0.007326,0.031747,2.354041,0.021978,-0.686203
142.152786,0.007328,0.041514,2.354041,-0.007328,-0.686203
142.152786,0.021980,0.075703,2.354041,0.007326,-0.686203
142.153168,0.051285,0.119658,2.354041,-0.007328,-0.691087
142.153931,0.095240,0.163614,2.354041,0.021978,-0.695971
142.155075,0.197803,0.236875,2.354041,0.007326,-0.691087
142.156982,0.388281,0.300367,2.354041,0.007326,-0.691087
142.158508,0.388281,0.402931,2.354041,0.007326,-0.695971
142.160034,0.373629,0.461539,2.354041,0.007326,-0.695971
142.161560,0.373629,0.495728,2.354041,0.007326,-0.695971
142.163086,0.388281,0.476191,2.354041,0.007326,-0.695971
142.165756,0.505497,0.471307,2.354041,0.007326,-0.695971
142.169571,0.754581,0.525031,2.354041,0.007326,-0.695971
142.173767,0.959709,0.603175,2.354041,0.007326,-0.695971
142.178345,1.047621,0.652016,2.354041,0.007326,-0.695971
142.182922,1.106228,0.710623,2.354041,0.007326,-0.691087
142.189026,1.311357,0.739927,2.354041,0.007326,-0.691087
142.195892,1.545790,0.725275,2.354041,0.007326,-0.695971
142.203522,1.736265,0.735044,2.354041,0.021978,-0.695971
142.211151,1.853481,0.803419,2.354041,-0.007328,-0.691087
142.219543,2.000000,0.818071,2.354041,0.007326,-0.691087
142.228699,2.175827,0.793652,2.354041,0.007326,-0.691087
142.238235,2.307693,0.778999,2.354041,0.021978,-0.686203
142.248917,2.512821,0.754580,2.354041,0.007326,-0.681318
142.260742,2.747253,0.715508,2.354041,0.007326,-0.676435
142.272186,2.849819,0.695971,2.354041,0.007326,-0.671551
142.284393,2.923080,0.671551,2.354041,0.007326,-0.666667
142.296600,2.996338,0.627595,2.354041,0.007326,-0.666667
142.309189,3.084251,0.559219,2.354041,0.007326,-0.661782
142.322159,3.186813,0.515263,2.354041,-0.007328,-0.661782
142.335510,3.260075,0.476191,2.354041,0.007326,-0.666667
142.348862,3.260075,0.481075,2.354041,0.007326,-0.666667
142.361832,3.304031,0.437119,2.354041,-0.007328,-0.661782
142.375565,3.347988,0.417583,2.354041,0.007326,-0.666667
142.389297,3.435898,0.378511,2.354041,-0.007328,-0.661782
142.403412,3.465202,0.354091,2.354041,0.007326,-0.666667
142.417145,3.479855,0.334555,2.354041,0.007326,-0.661782
142.431259,3.479855,0.319902,2.354041,0.007326,-0.661782
142.445374,3.494507,0.285715,2.354041,0.007326,-0.656898
142.459106,3.465202,0.261295,2.354041,-0.007328,-0.656898
142.472839,3.435898,0.246643,2.354041,-0.007328,-0.661782
142.486572,3.435898,0.227107,2.354041,0.007326,-0.661782
142.500305,3.435898,0.212455,2.354041,-0.007328,-0.661782
142.514038,3.421246,0.217339,2.354041,0.007326,-0.661782
142.527771,3.406593,0.231991,2.354041,0.007326,-0.661782
142.541122,3.362640,0.227107,2.354041,0.007326,-0.661782
142.554474,3.333336,0.231991,2.354041,0.007326,-0.666667
142.567825,3.333336,0.207571,2.354041,0.007326,-0.666667
142.581558,3.391945,0.227107,2.354041,0.007326,-0.666667
142.595291,3.421246,0.236875,2.354041,0.021978,-0.666667
142.608643,3.406593,0.236875,2.354041,0.007326,-0.661782
142.622757,3.435898,0.246643,2.354041,0.007326,-0.661782
142.636490,3.435898,0.261295,2.354041,-0.007328,-0.656898
142.649841,3.406593,0.256411,2.354041,0.007326,-0.666667
142.663956,3.421246,0.261295,2.354041,0.036631,-0.666667
142.678070,3.479855,0.275947,2.354041,0.021978,-0.661782
142.691803,3.479855,0.280830,2.354041,0.007326,-0.661782
142.706299,3.509159,0.261295,2.354041,0.007326,-0.666667
142.720032,3.479855,0.251527,2.354041,0.021978,-0.671551
142.734146,3.494507,0.246643,2.354041,0.007326,-0.666667
142.747879,3.465202,0.222223,2.354041,0.007326,-0.666667
142.761230,3.377293,0.183151,2.354041,0.007326,-0.661782
142.774200,3.274727,0.153847,2.354041,0.021978,-0.661782
142.786407,3.172161,0.124542,2.354041,0.007326,-0.661782
142.798615,3.084251,0.065935,2.354041,0.007326,-0.666667
142.811203,3.113556,0.002442,2.354041,0.007326,-0.661782
142.824173,3.172161,-0.061050,2.354041,0.007326,-0.656898
142.836761,3.172161,-0.153846,2.354041,0.007326,-0.652015
142.847443,2.893776,-0.256411,2.354041,0.007326,-0.647131
142.856598,2.542126,-0.368742,2.354041,0.007326,-0.647131
142.864990,2.293041,-0.456655,2.354041,0.007326,-0.642246
142.873383,2.146523,-0.549451,2.354041,-0.007328,-0.637362
142.881012,2.000000,-0.612943,2.354041,0.007326,-0.642246
142.887115,1.736265,-0.593407,2.354041,0.007326,-0.637362
142.892075,1.428574,-0.554335,2.354041,0.007326,-0.627595
142.896271,1.179489,-0.578754,2.354041,0.007326,-0.627595
142.899323,0.930405,-0.559218,2.354041,0.021978,-0.622710
142.902374,0.842493,-0.534799,2.354041,-0.007328,-0.617826
142.904282,0.622713,-0.476191,2.354041,0.007326,-0.622710
142.905045,0.388281,-0.412699,2.354041,0.007326,-0.622710
142.905045,0.139196,-0.339438,2.354041,0.007326,-0.622710
142.905045,0.036633,-0.300366,2.353660,-0.021980,-0.622710
142.904663,-0.007326,-0.266178,2.354041,0.007326,-0.627595
142.904282,-0.051283,-0.231990,2.354041,0.007326,-0.627595
142.904282,-0.051283,-0.168498,2.354041,0.007326,-0.627595
142.904282,-0.065933,-0.105006,2.354041,-0.007328,-0.632479
142.904282,-0.021978,-0.065934,2.354041,0.007326,-0.637362
142.904282,0.021980,-0.007326,2.354041,-0.007328,-0.642246
142.904282,-0.036631,0.065935,2.354041,0.007326,-0.647131
142.904282,-0.021978,0.129427,2.354041,0.021978,-0.642246
142.904663,0.036633,0.192919,2.354041,-0.007328,-0.642246
142.905045,0.065935,0.256411,2.354041,0.021978,-0.647131
142.905426,0.065935,0.280830,2.354041,0.007326,-0.647131
142.905807,0.080587,0.271063,2.354041,0.007326,-0.647131
142.906189,0.109892,0.256411,2.354041,0.007326,-0.647131
142.907333,0.183151,0.227107,2.354041,0.007326,-0.647131
142.908859,0.256413,0.192919,2.354041,-0.007328,-0.647131
142.910004,0.300367,0.188035,2.354041,0.021978,-0.647131
142.910767,0.212456,0.178267,2.354041,0.007326,-0.637362
142.911148,0.183151,0.144079,2.354041,-0.007328,-0.637362
142.912292,0.197803,0.105007,2.354041,0.021978,-0.642246
142.912674,0.124544,0.085470,2.354041,-0.007328,-0.637362
142.912292,0.021980,0.075703,2.354041,0.007326,-0.637362
142.912292,-0.036631,0.056167,2.354041,0.021978,-0.637362
142.912292,-0.007326,0.026863,2.354041,-0.007328,-0.632479
142.912292,0.021980,-0.002442,2.354041,0.021978,-0.637362
142.912292,-0.007326,-0.017094,2.354041,0.007326,-0.637362
142.912292,-0.021978,-0.031746,2.354041,0.007326,-0.632479
142.912292,-0.021978,-0.046398,2.354041,0.021978,-0.632479
142.911911,-0.036631,-0.056166,2.354041,0.007326,-0.632479
142.911530,-0.065933,-0.061050,2.354041,-0.007328,-0.627595
142.911530,-0.080585,-0.065934,2.354041,0.007326,-0.632479
142.911148,-0.095238,-0.065934,2.354041,0.007326,-0.632479
142.910767,-0.095238,-0.061050,2.354041,0.007326,-0.627595
142.910385,-0.109890,-0.051282,2.354041,0.021978,-0.632479
142.909622,-0.109890,-0.046398,2.354041,-0.007328,-0.622710
142.909241,-0.139194,-0.031746,2.354041,0.007326,-0.627595
142.908859,-0.124542,-0.031746,2.354041,0.007326,-0.627595
142.908859,-0.036631,-0.021978,2.354041,0.007326,-0.627595
142.908859,-0.021978,-0.007326,2.354041,0.007326,-0.627595
142.908859,0.007328,0.002442,2.353660,-0.007328,-0.627595
142.909241,0.007328,0.017095,2.354041,0.021978,-0.627595
142.909241,-0.007326,0.026863,2.354041,0.007326,-0.622710
142.909241,0.007328,0.036631,2.354041,0.007326,-0.617826
142.909241,0.007328,0.041514,2.354041,0.007326,-0.622710
142.909241,0.007328,0.046398,2.354041,0.007326,-0.622710
142.909241,-0.007326,0.046398,2.354041,-0.007328,-0.622710
142.909241,0.007328,0.051283,2.354041,0.021978,-0.627595
142.909241,0.007328,0.056167,2.354041,0.007326,-0.627595
142.909241,-0.007326,0.056167,2.354041,0.007326,-0.627595
142.909241,-0.007326,0.056167,2.354041,0.007326,-0.627595
142.909241,0.007328,0.056167,2.354041,0.007326,-0.627595
142.909241,0.007328,0.051283,2.354041,0.007326,-0.627595
142.909622,0.007328,0.051283,2.354041,0.007326,-0.627595
142.909622,0.007328,0.051283,2.354041,0.007326,-0.632479
142.909622,-0.007326,0.051283,2.354041,0.007326,-0.632479
142.909622,0.007328,0.046398,2.354041,0.007326,-0.637362
142.909622,-0.007326,0.041514,2.354041,-0.007328,-0.642246
142.909622,-0.007326,0.041514,2.354041,0.007326,-0.642246
142.909622,0.007328,0.036631,2.354041,-0.007328,-0.642246
142.909241,-0.036631,0.031747,2.354041,0.007326,-0.647131
142.909241,-0.021978,0.031747,2.354041,0.021978,-0.647131
142.909241,-0.007326,0.026863,2.354041,0.007326,-0.642246
142.909241,-0.007326,0.026863,2.354041,0.007326,-0.642246
142.909241,-0.007326,0.021978,2.354041,0.021978,-0.642246
142.909241,0.007328,0.021978,2.354041,-0.007328,-0.637362
142.909241,-0.007326,0.021978,2.354041,0.007326,-0.642246
142.909241,-0.021978,0.021978,2.354041,0.021978,-0.642246
142.909241,-0.007326,0.017095,2.354041,-0.007328,-0.637362
142.909241,-0.007326,0.017095,2.354041,0.007326,-0.642246
142.909241,0.007328,0.017095,2.354041,-0.007328,-0.642246
142.909241,-0.007326,0.012211,2.354041,0.007326,-0.642246
142.909241,-0.007326,0.012211,2.354041,0.021978,-0.637362
142.909241,-0.007326,0.007326,2.354041,0.007326,-0.627595
142.909241,-0.007326,0.002442,2.354041,0.007326,-0.627595
142.909241,-0.021978,0.002442,2.354041,0.007326,-0.627595
142.909241,-0.007326,0.002442,2.354041,0.007326,-0.627595
142.909241,-0.007326,0.007326,2.354041,0.007326,-0.627595
142.909241,-0.007326,0.007326,2.354041,0.007326,-0.632479
142.909241,-0.021978,0.012211,2.354041,0.021978,-0.627595
142.909241,0.007328,0.017095,2.354041,0.007326,-0.627595
142.909241,-0.007326,0.021978,2.354041,-0.007328,-0.622710
142.909241,-0.007326,0.026863,2.354041,0.007326,-0.627595
142.909241,-0.007326,0.031747,2.354041,0.007326,-0.627595
142.909241,-0.007326,0.041514,2.354041,0.021978,-0.627595
142.909241,-0.007326,0.041514,2.354041,0.007326,-0.622710
142.909241,0.007328,0.046398,2.354041,0.007326,-0.622710
142.909241,-0.007326,0.051283,2.354041,-0.007328,-0.622710
142.909241,0.007328,0.051283,2.354041,0.007326,-0.627595
142.909241,-0.007326,0.056167,2.354041,0.007326,-0.627595
142.909241,-0.021978,0.056167,2.354041,-0.007328,-0.622710
142.909241,0.007328,0.051283,2.354041,0.007326,-0.622710
142.909241,-0.007326,0.051283,2.354041,-0.007328,-0.617826
142.909241,-0.007326,0.051283,2.354041,0.021978,-0.627595
142.909241,-0.007326,0.046398,2.354041,0.007326,-0.627595
142.909241,-0.007326,0.041514,2.354041,0.007326,-0.622710
142.909241,0.007328,0.041514,2.354041,-0.007328,-0.622710
142.909241,-0.007326,0.036631,2.354041,-0.007328,-0.627595
142.909241,-0.007326,0.031747,2.354041,0.021978,-0.632479
142.909241,-0.007326,0.026863,2.354041,-0.007328,-0.627595
142.909241,-0.021978,0.026863,2.354041,0.007326,-0.632479
142.909241,-0.021978,0.021978,2.354041,0.007326,-0.632479
142.909241,-0.021978,0.021978,2.354041,0.007326,-0.632479
142.909241,-0.007326,0.026863,2.354041,0.007326,-0.632479
142.909241,0.007328,0.051283,2.354041,0.021978,-0.637362
142.909622,0.036633,0.090355,2.354041,0.007326,-0.637362
142.910004,0.051285,0.129427,2.354041,0.007326,-0.637362
142.910767,0.139196,0.202686,2.354041,-0.007328,-0.637362
142.912674,0.358976,0.241758,2.354041,0.007326,-0.642246
142.915344,0.490845,0.349207,2.354041,0.007326,-0.642246
142.916870,0.476192,0.446887,2.354041,0.007326,-0.642246
142.918396,0.388281,0.495728,2.354041,0.007326,-0.642246
142.920303,0.432236,0.481075,2.354041,0.007326,-0.642246
142.922211,0.461540,0.495728,2.354041,0.021978,-0.642246
142.925262,0.652016,0.559219,2.354041,0.007326,-0.637362
142.929840,0.915752,0.598291,2.354041,0.007326,-0.637362
142.934418,1.047621,0.666667,2.354041,0.007326,-0.637362
142.938995,1.076925,0.725275,2.354041,0.021978,-0.637362
142.944336,1.238096,0.769232,2.354041,0.007326,-0.627595
142.950821,1.457878,0.754580,2.354041,-0.007328,-0.627595
142.958069,1.692310,0.754580,2.354041,0.021978,-0.632479
142.966080,1.838829,0.813188,2.354041,0.007326,-0.627595
142.974472,1.970697,0.832724,2.354041,0.021978,-0.622710
142.982864,2.087914,0.818071,2.354041,-0.007328,-0.622710
142.992401,2.234432,0.798535,2.354041,0.007326,-0.617826
143.002319,2.395607,0.774116,2.354041,0.007326,-0.612943
143.013763,2.615387,0.720391,2.354041,0.007326,-0.617826
143.025208,2.761906,0.686203,2.354041,0.007326,-0.612943
143.036270,2.820515,0.671551,2.354041,0.007326,-0.612943
143.048477,2.908428,0.642247,2.354041,0.007326,-0.612943
143.060684,2.967033,0.564103,2.354041,0.007326,-0.608059
143.072891,3.040295,0.510379,2.354041,0.021978,-0.608059
143.085480,3.128208,0.461539,2.354041,0.007326,-0.603174
143.098831,3.230770,0.432235,2.354041,-0.007328,-0.603174
143.112183,3.260075,0.422467,2.354041,0.007326,-0.608059
143.125916,3.347988,0.407815,2.354041,0.007326,-0.603174
143.139267,3.377293,0.393163,2.354041,0.021978,-0.603174
143.153381,3.435898,0.378511,2.354041,0.021978,-0.598290
143.167114,3.450550,0.363859,2.354041,0.007326,-0.593407
143.180847,3.435898,0.349207,2.353660,-0.007328,-0.598290
143.194580,3.435898,0.329671,2.353660,-0.007328,-0.598290
143.208313,3.421246,0.319902,2.354041,-0.007328,-0.603174
143.222046,3.450550,0.290599,2.354041,0.021978,-0.603174
143.235779,3.435898,0.280830,2.354041,0.007326,-0.598290
143.249893,3.465202,0.261295,2.353660,-0.007328,-0.593407
143.263626,3.479855,0.251527,2.354041,0.007326,-0.598290
143.277740,3.465202,0.246643,2.354041,0.021978,-0.593407
143.291473,3.479855,0.246643,2.354041,0.007326,-0.588523
143.305588,3.509159,0.236875,2.354041,0.007326,-0.593407
143.319702,3.494507,0.227107,2.354041,0.021978,-0.593407
143.333817,3.509159,0.212455,2.354041,0.007326,-0.593407
143.347931,3.509159,0.222223,2.353660,-0.007328,-0.598290
143.362427,3.538464,0.222223,2.353660,0.007326,-0.603174
143.376923,3.567768,0.207571,2.353660,0.007326,-0.598290
143.391037,3.582420,0.202686,2.353660,0.007326,-0.598290
143.405533,3.553116,0.212455,2.353660,0.021978,-0.598290
143.419266,3.538464,0.222223,2.353660,0.007326,-0.598290
143.433762,3.538464,0.236875,2.354041,0.021978,-0.598290
143.447876,3.567768,0.246643,2.354041,0.007326,-0.598290
143.462372,3.582420,0.236875,2.353660,0.007326,-0.598290
143.476105,3.538464,0.236875,2.353660,0.007326,-0.598290
143.490601,3.553116,0.241758,2.354041,0.021978,-0.598290
143.504715,3.509159,0.246643,2.353660,0.007326,-0.593407
143.518448,3.509159,0.231991,2.354041,0.021978,-0.598290
143.532944,3.509159,0.217339,2.354041,0.007326,-0.588523
143.547058,3.538464,0.217339,2.353660,0.007326,-0.588523
143.561172,3.538464,0.222223,2.353660,0.007326,-0.588523
143.575287,3.523811,0.231991,2.353660,-0.007328,-0.588523
143.589020,3.465202,0.217339,2.354041,0.021978,-0.593407
143.602753,3.465202,0.207571,2.354041,0.007326,-0.588523
143.616486,3.465202,0.212455,2.353660,0.007326,-0.583638
143.630600,3.465202,0.212455,2.353660,0.007326,-0.583638
143.644333,3.465202,0.207571,2.353660,-0.007328,-0.583638
143.658066,3.450550,0.202686,2.353660,0.007326,-0.583638
143.671417,3.377293,0.168499,2.353660,-0.007328,-0.583638
143.684387,3.245422,0.158731,2.353660,0.007326,-0.578754
143.696594,3.128208,0.124542,2.353660,-0.007328,-0.573871
143.707275,2.937729,0.085470,2.353660,0.021978,-0.573871
143.717957,2.761906,0.036631,2.353660,0.007326,-0.573871
143.729401,2.805862,-0.021978,2.353660,-0.007328,-0.568987
143.741608,2.893776,-0.134310,2.353660,0.007326,-0.573871
143.751907,2.732601,-0.236875,2.353660,0.021978,-0.578754
143.760681,2.424911,-0.315019,2.353660,0.021978,-0.568987
143.768692,2.190479,-0.412699,2.353660,-0.007328,-0.564102
143.776321,2.014652,-0.510379,2.353660,0.007326,-0.568987
143.783188,1.809525,-0.549451,2.353660,0.007326,-0.564102
143.789291,1.648354,-0.559218,2.353660,0.007326,-0.564102
143.795013,1.501833,-0.559218,2.353660,0.021978,-0.564102
143.799210,1.223446,-0.525030,2.353660,-0.007328,-0.564102
143.801880,0.930405,-0.476191,2.353660,0.007326,-0.564102
143.804550,0.725277,-0.432235,2.353660,0.021978,-0.564102
143.805695,0.490845,-0.446886,2.353660,-0.007328,-0.564102
143.806458,0.344324,-0.432235,2.353660,0.021978,-0.564102
143.806458,0.139196,-0.373627,2.353660,0.007326,-0.559218
143.806458,0.007328,-0.339438,2.353660,0.021978,-0.559218
143.805695,-0.095238,-0.305250,2.353660,0.007326,-0.559218
143.804932,-0.153847,-0.251526,2.353660,-0.007328,-0.559218
143.804169,-0.168499,-0.178267,2.353660,0.007326,-0.568987
143.803024,-0.256411,-0.124542,2.353660,0.021978,-0.564102
143.801880,-0.315018,-0.080586,2.353660,0.021978,-0.559218
143.801117,-0.212454,-0.056166,2.353660,0.021978,-0.559218
143.801117,-0.080585,-0.017094,2.353660,0.007326,-0.564102
143.801880,0.080587,0.021978,2.353660,0.007326,-0.564102
143.802643,0.153849,0.095239,2.353660,0.007326,-0.568987
143.803024,0.109892,0.222223,2.353660,-0.007328,-0.573871
143.803024,0.007328,0.280830,2.353660,0.007326,-0.578754
143.802261,-0.051283,0.275947,2.353660,-0.007328,-0.573871
143.802643,-0.021978,0.261295,2.353660,0.007326,-0.578754
143.803024,0.036633,0.266179,2.353660,0.007326,-0.573871
143.803406,0.065935,0.271063,2.353660,0.021978,-0.568987
143.803787,0.065935,0.266179,2.353660,0.007326,-0.573871
143.804169,0.124544,0.251527,2.353660,0.021978,-0.573871
143.804932,0.153849,0.222223,2.353660,-0.007328,-0.573871
143.806076,0.197803,0.202686,2.353660,0.007326,-0.573871
143.806458,0.183151,0.192919,2.353660,-0.007328,-0.573871
143.806839,0.109892,0.173383,2.353660,0.007326,-0.573871
143.806458,0.021980,0.148963,2.353660,0.007326,-0.573871
143.806458,-0.036631,0.119658,2.353660,0.007326,-0.568987
143.806076,-0.036631,0.090355,2.353660,0.007326,-0.573871
143.806076,-0.036631,0.070819,2.353660,0.007326,-0.573871
143.806076,-0.007326,0.056167,2.353660,0.007326,-0.568987
143.806076,-0.021978,0.051283,2.353660,0.021978,-0.568987
143.806076,-0.007326,0.041514,2.353660,-0.007328,-0.564102
143.806076,-0.007326,0.036631,2.353660,0.007326,-0.564102
143.806076,-0.021978,0.031747,2.353660,0.007326,-0.568987
143.806076,-0.007326,0.026863,2.353660,0.007326,-0.568987
143.806076,-0.021978,0.026863,2.353660,0.007326,-0.568987
143.806076,-0.007326,0.031747,2.353660,0.007326,-0.568987
143.806076,0.007328,0.036631,2.353660,0.021978,-0.564102
143.806076,-0.036631,0.041514,2.353660,0.007326,-0.564102
143.805695,-0.021978,0.051283,2.353660,0.007326,-0.568987
143.805695,-0.021978,0.061050,2.353660,0.021978,-0.568987
143.805695,-0.007326,0.065935,2.353660,0.021978,-0.564102
143.805695,0.007328,0.080586,2.353660,0.007326,-0.559218
143.805695,-0.007326,0.090355,2.353660,0.007326,-0.559218
143.806076,0.036633,0.095239,2.353660,0.007326,-0.568987
143.806076,0.021980,0.105007,2.353660,0.021978,-0.568987
143.806458,0.021980,0.109891,2.353660,0.007326,-0.564102
143.806458,0.021980,0.114775,2.353660,0.007326,-0.568987
143.806458,-0.021978,0.114775,2.353660,0.007326,-0.568987
143.806076,-0.021978,0.100122,2.353660,0.007326,-0.568987
143.806458,-0.007326,0.095239,2.353660,0.007326,-0.568987
143.806076,-0.021978,0.085470,2.353660,0.007326,-0.568987
143.806076,-0.036631,0.075703,2.353660,0.007326,-0.564102
143.806076,-0.007326,0.070819,2.353660,0.007326,-0.564102
143.806076,-0.021978,0.061050,2.353660,0.007326,-0.564102
143.806076,0.007328,0.061050,2.353660,0.007326,-0.564102
143.806076,0.007328,0.056167,2.353660,0.007326,-0.568987
143.806076,-0.007326,0.056167,2.353660,0.007326,-0.568987
143.806076,-0.007326,0.056167,2.353660,-0.007328,-0.568987
143.806076,-0.021978,0.056167,2.353660,0.007326,-0.568987
143.806076,0.007328,0.056167,2.353660,0.007326,-0.568987
143.806076,-0.007326,0.056167,2.353660,0.007326,-0.564102
143.806076,0.007328,0.061050,2.353660,0.021978,-0.564102
143.806076,-0.021978,0.065935,2.353660,-0.007328,-0.564102
143.806076,-0.007326,0.070819,2.353660,0.007326,-0.568987
143.806076,-0.007326,0.070819,2.353660,0.007326,-0.568987
143.806076,0.007328,0.070819,2.353660,-0.007328,-0.568987
143.806076,-0.007326,0.075703,2.353660,-0.007328,-0.573871
143.806076,-0.021978,0.075703,2.353660,0.007326,-0.573871
143.806076,-0.021978,0.075703,2.353660,0.007326,-0.568987
143.806076,-0.007326,0.070819,2.353660,0.007326,-0.568987
143.806076,-0.007326,0.070819,2.353660,0.021978,-0.568987
143.806076,-0.007326,0.070819,2.353660,0.007326,-0.568987
143.806076,0.007328,0.065935,2.353660,0.021978,-0.564102
143.806076,-0.007326,0.065935,2.353660,0.007326,-0.559218
143.806076,-0.007326,0.065935,2.353660,0.021978,-0.568987
143.806076,-0.021978,0.065935,2.353660,-0.007328,-0.564102
143.806076,-0.021978,0.065935,2.353660,0.007326,-0.568987
143.806076,-0.007326,0.061050,2.353660,0.007326,-0.568987
143.806076,-0.021978,0.061050,2.353660,0.007326,-0.568987
143.806076,-0.021978,0.061050,2.353660,0.021978,-0.568987
143.806076,-0.007326,0.065935,2.353660,-0.007328,-0.564102
143.806076,-0.007326,0.065935,2.353660,0.007326,-0.568987
143.806076,-0.021978,0.065935,2.353660,0.007326,-0.564102
143.806076,-0.021978,0.070819,2.353660,0.007326,-0.564102
143.806076,-0.021978,0.080586,2.353660,0.007326,-0.564102
143.806076,-0.021978,0.085470,2.353660,0.007326,-0.568987
143.806076,-0.007326,0.090355,2.353660,0.007326,-0.568987
143.806076,-0.021978,0.095239,2.353660,0.007326,-0.568987
143.806076,0.007328,0.105007,2.353660,-0.007328,-0.564102
143.806076,0.007328,0.109891,2.353660,0.007326,-0.568987
143.806076,0.007328,0.114775,2.353660,0.007326,-0.568987
143.806076,0.007328,0.114775,2.353660,0.021978,-0.568987
143.806458,0.007328,0.119658,2.353660,-0.007328,-0.564102
143.806076,-0.007326,0.119658,2.353660,0.007326,-0.564102
143.806076,-0.021978,0.114775,2.353660,0.007326,-0.568987
143.806076,-0.007326,0.109891,2.353660,0.007326,-0.568987
143.806076,-0.007326,0.105007,2.353660,0.007326,-0.568987
143.806076,-0.021978,0.095239,2.353660,0.007326,-0.564102
143.806076,-0.021978,0.085470,2.353660,0.007326,-0.564102
143.806076,-0.021978,0.080586,2.353660,0.007326,-0.559218
143.806076,-0.007326,0.080586,2.353660,-0.007328,-0.564102
143.806076,-0.021978,0.070819,2.353660,0.007326,-0.568987
143.806076,-0.007326,0.070819,2.353660,0.021978,-0.568987
143.806076,-0.021978,0.070819,2.353660,-0.007328,-0.568987
143.806076,-0.007326,0.095239,2.353660,0.007326,-0.568987
143.806458,0.021980,0.124542,2.353660,0.021978,-0.568987
143.806458,0.036633,0.148963,2.353660,0.007326,-0.564102
143.806839,0.051285,0.202686,2.353660,-0.007328,-0.573871
143.807602,0.153849,0.246643,2.353660,0.007326,-0.578754
143.809891,0.329672,0.290599,2.353660,-0.007328,-0.573871
143.811417,0.373629,0.373627,2.353660,0.007326,-0.573871
143.812561,0.300367,0.476191,2.353660,0.007326,-0.573871
143.814468,0.446888,0.539683,2.353660,0.007326,-0.573871
143.817139,0.578756,0.559219,2.353660,0.021978,-0.573871
143.820572,0.739929,0.598291,2.353660,0.021978,-0.573871
143.824768,0.886448,0.652016,2.353660,-0.007328,-0.568987
143.828964,0.959709,0.681319,2.353660,0.007326,-0.568987
143.833160,1.032969,0.676435,2.353660,-0.007328,-0.568987
143.838501,1.179489,0.720391,2.354041,0.021978,-0.568987
143.844986,1.472528,0.749695,2.353660,-0.007328,-0.564102
143.852615,1.692310,0.769232,2.353660,0.007326,-0.564102
143.859863,1.780222,0.808304,2.353660,0.007326,-0.568987
143.867874,1.941393,0.818071,2.353660,0.021978,-0.568987
143.877029,2.117218,0.793652,2.353660,0.021978,-0.568987
143.886185,2.234432,0.769232,2.353660,0.021978,-0.564102
143.896103,2.351650,0.749695,2.353660,0.007326,-0.559218
143.906403,2.512821,0.715508,2.353660,0.007326,-0.564102
143.917465,2.630039,0.681319,2.353660,0.007326,-0.559218
143.928528,2.717949,0.637363,2.353660,-0.007328,-0.554335
143.940353,2.835167,0.612944,2.353660,0.007326,-0.559218
143.952560,2.937729,0.554335,2.353660,-0.007328,-0.554335
143.964767,2.996338,0.520147,2.353660,0.021978,-0.559218
143.976974,3.069599,0.481075,2.353660,0.007326,-0.549451
143.989944,3.113556,0.461539,2.353660,0.007326,-0.544566
144.002533,3.172161,0.432235,2.353660,0.007326,-0.544566
144.015884,3.260075,0.427351,2.353660,-0.007328,-0.549451
144.029617,3.333336,0.412699,2.353660,-0.007328,-0.549451
144.043350,3.377293,0.427351,2.353660,-0.007328,-0.554335
144.053268,3.406593,0.422467,2.353660,0.007326,-0.554335
144.071198,3.479855,0.388279,2.353660,0.007326,-0.554335
144.085312,3.479855,0.373627,2.353660,0.007326,-0.549451
144.099045,3.494507,0.363859,2.353660,0.021978,-0.549451
144.113159,3.479855,0.324787,2.353660,-0.007328,-0.544566
144.127274,3.538464,0.290599,2.353660,0.007326,-0.549451
144.141769,3.567768,0.261295,2.353660,0.007326,-0.549451
144.155884,3.553116,0.261295,2.353660,0.007326,-0.549451
144.169998,3.553116,0.246643,2.353660,0.007326,-0.549451
144.184494,3.538464,0.212455,2.353660,0.021978,-0.544566
144.198608,3.523811,0.192919,2.353660,-0.007328,-0.539682
144.212341,3.479855,0.192919,2.353660,0.007326,-0.539682
144.226074,3.421246,0.197803,2.353660,0.007326,-0.539682
144.239044,3.347988,0.183151,2.353660,0.007326,-0.544566
144.252777,3.333336,0.173383,2.353660,0.007326,-0.539682
144.266129,3.377293,0.148963,2.353660,0.021978,-0.539682
144.280243,3.450550,0.139194,2.353660,0.007326,-0.534799
144.294357,3.479855,0.163614,2.353660,0.007326,-0.529915
144.308090,3.479855,0.183151,2.353660,-0.007328,-0.534799
144.321823,3.377293,0.153847,2.353660,0.007326,-0.534799
144.334030,3.274727,0.148963,2.353660,0.021978,-0.529915
144.346619,3.157509,0.124542,2.353660,-0.007328,-0.525030
144.359207,3.172161,0.075703,2.353660,0.036631,-0.525030
144.371414,3.113556,0.036631,2.353660,-0.007328,-0.520146
144.383621,3.040295,0.012211,2.353660,0.007326,-0.520146
144.395065,2.937729,-0.046398,2.353660,0.007326,-0.525030
144.405365,2.732601,-0.178267,2.353660,0.007326,-0.525030
144.414520,2.468864,-0.295483,2.353660,-0.007328,-0.525030
144.422913,2.278389,-0.412699,2.353660,-0.007328,-0.525030
144.431305,2.131870,-0.490843,2.353660,-0.007328,-0.529915
144.438171,1.926743,-0.525030,2.353660,0.007326,-0.529915
144.444656,1.721613,-0.544566,2.353660,0.007326,-0.529915
144.450378,1.589745,-0.568987,2.353660,0.007326,-0.525030
144.454956,1.267401,-0.549451,2.353660,0.007326,-0.525030
144.458008,0.959709,-0.534799,2.353660,0.007326,-0.525030
144.459915,0.725277,-0.485958,2.353660,0.007326,-0.529915
144.462204,0.593409,-0.476191,2.353660,0.021978,-0.525030
144.463348,0.417583,-0.442002,2.353660,0.007326,-0.520146
144.464493,0.358976,-0.393163,2.353660,0.007326,-0.520146
144.464493,0.153849,-0.319902,2.353660,0.007326,-0.525030
144.464111,-0.036631,-0.290598,2.353660,0.007326,-0.525030
144.463348,-0.124542,-0.266178,2.353660,0.007326,-0.525030
144.462967,-0.095238,-0.207570,2.353660,0.007326,-0.529915
144.462967,-0.080585,-0.158731,2.353278,-0.007328,-0.529915
144.462585,-0.051283,-0.109890,2.353660,0.007326,-0.534799
144.462967,0.021980,-0.061050,2.353660,0.021978,-0.544566
144.463730,0.095240,-0.002442,2.353660,0.021978,-0.544566
144.463730,0.065935,0.070819,2.353660,0.007326,-0.549451
144.463730,0.007328,0.144079,2.353660,0.007326,-0.549451
144.464111,0.036633,0.202686,2.353660,-0.007328,-0.544566
144.464493,0.036633,0.222223,2.353660,0.007326,-0.549451
144.464493,0.036633,0.222223,2.353660,0.007326,-0.544566
144.464874,0.065935,0.207571,2.353660,0.021978,-0.544566
144.465256,0.109892,0.197803,2.353660,0.007326,-0.539682
144.466400,0.168499,0.178267,2.353660,0.007326,-0.529915
144.467545,0.241760,0.148963,2.353660,0.007326,-0.525030
144.468689,0.256413,0.139194,2.353660,0.007326,-0.525030
144.469070,0.197803,0.134311,2.353660,-0.007328,-0.525030
144.469452,0.109892,0.109891,2.353660,0.021978,-0.525030
144.469833,0.095240,0.080586,2.353660,0.021978,-0.525030
144.470596,0.153849,0.051283,2.353660,0.007326,-0.520146
144.471741,0.241760,0.026863,2.353660,-0.007328,-0.520146
144.472122,0.139196,0.021978,2.353660,0.007326,-0.520146
144.472122,0.036633,0.012211,2.353660,0.007326,-0.520146
144.472122,0.007328,-0.007326,2.353660,0.007326,-0.520146
144.472122,0.007328,-0.021978,2.353660,-0.007328,-0.515263
144.472122,-0.007326,-0.031746,2.353660,0.007326,-0.525030
144.472122,-0.021978,-0.041514,2.353660,0.007326,-0.520146
144.472122,-0.021978,-0.046398,2.353660,0.007326,-0.520146
144.472122,-0.007326,-0.056166,2.353660,0.007326,-0.515263
144.471741,-0.021978,-0.061050,2.353660,0.007326,-0.520146
144.471741,-0.007326,-0.065934,2.353660,0.007326,-0.520146
144.472122,0.007328,-0.065934,2.353660,0.007326,-0.520146
144.471741,-0.021978,-0.065934,2.353660,-0.007328,-0.515263
144.471741,-0.007326,-0.065934,2.353660,0.007326,-0.520146
144.471741,-0.007326,-0.061050,2.353660,0.021978,-0.520146
144.471741,-0.007326,-0.056166,2.353660,0.007326,-0.515263
144.471741,-0.007326,-0.056166,2.353660,0.007326,-0.520146
144.471741,-0.007326,-0.051282,2.353660,0.007326,-0.520146
144.471741,-0.007326,-0.051282,2.353660,0.007326,-0.525030
144.472122,-0.007326,-0.046398,2.353660,0.007326,-0.529915
144.472122,-0.007326,-0.046398,2.353660,0.021978,-0.529915
144.471741,-0.007326,-0.041514,2.353660,0.021978,-0.529915
144.472122,0.007328,-0.041514,2.353660,0.007326,-0.529915
144.472122,-0.007326,-0.041514,2.353278,-0.007328,-0.534799
144.471741,-0.007326,-0.036630,2.353660,0.021978,-0.539682
144.471741,-0.007326,-0.036630,2.353660,0.007326,-0.534799
144.472122,0.007328,-0.036630,2.353660,0.007326,-0.534799
144.471741,-0.007326,-0.036630,2.353660,0.021978,-0.544566
144.471741,-0.007326,-0.031746,2.353660,0.021978,-0.534799
144.471741,-0.021978,-0.026862,2.353660,-0.007328,-0.534799
144.471741,-0.021978,-0.021978,2.353660,0.021978,-0.539682
144.471741,-0.021978,-0.021978,2.353660,0.007326,-0.534799
144.471741,-0.007326,-0.012210,2.353660,-0.007328,-0.534799
144.471741,-0.021978,-0.007326,2.353660,0.007326,-0.534799
144.471741,-0.007326,0.002442,2.353660,0.021978,-0.534799
144.472122,0.007328,0.012211,2.353660,0.007326,-0.534799
144.472122,-0.007326,0.017095,2.353660,0.007326,-0.534799
144.471741,-0.007326,0.017095,2.353660,0.007326,-0.529915
144.472122,-0.007326,0.017095,2.353660,0.007326,-0.529915
144.472122,0.007328,0.017095,2.353660,0.007326,-0.529915
144.472122,-0.007326,0.012211,2.353660,0.007326,-0.529915
144.472122,0.007328,0.002442,2.353660,0.007326,-0.529915
144.472122,0.007328,-0.007326,2.353660,-0.007328,-0.525030
144.472122,-0.007326,-0.012210,2.353660,0.007326,-0.525030
144.472122,-0.007326,-0.017094,2.353660,0.007326,-0.525030
144.472122,-0.007326,-0.026862,2.353660,0.007326,-0.520146
144.472122,-0.007326,-0.031746,2.353660,-0.007328,-0.525030
144.471741,-0.021978,-0.036630,2.353660,0.007326,-0.525030
144.471741,-0.007326,-0.036630,2.353660,0.007326,-0.525030
144.471741,-0.021978,-0.041514,2.353278,-0.021980,-0.520146
144.472122,0.007328,-0.041514,2.353660,0.021978,-0.529915
144.472122,-0.007326,-0.041514,2.353660,0.021978,-0.525030
144.472122,-0.021978,-0.041514,2.353660,0.007326,-0.525030
144.471741,-0.007326,-0.041514,2.353660,0.021978,-0.525030
144.472122,-0.007326,-0.041514,2.353660,0.007326,-0.525030
144.472122,-0.007326,-0.036630,2.353660,0.007326,-0.525030
144.472122,-0.007326,-0.036630,2.353660,0.007326,-0.529915
144.472122,0.007328,-0.036630,2.353660,0.007326,-0.525030
144.472122,-0.007326,-0.036630,2.353660,-0.007328,-0.520146
144.472122,-0.007326,-0.036630,2.353660,0.021978,-0.525030
144.471741,-0.021978,-0.036630,2.353660,0.007326,-0.525030
144.472122,-0.007326,-0.031746,2.353660,0.021978,-0.525030
144.472122,-0.007326,-0.031746,2.353660,0.007326,-0.520146
144.471741,-0.007326,-0.026862,2.353660,0.007326,-0.525030
144.471741,-0.021978,-0.021978,2.353660,0.007326,-0.520146
144.471741,-0.007326,-0.017094,2.353660,-0.007328,-0.525030
144.472122,-0.007326,-0.012210,2.353660,0.007326,-0.529915
144.471741,-0.007326,-0.007326,2.353660,0.007326,-0.525030
144.472122,0.007328,-0.002442,2.353660,-0.007328,-0.525030
144.472122,-0.007326,0.002442,2.353660,0.007326,-0.529915
144.472122,0.007328,0.002442,2.353660,0.007326,-0.534799
144.472122,-0.007326,0.002442,2.353660,0.021978,-0.534799
144.472122,-0.007326,0.002442,2.353660,0.007326,-0.529915
144.471741,-0.007326,-0.002442,2.353660,0.007326,-0.525030
144.472122,0.007328,-0.007326,2.353660,0.007326,-0.525030
144.471741,-0.021978,-0.012210,2.353660,0.007326,-0.529915
144.471741,-0.021978,-0.012210,2.353660,0.007326,-0.529915
144.472122,0.007328,-0.017094,2.353660,0.007326,-0.534799
144.471741,-0.007326,-0.017094,2.353660,0.021978,-0.534799
144.471741,-0.007326,-0.017094,2.353660,-0.007328,-0.529915
144.472122,-0.021978,-0.021978,2.353660,0.007326,-0.529915
144.472122,-0.007326,-0.021978,2.353660,0.007326,-0.529915
144.471741,-0.007326,-0.021978,2.353660,-0.007328,-0.529915
144.472122,-0.007326,-0.021978,2.353660,0.007326,-0.534799
144.472122,-0.007326,-0.021978,2.353660,0.007326,-0.534799
144.471741,-0.007326,-0.021978,2.353660,0.021978,-0.534799
144.472122,-0.007326,-0.021978,2.353660,-0.007328,-0.529915
144.472122,-0.007326,-0.026862,2.353660,0.007326,-0.529915
144.472122,-0.007326,-0.021978,2.353660,-0.007328,-0.534799
144.472122,-0.007326,-0.026862,2.353660,0.007326,-0.534799
144.472122,0.007328,-0.026862,2.353660,0.007326,-0.529915
144.472122,-0.007326,-0.026862,2.353660,0.007326,-0.529915
144.471741,-0.021978,-0.031746,2.353660,0.007326,-0.525030
144.472122,0.007328,-0.031746,2.353660,0.021978,-0.525030
144.472122,-0.007326,-0.031746,2.353660,0.021978,-0.525030
144.471741,-0.007326,-0.031746,2.353660,0.007326,-0.520146
144.471741,-0.021978,-0.031746,2.353660,0.007326,-0.525030
144.472122,-0.007326,-0.031746,2.353660,0.021978,-0.529915
144.472122,-0.007326,-0.031746,2.353660,0.021978,-0.525030
144.471741,-0.007326,-0.026862,2.353660,0.007326,-0.520146
144.472122,0.007328,-0.021978,2.353660,0.007326,-0.520146
144.472122,-0.007326,-0.021978,2.353660,0.007326,-0.525030
144.471741,-0.021978,-0.017094,2.353660,0.021978,-0.525030
144.472122,0.007328,-0.017094,2.353660,0.007326,-0.520146
144.472122,-0.007326,-0.012210,2.353660,0.007326,-0.520146
144.472122,-0.007326,-0.012210,2.353660,0.021978,-0.525030
144.472122,-0.007326,-0.012210,2.353660,0.007326,-0.520146
144.471741,-0.021978,-0.012210,2.353660,0.007326,-0.520146
144.472122,-0.007326,-0.012210,2.353660,-0.007328,-0.520146
144.472122,0.007328,-0.017094,2.353660,0.007326,-0.525030
144.472122,-0.007326,-0.012210,2.353660,0.021978,-0.525030
144.472122,-0.007326,-0.012210,2.353660,0.021978,-0.520146
144.472122,0.007328,-0.017094,2.353660,0.007326,-0.515263
144.471741,-0.007326,-0.017094,2.353660,0.007326,-0.515263
144.472122,0.007328,-0.017094,2.353660,0.007326,-0.520146
144.472122,0.007328,-0.017094,2.353660,0.007326,-0.520146
144.472122,-0.007326,-0.017094,2.353660,-0.007328,-0.525030
144.471741,-0.007326,-0.017094,2.353660,0.007326,-0.534799
144.472122,-0.007326,-0.021978,2.353660,0.007326,-0.534799
144.472122,-0.021978,-0.026862,2.353660,0.007326,-0.529915
144.472122,0.007328,-0.026862,2.353660,-0.007328,-0.529915
144.472122,-0.007326,-0.031746,2.353660,0.021978,-0.534799
144.471741,-0.021978,-0.031746,2.353660,0.007326,-0.529915
144.471741,-0.021978,-0.031746,2.353660,-0.007328,-0.534799
144.472122,-0.007326,-0.031746,2.353660,0.007326,-0.534799
144.471741,-0.007326,-0.031746,2.353660,0.021978,-0.534799
144.471741,-0.007326,-0.031746,2.353660,-0.007328,-0.529915
144.471741,-0.007326,-0.031746,2.353660,0.007326,-0.534799
144.472122,0.007328,-0.031746,2.353660,0.007326,-0.534799
144.472122,-0.007326,-0.026862,2.353660,0.007326,-0.534799
144.472122,-0.007326,-0.026862,2.353660,0.021978,-0.534799
144.472122,-0.007326,-0.021978,2.353660,0.007326,-0.529915
144.471741,-0.007326,-0.017094,2.353660,0.021978,-0.529915
144.472122,-0.007326,-0.017094,2.353660,0.007326,-0.525030
144.472122,0.007328,-0.012210,2.353660,0.021978,-0.525030
144.472122,-0.007326,-0.012210,2.353660,-0.007328,-0.525030
144.471741,-0.007326,-0.012210,2.353660,0.007326,-0.525030
144.472122,-0.007326,-0.012210,2.353660,0.007326,-0.525030
144.472122,-0.007326,-0.012210,2.353660,0.007326,-0.525030
144.472122,-0.007326,-0.007326,2.353660,0.007326,-0.520146
144.472122,-0.007326,-0.007326,2.353660,0.021978,-0.520146
144.471741,-0.007326,-0.012210,2.353660,0.021978,-0.520146
144.472122,0.007328,-0.012210,2.353660,0.021978,-0.520146
144.472122,0.007328,0.021978,2.353660,0.007326,-0.515263
144.472504,0.021980,0.080586,2.353660,0.021978,-0.515263
144.472504,0.051285,0.148963,2.353660,0.007326,-0.515263
144.473267,0.124544,0.236875,2.353660,0.007326,-0.520146
144.474792,0.256413,0.334555,2.353660,-0.007328,-0.525030
144.476318,0.358976,0.446887,2.353660,0.036631,-0.539682
144.477844,0.344324,0.534800,2.353660,0.007326,-0.544566
144.479752,0.417583,0.568987,2.353660,0.007326,-0.549451
144.482422,0.549452,0.578755,2.353660,0.007326,-0.568987
144.485474,0.652016,0.593407,2.353660,0.021978,-0.583638
144.488525,0.739929,0.608059,2.353660,0.007326,-0.598290
144.493484,0.989014,0.642247,2.353660,0.021978,-0.608059
144.498825,1.208794,0.681319,2.353660,0.021978,-0.622710
144.504547,1.355312,0.710623,2.354041,0.021978,-0.637362
144.510269,1.428574,0.788767,2.353660,0.007326,-0.647131
144.517517,1.619049,0.813188,2.354041,0.021978,-0.656898
144.525528,1.824177,0.793652,2.354041,0.021978,-0.661782
144.533920,2.000000,0.803419,2.354041,-0.007328,-0.661782
144.543076,2.175827,0.818071,2.354041,-0.007328,-0.666667
144.552994,2.322346,0.813188,2.354041,0.007326,-0.671551
144.563293,2.483517,0.783883,2.354041,0.021978,-0.676435
144.573593,2.571430,0.769232,2.354041,-0.007328,-0.671551
144.585037,2.747253,0.705739,2.354041,0.021978,-0.671551
144.597244,2.908428,0.647131,2.354041,-0.007328,-0.666667
144.609833,3.025642,0.593407,2.354041,-0.007328,-0.676435
144.622421,3.084251,0.583639,2.354041,0.021978,-0.676435
144.635010,3.157509,0.520147,2.354041,0.007326,-0.671551
144.648361,3.245422,0.495728,2.354041,0.021978,-0.671551
144.661713,3.318684,0.466423,2.354041,0.007326,-0.671551
144.675827,3.391945,0.461539,2.354041,0.007326,-0.671551
144.689941,3.494507,0.461539,2.354041,0.021978,-0.671551
144.704437,3.538464,0.442003,2.354041,0.007326,-0.671551
144.718170,3.553116,0.402931,2.354041,0.021978,-0.671551
144.732285,3.494507,0.373627,2.354041,0.021978,-0.666667
144.746017,3.479855,0.334555,2.354041,0.007326,-0.661782
144.760132,3.479855,0.280830,2.354041,0.007326,-0.661782
144.774628,3.538464,0.231991,2.354041,-0.007328,-0.661782
144.788742,3.567768,0.217339,2.354041,0.007326,-0.666667
144.803238,3.567768,0.212455,2.354041,0.021978,-0.666667
144.817352,3.538464,0.202686,2.354041,0.007326,-0.661782
144.831085,3.509159,0.188035,2.354041,0.021978,-0.661782
144.844818,3.435898,0.178267,2.354041,-0.007328,-0.656898
144.858170,3.377293,0.178267,2.354041,-0.007328,-0.656898
144.871140,3.289379,0.163614,2.354041,0.007326,-0.666667
144.884491,3.318684,0.153847,2.354041,0.007326,-0.661782
144.898224,3.377293,0.139194,2.354041,0.021978,-0.661782
144.911957,3.391945,0.144079,2.354041,0.007326,-0.656898
144.925690,3.435898,0.168499,2.354041,0.007326,-0.652015
144.939041,3.377293,0.183151,2.354041,0.007326,-0.652015
144.952774,3.333336,0.168499,2.354041,0.007326,-0.652015
144.964981,3.201466,0.163614,2.354041,0.007326,-0.652015
144.977188,3.098904,0.144079,2.353660,-0.007328,-0.652015
144.989395,3.084251,0.105007,2.354041,0.007326,-0.656898
145.001602,3.054947,0.051283,2.354041,0.021978,-0.661782
145.013428,2.996338,0.021978,2.354041,0.007326,-0.656898
145.024490,2.864471,0.002442,2.354041,0.021978,-0.661782
145.035172,2.732601,-0.061050,2.354041,0.007326,-0.656898
145.044708,2.542126,-0.163614,2.354041,0.007326,-0.652015
145.053864,2.351650,-0.271062,2.354041,0.007326,-0.656898
145.062256,2.205132,-0.363858,2.353660,-0.007328,-0.656898
145.069504,2.000000,-0.451771,2.354041,0.021978,-0.661782
145.076752,1.838829,-0.510379,2.354041,0.007326,-0.656898
145.082855,1.677658,-0.510379,2.354041,0.007326,-0.652015
145.087814,1.428574,-0.515263,2.354041,0.021978,-0.656898
145.091248,1.091578,-0.515263,2.354041,0.007326,-0.652015
145.094299,0.871796,-0.529915,2.354041,0.007326,-0.652015
145.096970,0.710625,-0.505494,2.354041,0.007326,-0.652015
145.098495,0.520149,-0.485958,2.354041,0.007326,-0.652015
145.100021,0.417583,-0.451771,2.354041,0.007326,-0.656898
145.100403,0.271065,-0.383394,2.354041,0.021978,-0.656898
145.100021,0.065935,-0.349206,2.354041,0.007326,-0.656898
145.100021,-0.036631,-0.334555,2.354041,0.007326,-0.661782
145.099640,-0.051283,-0.305250,2.354041,0.007326,-0.666667
145.099640,-0.036631,-0.246642,2.354041,0.021978,-0.671551
145.099640,-0.036631,-0.197803,2.354041,0.007326,-0.676435
145.099640,0.007328,-0.153846,2.354041,-0.007328,-0.676435
145.100021,0.080587,-0.095238,2.354041,-0.007328,-0.681318
145.100021,-0.007326,-0.041514,2.354041,0.021978,-0.691087
145.100021,-0.021978,-0.007326,2.354041,0.007326,-0.691087
145.100021,0.007328,0.026863,2.354041,0.021978,-0.691087
145.100021,0.021980,0.056167,2.354041,0.007326,-0.686203
145.100403,0.021980,0.065935,2.354041,0.021978,-0.686203
145.100403,0.036633,0.070819,2.354041,0.007326,-0.686203
145.100784,0.065935,0.065935,2.354041,0.007326,-0.681318
145.101166,0.080587,0.065935,2.354041,-0.007328,-0.681318
145.101166,0.051285,0.061050,2.354041,0.007326,-0.681318
145.101547,0.021980,0.051283,2.354041,0.007326,-0.676435
145.101547,0.021980,0.046398,2.354041,0.007326,-0.671551
145.101166,-0.051283,0.031747,2.354041,-0.007328,-0.671551
145.101166,-0.051283,0.007326,2.354041,-0.007328,-0.671551
145.100784,-0.065933,-0.012210,2.354041,0.007326,-0.671551
145.100784,-0.036631,-0.021978,2.354041,0.021978,-0.666667
145.100784,-0.007326,-0.036630,2.354041,-0.007328,-0.656898
145.100784,-0.021978,-0.041514,2.354041,0.007326,-0.661782
145.100784,-0.007326,-0.036630,2.354041,0.007326,-0.656898
145.100403,-0.036631,-0.031746,2.354041,0.007326,-0.656898
145.100403,-0.036631,-0.026862,2.354041,0.007326,-0.652015
145.100403,-0.021978,-0.021978,2.354041,0.007326,-0.656898
145.100403,-0.021978,-0.012210,2.354041,-0.007328,-0.656898
145.100403,0.007328,-0.002442,2.354041,0.007326,-0.661782
145.100403,0.007328,0.007326,2.354041,0.007326,-0.666667
145.100784,0.021980,0.017095,2.354041,0.007326,-0.661782
145.100784,0.021980,0.021978,2.354041,0.007326,-0.661782
145.100784,0.021980,0.021978,2.354041,0.021978,-0.656898
145.100784,0.021980,0.021978,2.354041,0.021978,-0.656898
145.100784,0.007328,0.017095,2.354041,0.007326,-0.656898
145.100784,-0.007326,0.002442,2.354041,0.021978,-0.652015
145.100784,-0.007326,-0.007326,2.354041,-0.007328,-0.652015
145.100784,-0.007326,-0.026862,2.354041,0.007326,-0.661782
145.100784,-0.021978,-0.036630,2.354041,0.007326,-0.661782
145.100784,-0.021978,-0.046398,2.354041,0.007326,-0.661782
145.100403,-0.007326,-0.056166,2.354041,0.007326,-0.661782
145.100403,-0.007326,-0.061050,2.354041,0.007326,-0.666667
145.100403,-0.007326,-0.070818,2.354041,0.021978,-0.666667
145.100403,-0.007326,-0.070818,2.354041,0.007326,-0.666667
145.100403,-0.021978,-0.070818,2.354041,-0.007328,-0.666667
145.100403,-0.007326,-0.070818,2.354041,0.021978,-0.671551
145.100403,-0.007326,-0.065934,2.354041,0.007326,-0.671551
145.100403,-0.007326,-0.061050,2.354041,0.007326,-0.671551
145.100784,-0.007326,-0.056166,2.354041,0.007326,-0.676435
145.100403,-0.007326,-0.046398,2.354041,0.021978,-0.676435
145.100403,-0.007326,-0.041514,2.354041,0.007326,-0.676435
145.100784,0.007328,-0.036630,2.354041,0.007326,-0.681318
145.100784,0.007328,-0.026862,2.354041,0.007326,-0.681318
145.100784,-0.007326,-0.017094,2.354041,0.007326,-0.681318
145.100784,-0.007326,-0.007326,2.354041,-0.007328,-0.681318
145.100784,-0.021978,-0.002442,2.354041,0.007326,-0.681318
145.100403,-0.021978,0.002442,2.354041,0.007326,-0.676435
145.100784,-0.007326,0.012211,2.354041,0.007326,-0.676435
145.100784,0.007328,0.017095,2.354041,0.007326,-0.671551
145.100784,0.007328,0.021978,2.354041,0.007326,-0.671551
145.100784,0.007328,0.026863,2.354041,0.007326,-0.671551
145.100784,0.007328,0.026863,2.354041,0.007326,-0.676435
145.100784,0.007328,0.026863,2.354041,0.007326,-0.676435
145.100784,0.007328,0.026863,2.354041,0.007326,-0.671551
145.100784,-0.021978,0.021978,2.354041,0.007326,-0.666667
145.100784,-0.007326,0.012211,2.354041,0.036631,-0.666667
145.100784,-0.021978,0.002442,2.354041,0.007326,-0.661782
145.100784,-0.007326,-0.007326,2.354041,0.007326,-0.661782
145.100403,-0.021978,-0.017094,2.354041,0.007326,-0.661782
145.100784,-0.021978,-0.021978,2.354041,0.007326,-0.661782
145.100784,-0.007326,-0.031746,2.354041,0.007326,-0.666667
145.100784,0.007328,-0.036630,2.354041,-0.007328,-0.666667
145.100784,-0.021978,-0.036630,2.354041,-0.007328,-0.666667
145.100784,-0.021978,-0.041514,2.354041,0.021978,-0.671551
145.100784,-0.021978,-0.041514,2.354041,0.007326,-0.661782
145.100784,-0.007326,-0.041514,2.354041,0.021978,-0.661782
145.100784,-0.007326,-0.041514,2.354041,0.007326,-0.656898
145.100784,-0.007326,-0.041514,2.354041,0.007326,-0.656898
145.100784,-0.007326,-0.036630,2.354041,0.007326,-0.656898
145.100784,0.007328,-0.031746,2.354041,-0.007328,-0.661782
145.100784,0.007328,-0.026862,2.354041,-0.007328,-0.666667
145.100784,0.007328,-0.026862,2.354041,0.021978,-0.671551
145.100784,0.007328,-0.021978,2.354041,0.007326,-0.661782
145.100784,-0.021978,-0.021978,2.354041,-0.007328,-0.666667
145.100784,-0.007326,-0.017094,2.354041,0.021978,-0.666667
145.100784,-0.007326,-0.012210,2.354041,0.021978,-0.661782
145.100784,-0.007326,-0.012210,2.354041,-0.007328,-0.661782
145.100403,-0.036631,-0.012210,2.354041,0.007326,-0.666667
145.100784,-0.007326,-0.002442,2.354041,0.007326,-0.666667
145.100784,-0.007326,-0.002442,2.354041,0.007326,-0.666667
145.100784,-0.007326,0.002442,2.354041,0.007326,-0.666667
145.100784,-0.007326,0.002442,2.354041,0.021978,-0.671551
145.100784,0.007328,0.007326,2.354041,0.007326,-0.666667
145.100784,-0.007326,0.007326,2.354041,0.007326,-0.666667
145.100784,-0.007326,0.007326,2.354041,0.007326,-0.666667
145.100784,-0.007326,0.007326,2.354041,0.007326,-0.671551
145.100784,-0.007326,0.007326,2.354041,0.007326,-0.671551
145.100784,-0.007326,0.007326,2.354041,-0.007328,-0.671551
145.100784,-0.007326,0.002442,2.354041,0.007326,-0.676435
145.100784,-0.007326,0.002442,2.354041,0.007326,-0.681318
145.100784,-0.007326,-0.002442,2.354041,0.007326,-0.676435
145.100784,-0.007326,-0.007326,2.354041,0.007326,-0.681318
145.100784,-0.007326,-0.012210,2.354041,0.021978,-0.681318
145.100784,-0.007326,-0.017094,2.354041,-0.007328,-0.671551
145.100784,-0.007326,-0.017094,2.354041,0.007326,-0.676435
145.100784,-0.021978,-0.021978,2.354041,0.021978,-0.676435
145.100784,-0.007326,-0.021978,2.354041,-0.007328,-0.671551
145.100784,0.007328,-0.021978,2.354041,0.007326,-0.676435
145.100784,-0.007326,-0.021978,2.354041,0.007326,-0.676435
145.100784,-0.007326,-0.021978,2.354041,0.007326,-0.676435
145.100784,-0.021978,-0.021978,2.354041,0.007326,-0.676435
145.100784,-0.007326,-0.021978,2.354041,0.007326,-0.671551
145.100784,-0.021978,-0.017094,2.354041,-0.007328,-0.671551
145.100784,-0.007326,-0.017094,2.354041,0.021978,-0.666667
145.100784,-0.007326,-0.017094,2.354041,0.007326,-0.666667
145.100784,-0.007326,-0.017094,2.354041,0.007326,-0.661782
145.100784,-0.007326,-0.017094,2.354041,0.007326,-0.661782
145.100784,0.007328,-0.017094,2.354041,0.021978,-0.666667
145.100784,-0.007326,-0.017094,2.354041,0.021978,-0.661782
145.100784,-0.007326,-0.017094,2.354041,0.007326,-0.661782
145.100784,-0.007326,-0.012210,2.354041,-0.007328,-0.661782
145.100784,-0.007326,-0.017094,2.354041,0.007326,-0.666667
145.100784,0.007328,-0.012210,2.354041,0.007326,-0.661782
145.100784,0.007328,-0.007326,2.354041,0.007326,-0.661782
145.100784,-0.021978,-0.007326,2.354041,0.007326,-0.666667
145.100784,-0.007326,-0.007326,2.354041,0.007326,-0.666667
145.100784,-0.007326,-0.002442,2.354041,0.021978,-0.666667
145.100784,-0.007326,-0.002442,2.354041,0.021978,-0.666667
145.100784,-0.007326,-0.002442,2.354041,0.007326,-0.661782
145.100784,0.007328,-0.007326,2.354041,0.007326,-0.666667
145.100784,-0.007326,-0.007326,2.354041,0.021978,-0.666667
145.100784,-0.007326,-0.012210,2.354041,-0.007328,-0.656898
145.100784,-0.021978,0.002442,2.354041,0.007326,-0.661782
145.100784,0.007328,0.021978,2.354041,0.007326,-0.661782
145.100784,0.007328,0.041514,2.354041,-0.021980,-0.661782
145.100784,0.007328,0.070819,2.354041,0.007326,-0.666667
145.101166,0.065935,0.124542,2.354041,0.021978,-0.671551
145.102310,0.153849,0.188035,2.354041,0.021978,-0.666667
145.103455,0.227108,0.241758,2.354041,0.007326,-0.661782
145.104599,0.271065,0.373627,2.354041,0.021978,-0.666667
145.105743,0.300367,0.495728,2.354041,0.021978,-0.661782
145.108032,0.432236,0.539683,2.354041,0.007326,-0.671551
145.110703,0.549452,0.578755,2.354041,0.007326,-0.676435
145.113373,0.652016,0.622711,2.354041,0.007326,-0.671551
145.116806,0.739929,0.632479,2.354041,0.007326,-0.676435
145.120621,0.886448,0.608059,2.354041,0.007326,-0.671551
145.125198,1.076925,0.666667,2.354041,-0.007328,-0.676435
145.131302,1.311357,0.720391,2.354041,0.021978,-0.681318
145.137405,1.428574,0.759463,2.354041,-0.007328,-0.681318
145.143890,1.531137,0.783883,2.354041,0.021978,-0.686203
145.151138,1.736265,0.803419,2.354041,0.007326,-0.686203
145.159531,1.941393,0.803419,2.354041,0.007326,-0.681318
145.168686,2.131870,0.783883,2.354041,0.007326,-0.681318
145.178223,2.263737,0.803419,2.354041,0.007326,-0.676435
145.188522,2.395607,0.803419,2.354041,-0.007328,-0.676435
145.198059,2.454216,0.783883,2.354041,0.007326,-0.676435
145.208359,2.527473,0.720391,2.354041,0.007326,-0.676435
145.219803,2.703297,0.661783,2.354041,0.007326,-0.676435
145.231628,2.879124,0.608059,2.354041,0.007326,-0.671551
145.244217,3.010990,0.564103,2.354041,0.007326,-0.671551
145.256424,3.040295,0.534800,2.354041,0.021978,-0.666667
145.269394,3.128208,0.500611,2.354041,0.007326,-0.666667
145.281982,3.186813,0.456656,2.354041,0.007326,-0.666667
145.295334,3.245422,0.456656,2.354041,0.007326,-0.666667
145.308685,3.304031,0.446887,2.354041,0.007326,-0.666667
145.322418,3.377293,0.442003,2.354041,0.007326,-0.661782
145.336151,3.406593,0.427351,2.354041,0.007326,-0.661782
145.350266,3.479855,0.378511,2.354041,0.007326,-0.666667
145.364380,3.479855,0.363859,2.354041,-0.007328,-0.666667
145.378113,3.479855,0.354091,2.354041,-0.007328,-0.671551
145.391846,3.435898,0.319902,2.354041,0.007326,-0.676435
145.405960,3.494507,0.280830,2.354041,0.007326,-0.671551
145.420074,3.509159,0.261295,2.354041,0.007326,-0.671551
145.434189,3.509159,0.256411,2.354041,0.007326,-0.671551
145.448685,3.523811,0.227107,2.354041,-0.007328,-0.671551
145.462799,3.538464,0.207571,2.354041,0.007326,-0.676435
145.476532,3.509159,0.202686,2.354041,0.007326,-0.681318
145.490646,3.494507,0.212455,2.354041,-0.007328,-0.681318
145.504379,3.465202,0.202686,2.354041,0.007326,-0.686203
145.518112,3.421246,0.202686,2.354041,0.007326,-0.686203
145.531845,3.435898,0.202686,2.354041,0.007326,-0.686203
145.545197,3.406593,0.207571,2.354041,0.007326,-0.686203
145.558929,3.377293,0.217339,2.354041,0.021978,-0.686203
145.572281,3.362640,0.236875,2.354041,-0.007328,-0.686203
145.585632,3.362640,0.222223,2.354041,-0.007328,-0.695971
145.598984,3.333336,0.227107,2.354041,0.021978,-0.700854
145.612335,3.318684,0.222223,2.354041,0.021978,-0.700854
145.625687,3.304031,0.227107,2.354041,-0.007328,-0.700854
145.638275,3.260075,0.178267,2.354041,0.007326,-0.705739
145.650482,3.098904,0.144079,2.354041,0.007326,-0.710623
145.661926,2.952381,0.105007,2.354041,0.007326,-0.710623
145.673370,2.923080,0.056167,2.354041,0.007326,-0.715507
145.685577,2.952381,-0.012210,2.354041,-0.007328,-0.715507
145.696640,2.879124,-0.051282,2.354041,0.007326,-0.715507
145.707321,2.703297,-0.114774,2.354041,0.007326,-0.720390
145.716476,2.454216,-0.261294,2.354041,0.021978,-0.720390
145.724106,2.146523,-0.393163,2.354041,0.007326,-0.720390
145.731735,2.014652,-0.500610,2.354041,0.007326,-0.720390
145.738983,1.882786,-0.549451,2.354041,0.007326,-0.720390
145.744705,1.604397,-0.568987,2.354041,0.021978,-0.715507
145.748901,1.326010,-0.578754,2.354041,-0.007328,-0.715507
145.753098,1.150185,-0.593407,2.354041,0.021978,-0.710623
145.756531,0.915752,-0.588523,2.354041,0.007326,-0.710623
145.758438,0.681320,-0.573871,2.354041,0.021978,-0.705739
145.759583,0.432236,-0.505494,2.354041,0.021978,-0.705739
145.759583,0.183151,-0.456655,2.354041,0.007326,-0.705739
145.759201,0.007328,-0.442002,2.354041,0.021978,-0.705739
145.758820,-0.080585,-0.402930,2.354041,0.007326,-0.705739
145.758438,-0.095238,-0.349206,2.354041,0.021978,-0.705739
145.757675,-0.124542,-0.290598,2.354041,0.007326,-0.705739
145.756912,-0.183149,-0.227106,2.354041,0.021978,-0.705739
145.756149,-0.197802,-0.158731,2.354041,0.007326,-0.705739
145.755386,-0.153847,-0.095238,2.354041,0.021978,-0.710623
145.754623,-0.212454,-0.036630,2.354041,0.007326,-0.715507
145.753860,-0.183149,0.017095,2.354041,0.007326,-0.715507
145.754242,-0.065933,0.085470,2.354041,0.007326,-0.720390
145.754623,0.021980,0.153847,2.354041,0.007326,-0.720390
145.754623,0.036633,0.202686,2.354041,0.021978,-0.725275
145.755005,0.080587,0.227107,2.354041,0.007326,-0.720390
145.755768,0.124544,0.241758,2.354041,0.007326,-0.725275
145.756912,0.212456,0.236875,2.354041,-0.007328,-0.730159
145.758438,0.329672,0.231991,2.354041,0.007326,-0.730159
145.759583,0.285717,0.231991,2.354041,0.007326,-0.730159
145.760345,0.241760,0.207571,2.354041,0.007326,-0.725275
145.761490,0.241760,0.148963,2.354041,0.007326,-0.725275
145.762634,0.256413,0.109891,2.354041,0.021978,-0.725275
145.763016,0.183151,0.090355,2.354041,-0.007328,-0.720390
145.763016,0.065935,0.070819,2.354041,0.007326,-0.720390
145.762634,-0.007326,0.036631,2.354041,0.021978,-0.720390
145.763016,0.021980,-0.007326,2.354041,0.007326,-0.715507
145.763016,0.007328,-0.031746,2.354041,0.021978,-0.710623
145.762634,-0.036631,-0.046398,2.354041,0.007326,-0.705739
145.762253,-0.080585,-0.061050,2.354041,-0.007328,-0.700854
145.761871,-0.095238,-0.070818,2.354041,0.007326,-0.710623
145.761490,-0.109890,-0.080586,2.354041,0.007326,-0.710623
145.761108,-0.080585,-0.080586,2.354041,0.007326,-0.710623
145.761108,-0.051283,-0.080586,2.354041,0.007326,-0.705739
145.761108,-0.021978,-0.070818,2.354041,0.007326,-0.705739
145.761108,-0.021978,-0.046398,2.354041,-0.007328,-0.705739
145.760727,-0.080585,-0.026862,2.354041,0.021978,-0.710623
145.760345,-0.036631,-0.012210,2.354041,0.007326,-0.710623
145.760727,0.007328,0.002442,2.354041,0.007326,-0.715507
145.761108,0.021980,0.017095,2.354041,0.007326,-0.715507
145.761108,0.036633,0.026863,2.354041,0.007326,-0.720390
145.761490,0.065935,0.031747,2.354041,-0.007328,-0.715507
145.761871,0.080587,0.036631,2.354041,-0.007328,-0.720390
145.762253,0.065935,0.036631,2.354041,0.007326,-0.730159
145.762253,0.036633,0.036631,2.354041,0.007326,-0.725275
145.761871,-0.036631,0.026863,2.354041,0.021978,-0.725275
145.761871,-0.007326,0.012211,2.354041,0.007326,-0.720390
145.761871,-0.007326,-0.007326,2.354041,-0.007328,-0.720390
145.762253,-0.007326,-0.021978,2.354041,0.007326,-0.725275
145.761871,-0.021978,-0.036630,2.354041,0.007326,-0.725275
145.761871,-0.021978,-0.041514,2.354041,-0.007328,-0.725275
145.761871,-0.036631,-0.051282,2.354041,0.007326,-0.725275
145.761490,-0.036631,-0.056166,2.354041,0.007326,-0.725275
145.761490,-0.021978,-0.056166,2.354041,0.007326,-0.725275
145.761490,-0.007326,-0.056166,2.354041,-0.007328,-0.720390
145.761490,-0.007326,-0.051282,2.354041,0.021978,-0.725275
145.761490,-0.007326,-0.041514,2.354041,-0.007328,-0.725275
145.761490,-0.007326,-0.021978,2.354041,0.007326,-0.725275
145.761490,-0.021978,-0.002442,2.354041,0.007326,-0.720390
145.761490,-0.007326,0.012211,2.354041,0.007326,-0.720390
145.761490,-0.007326,0.021978,2.354041,0.007326,-0.720390
145.761490,-0.007326,0.031747,2.354041,0.007326,-0.720390
145.761871,0.007328,0.041514,2.354041,0.007326,-0.715507
145.761871,0.007328,0.046398,2.354041,0.007326,-0.720390
145.761871,0.021980,0.056167,2.354041,-0.007328,-0.715507
145.762253,0.021980,0.051283,2.354041,0.021978,-0.720390
145.761871,0.007328,0.051283,2.354041,-0.007328,-0.715507
145.761871,-0.021978,0.046398,2.354041,0.007326,-0.715507
145.761871,-0.007326,0.036631,2.354041,0.021978,-0.715507
145.761871,-0.007326,0.026863,2.354041,0.007326,-0.710623
145.761871,-0.007326,0.012211,2.354041,0.007326,-0.710623
145.761871,-0.021978,0.002442,2.354041,0.021978,-0.710623
145.761871,-0.007326,-0.007326,2.354041,0.021978,-0.710623
145.761871,-0.036631,-0.012210,2.354041,0.007326,-0.715507
145.761871,-0.021978,-0.012210,2.354041,0.007326,-0.710623
145.761871,-0.007326,-0.017094,2.354041,0.021978,-0.710623
145.761871,-0.007326,-0.012210,2.354041,0.007326,-0.710623
145.761871,0.007328,-0.012210,2.354041,0.007326,-0.710623
145.761871,-0.021978,-0.007326,2.354041,0.007326,-0.710623
145.761871,0.007328,-0.002442,2.354041,0.007326,-0.715507
145.761871,0.007328,-0.002442,2.354041,0.007326,-0.715507
145.761871,-0.021978,-0.002442,2.354041,0.021978,-0.715507
145.761871,-0.007326,-0.002442,2.354041,0.021978,-0.710623
145.761871,-0.021978,-0.002442,2.354041,0.007326,-0.710623
145.761871,-0.007326,-0.007326,2.354041,0.021978,-0.715507
145.761871,-0.036631,-0.012210,2.354041,-0.007328,-0.715507
145.761871,-0.007326,-0.017094,2.354041,0.007326,-0.715507
145.761871,-0.007326,-0.017094,2.354041,0.021978,-0.720390
145.761871,-0.007326,-0.021978,2.354041,0.007326,-0.715507
145.761871,-0.021978,-0.021978,2.354041,0.007326,-0.715507
145.761871,-0.007326,-0.021978,2.354041,0.021978,-0.715507
145.761871,-0.007326,-0.017094,2.354423,0.007326,-0.715507
145.761871,-0.007326,-0.012210,2.354041,0.007326,-0.715507
145.761871,-0.007326,-0.007326,2.354041,0.007326,-0.715507
145.761871,-0.021978,-0.002442,2.354041,0.007326,-0.720390
145.761871,0.007328,0.007326,2.354041,0.007326,-0.720390
145.761871,-0.007326,0.012211,2.354041,0.007326,-0.720390
145.761871,-0.007326,0.017095,2.354041,0.007326,-0.720390
145.761871,-0.007326,0.021978,2.354041,0.007326,-0.720390
145.761871,0.021980,0.026863,2.354041,0.007326,-0.720390
145.761871,0.007328,0.026863,2.354041,0.007326,-0.720390
145.762253,0.021980,0.026863,2.354041,0.007326,-0.720390
145.761871,0.007328,0.026863,2.354041,0.007326,-0.720390
145.761871,-0.007326,0.026863,2.354041,0.007326,-0.715507
145.761871,-0.007326,0.021978,2.354041,0.007326,-0.715507
145.761871,-0.007326,0.017095,2.354041,0.007326,-0.715507
145.761871,-0.021978,0.012211,2.354041,0.007326,-0.715507
145.761871,0.007328,0.007326,2.354041,0.007326,-0.715507
145.761871,-0.036631,0.002442,2.354041,0.007326,-0.715507
145.761871,0.007328,0.002442,2.354041,0.007326,-0.720390
145.761871,-0.007326,0.002442,2.354041,-0.007328,-0.720390
145.761871,-0.007326,-0.002442,2.354041,0.007326,-0.720390
145.761871,-0.007326,-0.002442,2.354041,-0.007328,-0.715507
145.761871,-0.007326,0.002442,2.354041,0.007326,-0.720390
145.761871,-0.007326,0.002442,2.354041,0.007326,-0.715507
145.761871,0.007328,0.002442,2.354041,-0.007328,-0.715507
145.761871,-0.007326,-0.002442,2.354041,0.007326,-0.720390
145.761871,-0.007326,-0.002442,2.354041,0.021978,-0.720390
145.761871,-0.007326,-0.002442,2.354041,0.007326,-0.715507
145.761871,-0.007326,-0.007326,2.354041,-0.007328,-0.715507
145.761871,-0.007326,-0.007326,2.354041,-0.007328,-0.720390
145.761871,-0.007326,-0.012210,2.354041,0.007326,-0.720390
145.761871,-0.021978,-0.012210,2.354041,0.007326,-0.715507
145.761871,-0.007326,-0.012210,2.354041,0.021978,-0.715507
145.761871,0.007328,-0.012210,2.354041,-0.007328,-0.715507
145.761871,-0.007326,-0.007326,2.354041,-0.007328,-0.720390
145.761871,-0.007326,-0.002442,2.354041,0.007326,-0.715507
145.761871,-0.021978,-0.002442,2.354041,-0.007328,-0.715507
145.761871,-0.007326,-0.002442,2.354041,0.021978,-0.715507
145.761871,0.007328,0.002442,2.354041,-0.007328,-0.715507
145.761871,-0.021978,0.002442,2.354041,0.007326,-0.720390
145.761871,-0.021978,0.007326,2.354041,0.007326,-0.715507
145.761871,0.007328,0.012211,2.354041,0.007326,-0.715507
145.761871,-0.007326,0.012211,2.354041,-0.007328,-0.715507
145.761871,-0.021978,0.012211,2.354041,0.007326,-0.715507
145.761871,0.007328,0.021978,2.354041,0.007326,-0.720390
145.761871,0.007328,0.051283,2.354041,0.007326,-0.720390
145.762253,0.007328,0.095239,2.354041,0.007326,-0.720390
145.762634,0.036633,0.139194,2.354041,0.007326,-0.720390
145.762634,0.080587,0.217339,2.354041,0.021978,-0.720390
145.763397,0.124544,0.295483,2.354041,-0.007328,-0.715507
145.764542,0.197803,0.354091,2.354041,0.007326,-0.715507
145.765686,0.285717,0.432235,2.354041,0.007326,-0.715507
145.767593,0.373629,0.539683,2.354041,0.021978,-0.715507
145.769882,0.461540,0.583639,2.354041,0.007326,-0.715507
145.772171,0.564104,0.612944,2.354041,0.007326,-0.715507
145.775223,0.652016,0.627595,2.354041,0.007326,-0.715507
145.778656,0.783884,0.622711,2.354041,0.007326,-0.715507
145.782471,0.901100,0.608059,2.354041,0.007326,-0.715507
145.787048,1.003664,0.612944,2.354041,-0.007328,-0.715507
145.792007,1.179489,0.661783,2.354041,0.007326,-0.720390
145.798492,1.384617,0.686203,2.354041,0.007326,-0.720390
145.804977,1.545790,0.686203,2.354041,-0.007328,-0.720390
145.811844,1.663006,0.695971,2.354041,0.007326,-0.720390
145.819473,1.780222,0.695971,2.354041,-0.007328,-0.720390
145.827103,1.838829,0.676435,2.354041,0.007326,-0.720390
145.835114,1.941393,0.652016,2.354041,0.007326,-0.715507
145.844269,2.161175,0.661783,2.354041,0.007326,-0.715507
145.854187,2.351650,0.695971,2.354041,0.007326,-0.720390
145.864487,2.468864,0.666667,2.354041,0.021978,-0.720390
145.875168,2.542126,0.691088,2.354041,0.007326,-0.715507
145.885468,2.600735,0.676435,2.354041,0.007326,-0.715507
145.896530,2.703297,0.632479,2.354041,0.007326,-0.715507
145.907974,2.776558,0.598291,2.354041,0.007326,-0.720390
145.920181,2.937729,0.554335,2.354041,-0.007328,-0.720390
145.932770,3.010990,0.529915,2.354041,0.007326,-0.720390
145.944977,3.098904,0.505495,2.354041,0.007326,-0.725275
145.957947,3.142860,0.490843,2.354041,0.007326,-0.725275
145.970917,3.186813,0.466423,2.354041,0.007326,-0.725275
145.983887,3.260075,0.461539,2.354041,0.007326,-0.725275
145.997238,3.289379,0.437119,2.354041,0.007326,-0.725275
146.010590,3.318684,0.437119,2.354041,0.007326,-0.725275
146.023941,3.333336,0.402931,2.354041,0.007326,-0.730159
146.037292,3.347988,0.383395,2.354041,-0.007328,-0.730159
146.051025,3.377293,0.368743,2.354041,0.007326,-0.730159
146.064377,3.347988,0.344323,2.354041,0.007326,-0.735043
146.077728,3.347988,0.324787,2.354041,0.007326,-0.735043
146.091461,3.377293,0.300367,2.354041,0.007326,-0.739926
146.105194,3.406593,0.280830,2.354041,-0.007328,-0.739926
146.118927,3.421246,0.290599,2.354041,0.007326,-0.739926
146.132278,3.377293,0.285715,2.354041,0.007326,-0.739926
146.145630,3.362640,0.290599,2.354041,0.007326,-0.744811
146.159363,3.362640,0.275947,2.354041,0.021978,-0.749695
146.172333,3.333336,0.271063,2.354041,0.007326,-0.754579
146.185684,3.333336,0.280830,2.354041,0.007326,-0.754579
146.197510,3.289379,0.275947,2.354041,0.007326,-0.759462
146.212387,3.318684,0.275947,2.354041,0.007326,-0.759462
146.225739,3.318684,0.280830,2.354041,0.007326,-0.759462
146.238708,3.304031,0.300367,2.354041,-0.007328,-0.764347
146.251678,3.245422,0.315019,2.354423,0.021978,-0.769231
146.264648,3.260075,0.310135,2.354041,0.007326,-0.764347
146.278000,3.289379,0.310135,2.354041,0.007326,-0.764347
146.291351,3.333336,0.315019,2.354423,0.021978,-0.764347
146.304703,3.289379,0.349207,2.354041,0.007326,-0.764347
146.317673,3.289379,0.354091,2.354041,0.007326,-0.769231
146.331024,3.274727,0.354091,2.354041,0.021978,-0.774115
146.344376,3.318684,0.334555,2.354423,-0.007328,-0.774115
146.357727,3.318684,0.363859,2.354423,0.021978,-0.778998
146.370697,3.304031,0.358974,2.354423,0.007326,-0.774115
146.384430,3.333336,0.339439,2.354041,0.007326,-0.778998
146.398163,3.391945,0.319902,2.354423,0.007326,-0.778998
146.411514,3.391945,0.324787,2.354423,0.007326,-0.778998
146.425247,3.391945,0.334555,2.354423,0.007326,-0.783883
146.438599,3.377293,0.305251,2.354423,-0.007328,-0.778998
146.452713,3.465202,0.280830,2.354423,0.036631,-0.783883
146.466446,3.465202,0.290599,2.354423,-0.007328,-0.778998
146.480179,3.435898,0.300367,2.354423,-0.007328,-0.783883
146.493912,3.406593,0.280830,2.354423,0.021978,-0.783883
146.507645,3.435898,0.280830,2.354423,0.036631,-0.783883
146.521378,3.421246,0.236875,2.354423,-0.007328,-0.778998
146.534729,3.333336,0.207571,2.354423,0.007326,-0.783883
146.547699,3.289379,0.178267,2.354423,-0.007328,-0.788767
146.560669,3.260075,0.119658,2.354423,0.007326,-0.788767
146.573257,3.201466,0.056167,2.354423,-0.007328,-0.788767
146.585083,3.054947,0.017095,2.354423,0.007326,-0.788767
146.596146,2.893776,-0.017094,2.354423,0.007326,-0.798534
146.607590,2.864471,-0.188034,2.354423,0.021978,-0.798534
146.617126,2.586082,-0.334555,2.354423,0.007326,-0.793651
146.626282,2.380955,-0.461538,2.354423,-0.007328,-0.788767
146.634674,2.205132,-0.549451,2.354423,0.007326,-0.793651
146.641922,1.941393,-0.627595,2.354423,0.007326,-0.793651
146.648026,1.706961,-0.676435,2.354423,0.007326,-0.793651
146.653366,1.487181,-0.666667,2.354423,0.007326,-0.793651
146.657562,1.208794,-0.691087,2.354423,0.021978,-0.793651
146.659851,0.871796,-0.671551,2.354423,0.007326,-0.788767
146.662140,0.695972,-0.652015,2.354423,0.007326,-0.793651
146.664047,0.534800,-0.617826,2.354423,0.007326,-0.793651
146.664429,0.285717,-0.534799,2.354423,0.007326,-0.793651
146.663666,0.021980,-0.481074,2.354423,0.021978,-0.793651
146.663284,-0.051283,-0.422466,2.354423,-0.007328,-0.788767
146.662903,-0.109890,-0.373627,2.354423,0.007326,-0.788767
146.662140,-0.168499,-0.295483,2.354423,0.007326,-0.793651
146.660614,-0.285715,-0.183150,2.354423,0.036631,-0.798534
146.659088,-0.373627,-0.105006,2.354804,0.021978,-0.793651
146.657562,-0.358974,-0.061050,2.354423,0.007326,-0.798534
146.656418,-0.358974,-0.007326,2.354423,0.007326,-0.803419
146.655273,-0.285715,0.046398,2.354423,-0.007328,-0.808303
146.655655,-0.036631,0.080586,2.354423,0.021978,-0.818070
146.656418,0.021980,0.163614,2.354804,0.021978,-0.813187
146.656036,-0.036631,0.222223,2.354804,0.021978,-0.813187
146.656036,-0.007326,0.241758,2.354804,0.021978,-0.808303
146.656418,0.065935,0.261295,2.354804,0.036631,-0.803419
146.656799,0.065935,0.275947,2.354804,0.007326,-0.803419
146.657181,0.080587,0.275947,2.354804,0.007326,-0.803419
146.657562,0.080587,0.266179,2.354804,0.021978,-0.803419
146.658325,0.124544,0.246643,2.354804,0.007326,-0.803419
146.659088,0.183151,0.217339,2.354804,0.007326,-0.798534
146.659851,0.183151,0.202686,2.354804,0.007326,-0.803419
146.659851,0.095240,0.192919,2.354804,0.007326,-0.803419
146.659851,0.021980,0.173383,2.354804,-0.007328,-0.798534
146.659851,0.007328,0.139194,2.354804,-0.007328,-0.798534
146.659851,-0.021978,0.109891,2.354804,-0.007328,-0.798534
146.659851,-0.021978,0.090355,2.354804,0.021978,-0.803419
146.659851,-0.021978,0.070819,2.354804,0.007326,-0.793651
146.659851,-0.021978,0.056167,2.354804,0.007326,-0.788767
146.659851,-0.007326,0.046398,2.354804,0.007326,-0.793651
146.659851,-0.007326,0.036631,2.354804,0.007326,-0.793651
146.659470,-0.036631,0.036631,2.354804,0.007326,-0.788767
146.659088,-0.065933,0.036631,2.354804,0.007326,-0.788767
146.659088,-0.051283,0.041514,2.354804,0.007326,-0.788767
146.659088,-0.036631,0.041514,2.354804,0.007326,-0.788767
146.659088,-0.021978,0.051283,2.354804,0.007326,-0.788767
146.659088,0.007328,0.061050,2.354804,0.007326,-0.793651
146.659470,0.036633,0.070819,2.354804,-0.021980,-0.793651
146.659470,0.036633,0.085470,2.354804,0.021978,-0.803419
146.659851,0.021980,0.095239,2.354804,0.021978,-0.798534
146.659851,0.021980,0.100122,2.354804,0.021978,-0.793651
146.659851,0.007328,0.100122,2.354804,0.007326,-0.788767
146.659851,0.007328,0.100122,2.354804,-0.021980,-0.788767
146.659851,-0.021978,0.090355,2.354804,0.007326,-0.798534
146.659851,-0.036631,0.075703,2.354804,0.007326,-0.803419
146.659851,-0.007326,0.065935,2.354804,0.021978,-0.798534
146.659851,-0.007326,0.056167,2.354804,-0.007328,-0.798534
146.659851,-0.021978,0.051283,2.354804,0.021978,-0.803419
146.659851,-0.007326,0.046398,2.354804,0.007326,-0.798534
146.659851,-0.007326,0.046398,2.354804,0.007326,-0.803419
146.659851,-0.021978,0.046398,2.354804,-0.007328,-0.803419
146.659851,-0.007326,0.051283,2.354804,-0.007328,-0.803419
146.659851,-0.007326,0.056167,2.354804,0.007326,-0.808303
146.659851,0.007328,0.070819,2.354804,0.021978,-0.808303
146.659851,-0.007326,0.085470,2.354804,0.007326,-0.803419
146.659851,-0.007326,0.095239,2.354804,0.007326,-0.803419
146.659851,-0.007326,0.105007,2.354804,0.007326,-0.803419
146.659851,-0.007326,0.114775,2.354804,0.021978,-0.803419
146.659851,0.021980,0.124542,2.354804,0.007326,-0.803419
146.659851,-0.007326,0.129427,2.354804,0.007326,-0.803419
146.659851,0.007328,0.129427,2.354804,-0.007328,-0.798534
146.659851,0.007328,0.129427,2.354804,0.021978,-0.803419
146.659851,-0.007326,0.124542,2.354804,0.021978,-0.803419
146.659851,-0.021978,0.119658,2.354804,0.021978,-0.798534
146.659851,-0.036631,0.114775,2.354804,0.021978,-0.793651
146.659851,-0.021978,0.109891,2.354804,-0.021980,-0.793651
146.659851,-0.021978,0.105007,2.354804,0.007326,-0.798534
146.659851,-0.007326,0.100122,2.354804,-0.007328,-0.798534
146.659851,-0.021978,0.100122,2.354804,0.007326,-0.793651
146.659851,0.007328,0.095239,2.354804,0.021978,-0.798534
146.659851,-0.007326,0.095239,2.354804,0.021978,-0.798534
146.659851,0.007328,0.095239,2.354804,-0.007328,-0.793651
146.659851,0.007328,0.095239,2.354804,0.007326,-0.798534
146.659851,0.007328,0.090355,2.354804,0.007326,-0.793651
146.659851,-0.021978,0.090355,2.354804,0.007326,-0.793651
146.659851,-0.007326,0.085470,2.354804,-0.007328,-0.793651
146.659851,-0.007326,0.080586,2.354804,0.007326,-0.793651
146.659851,-0.036631,0.070819,2.354804,0.007326,-0.788767
146.659851,-0.021978,0.070819,2.354804,-0.007328,-0.793651
146.659851,0.007328,0.065935,2.354804,0.007326,-0.793651
146.659851,-0.021978,0.065935,2.354804,0.007326,-0.793651
146.659851,-0.007326,0.061050,2.354804,0.007326,-0.798534
146.659851,-0.007326,0.056167,2.354804,0.007326,-0.798534
146.659851,-0.007326,0.056167,2.354804,0.007326,-0.793651
146.659851,-0.021978,0.056167,2.354804,-0.021980,-0.798534
146.659470,-0.021978,0.056167,2.354804,0.007326,-0.803419
146.659851,-0.007326,0.056167,2.354804,0.007326,-0.803419
146.659851,-0.007326,0.061050,2.354804,-0.007328,-0.798534
146.659851,-0.007326,0.061050,2.354804,-0.007328,-0.803419
146.659851,-0.007326,0.065935,2.354804,0.007326,-0.803419
146.659851,0.007328,0.070819,2.354804,0.021978,-0.803419
146.659851,-0.007326,0.075703,2.354804,-0.007328,-0.798534
146.659851,-0.007326,0.080586,2.354804,0.021978,-0.798534
146.659851,-0.007326,0.085470,2.354804,0.021978,-0.793651
146.659851,-0.021978,0.090355,2.354804,0.007326,-0.793651
146.659851,0.007328,0.090355,2.354804,0.007326,-0.798534
146.659851,-0.007326,0.090355,2.354804,-0.007328,-0.793651
146.659851,-0.007326,0.095239,2.354804,0.007326,-0.793651
146.659851,0.007328,0.100122,2.354804,0.007326,-0.798534
146.659851,-0.007326,0.105007,2.354804,-0.007328,-0.803419
146.659851,-0.007326,0.105007,2.354804,0.007326,-0.798534
146.659851,-0.007326,0.109891,2.354804,0.007326,-0.798534
146.659851,0.007328,0.114775,2.354804,0.007326,-0.798534
146.659851,-0.007326,0.114775,2.354804,0.007326,-0.803419
146.659851,-0.007326,0.114775,2.354804,-0.007328,-0.803419
146.659851,-0.007326,0.114775,2.354804,0.021978,-0.803419
146.659851,-0.007326,0.114775,2.354804,0.007326,-0.798534
146.659851,-0.007326,0.114775,2.354804,-0.007328,-0.793651
146.659851,-0.007326,0.109891,2.354804,0.007326,-0.798534
146.659851,-0.007326,0.109891,2.354804,0.007326,-0.798534
146.659851,-0.021978,0.105007,2.354804,0.007326,-0.793651
146.659851,0.007328,0.105007,2.354804,0.007326,-0.798534
146.659851,-0.007326,0.109891,2.354804,0.036631,-0.798534
146.659851,0.021980,0.139194,2.354804,-0.007328,-0.793651
146.659851,0.036633,0.168499,2.354804,-0.007328,-0.793651
146.660233,0.021980,0.197803,2.354804,0.021978,-0.798534
146.660233,0.036633,0.246643,2.354804,0.007326,-0.798534
146.660614,0.080587,0.295483,2.354804,-0.007328,-0.793651
146.661377,0.139196,0.329671,2.354804,0.007326,-0.798534
146.662521,0.227108,0.358974,2.354804,0.007326,-0.798534
146.664429,0.329672,0.422467,2.354804,-0.007328,-0.798534
146.665955,0.329672,0.476191,2.354804,-0.007328,-0.803419
146.667480,0.417583,0.476191,2.354804,0.007326,-0.803419
146.669769,0.505497,0.476191,2.354804,0.007326,-0.803419
146.672821,0.652016,0.461539,2.354804,0.007326,-0.803419
146.675873,0.695972,0.471307,2.354804,0.007326,-0.803419
146.678543,0.681320,0.510379,2.354804,-0.007328,-0.798534
146.682358,0.857145,0.529915,2.354804,0.007326,-0.798534
146.686554,0.974361,0.554335,2.354804,-0.007328,-0.798534
146.691132,1.062273,0.539683,2.354804,0.007326,-0.803419
146.696091,1.164837,0.583639,2.354804,0.007326,-0.798534
146.702194,1.355312,0.617827,2.354804,0.021978,-0.798534
146.707916,1.413921,0.647131,2.354804,0.007326,-0.798534
146.714020,1.457878,0.656899,2.354804,0.021978,-0.798534
146.721268,1.648354,0.671551,2.354804,0.021978,-0.803419
146.729279,1.882786,0.676435,2.355186,0.007326,-0.798534
146.737671,2.000000,0.681319,2.354804,0.007326,-0.793651
146.746063,2.073261,0.735044,2.354804,-0.007328,-0.793651
146.755600,2.219780,0.735044,2.355186,0.021978,-0.793651
146.765137,2.336998,0.739927,2.355186,0.021978,-0.793651
146.774673,2.380955,0.735044,2.354804,0.007326,-0.788767
146.785355,2.542126,0.700855,2.354804,-0.007328,-0.793651
146.796417,2.703297,0.681319,2.354804,-0.007328,-0.803419
146.808243,2.820515,0.632479,2.355186,-0.007328,-0.803419
146.820068,2.893776,0.632479,2.354804,0.007326,-0.803419
146.831894,2.967033,0.578755,2.355186,0.007326,-0.803419
146.844482,3.040295,0.534800,2.355186,0.007326,-0.803419
146.857071,3.113556,0.481075,2.355186,0.021978,-0.808303
146.870422,3.230770,0.466423,2.354804,0.007326,-0.803419
146.883774,3.260075,0.446887,2.355186,0.007326,-0.803419
146.897507,3.347988,0.442003,2.355186,0.007326,-0.803419
146.910858,3.377293,0.432235,2.354804,0.021978,-0.803419
146.924973,3.435898,0.407815,2.354804,0.021978,-0.808303
146.938705,3.421246,0.388279,2.354804,-0.007328,-0.808303
146.952057,3.421246,0.378511,2.355186,0.021978,-0.808303
146.966171,3.435898,0.324787,2.355186,0.007326,-0.813187
146.980667,3.509159,0.295483,2.354804,0.007326,-0.813187
146.994781,3.523811,0.300367,2.355186,0.007326,-0.813187
147.008514,3.465202,0.315019,2.354804,0.021978,-0.813187
147.022247,3.465202,0.271063,2.354804,0.007326,-0.818070
147.036362,3.509159,0.236875,2.354804,0.021978,-0.822955
147.050476,3.523811,0.231991,2.354804,0.021978,-0.827839
147.064590,3.479855,0.241758,2.354804,-0.007328,-0.827839
147.077942,3.465202,0.217339,2.354804,-0.007328,-0.827839
147.092056,3.479855,0.207571,2.355186,0.007326,-0.827839
147.106171,3.465202,0.217339,2.355186,0.021978,-0.827839
147.119522,3.421246,0.222223,2.355186,0.007326,-0.822955
147.132874,3.406593,0.212455,2.355186,0.007326,-0.822955
147.146988,3.450550,0.207571,2.355186,0.021978,-0.822955
147.161102,3.494507,0.222223,2.355186,0.007326,-0.827839
147.174835,3.435898,0.241758,2.355186,0.007326,-0.827839
147.188187,3.362640,0.275947,2.355186,0.007326,-0.832723
147.201538,3.362640,0.227107,2.355186,0.007326,-0.832723
147.215271,3.391945,0.192919,2.355186,0.007326,-0.832723
147.228241,3.347988,0.183151,2.355186,0.021978,-0.832723
147.241592,3.274727,0.163614,2.355186,0.007326,-0.832723
147.253799,3.157509,0.100122,2.355186,0.007326,-0.827839
147.266006,3.054947,0.051283,2.355186,0.021978,-0.832723
147.277451,2.981686,0.012211,2.355186,0.021978,-0.832723
147.289276,2.923080,-0.100122,2.355186,0.021978,-0.832723
147.298813,2.615387,-0.236875,2.355186,0.021978,-0.827839
147.307587,2.380955,-0.368742,2.355567,0.021978,-0.827839
147.315979,2.219780,-0.481074,2.355567,0.007326,-0.827839
147.323608,2.014652,-0.598290,2.355567,0.036631,-0.827839
147.330475,1.838829,-0.642246,2.355567,0.036631,-0.818070
147.335815,1.531137,-0.612943,2.355567,0.007326,-0.813187
147.340012,1.208794,-0.642246,2.355567,0.021978,-0.813187
147.342682,0.901100,-0.656898,2.355949,0.036631,-0.813187
147.345352,0.725277,-0.652015,2.355949,0.036631,-0.803419
147.346497,0.476192,-0.593407,2.356330,0.051283,-0.788767
147.346878,0.227108,-0.549451,2.356330,0.051283,-0.778998
147.346497,0.036633,-0.500610,2.356712,0.051283,-0.764347
147.345352,-0.124542,-0.446886,2.357093,0.095238,-0.754579
147.343826,-0.256411,-0.398046,2.357475,0.080585,-0.739926
147.342682,-0.315018,-0.354091,2.357475,0.065933,-0.730159
147.341537,-0.329670,-0.261294,2.357856,0.065933,-0.730159
147.339630,-0.432234,-0.158731,2.357856,0.065933,-0.730159
147.337723,-0.432234,-0.095238,2.357856,0.036631,-0.739926
147.335815,-0.476191,-0.036630,2.357856,-0.007328,-0.749695
147.335052,-0.315018,0.012211,2.357856,0.021978,-0.764347
147.335052,-0.124542,0.061050,2.357856,0.007326,-0.774115
147.334671,-0.080585,0.148963,2.358238,0.007326,-0.778998
147.334671,-0.080585,0.227107,2.358238,0.021978,-0.778998
147.334671,-0.021978,0.271063,2.358238,0.021978,-0.778998
147.335052,0.065935,0.300367,2.358238,0.021978,-0.778998
147.336197,0.168499,0.315019,2.358619,0.021978,-0.778998
147.337341,0.241760,0.339439,2.358619,0.036631,-0.774115
147.338486,0.256413,0.344323,2.358619,0.036631,-0.774115
147.340012,0.329672,0.295483,2.358619,0.007326,-0.769231
147.341537,0.388281,0.261295,2.358619,-0.007328,-0.769231
147.343445,0.388281,0.227107,2.358619,0.007326,-0.774115
147.344971,0.402931,0.188035,2.358619,0.007326,-0.774115
147.346115,0.300367,0.168499,2.358619,0.007326,-0.778998
147.346878,0.256413,0.114775,2.358619,0.007326,-0.774115
147.348022,0.271065,0.070819,2.358619,0.007326,-0.774115
147.348785,0.197803,0.051283,2.358619,0.021978,-0.769231
147.348404,0.036633,0.031747,2.358619,0.021978,-0.764347
147.348404,-0.007326,-0.012210,2.358619,0.007326,-0.759462
147.348404,0.007328,-0.046398,2.359000,0.036631,-0.754579
147.348022,-0.021978,-0.070818,2.359000,0.036631,-0.749695
147.348022,-0.065933,-0.100122,2.359000,0.007326,-0.744811
147.347641,-0.080585,-0.119658,2.359000,0.007326,-0.749695
147.346878,-0.109890,-0.129426,2.359000,0.007326,-0.754579
147.346115,-0.183149,-0.119658,2.359000,0.021978,-0.754579
147.344971,-0.227106,-0.105006,2.359000,0.021978,-0.749695
147.344208,-0.241758,-0.095238,2.359382,0.021978,-0.744811
147.343826,-0.153847,-0.095238,2.359382,0.036631,-0.739926
147.343826,-0.051283,-0.080586,2.359382,0.036631,-0.730159
147.344208,0.021980,-0.056166,2.359763,0.051283,-0.720390
147.343826,-0.036631,-0.021978,2.359763,0.051283,-0.710623
147.343826,-0.051283,0.002442,2.360145,0.080585,-0.705739
147.343826,0.007328,0.017095,2.360526,0.065933,-0.691087
147.344208,0.007328,0.031747,2.360526,0.051283,-0.681318
147.344589,0.051285,0.046398,2.360908,0.080585,-0.681318
147.344589,0.051285,0.056167,2.360908,0.051283,-0.676435
147.344971,0.051285,0.065935,2.361289,0.051283,-0.681318
147.344971,0.021980,0.075703,2.361289,0.036631,-0.686203
147.344971,-0.007326,0.070819,2.361289,0.036631,-0.695971
147.344971,-0.021978,0.056167,2.361289,0.007326,-0.705739
147.344971,0.007328,0.041514,2.361289,0.021978,-0.710623
147.344971,0.007328,0.031747,2.361289,0.007326,-0.720390
147.344971,-0.007326,0.017095,2.361289,0.007326,-0.720390
147.344971,-0.021978,0.002442,2.361289,0.021978,-0.720390
147.344589,-0.036631,-0.012210,2.361289,0.021978,-0.720390
147.344589,-0.036631,-0.017094,2.361289,-0.007328,-0.720390
147.344589,-0.036631,-0.021978,2.361289,0.021978,-0.720390
147.344208,-0.036631,-0.021978,2.361289,0.021978,-0.720390
147.344589,0.007328,-0.021978,2.361289,0.021978,-0.715507
147.344589,-0.007326,-0.012210,2.361289,0.021978,-0.715507
147.344589,-0.007326,0.002442,2.361289,-0.007328,-0.720390
147.344589,-0.021978,0.017095,2.361289,0.007326,-0.720390
147.344589,-0.021978,0.031747,2.361289,0.007326,-0.715507
147.344589,-0.007326,0.046398,2.361289,0.007326,-0.715507
147.344589,-0.021978,0.056167,2.361289,0.007326,-0.715507
147.344589,-0.007326,0.065935,2.361289,-0.007328,-0.715507
147.344589,0.007328,0.075703,2.361289,0.021978,-0.715507
147.344589,0.007328,0.080586,2.361289,0.007326,-0.715507
147.344589,0.007328,0.080586,2.361289,0.007326,-0.710623
147.344589,0.007328,0.080586,2.361289,-0.007328,-0.715507
147.344589,-0.007326,0.075703,2.361289,0.007326,-0.715507
147.344589,-0.021978,0.065935,2.361289,0.021978,-0.710623
147.344589,-0.007326,0.056167,2.361289,0.007326,-0.710623
147.344589,-0.036631,0.046398,2.361289,0.007326,-0.710623
147.344589,-0.007326,0.041514,2.361289,0.021978,-0.710623
147.344589,-0.007326,0.036631,2.361289,0.036631,-0.710623
147.344589,-0.007326,0.026863,2.361289,-0.007328,-0.710623
147.344589,-0.007326,0.026863,2.361289,0.007326,-0.710623
147.344589,-0.021978,0.021978,2.361289,0.007326,-0.715507
147.344589,-0.007326,0.017095,2.361289,0.021978,-0.715507
147.344589,-0.007326,0.017095,2.361289,0.007326,-0.715507
147.344589,-0.007326,0.017095,2.361289,0.007326,-0.715507
147.344589,0.007328,0.017095,2.361289,0.007326,-0.720390
147.344589,-0.007326,0.017095,2.361289,0.021978,-0.720390
147.344589,-0.007326,0.017095,2.361289,0.021978,-0.720390
147.344589,-0.007326,0.012211,2.361289,-0.007328,-0.720390
147.344589,0.007328,0.012211,2.361289,0.007326,-0.725275
147.344589,0.007328,0.012211,2.361289,0.007326,-0.725275
147.344589,0.007328,0.012211,2.361289,0.021978,-0.730159
147.344589,-0.007326,0.007326,2.361289,0.007326,-0.725275
147.344589,-0.007326,0.007326,2.361289,-0.007328,-0.725275
147.344589,-0.007326,0.007326,2.361289,0.007326,-0.725275
147.344589,-0.007326,0.012211,2.361289,0.021978,-0.725275
147.344589,-0.021978,0.012211,2.361289,-0.007328,-0.720390
147.344589,-0.007326,0.017095,2.361289,0.007326,-0.720390
147.344589,-0.007326,0.017095,2.361289,-0.007328,-0.720390
147.344589,-0.007326,0.021978,2.361289,0.021978,-0.720390
147.344589,0.007328,0.026863,2.361289,0.021978,-0.720390
147.344589,0.007328,0.026863,2.361289,0.007326,-0.720390
147.344589,-0.007326,0.031747,2.361289,0.007326,-0.720390
147.344589,-0.007326,0.036631,2.361289,0.007326,-0.720390
147.344589,-0.007326,0.041514,2.361289,0.007326,-0.720390
147.344589,-0.021978,0.041514,2.361289,0.007326,-0.715507
147.344589,-0.007326,0.046398,2.361289,0.021978,-0.715507
147.344589,-0.007326,0.046398,2.361289,0.007326,-0.710623
147.344589,-0.007326,0.046398,2.361289,0.007326,-0.715507
147.344589,-0.007326,0.046398,2.361289,0.007326,-0.715507
147.344589,-0.007326,0.051283,2.361289,0.007326,-0.710623
147.344589,-0.007326,0.051283,2.361289,0.007326,-0.705739
147.344589,0.007328,0.046398,2.361289,0.007326,-0.710623
147.344589,-0.007326,0.046398,2.361289,0.007326,-0.710623
147.344589,-0.021978,0.046398,2.361289,0.007326,-0.710623
147.344589,-0.021978,0.046398,2.361289,0.007326,-0.710623
147.344589,-0.007326,0.041514,2.361289,0.021978,-0.715507
147.344589,-0.007326,0.041514,2.361289,0.021978,-0.710623
147.344589,0.007328,0.036631,2.361289,-0.007328,-0.710623
147.344589,-0.021978,0.036631,2.361289,0.007326,-0.715507
147.344589,-0.007326,0.036631,2.361289,0.007326,-0.715507
147.344589,-0.007326,0.036631,2.361289,0.007326,-0.710623
147.344589,0.007328,0.031747,2.361289,0.007326,-0.710623
147.344589,-0.021978,0.031747,2.361289,0.007326,-0.710623
147.344589,-0.007326,0.026863,2.361289,-0.007328,-0.715507
147.344589,-0.007326,0.026863,2.361289,0.007326,-0.720390
147.344589,0.007328,0.026863,2.361289,0.021978,-0.715507
147.344589,-0.007326,0.021978,2.361289,0.007326,-0.715507
147.344589,-0.007326,0.021978,2.361289,0.007326,-0.715507
147.344589,-0.007326,0.021978,2.361289,0.021978,-0.720390
147.344589,-0.007326,0.021978,2.361289,0.007326,-0.720390
147.344589,-0.007326,0.021978,2.361289,0.007326,-0.725275
147.344589,-0.007326,0.017095,2.361289,0.007326,-0.725275
147.344589,-0.007326,0.017095,2.361289,0.007326,-0.720390
147.344589,-0.007326,0.017095,2.361289,0.007326,-0.720390
147.344589,-0.007326,0.017095,2.361289,0.007326,-0.725275
147.344589,0.007328,0.026863,2.361289,0.021978,-0.725275
147.344971,0.021980,0.056167,2.361289,0.007326,-0.720390
147.344971,0.036633,0.109891,2.361289,-0.007328,-0.720390
147.345352,0.051285,0.168499,2.361289,0.007326,-0.725275
147.345734,0.095240,0.256411,2.361289,0.007326,-0.725275
147.346878,0.197803,0.334555,2.361289,0.007326,-0.725275
147.348022,0.285717,0.407815,2.361289,-0.007328,-0.720390
147.349167,0.271065,0.481075,2.361289,0.007326,-0.720390
147.350693,0.300367,0.485959,2.361289,0.007326,-0.715507
147.352600,0.446888,0.476191,2.361289,0.021978,-0.715507
147.355270,0.549452,0.481075,2.361289,0.007326,-0.710623
147.357941,0.608061,0.559219,2.361289,0.007326,-0.710623
147.360992,0.739929,0.598291,2.361671,0.021978,-0.710623
147.365189,0.901100,0.617827,2.361289,-0.007328,-0.705739
147.369003,0.930405,0.637363,2.361289,0.007326,-0.710623
147.373581,1.076925,0.637363,2.361289,0.007326,-0.710623
147.378922,1.223446,0.612944,2.361289,0.007326,-0.710623
147.384644,1.311357,0.603175,2.361289,0.007326,-0.710623
147.390366,1.399269,0.656899,2.361289,0.007326,-0.705739
147.396851,1.545790,0.686203,2.361289,0.007326,-0.710623
147.404099,1.692310,0.691088,2.361289,0.007326,-0.710623
147.411728,1.838829,0.686203,2.361671,0.007326,-0.710623
147.419739,1.912090,0.720391,2.361289,0.007326,-0.715507
147.428131,2.029305,0.700855,2.361289,0.007326,-0.715507
147.437668,2.190479,0.642247,2.361289,-0.007328,-0.715507
147.446823,2.307693,0.671551,2.361289,0.007326,-0.715507
147.456741,2.410259,0.656899,2.361289,0.021978,-0.715507
147.467422,2.556778,0.632479,2.361289,0.007326,-0.715507
147.477722,2.571430,0.617827,2.361289,0.007326,-0.715507
147.489166,2.732601,0.578755,2.361289,0.007326,-0.715507
147.500992,2.864471,0.554335,2.361289,0.021978,-0.720390
147.512817,2.952381,0.525031,2.361289,0.007326,-0.720390
147.525406,3.010990,0.515263,2.361289,-0.007328,-0.720390
147.537613,3.084251,0.500611,2.361289,0.007326,-0.725275
147.550964,3.186813,0.485959,2.361289,0.007326,-0.720390
147.564316,3.274727,0.481075,2.361289,0.007326,-0.725275
147.578049,3.377293,0.481075,2.361289,0.007326,-0.725275
147.591782,3.391945,0.485959,2.361289,0.007326,-0.720390
147.605515,3.435898,0.456656,2.361289,0.007326,-0.720390
147.619629,3.494507,0.407815,2.361289,0.007326,-0.720390
147.634125,3.523811,0.393163,2.361289,0.007326,-0.720390
147.648239,3.538464,0.368743,2.361289,0.007326,-0.720390
147.662735,3.567768,0.334555,2.361289,0.007326,-0.725275
147.677231,3.611725,0.295483,2.361289,0.007326,-0.725275
147.691727,3.597073,0.275947,2.361289,0.007326,-0.725275
147.705841,3.553116,0.256411,2.361289,0.007326,-0.720390
147.719955,3.523811,0.236875,2.361289,-0.007328,-0.720390
147.734070,3.567768,0.207571,2.361289,0.007326,-0.720390
147.748566,3.538464,0.207571,2.361289,0.007326,-0.725275
147.762299,3.479855,0.207571,2.361289,0.007326,-0.725275
147.776031,3.435898,0.188035,2.361289,-0.007328,-0.725275
147.789764,3.465202,0.178267,2.361289,0.021978,-0.720390
147.803879,3.479855,0.163614,2.361671,0.021978,-0.720390
147.817230,3.450550,0.178267,2.361289,0.007326,-0.715507
147.830963,3.421246,0.212455,2.361289,-0.007328,-0.715507
147.844696,3.421246,0.212455,2.361289,0.021978,-0.720390
147.858429,3.435898,0.222223,2.361289,0.007326,-0.715507
147.871780,3.377293,0.261295,2.361289,0.021978,-0.715507
147.885132,3.304031,0.271063,2.361289,0.021978,-0.715507
147.898102,3.289379,0.290599,2.361289,0.007326,-0.710623
147.911453,3.333336,0.285715,2.361289,0.007326,-0.710623
147.924805,3.304031,0.324787,2.361289,0.007326,-0.715507
147.937775,3.289379,0.324787,2.361289,0.007326,-0.715507
147.951126,3.289379,0.339439,2.361289,0.021978,-0.715507
147.964859,3.362640,0.315019,2.361289,-0.007328,-0.715507
147.978210,3.391945,0.315019,2.361289,0.007326,-0.715507
147.991943,3.391945,0.324787,2.361289,0.007326,-0.715507
148.005295,3.362640,0.256411,2.361289,0.007326,-0.710623
148.018265,3.333336,0.197803,2.361289,0.007326,-0.710623
148.031998,3.274727,0.158731,2.361289,-0.007328,-0.715507
148.044968,3.274727,0.114775,2.361289,0.007326,-0.715507
148.057175,3.172161,0.075703,2.361289,0.007326,-0.715507
148.069382,3.069599,0.046398,2.361289,0.007326,-0.715507
148.081207,3.025642,0.017095,2.361289,0.007326,-0.715507
148.093033,3.010990,-0.119658,2.361289,0.007326,-0.715507
148.102951,2.673996,-0.295483,2.361289,0.007326,-0.710623
148.112106,2.395607,-0.446886,2.361289,0.007326,-0.715507
148.120499,2.234432,-0.578754,2.361289,-0.007328,-0.715507
148.127747,1.985350,-0.666667,2.361289,0.007326,-0.715507
148.133850,1.706961,-0.720390,2.361289,0.007326,-0.715507
148.139191,1.487181,-0.754579,2.361289,0.021978,-0.710623
148.143387,1.223446,-0.754579,2.361289,0.007326,-0.705739
148.146057,0.857145,-0.759462,2.361289,0.007326,-0.705739
148.147202,0.549452,-0.725275,2.361289,-0.007328,-0.705739
148.147964,0.358976,-0.686203,2.361289,0.007326,-0.710623
148.147964,0.124544,-0.627595,2.361671,0.007326,-0.710623
148.147583,-0.021978,-0.554335,2.361289,0.007326,-0.705739
148.146820,-0.124542,-0.476191,2.361289,0.007326,-0.700854
148.145676,-0.256411,-0.393163,2.361289,0.021978,-0.700854
148.143768,-0.373627,-0.315019,2.361289,0.021978,-0.700854
148.142624,-0.329670,-0.227106,2.361289,-0.007328,-0.695971
148.141098,-0.402931,-0.119658,2.361289,-0.007328,-0.700854
148.139191,-0.402931,-0.061050,2.361289,-0.007328,-0.710623
148.138428,-0.300365,0.007326,2.361289,-0.021980,-0.720390
148.137283,-0.271063,0.134311,2.361289,0.007326,-0.725275
148.136902,-0.212454,0.207571,2.361289,0.007326,-0.730159
148.136902,-0.080585,0.271063,2.361289,-0.007328,-0.730159
148.137283,0.036633,0.334555,2.361289,0.007326,-0.730159
148.138046,0.095240,0.388279,2.361289,0.036631,-0.730159
148.138809,0.168499,0.402931,2.361671,0.021978,-0.730159
148.140335,0.315020,0.378511,2.361671,0.007326,-0.730159
148.142242,0.388281,0.368743,2.361671,0.007326,-0.730159
148.143768,0.388281,0.329671,2.361671,0.007326,-0.730159
148.146057,0.490845,0.271063,2.361289,0.007326,-0.725275
148.148346,0.534800,0.212455,2.361671,0.007326,-0.725275
148.150253,0.476192,0.183151,2.361289,0.007326,-0.720390
148.151016,0.402931,0.144079,2.361289,-0.007328,-0.715507
148.152924,0.358976,0.085470,2.361289,0.007326,-0.715507
148.153687,0.271065,0.051283,2.361289,0.007326,-0.715507
148.154831,0.315020,0.002442,2.361289,0.007326,-0.710623
148.156357,0.285717,-0.031746,2.361289,-0.007328,-0.705739
148.156357,0.124544,-0.051282,2.361289,0.021978,-0.705739
148.155975,-0.007326,-0.095238,2.361289,0.007326,-0.705739
148.155975,-0.007326,-0.153846,2.361671,0.007326,-0.700854
148.155594,-0.036631,-0.183150,2.361671,0.007326,-0.700854
148.155212,-0.080585,-0.202686,2.361671,0.007326,-0.695971
148.154831,-0.109890,-0.202686,2.361289,-0.007328,-0.695971
148.153687,-0.197802,-0.188034,2.361289,0.007326,-0.695971
148.152542,-0.256411,-0.163614,2.361671,0.007326,-0.695971
148.151016,-0.344322,-0.148962,2.361289,0.007326,-0.695971
148.150253,-0.241758,-0.144078,2.361671,0.007326,-0.695971
148.149872,-0.212454,-0.109890,2.361289,0.007326,-0.700854
148.148346,-0.315018,-0.070818,2.361289,0.007326,-0.700854
148.147583,-0.241758,-0.056166,2.361289,0.007326,-0.700854
148.147583,-0.109890,-0.046398,2.361289,0.007326,-0.700854
148.147583,-0.036631,-0.017094,2.361289,0.007326,-0.700854
148.147202,-0.051283,0.017095,2.361289,0.007326,-0.705739
148.147202,-0.065933,0.041514,2.361671,0.007326,-0.705739
148.147583,0.007328,0.061050,2.361289,0.007326,-0.700854
148.147964,0.051285,0.085470,2.361289,-0.007328,-0.700854
148.147964,0.080587,0.109891,2.361671,0.021978,-0.705739
148.148727,0.080587,0.129427,2.361289,0.007326,-0.700854
148.148727,0.065935,0.134311,2.361289,0.007326,-0.705739
148.149109,0.051285,0.134311,2.361289,0.007326,-0.710623
148.149109,0.007328,0.119658,2.361289,0.007326,-0.715507
148.149109,0.007328,0.095239,2.361289,0.007326,-0.710623
148.149490,0.051285,0.070819,2.361289,0.007326,-0.710623
148.149490,0.007328,0.051283,2.361289,0.007326,-0.710623
148.149109,-0.036631,0.036631,2.361289,0.007326,-0.710623
148.149109,-0.051283,0.017095,2.361289,0.007326,-0.715507
148.148727,-0.080585,0.002442,2.361289,0.007326,-0.715507
148.148346,-0.095238,-0.012210,2.361289,0.007326,-0.720390
148.147964,-0.065933,-0.021978,2.361671,0.007326,-0.720390
148.147964,-0.021978,-0.021978,2.361289,0.007326,-0.715507
148.147964,-0.021978,-0.012210,2.361289,0.007326,-0.720390
148.147964,-0.021978,0.007326,2.361289,0.021978,-0.720390
148.147964,-0.021978,0.021978,2.361289,-0.007328,-0.720390
148.147964,-0.021978,0.036631,2.361671,0.007326,-0.720390
148.147964,-0.007326,0.051283,2.361289,-0.007328,-0.720390
148.147964,0.007328,0.070819,2.361671,0.021978,-0.720390
148.148346,0.021980,0.085470,2.361671,0.007326,-0.720390
148.148346,0.021980,0.095239,2.361289,0.007326,-0.715507
148.148346,0.021980,0.100122,2.361671,0.007326,-0.715507
148.148727,0.036633,0.100122,2.361289,0.007326,-0.710623
148.148727,0.007328,0.095239,2.361289,0.007326,-0.710623
148.148346,-0.036631,0.075703,2.361671,0.007326,-0.705739
148.148727,0.007328,0.056167,2.361289,0.007326,-0.705739
148.148727,-0.007326,0.041514,2.361671,0.021978,-0.700854
148.148727,-0.021978,0.026863,2.361289,-0.007328,-0.700854
148.148346,-0.021978,0.007326,2.361289,0.007326,-0.700854
148.148346,-0.036631,-0.007326,2.361289,0.007326,-0.700854
148.148346,-0.036631,-0.012210,2.361289,0.007326,-0.700854
148.147964,-0.021978,-0.017094,2.361289,0.007326,-0.695971
148.147964,-0.021978,-0.017094,2.361289,0.021978,-0.691087
148.148346,-0.007326,-0.012210,2.361671,0.021978,-0.691087
148.148346,-0.007326,0.002442,2.361289,0.007326,-0.695971
148.148346,-0.007326,0.017095,2.361289,0.007326,-0.700854
148.147964,-0.021978,0.031747,2.361671,0.021978,-0.700854
148.148346,0.007328,0.041514,2.361289,0.007326,-0.700854
148.148346,-0.007326,0.056167,2.361671,0.007326,-0.700854
148.148346,0.007328,0.065935,2.361289,0.007326,-0.700854
148.148346,0.007328,0.070819,2.361289,0.007326,-0.705739
148.148346,0.007328,0.075703,2.361289,-0.007328,-0.705739
148.148346,-0.007326,0.075703,2.361289,0.007326,-0.705739
148.148346,-0.007326,0.070819,2.361289,0.007326,-0.710623
148.148346,-0.007326,0.061050,2.361289,0.007326,-0.705739
148.148346,-0.021978,0.056167,2.361671,0.007326,-0.705739
148.148346,-0.021978,0.046398,2.361289,0.007326,-0.710623
148.148346,-0.007326,0.041514,2.361289,0.007326,-0.710623
148.148346,-0.007326,0.031747,2.361671,0.007326,-0.710623
148.148346,-0.021978,0.026863,2.361289,0.007326,-0.705739
148.148346,-0.007326,0.026863,2.361289,0.007326,-0.705739
148.148346,-0.007326,0.026863,2.361289,-0.007328,-0.705739
148.148346,-0.021978,0.026863,2.361289,0.021978,-0.710623
148.148346,-0.021978,0.031747,2.361289,0.007326,-0.710623
148.147964,-0.021978,0.031747,2.361289,0.007326,-0.710623
148.148346,-0.007326,0.036631,2.361289,0.007326,-0.715507
148.148346,-0.007326,0.041514,2.361289,0.007326,-0.715507
148.148346,0.007328,0.046398,2.361671,0.007326,-0.715507
148.148346,0.007328,0.046398,2.361289,0.007326,-0.710623
148.148346,0.007328,0.046398,2.361289,0.007326,-0.710623
148.148346,-0.007326,0.046398,2.361289,0.007326,-0.710623
148.148346,-0.007326,0.046398,2.361289,0.007326,-0.710623
148.148346,-0.007326,0.041514,2.361289,0.007326,-0.710623
148.148346,-0.021978,0.036631,2.361289,0.021978,-0.710623
148.148346,0.007328,0.031747,2.361289,0.007326,-0.710623
148.148346,-0.007326,0.026863,2.361289,0.007326,-0.710623
148.148346,-0.007326,0.021978,2.361289,0.021978,-0.710623
148.148346,-0.021978,0.021978,2.361289,0.007326,-0.710623
148.148346,0.007328,0.021978,2.361289,0.021978,-0.710623
148.148346,-0.021978,0.021978,2.361289,0.007326,-0.705739
148.148346,-0.007326,0.026863,2.361671,0.007326,-0.705739
148.148346,-0.007326,0.031747,2.361289,0.007326,-0.700854
148.148346,-0.007326,0.031747,2.361289,0.007326,-0.700854
148.148346,-0.021978,0.036631,2.361289,0.007326,-0.705739
148.148346,-0.021978,0.041514,2.361289,0.007326,-0.700854
148.148346,-0.007326,0.046398,2.361289,0.021978,-0.700854
148.148346,0.007328,0.075703,2.361289,0.007326,-0.695971
148.148727,0.051285,0.129427,2.361671,0.007326,-0.695971
148.149490,0.095240,0.192919,2.361289,0.021978,-0.700854
148.149872,0.095240,0.261295,2.361289,0.007326,-0.700854
148.150635,0.153849,0.339439,2.361671,0.021978,-0.700854
148.152161,0.315020,0.412699,2.361289,0.007326,-0.695971
148.153687,0.315020,0.481075,2.361289,0.007326,-0.695971
148.155212,0.388281,0.495728,2.361289,0.007326,-0.700854
148.157120,0.432236,0.520147,2.361289,0.007326,-0.700854
148.159027,0.432236,0.515263,2.361289,0.007326,-0.700854
148.162079,0.578756,0.529915,2.361671,0.007326,-0.700854
148.165894,0.813189,0.564103,2.361671,-0.007328,-0.700854
148.170090,0.945057,0.622711,2.361289,0.007326,-0.700854
148.173904,0.974361,0.642247,2.361289,0.007326,-0.705739
148.178482,1.062273,0.686203,2.361289,0.007326,-0.710623
148.183823,1.194141,0.700855,2.361289,0.007326,-0.705739
148.188019,1.369965,0.691088,2.361289,0.007326,-0.705739
148.196793,1.560442,0.705739,2.361289,0.007326,-0.705739
148.204041,1.692310,0.759463,2.361671,0.007326,-0.705739
148.211288,1.780222,0.749695,2.361289,0.007326,-0.705739
148.219681,1.926743,0.705739,2.361671,0.021978,-0.705739
148.228073,2.073261,0.715508,2.361289,0.007326,-0.705739
148.237610,2.234432,0.705739,2.361671,0.007326,-0.700854
148.247910,2.410259,0.676435,2.361289,-0.007328,-0.695971
148.258209,2.527473,0.666667,2.361289,0.007326,-0.705739
148.268890,2.630039,0.652016,2.361289,-0.007328,-0.705739
148.280334,2.747253,0.627595,2.361289,0.007326,-0.705739
148.291779,2.820515,0.583639,2.361289,0.007326,-0.705739
148.303986,2.923080,0.549451,2.361289,0.007326,-0.700854
148.316193,3.025642,0.525031,2.361289,0.007326,-0.705739
148.329163,3.113556,0.510379,2.361289,0.021978,-0.705739
148.341751,3.157509,0.515263,2.361289,0.007326,-0.705739
148.355103,3.260075,0.515263,2.361289,-0.007328,-0.705739
148.368835,3.362640,0.510379,2.361289,0.007326,-0.705739
148.382950,3.450550,0.481075,2.361289,0.007326,-0.705739
148.396683,3.450550,0.471307,2.361671,0.021978,-0.700854
148.410797,3.465202,0.437119,2.361289,0.007326,-0.695971
148.425293,3.509159,0.383395,2.361289,0.007326,-0.695971
148.439789,3.611725,0.339439,2.361289,0.021978,-0.695971
148.454285,3.626373,0.310135,2.361289,0.007326,-0.695971
148.468781,3.655678,0.285715,2.361289,-0.007328,-0.691087
148.483658,3.655678,0.251527,2.361289,0.007326,-0.691087
148.498535,3.699635,0.222223,2.361289,0.021978,-0.691087
148.512650,3.626373,0.217339,2.361289,0.021978,-0.686203
148.527145,3.567768,0.222223,2.361289,0.007326,-0.686203
148.540878,3.523811,0.192919,2.361289,0.021978,-0.681318
148.554993,3.494507,0.178267,2.361289,0.007326,-0.681318
148.568726,3.450550,0.168499,2.361289,-0.007328,-0.681318
148.582077,3.377293,0.163614,2.361289,0.007326,-0.681318
148.595810,3.391945,0.144079,2.361289,0.007326,-0.681318
148.609161,3.391945,0.148963,2.361289,0.021978,-0.681318
148.623276,3.435898,0.153847,2.361289,0.021978,-0.676435
148.636627,3.421246,0.158731,2.361289,0.007326,-0.676435
148.650360,3.391945,0.178267,2.361289,-0.007328,-0.676435
148.664093,3.391945,0.188035,2.361289,0.007326,-0.681318
148.677826,3.391945,0.197803,2.361289,0.021978,-0.681318
148.691177,3.391945,0.227107,2.361289,-0.007328,-0.686203
148.705292,3.435898,0.236875,2.361289,0.021978,-0.686203
148.719025,3.465202,0.236875,2.361289,-0.007328,-0.686203
148.733521,3.494507,0.266179,2.361289,0.007326,-0.686203
148.746490,3.377293,0.290599,2.361289,0.021978,-0.691087
148.759079,3.245422,0.300367,2.361289,0.007326,-0.691087
148.772049,3.201466,0.271063,2.361289,0.007326,-0.691087
148.784256,3.172161,0.188035,2.361289,0.007326,-0.691087
148.796463,3.054947,0.139194,2.361289,-0.007328,-0.691087
148.807526,2.864471,0.105007,2.361289,-0.007328,-0.686203
148.818207,2.747253,0.046398,2.361289,0.007326,-0.686203
148.829651,2.791210,-0.119658,2.361289,0.007326,-0.686203
148.839951,2.688644,-0.266178,2.361289,0.007326,-0.686203
148.849869,2.571430,-0.383394,2.361289,-0.007328,-0.686203
148.859024,2.366302,-0.495727,2.361289,0.007326,-0.681318
148.866653,2.087914,-0.573871,2.361289,0.007326,-0.681318
148.873901,1.897438,-0.637362,2.361289,0.007326,-0.681318
148.880005,1.677658,-0.676435,2.361289,0.007326,-0.676435
148.884201,1.326010,-0.695971,2.361289,0.021978,-0.676435
148.887634,1.032969,-0.720390,2.361289,0.007326,-0.671551
148.890305,0.813189,-0.686203,2.361289,-0.007328,-0.671551
148.892212,0.622713,-0.666667,2.361289,0.007326,-0.671551
148.892975,0.329672,-0.608059,2.361289,0.007326,-0.671551
148.892593,0.109892,-0.529915,2.361289,0.007326,-0.671551
148.892212,-0.007326,-0.495727,2.361289,0.021978,-0.671551
148.891830,-0.109890,-0.456655,2.361289,0.007326,-0.666667
148.890686,-0.197802,-0.388278,2.361289,0.007326,-0.661782
148.889923,-0.227106,-0.295483,2.361289,-0.007328,-0.666667
148.888397,-0.329670,-0.202686,2.361289,0.007326,-0.671551
148.886871,-0.315018,-0.139194,2.361289,0.007326,-0.676435
148.885727,-0.315018,-0.080586,2.361289,-0.007328,-0.676435
148.884964,-0.256411,-0.021978,2.361289,0.007326,-0.676435
148.884583,-0.153847,0.017095,2.361289,0.007326,-0.676435
148.884583,-0.095238,0.070819,2.361289,0.007326,-0.681318
148.883820,-0.109890,0.139194,2.361289,0.007326,-0.681318
148.883820,-0.065933,0.192919,2.361289,0.007326,-0.676435
148.883820,0.007328,0.227107,2.361289,0.007326,-0.676435
148.884583,0.080587,0.256411,2.361289,0.007326,-0.676435
148.884964,0.109892,0.275947,2.361289,0.021978,-0.676435
148.885727,0.153849,0.280830,2.361289,0.007326,-0.671551
148.887253,0.271065,0.261295,2.361289,-0.007328,-0.671551
148.889160,0.358976,0.236875,2.361289,0.007326,-0.671551
148.890305,0.315020,0.246643,2.361289,0.007326,-0.671551
148.891449,0.315020,0.212455,2.361289,0.007326,-0.671551
148.892975,0.344324,0.178267,2.361289,0.021978,-0.666667
148.894119,0.300367,0.153847,2.361289,0.007326,-0.666667
148.895264,0.300367,0.100122,2.361289,0.007326,-0.671551
148.896790,0.329672,0.065935,2.361289,0.007326,-0.666667
148.897552,0.241760,0.056167,2.361289,-0.007328,-0.666667
148.897934,0.168499,0.036631,2.361289,0.007326,-0.666667
148.898315,0.095240,0.007326,2.361289,0.021978,-0.666667
148.898315,0.021980,-0.021978,2.361289,0.007326,-0.661782
148.898315,0.021980,-0.061050,2.361289,0.007326,-0.656898
148.898315,0.036633,-0.105006,2.361289,0.007326,-0.661782
148.898315,0.007328,-0.139194,2.361289,0.007326,-0.661782
148.898315,-0.021978,-0.163614,2.361289,0.007326,-0.666667
148.897934,-0.036631,-0.183150,2.361289,0.007326,-0.666667
148.897552,-0.095238,-0.192918,2.361289,0.007326,-0.661782
148.896790,-0.139194,-0.183150,2.361289,0.007326,-0.656898
148.896027,-0.183149,-0.188034,2.361289,0.007326,-0.661782
148.895645,-0.168499,-0.197803,2.361289,-0.007328,-0.661782
148.895645,-0.095238,-0.192918,2.361289,0.021978,-0.661782
148.895264,-0.065933,-0.173382,2.361289,0.021978,-0.656898
148.895264,-0.021978,-0.153846,2.361289,0.007326,-0.656898
148.895645,0.051285,-0.129426,2.361289,0.021978,-0.656898
148.896027,0.051285,-0.100122,2.361289,0.007326,-0.656898
148.896027,-0.007326,-0.070818,2.361289,-0.007328,-0.656898
148.896027,-0.007326,-0.056166,2.361289,0.007326,-0.661782
148.896027,0.007328,-0.041514,2.361289,0.007326,-0.661782
148.896027,-0.007326,-0.031746,2.361289,0.007326,-0.661782
148.896027,0.021980,-0.017094,2.361289,0.007326,-0.661782
148.896408,0.051285,-0.007326,2.361289,-0.007328,-0.661782
148.896790,0.036633,-0.002442,2.361289,-0.007328,-0.671551
148.896408,-0.007326,0.002442,2.361289,-0.007328,-0.676435
148.896408,-0.007326,-0.002442,2.361289,0.007326,-0.676435
148.896408,-0.007326,-0.007326,2.361289,0.007326,-0.676435
148.896408,-0.021978,-0.021978,2.361289,-0.007328,-0.676435
148.896408,0.007328,-0.031746,2.361289,-0.007328,-0.676435
148.896408,-0.007326,-0.041514,2.361289,0.007326,-0.681318
148.896408,0.007328,-0.046398,2.361289,0.007326,-0.681318
148.896790,-0.007326,-0.056166,2.361289,0.007326,-0.681318
148.896408,-0.007326,-0.065934,2.361289,0.007326,-0.681318
148.896408,-0.007326,-0.070818,2.361289,0.007326,-0.686203
148.896027,-0.036631,-0.075702,2.361289,0.007326,-0.686203
148.896027,-0.036631,-0.080586,2.361289,0.007326,-0.681318
148.896027,-0.021978,-0.085470,2.361289,0.007326,-0.681318
148.896027,-0.007326,-0.080586,2.361289,0.021978,-0.681318
148.896027,0.021980,-0.080586,2.361289,0.007326,-0.681318
148.896027,0.007328,-0.070818,2.361289,0.007326,-0.676435
148.896027,0.007328,-0.061050,2.361289,0.007326,-0.676435
148.896027,-0.007326,-0.056166,2.361289,0.007326,-0.676435
148.896408,0.007328,-0.046398,2.361289,0.007326,-0.671551
148.896408,0.007328,-0.041514,2.361289,0.007326,-0.671551
148.896027,-0.007326,-0.036630,2.361289,0.007326,-0.671551
148.896027,-0.021978,-0.031746,2.361289,0.021978,-0.671551
148.896027,-0.021978,-0.031746,2.361289,0.021978,-0.661782
148.896027,-0.007326,-0.031746,2.361289,-0.007328,-0.661782
148.896408,-0.007326,-0.031746,2.361289,-0.007328,-0.661782
148.896408,-0.007326,-0.031746,2.361289,0.007326,-0.666667
148.896408,0.007328,-0.026862,2.361289,0.021978,-0.666667
148.896408,-0.007326,-0.031746,2.361289,0.007326,-0.661782
148.896408,0.007328,-0.036630,2.361289,0.007326,-0.661782
148.896408,0.007328,-0.036630,2.361289,0.007326,-0.656898
148.896027,-0.021978,-0.041514,2.361289,-0.007328,-0.656898
148.896027,-0.021978,-0.046398,2.361289,0.007326,-0.656898
148.896027,-0.007326,-0.051282,2.361289,0.007326,-0.661782
148.896027,-0.021978,-0.056166,2.361289,0.007326,-0.656898
148.896408,0.007328,-0.056166,2.361289,-0.007328,-0.656898
148.896027,-0.007326,-0.061050,2.361289,0.007326,-0.656898
148.896027,-0.007326,-0.061050,2.361289,0.007326,-0.656898
148.896027,-0.007326,-0.065934,2.361289,0.007326,-0.656898
148.896027,-0.021978,-0.065934,2.361289,0.007326,-0.661782
148.896027,-0.007326,-0.065934,2.361289,0.007326,-0.661782
148.896027,0.007328,-0.065934,2.361289,0.007326,-0.661782
148.896027,-0.021978,-0.065934,2.361289,0.007326,-0.666667
148.896027,-0.007326,-0.065934,2.361289,0.021978,-0.666667
148.896027,-0.007326,-0.061050,2.361289,0.007326,-0.656898
148.896027,-0.021978,-0.061050,2.361289,-0.021980,-0.666667
148.896027,-0.007326,-0.061050,2.361289,0.007326,-0.671551
148.896027,0.007328,-0.056166,2.361289,0.021978,-0.671551
148.896408,0.007328,-0.056166,2.361289,0.007326,-0.671551
148.896027,-0.007326,-0.051282,2.361289,0.007326,-0.671551
148.896027,-0.007326,-0.051282,2.361289,0.007326,-0.671551
148.896408,-0.007326,-0.051282,2.361289,0.021978,-0.676435
148.896027,-0.021978,-0.046398,2.361289,0.007326,-0.676435
148.896027,-0.007326,-0.046398,2.361289,0.007326,-0.681318
148.896408,0.007328,-0.046398,2.361289,0.007326,-0.681318
148.896408,-0.007326,-0.046398,2.361289,0.007326,-0.681318
148.896027,0.007328,-0.051282,2.361289,0.021978,-0.681318
148.896027,-0.007326,-0.051282,2.361289,0.007326,-0.681318
148.896027,-0.007326,-0.051282,2.361289,0.007326,-0.681318
148.896408,-0.007326,-0.056166,2.361289,0.007326,-0.686203
148.896408,-0.007326,-0.056166,2.361289,0.007326,-0.681318
148.896027,-0.007326,-0.061050,2.361289,0.007326,-0.686203
148.896027,-0.007326,-0.065934,2.361289,0.021978,-0.681318
148.896027,-0.021978,-0.070818,2.361289,0.007326,-0.681318
148.896027,0.007328,-0.070818,2.361289,0.007326,-0.676435
148.896027,-0.007326,-0.075702,2.361289,0.007326,-0.676435
148.896027,-0.007326,-0.075702,2.361289,-0.007328,-0.671551
148.896027,-0.021978,-0.075702,2.361289,0.021978,-0.671551
148.896027,-0.021978,-0.075702,2.361289,0.007326,-0.666667
148.896027,0.007328,-0.075702,2.361289,0.007326,-0.666667
148.896027,-0.021978,-0.075702,2.361289,0.021978,-0.666667
148.896027,-0.007326,-0.070818,2.361289,0.007326,-0.661782
148.896027,0.007328,-0.070818,2.361289,0.007326,-0.656898
148.896027,-0.021978,-0.070818,2.361289,0.007326,-0.661782
148.896027,-0.021978,-0.065934,2.361289,-0.007328,-0.661782
148.896408,-0.007326,-0.065934,2.361289,0.021978,-0.661782
148.896408,0.007328,-0.061050,2.361289,0.007326,-0.661782
148.896027,-0.007326,-0.056166,2.361289,-0.007328,-0.656898
148.896027,-0.007326,-0.056166,2.361289,0.007326,-0.661782
148.896027,0.007328,-0.051282,2.361289,0.021978,-0.661782
148.896408,-0.007326,-0.051282,2.361289,0.007326,-0.656898
148.896408,-0.007326,-0.046398,2.361289,0.007326,-0.656898
148.896027,-0.021978,-0.046398,2.361289,0.021978,-0.661782
148.896408,0.007328,-0.041514,2.361289,-0.007328,-0.661782
148.896408,0.007328,-0.041514,2.361289,0.021978,-0.661782
148.896408,-0.021978,-0.041514,2.361289,0.007326,-0.661782
148.896408,-0.007326,-0.036630,2.361289,0.007326,-0.661782
148.896408,-0.007326,-0.036630,2.361289,-0.007328,-0.666667
148.896027,-0.021978,-0.036630,2.361289,0.007326,-0.666667
148.896408,-0.007326,-0.036630,2.361289,0.007326,-0.666667
148.896408,-0.007326,-0.036630,2.361289,0.007326,-0.666667
148.896408,-0.007326,-0.041514,2.361289,0.007326,-0.666667
148.896027,-0.007326,-0.041514,2.361289,0.007326,-0.666667
148.896408,0.007328,-0.046398,2.361289,0.007326,-0.671551
148.896027,-0.007326,-0.046398,2.361289,0.021978,-0.671551
148.896027,-0.007326,-0.051282,2.361289,0.007326,-0.671551
148.896027,-0.021978,-0.051282,2.361289,0.007326,-0.671551
148.896027,-0.007326,-0.051282,2.361289,0.007326,-0.676435
148.896027,-0.007326,-0.061050,2.361289,0.007326,-0.676435
148.896027,-0.007326,-0.061050,2.361289,-0.007328,-0.671551
148.896408,-0.007326,-0.065934,2.361289,-0.007328,-0.676435
148.896027,-0.021978,-0.070818,2.361289,0.007326,-0.676435
148.896027,-0.021978,-0.070818,2.361289,0.007326,-0.681318
148.896027,-0.007326,-0.051282,2.361289,0.007326,-0.676435
148.896408,0.036633,0.007326,2.361289,0.007326,-0.676435
148.896790,0.051285,0.046398,2.361289,0.007326,-0.676435
148.897171,0.080587,0.109891,2.361289,0.007326,-0.681318
148.898697,0.271065,0.188035,2.361289,0.021978,-0.676435
148.901367,0.461540,0.300367,2.361289,0.007326,-0.676435
148.903275,0.446888,0.427351,2.361289,0.007326,-0.676435
148.904419,0.388281,0.510379,2.361289,0.021978,-0.671551
148.905945,0.344324,0.539683,2.361289,0.021978,-0.671551
148.907852,0.461540,0.525031,2.361289,0.007326,-0.666667
148.910522,0.578756,0.549451,2.361289,0.021978,-0.666667
148.914337,0.798536,0.603175,2.361289,0.007326,-0.666667
148.919296,1.032969,0.652016,2.361289,0.007326,-0.661782
148.923874,1.120880,0.686203,2.361289,0.007326,-0.661782
148.928833,1.194141,0.759463,2.361289,0.021978,-0.661782
148.934937,1.340660,0.774116,2.361289,-0.007328,-0.656898
148.941040,1.487181,0.759463,2.361289,0.007326,-0.656898
148.948288,1.648354,0.754580,2.361289,-0.007328,-0.656898
148.956299,1.882786,0.769232,2.361289,0.021978,-0.661782
148.964691,2.014652,0.788767,2.361289,0.007326,-0.661782
148.973465,2.131870,0.764347,2.361289,0.007326,-0.656898
148.983383,2.249084,0.735044,2.361289,-0.007328,-0.652015
148.993301,2.424911,0.720391,2.361289,-0.007328,-0.652015
149.003983,2.571430,0.666667,2.361289,0.007326,-0.647131
149.015045,2.717949,0.637363,2.361289,-0.007328,-0.647131
149.026489,2.805862,0.617827,2.361289,-0.007328,-0.647131
149.038696,2.879124,0.588523,2.361289,0.007326,-0.647131
149.050140,2.923080,0.554335,2.361289,0.007326,-0.652015
149.063110,3.054947,0.525031,2.361289,-0.007328,-0.647131
149.076080,3.201466,0.525031,2.361289,0.007326,-0.647131
149.089813,3.304031,0.529915,2.361289,0.007326,-0.647131
149.103165,3.333336,0.539683,2.361289,-0.007328,-0.647131
149.116898,3.391945,0.510379,2.361289,0.007326,-0.647131
149.131012,3.465202,0.446887,2.361289,0.021978,-0.647131
149.145508,3.553116,0.407815,2.361289,0.007326,-0.642246
149.159622,3.553116,0.388279,2.361289,-0.007328,-0.642246
149.174118,3.567768,0.358974,2.361289,0.007326,-0.642246
149.188614,3.597073,0.319902,2.361289,0.007326,-0.637362
149.203110,3.597073,0.295483,2.361289,0.021978,-0.637362
149.217224,3.597073,0.251527,2.361289,0.007326,-0.637362
149.232101,3.582420,0.217339,2.361289,-0.021980,-0.637362
149.246216,3.597073,0.192919,2.361289,0.007326,-0.637362
149.260330,3.567768,0.192919,2.361289,0.021978,-0.637362
149.274445,3.523811,0.192919,2.361289,0.007326,-0.632479
149.288177,3.450550,0.183151,2.361289,0.007326,-0.632479
149.301910,3.450550,0.153847,2.360908,0.007326,-0.632479
149.316025,3.465202,0.148963,2.361289,0.007326,-0.632479
149.330139,3.509159,0.139194,2.361289,0.007326,-0.632479
149.343872,3.494507,0.139194,2.361289,0.007326,-0.632479
149.357986,3.465202,0.158731,2.361289,-0.021980,-0.627595
149.371719,3.450550,0.183151,2.361289,0.007326,-0.632479
149.385452,3.435898,0.192919,2.361289,0.007326,-0.632479
149.398804,3.391945,0.202686,2.361289,0.007326,-0.627595
149.412537,3.421246,0.222223,2.361289,0.007326,-0.627595
149.426270,3.406593,0.222223,2.361289,0.007326,-0.627595
149.440384,3.465202,0.236875,2.361289,-0.007328,-0.627595
149.454117,3.465202,0.148963,2.360908,0.021978,-0.627595
149.466705,3.260075,0.090355,2.361289,0.007326,-0.627595
149.477768,2.952381,0.051283,2.361289,0.007326,-0.622710
149.488449,2.747253,0.002442,2.361289,0.007326,-0.627595
149.498749,2.615387,-0.197803,2.361289,0.007326,-0.627595
149.508286,2.512821,-0.398046,2.361289,-0.007328,-0.622710
149.517822,2.410259,-0.500610,2.361289,0.007326,-0.622710
149.526215,2.263737,-0.622710,2.361289,0.021978,-0.622710
149.533844,2.014652,-0.686203,2.361289,0.021978,-0.617826
149.539566,1.692310,-0.710623,2.361289,0.007326,-0.612943
149.544525,1.413921,-0.754579,2.361289,0.007326,-0.612943
149.548340,1.135532,-0.788767,2.361289,0.021978,-0.617826
149.551392,0.871796,-0.798534,2.361289,0.007326,-0.617826
149.553299,0.666668,-0.735043,2.360908,-0.007328,-0.612943
149.554443,0.388281,-0.671551,2.360908,0.007326,-0.612943
149.554443,0.139196,-0.583638,2.361289,0.007326,-0.612943
149.553680,-0.007326,-0.525030,2.361289,0.021978,-0.612943
149.553299,-0.065933,-0.456655,2.361289,0.007326,-0.608059
149.552536,-0.183149,-0.383394,2.361289,0.021978,-0.608059
149.550629,-0.329670,-0.285714,2.361289,0.007326,-0.608059
149.549484,-0.344322,-0.207570,2.361289,0.007326,-0.608059
149.548721,-0.212454,-0.148962,2.361289,0.007326,-0.608059
149.548340,-0.124542,-0.090354,2.361289,0.007326,-0.612943
149.548721,-0.007326,-0.031746,2.360908,-0.007328,-0.612943
149.549103,0.007328,0.046398,2.360908,0.007326,-0.612943
149.548721,-0.051283,0.124542,2.360908,0.007326,-0.617826
149.548340,-0.065933,0.173383,2.361289,0.007326,-0.617826
149.548340,0.007328,0.197803,2.361289,0.007326,-0.617826
149.549103,0.109892,0.212455,2.361289,0.021978,-0.612943
149.550629,0.241760,0.227107,2.361289,0.007326,-0.608059
149.551773,0.300367,0.251527,2.361289,-0.007328,-0.608059
149.553299,0.315020,0.256411,2.361289,-0.007328,-0.608059
149.554825,0.344324,0.236875,2.361289,0.007326,-0.608059
149.555969,0.315020,0.231991,2.361289,-0.007328,-0.603174
149.556732,0.241760,0.192919,2.361289,-0.007328,-0.603174
149.557877,0.315020,0.134311,2.361289,0.007326,-0.608059
149.559402,0.329672,0.100122,2.361289,0.021978,-0.608059
149.560547,0.271065,0.070819,2.360908,-0.007328,-0.603174
149.561310,0.212456,0.046398,2.361289,0.021978,-0.603174
149.561691,0.153849,0.017095,2.360908,0.007326,-0.603174
149.561691,0.021980,-0.012210,2.361289,0.007326,-0.603174
149.560928,-0.065933,-0.056166,2.361289,0.007326,-0.603174
149.561310,0.021980,-0.119658,2.361289,0.021978,-0.603174
149.561691,0.036633,-0.153846,2.361289,0.021978,-0.603174
149.561691,-0.007326,-0.168498,2.361289,0.007326,-0.603174
149.561310,-0.051283,-0.188034,2.361289,-0.007328,-0.603174
149.560928,-0.065933,-0.197803,2.360908,0.007326,-0.608059
149.560547,-0.080585,-0.192918,2.361289,0.007326,-0.612943
149.559402,-0.197802,-0.178267,2.361289,0.007326,-0.608059
149.558258,-0.285715,-0.163614,2.361289,0.007326,-0.608059
149.557114,-0.271063,-0.168498,2.361289,0.007326,-0.608059
149.556732,-0.212454,-0.168498,2.360908,0.007326,-0.603174
149.555969,-0.153847,-0.139194,2.360908,-0.007328,-0.608059
149.555206,-0.183149,-0.100122,2.360908,0.021978,-0.612943
149.554062,-0.271063,-0.070818,2.361289,0.021978,-0.608059
149.553680,-0.212454,-0.070818,2.361289,0.021978,-0.603174
149.553680,-0.065933,-0.070818,2.361289,0.021978,-0.603174
149.554062,0.036633,-0.056166,2.361289,-0.007328,-0.603174
149.554062,0.021980,-0.026862,2.361289,0.007326,-0.603174
149.554062,0.007328,0.002442,2.361289,0.007326,-0.608059
149.554062,-0.021978,0.021978,2.360908,-0.007328,-0.608059
149.554062,-0.007326,0.041514,2.361289,0.007326,-0.608059
149.554062,-0.021978,0.051283,2.361289,0.021978,-0.608059
149.554062,0.007328,0.065935,2.361289,0.007326,-0.603174
149.554062,0.007328,0.075703,2.361289,0.007326,-0.598290
149.554443,0.036633,0.080586,2.361289,0.021978,-0.603174
149.554443,0.021980,0.090355,2.361289,0.007326,-0.603174
149.554825,0.036633,0.095239,2.360908,0.021978,-0.603174
149.554825,0.007328,0.100122,2.360908,0.007326,-0.603174
149.554825,-0.007326,0.100122,2.361289,0.007326,-0.603174
149.554825,-0.007326,0.090355,2.361289,0.007326,-0.603174
149.554443,-0.007326,0.075703,2.361289,-0.007328,-0.603174
149.554443,-0.007326,0.070819,2.361289,0.007326,-0.608059
149.554443,-0.007326,0.056167,2.361289,0.007326,-0.612943
149.554443,-0.021978,0.046398,2.361289,0.007326,-0.612943
149.554443,-0.007326,0.036631,2.361289,0.007326,-0.612943
149.554443,-0.021978,0.026863,2.361289,-0.007328,-0.612943
149.554443,-0.021978,0.017095,2.361289,0.007326,-0.617826
149.554443,-0.021978,0.007326,2.361289,0.007326,-0.612943
149.554443,-0.007326,-0.002442,2.361289,0.021978,-0.612943
149.554443,-0.007326,-0.012210,2.361289,-0.007328,-0.612943
149.554443,-0.007326,-0.017094,2.361289,0.007326,-0.612943
149.554443,-0.007326,-0.021978,2.361289,0.007326,-0.612943
149.554062,-0.021978,-0.021978,2.360908,-0.007328,-0.612943
149.554062,-0.007326,-0.021978,2.361289,0.007326,-0.612943
149.554443,0.007328,-0.021978,2.361289,-0.007328,-0.612943
149.554443,-0.007326,-0.021978,2.361289,0.007326,-0.612943
149.554443,0.007328,-0.021978,2.361289,0.007326,-0.612943
149.554443,0.007328,-0.021978,2.360908,-0.007328,-0.608059
149.554062,-0.007326,-0.017094,2.361289,-0.007328,-0.612943
149.554443,-0.007326,-0.017094,2.361289,0.007326,-0.612943
149.554443,0.007328,-0.012210,2.361289,0.021978,-0.612943
149.554443,-0.007326,-0.007326,2.360908,-0.007328,-0.608059
149.554443,0.007328,-0.007326,2.361289,0.007326,-0.608059
149.554443,-0.007326,-0.002442,2.361289,0.007326,-0.608059
149.554062,-0.007326,-0.002442,2.360908,-0.007328,-0.608059
149.554062,-0.007326,0.007326,2.360908,0.021978,-0.608059
149.554443,-0.007326,0.007326,2.361289,0.021978,-0.608059
149.554443,0.007328,0.012211,2.360908,-0.007328,-0.598290
149.554443,0.021980,0.012211,2.361289,0.021978,-0.603174
149.554443,-0.021978,0.012211,2.361289,0.007326,-0.608059
149.554443,-0.021978,0.012211,2.361289,0.007326,-0.603174
149.554443,0.007328,0.017095,2.361289,0.007326,-0.603174
149.554443,-0.007326,0.017095,2.361289,0.007326,-0.603174
149.554443,-0.021978,0.017095,2.361289,0.007326,-0.608059
149.554443,-0.007326,0.017095,2.361289,0.007326,-0.603174
149.554443,-0.007326,0.021978,2.361289,0.007326,-0.603174
149.554443,-0.007326,0.021978,2.360908,0.007326,-0.608059
149.554443,-0.021978,0.021978,2.361289,0.007326,-0.608059
149.554443,0.007328,0.021978,2.361289,0.007326,-0.603174
149.554443,-0.007326,0.021978,2.361289,0.007326,-0.603174
149.554443,-0.007326,0.021978,2.360908,0.007326,-0.603174
149.554443,-0.021978,0.021978,2.361289,0.007326,-0.603174
149.554443,-0.021978,0.021978,2.361289,0.021978,-0.608059
149.554443,-0.007326,0.021978,2.360908,0.007326,-0.603174
149.554443,-0.007326,0.017095,2.361289,-0.007328,-0.608059
149.554062,-0.036631,0.017095,2.361289,0.007326,-0.612943
149.554443,-0.021978,0.012211,2.360908,0.021978,-0.612943
149.554443,-0.007326,0.007326,2.361289,0.007326,-0.612943
149.554443,-0.007326,0.002442,2.361289,0.007326,-0.612943
149.554443,-0.007326,-0.002442,2.360908,-0.007328,-0.612943
149.554062,-0.021978,-0.007326,2.361289,-0.007328,-0.612943
149.554443,-0.007326,-0.007326,2.360908,0.007326,-0.612943
149.554443,0.007328,-0.012210,2.360908,0.007326,-0.617826
149.554443,-0.007326,-0.012210,2.361289,0.021978,-0.617826
149.554443,-0.007326,-0.017094,2.360908,-0.007328,-0.617826
149.554443,-0.007326,-0.017094,2.361289,0.007326,-0.622710
149.554062,-0.021978,-0.021978,2.361289,0.007326,-0.622710
149.554062,-0.021978,-0.021978,2.361289,-0.007328,-0.617826
149.554443,-0.007326,-0.021978,2.361289,0.007326,-0.617826
149.554062,-0.007326,-0.021978,2.361289,0.007326,-0.617826
149.554062,-0.007326,-0.021978,2.361289,0.007326,-0.617826
149.554443,0.021980,-0.017094,2.361289,0.021978,-0.612943
149.554062,-0.036631,-0.017094,2.360908,0.007326,-0.612943
149.554443,-0.007326,-0.007326,2.361289,0.007326,-0.612943
149.554062,-0.007326,-0.002442,2.361289,0.007326,-0.612943
149.554443,-0.021978,0.002442,2.361289,0.007326,-0.612943
149.554062,-0.007326,0.007326,2.361289,0.007326,-0.608059
149.554443,-0.007326,0.012211,2.361289,0.007326,-0.608059
149.554443,-0.007326,0.017095,2.361289,0.007326,-0.608059
149.554443,0.007328,0.017095,2.361289,0.007326,-0.603174
149.554443,-0.007326,0.021978,2.361289,0.007326,-0.603174
149.554443,-0.007326,0.021978,2.361289,-0.007328,-0.603174
149.554443,-0.007326,0.026863,2.361289,0.021978,-0.603174
149.554443,-0.007326,0.026863,2.361289,0.007326,-0.603174
149.554443,-0.007326,0.031747,2.361289,0.007326,-0.603174
149.554443,-0.007326,0.036631,2.360908,-0.007328,-0.603174
149.554443,-0.007326,0.036631,2.361289,0.021978,-0.603174
149.554443,0.007328,0.036631,2.361289,-0.007328,-0.598290
149.554443,0.007328,0.036631,2.361289,0.007326,-0.603174
149.554443,-0.021978,0.041514,2.361289,0.007326,-0.603174
149.554443,-0.007326,0.041514,2.361289,0.007326,-0.603174
149.554443,-0.007326,0.036631,2.361289,-0.007328,-0.603174
149.554443,-0.007326,0.036631,2.361289,0.007326,-0.603174
149.554443,-0.007326,0.031747,2.361289,0.007326,-0.608059
149.554443,-0.007326,0.026863,2.361289,0.007326,-0.608059
149.554443,-0.007326,0.021978,2.361289,0.007326,-0.603174
149.554443,-0.021978,0.017095,2.360908,-0.007328,-0.603174
149.554443,-0.007326,0.012211,2.361289,0.007326,-0.608059
149.554443,-0.007326,0.007326,2.361289,-0.007328,-0.608059
149.554443,-0.007326,0.002442,2.361289,0.007326,-0.608059
149.554443,-0.021978,-0.002442,2.361289,0.007326,-0.608059
149.554443,-0.007326,-0.007326,2.361289,-0.007328,-0.608059
149.554443,0.007328,-0.012210,2.361289,-0.007328,-0.617826
149.554443,0.007328,-0.012210,2.361289,-0.007328,-0.612943
149.554062,-0.021978,-0.017094,2.361289,0.007326,-0.612943
149.554443,-0.007326,-0.017094,2.361289,0.021978,-0.612943
149.554443,0.007328,-0.017094,2.361289,0.007326,-0.612943
149.554062,-0.021978,-0.017094,2.361289,0.007326,-0.608059
149.554062,-0.021978,-0.017094,2.361289,0.007326,-0.608059
149.554443,-0.007326,-0.017094,2.360908,0.007326,-0.612943
149.554443,-0.007326,-0.002442,2.361289,0.021978,-0.612943
149.554443,-0.007326,0.021978,2.361289,0.021978,-0.612943
149.554443,0.021980,0.051283,2.361289,0.007326,-0.608059
149.554825,0.036633,0.090355,2.361289,-0.007328,-0.608059
149.554825,0.021980,0.139194,2.361289,-0.007328,-0.612943
149.555588,0.095240,0.183151,2.361289,0.007326,-0.612943
149.556351,0.183151,0.207571,2.361289,0.021978,-0.612943
149.558258,0.344324,0.241758,2.361289,0.007326,-0.608059
149.559784,0.373629,0.315019,2.361289,0.021978,-0.608059
149.560928,0.315020,0.393163,2.360908,0.007326,-0.608059
149.562454,0.329672,0.432235,2.361289,0.007326,-0.603174
149.563599,0.271065,0.485959,2.361289,0.007326,-0.603174
149.565506,0.432236,0.495728,2.361289,0.007326,-0.603174
149.568558,0.608061,0.495728,2.361289,0.007326,-0.603174
149.571991,0.725277,0.515263,2.361289,0.007326,-0.603174
149.575043,0.798536,0.520147,2.361289,0.007326,-0.598290
149.578857,0.857145,0.490843,2.361289,-0.007328,-0.598290
149.583054,0.945057,0.485959,2.361289,0.007326,-0.593407
149.587250,1.047621,0.500611,2.361289,0.007326,-0.593407
149.592590,1.179489,0.515263,2.361289,0.007326,-0.593407
149.597931,1.267401,0.510379,2.360908,-0.007328,-0.593407
149.603653,1.355312,0.515263,2.360908,-0.007328,-0.593407
149.610138,1.531137,0.544567,2.360908,-0.007328,-0.593407
149.617004,1.648354,0.578755,2.360908,0.007326,-0.593407
149.624252,1.706961,0.573872,2.361289,0.007326,-0.588523
149.631882,1.824177,0.603175,2.361289,0.007326,-0.588523
149.640274,2.014652,0.642247,2.361289,0.007326,-0.588523
149.649429,2.146523,0.661783,2.361289,0.007326,-0.588523
149.658966,2.263737,0.652016,2.361289,0.007326,-0.593407
149.668503,2.351650,0.661783,2.360908,-0.007328,-0.593407
149.678421,2.424911,0.647131,2.360908,0.007326,-0.588523
149.688721,2.527473,0.598291,2.360908,0.007326,-0.588523
149.699783,2.644691,0.598291,2.360908,0.021978,-0.588523
149.711609,2.864471,0.573872,2.360908,0.007326,-0.583638
149.724197,3.010990,0.559219,2.360908,0.007326,-0.583638
149.736404,3.040295,0.549451,2.360908,0.007326,-0.588523
149.748993,3.069599,0.529915,2.360908,0.007326,-0.588523
149.761581,3.128208,0.505495,2.360908,0.021978,-0.588523
149.774933,3.245422,0.485959,2.360908,0.021978,-0.583638
149.788284,3.304031,0.481075,2.360908,-0.007328,-0.578754
149.802017,3.391945,0.485959,2.360908,-0.007328,-0.583638
149.816132,3.450550,0.451771,2.360908,0.007326,-0.583638
149.830246,3.494507,0.422467,2.360908,0.007326,-0.578754
149.844360,3.538464,0.388279,2.360908,0.021978,-0.578754
149.858856,3.538464,0.373627,2.360908,0.007326,-0.578754
149.872971,3.553116,0.344323,2.360908,0.007326,-0.573871
149.887466,3.611725,0.300367,2.360908,-0.007328,-0.568987
149.902344,3.655678,0.271063,2.360908,0.007326,-0.573871
149.917221,3.626373,0.246643,2.360908,0.007326,-0.573871
149.931717,3.626373,0.212455,2.360908,-0.007328,-0.573871
149.945831,3.582420,0.192919,2.360908,0.007326,-0.578754
149.959946,3.567768,0.192919,2.360908,0.021978,-0.578754
149.973679,3.479855,0.188035,2.360908,0.007326,-0.573871
149.987030,3.406593,0.178267,2.360908,0.021978,-0.564102
150.000000,3.318684,0.188035,2.360908,0.007326,-0.568987
150.013351,3.318684,0.163614,2.360908,-0.007328,-0.564102
150.027084,3.377293,0.148963,2.360908,0.007326,-0.564102
150.040817,3.435898,0.163614,2.360908,0.007326,-0.568987
150.054932,3.435898,0.168499,2.360908,0.007326,-0.564102
150.068665,3.435898,0.188035,2.360526,-0.007328,-0.564102
150.082397,3.450550,0.212455,2.360908,0.007326,-0.573871
150.096130,3.465202,0.231991,2.360908,-0.007328,-0.578754
150.110626,3.523811,0.222223,2.360908,0.007326,-0.573871
150.125122,3.567768,0.236875,2.360908,0.007326,-0.568987
150.139618,3.597073,0.280830,2.360908,0.021978,-0.568987
150.153351,3.509159,0.329671,2.360908,0.007326,-0.564102
150.166702,3.435898,0.344323,2.360908,0.007326,-0.564102
150.178146,3.362640,0.319902,2.360908,0.021978,-0.559218
150.193405,3.304031,0.261295,2.360908,0.021978,-0.559218
150.205994,3.274727,0.227107,2.360908,0.007326,-0.559218
150.219345,3.289379,0.183151,2.360908,-0.007328,-0.554335
150.231934,3.186813,0.134311,2.360908,-0.007328,-0.559218
150.243759,3.040295,0.085470,2.360526,-0.007328,-0.564102
150.254440,2.820515,0.070819,2.360526,0.021978,-0.564102
150.264740,2.644691,-0.026862,2.360526,0.007326,-0.559218
150.274658,2.556778,-0.207570,2.360526,-0.007328,-0.559218
150.284958,2.556778,-0.388278,2.360526,0.007326,-0.564102
150.294876,2.527473,-0.510379,2.360526,0.021978,-0.559218
150.303650,2.351650,-0.568987,2.360526,0.021978,-0.549451
150.311661,2.117218,-0.603174,2.360526,0.021978,-0.549451
150.318146,1.824177,-0.608059,2.360908,0.007326,-0.544566
150.323486,1.531137,-0.647131,2.360908,0.021978,-0.544566
150.327682,1.208794,-0.661782,2.360526,-0.036633,-0.539682
150.331116,0.989014,-0.656898,2.360526,-0.007328,-0.539682
150.334167,0.827841,-0.598290,2.360526,0.007326,-0.539682
150.336075,0.637363,-0.573871,2.360526,0.007326,-0.539682
150.336838,0.358976,-0.485958,2.360526,0.007326,-0.534799
150.336838,0.109892,-0.417583,2.360526,0.007326,-0.534799
150.336456,-0.036631,-0.412699,2.360526,0.007326,-0.529915
150.335693,-0.065933,-0.383394,2.360526,0.021978,-0.529915
150.335312,-0.095238,-0.329670,2.360526,0.021978,-0.525030
150.334930,-0.095238,-0.256411,2.360526,-0.007328,-0.525030
150.334930,-0.080585,-0.202686,2.360526,0.021978,-0.534799
150.334930,-0.021978,-0.153846,2.360526,-0.007328,-0.534799
150.335693,0.065935,-0.095238,2.360526,-0.021980,-0.539682
150.336075,0.124544,-0.036630,2.360526,0.007326,-0.544566
150.336456,0.095240,0.017095,2.360526,0.007326,-0.549451
150.336838,0.051285,0.100122,2.360526,0.021978,-0.549451
150.336838,0.036633,0.158731,2.360908,0.007326,-0.544566
150.336838,0.007328,0.173383,2.360526,0.007326,-0.539682
150.337219,0.021980,0.173383,2.360526,-0.007328,-0.539682
150.337219,0.065935,0.168499,2.360526,0.007326,-0.544566
150.337982,0.109892,0.163614,2.360526,0.007326,-0.549451
150.338745,0.183151,0.153847,2.360526,0.007326,-0.549451
150.339890,0.212456,0.163614,2.360526,0.021978,-0.549451
150.340271,0.124544,0.173383,2.360526,0.007326,-0.544566
150.340271,0.065935,0.158731,2.360526,0.007326,-0.544566
150.340271,0.007328,0.144079,2.360526,0.007326,-0.539682
150.339890,-0.021978,0.119658,2.360526,-0.007328,-0.544566
150.339890,-0.036631,0.090355,2.360526,0.007326,-0.544566
150.339890,-0.036631,0.065935,2.360526,0.007326,-0.544566
150.339508,-0.036631,0.041514,2.360526,-0.007328,-0.539682
150.339508,-0.021978,0.021978,2.360526,0.007326,-0.544566
150.339508,-0.051283,-0.002442,2.360526,-0.007328,-0.544566
150.339508,-0.036631,-0.017094,2.360526,0.021978,-0.544566
150.339508,-0.021978,-0.031746,2.360526,-0.007328,-0.539682
150.339508,-0.007326,-0.036630,2.360526,0.007326,-0.544566
150.339508,0.007328,-0.041514,2.360526,0.021978,-0.544566
150.339508,-0.007326,-0.041514,2.360526,0.021978,-0.544566
150.339508,-0.007326,-0.041514,2.360526,-0.007328,-0.544566
150.339508,-0.007326,-0.041514,2.360526,0.007326,-0.544566
150.339508,-0.007326,-0.036630,2.360526,0.007326,-0.549451
150.339508,0.007328,-0.036630,2.360526,-0.007328,-0.544566
150.339508,-0.007326,-0.031746,2.360526,-0.007328,-0.549451
150.339508,-0.007326,-0.026862,2.360526,0.021978,-0.549451
150.339508,-0.007326,-0.021978,2.360526,0.007326,-0.544566
150.339508,-0.007326,-0.021978,2.360526,0.021978,-0.539682
150.339508,-0.021978,-0.017094,2.360526,0.021978,-0.544566
150.339508,-0.007326,-0.017094,2.360526,-0.007328,-0.544566
150.339508,0.007328,-0.017094,2.360526,-0.007328,-0.549451
150.339508,-0.021978,-0.017094,2.360526,0.007326,-0.554335
150.339508,-0.007326,-0.017094,2.360526,0.036631,-0.554335
150.339508,-0.007326,-0.017094,2.360526,0.021978,-0.544566
150.339508,-0.007326,-0.012210,2.360526,-0.007328,-0.544566
150.339508,-0.021978,-0.012210,2.360526,0.007326,-0.544566
150.339508,0.007328,-0.012210,2.360526,0.007326,-0.549451
150.339508,-0.007326,-0.007326,2.360526,0.021978,-0.549451
150.339508,-0.007326,-0.002442,2.360526,0.021978,-0.539682
150.339508,-0.007326,-0.002442,2.360526,-0.007328,-0.539682
150.339508,-0.021978,0.002442,2.360526,0.007326,-0.544566
150.339508,-0.007326,0.007326,2.360526,0.007326,-0.549451
150.339508,0.007328,0.012211,2.360526,0.007326,-0.544566
150.339508,-0.007326,0.017095,2.360526,0.007326,-0.544566
150.339508,-0.007326,0.021978,2.360526,0.007326,-0.544566
150.339508,-0.007326,0.021978,2.360526,0.007326,-0.539682
150.339508,-0.007326,0.026863,2.360526,0.007326,-0.539682
150.339508,-0.007326,0.031747,2.360526,0.021978,-0.544566
150.339508,-0.007326,0.036631,2.360526,0.007326,-0.544566
150.339508,-0.007326,0.041514,2.360526,-0.007328,-0.539682
150.339508,-0.021978,0.041514,2.360526,0.021978,-0.544566
150.339508,0.007328,0.041514,2.360526,-0.007328,-0.544566
150.339508,-0.007326,0.041514,2.360526,0.007326,-0.544566
150.339508,-0.007326,0.041514,2.360526,0.036631,-0.544566
150.339508,-0.021978,0.041514,2.360526,-0.007328,-0.539682
150.339508,-0.007326,0.041514,2.360526,-0.007328,-0.539682
150.339508,-0.007326,0.036631,2.360526,0.021978,-0.549451
150.339508,-0.007326,0.036631,2.360526,0.021978,-0.549451
150.339508,0.007328,0.026863,2.360526,0.007326,-0.544566
150.339508,-0.007326,0.026863,2.360526,-0.007328,-0.544566
150.339508,-0.007326,0.017095,2.360526,-0.007328,-0.549451
150.339508,-0.007326,0.012211,2.360526,-0.007328,-0.549451
150.339508,-0.021978,0.002442,2.360526,-0.007328,-0.554335
150.339508,-0.007326,-0.002442,2.360526,-0.007328,-0.549451
150.339508,-0.007326,-0.007326,2.360526,0.021978,-0.549451
150.339508,-0.007326,-0.012210,2.360526,0.007326,-0.549451
150.339508,-0.007326,-0.017094,2.360526,-0.007328,-0.549451
150.339508,0.007328,-0.017094,2.360526,0.007326,-0.549451
150.339508,-0.007326,-0.021978,2.360526,0.007326,-0.549451
150.339508,-0.007326,-0.021978,2.360526,0.007326,-0.544566
150.339508,-0.007326,-0.021978,2.360526,0.007326,-0.544566
150.339508,-0.007326,-0.021978,2.360526,0.007326,-0.544566
150.339508,-0.007326,-0.021978,2.360526,0.007326,-0.544566
150.339508,-0.007326,-0.017094,2.360526,0.007326,-0.544566
150.339508,-0.007326,-0.012210,2.360526,0.007326,-0.544566
150.339508,-0.007326,-0.007326,2.360526,0.021978,-0.549451
150.339508,0.007328,-0.002442,2.360526,0.021978,-0.544566
150.339508,-0.007326,0.007326,2.360526,0.007326,-0.539682
150.339508,-0.007326,0.012211,2.360526,0.007326,-0.539682
150.339508,-0.007326,0.017095,2.360526,0.021978,-0.544566
150.339508,-0.007326,0.021978,2.360526,0.007326,-0.544566
150.339508,-0.007326,0.026863,2.360526,0.007326,-0.544566
150.339508,0.007328,0.031747,2.360526,-0.007328,-0.549451
150.339508,-0.007326,0.036631,2.360526,0.021978,-0.549451
150.339508,-0.007326,0.041514,2.360526,0.021978,-0.549451
150.339508,-0.021978,0.041514,2.360526,-0.007328,-0.544566
150.339508,-0.007326,0.041514,2.360526,0.007326,-0.544566
150.339508,-0.007326,0.046398,2.360526,0.007326,-0.544566
150.339508,-0.007326,0.041514,2.360526,0.007326,-0.544566
150.339508,-0.021978,0.041514,2.360526,0.007326,-0.544566
150.339508,-0.021978,0.041514,2.360526,0.021978,-0.549451
150.339508,-0.007326,0.036631,2.360526,0.007326,-0.544566
150.339508,0.007328,0.031747,2.360526,-0.007328,-0.539682
150.339508,-0.007326,0.026863,2.360526,0.007326,-0.539682
150.339508,0.007328,0.021978,2.360526,0.007326,-0.539682
150.339508,-0.007326,0.017095,2.360526,-0.007328,-0.544566
150.339508,-0.021978,0.012211,2.360526,0.007326,-0.544566
150.339508,-0.007326,0.002442,2.360526,0.007326,-0.549451
150.339508,-0.007326,-0.002442,2.360526,0.021978,-0.544566
150.339508,-0.021978,-0.007326,2.360526,0.007326,-0.544566
150.339508,-0.007326,-0.012210,2.360526,0.007326,-0.544566
150.339508,-0.007326,-0.017094,2.360526,0.021978,-0.549451
150.339508,-0.007326,-0.021978,2.360526,0.007326,-0.549451
150.339508,-0.007326,-0.021978,2.360526,-0.007328,-0.544566
150.339508,-0.007326,-0.026862,2.360526,0.021978,-0.544566
150.339508,-0.007326,-0.026862,2.360526,0.021978,-0.544566
150.339508,-0.007326,-0.026862,2.360526,0.021978,-0.544566
150.339508,-0.007326,-0.026862,2.360526,0.007326,-0.544566
150.339508,-0.007326,-0.026862,2.360526,0.007326,-0.544566
150.339508,-0.007326,-0.021978,2.360526,-0.007328,-0.549451
150.339508,-0.007326,-0.017094,2.360526,0.021978,-0.549451
150.339508,-0.021978,-0.012210,2.360526,0.007326,-0.544566
150.339508,0.007328,-0.007326,2.360526,-0.007328,-0.544566
150.339508,-0.007326,0.002442,2.360526,0.007326,-0.549451
150.339508,-0.007326,0.007326,2.360526,0.036631,-0.549451
150.339508,-0.007326,0.012211,2.360526,0.007326,-0.544566
150.339508,0.007328,0.017095,2.360526,0.021978,-0.549451
150.339508,-0.007326,0.021978,2.360526,0.007326,-0.549451
150.339508,0.007328,0.026863,2.360526,-0.007328,-0.544566
150.339508,0.007328,0.031747,2.360526,0.007326,-0.544566
150.339508,0.007328,0.036631,2.360526,0.007326,-0.544566
150.339508,0.007328,0.041514,2.360526,-0.021980,-0.544566
150.339508,-0.007326,0.041514,2.360526,0.007326,-0.549451
150.339508,-0.007326,0.046398,2.360526,-0.007328,-0.549451
150.339508,-0.021978,0.046398,2.360526,-0.007328,-0.549451
150.339508,-0.007326,0.051283,2.360526,0.021978,-0.554335
150.339508,0.007328,0.051283,2.360526,0.007326,-0.549451
150.339508,-0.007326,0.046398,2.360526,0.007326,-0.549451
150.339508,-0.007326,0.046398,2.360526,0.021978,-0.549451
150.339508,-0.021978,0.046398,2.360526,0.007326,-0.544566
150.339508,-0.021978,0.041514,2.360526,0.007326,-0.544566
150.339508,-0.007326,0.036631,2.360526,0.007326,-0.544566
150.339508,-0.007326,0.031747,2.360526,0.021978,-0.544566
150.339508,-0.007326,0.026863,2.360526,0.021978,-0.549451
150.339508,-0.021978,0.021978,2.360526,0.007326,-0.549451
150.339508,-0.021978,0.017095,2.360526,0.007326,-0.544566
150.339508,-0.007326,0.012211,2.360908,0.021978,-0.549451
150.339508,-0.021978,0.007326,2.360526,0.007326,-0.544566
150.339508,-0.021978,-0.002442,2.360526,0.007326,-0.544566
150.339508,-0.007326,-0.007326,2.360526,0.007326,-0.549451
150.339508,-0.007326,-0.012210,2.360526,-0.007328,-0.544566
150.339508,0.007328,-0.017094,2.360526,0.007326,-0.544566
150.339508,-0.007326,-0.017094,2.360526,0.007326,-0.549451
150.339508,-0.007326,-0.017094,2.360526,0.021978,-0.549451
150.339508,0.007328,-0.017094,2.360526,-0.007328,-0.539682
150.339508,0.007328,-0.017094,2.360526,0.007326,-0.544566
150.339508,-0.007326,-0.012210,2.360526,-0.007328,-0.544566
150.339508,-0.007326,-0.012210,2.360526,-0.007328,-0.544566
150.339508,0.007328,-0.007326,2.360526,0.007326,-0.549451
150.339508,-0.007326,-0.002442,2.360526,0.007326,-0.544566
150.339508,-0.007326,0.002442,2.360526,0.021978,-0.539682
150.339508,-0.007326,0.007326,2.360526,0.021978,-0.544566
150.339508,-0.021978,0.007326,2.360526,0.007326,-0.539682
150.339508,-0.007326,0.012211,2.360526,0.007326,-0.539682
150.339508,-0.007326,0.017095,2.360526,-0.007328,-0.544566
150.339508,-0.007326,0.021978,2.360526,0.007326,-0.544566
150.339508,-0.007326,0.026863,2.360526,0.021978,-0.544566
150.339508,-0.007326,0.026863,2.360526,0.007326,-0.544566
150.339508,-0.007326,0.031747,2.360526,0.007326,-0.549451
150.339508,-0.021978,0.031747,2.360526,0.021978,-0.549451
150.339508,-0.007326,0.031747,2.360526,0.007326,-0.549451
150.339508,-0.007326,0.031747,2.360526,0.007326,-0.544566
150.339508,0.007328,0.031747,2.360526,0.007326,-0.544566
150.339508,-0.007326,0.031747,2.360526,0.021978,-0.549451
150.339508,-0.007326,0.031747,2.360526,0.021978,-0.549451
150.339508,-0.007326,0.031747,2.360526,0.007326,-0.549451
150.339508,-0.021978,0.031747,2.360526,0.007326,-0.549451
150.339508,-0.007326,0.031747,2.360526,0.007326,-0.544566
150.339508,-0.021978,0.026863,2.360526,-0.007328,-0.544566
150.339508,-0.007326,0.026863,2.360526,0.007326,-0.549451
150.339508,-0.007326,0.021978,2.360526,-0.007328,-0.549451
150.339508,-0.007326,0.021978,2.360526,0.007326,-0.549451
150.339508,-0.007326,0.021978,2.360526,0.007326,-0.549451
150.339508,0.007328,0.017095,2.360526,0.007326,-0.549451
150.339508,-0.007326,0.012211,2.360526,-0.007328,-0.549451
150.339508,-0.007326,0.012211,2.360526,0.021978,-0.549451
150.339508,-0.021978,0.012211,2.360526,0.007326,-0.549451
150.339508,-0.007326,0.012211,2.360526,0.021978,-0.549451
150.339508,0.007328,0.012211,2.360526,0.007326,-0.549451
150.339508,0.007328,0.007326,2.360526,-0.007328,-0.544566
150.339508,-0.007326,0.012211,2.360526,-0.007328,-0.549451
150.339508,-0.007326,0.012211,2.360526,0.007326,-0.549451
150.339508,-0.007326,0.012211,2.360526,0.007326,-0.544566
150.339508,0.007328,0.017095,2.360526,0.021978,-0.544566
150.339508,-0.007326,0.017095,2.360526,-0.007328,-0.544566
150.339508,-0.007326,0.017095,2.360526,0.007326,-0.544566
150.339508,-0.021978,0.017095,2.360526,0.007326,-0.549451
150.339508,0.007328,0.017095,2.360526,0.007326,-0.544566
150.339508,-0.036631,0.021978,2.360526,0.007326,-0.544566
150.339508,-0.007326,0.021978,2.360526,0.021978,-0.549451
150.339508,0.021980,0.021978,2.360526,0.007326,-0.544566
150.339508,-0.021978,0.021978,2.360526,-0.007328,-0.539682
150.339508,-0.007326,0.021978,2.360526,0.007326,-0.544566
150.339508,-0.007326,0.026863,2.360526,0.021978,-0.549451
150.339508,-0.021978,0.021978,2.360526,0.021978,-0.544566
150.339508,0.007328,0.021978,2.360526,0.007326,-0.539682
150.339508,-0.007326,0.021978,2.360526,0.007326,-0.544566
150.339508,-0.007326,0.021978,2.360526,0.036631,-0.549451
150.339508,-0.021978,0.021978,2.360526,0.007326,-0.549451
150.339508,-0.007326,0.021978,2.360526,0.007326,-0.549451
150.339508,-0.021978,0.017095,2.360526,0.021978,-0.549451
150.339508,-0.007326,0.017095,2.360526,-0.007328,-0.544566
150.339508,-0.007326,0.017095,2.360908,0.007326,-0.549451
150.339508,-0.007326,0.017095,2.360526,0.007326,-0.549451
150.339508,-0.007326,0.017095,2.360526,0.007326,-0.549451
150.339508,-0.007326,0.012211,2.360526,0.007326,-0.549451
150.339508,-0.007326,0.012211,2.360526,0.007326,-0.549451
150.339508,0.007328,0.012211,2.360526,0.007326,-0.544566
150.339508,-0.021978,0.012211,2.360526,-0.007328,-0.544566
150.339508,-0.007326,0.012211,2.360526,0.007326,-0.544566
150.339508,0.007328,0.012211,2.360526,-0.007328,-0.549451
150.339508,0.007328,0.017095,2.360526,0.021978,-0.549451
150.339508,-0.021978,0.012211,2.360526,0.007326,-0.549451
150.339508,-0.007326,0.012211,2.360526,0.007326,-0.544566
150.339508,-0.007326,0.017095,2.360526,0.007326,-0.544566
150.339508,-0.007326,0.017095,2.360526,0.007326,-0.549451
150.339508,0.007328,0.017095,2.360526,0.007326,-0.544566
150.339508,-0.007326,0.017095,2.360908,0.007326,-0.549451
150.339508,-0.021978,0.021978,2.360526,0.007326,-0.549451
150.339508,-0.007326,0.021978,2.360526,0.007326,-0.549451
150.339508,-0.007326,0.021978,2.360526,0.007326,-0.544566
150.339508,-0.007326,0.026863,2.360526,0.007326,-0.544566
150.339508,0.007328,0.021978,2.360526,-0.007328,-0.544566
150.339508,-0.007326,0.026863,2.360526,-0.007328,-0.544566
150.339508,-0.007326,0.021978,2.360526,0.007326,-0.544566
150.339508,-0.007326,0.021978,2.360526,0.007326,-0.544566
150.339508,-0.007326,0.021978,2.360526,0.007326,-0.544566
150.339508,-0.007326,0.021978,2.360526,0.007326,-0.544566
150.339508,-0.007326,0.026863,2.360526,0.007326,-0.549451
150.339508,-0.007326,0.021978,2.360526,0.007326,-0.544566
150.339508,-0.007326,0.021978,2.360526,0.007326,-0.544566
150.339508,-0.007326,0.021978,2.360526,0.021978,-0.544566
150.339508,-0.021978,0.021978,2.360526,-0.007328,-0.544566
150.339508,-0.021978,0.021978,2.360526,0.021978,-0.549451
150.339508,0.007328,0.017095,2.360526,-0.007328,-0.544566
150.339508,-0.007326,0.017095,2.360526,0.021978,-0.544566
150.339508,-0.021978,0.017095,2.360526,0.007326,-0.544566
150.339508,-0.021978,0.012211,2.360526,0.007326,-0.549451
150.339508,-0.007326,0.012211,2.360526,-0.007328,-0.549451
150.339508,-0.007326,0.012211,2.360526,0.007326,-0.549451
150.339508,-0.007326,0.012211,2.360526,0.007326,-0.549451
150.339508,-0.007326,0.012211,2.360526,-0.007328,-0.544566
150.339508,-0.021978,0.012211,2.360526,0.007326,-0.544566
150.339508,-0.007326,0.012211,2.360526,0.021978,-0.549451
150.339508,-0.007326,0.012211,2.360526,0.007326,-0.549451
150.339508,0.007328,0.012211,2.360526,0.007326,-0.549451
150.339508,-0.007326,0.012211,2.360526,-0.007328,-0.549451
150.339508,-0.007326,0.017095,2.360526,0.007326,-0.549451
150.339508,0.007328,0.017095,2.360526,0.021978,-0.549451
150.339508,-0.007326,0.017095,2.360526,0.007326,-0.549451
150.339508,-0.007326,0.017095,2.360526,0.007326,-0.549451
150.339508,-0.007326,0.017095,2.360526,0.021978,-0.549451
150.339508,-0.007326,0.017095,2.360526,-0.007328,-0.544566
150.339508,-0.007326,0.021978,2.360526,0.021978,-0.544566
150.339508,-0.007326,0.021978,2.360526,0.021978,-0.549451
150.339508,-0.007326,0.021978,2.360526,0.007326,-0.544566
150.339508,-0.007326,0.021978,2.360526,-0.007328,-0.549451
150.339508,-0.021978,0.021978,2.360526,0.021978,-0.549451
150.339508,0.007328,0.026863,2.360526,0.007326,-0.544566
150.339508,-0.007326,0.026863,2.360526,0.021978,-0.549451
150.339508,-0.007326,0.026863,2.360526,0.007326,-0.549451
150.339508,-0.007326,0.026863,2.360526,0.021978,-0.549451
150.339508,-0.007326,0.026863,2.360908,0.007326,-0.544566
150.339508,-0.021978,0.021978,2.360526,0.007326,-0.544566
150.339508,-0.007326,0.021978,2.360526,0.007326,-0.544566
150.339508,-0.007326,0.021978,2.360526,0.007326,-0.544566
150.339508,-0.007326,0.021978,2.360526,0.007326,-0.544566
150.339508,0.007328,0.021978,2.360526,-0.007328,-0.549451
150.339508,-0.007326,0.021978,2.360526,0.007326,-0.549451
150.339508,-0.007326,0.021978,2.360526,-0.007328,-0.544566
150.339508,0.007328,0.017095,2.360526,0.007326,-0.544566
150.339508,-0.021978,0.017095,2.360526,0.007326,-0.549451
150.339508,-0.007326,0.017095,2.360526,0.007326,-0.544566
150.339508,-0.007326,0.017095,2.360526,0.007326,-0.549451
150.339508,-0.007326,0.017095,2.360526,0.021978,-0.549451
150.339508,0.007328,0.017095,2.360526,-0.007328,-0.544566
150.339508,-0.007326,0.017095,2.360526,0.007326,-0.549451
150.339508,-0.007326,0.017095,2.360526,-0.007328,-0.549451
150.339508,0.007328,0.017095,2.360526,0.007326,-0.549451
150.339508,-0.007326,0.017095,2.360526,0.007326,-0.549451
150.339508,-0.021978,0.012211,2.360526,0.007326,-0.544566
150.339508,-0.007326,0.012211,2.360526,-0.007328,-0.539682
150.339508,-0.007326,0.012211,2.360526,-0.007328,-0.544566
150.339508,-0.007326,0.017095,2.360526,0.021978,-0.549451
150.339508,-0.007326,0.012211,2.360526,-0.007328,-0.544566
150.339508,0.007328,0.012211,2.360526,0.021978,-0.549451
150.339508,-0.007326,0.017095,2.360526,0.007326,-0.549451
150.339508,-0.007326,0.017095,2.360526,0.007326,-0.544566
150.339508,-0.007326,0.017095,2.360526,0.007326,-0.544566
150.339508,0.007328,0.017095,2.360526,0.021978,-0.549451
150.339508,0.007328,0.017095,2.360526,0.007326,-0.544566
150.339508,0.007328,0.017095,2.360526,-0.007328,-0.544566
150.339508,-0.007326,0.017095,2.360526,0.007326,-0.549451
150.339508,-0.007326,0.017095,2.360526,0.007326,-0.549451
150.339508,-0.007326,0.017095,2.360526,0.007326,-0.549451
150.339508,-0.007326,0.021978,2.360526,-0.007328,-0.549451
150.339508,-0.007326,0.021978,2.360526,0.007326,-0.544566
150.339508,-0.007326,0.017095,2.360526,0.036631,-0.549451
150.339508,-0.007326,0.021978,2.360526,0.007326,-0.549451
150.339508,-0.007326,0.021978,2.360526,0.007326,-0.544566
150.339508,-0.007326,0.021978,2.360526,0.007326,-0.549451
150.339508,-0.007326,0.021978,2.360908,0.007326,-0.549451
150.339508,0.007328,0.017095,2.360526,0.007326,-0.544566
150.339508,0.007328,0.021978,2.360526,0.007326,-0.544566
150.339508,-0.007326,0.017095,2.360526,0.007326,-0.549451
150.339508,-0.007326,0.021978,2.360526,0.007326,-0.544566
150.339508,-0.007326,0.017095,2.360526,0.021978,-0.544566
150.339508,-0.007326,0.017095,2.360526,0.007326,-0.544566
150.339508,0.007328,0.017095,2.360526,0.007326,-0.544566
150.339508,-0.007326,0.017095,2.360526,0.007326,-0.544566
150.339508,0.007328,0.017095,2.360526,0.007326,-0.544566
150.339508,-0.007326,0.017095,2.360526,0.007326,-0.544566
150.339508,-0.021978,0.017095,2.360526,-0.007328,-0.544566
150.339508,0.007328,0.017095,2.360526,0.021978,-0.544566
150.339508,-0.007326,0.021978,2.360526,-0.007328,-0.544566
150.339508,-0.021978,0.017095,2.360526,0.007326,-0.544566
150.339508,-0.007326,0.017095,2.360526,0.007326,-0.549451
150.339508,0.007328,0.017095,2.360526,0.007326,-0.549451
150.339508,-0.007326,0.021978,2.360526,-0.007328,-0.549451
150.339508,-0.007326,0.017095,2.360526,0.021978,-0.549451
150.339508,-0.007326,0.017095,2.360526,-0.007328,-0.549451
150.339508,-0.007326,0.017095,2.360526,-0.007328,-0.549451
150.339508,0.007328,0.021978,2.360526,0.007326,-0.549451
150.339508,-0.021978,0.021978,2.360526,0.007326,-0.544566
150.339508,-0.021978,0.021978,2.360526,0.021978,-0.544566
150.339508,-0.007326,0.021978,2.360526,0.007326,-0.544566
150.339508,-0.007326,0.021978,2.360526,0.007326,-0.544566
150.339508,-0.007326,0.021978,2.360526,0.021978,-0.549451
150.339508,-0.007326,0.021978,2.360526,0.007326,-0.544566
150.339508,-0.021978,0.021978,2.360526,0.007326,-0.544566
150.339508,-0.007326,0.017095,2.360526,0.007326,-0.544566
150.339508,-0.007326,0.017095,2.360526,0.007326,-0.544566
150.339508,0.007328,0.017095,2.360526,0.021978,-0.544566
150.339508,0.007328,0.017095,2.360526,-0.007328,-0.544566
150.339508,0.007328,0.017095,2.360526,-0.007328,-0.549451
150.339508,-0.007326,0.017095,2.360526,0.007326,-0.549451
150.339508,-0.007326,0.017095,2.360526,0.007326,-0.549451
150.339508,-0.007326,0.017095,2.360526,0.007326,-0.549451
150.339508,0.007328,0.017095,2.360526,0.007326,-0.549451
150.339508,-0.007326,0.017095,2.360526,0.021978,-0.554335
150.339508,-0.007326,0.017095,2.360526,0.007326,-0.549451
150.339508,0.007328,0.017095,2.360526,0.007326,-0.549451
150.339508,0.007328,0.017095,2.360526,0.007326,-0.549451
150.339508,-0.021978,0.017095,2.360526,0.021978,-0.549451
150.339508,0.007328,0.017095,2.360526,0.007326,-0.549451
150.339508,-0.007326,0.017095,2.360908,0.021978,-0.549451
150.339508,0.007328,0.017095,2.360526,0.007326,-0.549451
150.339508,-0.021978,0.017095,2.360526,0.021978,-0.549451
150.339508,-0.007326,0.017095,2.360526,0.007326,-0.549451
150.339508,0.007328,0.017095,2.360526,0.021978,-0.554335
150.339508,0.007328,0.017095,2.360526,0.007326,-0.554335
150.339508,-0.007326,0.017095,2.360526,0.021978,-0.554335
150.339508,-0.007326,0.017095,2.360526,0.007326,-0.554335
150.339508,-0.021978,0.021978,2.360526,-0.007328,-0.544566
150.339508,-0.007326,0.021978,2.360526,0.007326,-0.549451
150.339508,0.007328,0.021978,2.360526,0.007326,-0.549451
150.339508,0.007328,0.021978,2.360526,0.007326,-0.549451
150.339508,-0.007326,0.021978,2.360526,0.007326,-0.549451
150.339508,-0.007326,0.017095,2.360526,-0.007328,-0.549451
150.339508,-0.007326,0.021978,2.360526,0.007326,-0.549451
150.339508,0.007328,0.021978,2.360526,0.007326,-0.549451
150.339508,-0.007326,0.021978,2.360526,-0.007328,-0.549451
150.339508,-0.021978,0.021978,2.360526,0.007326,-0.554335
150.339508,-0.007326,0.021978,2.360526,0.007326,-0.554335
150.339508,-0.021978,0.021978,2.360526,0.007326,-0.549451
150.339508,-0.021978,0.021978,2.360526,0.007326,-0.549451
150.339508,-0.021978,0.021978,2.360526,-0.007328,-0.549451
150.339508,-0.021978,0.017095,2.360526,-0.007328,-0.549451
150.339508,-0.021978,0.017095,2.360526,0.007326,-0.554335
150.339508,0.007328,0.017095,2.360526,0.007326,-0.554335
150.339508,-0.007326,0.017095,2.360526,0.007326,-0.554335
150.339508,-0.007326,0.017095,2.360526,0.007326,-0.549451
150.339508,-0.007326,0.017095,2.360526,0.021978,-0.544566
150.339508,-0.007326,0.017095,2.360526,0.007326,-0.544566
150.339508,-0.007326,0.017095,2.360526,0.007326,-0.549451
150.339508,-0.007326,0.017095,2.360526,0.007326,-0.549451
150.339508,-0.007326,0.017095,2.360526,0.021978,-0.549451
150.339508,-0.007326,0.017095,2.360526,0.007326,-0.549451
150.339508,-0.007326,0.017095,2.360526,0.021978,-0.549451
150.339508,-0.007326,0.017095,2.360526,0.007326,-0.549451
150.339508,-0.021978,0.017095,2.360526,0.021978,-0.549451
150.339508,-0.007326,0.017095,2.360526,0.007326,-0.549451
150.339508,-0.007326,0.017095,2.360526,-0.007328,-0.549451
150.339508,-0.007326,0.017095,2.360526,0.007326,-0.549451
150.339508,-0.021978,0.017095,2.360526,0.007326,-0.549451
150.339508,-0.007326,0.017095,2.360526,0.007326,-0.549451
150.339508,-0.007326,0.021978,2.360526,0.007326,-0.554335
150.339508,0.007328,0.021978,2.360908,-0.007328,-0.554335
150.339508,-0.021978,0.021978,2.360526,0.021978,-0.549451
150.339508,-0.007326,0.021978,2.360526,0.021978,-0.549451
150.339508,0.007328,0.021978,2.360526,0.007326,-0.549451
150.339508,-0.007326,0.021978,2.360526,0.007326,-0.544566
150.339508,-0.007326,0.021978,2.360526,0.007326,-0.549451
150.339508,-0.007326,0.021978,2.360526,0.007326,-0.554335
150.339508,0.007328,0.021978,2.360526,0.007326,-0.554335
150.339508,-0.021978,0.026863,2.360526,-0.007328,-0.554335
150.339508,-0.007326,0.026863,2.360526,0.036631,-0.554335
150.339508,0.007328,0.021978,2.360526,-0.007328,-0.549451
150.339508,-0.007326,0.021978,2.360526,0.007326,-0.549451
150.339508,-0.007326,0.021978,2.360526,0.021978,-0.549451
150.339508,-0.021978,0.021978,2.360526,0.007326,-0.544566
150.339508,-0.007326,0.021978,2.360526,0.021978,-0.549451
150.339508,-0.007326,0.017095,2.360526,0.021978,-0.549451
150.339508,-0.021978,0.017095,2.360526,0.007326,-0.549451
150.339508,-0.007326,0.017095,2.360526,-0.007328,-0.554335
150.339508,-0.007326,0.017095,2.360526,0.007326,-0.559218
150.339508,-0.007326,0.017095,2.360526,0.007326,-0.554335
150.339508,-0.007326,0.017095,2.360526,-0.007328,-0.549451
150.339508,-0.007326,0.017095,2.360526,-0.007328,-0.554335
150.339508,-0.007326,0.017095,2.360526,0.007326,-0.554335
150.339508,-0.007326,0.017095,2.360526,-0.007328,-0.554335
150.339508,-0.007326,0.017095,2.360526,0.007326,-0.554335
150.339508,0.007328,0.017095,2.360526,0.021978,-0.554335
150.339508,-0.007326,0.017095,2.360526,0.021978,-0.549451
150.339508,-0.007326,0.021978,2.360908,0.007326,-0.544566
150.339508,-0.007326,0.021978,2.360526,-0.007328,-0.544566
150.339508,0.007328,0.017095,2.360526,-0.021980,-0.549451
150.339508,-0.021978,0.017095,2.360526,0.021978,-0.554335
150.339508,-0.007326,0.017095,2.360526,-0.007328,-0.549451
150.339508,-0.007326,0.017095,2.360526,-0.007328,-0.549451
150.339508,-0.007326,0.017095,2.360526,0.007326,-0.549451
150.339508,-0.007326,0.017095,2.360526,0.021978,-0.554335
150.339508,-0.007326,0.017095,2.360526,0.007326,-0.549451
150.339508,-0.021978,0.021978,2.360526,0.007326,-0.554335
150.339508,-0.007326,0.021978,2.360526,0.007326,-0.549451
150.339508,-0.007326,0.017095,2.360526,-0.007328,-0.544566
150.339508,-0.007326,0.017095,2.360526,-0.007328,-0.549451
150.339508,-0.007326,0.017095,2.360526,0.007326,-0.554335
150.339508,-0.007326,0.017095,2.360526,0.021978,-0.554335
150.339508,-0.007326,0.017095,2.360526,0.021978,-0.554335
150.339508,-0.007326,0.017095,2.360526,0.007326,-0.549451
150.339508,-0.007326,0.017095,2.360526,0.007326,-0.549451
150.339508,-0.021978,0.017095,2.360526,0.007326,-0.549451
150.339508,0.007328,0.017095,2.360526,0.007326,-0.549451
150.339508,0.007328,0.021978,2.360526,-0.007328,-0.549451
150.339508,-0.007326,0.021978,2.360526,0.007326,-0.549451
150.339508,-0.007326,0.021978,2.360526,0.007326,-0.549451
150.339508,-0.007326,0.017095,2.360526,-0.007328,-0.549451
150.339508,-0.007326,0.017095,2.360526,0.021978,-0.554335
150.339508,-0.007326,0.021978,2.360526,0.007326,-0.549451
150.339508,-0.007326,0.017095,2.360526,0.021978,-0.549451
150.339508,0.007328,0.021978,2.360526,-0.007328,-0.554335
150.339508,-0.007326,0.021978,2.360526,0.007326,-0.554335
150.339508,-0.007326,0.017095,2.360526,0.007326,-0.554335
150.339508,-0.007326,0.017095,2.360526,0.021978,-0.554335
150.339508,-0.007326,0.021978,2.360526,0.007326,-0.549451
150.339508,0.007328,0.017095,2.360526,0.007326,-0.549451
150.339508,-0.021978,0.017095,2.360526,0.007326,-0.549451
150.339508,-0.021978,0.017095,2.360526,-0.007328,-0.549451
150.339508,0.007328,0.017095,2.360526,0.021978,-0.554335
150.339508,-0.007326,0.021978,2.360526,-0.007328,-0.554335
150.339508,-0.007326,0.021978,2.360526,0.021978,-0.554335
150.339508,0.007328,0.021978,2.360526,-0.007328,-0.554335
150.339508,0.007328,0.021978,2.360526,0.007326,-0.554335
150.339508,-0.021978,0.021978,2.360526,-0.007328,-0.549451
150.339508,-0.021978,0.017095,2.360526,0.021978,-0.549451
150.339508,-0.007326,0.017095,2.360526,0.007326,-0.549451
150.339508,-0.007326,0.021978,2.360526,0.007326,-0.549451
150.339508,-0.007326,0.021978,2.360526,-0.007328,-0.554335
150.339508,-0.007326,0.017095,2.360526,0.007326,-0.554335
150.339508,-0.007326,0.017095,2.360526,0.021978,-0.549451
150.339508,-0.007326,0.017095,2.360526,0.007326,-0.549451
150.339508,-0.007326,0.017095,2.360526,0.007326,-0.554335
150.339508,-0.007326,0.017095,2.360526,0.007326,-0.554335
150.339508,0.007328,0.017095,2.360526,-0.007328,-0.554335
150.339508,-0.007326,0.017095,2.360526,0.007326,-0.549451
150.339508,-0.007326,0.017095,2.360526,0.007326,-0.549451
150.339508,-0.021978,0.017095,2.360526,-0.007328,-0.549451
150.339508,-0.007326,0.021978,2.360526,0.021978,-0.549451
150.339508,-0.007326,0.017095,2.360526,-0.007328,-0.549451
150.339508,-0.007326,0.017095,2.360526,0.021978,-0.554335
150.339508,-0.007326,0.021978,2.360526,-0.007328,-0.549451
150.339508,-0.007326,0.021978,2.360526,0.007326,-0.549451
150.339508,-0.007326,0.021978,2.360526,0.021978,-0.554335
